{
"type": "FeatureCollection",
"name": "48220",
"crs": { "type": "name", "properties": { "name": "urn:ogc:def:crs:OGC:1.3:CRS84" } },
"features": [
{ "type": "Feature", "properties": { "emd_cd": "48220101", "emd_nm": "도천동" }, "geometry": { "type": "MultiPolygon", "coordinates": [ [ [ [ 128.418208584765239, 34.839799065068519 ], [ 128.41189886840084, 34.836020596366168 ], [ 128.405878046675582, 34.837045424354635 ], [ 128.406595088081417, 34.839973605506934 ], [ 128.402714969853776, 34.84717809914644 ], [ 128.409041901598528, 34.848976168922285 ], [ 128.412821193540339, 34.844153419768688 ], [ 128.417585962801155, 34.842401805789052 ], [ 128.418208584765239, 34.839799065068519 ] ] ] ] } },
{ "type": "Feature", "properties": { "emd_cd": "48220102", "emd_nm": "서호동" }, "geometry": { "type": "MultiPolygon", "coordinates": [ [ [ [ 128.415833405583271, 34.842450574655487 ], [ 128.420591914000795, 34.845414575145519 ], [ 128.421913216889578, 34.844136294072953 ], [ 128.420013389966641, 34.842881440769226 ], [ 128.421943972736784, 34.839448303018635 ], [ 128.418899088129621, 34.839024855538753 ], [ 128.417032310698801, 34.840936495051629 ], [ 128.417585962801155, 34.842401805789052 ], [ 128.415833405583271, 34.842450574655487 ] ] ] ] } },
{ "type": "Feature", "properties": { "emd_cd": "48220103", "emd_nm": "명정동" }, "geometry": { "type": "MultiPolygon", "coordinates": [ [ [ [ 128.404224266919897, 34.853378712572926 ], [ 128.411278908663434, 34.85990767850474 ], [ 128.414051419436703, 34.859090836265118 ], [ 128.415901343552406, 34.861258912197222 ], [ 128.418041530775497, 34.859247682814924 ], [ 128.416664657962315, 34.858728399507385 ], [ 128.416100039276301, 34.85431999853229 ], [ 128.420022777382457, 34.852572252910974 ], [ 128.420516458611843, 34.850839103444109 ], [ 128.418560543816085, 34.849197554512536 ], [ 128.420591914000795, 34.845414575145519 ], [ 128.418201672392968, 34.843696274188559 ], [ 128.413382859814192, 34.843874083711206 ], [ 128.409041901598528, 34.848976168922285 ], [ 128.404937954958257, 34.848684823066876 ], [ 128.404224266919897, 34.853378712572926 ] ] ] ] } },
{ "type": "Feature", "properties": { "emd_cd": "48220104", "emd_nm": "항남동" }, "geometry": { "type": "MultiPolygon", "coordinates": [ [ [ [ 128.424130047476126, 34.8437213266238 ], [ 128.425183970317477, 34.839552263934209 ], [ 128.42213005843945, 34.838849127108759 ], [ 128.420009744380138, 34.842897675336189 ], [ 128.421270677975372, 34.844305432059876 ], [ 128.424130047476126, 34.8437213266238 ] ] ] ] } },
{ "type": "Feature", "properties": { "emd_cd": "48220105", "emd_nm": "중앙동" }, "geometry": { "type": "MultiPolygon", "coordinates": [ [ [ [ 128.420572962655768, 34.845447754799757 ], [ 128.425263138798016, 34.845604890027467 ], [ 128.4257229929066, 34.844989563767825 ], [ 128.423758917426227, 34.843736727138648 ], [ 128.420525508826643, 34.844279422280273 ], [ 128.420572962655768, 34.845447754799757 ] ] ] ] } },
{ "type": "Feature", "properties": { "emd_cd": "48220106", "emd_nm": "문화동" }, "geometry": { "type": "MultiPolygon", "coordinates": [ [ [ [ 128.424130222006681, 34.845501754250137 ], [ 128.420572962655768, 34.845447754799757 ], [ 128.418580345681505, 34.850110896649795 ], [ 128.424566301703038, 34.850428867832498 ], [ 128.423162603696909, 34.848415159941396 ], [ 128.424130222006681, 34.845501754250137 ] ] ] ] } },
{ "type": "Feature", "properties": { "emd_cd": "48220107", "emd_nm": "태평동" }, "geometry": { "type": "MultiPolygon", "coordinates": [ [ [ [ 128.424130222006681, 34.845501754250137 ], [ 128.424044637251882, 34.850094448523457 ], [ 128.428251531115279, 34.849422081374811 ], [ 128.427740769558994, 34.845652944247398 ], [ 128.424130222006681, 34.845501754250137 ] ] ] ] } },
{ "type": "Feature", "properties": { "emd_cd": "48220108", "emd_nm": "동호동" }, "geometry": { "type": "MultiPolygon", "coordinates": [ [ [ [ 128.425572291963107, 34.844593069815232 ], [ 128.42914644639626, 34.845648145072325 ], [ 128.431247990437043, 34.842283952826691 ], [ 128.43506048233121, 34.841668475488746 ], [ 128.436073926817471, 34.839916863565485 ], [ 128.437836347925725, 34.840609140463137 ], [ 128.441686356834822, 34.840596088937893 ], [ 128.434959757333303, 34.838412501836885 ], [ 128.432992953908894, 34.839503741351216 ], [ 128.433361996985553, 34.838740349560346 ], [ 128.433074966503341, 34.838187359760894 ], [ 128.431894601525357, 34.839558014567046 ], [ 128.430386539441116, 34.837435623184597 ], [ 128.43070058451579, 34.838532129388646 ], [ 128.427511210197878, 34.839555207149935 ], [ 128.426860283148557, 34.844218811404964 ], [ 128.425572291963107, 34.844593069815232 ] ] ] ] } },
{ "type": "Feature", "properties": { "emd_cd": "48220109", "emd_nm": "정량동" }, "geometry": { "type": "MultiPolygon", "coordinates": [ [ [ [ 128.427452604596738, 34.847115886411459 ], [ 128.429320454167254, 34.85067230577738 ], [ 128.440152351483903, 34.854061964649119 ], [ 128.444171056049015, 34.851761781250374 ], [ 128.444213630165024, 34.847463913359078 ], [ 128.448471227813201, 34.846063820128819 ], [ 128.441761639339603, 34.843801047815077 ], [ 128.441136755853279, 34.841774376477474 ], [ 128.433856301392211, 34.844483221389275 ], [ 128.431247990437043, 34.842283952826691 ], [ 128.427452604596738, 34.847115886411459 ] ] ] ] } },
{ "type": "Feature", "properties": { "emd_cd": "48220110", "emd_nm": "북신동" }, "geometry": { "type": "MultiPolygon", "coordinates": [ [ [ [ 128.431759490514764, 34.851886219774983 ], [ 128.427050000677383, 34.849111348577182 ], [ 128.42069316223612, 34.850707533791287 ], [ 128.419878960151664, 34.85272551284725 ], [ 128.416100039276301, 34.85431999853229 ], [ 128.416664657962315, 34.858728399507385 ], [ 128.428476609943345, 34.857592772684242 ], [ 128.431437952921158, 34.855287298151183 ], [ 128.431759490514764, 34.851886219774983 ] ] ] ] } },
{ "type": "Feature", "properties": { "emd_cd": "48220111", "emd_nm": "무전동" }, "geometry": { "type": "MultiPolygon", "coordinates": [ [ [ [ 128.415455176176749, 34.867548873998203 ], [ 128.417222641266022, 34.869336580072428 ], [ 128.42832960330972, 34.866804149484054 ], [ 128.42934983988593, 34.863760366728705 ], [ 128.435797589533593, 34.861890995077275 ], [ 128.441038731467359, 34.856958029660575 ], [ 128.435810154576558, 34.853640723706135 ], [ 128.435678635552733, 34.852116301815578 ], [ 128.431763702825691, 34.851808107414371 ], [ 128.431437952921158, 34.855287298151183 ], [ 128.428476609943345, 34.857592772684242 ], [ 128.418099752397922, 34.859211816598204 ], [ 128.42050040097223, 34.86365784308709 ], [ 128.415455176176749, 34.867548873998203 ] ] ] ] } },
{ "type": "Feature", "properties": { "emd_cd": "48220112", "emd_nm": "평림동" }, "geometry": { "type": "MultiPolygon", "coordinates": [ [ [ [ 128.411122077545627, 34.859691108243055 ], [ 128.404340799952422, 34.853643164763461 ], [ 128.404937954958257, 34.848684823066876 ], [ 128.400981586798594, 34.846038236301339 ], [ 128.394966179295324, 34.849088422954729 ], [ 128.379278844327558, 34.847490725840075 ], [ 128.370317849353512, 34.851056644168608 ], [ 128.372365158942159, 34.853279150985173 ], [ 128.374870398201892, 34.851160016237344 ], [ 128.378486213776995, 34.851436726481715 ], [ 128.383711069615316, 34.85739976935551 ], [ 128.382852037535571, 34.855857429410442 ], [ 128.385143500380025, 34.856310676268713 ], [ 128.384483777248619, 34.861059974812548 ], [ 128.387678163916036, 34.859422679131967 ], [ 128.389748529025354, 34.861543649948317 ], [ 128.388757373806044, 34.862936054393977 ], [ 128.39262140115946, 34.861595986610105 ], [ 128.394270722563988, 34.86305093161873 ], [ 128.397217977317695, 34.862739021502236 ], [ 128.395770900557807, 34.859035264624254 ], [ 128.396987392953946, 34.858232163593932 ], [ 128.401232454884763, 34.862463337078935 ], [ 128.411122077545627, 34.859691108243055 ] ] ], [ [ [ 128.375948503408551, 34.860326351712978 ], [ 128.375875848586077, 34.860973394862249 ], [ 128.376333677337414, 34.860662618203783 ], [ 128.375948503408551, 34.860326351712978 ] ] ], [ [ [ 128.410295861993887, 34.860887998726433 ], [ 128.410280550275473, 34.86096621841849 ], [ 128.410331713850411, 34.860917873549624 ], [ 128.410295861993887, 34.860887998726433 ] ] ], [ [ [ 128.379590773711385, 34.860617354729484 ], [ 128.377134276698087, 34.861327235457722 ], [ 128.37800192829468, 34.862620399512529 ], [ 128.379590773711385, 34.860617354729484 ] ] ] ] } },
{ "type": "Feature", "properties": { "emd_cd": "48220113", "emd_nm": "인평동" }, "geometry": { "type": "MultiPolygon", "coordinates": [ [ [ [ 128.350403085403315, 34.85085298971125 ], [ 128.350911697643568, 34.850893767261049 ], [ 128.350809408384009, 34.850563098434435 ], [ 128.350403085403315, 34.85085298971125 ] ] ], [ [ [ 128.35571522458045, 34.852158869970424 ], [ 128.359152514160655, 34.851889114226843 ], [ 128.35955732812883, 34.851243960312019 ], [ 128.35571522458045, 34.852158869970424 ] ] ], [ [ [ 128.366982245896537, 34.853723154632874 ], [ 128.369352634728529, 34.85042941715961 ], [ 128.36747052800294, 34.851003474112311 ], [ 128.366982245896537, 34.853723154632874 ] ] ], [ [ [ 128.350419405906166, 34.854253372879064 ], [ 128.35176544723015, 34.854105208245258 ], [ 128.352468315325098, 34.853149909727712 ], [ 128.350382673510722, 34.85234641414668 ], [ 128.350419405906166, 34.854253372879064 ] ] ], [ [ [ 128.347095359299033, 34.853501469419172 ], [ 128.347151724711381, 34.853232404180488 ], [ 128.346973192392653, 34.853362747718826 ], [ 128.347095359299033, 34.853501469419172 ] ] ], [ [ [ 128.347875893558097, 34.853608937179224 ], [ 128.347378926410641, 34.853443305230755 ], [ 128.347168591264477, 34.853632293083663 ], [ 128.347875893558097, 34.853608937179224 ] ] ], [ [ [ 128.389825031969082, 34.832529537391622 ], [ 128.390412270773595, 34.832936083627246 ], [ 128.390415314027706, 34.83250191033747 ], [ 128.389825031969082, 34.832529537391622 ] ] ], [ [ [ 128.379625124516139, 34.836265985321738 ], [ 128.380984894932823, 34.836761622561887 ], [ 128.38115564310425, 34.836061107725449 ], [ 128.379625124516139, 34.836265985321738 ] ] ], [ [ [ 128.380017702827445, 34.837687608966021 ], [ 128.380265740473249, 34.837739858018359 ], [ 128.38028271103812, 34.837659360889866 ], [ 128.380017702827445, 34.837687608966021 ] ] ], [ [ [ 128.380923215527929, 34.837389482968632 ], [ 128.382021429754332, 34.838206226606701 ], [ 128.382909712168157, 34.838068787105072 ], [ 128.380923215527929, 34.837389482968632 ] ] ], [ [ [ 128.370356257784294, 34.85001018563964 ], [ 128.373390219515983, 34.85044410331232 ], [ 128.379278844327558, 34.847490725840075 ], [ 128.394966179295324, 34.849088422954729 ], [ 128.39850300546226, 34.846306054268027 ], [ 128.402714969853776, 34.84717809914644 ], [ 128.405615315185713, 34.842842211386611 ], [ 128.406086841770929, 34.837366339251012 ], [ 128.398455256126539, 34.835341882108466 ], [ 128.395788985250221, 34.829663181961031 ], [ 128.392631932805017, 34.829356602143278 ], [ 128.392477301110432, 34.831056374846867 ], [ 128.394455458450324, 34.83164008241824 ], [ 128.390931642962045, 34.835831760432995 ], [ 128.38755265310229, 34.836070813456104 ], [ 128.385038513431908, 34.833620755300394 ], [ 128.383453379954204, 34.835508038503043 ], [ 128.383461478746199, 34.838011631103662 ], [ 128.38890266716254, 34.838999773451917 ], [ 128.388311018633743, 34.84263359132806 ], [ 128.382122730571467, 34.844213151707081 ], [ 128.381254098652732, 34.841466698499083 ], [ 128.376888030677463, 34.840273589760635 ], [ 128.371724902187538, 34.844003082477542 ], [ 128.375382881780581, 34.843120183615305 ], [ 128.377700478950885, 34.845729380364652 ], [ 128.370356257784294, 34.85001018563964 ] ] ], [ [ [ 128.374449437252025, 34.840899676054178 ], [ 128.374528445486874, 34.8408929893519 ], [ 128.374383485656381, 34.840888699789573 ], [ 128.374449437252025, 34.840899676054178 ] ] ] ] } },
{ "type": "Feature", "properties": { "emd_cd": "48220114", "emd_nm": "당동" }, "geometry": { "type": "MultiPolygon", "coordinates": [ [ [ [ 128.404128043122114, 34.832881796086362 ], [ 128.40307226297881, 34.833166043319828 ], [ 128.401673037781023, 34.836017656739074 ], [ 128.401988970401675, 34.836085492778039 ], [ 128.403119665254394, 34.833806621437837 ], [ 128.403610075304101, 34.833171301253863 ], [ 128.404128043122114, 34.832881796086362 ] ] ], [ [ [ 128.401940283847978, 34.83639536573066 ], [ 128.4085950314103, 34.837447787260636 ], [ 128.41189886840084, 34.836020596366168 ], [ 128.405008145938439, 34.832698490174593 ], [ 128.401940283847978, 34.83639536573066 ] ] ] ] } },
{ "type": "Feature", "properties": { "emd_cd": "48220115", "emd_nm": "미수동" }, "geometry": { "type": "MultiPolygon", "coordinates": [ [ [ [ 128.384470200796471, 34.829596522527623 ], [ 128.391397114824002, 34.826220604168803 ], [ 128.39118909308246, 34.822522025741456 ], [ 128.392613589915044, 34.824020849638124 ], [ 128.393222270802539, 34.823803089889168 ], [ 128.40088126878652, 34.829103243860139 ], [ 128.404379539279546, 34.828223310282539 ], [ 128.404701703939054, 34.831224085350023 ], [ 128.40608956384736, 34.830707935807794 ], [ 128.408146160091491, 34.833953988307357 ], [ 128.41086415091371, 34.834267158004785 ], [ 128.413617749936407, 34.831864811959157 ], [ 128.412266792759709, 34.828109000777744 ], [ 128.413788837809165, 34.827548982892175 ], [ 128.413663271013434, 34.825136387759883 ], [ 128.411097736200276, 34.824840120221729 ], [ 128.40697793185069, 34.817253544892843 ], [ 128.398692349851729, 34.81623841227006 ], [ 128.394898957526124, 34.819756151908109 ], [ 128.388598142788368, 34.820570227654841 ], [ 128.388286913175534, 34.825168411754582 ], [ 128.384470200796471, 34.829596522527623 ] ] ], [ [ [ 128.397161235108229, 34.826757894297778 ], [ 128.397268128809941, 34.826639802577667 ], [ 128.396455186189257, 34.826328921941901 ], [ 128.397161235108229, 34.826757894297778 ] ] ] ] } },
{ "type": "Feature", "properties": { "emd_cd": "48220116", "emd_nm": "봉평동" }, "geometry": { "type": "MultiPolygon", "coordinates": [ [ [ [ 128.422715606003095, 34.832733432234981 ], [ 128.416346889666954, 34.827477599008695 ], [ 128.419499579079059, 34.822455082552224 ], [ 128.418351783195135, 34.818365014078452 ], [ 128.419497464719939, 34.817184936568381 ], [ 128.415980105761633, 34.810243954955553 ], [ 128.41212295015066, 34.814922959823264 ], [ 128.40697793185069, 34.817253544892843 ], [ 128.411097736200276, 34.824840120221729 ], [ 128.413663271013434, 34.825136387759883 ], [ 128.413788837809165, 34.827548982892175 ], [ 128.412266792759709, 34.828109000777744 ], [ 128.413627997035434, 34.831796554332094 ], [ 128.412676647921955, 34.833299073685986 ], [ 128.418175258746999, 34.834451436804287 ], [ 128.422715606003095, 34.832733432234981 ] ] ] ] } },
{ "type": "Feature", "properties": { "emd_cd": "48220117", "emd_nm": "도남동" }, "geometry": { "type": "MultiPolygon", "coordinates": [ [ [ [ 128.424475030447951, 34.832411439033784 ], [ 128.427749573606917, 34.831823507512993 ], [ 128.43087213299782, 34.828399871570156 ], [ 128.432417851505534, 34.830852253516419 ], [ 128.435212967847491, 34.828176027062156 ], [ 128.433361342932898, 34.827323948160313 ], [ 128.434828441192337, 34.825208368633568 ], [ 128.439879799479797, 34.828613268467464 ], [ 128.441501315169148, 34.826249690452656 ], [ 128.439746596910965, 34.823949323262795 ], [ 128.440299447519891, 34.821635211154685 ], [ 128.436701826261128, 34.822169361758661 ], [ 128.432753715452378, 34.81977523419949 ], [ 128.42724741989565, 34.820924472989546 ], [ 128.419497464719939, 34.817184936568381 ], [ 128.418351783195135, 34.818365014078452 ], [ 128.419499579079059, 34.822455082552224 ], [ 128.416346889666954, 34.827477599008695 ], [ 128.418199462000274, 34.830251447366237 ], [ 128.424475030447951, 34.832411439033784 ] ] ], [ [ [ 128.432997065510676, 34.831054068786933 ], [ 128.433876125996704, 34.831146175281461 ], [ 128.433878660178806, 34.831109816072647 ], [ 128.432997065510676, 34.831054068786933 ] ] ], [ [ [ 128.429419314405379, 34.833446656983376 ], [ 128.429590806383828, 34.833277154908956 ], [ 128.429368838514876, 34.833304829618243 ], [ 128.429419314405379, 34.833446656983376 ] ] ] ] } },
{ "type": "Feature", "properties": { "emd_cd": "48220250", "emd_nm": "산양읍" }, "geometry": { "type": "MultiPolygon", "coordinates": [ [ [ [ 128.300962941336081, 34.74618595750993 ], [ 128.300579408757869, 34.746863293209572 ], [ 128.30174016646626, 34.746193633935484 ], [ 128.300962941336081, 34.74618595750993 ] ] ], [ [ [ 128.289083443794624, 34.751154674457844 ], [ 128.289059272456825, 34.751104163323518 ], [ 128.289033254533251, 34.751132621297799 ], [ 128.289083443794624, 34.751154674457844 ] ] ], [ [ [ 128.304191252546246, 34.751949769330672 ], [ 128.304053681604813, 34.751965062487031 ], [ 128.304342097040262, 34.751959944216971 ], [ 128.304191252546246, 34.751949769330672 ] ] ], [ [ [ 128.304321108875939, 34.752089651618249 ], [ 128.304384929047046, 34.752051013664129 ], [ 128.304310817499129, 34.75206409232122 ], [ 128.304321108875939, 34.752089651618249 ] ] ], [ [ [ 128.292823919345324, 34.762619408439775 ], [ 128.300227742660581, 34.757694757075882 ], [ 128.308145881065144, 34.755939571492696 ], [ 128.305470811368025, 34.752839461152455 ], [ 128.299317239401717, 34.753702458290327 ], [ 128.298039056821807, 34.751064604830312 ], [ 128.299560575211274, 34.750265050443446 ], [ 128.296934915428352, 34.749550184869015 ], [ 128.300498120855536, 34.746902901347219 ], [ 128.296652330413252, 34.748841560976075 ], [ 128.291915229904589, 34.74786224953062 ], [ 128.287511224073654, 34.753620399815013 ], [ 128.288709592550589, 34.757901263828082 ], [ 128.287101221210719, 34.757428417155687 ], [ 128.287901897324446, 34.758778463227323 ], [ 128.286143798457857, 34.758904349226079 ], [ 128.292823919345324, 34.762619408439775 ] ] ], [ [ [ 128.28418478561278, 34.755744721461483 ], [ 128.285269610744706, 34.755245903551469 ], [ 128.283739273155504, 34.755024959531397 ], [ 128.28418478561278, 34.755744721461483 ] ] ], [ [ [ 128.286888392226132, 34.755562795605094 ], [ 128.286800260393505, 34.755733317327817 ], [ 128.286946139762307, 34.755600244673261 ], [ 128.286888392226132, 34.755562795605094 ] ] ], [ [ [ 128.358433518251047, 34.787151989096678 ], [ 128.362348884753459, 34.78576893420076 ], [ 128.358170967835349, 34.785021670128032 ], [ 128.358433518251047, 34.787151989096678 ] ] ], [ [ [ 128.35443447011022, 34.813732549671712 ], [ 128.35448311088885, 34.813882889125146 ], [ 128.354555484423543, 34.813793450702263 ], [ 128.35443447011022, 34.813732549671712 ] ] ], [ [ [ 128.347587177811562, 34.816178963392893 ], [ 128.34764659208534, 34.816266031983709 ], [ 128.347697984805734, 34.816185579985998 ], [ 128.347587177811562, 34.816178963392893 ] ] ], [ [ [ 128.360409537161843, 34.818574492179003 ], [ 128.357505159881612, 34.818208310864286 ], [ 128.357331301224633, 34.816813306917638 ], [ 128.356879940140203, 34.816899847721558 ], [ 128.356487105039974, 34.816722942442667 ], [ 128.358765557782391, 34.815592471777983 ], [ 128.356019763301532, 34.814400242075287 ], [ 128.358205207130055, 34.813794048157604 ], [ 128.362981567086791, 34.815763096015452 ], [ 128.363636602239694, 34.813883344416489 ], [ 128.368895223160905, 34.812733381569174 ], [ 128.369112957568092, 34.811503956719989 ], [ 128.361435026958446, 34.813988181851087 ], [ 128.35644559507034, 34.811569684674183 ], [ 128.356338302410876, 34.813391729118834 ], [ 128.351708449857398, 34.816344340313684 ], [ 128.346419930967699, 34.816531879111544 ], [ 128.346918591705673, 34.819819084417361 ], [ 128.350987807451787, 34.822536262488519 ], [ 128.352982264548984, 34.819748566140817 ], [ 128.354787564170863, 34.821173087254842 ], [ 128.360409537161843, 34.818574492179003 ] ] ], [ [ [ 128.343059068687751, 34.817977005607894 ], [ 128.343685949471165, 34.818842237124521 ], [ 128.345110798985132, 34.817007021424175 ], [ 128.343059068687751, 34.817977005607894 ] ] ], [ [ [ 128.332239877625767, 34.820128181393891 ], [ 128.332363912244773, 34.820258040834446 ], [ 128.33241973194697, 34.82016077291695 ], [ 128.332239877625767, 34.820128181393891 ] ] ], [ [ [ 128.360629483276227, 34.822172144402046 ], [ 128.360834330580019, 34.822365569722777 ], [ 128.361138651756676, 34.822328033347695 ], [ 128.360629483276227, 34.822172144402046 ] ] ], [ [ [ 128.339114341975318, 34.82848737089418 ], [ 128.338535500775777, 34.828549956371596 ], [ 128.338434629676641, 34.828896087763994 ], [ 128.339114341975318, 34.82848737089418 ] ] ], [ [ [ 128.329838310937305, 34.829612167841539 ], [ 128.329735441512611, 34.829580475216055 ], [ 128.32972110136194, 34.829638138614115 ], [ 128.329838310937305, 34.829612167841539 ] ] ], [ [ [ 128.318605596605721, 34.833750776660693 ], [ 128.318244810428723, 34.833291480443485 ], [ 128.318225138665639, 34.833907536169406 ], [ 128.318605596605721, 34.833750776660693 ] ] ], [ [ [ 128.318200508020851, 34.834055873356604 ], [ 128.318210461441168, 34.833953325033676 ], [ 128.318124939311559, 34.834010397907583 ], [ 128.318200508020851, 34.834055873356604 ] ] ], [ [ [ 128.361518949094318, 34.833894539941376 ], [ 128.360772975946588, 34.834358423145474 ], [ 128.360773537207876, 34.834521657702709 ], [ 128.361518949094318, 34.833894539941376 ] ] ], [ [ [ 128.316739902916964, 34.835325702894842 ], [ 128.316548505444473, 34.8352752478946 ], [ 128.316655310318083, 34.835407531858415 ], [ 128.316739902916964, 34.835325702894842 ] ] ], [ [ [ 128.346690114575892, 34.835901149710402 ], [ 128.34628797239543, 34.835721718814447 ], [ 128.34611571820966, 34.83592256558903 ], [ 128.346690114575892, 34.835901149710402 ] ] ], [ [ [ 128.33866345742112, 34.836272610255413 ], [ 128.338664665269562, 34.836121887704323 ], [ 128.338426827641712, 34.836253590692664 ], [ 128.33866345742112, 34.836272610255413 ] ] ], [ [ [ 128.319134906877906, 34.835369192661837 ], [ 128.316622531979391, 34.835666764762863 ], [ 128.316277331522599, 34.837682498641328 ], [ 128.319982336720898, 34.837551417414289 ], [ 128.321639508600242, 34.840334895340433 ], [ 128.32335896684549, 34.839762749786665 ], [ 128.319134906877906, 34.835369192661837 ] ] ], [ [ [ 128.34240123443422, 34.835984859557477 ], [ 128.338871025546808, 34.835301374770893 ], [ 128.339542278879776, 34.838845044726298 ], [ 128.336611143380196, 34.841083578818271 ], [ 128.337373988766075, 34.842810970145671 ], [ 128.339100996867188, 34.840612397770741 ], [ 128.341962308057219, 34.841473655313905 ], [ 128.341291266163751, 34.836721165995947 ], [ 128.34240123443422, 34.835984859557477 ] ] ], [ [ [ 128.359332038367342, 34.838899000072161 ], [ 128.359305713460145, 34.838725705424515 ], [ 128.359398682979162, 34.839031467538874 ], [ 128.359332038367342, 34.838899000072161 ] ] ], [ [ [ 128.40202988242973, 34.692315427287653 ], [ 128.40173816745866, 34.692528896843456 ], [ 128.402147903396212, 34.69245723111824 ], [ 128.40202988242973, 34.692315427287653 ] ] ], [ [ [ 128.398741096020245, 34.694760735236279 ], [ 128.393612460939494, 34.695034226856507 ], [ 128.392951799470978, 34.696048239413571 ], [ 128.397921550716035, 34.696708360263322 ], [ 128.398741096020245, 34.694760735236279 ] ] ], [ [ [ 128.398860141331824, 34.700247967972494 ], [ 128.399006541023141, 34.700324112370737 ], [ 128.399025918612779, 34.700243667533826 ], [ 128.398860141331824, 34.700247967972494 ] ] ], [ [ [ 128.399145064905639, 34.705560223659759 ], [ 128.394726767819918, 34.705549222807456 ], [ 128.39524693717425, 34.708904297760178 ], [ 128.39908767901332, 34.709306295972375 ], [ 128.399145064905639, 34.705560223659759 ] ] ], [ [ [ 128.395182925515741, 34.734463726857804 ], [ 128.394811539192659, 34.734199489273657 ], [ 128.39486055583788, 34.734483178799913 ], [ 128.395182925515741, 34.734463726857804 ] ] ], [ [ [ 128.400674005380608, 34.739233316794618 ], [ 128.406571863450353, 34.733288749186208 ], [ 128.404639127710482, 34.72953473815604 ], [ 128.399767915908598, 34.73006216508395 ], [ 128.39654745833468, 34.734468463963282 ], [ 128.39337670942507, 34.735904005084215 ], [ 128.395409925324543, 34.738104900585611 ], [ 128.395255255991572, 34.736438622719902 ], [ 128.400674005380608, 34.739233316794618 ] ] ], [ [ [ 128.393210966540181, 34.735428869768249 ], [ 128.393222817369178, 34.735386635230775 ], [ 128.393176022503695, 34.735414399077143 ], [ 128.393210966540181, 34.735428869768249 ] ] ], [ [ [ 128.39787340153859, 34.738761263358661 ], [ 128.397938368498131, 34.738742268241566 ], [ 128.397941807604695, 34.73873483070043 ], [ 128.39787340153859, 34.738761263358661 ] ] ], [ [ [ 128.398158698260573, 34.739429316163545 ], [ 128.398130629837851, 34.739399980797657 ], [ 128.398120580284626, 34.739427513867021 ], [ 128.398158698260573, 34.739429316163545 ] ] ], [ [ [ 128.398046407750854, 34.739426966191999 ], [ 128.398082143664965, 34.739431992739142 ], [ 128.398089355388777, 34.7393982800399 ], [ 128.398046407750854, 34.739426966191999 ] ] ], [ [ [ 128.382969289310353, 34.741579588193069 ], [ 128.388224552561155, 34.741440823689707 ], [ 128.391417394520374, 34.737907756625773 ], [ 128.386990335798686, 34.739706855903869 ], [ 128.382715366091389, 34.738200656916923 ], [ 128.378598874380742, 34.739617481842309 ], [ 128.382969289310353, 34.741579588193069 ] ] ], [ [ [ 128.407756192979718, 34.749255236235044 ], [ 128.410429209002587, 34.746017545965337 ], [ 128.405174497014883, 34.743511174866775 ], [ 128.404343731438331, 34.741756180734569 ], [ 128.402555078540189, 34.743138052409101 ], [ 128.403574974540817, 34.74589583824276 ], [ 128.399253960302246, 34.746181153493502 ], [ 128.403544743284698, 34.751320715181258 ], [ 128.404907699799679, 34.748212695440195 ], [ 128.408081401156466, 34.747455194058141 ], [ 128.407756192979718, 34.749255236235044 ] ] ], [ [ [ 128.400132375117664, 34.756131812892178 ], [ 128.399892627056374, 34.750862182050987 ], [ 128.396418598298368, 34.750885726036501 ], [ 128.394085594677478, 34.751512817809008 ], [ 128.391813781907416, 34.754704998899513 ], [ 128.393709379323354, 34.755221229678078 ], [ 128.395962679605759, 34.752498594619993 ], [ 128.400132375117664, 34.756131812892178 ] ] ], [ [ [ 128.391530611528395, 34.754924342351309 ], [ 128.391096477237511, 34.754725590653621 ], [ 128.39109524332244, 34.754920024910874 ], [ 128.391530611528395, 34.754924342351309 ] ] ], [ [ [ 128.392100814311334, 34.764311872958366 ], [ 128.3905192869899, 34.764260095827126 ], [ 128.389750002081485, 34.766500808608612 ], [ 128.390686478588322, 34.766325067947818 ], [ 128.392100814311334, 34.764311872958366 ] ] ], [ [ [ 128.382498402848171, 34.766960229507923 ], [ 128.383034207030704, 34.766923470728315 ], [ 128.382645866724374, 34.766668791739868 ], [ 128.382498402848171, 34.766960229507923 ] ] ], [ [ [ 128.382186930076614, 34.769246115835493 ], [ 128.382878669953271, 34.769979617412588 ], [ 128.383265978858617, 34.768691372879672 ], [ 128.382186930076614, 34.769246115835493 ] ] ], [ [ [ 128.36869946686727, 34.771151665864444 ], [ 128.368311736887875, 34.769718850016311 ], [ 128.3662234785576, 34.770032331233359 ], [ 128.367243131862836, 34.771095621164385 ], [ 128.36869946686727, 34.771151665864444 ] ] ], [ [ [ 128.379521040492676, 34.78020414984104 ], [ 128.379277003568916, 34.778372822546444 ], [ 128.377534428721646, 34.779259988972399 ], [ 128.379521040492676, 34.78020414984104 ] ] ], [ [ [ 128.369846136326601, 34.78475185673836 ], [ 128.368699948568661, 34.783938284810183 ], [ 128.370018726930027, 34.782401705573079 ], [ 128.37151142823646, 34.783048056718137 ], [ 128.370795485247584, 34.783991082070592 ], [ 128.374112450983716, 34.782673086606877 ], [ 128.373284485002131, 34.779320036003952 ], [ 128.371264755015005, 34.778387392534732 ], [ 128.37223815914362, 34.77652439829847 ], [ 128.369360067364994, 34.776213445988169 ], [ 128.365070384508414, 34.778627915808812 ], [ 128.359409391721584, 34.774185770802546 ], [ 128.356058674530971, 34.777622118580432 ], [ 128.355997051824403, 34.780511671780943 ], [ 128.361126006019276, 34.779187614104707 ], [ 128.362610538927584, 34.779816949677233 ], [ 128.361803975225797, 34.784164489424732 ], [ 128.365081030536601, 34.782918471330092 ], [ 128.36730274053329, 34.785691892250654 ], [ 128.369846136326601, 34.78475185673836 ] ] ], [ [ [ 128.380541771278217, 34.785503915010999 ], [ 128.380581397825011, 34.785560868770574 ], [ 128.380603421903999, 34.785513008994499 ], [ 128.380541771278217, 34.785503915010999 ] ] ], [ [ [ 128.368276747889865, 34.787093244375768 ], [ 128.368323068975741, 34.786862170252164 ], [ 128.36822800011052, 34.78705994581442 ], [ 128.368276747889865, 34.787093244375768 ] ] ], [ [ [ 128.379269396999035, 34.792829681144227 ], [ 128.377886170891031, 34.792925280704559 ], [ 128.379311860737573, 34.792870010085061 ], [ 128.379269396999035, 34.792829681144227 ] ] ], [ [ [ 128.368075344948096, 34.79447887745421 ], [ 128.368081124457262, 34.794683333805935 ], [ 128.368149068100507, 34.794644648110548 ], [ 128.368075344948096, 34.79447887745421 ] ] ], [ [ [ 128.382188819211137, 34.819425809386978 ], [ 128.3861910116307, 34.813490288456727 ], [ 128.388083594809927, 34.815673333058243 ], [ 128.38675148419938, 34.819746870000905 ], [ 128.384418740276175, 34.820352649258965 ], [ 128.385971863988431, 34.821687699588871 ], [ 128.384028945508391, 34.825913734785402 ], [ 128.384435188649917, 34.829583166714613 ], [ 128.388286913175534, 34.825168411754582 ], [ 128.388598142788368, 34.820570227654841 ], [ 128.394898957526124, 34.819756151908109 ], [ 128.398692349851729, 34.81623841227006 ], [ 128.408291451633175, 34.817154951716311 ], [ 128.415980105761633, 34.810243954955553 ], [ 128.419497464719939, 34.817184936568381 ], [ 128.42623319517574, 34.820641522993697 ], [ 128.432753715452378, 34.81977523419949 ], [ 128.438507691066718, 34.822398218718732 ], [ 128.441369949596776, 34.820981325847697 ], [ 128.43926617728863, 34.819468907425446 ], [ 128.440262978041659, 34.818196291834276 ], [ 128.438947846220742, 34.816548723818826 ], [ 128.439349690824571, 34.812257614013689 ], [ 128.44180937081839, 34.809046473279928 ], [ 128.440884222528382, 34.805499562659321 ], [ 128.441728671165407, 34.802699666038663 ], [ 128.435805085239963, 34.802816314729185 ], [ 128.433616471896784, 34.805987687919462 ], [ 128.434018704133649, 34.809637281254197 ], [ 128.433670931887008, 34.810573566372106 ], [ 128.431318288539245, 34.805761682470518 ], [ 128.432204064367454, 34.79906677670288 ], [ 128.435454858041965, 34.800858943144554 ], [ 128.434794446653797, 34.799414785929741 ], [ 128.439158300172807, 34.796996140386732 ], [ 128.439987363846171, 34.794816953002041 ], [ 128.437960242760226, 34.791981651379352 ], [ 128.433936942096153, 34.789147022233927 ], [ 128.420919973891728, 34.793641178451487 ], [ 128.419482256041249, 34.792314907672122 ], [ 128.421360447938582, 34.788373468489837 ], [ 128.425608864321703, 34.788499444455425 ], [ 128.43496439612403, 34.781631600873361 ], [ 128.434820753179764, 34.779101867155816 ], [ 128.423382892571283, 34.769594252014997 ], [ 128.425470771377633, 34.768627644365829 ], [ 128.423717638676237, 34.762117980653393 ], [ 128.421231204078879, 34.765217315911904 ], [ 128.420250805127807, 34.763815816659985 ], [ 128.414293041751336, 34.762708208963652 ], [ 128.406428709048441, 34.76249643605798 ], [ 128.404432657537683, 34.764270450048429 ], [ 128.407636538769395, 34.767802085720824 ], [ 128.406626004753832, 34.768185565252388 ], [ 128.402121983532425, 34.76797994680868 ], [ 128.397741119874809, 34.765630910116649 ], [ 128.3973743805048, 34.772142567915445 ], [ 128.394551412695137, 34.773576954486551 ], [ 128.396458491594501, 34.777378576782247 ], [ 128.395086727697077, 34.778131393725481 ], [ 128.396222569071426, 34.777569536460632 ], [ 128.397120112079563, 34.779794336243818 ], [ 128.394675173294587, 34.781101185244637 ], [ 128.39111210687588, 34.780038542613255 ], [ 128.388173937132592, 34.775832855167671 ], [ 128.38860729782121, 34.7787713641507 ], [ 128.385507881588836, 34.779598373091474 ], [ 128.3915001866186, 34.78596344373031 ], [ 128.388794572221883, 34.790494119120432 ], [ 128.379546769067815, 34.79357329495344 ], [ 128.383180792630696, 34.794402211809427 ], [ 128.383649740430712, 34.796885067510715 ], [ 128.37413393591433, 34.794543080249156 ], [ 128.377362591697306, 34.793849047065052 ], [ 128.375561740271991, 34.788922937626317 ], [ 128.373864237129993, 34.789928110108022 ], [ 128.373941309715917, 34.793931187939428 ], [ 128.370612454458865, 34.795572485886524 ], [ 128.370520055473236, 34.793767883280935 ], [ 128.367507258600313, 34.795670009636488 ], [ 128.363993605648034, 34.795759150218167 ], [ 128.369125781102269, 34.800719342084356 ], [ 128.372944990008676, 34.798435739161057 ], [ 128.372568879293794, 34.802495800505469 ], [ 128.374983667018455, 34.7991708493605 ], [ 128.378273776769873, 34.79849867102844 ], [ 128.377785753956289, 34.802445349922571 ], [ 128.375896963738001, 34.803277212140863 ], [ 128.378640735101612, 34.803057363675904 ], [ 128.380718041192921, 34.806340947898782 ], [ 128.375669080125846, 34.807592495352189 ], [ 128.377684312830496, 34.8110269995721 ], [ 128.381791569618741, 34.811084641445653 ], [ 128.379163379040335, 34.815428640229264 ], [ 128.367090178907631, 34.818413549770121 ], [ 128.364037619649423, 34.821046204567324 ], [ 128.361596288437852, 34.822279918009684 ], [ 128.358252915503186, 34.823329035620269 ], [ 128.358140861799825, 34.826530830116113 ], [ 128.355488166589879, 34.824058519153773 ], [ 128.345603655798357, 34.825425115815669 ], [ 128.344851759769767, 34.824525084729665 ], [ 128.346513942470381, 34.824255695416895 ], [ 128.340370729255767, 34.820635252829746 ], [ 128.340595491825098, 34.818266724087493 ], [ 128.335571418397024, 34.818186911109258 ], [ 128.337266154324368, 34.820954022197228 ], [ 128.336282799607631, 34.82326066494786 ], [ 128.333180925816805, 34.821728568634761 ], [ 128.332705335147438, 34.824280720716523 ], [ 128.330257946825213, 34.826134361384426 ], [ 128.330402907818325, 34.829458370424653 ], [ 128.335638669043618, 34.825979266764683 ], [ 128.337339065252394, 34.827128070624845 ], [ 128.33268997249715, 34.834447477340511 ], [ 128.336099225773722, 34.832919983652076 ], [ 128.33732338953439, 34.828989612017203 ], [ 128.340141549185518, 34.827795720204222 ], [ 128.339635573491847, 34.832123781744862 ], [ 128.341109997915567, 34.83443026519506 ], [ 128.343804119087281, 34.833275746632964 ], [ 128.344370655086379, 34.831344736956048 ], [ 128.346546245549547, 34.834371485784978 ], [ 128.349361873562998, 34.835249891366011 ], [ 128.346777353983214, 34.840012491066013 ], [ 128.348083029667009, 34.842399925360908 ], [ 128.350850293766172, 34.840463065897616 ], [ 128.354507164870427, 34.842250566601066 ], [ 128.354089566497009, 34.838772938477554 ], [ 128.356964350084439, 34.84076409634558 ], [ 128.358725093828497, 34.838359850610331 ], [ 128.355212303137876, 34.833256132403292 ], [ 128.356299741501516, 34.831476181092313 ], [ 128.365045029647206, 34.835059379894751 ], [ 128.363595218483539, 34.832444119090304 ], [ 128.366145057518281, 34.830384726523221 ], [ 128.37080662523789, 34.83422686553228 ], [ 128.373518256435915, 34.83243329922805 ], [ 128.372218042583484, 34.828844287935709 ], [ 128.378700152641613, 34.829487903332542 ], [ 128.375262141371934, 34.826607393734193 ], [ 128.37889757402229, 34.826316702223011 ], [ 128.382283593822763, 34.823650633131443 ], [ 128.382188819211137, 34.819425809386978 ] ], [ [ 128.419769959840153, 34.764482727434746 ], [ 128.419769263013109, 34.764482408617013 ], [ 128.419817680147133, 34.764423787629738 ], [ 128.419769959840153, 34.764482727434746 ] ] ], [ [ [ 128.423349628423352, 34.726706018140966 ], [ 128.423260639986893, 34.726636539337655 ], [ 128.423156798994768, 34.726639814356773 ], [ 128.423197314530597, 34.726721457477034 ], [ 128.423349628423352, 34.726706018140966 ] ] ], [ [ [ 128.423247910668522, 34.726904556310352 ], [ 128.423268218183949, 34.726873166663808 ], [ 128.423217095135186, 34.726883344262077 ], [ 128.423247910668522, 34.726904556310352 ] ] ], [ [ [ 128.423592280185005, 34.728055181971754 ], [ 128.423633652978253, 34.72807340626602 ], [ 128.423639127225243, 34.728058667243424 ], [ 128.423592280185005, 34.728055181971754 ] ] ], [ [ [ 128.423731361884421, 34.729052261689851 ], [ 128.423961617379177, 34.729066180317957 ], [ 128.423716038463169, 34.729026327768842 ], [ 128.423731361884421, 34.729052261689851 ] ] ], [ [ [ 128.424161936160914, 34.730267266748164 ], [ 128.423882057557449, 34.730155419183575 ], [ 128.423787971705394, 34.730152629451354 ], [ 128.423895036157177, 34.730240663293422 ], [ 128.424161936160914, 34.730267266748164 ] ] ], [ [ [ 128.423917111199756, 34.730308436264352 ], [ 128.423915489761725, 34.730279403402498 ], [ 128.423889789357503, 34.730293325422615 ], [ 128.423917111199756, 34.730308436264352 ] ] ], [ [ [ 128.423833309425021, 34.73082686845536 ], [ 128.423918877365537, 34.730756207525452 ], [ 128.423823704224617, 34.730790334125253 ], [ 128.423833309425021, 34.73082686845536 ] ] ], [ [ [ 128.424284034429945, 34.731062350810554 ], [ 128.424189057159992, 34.731088690500371 ], [ 128.424281909415242, 34.731080612179156 ], [ 128.424284034429945, 34.731062350810554 ] ] ], [ [ [ 128.424269802499907, 34.73116833343046 ], [ 128.42440719832328, 34.731212666281415 ], [ 128.424423062817027, 34.731203249652346 ], [ 128.424269802499907, 34.73116833343046 ] ] ], [ [ [ 128.424464904480914, 34.731499928233724 ], [ 128.424535398124647, 34.731565406463723 ], [ 128.424547197639328, 34.731517183206293 ], [ 128.424464904480914, 34.731499928233724 ] ] ], [ [ [ 128.406241317450792, 34.734234940207216 ], [ 128.406242341097254, 34.734178968183677 ], [ 128.40621154234384, 34.73419677361462 ], [ 128.406241317450792, 34.734234940207216 ] ] ], [ [ [ 128.406202742853623, 34.734619992630265 ], [ 128.406108971424516, 34.734543816690838 ], [ 128.406045338321377, 34.734615049917558 ], [ 128.406202742853623, 34.734619992630265 ] ] ], [ [ [ 128.405290447080858, 34.742445395211931 ], [ 128.405365863686427, 34.742428196009797 ], [ 128.405288892369555, 34.742414036907299 ], [ 128.405290447080858, 34.742445395211931 ] ] ], [ [ [ 128.408369823468291, 34.744327560787021 ], [ 128.408465925084329, 34.744291873523771 ], [ 128.408289876954882, 34.744304600436777 ], [ 128.408369823468291, 34.744327560787021 ] ] ], [ [ [ 128.40845659968727, 34.744411020246517 ], [ 128.408501369857021, 34.744365546231464 ], [ 128.408376984377981, 34.744369204277859 ], [ 128.40845659968727, 34.744411020246517 ] ] ], [ [ [ 128.409389231175169, 34.744582262020089 ], [ 128.409393085112981, 34.744531874463682 ], [ 128.409348845903537, 34.744562676596189 ], [ 128.409389231175169, 34.744582262020089 ] ] ], [ [ [ 128.416458680043434, 34.745579692160909 ], [ 128.416504517751719, 34.745534067081728 ], [ 128.416432762986318, 34.745538292565683 ], [ 128.416458680043434, 34.745579692160909 ] ] ], [ [ [ 128.417532583471683, 34.745827348864687 ], [ 128.417586061954921, 34.746201244656625 ], [ 128.417765541798559, 34.745857806016502 ], [ 128.417532583471683, 34.745827348864687 ] ] ], [ [ [ 128.416388181114286, 34.748533115340976 ], [ 128.417661001274212, 34.744687215185593 ], [ 128.415941920134941, 34.744913679412406 ], [ 128.416903814811121, 34.745945796630693 ], [ 128.415391460559022, 34.747336916232122 ], [ 128.411694740121192, 34.746331661441808 ], [ 128.410306941916872, 34.746972905133184 ], [ 128.416388181114286, 34.748533115340976 ] ] ], [ [ [ 128.415203863812479, 34.746811705123015 ], [ 128.415312131838931, 34.746789799352236 ], [ 128.415288566143772, 34.746763401120688 ], [ 128.415203863812479, 34.746811705123015 ] ] ], [ [ [ 128.422877092932993, 34.747986386728257 ], [ 128.422968124372119, 34.748011950153462 ], [ 128.422970285450788, 34.747961995799116 ], [ 128.422877092932993, 34.747986386728257 ] ] ], [ [ [ 128.425307237326848, 34.754320704075006 ], [ 128.4229082364254, 34.751448253324945 ], [ 128.421847258040771, 34.746143318752921 ], [ 128.418222579593561, 34.74488087615569 ], [ 128.421434560170241, 34.748409268376022 ], [ 128.422516357716887, 34.752849915531499 ], [ 128.421481988631058, 34.755255615484629 ], [ 128.425307237326848, 34.754320704075006 ] ] ], [ [ [ 128.408782821059219, 34.754029628108817 ], [ 128.408442705054227, 34.752594775662651 ], [ 128.403871517698093, 34.752556018147814 ], [ 128.405652064315774, 34.755196770837344 ], [ 128.408782821059219, 34.754029628108817 ] ] ], [ [ [ 128.421670570198842, 34.762847046651629 ], [ 128.422485468631322, 34.762830957724482 ], [ 128.421671061719167, 34.762801735712891 ], [ 128.421670570198842, 34.762847046651629 ] ] ], [ [ [ 128.425486754916449, 34.766499538398968 ], [ 128.425558688076848, 34.766616880037169 ], [ 128.42555864718372, 34.766515815134291 ], [ 128.425486754916449, 34.766499538398968 ] ] ], [ [ [ 128.428537261012679, 34.720906244259155 ], [ 128.428610709165781, 34.720979405059992 ], [ 128.428585919256051, 34.720863421960225 ], [ 128.428537261012679, 34.720906244259155 ] ] ], [ [ [ 128.428431903518117, 34.721196884464788 ], [ 128.428363613973545, 34.721372905052419 ], [ 128.428500581583222, 34.721252553675534 ], [ 128.428431903518117, 34.721196884464788 ] ] ], [ [ [ 128.427984501328041, 34.721379522383401 ], [ 128.427982955227435, 34.721352040297056 ], [ 128.427966976339945, 34.72135938364795 ], [ 128.427984501328041, 34.721379522383401 ] ] ], [ [ [ 128.428710524948116, 34.721612687342422 ], [ 128.428824035701979, 34.721388771140937 ], [ 128.428393734062013, 34.721640403296718 ], [ 128.428710524948116, 34.721612687342422 ] ] ], [ [ [ 128.4283574787367, 34.721701997006726 ], [ 128.42814786817604, 34.721875919421215 ], [ 128.428558362219263, 34.72178815148326 ], [ 128.4283574787367, 34.721701997006726 ] ] ], [ [ [ 128.427736028775797, 34.722771608349149 ], [ 128.427772787882304, 34.722752599550518 ], [ 128.427732087760063, 34.72274629638747 ], [ 128.427736028775797, 34.722771608349149 ] ] ], [ [ [ 128.42781531625505, 34.724286764347681 ], [ 128.427812922723888, 34.72426658866938 ], [ 128.427788626457044, 34.724283069123324 ], [ 128.42781531625505, 34.724286764347681 ] ] ], [ [ [ 128.427769898509013, 34.726118726097852 ], [ 128.427837225358473, 34.726093920977206 ], [ 128.427768575893936, 34.72610630753973 ], [ 128.427769898509013, 34.726118726097852 ] ] ], [ [ [ 128.425470803299589, 34.719866808884504 ], [ 128.424884755251128, 34.728853395578 ], [ 128.428346922249091, 34.733598996550143 ], [ 128.429681694908766, 34.731099692794267 ], [ 128.427548063312059, 34.726151321729645 ], [ 128.427701296714787, 34.720899263872809 ], [ 128.425470803299589, 34.719866808884504 ] ] ], [ [ [ 128.427150814244584, 34.73406731216474 ], [ 128.427169650046011, 34.734144552007145 ], [ 128.427214656287703, 34.734081602884771 ], [ 128.427150814244584, 34.73406731216474 ] ] ], [ [ [ 128.426932732393908, 34.734090883149086 ], [ 128.426960683390604, 34.734162081542593 ], [ 128.427011545809819, 34.734079689817428 ], [ 128.426932732393908, 34.734090883149086 ] ] ], [ [ [ 128.425741329240225, 34.768721073710402 ], [ 128.425441037042106, 34.76876456118373 ], [ 128.425765256043746, 34.768791225409956 ], [ 128.425741329240225, 34.768721073710402 ] ] ], [ [ [ 128.437652424052345, 34.791380771607706 ], [ 128.437669908820027, 34.791489587828728 ], [ 128.437759813640014, 34.791450739425052 ], [ 128.437652424052345, 34.791380771607706 ] ] ], [ [ [ 128.440782530882302, 34.794073263009807 ], [ 128.440886432376288, 34.794042769616127 ], [ 128.440876222144226, 34.794019232256453 ], [ 128.440782530882302, 34.794073263009807 ] ] ], [ [ [ 128.440937615914834, 34.794205499691664 ], [ 128.440790966953728, 34.794273366365196 ], [ 128.440812228271795, 34.79430275960997 ], [ 128.440937615914834, 34.794205499691664 ] ] ], [ [ [ 128.440492471084809, 34.79421650131858 ], [ 128.440684349125291, 34.794296699103192 ], [ 128.440501353963896, 34.794163341953876 ], [ 128.440492471084809, 34.79421650131858 ] ] ], [ [ [ 128.44071648982063, 34.794286282820948 ], [ 128.440742733678121, 34.794252727614335 ], [ 128.440699117592828, 34.794244107674295 ], [ 128.44071648982063, 34.794286282820948 ] ] ], [ [ [ 128.440837433771236, 34.801563234011105 ], [ 128.440824824973845, 34.801520990725336 ], [ 128.440814555735074, 34.801552852749552 ], [ 128.440837433771236, 34.801563234011105 ] ] ], [ [ [ 128.437509489027036, 34.802157337156295 ], [ 128.437463442119139, 34.802119986401777 ], [ 128.437476883573282, 34.802152048139682 ], [ 128.437509489027036, 34.802157337156295 ] ] ], [ [ [ 128.441183342367623, 34.802380407434853 ], [ 128.441276771164581, 34.80218721818855 ], [ 128.441027164605998, 34.802366978779986 ], [ 128.441183342367623, 34.802380407434853 ] ] ], [ [ [ 128.44177347842097, 34.807320177764318 ], [ 128.441743965209895, 34.807245109277105 ], [ 128.441724616934948, 34.807304016439787 ], [ 128.44177347842097, 34.807320177764318 ] ] ], [ [ [ 128.441670527804519, 34.807335298383805 ], [ 128.441567969743858, 34.807287512535517 ], [ 128.441508191599809, 34.807305157208475 ], [ 128.441670527804519, 34.807335298383805 ] ] ], [ [ [ 128.443668104409454, 34.81189278724846 ], [ 128.443749525654226, 34.811949686690831 ], [ 128.443756021406045, 34.811908558899994 ], [ 128.443668104409454, 34.81189278724846 ] ] ] ] } },
{ "type": "Feature", "properties": { "emd_cd": "48220310", "emd_nm": "용남면" }, "geometry": { "type": "MultiPolygon", "coordinates": [ [ [ [ 128.453320252641277, 34.844872534749015 ], [ 128.453152291404479, 34.844480260091949 ], [ 128.453036704434169, 34.84481631720471 ], [ 128.453320252641277, 34.844872534749015 ] ] ], [ [ [ 128.452046188568659, 34.861143120735484 ], [ 128.452720483450292, 34.861536293379842 ], [ 128.453094273750935, 34.861032491471043 ], [ 128.452046188568659, 34.861143120735484 ] ] ], [ [ [ 128.450543196248901, 34.861475576247628 ], [ 128.450634759074461, 34.861354439192453 ], [ 128.450423229329175, 34.861351299652391 ], [ 128.450543196248901, 34.861475576247628 ] ] ], [ [ [ 128.450383832217511, 34.862852675196152 ], [ 128.450622215789252, 34.862630716433827 ], [ 128.450281630778818, 34.862666634963091 ], [ 128.450383832217511, 34.862852675196152 ] ] ], [ [ [ 128.450742181833391, 34.863050782242901 ], [ 128.450519402793731, 34.862867657476436 ], [ 128.450435493851217, 34.862936224266278 ], [ 128.450742181833391, 34.863050782242901 ] ] ], [ [ [ 128.416338563938865, 34.869529200429731 ], [ 128.417792437029078, 34.873299924560079 ], [ 128.421413712658023, 34.874242177508776 ], [ 128.422131503531944, 34.872217553453439 ], [ 128.424764553987586, 34.872285080101953 ], [ 128.428169189447885, 34.876696875274838 ], [ 128.432693878247932, 34.877331450374555 ], [ 128.431873274290041, 34.879482911633673 ], [ 128.434432738672001, 34.880890933488651 ], [ 128.434549128141242, 34.884370915139392 ], [ 128.430965478102394, 34.88350283528483 ], [ 128.432005004747595, 34.887964015986718 ], [ 128.435562311701631, 34.886018419337482 ], [ 128.436699364244845, 34.889823195759348 ], [ 128.445521377928486, 34.888455710013567 ], [ 128.441098659045252, 34.891081895065739 ], [ 128.443956923991209, 34.892957917874007 ], [ 128.440503116546125, 34.892099357643382 ], [ 128.439033455326154, 34.892991117116615 ], [ 128.444471221803951, 34.894996555467799 ], [ 128.444625090982697, 34.896203432509324 ], [ 128.442177786863141, 34.896901547760123 ], [ 128.444550547877242, 34.900038306644795 ], [ 128.451443555323976, 34.902613985654121 ], [ 128.449159083160538, 34.90561051865393 ], [ 128.446178154648209, 34.904583833630895 ], [ 128.44309561824366, 34.910343966507199 ], [ 128.438154277337617, 34.911989687395533 ], [ 128.443962456549514, 34.914288955676092 ], [ 128.453223662256875, 34.91445182264961 ], [ 128.451916343077869, 34.910634254477266 ], [ 128.456919766858448, 34.907853153257236 ], [ 128.457096888936718, 34.905388252273305 ], [ 128.460351342978811, 34.904956492404416 ], [ 128.45390964255634, 34.900688857104775 ], [ 128.45588252973954, 34.900764411581747 ], [ 128.458749511215586, 34.897496582722958 ], [ 128.460411194061038, 34.899443786517146 ], [ 128.45951486640692, 34.899971445765033 ], [ 128.463045110146112, 34.900002014542231 ], [ 128.465027602163104, 34.89875558907945 ], [ 128.465329252379377, 34.894378030863933 ], [ 128.463781328777571, 34.89470600360351 ], [ 128.465634143998557, 34.891897115647339 ], [ 128.471214049485923, 34.891737761278819 ], [ 128.473067485066309, 34.893278017214698 ], [ 128.475787172338272, 34.889723931481726 ], [ 128.468567266436565, 34.887494038961073 ], [ 128.469494324513107, 34.886136308381211 ], [ 128.47006583930542, 34.886517406174342 ], [ 128.470919465581034, 34.886621295615186 ], [ 128.472241461155875, 34.886612454624277 ], [ 128.469425622339969, 34.886050583766469 ], [ 128.47104776268381, 34.884332343731266 ], [ 128.467456044337354, 34.881767836470082 ], [ 128.468345727750318, 34.879762169975393 ], [ 128.466536260582728, 34.876225505434569 ], [ 128.467704767811625, 34.873808062661674 ], [ 128.466288283529764, 34.871125897740747 ], [ 128.460404865801536, 34.872765675559911 ], [ 128.460115647633899, 34.881119534991655 ], [ 128.457772348517153, 34.882689049880078 ], [ 128.45491790952974, 34.881314597823376 ], [ 128.456393856124095, 34.879913533999122 ], [ 128.455109161539866, 34.874659295037823 ], [ 128.456373497827286, 34.872730122240363 ], [ 128.455029479239187, 34.872477534923689 ], [ 128.454069707300903, 34.87496017131069 ], [ 128.451854677396256, 34.873803692933194 ], [ 128.455157529903857, 34.869433316674389 ], [ 128.456490116032342, 34.869577883442346 ], [ 128.456737583745848, 34.868361934140616 ], [ 128.453958554802142, 34.868024244276882 ], [ 128.456431291057555, 34.8647848322885 ], [ 128.451786135022616, 34.86562321633938 ], [ 128.449901555480238, 34.868103667131933 ], [ 128.446577190986602, 34.863934768086196 ], [ 128.450915694258299, 34.86042085764457 ], [ 128.450149581341265, 34.858304837644596 ], [ 128.452943319911469, 34.858152425155538 ], [ 128.453886272198787, 34.855040537788099 ], [ 128.450323343913794, 34.851876489802436 ], [ 128.450521810758573, 34.850106858331287 ], [ 128.453498056447643, 34.849098534789555 ], [ 128.450767065502873, 34.846600600051531 ], [ 128.444221493881372, 34.847479795761096 ], [ 128.444769017253464, 34.850697945079929 ], [ 128.442969233223721, 34.85286398236105 ], [ 128.435866528698853, 34.85342731244301 ], [ 128.441038731467359, 34.856958029660575 ], [ 128.436331401647806, 34.86153676285943 ], [ 128.42934983988593, 34.863760366728705 ], [ 128.42832960330972, 34.866804149484054 ], [ 128.416338563938865, 34.869529200429731 ] ] ], [ [ [ 128.438110476279462, 34.896096242306527 ], [ 128.437676094089881, 34.894670788424264 ], [ 128.436964416765392, 34.894875965986813 ], [ 128.436636818749747, 34.895781781776869 ], [ 128.438110476279462, 34.896096242306527 ] ] ], [ [ [ 128.438587348213446, 34.897575613309364 ], [ 128.439040383156964, 34.897334671244991 ], [ 128.438527464296726, 34.897270282308504 ], [ 128.438587348213446, 34.897575613309364 ] ] ], [ [ [ 128.445248294240912, 34.903000691771012 ], [ 128.445334871665239, 34.902539744278634 ], [ 128.444649048843928, 34.902606200193958 ], [ 128.445248294240912, 34.903000691771012 ] ] ], [ [ [ 128.45830370590599, 34.903108086918884 ], [ 128.457882357753022, 34.902885861332386 ], [ 128.457903667754664, 34.903162058103703 ], [ 128.45830370590599, 34.903108086918884 ] ] ], [ [ [ 128.442399313323421, 34.907279867829644 ], [ 128.442109110945609, 34.907740497851137 ], [ 128.442168308923073, 34.907786893750831 ], [ 128.442399313323421, 34.907279867829644 ] ] ], [ [ [ 128.441670676938344, 34.909568167774296 ], [ 128.441579244570534, 34.909328052359371 ], [ 128.441565060391042, 34.909652545995769 ], [ 128.441670676938344, 34.909568167774296 ] ] ], [ [ [ 128.461632750773845, 34.850932940259334 ], [ 128.461454010389019, 34.850465525786916 ], [ 128.461515775669454, 34.850979797988089 ], [ 128.461632750773845, 34.850932940259334 ] ] ], [ [ [ 128.466919765435648, 34.864422091658128 ], [ 128.46648370481077, 34.867687659531178 ], [ 128.467650603943838, 34.869156050243902 ], [ 128.469773234146487, 34.868464702388032 ], [ 128.46822137103274, 34.866976905169039 ], [ 128.469664730434033, 34.867744571162895 ], [ 128.469244258714269, 34.865346660505921 ], [ 128.466919765435648, 34.864422091658128 ] ] ], [ [ [ 128.475226326223947, 34.899474866641185 ], [ 128.473982652247116, 34.899332178322396 ], [ 128.473123280008679, 34.900068669127926 ], [ 128.47439965113, 34.900444866435549 ], [ 128.475226326223947, 34.899474866641185 ] ] ], [ [ [ 128.489999988030831, 34.911765418466395 ], [ 128.491877302902367, 34.911401259148626 ], [ 128.490124212766574, 34.910161692557779 ], [ 128.489999988030831, 34.911765418466395 ] ] ], [ [ [ 128.45878096374625, 34.91357074322945 ], [ 128.45900385482318, 34.912344449187806 ], [ 128.457733460039719, 34.912487094460943 ], [ 128.45878096374625, 34.91357074322945 ] ] ], [ [ [ 128.476526168660229, 34.908398659883403 ], [ 128.477651872745042, 34.907644176030459 ], [ 128.475444761012682, 34.904396302972408 ], [ 128.465641679564072, 34.905905373464712 ], [ 128.464066575740759, 34.91191405936712 ], [ 128.465686006890024, 34.915749117902664 ], [ 128.469264725393685, 34.918450604265935 ], [ 128.465269587700163, 34.922345570423417 ], [ 128.474708937389437, 34.918721993803707 ], [ 128.472414575124731, 34.917876288596837 ], [ 128.472338901345353, 34.91547871738743 ], [ 128.473668309633211, 34.916198001590132 ], [ 128.472575604797441, 34.914873255309665 ], [ 128.476039792358051, 34.910691334727709 ], [ 128.480163773747222, 34.910061775221855 ], [ 128.476526168660229, 34.908398659883403 ] ], [ [ 128.476673688010948, 34.908919735306995 ], [ 128.47667924485188, 34.908892483559057 ], [ 128.47678622802826, 34.908816274072734 ], [ 128.476673688010948, 34.908919735306995 ] ] ], [ [ [ 128.484635502737945, 34.914717196496944 ], [ 128.485458851786063, 34.917110709571574 ], [ 128.486352489426025, 34.915945249895721 ], [ 128.484635502737945, 34.914717196496944 ] ] ], [ [ [ 128.475757076784589, 34.917856693386469 ], [ 128.475790463472464, 34.918155527409318 ], [ 128.476043698994943, 34.918119711019791 ], [ 128.475757076784589, 34.917856693386469 ] ] ], [ [ [ 128.484785251670388, 34.934613450226962 ], [ 128.48685251997847, 34.935881129604795 ], [ 128.487335410374982, 34.938904819326495 ], [ 128.488743714336835, 34.938170587620213 ], [ 128.489814952318795, 34.936175653361957 ], [ 128.488866597365416, 34.934376268482495 ], [ 128.491204259608367, 34.933092623287614 ], [ 128.489592636434537, 34.928946939539735 ], [ 128.485225012123465, 34.930161997635658 ], [ 128.486825728404369, 34.930925727379105 ], [ 128.485480668032352, 34.931174905689907 ], [ 128.484785251670388, 34.934613450226962 ] ] ], [ [ [ 128.489381767621353, 34.939823309335409 ], [ 128.489073303651253, 34.93996454339397 ], [ 128.489593329801806, 34.93993322214579 ], [ 128.489381767621353, 34.939823309335409 ] ] ], [ [ [ 128.482459320699292, 34.964558021687402 ], [ 128.486363009513269, 34.967889404971615 ], [ 128.489899649893204, 34.965783055573318 ], [ 128.486867532453715, 34.964166211677956 ], [ 128.485054261359522, 34.959906456463578 ], [ 128.486006278293388, 34.957229196388965 ], [ 128.490566889492271, 34.955686599655785 ], [ 128.490464281290002, 34.954091981381183 ], [ 128.484244358101762, 34.955015967105346 ], [ 128.484587138091143, 34.960395510206638 ], [ 128.482459320699292, 34.964558021687402 ] ] ] ] } },
{ "type": "Feature", "properties": { "emd_cd": "48220330", "emd_nm": "도산면" }, "geometry": { "type": "MultiPolygon", "coordinates": [ [ [ [ 128.33495234680484, 34.871992647669842 ], [ 128.334729271054982, 34.871957992733684 ], [ 128.3347288325497, 34.872012316301458 ], [ 128.33495234680484, 34.871992647669842 ] ] ], [ [ [ 128.332817943302672, 34.873100935670585 ], [ 128.332567117893518, 34.873123010036544 ], [ 128.332429221133765, 34.873267625411515 ], [ 128.332817943302672, 34.873100935670585 ] ] ], [ [ [ 128.332552753037419, 34.873273451856505 ], [ 128.332422265353529, 34.873661849137775 ], [ 128.332872907726028, 34.87337456224143 ], [ 128.332552753037419, 34.873273451856505 ] ] ], [ [ [ 128.32475799474102, 34.878923988713368 ], [ 128.325111417430094, 34.878941738181666 ], [ 128.325128066109016, 34.87884010160095 ], [ 128.32475799474102, 34.878923988713368 ] ] ], [ [ [ 128.324760653644432, 34.879137422066954 ], [ 128.324961507228863, 34.879126722685236 ], [ 128.324965589556285, 34.879082361693229 ], [ 128.324760653644432, 34.879137422066954 ] ] ], [ [ [ 128.319575791485789, 34.879453286076469 ], [ 128.319614628018542, 34.879384918271349 ], [ 128.31953748229202, 34.879427327975449 ], [ 128.319575791485789, 34.879453286076469 ] ] ], [ [ [ 128.314652915532946, 34.884486793489991 ], [ 128.314786277605748, 34.884435726791438 ], [ 128.314700955071885, 34.884425347801944 ], [ 128.314652915532946, 34.884486793489991 ] ] ], [ [ [ 128.30900792273755, 34.88534206849021 ], [ 128.309197544142052, 34.885147919909237 ], [ 128.308954833926379, 34.885294182638916 ], [ 128.30900792273755, 34.88534206849021 ] ] ], [ [ [ 128.305150250595801, 34.892675603507051 ], [ 128.304153266575355, 34.893039866080727 ], [ 128.304420150453296, 34.893239662276045 ], [ 128.305150250595801, 34.892675603507051 ] ] ], [ [ [ 128.29974707476174, 34.906106907763821 ], [ 128.299862893140528, 34.904642580553293 ], [ 128.298548726098602, 34.905210990217313 ], [ 128.29974707476174, 34.906106907763821 ] ] ], [ [ [ 128.318566280503973, 34.92259530226422 ], [ 128.321373682509233, 34.926735038810349 ], [ 128.324829711847599, 34.92429137015084 ], [ 128.324307138585709, 34.922764596937242 ], [ 128.322578408384601, 34.924117974019332 ], [ 128.321491508008734, 34.922303662357088 ], [ 128.319932811153677, 34.923051818943463 ], [ 128.319143068483157, 34.92009743410317 ], [ 128.318566280503973, 34.92259530226422 ] ] ], [ [ [ 128.317015756678501, 34.923853938819086 ], [ 128.316711479068914, 34.923655627332295 ], [ 128.316871239467048, 34.923916292639625 ], [ 128.317015756678501, 34.923853938819086 ] ] ], [ [ [ 128.328531261605264, 34.922008845580734 ], [ 128.328713160880966, 34.926479189627052 ], [ 128.332934594821438, 34.926676928591732 ], [ 128.331572562090571, 34.922834509705538 ], [ 128.330392614735672, 34.922173533731105 ], [ 128.32980697087234, 34.923683985112802 ], [ 128.328531261605264, 34.922008845580734 ] ] ], [ [ [ 128.332906167534873, 34.927616692145989 ], [ 128.333343035495147, 34.927598994366626 ], [ 128.333050990131795, 34.927053087993158 ], [ 128.332906167534873, 34.927616692145989 ] ] ], [ [ [ 128.344215171260089, 34.867159760649017 ], [ 128.346231787087675, 34.86740474854416 ], [ 128.343440650027816, 34.866086979667344 ], [ 128.344215171260089, 34.867159760649017 ] ] ], [ [ [ 128.34915385790697, 34.868024569900967 ], [ 128.349809916028647, 34.866005898883927 ], [ 128.346699196190315, 34.867548493911023 ], [ 128.34915385790697, 34.868024569900967 ] ] ], [ [ [ 128.339753463235525, 34.870507195150601 ], [ 128.338297936375938, 34.870736238410231 ], [ 128.337504725908929, 34.871223989889145 ], [ 128.338892124530332, 34.871025222836728 ], [ 128.339753463235525, 34.870507195150601 ] ] ], [ [ [ 128.336391367178152, 34.871316832054681 ], [ 128.33565801068417, 34.871670043696128 ], [ 128.335647835484792, 34.871846901202439 ], [ 128.336391367178152, 34.871316832054681 ] ] ], [ [ [ 128.376045828353369, 34.876416120690365 ], [ 128.37545546774848, 34.87597780714394 ], [ 128.375184318591238, 34.876359496829039 ], [ 128.376045828353369, 34.876416120690365 ] ] ], [ [ [ 128.374500484311085, 34.878163741314218 ], [ 128.375629161049602, 34.877730782712483 ], [ 128.375516029965667, 34.877453918908259 ], [ 128.374500484311085, 34.878163741314218 ] ] ], [ [ [ 128.298387417111599, 34.902437940193217 ], [ 128.308579620625324, 34.908728076616335 ], [ 128.318870921694156, 34.90958971624908 ], [ 128.319505768108456, 34.907377765721101 ], [ 128.321357625359184, 34.90798830109955 ], [ 128.322016723261243, 34.906722505812432 ], [ 128.33860814912515, 34.908516510424768 ], [ 128.345405349707931, 34.905951803179548 ], [ 128.346056368921921, 34.904412219580038 ], [ 128.355274200951385, 34.907804303995491 ], [ 128.355356167234248, 34.910184381188515 ], [ 128.350940685601074, 34.9160013570147 ], [ 128.353913485350972, 34.916741439321974 ], [ 128.354559492325393, 34.919391521531523 ], [ 128.349501651280377, 34.919265613347321 ], [ 128.346102745179365, 34.921497251519902 ], [ 128.351473706417835, 34.922208569257457 ], [ 128.350658295350456, 34.923684705769212 ], [ 128.347427004805155, 34.924719725403463 ], [ 128.344305254190147, 34.923413546938853 ], [ 128.345019436516822, 34.924998301008451 ], [ 128.343652460926677, 34.925826568679 ], [ 128.341348437281624, 34.922189235727764 ], [ 128.338537956058133, 34.923500590644707 ], [ 128.335327829081024, 34.920998195967613 ], [ 128.337682995558026, 34.926631408055734 ], [ 128.337699597905811, 34.924243402756467 ], [ 128.340930534721252, 34.923814234502288 ], [ 128.342377885883934, 34.927049932249496 ], [ 128.345548390309318, 34.929119432091532 ], [ 128.343010899732121, 34.930156362200854 ], [ 128.345185305234054, 34.930294425027732 ], [ 128.34674728090684, 34.9328464051083 ], [ 128.344854894302102, 34.934344155908818 ], [ 128.346180209051312, 34.934942238407096 ], [ 128.34455176162632, 34.937554523798653 ], [ 128.346742698641748, 34.940331447659297 ], [ 128.351109146881896, 34.938284438884246 ], [ 128.353713195818329, 34.941857337221307 ], [ 128.36477470756995, 34.94361073988933 ], [ 128.368931588669312, 34.946304774729974 ], [ 128.374254678069775, 34.945248197776536 ], [ 128.38322383454539, 34.948522737606844 ], [ 128.383064529505361, 34.94459046324296 ], [ 128.386895475009254, 34.940535694338259 ], [ 128.386957670969963, 34.93741261766602 ], [ 128.384101900066383, 34.936465935088982 ], [ 128.381532684732747, 34.929377284231421 ], [ 128.389124101199627, 34.924885651796934 ], [ 128.389177431515407, 34.920040646354344 ], [ 128.397498788649074, 34.911562569958953 ], [ 128.398551036470508, 34.908611608783964 ], [ 128.396264656308119, 34.903402564124676 ], [ 128.391569546857738, 34.902186794235625 ], [ 128.39181955430135, 34.898613119070767 ], [ 128.385341469242206, 34.894789766667664 ], [ 128.379852779038458, 34.895204672000382 ], [ 128.37506180107971, 34.89033514764445 ], [ 128.379811622414223, 34.885859203937116 ], [ 128.377611235203915, 34.882418201051422 ], [ 128.374937977896764, 34.881998186753179 ], [ 128.370915111696803, 34.885948426430446 ], [ 128.368823128188751, 34.885290298505325 ], [ 128.372501250763719, 34.879900224052044 ], [ 128.371530663982185, 34.875600980206187 ], [ 128.375474561049799, 34.872849796328843 ], [ 128.375772017132789, 34.870812776896855 ], [ 128.37352375534951, 34.869385671276312 ], [ 128.367984559054605, 34.87266926719407 ], [ 128.363104565286676, 34.86997689307664 ], [ 128.362203388910189, 34.871649922178214 ], [ 128.360360632280788, 34.870196600505025 ], [ 128.357435187768289, 34.871851423672013 ], [ 128.356149481250753, 34.871096400791885 ], [ 128.356535770158416, 34.874294537935455 ], [ 128.355221894033861, 34.874962324790722 ], [ 128.357388504857454, 34.876952821235236 ], [ 128.357486316854192, 34.878420411910561 ], [ 128.356217249079151, 34.878391167812438 ], [ 128.357467465723516, 34.881830491321274 ], [ 128.352956511891108, 34.879138467932663 ], [ 128.351206921104108, 34.886529791597063 ], [ 128.349106696382051, 34.887543404660896 ], [ 128.347864342651633, 34.886550402403365 ], [ 128.350120849207002, 34.883307481894796 ], [ 128.348880783130653, 34.882053589571854 ], [ 128.350415075960825, 34.87668842038407 ], [ 128.348442820584239, 34.873337088794926 ], [ 128.344160035944583, 34.872686980376358 ], [ 128.341820787942254, 34.87440409188752 ], [ 128.342517669363446, 34.880808354323541 ], [ 128.340646460686941, 34.88231086072912 ], [ 128.339130788891509, 34.881666747507701 ], [ 128.340122002957884, 34.880584128370415 ], [ 128.33368421697304, 34.882902189691862 ], [ 128.332101226020285, 34.881144204858543 ], [ 128.333965165064683, 34.881250889809962 ], [ 128.336774337199643, 34.877762180969306 ], [ 128.332688946822003, 34.877519429704407 ], [ 128.331253354654592, 34.87937562411971 ], [ 128.330905973246672, 34.876605142930146 ], [ 128.328504828152461, 34.875613290429406 ], [ 128.325617409562568, 34.879260636842218 ], [ 128.327106151904388, 34.882318434042148 ], [ 128.326462681864598, 34.882228647022274 ], [ 128.325654283670502, 34.882928806030442 ], [ 128.327481161792889, 34.882482039696434 ], [ 128.329893230143625, 34.885223919301268 ], [ 128.327667412039261, 34.886662104901255 ], [ 128.321910304785547, 34.884568882570242 ], [ 128.319978742564757, 34.87970427045137 ], [ 128.317510109344397, 34.880128207046802 ], [ 128.31647794124234, 34.883784021329589 ], [ 128.314043539840753, 34.885680328502765 ], [ 128.309272418152602, 34.885265524697544 ], [ 128.310630933568376, 34.887987005821323 ], [ 128.312291383647789, 34.888045554253125 ], [ 128.312708739334909, 34.888181106175089 ], [ 128.3127222795639, 34.888240394063118 ], [ 128.31071951986155, 34.88806134960582 ], [ 128.309804759719356, 34.892896653556797 ], [ 128.304739343248087, 34.895279051107174 ], [ 128.306404440518548, 34.895454723423079 ], [ 128.305071501818475, 34.897439296505382 ], [ 128.29998755220538, 34.898178214324027 ], [ 128.297726383722988, 34.900672883339716 ], [ 128.298387417111599, 34.902437940193217 ] ] ], [ [ [ 128.352648852797302, 34.913304633772391 ], [ 128.352447145078116, 34.913160626327993 ], [ 128.352274656909401, 34.913500054070632 ], [ 128.352648852797302, 34.913304633772391 ] ] ], [ [ [ 128.351440667326528, 34.917927783389679 ], [ 128.353359824654632, 34.918047657603147 ], [ 128.35165980100939, 34.917421194915669 ], [ 128.351440667326528, 34.917927783389679 ] ] ], [ [ [ 128.340386911266791, 34.921151210635365 ], [ 128.340390040544918, 34.921200415406418 ], [ 128.340447052042322, 34.921108136812393 ], [ 128.340386911266791, 34.921151210635365 ] ] ], [ [ [ 128.339139348618488, 34.930376717128269 ], [ 128.338305019820666, 34.930285527150076 ], [ 128.338972883393126, 34.930696137947884 ], [ 128.339139348618488, 34.930376717128269 ] ] ], [ [ [ 128.339716227406342, 34.931296452515376 ], [ 128.339684867752936, 34.931235439372763 ], [ 128.339624931320486, 34.931271167663652 ], [ 128.339716227406342, 34.931296452515376 ] ] ], [ [ [ 128.340717054031757, 34.931668449235403 ], [ 128.342716891708363, 34.930943709542035 ], [ 128.340592106164877, 34.930919201397245 ], [ 128.340717054031757, 34.931668449235403 ] ] ] ] } },
{ "type": "Feature", "properties": { "emd_cd": "48220340", "emd_nm": "광도면" }, "geometry": { "type": "MultiPolygon", "coordinates": [ [ [ [ 128.414309574968229, 34.864456627592133 ], [ 128.414653087095672, 34.864807778596429 ], [ 128.41481176702905, 34.864458582335644 ], [ 128.414309574968229, 34.864456627592133 ] ] ], [ [ [ 128.423584803229915, 34.896628425712514 ], [ 128.424424266680973, 34.895101250551825 ], [ 128.423151544457113, 34.889588561608264 ], [ 128.420874394676929, 34.894736912849119 ], [ 128.423584803229915, 34.896628425712514 ] ] ], [ [ [ 128.426654000701234, 34.901048552534462 ], [ 128.426153056873034, 34.90202336641223 ], [ 128.427260585209211, 34.900816168655183 ], [ 128.426654000701234, 34.901048552534462 ] ] ], [ [ [ 128.37649670115232, 34.891159693104377 ], [ 128.379852779038458, 34.895204672000382 ], [ 128.387778337577259, 34.895675147610696 ], [ 128.388479227782028, 34.897540215154883 ], [ 128.39181955430135, 34.898613119070767 ], [ 128.391569546857738, 34.902186794235625 ], [ 128.395731313842901, 34.902955790724974 ], [ 128.398292843151268, 34.9070056184393 ], [ 128.397498788649074, 34.911562569958953 ], [ 128.389177431515407, 34.920040646354344 ], [ 128.389124101199627, 34.924885651796934 ], [ 128.381351323784116, 34.930208982316358 ], [ 128.384101900066383, 34.936465935088982 ], [ 128.386957670969963, 34.93741261766602 ], [ 128.386895475009254, 34.940535694338259 ], [ 128.383064529505361, 34.94459046324296 ], [ 128.38322383454539, 34.948522737606844 ], [ 128.385994663044386, 34.950851187006108 ], [ 128.391041087689047, 34.951983114524495 ], [ 128.38909111096757, 34.961036569155965 ], [ 128.391986547088067, 34.963688395947983 ], [ 128.399848270744229, 34.964015351236071 ], [ 128.401099567153693, 34.971073104636332 ], [ 128.405291674382198, 34.968671864062131 ], [ 128.415664041493841, 34.967197518030233 ], [ 128.423072779461535, 34.975409074697765 ], [ 128.430968288139752, 34.976379984360392 ], [ 128.441367803863983, 34.97186376541913 ], [ 128.440718882077846, 34.970781319535419 ], [ 128.443817678955469, 34.968463773274614 ], [ 128.431314117424961, 34.956954901788478 ], [ 128.4290076167687, 34.956944054221474 ], [ 128.429053555552656, 34.950644242875732 ], [ 128.431254499337172, 34.950655043983723 ], [ 128.432829767057456, 34.949350482107128 ], [ 128.429053895065039, 34.950598544982789 ], [ 128.429077943835836, 34.947311457724979 ], [ 128.430886102600795, 34.94700501505087 ], [ 128.429121848525483, 34.946965438883169 ], [ 128.429715243343537, 34.944605981801899 ], [ 128.427474038751399, 34.942385818704651 ], [ 128.425928374038989, 34.942813418546592 ], [ 128.424719131141586, 34.940295696388119 ], [ 128.429171176928946, 34.93865172398467 ], [ 128.427604881762136, 34.93644679930204 ], [ 128.431430477183739, 34.93232456533692 ], [ 128.435688902469167, 34.931445743717759 ], [ 128.428296393894072, 34.928263258872313 ], [ 128.429958814243264, 34.921997729462319 ], [ 128.428630713483386, 34.914226415561629 ], [ 128.427195657736434, 34.916534962469441 ], [ 128.425548179016403, 34.916413151945569 ], [ 128.417688543065452, 34.910272918215881 ], [ 128.421113294577196, 34.903863160924644 ], [ 128.425655322669684, 34.904668589762657 ], [ 128.425397868157461, 34.902578752258087 ], [ 128.421593261941211, 34.901686065308056 ], [ 128.421085322110486, 34.900067417168351 ], [ 128.422435362277071, 34.899697674144178 ], [ 128.419848967032323, 34.896921441165482 ], [ 128.415321364775281, 34.89677004137188 ], [ 128.419804179800479, 34.896456972074354 ], [ 128.417854461903062, 34.892018732119119 ], [ 128.423363433314933, 34.88389416494968 ], [ 128.421462790604465, 34.874106393124087 ], [ 128.417792437029078, 34.873299924560079 ], [ 128.415455176176749, 34.867548873998203 ], [ 128.412332657272827, 34.866087709385106 ], [ 128.413234141378439, 34.86462601058949 ], [ 128.409020551569711, 34.865184767965481 ], [ 128.410454012775347, 34.866638028141615 ], [ 128.405238114428045, 34.867978134873368 ], [ 128.405319218928241, 34.865627575678907 ], [ 128.386783700941919, 34.867253859361227 ], [ 128.385070889577634, 34.868601524212927 ], [ 128.384955723977697, 34.871304152245948 ], [ 128.386994851235869, 34.873531668939499 ], [ 128.390147159318843, 34.872298244229036 ], [ 128.391015119308918, 34.873528949915034 ], [ 128.388146385999306, 34.876301165973928 ], [ 128.382689678818792, 34.872265835617675 ], [ 128.381169589208156, 34.87304064193625 ], [ 128.381500556891098, 34.875229463388536 ], [ 128.38376583472629, 34.876023938412636 ], [ 128.382076770164559, 34.879045133116804 ], [ 128.38529987379269, 34.881733491908875 ], [ 128.380854700019, 34.889745493288835 ], [ 128.37649670115232, 34.891159693104377 ] ] ], [ [ [ 128.43460190042893, 34.925368633170287 ], [ 128.433893470982241, 34.925739496193167 ], [ 128.434582318032625, 34.925782894749062 ], [ 128.43460190042893, 34.925368633170287 ] ] ], [ [ [ 128.433631164330734, 34.943977234016629 ], [ 128.435466463589648, 34.943950301757532 ], [ 128.433828930643159, 34.941965331253876 ], [ 128.433631164330734, 34.943977234016629 ] ] ], [ [ [ 128.434731788596139, 34.925514657757944 ], [ 128.434850661337919, 34.925164784615674 ], [ 128.434635342709186, 34.925195590007718 ], [ 128.434731788596139, 34.925514657757944 ] ] ], [ [ [ 128.435792484122857, 34.926465601462596 ], [ 128.439224102680527, 34.925741921627271 ], [ 128.435992534671925, 34.924851070670947 ], [ 128.435792484122857, 34.926465601462596 ] ] ], [ [ [ 128.450692482532276, 34.927596568622931 ], [ 128.450984216528639, 34.928226094937983 ], [ 128.451505532394435, 34.927672496121808 ], [ 128.450692482532276, 34.927596568622931 ] ] ], [ [ [ 128.452523791418656, 34.927794648462232 ], [ 128.452569584282315, 34.928106749187677 ], [ 128.453046062103027, 34.927725599610362 ], [ 128.452523791418656, 34.927794648462232 ] ] ], [ [ [ 128.441734591490814, 34.929152757230348 ], [ 128.442311845518759, 34.929541599666301 ], [ 128.442416697572412, 34.929483258385652 ], [ 128.441734591490814, 34.929152757230348 ] ] ] ] } },
{ "type": "Feature", "properties": { "emd_cd": "48220350", "emd_nm": "욕지면" }, "geometry": { "type": "MultiPolygon", "coordinates": [ [ [ [ 128.182585751337911, 34.556888927353235 ], [ 128.182650637150772, 34.557072078669698 ], [ 128.182830518788506, 34.556994501433252 ], [ 128.182585751337911, 34.556888927353235 ] ] ], [ [ [ 128.18309658486703, 34.557700080282473 ], [ 128.18303387684179, 34.557707168730566 ], [ 128.18308988706309, 34.557714241639822 ], [ 128.18309658486703, 34.557700080282473 ] ] ], [ [ [ 128.183195870822516, 34.557861981216618 ], [ 128.183287567096897, 34.557799758283245 ], [ 128.183117755337776, 34.55783467674884 ], [ 128.183195870822516, 34.557861981216618 ] ] ], [ [ [ 128.181438775324295, 34.558288071876326 ], [ 128.181372284003686, 34.558303129577105 ], [ 128.18148167930508, 34.558331690866211 ], [ 128.181438775324295, 34.558288071876326 ] ] ], [ [ [ 128.182658952250222, 34.55865213784999 ], [ 128.183033604996297, 34.558917582474599 ], [ 128.182748282631735, 34.558594649912422 ], [ 128.182658952250222, 34.55865213784999 ] ] ], [ [ [ 128.176171083541419, 34.559384680263719 ], [ 128.176292964162485, 34.559361463400769 ], [ 128.17604883723655, 34.559366591883517 ], [ 128.176171083541419, 34.559384680263719 ] ] ], [ [ [ 128.185381562252871, 34.561930626916329 ], [ 128.185507472465559, 34.561786115867342 ], [ 128.185270086258839, 34.561861239280049 ], [ 128.185381562252871, 34.561930626916329 ] ] ], [ [ [ 128.185128347188112, 34.562089015774333 ], [ 128.184954565418423, 34.561961818393719 ], [ 128.184879988367413, 34.561967800778064 ], [ 128.185128347188112, 34.562089015774333 ] ] ], [ [ [ 128.186960331748367, 34.562014679427925 ], [ 128.187009959694905, 34.562154819405194 ], [ 128.187060910710784, 34.562092150618028 ], [ 128.186960331748367, 34.562014679427925 ] ] ], [ [ [ 128.1860337462887, 34.56271812155444 ], [ 128.186007275718708, 34.562750873312666 ], [ 128.18604215476779, 34.562747500620659 ], [ 128.1860337462887, 34.56271812155444 ] ] ], [ [ [ 128.188538641292183, 34.565263166981381 ], [ 128.188534087118626, 34.565184713892556 ], [ 128.188515201406091, 34.565219635003025 ], [ 128.188538641292183, 34.565263166981381 ] ] ], [ [ [ 128.177514012681172, 34.558452830178197 ], [ 128.179147665143176, 34.561466696242917 ], [ 128.183051886856816, 34.561650081178023 ], [ 128.185022625677334, 34.566273632044236 ], [ 128.182683154482788, 34.572070094331764 ], [ 128.18913318445783, 34.57241666254891 ], [ 128.187499225358891, 34.567925472231657 ], [ 128.18833336427474, 34.563378472527084 ], [ 128.187337667960804, 34.563317202568257 ], [ 128.183835953862854, 34.5619444800422 ], [ 128.182275830815996, 34.559057465725189 ], [ 128.177514012681172, 34.558452830178197 ] ] ], [ [ [ 128.188599427845816, 34.565757626097444 ], [ 128.188845013717582, 34.565676069749472 ], [ 128.188578965743972, 34.565733926973991 ], [ 128.188599427845816, 34.565757626097444 ] ] ], [ [ [ 128.244868623956904, 34.612776490266448 ], [ 128.245050310370175, 34.612849612254855 ], [ 128.244937478070369, 34.612677618043953 ], [ 128.244868623956904, 34.612776490266448 ] ] ], [ [ [ 128.245756261509143, 34.613975392958409 ], [ 128.245857067519637, 34.613732627995368 ], [ 128.245783462286028, 34.613695268481081 ], [ 128.245756261509143, 34.613975392958409 ] ] ], [ [ [ 128.23128811857336, 34.615571960572801 ], [ 128.231496712279949, 34.615982344679935 ], [ 128.231932897944432, 34.615601647022253 ], [ 128.23128811857336, 34.615571960572801 ] ] ], [ [ [ 128.250212696575602, 34.619233227384953 ], [ 128.25019525906427, 34.619112493595097 ], [ 128.250134336359508, 34.619122619833945 ], [ 128.250212696575602, 34.619233227384953 ] ] ], [ [ [ 128.255843816462828, 34.619623747055144 ], [ 128.255440317823172, 34.619255209466374 ], [ 128.255169858934522, 34.61950785166291 ], [ 128.255843816462828, 34.619623747055144 ] ] ], [ [ [ 128.256414541232743, 34.620369074724223 ], [ 128.255795615359318, 34.620013428731575 ], [ 128.255580990680727, 34.620099391114188 ], [ 128.256414541232743, 34.620369074724223 ] ] ], [ [ [ 128.255692587650657, 34.620637357692772 ], [ 128.255770260693595, 34.620556345172062 ], [ 128.255621641063868, 34.620486893611648 ], [ 128.255692587650657, 34.620637357692772 ] ] ], [ [ [ 128.25585254091601, 34.620668541544362 ], [ 128.25589157820437, 34.620734222348567 ], [ 128.255903082225132, 34.620735392369582 ], [ 128.25585254091601, 34.620668541544362 ] ] ], [ [ [ 128.22923521060369, 34.630848927092842 ], [ 128.229156141515546, 34.630767264034901 ], [ 128.229068032949044, 34.630794956189973 ], [ 128.22923521060369, 34.630848927092842 ] ] ], [ [ [ 128.234072786982381, 34.652880577546611 ], [ 128.23406098558948, 34.652807066075241 ], [ 128.233992681850538, 34.652848226912113 ], [ 128.234072786982381, 34.652880577546611 ] ] ], [ [ [ 128.257566643922473, 34.660957527825992 ], [ 128.258005531013112, 34.660680039665259 ], [ 128.257529478452483, 34.660909698024248 ], [ 128.257566643922473, 34.660957527825992 ] ] ], [ [ [ 128.2422777710471, 34.666488975103945 ], [ 128.247426859382983, 34.66562432207062 ], [ 128.252989794658163, 34.667841611235318 ], [ 128.255612599919885, 34.665832739782743 ], [ 128.251402369871556, 34.664607174451156 ], [ 128.252983046402733, 34.661934884215455 ], [ 128.25033373271242, 34.661026908247742 ], [ 128.243514237601033, 34.663968292813308 ], [ 128.2422777710471, 34.666488975103945 ] ] ], [ [ [ 128.250216463221648, 34.667696709064067 ], [ 128.250660923480382, 34.667762319527711 ], [ 128.249857913721371, 34.667381704205027 ], [ 128.250216463221648, 34.667696709064067 ] ] ], [ [ [ 128.233224591702765, 34.673266732176629 ], [ 128.232273281613061, 34.673345050722112 ], [ 128.232131823115282, 34.67350327304429 ], [ 128.232378374079616, 34.673608273136445 ], [ 128.233224591702765, 34.673266732176629 ] ] ], [ [ [ 128.225814210228975, 34.673174642157242 ], [ 128.226116847490289, 34.673904572459939 ], [ 128.226681183703619, 34.673569793330664 ], [ 128.225814210228975, 34.673174642157242 ] ] ], [ [ [ 128.229083328046698, 34.673948470345358 ], [ 128.22908448476116, 34.673860293870376 ], [ 128.229038939200905, 34.673937110929195 ], [ 128.229083328046698, 34.673948470345358 ] ] ], [ [ [ 128.224660903445823, 34.673918118701245 ], [ 128.22419483518749, 34.674005973024769 ], [ 128.22467052268064, 34.673959464021856 ], [ 128.224660903445823, 34.673918118701245 ] ] ], [ [ [ 128.236059528111269, 34.674175127370624 ], [ 128.234599006826556, 34.676485491100472 ], [ 128.236383034280578, 34.677692261092609 ], [ 128.238375173891058, 34.675724969227772 ], [ 128.24117808650513, 34.677620663129957 ], [ 128.244327198957649, 34.677059499515572 ], [ 128.245226131673093, 34.678710105267221 ], [ 128.247693340579303, 34.677049476913503 ], [ 128.252665120819131, 34.680810287024109 ], [ 128.25222087970738, 34.676300974990362 ], [ 128.25684981146216, 34.673908931630564 ], [ 128.255258518549368, 34.673549089309468 ], [ 128.255104221403428, 34.671042783107708 ], [ 128.244161114816535, 34.668146211914213 ], [ 128.242338250027331, 34.671866085869091 ], [ 128.235340597944088, 34.670400978707036 ], [ 128.235563256894636, 34.672112746674308 ], [ 128.233332328531787, 34.673257991403638 ], [ 128.236059528111269, 34.674175127370624 ] ] ], [ [ [ 128.22026953762952, 34.677769060694573 ], [ 128.222876863135554, 34.675939282046215 ], [ 128.222191755895494, 34.674735973701885 ], [ 128.220541541745774, 34.675883899428051 ], [ 128.22026953762952, 34.677769060694573 ] ] ], [ [ [ 128.232437087442378, 34.676571143620087 ], [ 128.232425603924611, 34.676476063804934 ], [ 128.232374892610721, 34.676502812885992 ], [ 128.232437087442378, 34.676571143620087 ] ] ], [ [ [ 128.2204359604427, 34.680145533415484 ], [ 128.223547312121525, 34.678749720466293 ], [ 128.220719560721108, 34.678584426938009 ], [ 128.2204359604427, 34.680145533415484 ] ] ], [ [ [ 128.257679235028888, 34.68290606198962 ], [ 128.25758203920833, 34.682800185481661 ], [ 128.257577455528832, 34.682906414446293 ], [ 128.257679235028888, 34.68290606198962 ] ] ], [ [ [ 128.196405283157162, 34.689719771756735 ], [ 128.195013901806561, 34.688878416456895 ], [ 128.194765648012492, 34.688854779699994 ], [ 128.196405283157162, 34.689719771756735 ] ] ], [ [ [ 128.235043635185974, 34.689573423842845 ], [ 128.236093363174746, 34.691390222247868 ], [ 128.236511833924908, 34.69051031002499 ], [ 128.235043635185974, 34.689573423842845 ] ] ], [ [ [ 128.184134574307649, 34.691249779207823 ], [ 128.18421425966315, 34.691347663900558 ], [ 128.184194644339442, 34.691244863789834 ], [ 128.184134574307649, 34.691249779207823 ] ] ], [ [ [ 128.18398631528342, 34.691352454067932 ], [ 128.183882968026381, 34.691319220619363 ], [ 128.183854353622394, 34.691363656610122 ], [ 128.18398631528342, 34.691352454067932 ] ] ], [ [ [ 128.167756009536618, 34.70639756841949 ], [ 128.17469733625714, 34.711530099560882 ], [ 128.180652956821632, 34.709811256389983 ], [ 128.180713651479579, 34.71003623734795 ], [ 128.181491270424914, 34.71067134530162 ], [ 128.181783563679488, 34.710760313917 ], [ 128.180780895840741, 34.709830172936471 ], [ 128.1824958541863, 34.709373276753425 ], [ 128.191396504124583, 34.710843914917994 ], [ 128.19380874504273, 34.70808925123557 ], [ 128.19851239382993, 34.706296397217784 ], [ 128.200905671848233, 34.702981383505332 ], [ 128.200381894537344, 34.698073700657183 ], [ 128.201541174221404, 34.698613641506391 ], [ 128.200548510617665, 34.697737990334524 ], [ 128.202263516110605, 34.692886061069615 ], [ 128.197331465962435, 34.689464905062451 ], [ 128.196702638085526, 34.692105713574499 ], [ 128.19373486423774, 34.693380176003458 ], [ 128.186691317922538, 34.691780690872939 ], [ 128.182774887984152, 34.692513185312897 ], [ 128.178357573076227, 34.695612055907382 ], [ 128.176591590993496, 34.695268530828592 ], [ 128.175600289373506, 34.697196824601562 ], [ 128.172407276407426, 34.696633482465835 ], [ 128.173153061921511, 34.698321954252435 ], [ 128.167713496757642, 34.702904809606316 ], [ 128.167756009536618, 34.70639756841949 ] ] ], [ [ [ 128.273411414517284, 34.610917669434464 ], [ 128.274030255438333, 34.610212779240122 ], [ 128.272877040585456, 34.610785929553174 ], [ 128.273411414517284, 34.610917669434464 ] ] ], [ [ [ 128.272585614800505, 34.61160433763952 ], [ 128.272241055596567, 34.610731606235447 ], [ 128.271157397797879, 34.611437230485365 ], [ 128.272585614800505, 34.61160433763952 ] ] ], [ [ [ 128.270823978924568, 34.618787603687757 ], [ 128.270978509867604, 34.618294186992856 ], [ 128.270598504214348, 34.618534922184409 ], [ 128.270823978924568, 34.618787603687757 ] ] ], [ [ [ 128.307645669417042, 34.618726374968951 ], [ 128.307572004458706, 34.618641196247353 ], [ 128.30748491855519, 34.61870783810047 ], [ 128.307645669417042, 34.618726374968951 ] ] ], [ [ [ 128.307798899908988, 34.618858572994789 ], [ 128.307695449550778, 34.618807027952869 ], [ 128.30761821138384, 34.618831521781672 ], [ 128.307798899908988, 34.618858572994789 ] ] ], [ [ [ 128.288260355945226, 34.620023274182849 ], [ 128.288696887612758, 34.619844939206551 ], [ 128.288083171364605, 34.620011547538837 ], [ 128.288260355945226, 34.620023274182849 ] ] ], [ [ [ 128.30010141466019, 34.621338454641567 ], [ 128.304248411142737, 34.623747629338958 ], [ 128.306587136038189, 34.623319515569946 ], [ 128.304900705888315, 34.618349520262939 ], [ 128.301615175979492, 34.619992064817801 ], [ 128.298852408859659, 34.619394711982835 ], [ 128.30010141466019, 34.621338454641567 ] ], [ [ 128.304868436188769, 34.622153401625781 ], [ 128.304738012930244, 34.622161157173714 ], [ 128.304938224306511, 34.622149256969102 ], [ 128.304868436188769, 34.622153401625781 ] ], [ [ 128.302234116092677, 34.620537298915828 ], [ 128.302118692066216, 34.620575767605658 ], [ 128.302139043989314, 34.620543938242996 ], [ 128.302234116092677, 34.620537298915828 ] ], [ [ 128.30203106766217, 34.620621354458883 ], [ 128.302138803510616, 34.62054400897749 ], [ 128.302139043989314, 34.620543938242996 ], [ 128.30203106766217, 34.620621354458883 ] ], [ [ 128.301098498904338, 34.620754064687489 ], [ 128.301137995936728, 34.620735524033165 ], [ 128.301017468001248, 34.620872648892849 ], [ 128.301098498904338, 34.620754064687489 ] ], [ [ 128.301447665869603, 34.620801878346946 ], [ 128.301493032879506, 34.620797180880459 ], [ 128.300891271397518, 34.621153606323141 ], [ 128.301447665869603, 34.620801878346946 ] ], [ [ 128.300802223467485, 34.621047945317827 ], [ 128.300844778242094, 34.621154745536408 ], [ 128.300798219589268, 34.621155893369874 ], [ 128.300802223467485, 34.621047945317827 ] ] ], [ [ [ 128.298251962902526, 34.621247303413583 ], [ 128.298168106564901, 34.621770107191011 ], [ 128.298586938929247, 34.621756196365361 ], [ 128.298251962902526, 34.621247303413583 ] ] ], [ [ [ 128.289090965256747, 34.62118575443732 ], [ 128.287632156226096, 34.621635531672332 ], [ 128.287871556629341, 34.622151168730397 ], [ 128.289090965256747, 34.62118575443732 ] ] ], [ [ [ 128.299936362369039, 34.621763359357907 ], [ 128.299804463842889, 34.622129123615878 ], [ 128.300174321891745, 34.622159960172461 ], [ 128.299936362369039, 34.621763359357907 ] ] ], [ [ [ 128.260423004317488, 34.624216207353967 ], [ 128.26045345457959, 34.624043853810662 ], [ 128.26029528582896, 34.624036700305119 ], [ 128.260423004317488, 34.624216207353967 ] ] ], [ [ [ 128.306405927487134, 34.624534766560764 ], [ 128.30618851700541, 34.624636558992435 ], [ 128.306433140088416, 34.624579811875691 ], [ 128.306405927487134, 34.624534766560764 ] ] ], [ [ [ 128.261161144206767, 34.624587796263882 ], [ 128.261564473652669, 34.625011840657763 ], [ 128.261701599334629, 34.625149190489033 ], [ 128.261724574197444, 34.62463807824134 ], [ 128.261161144206767, 34.624587796263882 ] ] ], [ [ [ 128.261797090568336, 34.625608712329594 ], [ 128.261987164506934, 34.625380357168275 ], [ 128.261780237486818, 34.625379535356558 ], [ 128.261797090568336, 34.625608712329594 ] ] ], [ [ [ 128.275284132338101, 34.628129836454988 ], [ 128.274765759841216, 34.628093505634268 ], [ 128.275050953260745, 34.628430221679679 ], [ 128.275284132338101, 34.628129836454988 ] ] ], [ [ [ 128.273223631947531, 34.632045934628735 ], [ 128.272100083053488, 34.630198159478681 ], [ 128.272052327069815, 34.630219624906069 ], [ 128.273223631947531, 34.632045934628735 ] ] ], [ [ [ 128.223591228077169, 34.638002987468269 ], [ 128.234099322842752, 34.638945606281112 ], [ 128.235371622245879, 34.640519558992708 ], [ 128.235527811616123, 34.642096364749534 ], [ 128.234261384759492, 34.641074479408452 ], [ 128.235217733085335, 34.644104185991303 ], [ 128.228907126173596, 34.648080610079305 ], [ 128.233163282907213, 34.649121953628288 ], [ 128.233706022357211, 34.652056244621058 ], [ 128.237786696277595, 34.650342205524076 ], [ 128.242436222842628, 34.652197456420502 ], [ 128.247090130889518, 34.65191103227199 ], [ 128.258288700440573, 34.644838758460196 ], [ 128.265087563388647, 34.645808481229501 ], [ 128.271320571923127, 34.640454574326945 ], [ 128.275533706774922, 34.639369189423405 ], [ 128.273156085530388, 34.636194890148289 ], [ 128.274375723934128, 34.633661495480432 ], [ 128.270501226680295, 34.635102278656476 ], [ 128.268717883872881, 34.633745453502286 ], [ 128.266101884147844, 34.63538692039878 ], [ 128.265054138748297, 34.634403807978721 ], [ 128.266065753526931, 34.631777009140727 ], [ 128.272273647628339, 34.629364412153045 ], [ 128.273020760284766, 34.626252400591206 ], [ 128.275266575801766, 34.624663770278218 ], [ 128.278836607707234, 34.628299475095261 ], [ 128.275242506305688, 34.630957423594928 ], [ 128.277287945685032, 34.63018161767932 ], [ 128.278899824611727, 34.633779880285751 ], [ 128.282808631633799, 34.635340206193398 ], [ 128.283960920584207, 34.637964101169189 ], [ 128.290226647378802, 34.640415588645787 ], [ 128.29891468193253, 34.638982304086319 ], [ 128.29347343870424, 34.635124831517871 ], [ 128.295897191731683, 34.63147465613195 ], [ 128.293550612052826, 34.632018771697403 ], [ 128.291707045806191, 34.62904671303594 ], [ 128.289544430036386, 34.630715942581865 ], [ 128.285940259168768, 34.624605745003009 ], [ 128.287543158286894, 34.622101526778543 ], [ 128.276195291479382, 34.620605209894485 ], [ 128.272616071328088, 34.621657214918493 ], [ 128.272673800631765, 34.6243586410163 ], [ 128.264181442545919, 34.628064131285704 ], [ 128.261235717925928, 34.626899070821601 ], [ 128.259643617200425, 34.623155020415545 ], [ 128.257140695716089, 34.621641364809769 ], [ 128.243812687315511, 34.619331142163219 ], [ 128.245005086930689, 34.613672849631435 ], [ 128.237996118703165, 34.611370346065961 ], [ 128.234296943671126, 34.613171007135456 ], [ 128.232080300587114, 34.617385803065979 ], [ 128.236894100508835, 34.616636707872317 ], [ 128.240932045314167, 34.618190822637622 ], [ 128.24283865263061, 34.619679748128164 ], [ 128.243126287224641, 34.623593264491497 ], [ 128.23519137906581, 34.629459391978685 ], [ 128.237988471558793, 34.633640755435756 ], [ 128.237062993726511, 34.635715509574169 ], [ 128.230130790573355, 34.631503631788483 ], [ 128.226275184683828, 34.633011370597202 ], [ 128.223591228077169, 34.638002987468269 ] ] ], [ [ [ 128.298518500149299, 34.639769547127528 ], [ 128.299130090243182, 34.639717426368755 ], [ 128.298396681115577, 34.639752105844551 ], [ 128.298518500149299, 34.639769547127528 ] ] ], [ [ [ 128.265200897452189, 34.646377600553727 ], [ 128.265374143041356, 34.646669439580322 ], [ 128.265433328275748, 34.646637075776923 ], [ 128.265200897452189, 34.646377600553727 ] ] ], [ [ [ 128.260418558048087, 34.659890812229094 ], [ 128.260294611931499, 34.659927358962321 ], [ 128.260461607601144, 34.659934638638845 ], [ 128.260418558048087, 34.659890812229094 ] ] ], [ [ [ 128.259592944325533, 34.659787863597352 ], [ 128.260387259895964, 34.661132295173637 ], [ 128.260841378801445, 34.660073652616646 ], [ 128.259592944325533, 34.659787863597352 ] ] ], [ [ [ 128.25834465536937, 34.66118188044063 ], [ 128.259329974511701, 34.660759309508052 ], [ 128.258207894373129, 34.660733852130981 ], [ 128.25834465536937, 34.66118188044063 ] ] ], [ [ [ 128.27644891018619, 34.663458880634003 ], [ 128.277017088459132, 34.663312020801683 ], [ 128.276236764287944, 34.662960513072441 ], [ 128.27644891018619, 34.663458880634003 ] ] ], [ [ [ 128.263357876960896, 34.669776650652359 ], [ 128.265069713794247, 34.668550963823371 ], [ 128.265179276031205, 34.665244182983756 ], [ 128.261332214518461, 34.666901203721146 ], [ 128.263315562716627, 34.667679743204161 ], [ 128.263357876960896, 34.669776650652359 ] ] ], [ [ [ 128.303578219139922, 34.668712923814446 ], [ 128.302929676367427, 34.670727418116421 ], [ 128.304909749555378, 34.670252916694665 ], [ 128.306478144458339, 34.667235644060774 ], [ 128.303092646910812, 34.666274043313955 ], [ 128.301593174412972, 34.66740652471178 ], [ 128.303578219139922, 34.668712923814446 ] ] ], [ [ [ 128.303135420991538, 34.669280806225537 ], [ 128.303076184088667, 34.669453031782616 ], [ 128.303175872021711, 34.66932032110843 ], [ 128.303135420991538, 34.669280806225537 ] ] ], [ [ [ 128.305573124072794, 34.670901308085575 ], [ 128.305182959304858, 34.670650347013975 ], [ 128.305458744568995, 34.67098278213615 ], [ 128.305573124072794, 34.670901308085575 ] ] ], [ [ [ 128.306966989780392, 34.672865285123365 ], [ 128.306138243526505, 34.67210654589109 ], [ 128.305650352918633, 34.673078621906569 ], [ 128.305766003769321, 34.673246059665999 ], [ 128.306966989780392, 34.672865285123365 ] ] ], [ [ [ 128.258391206530462, 34.673432436164468 ], [ 128.257307322705401, 34.673733446091568 ], [ 128.258093367622621, 34.674497058436032 ], [ 128.258391206530462, 34.673432436164468 ] ] ], [ [ [ 128.278165813972095, 34.675026871225811 ], [ 128.279136515467115, 34.674913226685959 ], [ 128.278202457322067, 34.674634744452803 ], [ 128.278165813972095, 34.675026871225811 ] ] ], [ [ [ 128.278019246198284, 34.675221425481837 ], [ 128.278057635183444, 34.675101739798833 ], [ 128.277932562230887, 34.675130608633346 ], [ 128.278019246198284, 34.675221425481837 ] ] ], [ [ [ 128.280220717273522, 34.678584988331579 ], [ 128.280028341210567, 34.677191545237257 ], [ 128.279047845087575, 34.677294285756652 ], [ 128.280220717273522, 34.678584988331579 ] ] ], [ [ [ 128.265445607240878, 34.678777474706436 ], [ 128.265472742981672, 34.678715928666705 ], [ 128.265409722885778, 34.678722813468205 ], [ 128.265445607240878, 34.678777474706436 ] ] ], [ [ [ 128.265267416396085, 34.679088932267895 ], [ 128.266476227970685, 34.679397627501594 ], [ 128.26747205166248, 34.678827262881107 ], [ 128.265267416396085, 34.679088932267895 ] ] ], [ [ [ 128.265274337538528, 34.679849368263724 ], [ 128.265230072012571, 34.679861368993343 ], [ 128.265278312193345, 34.679872477125194 ], [ 128.265274337538528, 34.679849368263724 ] ] ], [ [ [ 128.259932687166724, 34.681307259161649 ], [ 128.263246846167476, 34.682556180027525 ], [ 128.265121731983157, 34.679826686785468 ], [ 128.264434770387766, 34.679312973928148 ], [ 128.259932687166724, 34.681307259161649 ] ] ], [ [ [ 128.262037917826433, 34.682466780534135 ], [ 128.262170594245788, 34.682379843007979 ], [ 128.261954110903304, 34.682432758118146 ], [ 128.262037917826433, 34.682466780534135 ] ] ], [ [ [ 128.280160334609604, 34.688353723583525 ], [ 128.286545141345982, 34.690809218535492 ], [ 128.289533371599646, 34.687999547258414 ], [ 128.285353061180643, 34.688891928525422 ], [ 128.280782342237586, 34.687435342533924 ], [ 128.280160334609604, 34.688353723583525 ] ] ], [ [ [ 128.271939481517649, 34.689481963765395 ], [ 128.271504886518869, 34.688947365087706 ], [ 128.271353998731399, 34.689368325256069 ], [ 128.271939481517649, 34.689481963765395 ] ] ], [ [ [ 128.277916587003517, 34.695904030887725 ], [ 128.278014735203641, 34.695340752512848 ], [ 128.277525611944156, 34.69536646767321 ], [ 128.277916587003517, 34.695904030887725 ] ] ], [ [ [ 128.343373341824133, 34.554891439048205 ], [ 128.343244300947902, 34.554956015636563 ], [ 128.343357424603823, 34.555047696220932 ], [ 128.343373341824133, 34.554891439048205 ] ] ], [ [ [ 128.34262893666093, 34.556304435992516 ], [ 128.342748796582157, 34.556324012540024 ], [ 128.342667208326702, 34.5562137519372 ], [ 128.34262893666093, 34.556304435992516 ] ] ], [ [ [ 128.342411517236087, 34.556617994750788 ], [ 128.342569037958611, 34.556699089570685 ], [ 128.342616210325872, 34.556521484218642 ], [ 128.342411517236087, 34.556617994750788 ] ] ], [ [ [ 128.343095157326417, 34.556737227160333 ], [ 128.343039648219843, 34.556667581338303 ], [ 128.343003454694554, 34.556730999633295 ], [ 128.343095157326417, 34.556737227160333 ] ] ], [ [ [ 128.341139008122383, 34.557690177850802 ], [ 128.343356506199967, 34.557684121141875 ], [ 128.343369079126063, 34.55707122090881 ], [ 128.341139008122383, 34.557690177850802 ] ] ], [ [ [ 128.342787873867223, 34.557924214036177 ], [ 128.342852745612902, 34.557834529789659 ], [ 128.342723595840681, 34.557886025525853 ], [ 128.342787873867223, 34.557924214036177 ] ] ], [ [ [ 128.343119414298172, 34.557980294767788 ], [ 128.343286364265566, 34.557846792554543 ], [ 128.343061677925704, 34.55793186547767 ], [ 128.343119414298172, 34.557980294767788 ] ] ], [ [ [ 128.344955371932571, 34.558305885361882 ], [ 128.344860706439903, 34.558271581976889 ], [ 128.344848423501702, 34.558319165171355 ], [ 128.344955371932571, 34.558305885361882 ] ] ], [ [ [ 128.34500103021648, 34.558400969606346 ], [ 128.344834016374222, 34.558394419655826 ], [ 128.344829960072843, 34.558418384721008 ], [ 128.34500103021648, 34.558400969606346 ] ] ], [ [ [ 128.344435148078333, 34.558536519814147 ], [ 128.344398299294369, 34.558604315896709 ], [ 128.344470851150817, 34.558578420785736 ], [ 128.344435148078333, 34.558536519814147 ] ] ], [ [ [ 128.342826237492829, 34.560100348529119 ], [ 128.342738256201955, 34.560098449660003 ], [ 128.342811955930642, 34.560116542177347 ], [ 128.342826237492829, 34.560100348529119 ] ] ], [ [ [ 128.342866238708467, 34.560239744021018 ], [ 128.343071987588729, 34.56029795878564 ], [ 128.342979730122636, 34.560087853369659 ], [ 128.342866238708467, 34.560239744021018 ] ] ], [ [ [ 128.343236017276666, 34.558949097149991 ], [ 128.34464080877504, 34.560931815478597 ], [ 128.344851079637294, 34.563552977176663 ], [ 128.346844420827352, 34.563012577912374 ], [ 128.348003632282484, 34.55817351079537 ], [ 128.343236017276666, 34.558949097149991 ] ] ], [ [ [ 128.344294158360157, 34.561540186556122 ], [ 128.344322819633902, 34.561405244553029 ], [ 128.344190074173355, 34.56148384624791 ], [ 128.344294158360157, 34.561540186556122 ] ] ], [ [ [ 128.345538622574509, 34.565727000900623 ], [ 128.345429659503907, 34.5656806322148 ], [ 128.345406663500484, 34.565688062568817 ], [ 128.345538622574509, 34.565727000900623 ] ] ], [ [ [ 128.345452282846907, 34.565873324647121 ], [ 128.345704736960329, 34.565787549355761 ], [ 128.345377462593035, 34.565776569565287 ], [ 128.345452282846907, 34.565873324647121 ] ] ], [ [ [ 128.345583609219631, 34.566234427894081 ], [ 128.345612940257837, 34.566190415762229 ], [ 128.34554862946402, 34.566188745189038 ], [ 128.345583609219631, 34.566234427894081 ] ] ], [ [ [ 128.345574726204205, 34.567377059116687 ], [ 128.345891588360018, 34.567402053705031 ], [ 128.345574333957956, 34.567346516825317 ], [ 128.345574726204205, 34.567377059116687 ] ] ], [ [ [ 128.332941931721535, 34.593413511921 ], [ 128.333104116276076, 34.593276266964835 ], [ 128.332861113037922, 34.593336376598117 ], [ 128.332941931721535, 34.593413511921 ] ] ], [ [ [ 128.331791081322365, 34.593705761087328 ], [ 128.332121077853486, 34.593740004343985 ], [ 128.332086791796002, 34.593656272933828 ], [ 128.331791081322365, 34.593705761087328 ] ] ], [ [ [ 128.325790561616429, 34.60628305813524 ], [ 128.326564525319213, 34.605894170924273 ], [ 128.325560426905383, 34.606209499149607 ], [ 128.325790561616429, 34.60628305813524 ] ] ], [ [ [ 128.307745450222683, 34.619019766085401 ], [ 128.307689695383004, 34.618974414503128 ], [ 128.307674516717952, 34.618990229098792 ], [ 128.307745450222683, 34.619019766085401 ] ] ], [ [ [ 128.324371414434722, 34.619917931815166 ], [ 128.324416722434449, 34.619830322521047 ], [ 128.324277396871253, 34.619875566408673 ], [ 128.324371414434722, 34.619917931815166 ] ] ], [ [ [ 128.315429727873777, 34.622930428904859 ], [ 128.321607889951622, 34.622574513125791 ], [ 128.326099968698117, 34.619964479586685 ], [ 128.324695165864142, 34.620376609344007 ], [ 128.31846718565123, 34.619359939947202 ], [ 128.315429727873777, 34.622930428904859 ] ] ], [ [ [ 128.316604898146153, 34.62715774813433 ], [ 128.31644006383948, 34.627047364250991 ], [ 128.316387983887324, 34.627110918771116 ], [ 128.316604898146153, 34.62715774813433 ] ] ], [ [ [ 128.31568537593634, 34.628686045422043 ], [ 128.31675513114007, 34.627714221473795 ], [ 128.316865504605573, 34.627243501881772 ], [ 128.315046048720205, 34.627478623972223 ], [ 128.31568537593634, 34.628686045422043 ] ] ], [ [ [ 128.344653821307048, 34.640934005820633 ], [ 128.344917840761127, 34.640889238957307 ], [ 128.344866464818892, 34.640818030339886 ], [ 128.344653821307048, 34.640934005820633 ] ] ], [ [ [ 128.34533270155066, 34.641187458803174 ], [ 128.344517518190742, 34.641224923380264 ], [ 128.344214411340886, 34.641490486752851 ], [ 128.34533270155066, 34.641187458803174 ] ] ], [ [ [ 128.342865486627772, 34.646316439816751 ], [ 128.342954888886226, 34.646195628770492 ], [ 128.342810811928501, 34.646167015218317 ], [ 128.342865486627772, 34.646316439816751 ] ] ], [ [ [ 128.34381661982323, 34.647728863151087 ], [ 128.34387834810363, 34.647558559026415 ], [ 128.34378656157358, 34.64754478632257 ], [ 128.34381661982323, 34.647728863151087 ] ] ], [ [ [ 128.344556714695244, 34.655405227939966 ], [ 128.344758383281942, 34.65536466901662 ], [ 128.344482134787512, 34.655266793379205 ], [ 128.344556714695244, 34.655405227939966 ] ] ], [ [ [ 128.316808187993161, 34.658398208247469 ], [ 128.316774567798262, 34.658252180851015 ], [ 128.316484851802329, 34.658437730934395 ], [ 128.316808187993161, 34.658398208247469 ] ] ], [ [ [ 128.315841630371381, 34.658642061639803 ], [ 128.315864378965102, 34.658543593663431 ], [ 128.315790682022538, 34.658559080107246 ], [ 128.315841630371381, 34.658642061639803 ] ] ], [ [ [ 128.312641184945107, 34.662557834270473 ], [ 128.312754302598449, 34.662536956667608 ], [ 128.312624652884892, 34.662455521433465 ], [ 128.312641184945107, 34.662557834270473 ] ] ], [ [ [ 128.311900111901451, 34.663837734374241 ], [ 128.312576112687566, 34.663899587970711 ], [ 128.311819373810181, 34.661139027098606 ], [ 128.311900111901451, 34.663837734374241 ] ] ], [ [ [ 128.342680577479143, 34.662610170405166 ], [ 128.343061097373948, 34.66279924076931 ], [ 128.342956171941609, 34.662361842821412 ], [ 128.342680577479143, 34.662610170405166 ] ] ], [ [ [ 128.340027907980982, 34.662842218810788 ], [ 128.339743490784684, 34.662670273534061 ], [ 128.339629434158667, 34.663169575267794 ], [ 128.340027907980982, 34.662842218810788 ] ] ], [ [ [ 128.339656093164763, 34.66416766838563 ], [ 128.339752734610755, 34.664025806535122 ], [ 128.339566879056122, 34.66409023096692 ], [ 128.339656093164763, 34.66416766838563 ] ] ], [ [ [ 128.338760994300145, 34.66428650699774 ], [ 128.339588741663988, 34.664342725736034 ], [ 128.339574167952321, 34.664201206765 ], [ 128.338760994300145, 34.66428650699774 ] ] ], [ [ [ 128.307884470039113, 34.673348775026824 ], [ 128.30813329841294, 34.673396324199352 ], [ 128.308088658805332, 34.673196400298913 ], [ 128.307884470039113, 34.673348775026824 ] ] ], [ [ [ 128.436086406229094, 34.536370325630301 ], [ 128.436626241351604, 34.53705911064521 ], [ 128.437572226703509, 34.536833336987286 ], [ 128.436086406229094, 34.536370325630301 ] ] ], [ [ [ 128.439184843884988, 34.537070212884835 ], [ 128.439409633256162, 34.537407454705729 ], [ 128.439371757084217, 34.537109311958076 ], [ 128.439184843884988, 34.537070212884835 ] ] ], [ [ [ 128.437544718362716, 34.53725230385934 ], [ 128.437625306383808, 34.537518814742093 ], [ 128.438115557244998, 34.53751001633448 ], [ 128.437544718362716, 34.53725230385934 ] ] ], [ [ [ 128.434781919507913, 34.54002100203266 ], [ 128.434773654101292, 34.540562381528623 ], [ 128.435619428532533, 34.540715354578126 ], [ 128.434781919507913, 34.54002100203266 ] ] ], [ [ [ 128.435164001183836, 34.539248173924094 ], [ 128.438133940923819, 34.539794266780262 ], [ 128.435260088953299, 34.540014484808701 ], [ 128.440229942153536, 34.542384318714092 ], [ 128.439387848508886, 34.544346053387343 ], [ 128.444574183317854, 34.548294842286587 ], [ 128.449219308085674, 34.546857942937116 ], [ 128.448500317724609, 34.544381143321992 ], [ 128.44235614376106, 34.542143670986711 ], [ 128.444644883738675, 34.541079286634755 ], [ 128.441203597689423, 34.539897745284826 ], [ 128.442515411420686, 34.539718213960576 ], [ 128.441112528322492, 34.538551507391489 ], [ 128.437051270134305, 34.537559188820012 ], [ 128.435164001183836, 34.539248173924094 ] ] ], [ [ [ 128.445633314168475, 34.548469325725804 ], [ 128.445808182616446, 34.54891526614005 ], [ 128.446052096904538, 34.548588137642533 ], [ 128.445633314168475, 34.548469325725804 ] ] ], [ [ [ 128.346237397659678, 34.55782988800177 ], [ 128.346289895549461, 34.557707287626471 ], [ 128.346122054329271, 34.557781403408164 ], [ 128.346237397659678, 34.55782988800177 ] ] ], [ [ [ 128.348310093144477, 34.558589552986568 ], [ 128.348317160527813, 34.558468772975644 ], [ 128.348283957708162, 34.558462222300165 ], [ 128.348310093144477, 34.558589552986568 ] ] ], [ [ [ 128.347051094396562, 34.56290803904794 ], [ 128.347039702411848, 34.562673580974398 ], [ 128.347018771367061, 34.562909984142777 ], [ 128.347051094396562, 34.56290803904794 ] ] ], [ [ [ 128.348216248953975, 34.563467887405196 ], [ 128.350965038697325, 34.563450580792953 ], [ 128.347685771773627, 34.563167668619677 ], [ 128.348216248953975, 34.563467887405196 ] ] ], [ [ [ 128.345794565226214, 34.565603465544172 ], [ 128.346202172850838, 34.565495950711963 ], [ 128.345944282488148, 34.565463692638211 ], [ 128.345794565226214, 34.565603465544172 ] ] ], [ [ [ 128.345880673283517, 34.565621262292524 ], [ 128.346188335075453, 34.565923745640987 ], [ 128.346708755964045, 34.565706644666072 ], [ 128.345880673283517, 34.565621262292524 ] ] ], [ [ [ 128.345902843346806, 34.566537073262303 ], [ 128.347103465508866, 34.567837172273904 ], [ 128.348837818059053, 34.56675853788672 ], [ 128.346910320027803, 34.56589494188988 ], [ 128.345902843346806, 34.566537073262303 ] ] ], [ [ [ 128.348682170736708, 34.567869565256807 ], [ 128.348822933778962, 34.567677692863342 ], [ 128.348499806387224, 34.56780434568843 ], [ 128.348682170736708, 34.567869565256807 ] ] ], [ [ [ 128.347959076873508, 34.56788059739673 ], [ 128.348644379607748, 34.568770451923243 ], [ 128.349155506267948, 34.568487712517971 ], [ 128.347959076873508, 34.56788059739673 ] ] ], [ [ [ 128.348557028654824, 34.56891677239981 ], [ 128.349003624448983, 34.568926939199883 ], [ 128.348709405397415, 34.568851026184362 ], [ 128.348557028654824, 34.56891677239981 ] ] ], [ [ [ 128.348245315978289, 34.568979358368146 ], [ 128.348598561767034, 34.569376413312526 ], [ 128.349057322480235, 34.5693152703778 ], [ 128.348245315978289, 34.568979358368146 ] ] ], [ [ [ 128.348674836743669, 34.569600265682823 ], [ 128.348773710689102, 34.569521766644499 ], [ 128.348620373580047, 34.569545708848892 ], [ 128.348674836743669, 34.569600265682823 ] ] ], [ [ [ 128.348232676583478, 34.569606310932791 ], [ 128.348596092349396, 34.569855532977982 ], [ 128.348676758270102, 34.569735074612602 ], [ 128.348232676583478, 34.569606310932791 ] ] ], [ [ [ 128.348725069407152, 34.571451396893387 ], [ 128.348850631935363, 34.571278247001956 ], [ 128.34869677419573, 34.57132935534694 ], [ 128.348725069407152, 34.571451396893387 ] ] ], [ [ [ 128.347949077550084, 34.57540600907047 ], [ 128.349831774443828, 34.575765211728971 ], [ 128.349008456078082, 34.572029379987789 ], [ 128.347820707314014, 34.572357994675187 ], [ 128.347949077550084, 34.57540600907047 ] ] ], [ [ [ 128.352138707510704, 34.578639119788896 ], [ 128.352207021339069, 34.578397704008594 ], [ 128.352020063903439, 34.57851759907232 ], [ 128.352138707510704, 34.578639119788896 ] ] ], [ [ [ 128.376949053581342, 34.633247339010715 ], [ 128.376982606312566, 34.633310429515916 ], [ 128.376996790545178, 34.633280394885496 ], [ 128.376949053581342, 34.633247339010715 ] ] ], [ [ [ 128.375821158397173, 34.633906082052484 ], [ 128.375179489589243, 34.634236943553788 ], [ 128.375853245930443, 34.633946359560888 ], [ 128.375821158397173, 34.633906082052484 ] ] ], [ [ [ 128.376978951752278, 34.634808155869088 ], [ 128.376810281357564, 34.634782124757145 ], [ 128.376787436887668, 34.634800612961456 ], [ 128.376978951752278, 34.634808155869088 ] ] ], [ [ [ 128.374831404436009, 34.634915182761539 ], [ 128.374694377284413, 34.635197342501527 ], [ 128.374979048355186, 34.635005000852402 ], [ 128.374831404436009, 34.634915182761539 ] ] ], [ [ [ 128.375861359688116, 34.635372961293371 ], [ 128.375882241190396, 34.635318190294967 ], [ 128.37584475353276, 34.635337630832076 ], [ 128.375861359688116, 34.635372961293371 ] ] ], [ [ [ 128.373606243938497, 34.635896688298835 ], [ 128.372995627023926, 34.636203765355937 ], [ 128.373690057414308, 34.635934158774845 ], [ 128.373606243938497, 34.635896688298835 ] ] ], [ [ [ 128.349788942660695, 34.639626676623195 ], [ 128.349823045304703, 34.639501391304229 ], [ 128.34975961109788, 34.639578411556876 ], [ 128.349788942660695, 34.639626676623195 ] ] ], [ [ [ 128.380678843113117, 34.640402053103159 ], [ 128.380870470364215, 34.640551500094155 ], [ 128.380909352236273, 34.640446070264183 ], [ 128.380678843113117, 34.640402053103159 ] ] ], [ [ [ 128.364825448692102, 34.640555091064627 ], [ 128.364759504255602, 34.640564103509995 ], [ 128.364814987024914, 34.640571090618508 ], [ 128.364825448692102, 34.640555091064627 ] ] ], [ [ [ 128.36491376721213, 34.640666795352594 ], [ 128.364879437496825, 34.640592024289077 ], [ 128.36484901057517, 34.640598851431996 ], [ 128.36491376721213, 34.640666795352594 ] ] ], [ [ [ 128.373340649196422, 34.640656875671915 ], [ 128.37323019670265, 34.64077425673409 ], [ 128.373345483973338, 34.640775084851093 ], [ 128.373340649196422, 34.640656875671915 ] ] ], [ [ [ 128.373232617459422, 34.640892931229779 ], [ 128.372954634086284, 34.641421548044953 ], [ 128.373428370700083, 34.640881148273571 ], [ 128.373232617459422, 34.640892931229779 ] ] ], [ [ [ 128.358964852680799, 34.64152749717887 ], [ 128.358812906150973, 34.641511264503478 ], [ 128.358819207164771, 34.641542766000946 ], [ 128.358964852680799, 34.64152749717887 ] ] ], [ [ [ 128.346593807600584, 34.64943487985429 ], [ 128.351208178091184, 34.649042478551927 ], [ 128.351977370626315, 34.651373333981688 ], [ 128.359382459720621, 34.64591843625908 ], [ 128.361499224053318, 34.647037883309245 ], [ 128.363419528786437, 34.644777621769684 ], [ 128.366940458858011, 34.645266292997832 ], [ 128.366586403303785, 34.642180394469285 ], [ 128.371401664354408, 34.639385338274018 ], [ 128.372992808807254, 34.639919089013226 ], [ 128.376311086693562, 34.644411234012146 ], [ 128.378039154341735, 34.639109195361648 ], [ 128.374284999461082, 34.640057842351425 ], [ 128.372811924283184, 34.637386582272164 ], [ 128.361320958062294, 34.643048894694303 ], [ 128.358749526108198, 34.642809297416896 ], [ 128.357467880572187, 34.640147337623731 ], [ 128.34951729425029, 34.639790048114058 ], [ 128.344987713803363, 34.64161800045428 ], [ 128.346068261478706, 34.643819405688106 ], [ 128.343618362944852, 34.645522195854298 ], [ 128.346593807600584, 34.64943487985429 ] ] ], [ [ [ 128.352019510730486, 34.652950809823068 ], [ 128.351279224239732, 34.653944680940434 ], [ 128.352138226669439, 34.653784299729757 ], [ 128.352019510730486, 34.652950809823068 ] ] ], [ [ [ 128.350300450270709, 34.654963739474773 ], [ 128.350823431703333, 34.654415228724972 ], [ 128.350040621770177, 34.654721197682626 ], [ 128.350300450270709, 34.654963739474773 ] ] ], [ [ [ 128.340138854892757, 34.661607909787463 ], [ 128.347701665985824, 34.661063479529119 ], [ 128.351455032355886, 34.654700828287851 ], [ 128.347468978183031, 34.656190774653737 ], [ 128.345315664766218, 34.655705192454974 ], [ 128.344771263082606, 34.657623795646629 ], [ 128.341559658473358, 34.657364709419276 ], [ 128.340138854892757, 34.661607909787463 ] ] ], [ [ [ 128.347891808622165, 34.662310605902597 ], [ 128.347728347261778, 34.662133549379654 ], [ 128.347595879370601, 34.662276036849157 ], [ 128.347891808622165, 34.662310605902597 ] ] ] ] } },
{ "type": "Feature", "properties": { "emd_cd": "48220360", "emd_nm": "한산면" }, "geometry": { "type": "MultiPolygon", "coordinates": [ [ [ [ 128.476144203987019, 34.496384400889042 ], [ 128.476091155143251, 34.496744307255426 ], [ 128.476446667054063, 34.496745835081555 ], [ 128.476144203987019, 34.496384400889042 ] ] ], [ [ [ 128.468144512659109, 34.638489567483816 ], [ 128.468389234969607, 34.638481875432554 ], [ 128.468067018647758, 34.638379507923929 ], [ 128.468144512659109, 34.638489567483816 ] ] ], [ [ [ 128.468053857103996, 34.638540984641089 ], [ 128.468249612566808, 34.638947046342942 ], [ 128.468621225594177, 34.638974513929568 ], [ 128.468053857103996, 34.638540984641089 ] ] ], [ [ [ 128.468142803053325, 34.6388333521639 ], [ 128.468102971354142, 34.638746695874651 ], [ 128.468055817966217, 34.638771341801061 ], [ 128.468142803053325, 34.6388333521639 ] ] ], [ [ [ 128.467615922352024, 34.638852636336971 ], [ 128.468000441219743, 34.63902935612964 ], [ 128.468338240218458, 34.639118874591084 ], [ 128.467615922352024, 34.638852636336971 ] ] ], [ [ [ 128.467082872268634, 34.639219938013483 ], [ 128.467561324921178, 34.640454299574728 ], [ 128.46819270202019, 34.639257336340378 ], [ 128.467082872268634, 34.639219938013483 ] ] ], [ [ [ 128.468578905508053, 34.640806534761325 ], [ 128.469285580778404, 34.640089305382887 ], [ 128.46876097318642, 34.639895139408253 ], [ 128.468578905508053, 34.640806534761325 ] ] ], [ [ [ 128.465168091526863, 34.643478226823682 ], [ 128.468748124834434, 34.643381851156626 ], [ 128.46828728010351, 34.641681367049848 ], [ 128.472804668446059, 34.642329381965403 ], [ 128.467997855936829, 34.641080396849347 ], [ 128.468011924042258, 34.640370284754937 ], [ 128.465168091526863, 34.643478226823682 ] ] ], [ [ [ 128.457541953147228, 34.702042361025228 ], [ 128.456774339919434, 34.702194822483854 ], [ 128.457156432788281, 34.702379533577378 ], [ 128.457541953147228, 34.702042361025228 ] ] ], [ [ [ 128.455717714995075, 34.702893951675343 ], [ 128.455913481613351, 34.703128599490249 ], [ 128.455985947577972, 34.702820515858427 ], [ 128.455717714995075, 34.702893951675343 ] ] ], [ [ [ 128.4575715141454, 34.703174410126898 ], [ 128.457164246082044, 34.702781506690357 ], [ 128.45644058546543, 34.703109468256166 ], [ 128.4575715141454, 34.703174410126898 ] ] ], [ [ [ 128.459186113934379, 34.703647561216407 ], [ 128.459496855575424, 34.703645022337938 ], [ 128.459552124359476, 34.703511733395082 ], [ 128.459186113934379, 34.703647561216407 ] ] ], [ [ [ 128.45234818137979, 34.704459778846825 ], [ 128.452692883810954, 34.704204123606544 ], [ 128.452220152224328, 34.704360110103906 ], [ 128.45234818137979, 34.704459778846825 ] ] ], [ [ [ 128.454652656879716, 34.704472447860098 ], [ 128.454639725918014, 34.704510104771344 ], [ 128.454675364896815, 34.704488306363309 ], [ 128.454652656879716, 34.704472447860098 ] ] ], [ [ [ 128.45113948860498, 34.704543755600788 ], [ 128.451075995142645, 34.704479604098161 ], [ 128.451042207066024, 34.704495370372896 ], [ 128.45113948860498, 34.704543755600788 ] ] ], [ [ [ 128.450007468443886, 34.710395733906161 ], [ 128.450632080284038, 34.713213220712255 ], [ 128.457887179267203, 34.715527441528863 ], [ 128.458076242230732, 34.717423393559081 ], [ 128.463798698035106, 34.713550605971811 ], [ 128.466240980134444, 34.708567592553258 ], [ 128.460825513701536, 34.704131762113896 ], [ 128.455568247015606, 34.704476282026974 ], [ 128.447657328389624, 34.708893211150652 ], [ 128.450007468443886, 34.710395733906161 ] ] ], [ [ [ 128.462678886040493, 34.714770519462782 ], [ 128.462712466620786, 34.714802217192023 ], [ 128.46272804017633, 34.714782644378474 ], [ 128.462678886040493, 34.714770519462782 ] ] ], [ [ [ 128.452971515819797, 34.720267706518008 ], [ 128.453046746383478, 34.720150141232153 ], [ 128.452936523762986, 34.720226805443929 ], [ 128.452971515819797, 34.720267706518008 ] ] ], [ [ [ 128.463218433892308, 34.72136107964635 ], [ 128.463212439087584, 34.72127366181131 ], [ 128.463134784065971, 34.72131423358482 ], [ 128.463218433892308, 34.72136107964635 ] ] ], [ [ [ 128.453524967567745, 34.721441141012214 ], [ 128.453435050207531, 34.722656183187937 ], [ 128.454278000116943, 34.722954965746069 ], [ 128.45459921432564, 34.722251607701985 ], [ 128.453524967567745, 34.721441141012214 ] ] ], [ [ [ 128.464993714020153, 34.722022311403983 ], [ 128.464974938004872, 34.721940903846068 ], [ 128.4649399687666, 34.722015449419807 ], [ 128.464993714020153, 34.722022311403983 ] ] ], [ [ [ 128.45760191279166, 34.730290034430531 ], [ 128.460658307875377, 34.730724406822425 ], [ 128.459813988152007, 34.732588429647279 ], [ 128.461300669149182, 34.731587719629296 ], [ 128.462031413379009, 34.733996463918004 ], [ 128.464902100720622, 34.734962241358289 ], [ 128.470665524959259, 34.729129527259666 ], [ 128.460507998693231, 34.718807137122361 ], [ 128.459486182791892, 34.722311987683376 ], [ 128.455659728806239, 34.725980682473363 ], [ 128.45760191279166, 34.730290034430531 ] ] ], [ [ [ 128.470137841889397, 34.728125080321085 ], [ 128.470137537642756, 34.727984919407284 ], [ 128.469989758844633, 34.728012588007452 ], [ 128.470137841889397, 34.728125080321085 ] ] ], [ [ [ 128.470834626123036, 34.728664859093833 ], [ 128.470826932762918, 34.728548048471716 ], [ 128.470773606879135, 34.728654218139262 ], [ 128.470834626123036, 34.728664859093833 ] ] ], [ [ [ 128.455563995243637, 34.730313307473054 ], [ 128.455641463759434, 34.730115255391418 ], [ 128.455478025152928, 34.730175277731426 ], [ 128.455563995243637, 34.730313307473054 ] ] ], [ [ [ 128.455971699682493, 34.731255578108723 ], [ 128.45607273754257, 34.731506909381352 ], [ 128.456100757206485, 34.731451643503696 ], [ 128.455971699682493, 34.731255578108723 ] ] ], [ [ [ 128.467621586629321, 34.732335542381392 ], [ 128.468699188226708, 34.731623336017861 ], [ 128.467952573013008, 34.731951812885185 ], [ 128.467621586629321, 34.732335542381392 ] ] ], [ [ [ 128.46871184345639, 34.739830040114555 ], [ 128.468663828539832, 34.739760476094339 ], [ 128.46860298226153, 34.739752286609338 ], [ 128.46871184345639, 34.739830040114555 ] ] ], [ [ [ 128.480369356961745, 34.739834358373173 ], [ 128.480290920248706, 34.739778829817652 ], [ 128.480277475704582, 34.739800090515118 ], [ 128.480369356961745, 34.739834358373173 ] ] ], [ [ [ 128.480884764564308, 34.73978392000712 ], [ 128.480874274206457, 34.739844314355487 ], [ 128.480905248779436, 34.73979453594972 ], [ 128.480884764564308, 34.73978392000712 ] ] ], [ [ [ 128.470640224397613, 34.739819321619919 ], [ 128.470770702206067, 34.739846824069737 ], [ 128.470589878445821, 34.739769092325233 ], [ 128.470640224397613, 34.739819321619919 ] ] ], [ [ [ 128.472708596208008, 34.740137552836991 ], [ 128.472688033619306, 34.739967972558532 ], [ 128.472603238553262, 34.740052552781371 ], [ 128.472708596208008, 34.740137552836991 ] ] ], [ [ [ 128.472417834736319, 34.740185957777157 ], [ 128.472317154888799, 34.74009177445528 ], [ 128.472230010209785, 34.740159442880724 ], [ 128.472417834736319, 34.740185957777157 ] ] ], [ [ [ 128.459536333412956, 34.75019242094605 ], [ 128.459317732210337, 34.750114819940038 ], [ 128.459317194516956, 34.750197115545504 ], [ 128.459536333412956, 34.75019242094605 ] ] ], [ [ [ 128.460977780927692, 34.775252577076316 ], [ 128.460154285231511, 34.776262946766401 ], [ 128.461196911010489, 34.777337870652346 ], [ 128.460977780927692, 34.775252577076316 ] ] ], [ [ [ 128.460812137982401, 34.779434580874344 ], [ 128.463826723105029, 34.77976637577467 ], [ 128.46065170034575, 34.778114402243375 ], [ 128.460812137982401, 34.779434580874344 ] ] ], [ [ [ 128.459857599877552, 34.780895821586732 ], [ 128.460310257045762, 34.780803890731775 ], [ 128.459829998134097, 34.780869846719469 ], [ 128.459857599877552, 34.780895821586732 ] ] ], [ [ [ 128.461649936131863, 34.785301446135129 ], [ 128.461610331822499, 34.785261023152323 ], [ 128.461608544202761, 34.785302308216714 ], [ 128.461649936131863, 34.785301446135129 ] ] ], [ [ [ 128.460483372462051, 34.786131646466409 ], [ 128.460397371664641, 34.786149030809199 ], [ 128.46038949326109, 34.786157541035315 ], [ 128.460483372462051, 34.786131646466409 ] ] ], [ [ [ 128.469215854611178, 34.801424155551501 ], [ 128.469159893988007, 34.8013611737518 ], [ 128.469135977856951, 34.801385938644287 ], [ 128.469215854611178, 34.801424155551501 ] ] ], [ [ [ 128.462564499655571, 34.804457908072877 ], [ 128.462412206405588, 34.806201863668335 ], [ 128.463017082094041, 34.804511164347687 ], [ 128.462564499655571, 34.804457908072877 ] ] ], [ [ [ 128.45721707813567, 34.811615100121685 ], [ 128.456537377020879, 34.81026989374589 ], [ 128.455934439238149, 34.810075799875889 ], [ 128.455585619068188, 34.810938076637456 ], [ 128.45721707813567, 34.811615100121685 ] ] ], [ [ [ 128.464766745798471, 34.811117265308958 ], [ 128.464512197200946, 34.810866222229464 ], [ 128.464586253334204, 34.811166027825969 ], [ 128.464766745798471, 34.811117265308958 ] ] ], [ [ [ 128.458415995885389, 34.812265681661572 ], [ 128.458708932711886, 34.811977037419872 ], [ 128.458285871235717, 34.812192647012743 ], [ 128.458415995885389, 34.812265681661572 ] ] ], [ [ [ 128.458846867631763, 34.812677647048083 ], [ 128.45874661542527, 34.812442315112499 ], [ 128.458657469711426, 34.812581732563743 ], [ 128.458846867631763, 34.812677647048083 ] ] ], [ [ [ 128.458048663464837, 34.814483694114017 ], [ 128.459325961245327, 34.813595651203251 ], [ 128.457844326818133, 34.812486395413302 ], [ 128.458048663464837, 34.814483694114017 ] ] ], [ [ [ 128.532723552136844, 34.564172131139159 ], [ 128.532125007464572, 34.56376489910825 ], [ 128.531923082797221, 34.564142913978145 ], [ 128.532723552136844, 34.564172131139159 ] ] ], [ [ [ 128.533226964264884, 34.565644786723063 ], [ 128.533339095021574, 34.565601650430885 ], [ 128.533230592888316, 34.565557289530275 ], [ 128.533226964264884, 34.565644786723063 ] ] ], [ [ [ 128.533539739583546, 34.565907040762241 ], [ 128.533670388245753, 34.565870997296962 ], [ 128.533537867991868, 34.56585013514519 ], [ 128.533539739583546, 34.565907040762241 ] ] ], [ [ [ 128.532720061309959, 34.566183232704589 ], [ 128.532795849312521, 34.566140534307642 ], [ 128.53268113291918, 34.566129655325419 ], [ 128.532720061309959, 34.566183232704589 ] ] ], [ [ [ 128.536761263677221, 34.644020895410762 ], [ 128.536822647304803, 34.64391949398852 ], [ 128.536715331449898, 34.643948976267794 ], [ 128.536761263677221, 34.644020895410762 ] ] ], [ [ [ 128.537032231309468, 34.644010731819755 ], [ 128.537158905138739, 34.644238002721643 ], [ 128.537270412700053, 34.644125740443506 ], [ 128.537032231309468, 34.644010731819755 ] ] ], [ [ [ 128.536708461126494, 34.644193163195645 ], [ 128.536934411999766, 34.644285355963206 ], [ 128.536728173499739, 34.644122206294043 ], [ 128.536708461126494, 34.644193163195645 ] ] ], [ [ [ 128.484295191213874, 34.702960049056585 ], [ 128.484577752133276, 34.70300246924225 ], [ 128.48447057187235, 34.702843997416977 ], [ 128.484295191213874, 34.702960049056585 ] ] ], [ [ [ 128.484758331514485, 34.703381006972791 ], [ 128.484715081665314, 34.703648704676219 ], [ 128.484890676469092, 34.703498336671579 ], [ 128.484758331514485, 34.703381006972791 ] ] ], [ [ [ 128.529320857257687, 34.727476723920368 ], [ 128.529310055804842, 34.72744853106601 ], [ 128.529243192966959, 34.727421761504615 ], [ 128.529320857257687, 34.727476723920368 ] ] ], [ [ [ 128.529229323354627, 34.727460810861018 ], [ 128.529119947725547, 34.727441349127304 ], [ 128.529115491990041, 34.727474188203097 ], [ 128.529229323354627, 34.727460810861018 ] ] ], [ [ [ 128.526322228901591, 34.727599611076066 ], [ 128.52678232801631, 34.727717974662625 ], [ 128.52684844433233, 34.727571509950081 ], [ 128.526322228901591, 34.727599611076066 ] ] ], [ [ [ 128.532743908697881, 34.728359187340537 ], [ 128.532651812303641, 34.72831304143272 ], [ 128.532650322223702, 34.728362315718755 ], [ 128.532743908697881, 34.728359187340537 ] ] ], [ [ [ 128.521944914287559, 34.727640458442899 ], [ 128.52069824449643, 34.729007741276277 ], [ 128.52132458497212, 34.729924879053641 ], [ 128.522760205069517, 34.729060182625091 ], [ 128.521944914287559, 34.727640458442899 ] ] ], [ [ [ 128.523801684329953, 34.729163280940654 ], [ 128.523769385869628, 34.729032693487078 ], [ 128.523702680472553, 34.729120986279014 ], [ 128.523801684329953, 34.729163280940654 ] ] ], [ [ [ 128.521325523772219, 34.729936240494801 ], [ 128.527670027150293, 34.732608640422733 ], [ 128.529262734509672, 34.734535904488631 ], [ 128.537077262029953, 34.73208188712232 ], [ 128.535497673824949, 34.729389946787073 ], [ 128.533206412320254, 34.729356661881219 ], [ 128.530453516486688, 34.727438669573161 ], [ 128.521325523772219, 34.729936240494801 ] ] ], [ [ [ 128.494474811025356, 34.732160052561568 ], [ 128.494398745989372, 34.732141311248547 ], [ 128.494389344392545, 34.732157506447507 ], [ 128.494474811025356, 34.732160052561568 ] ] ], [ [ [ 128.494584642676074, 34.732249343175425 ], [ 128.494551656943173, 34.73216714189121 ], [ 128.494457587607428, 34.73220731373668 ], [ 128.494584642676074, 34.732249343175425 ] ] ], [ [ [ 128.508757244247533, 34.732358324172104 ], [ 128.508855956182856, 34.732243045771988 ], [ 128.508570601997206, 34.732315698846215 ], [ 128.508757244247533, 34.732358324172104 ] ] ], [ [ [ 128.526648763893718, 34.732750115645345 ], [ 128.527023066842986, 34.73267227701507 ], [ 128.526396081036921, 34.732704492866446 ], [ 128.526648763893718, 34.732750115645345 ] ] ], [ [ [ 128.497672051991742, 34.732932849960967 ], [ 128.497548168674825, 34.732938088581491 ], [ 128.497550543424552, 34.732974983956275 ], [ 128.497672051991742, 34.732932849960967 ] ] ], [ [ [ 128.512089510960266, 34.733143611991267 ], [ 128.511989103670032, 34.733095118551979 ], [ 128.511988351747931, 34.733143025320032 ], [ 128.512089510960266, 34.733143611991267 ] ] ], [ [ [ 128.534457121519807, 34.733945124116694 ], [ 128.535697117259474, 34.733462434660851 ], [ 128.534701300786452, 34.733688825064888 ], [ 128.534457121519807, 34.733945124116694 ] ] ], [ [ [ 128.493583650124748, 34.734132836183932 ], [ 128.493578183331692, 34.734169734986558 ], [ 128.4936165868763, 34.734144466416694 ], [ 128.493583650124748, 34.734132836183932 ] ] ], [ [ [ 128.49359314733141, 34.734292073103219 ], [ 128.493475488276374, 34.734211204168453 ], [ 128.493459049993959, 34.734258468455721 ], [ 128.49359314733141, 34.734292073103219 ] ] ], [ [ [ 128.514042328040773, 34.736588045702867 ], [ 128.513917800756076, 34.736635231812642 ], [ 128.513883170432024, 34.736697497599934 ], [ 128.514042328040773, 34.736588045702867 ] ] ], [ [ [ 128.484920885799937, 34.736509548639823 ], [ 128.48516668429798, 34.736633127648062 ], [ 128.484989911458541, 34.736491155166519 ], [ 128.484920885799937, 34.736509548639823 ] ] ], [ [ [ 128.466988696890098, 34.742113274264611 ], [ 128.47529755476225, 34.746225603875203 ], [ 128.485568093197543, 34.745086614913916 ], [ 128.48952956556775, 34.748692034141783 ], [ 128.494160640845138, 34.750116095020665 ], [ 128.49713390315577, 34.748298934776216 ], [ 128.5001424981632, 34.741503927539313 ], [ 128.502867263025507, 34.741823787941279 ], [ 128.501193978746159, 34.74067159282648 ], [ 128.501785699924255, 34.739909701629365 ], [ 128.504982918890562, 34.739443956462829 ], [ 128.503581656945244, 34.742242365983131 ], [ 128.505286671950529, 34.740024581668521 ], [ 128.514042225198637, 34.736029010847609 ], [ 128.512403107807927, 34.733792757633111 ], [ 128.505035731481257, 34.73302067802225 ], [ 128.502053763169016, 34.738971995852886 ], [ 128.497189399600103, 34.732893201364355 ], [ 128.494587154467183, 34.733007634682721 ], [ 128.492647382585261, 34.736298081513439 ], [ 128.48881878814106, 34.733402417723042 ], [ 128.48629466448827, 34.73728232661265 ], [ 128.482477682504509, 34.735596803886139 ], [ 128.483858645565476, 34.736843445512875 ], [ 128.481914264779476, 34.739969614696392 ], [ 128.47494202879156, 34.740555040102095 ], [ 128.467359532734235, 34.739802764154838 ], [ 128.466988696890098, 34.742113274264611 ] ] ], [ [ [ 128.488989644576407, 34.748701851498005 ], [ 128.488951039504457, 34.748747813891931 ], [ 128.489019523633118, 34.748728433406065 ], [ 128.488989644576407, 34.748701851498005 ] ] ], [ [ [ 128.534925092729338, 34.75503362799909 ], [ 128.534847296164486, 34.755026100703461 ], [ 128.534866185936409, 34.755063842785169 ], [ 128.534925092729338, 34.75503362799909 ] ] ], [ [ [ 128.533990300828521, 34.755301871311566 ], [ 128.534022050631648, 34.755181628576203 ], [ 128.533955348860246, 34.755166634588853 ], [ 128.533990300828521, 34.755301871311566 ] ] ], [ [ [ 128.508623583885111, 34.759215121333526 ], [ 128.511336059431869, 34.759615302728612 ], [ 128.509584892061383, 34.764630119409809 ], [ 128.511116273729584, 34.766212135758238 ], [ 128.521792335073997, 34.76632735447987 ], [ 128.527797874728179, 34.764082057359992 ], [ 128.531612426684262, 34.765187180956808 ], [ 128.534083045313849, 34.764509971967435 ], [ 128.529830657652724, 34.762310711629311 ], [ 128.530279203870123, 34.757646600461285 ], [ 128.539489283406112, 34.756447031809302 ], [ 128.53937566402351, 34.756650787028676 ], [ 128.539210275792755, 34.756530822423379 ], [ 128.538593042593817, 34.756993567050479 ], [ 128.542036676296476, 34.760433494357564 ], [ 128.545548211538261, 34.7612198884813 ], [ 128.557606403232853, 34.760014273867064 ], [ 128.559703888649693, 34.758716250466371 ], [ 128.560134389083146, 34.755685554395221 ], [ 128.554347360326091, 34.755409592772537 ], [ 128.553482162252209, 34.75360715330546 ], [ 128.553865932925049, 34.752797443002727 ], [ 128.558724378193631, 34.751720541451725 ], [ 128.558813331743323, 34.753479066916562 ], [ 128.558815285421275, 34.75168805165049 ], [ 128.560803323601874, 34.751008009910748 ], [ 128.559948044237473, 34.749673570901521 ], [ 128.550261673504849, 34.74840471593491 ], [ 128.537070878782998, 34.754916371062635 ], [ 128.531138300678833, 34.756137769992023 ], [ 128.526230987485775, 34.754816831082167 ], [ 128.51544965388635, 34.759190217870163 ], [ 128.508623583885111, 34.759215121333526 ] ] ], [ [ [ 128.517171248373813, 34.758043423652481 ], [ 128.517162391882295, 34.758002041047135 ], [ 128.517144435643502, 34.758024549804247 ], [ 128.517171248373813, 34.758043423652481 ] ] ], [ [ [ 128.517060857145793, 34.758060562005035 ], [ 128.517013580982479, 34.758052135130313 ], [ 128.517039466781057, 34.758080109497371 ], [ 128.517060857145793, 34.758060562005035 ] ] ], [ [ [ 128.5169480749976, 34.75844403020087 ], [ 128.516897933011563, 34.758451249260446 ], [ 128.516929286317065, 34.758474395851728 ], [ 128.5169480749976, 34.75844403020087 ] ] ], [ [ [ 128.507214882150919, 34.758714100557761 ], [ 128.50733268942102, 34.758922982993582 ], [ 128.507464739906112, 34.758812736252594 ], [ 128.507214882150919, 34.758714100557761 ] ] ], [ [ [ 128.509185375310722, 34.779236370335774 ], [ 128.509447518696248, 34.779895046412435 ], [ 128.509493081852014, 34.77987929377386 ], [ 128.509185375310722, 34.779236370335774 ] ] ], [ [ [ 128.510279395231322, 34.781381604870575 ], [ 128.510115445608875, 34.78165181399968 ], [ 128.510359776585062, 34.781644416774029 ], [ 128.510279395231322, 34.781381604870575 ] ] ], [ [ [ 128.495696288524726, 34.78536373534731 ], [ 128.496000007026311, 34.786924524290932 ], [ 128.497777576781402, 34.786193637197314 ], [ 128.495696288524726, 34.78536373534731 ] ] ], [ [ [ 128.471077208522047, 34.762354456085859 ], [ 128.471366759292493, 34.766243385040056 ], [ 128.467598997227157, 34.768161131129872 ], [ 128.472618494809211, 34.768824668408683 ], [ 128.473627309397642, 34.771292336656494 ], [ 128.471757109479256, 34.771362772284306 ], [ 128.471472317927123, 34.771770732340336 ], [ 128.473663415688321, 34.771689956283268 ], [ 128.471944668037963, 34.774173420855114 ], [ 128.473365500191449, 34.775804128844214 ], [ 128.470457302487631, 34.778084963104888 ], [ 128.468733565668572, 34.783545448252838 ], [ 128.465562538073954, 34.781834542549312 ], [ 128.462693780280489, 34.785231200033124 ], [ 128.459980100205058, 34.78656798360619 ], [ 128.462637814234853, 34.789329999495671 ], [ 128.461257033214906, 34.79447238305773 ], [ 128.464468159484596, 34.797108777375506 ], [ 128.462230048333538, 34.800645719040084 ], [ 128.462180249274525, 34.804015694863999 ], [ 128.468108064852942, 34.801420478226632 ], [ 128.465441381268988, 34.794548506468772 ], [ 128.4659248463457, 34.787478441570329 ], [ 128.469366668434759, 34.790096605119842 ], [ 128.467951541054305, 34.790973870194982 ], [ 128.469710764399252, 34.795267390557271 ], [ 128.471039557496908, 34.793183932161234 ], [ 128.471864960021378, 34.794973317796028 ], [ 128.472686104368364, 34.793272167118424 ], [ 128.474945332385914, 34.793637966248099 ], [ 128.473493411952376, 34.79718624267381 ], [ 128.475096325683467, 34.798202342160472 ], [ 128.473311725983308, 34.799458476645242 ], [ 128.473799158235238, 34.803557710865299 ], [ 128.476698408826451, 34.804012181120406 ], [ 128.479678692386983, 34.800470368541234 ], [ 128.482302980818503, 34.800095188572243 ], [ 128.482229117437498, 34.797346895826159 ], [ 128.485883161483343, 34.797340370523941 ], [ 128.478372729108941, 34.806231447229564 ], [ 128.469343126735282, 34.80465095673906 ], [ 128.467940684081384, 34.81054217798691 ], [ 128.465771032393519, 34.812474338567007 ], [ 128.466859769534437, 34.814269860360362 ], [ 128.466476903739363, 34.812968720803461 ], [ 128.468308130885362, 34.813815115607902 ], [ 128.469363754103881, 34.817455963179953 ], [ 128.478413377746278, 34.815457596507898 ], [ 128.484094373018593, 34.817800120210691 ], [ 128.483448500714019, 34.815793539177264 ], [ 128.479354278936057, 34.815263150016037 ], [ 128.477519450137493, 34.812856052462628 ], [ 128.479229020346338, 34.808398020553661 ], [ 128.480964334709029, 34.807938847331243 ], [ 128.482830471125112, 34.808543275520108 ], [ 128.483440709357495, 34.811970172215254 ], [ 128.485242478894378, 34.810766453335397 ], [ 128.487958282667933, 34.812246719367913 ], [ 128.484534934137372, 34.808653808579159 ], [ 128.484732623226165, 34.806906275779063 ], [ 128.48639539031555, 34.806559147687679 ], [ 128.48639167317998, 34.80425081214927 ], [ 128.49133100791795, 34.801665093006115 ], [ 128.491866672177309, 34.79926495375755 ], [ 128.489574031978606, 34.79881178389801 ], [ 128.490495363305229, 34.796784321838594 ], [ 128.489261942626257, 34.795892803785435 ], [ 128.491217759760104, 34.790090583910469 ], [ 128.49272607935626, 34.789458824012165 ], [ 128.492552883333389, 34.785914100221099 ], [ 128.493712645205136, 34.786175273357706 ], [ 128.493171339779991, 34.782154714547325 ], [ 128.498075900936385, 34.781560950379522 ], [ 128.500202695092014, 34.783213309541011 ], [ 128.506393897810483, 34.783770404939737 ], [ 128.504145741143276, 34.781545954165196 ], [ 128.510636390021887, 34.778301698308049 ], [ 128.508847122084831, 34.774906702527439 ], [ 128.510041677297636, 34.769857796510081 ], [ 128.508380001659475, 34.76672118699117 ], [ 128.502917209653219, 34.766454899350521 ], [ 128.503607428766429, 34.765375058368242 ], [ 128.502644687322402, 34.766324143741926 ], [ 128.49122529549669, 34.757492003761683 ], [ 128.484621277844411, 34.757983544917153 ], [ 128.479044522135155, 34.762480387341455 ], [ 128.476371509759559, 34.760677807132097 ], [ 128.478425033815455, 34.760434792405078 ], [ 128.474949669453537, 34.759727189052398 ], [ 128.469069440228083, 34.761582767645002 ], [ 128.471077208522047, 34.762354456085859 ] ], [ [ 128.470825455696882, 34.762227713124929 ], [ 128.470825380855587, 34.762227460406649 ], [ 128.470856859923032, 34.762237684241477 ], [ 128.470825455696882, 34.762227713124929 ] ] ], [ [ [ 128.513420471665171, 34.79585483939028 ], [ 128.512950512148109, 34.797607218550901 ], [ 128.518247610057415, 34.797525764533596 ], [ 128.519362855643408, 34.793232472938925 ], [ 128.510881353507386, 34.79574737211005 ], [ 128.513420471665171, 34.79585483939028 ] ] ], [ [ [ 128.49490462666455, 34.794161675178131 ], [ 128.49961484747061, 34.795232376275614 ], [ 128.497520659665895, 34.79713828306857 ], [ 128.498334408315316, 34.802321074134554 ], [ 128.500416857641653, 34.804057667773598 ], [ 128.502146754652301, 34.801936111244778 ], [ 128.510675725215464, 34.800487470117737 ], [ 128.507349569299436, 34.799572120677389 ], [ 128.504573127914483, 34.792654103961326 ], [ 128.50462599996419, 34.787379435762404 ], [ 128.502293729313266, 34.788079250888522 ], [ 128.500155883265734, 34.792930516299819 ], [ 128.498207654498515, 34.790317564291456 ], [ 128.494962131859182, 34.791652883666764 ], [ 128.49490462666455, 34.794161675178131 ] ] ], [ [ [ 128.499754351699892, 34.805913481875692 ], [ 128.499698062010395, 34.805844554461366 ], [ 128.499669691717202, 34.805943780327205 ], [ 128.499754351699892, 34.805913481875692 ] ] ], [ [ [ 128.490850345787777, 34.812527088503771 ], [ 128.496473483573567, 34.813120890398217 ], [ 128.499166463331903, 34.811358621774033 ], [ 128.496287169882748, 34.811625631901315 ], [ 128.494037337739229, 34.809276242405346 ], [ 128.494121605331202, 34.811545530658861 ], [ 128.490850345787777, 34.812527088503771 ] ] ], [ [ [ 128.489316287810283, 34.812598883566167 ], [ 128.489270975354543, 34.812590012446876 ], [ 128.489286886133272, 34.812613335379325 ], [ 128.489316287810283, 34.812598883566167 ] ] ], [ [ [ 128.485001133849806, 34.813224288374407 ], [ 128.485503961486273, 34.813234542746741 ], [ 128.485338564857983, 34.812719641215246 ], [ 128.485001133849806, 34.813224288374407 ] ] ], [ [ [ 128.546427453915868, 34.577459789126216 ], [ 128.548209111913735, 34.578000912014573 ], [ 128.548757542079017, 34.577400438968517 ], [ 128.546427453915868, 34.577459789126216 ] ] ], [ [ [ 128.545925861288453, 34.57823173448012 ], [ 128.546024649420616, 34.578103108201226 ], [ 128.545904234674509, 34.578160530821428 ], [ 128.545925861288453, 34.57823173448012 ] ] ], [ [ [ 128.551767098161406, 34.578602290641648 ], [ 128.552323248330879, 34.578748945756864 ], [ 128.552371804540627, 34.5787200171577 ], [ 128.551767098161406, 34.578602290641648 ] ] ], [ [ [ 128.547694200261674, 34.578683176807097 ], [ 128.547735993459582, 34.578753914245688 ], [ 128.547749951878671, 34.578692218056702 ], [ 128.547694200261674, 34.578683176807097 ] ] ], [ [ [ 128.551650020178187, 34.579127394046424 ], [ 128.551614104417155, 34.579051388191651 ], [ 128.551501702436354, 34.579110865068948 ], [ 128.551650020178187, 34.579127394046424 ] ] ], [ [ [ 128.552407912931756, 34.57929337047581 ], [ 128.552794399299415, 34.579044229558129 ], [ 128.552425763575883, 34.579003770045198 ], [ 128.552407912931756, 34.57929337047581 ] ] ], [ [ [ 128.550303284618224, 34.57959165557763 ], [ 128.550295960091404, 34.579456603062233 ], [ 128.550239340195304, 34.57950524237522 ], [ 128.550303284618224, 34.57959165557763 ] ] ], [ [ [ 128.547067750280547, 34.579714662430213 ], [ 128.546999231964577, 34.579616178381464 ], [ 128.546948615618732, 34.579638715023989 ], [ 128.547067750280547, 34.579714662430213 ] ] ], [ [ [ 128.547061302662172, 34.579898124803186 ], [ 128.547023335726948, 34.579759145000764 ], [ 128.546963836518444, 34.579765720287227 ], [ 128.547061302662172, 34.579898124803186 ] ] ], [ [ [ 128.548309841415829, 34.617836246324892 ], [ 128.548867574031533, 34.618073750850378 ], [ 128.549053349355461, 34.617997818619919 ], [ 128.548309841415829, 34.617836246324892 ] ] ], [ [ [ 128.548332298025599, 34.618256556429877 ], [ 128.548272181638424, 34.618283375930687 ], [ 128.548339382575108, 34.618283174801796 ], [ 128.548332298025599, 34.618256556429877 ] ] ], [ [ [ 128.550534632778863, 34.618418823306477 ], [ 128.550550468269876, 34.618361767484018 ], [ 128.550498826080002, 34.618394388527008 ], [ 128.550534632778863, 34.618418823306477 ] ] ], [ [ [ 128.550718564125816, 34.618562865703204 ], [ 128.550849650579664, 34.618518278602032 ], [ 128.55070257420337, 34.618495199690059 ], [ 128.550718564125816, 34.618562865703204 ] ] ], [ [ [ 128.550246935599233, 34.61961398780327 ], [ 128.550308635194824, 34.619560635217553 ], [ 128.550162223267847, 34.619567593612821 ], [ 128.550246935599233, 34.61961398780327 ] ] ], [ [ [ 128.549489407175884, 34.619905625672722 ], [ 128.549754998879536, 34.619830456795782 ], [ 128.549452002691368, 34.61978967194095 ], [ 128.549489407175884, 34.619905625672722 ] ] ], [ [ [ 128.546818371435279, 34.619945604834356 ], [ 128.545755042983302, 34.620826549229726 ], [ 128.549010748737231, 34.621602939483395 ], [ 128.54887541333585, 34.620647350255432 ], [ 128.549852572676826, 34.620658975717575 ], [ 128.548338734554051, 34.620081967351354 ], [ 128.550342000589524, 34.618681976617594 ], [ 128.545634192398978, 34.619189037072182 ], [ 128.546818371435279, 34.619945604834356 ] ] ], [ [ [ 128.544555361558537, 34.620104744267294 ], [ 128.544998724298921, 34.620191209880076 ], [ 128.545311449991573, 34.620111683845707 ], [ 128.544555361558537, 34.620104744267294 ] ] ], [ [ [ 128.549566879359105, 34.620821184096698 ], [ 128.549419725998121, 34.620811624728823 ], [ 128.549376037218735, 34.62082498423689 ], [ 128.549566879359105, 34.620821184096698 ] ] ], [ [ [ 128.545631310990416, 34.62096079602275 ], [ 128.545609423365391, 34.620879585969966 ], [ 128.545513399903427, 34.620891919235135 ], [ 128.545631310990416, 34.62096079602275 ] ] ], [ [ [ 128.549309318674517, 34.621063614752366 ], [ 128.549543654825214, 34.621082511464465 ], [ 128.549259755705776, 34.620979859912687 ], [ 128.549309318674517, 34.621063614752366 ] ] ], [ [ [ 128.545110998003054, 34.621106576570092 ], [ 128.545314345110086, 34.621017591084488 ], [ 128.544999176751958, 34.621032782255298 ], [ 128.545110998003054, 34.621106576570092 ] ] ], [ [ [ 128.547996316158219, 34.621892560253329 ], [ 128.547888347752064, 34.621568871752743 ], [ 128.547654704269121, 34.621548748496373 ], [ 128.547996316158219, 34.621892560253329 ] ] ], [ [ [ 128.552367239690085, 34.622958103738782 ], [ 128.552235552900385, 34.622857957355492 ], [ 128.552199250710288, 34.622896702158855 ], [ 128.552367239690085, 34.622958103738782 ] ] ], [ [ [ 128.552540838802088, 34.623887372881072 ], [ 128.552484885824384, 34.623792580441993 ], [ 128.552429538542185, 34.623814137154888 ], [ 128.552540838802088, 34.623887372881072 ] ] ], [ [ [ 128.546030962140605, 34.628926556254029 ], [ 128.554525928741953, 34.630541875410714 ], [ 128.555284151107514, 34.628805109036584 ], [ 128.552336148640791, 34.625507093320657 ], [ 128.553161991095294, 34.624587053446476 ], [ 128.549260240979976, 34.622026362496023 ], [ 128.545021710229634, 34.627467182598188 ], [ 128.546030962140605, 34.628926556254029 ] ] ], [ [ [ 128.545187938780742, 34.626428371937656 ], [ 128.545078309244786, 34.626369234074581 ], [ 128.545034678275982, 34.626399259555278 ], [ 128.545187938780742, 34.626428371937656 ] ] ], [ [ [ 128.545022654026752, 34.626721221409682 ], [ 128.544871762722067, 34.626733312781681 ], [ 128.54501927227912, 34.62674136460739 ], [ 128.545022654026752, 34.626721221409682 ] ] ], [ [ [ 128.555395538108911, 34.627520869022135 ], [ 128.555364906228334, 34.627461740738497 ], [ 128.555333104544729, 34.627488757334575 ], [ 128.555395538108911, 34.627520869022135 ] ] ], [ [ [ 128.555330866048877, 34.627638061145284 ], [ 128.555312684420784, 34.627526560528395 ], [ 128.555240217501478, 34.62758627629777 ], [ 128.555330866048877, 34.627638061145284 ] ] ], [ [ [ 128.537176235368207, 34.644357606191058 ], [ 128.537182323140854, 34.644525636292592 ], [ 128.537415841319216, 34.644418769034331 ], [ 128.537176235368207, 34.644357606191058 ] ] ], [ [ [ 128.53722070044131, 34.64489842997758 ], [ 128.53741998568907, 34.644632268441534 ], [ 128.537146393851089, 34.644813494647785 ], [ 128.53722070044131, 34.64489842997758 ] ] ], [ [ [ 128.5375427431498, 34.644987327554162 ], [ 128.53732294302668, 34.644977062465479 ], [ 128.537414061509082, 34.645022209812339 ], [ 128.5375427431498, 34.644987327554162 ] ] ], [ [ [ 128.549421457628114, 34.696528107265621 ], [ 128.549385509994266, 34.696294687922808 ], [ 128.549243282164554, 34.696298126546665 ], [ 128.549421457628114, 34.696528107265621 ] ] ], [ [ [ 128.543102784821912, 34.698030332893687 ], [ 128.54328742905156, 34.697921811830042 ], [ 128.543057167989019, 34.697904801724349 ], [ 128.543102784821912, 34.698030332893687 ] ] ], [ [ [ 128.54213564244813, 34.700251173388907 ], [ 128.548198919522633, 34.699518055452593 ], [ 128.547586295310168, 34.698022439363179 ], [ 128.549171213479866, 34.696910739709423 ], [ 128.544035544746663, 34.698163343172702 ], [ 128.54213564244813, 34.700251173388907 ] ] ], [ [ [ 128.541337860986374, 34.699402755617996 ], [ 128.54131841766565, 34.69929122243601 ], [ 128.54128212706604, 34.699328746479118 ], [ 128.541337860986374, 34.699402755617996 ] ] ], [ [ [ 128.541755104600441, 34.699399219041872 ], [ 128.541754600810322, 34.699324526017705 ], [ 128.541722469170651, 34.699326451030743 ], [ 128.541755104600441, 34.699399219041872 ] ] ], [ [ [ 128.542061210882139, 34.699400914051211 ], [ 128.541957551168593, 34.699330880083629 ], [ 128.541918149401056, 34.699362632555285 ], [ 128.542061210882139, 34.699400914051211 ] ] ], [ [ [ 128.541515249048217, 34.699792006472514 ], [ 128.541534344923463, 34.699704019453243 ], [ 128.54143485569719, 34.699698875508815 ], [ 128.541515249048217, 34.699792006472514 ] ] ], [ [ [ 128.541711021332645, 34.699750540923752 ], [ 128.541610394049513, 34.699714348150081 ], [ 128.541616709000976, 34.699788170695044 ], [ 128.541711021332645, 34.699750540923752 ] ] ], [ [ [ 128.541946870766765, 34.700716204085609 ], [ 128.541866502619882, 34.700645906309795 ], [ 128.541834821150275, 34.700704504903236 ], [ 128.541946870766765, 34.700716204085609 ] ] ], [ [ [ 128.543026853255157, 34.701080701183933 ], [ 128.542977277623464, 34.701015667027512 ], [ 128.542953302430874, 34.701036678922037 ], [ 128.543026853255157, 34.701080701183933 ] ] ], [ [ [ 128.555026526112954, 34.71570290177899 ], [ 128.554970958522233, 34.715634290056194 ], [ 128.554911124777419, 34.715681061398854 ], [ 128.555026526112954, 34.71570290177899 ] ] ], [ [ [ 128.553255953146504, 34.716817776214683 ], [ 128.553578561307631, 34.716694513532246 ], [ 128.553544064865406, 34.716599305851823 ], [ 128.553255953146504, 34.716817776214683 ] ] ], [ [ [ 128.540270940934448, 34.752266022378919 ], [ 128.540116517741467, 34.752277011604356 ], [ 128.540115323939119, 34.752314938230001 ], [ 128.540270940934448, 34.752266022378919 ] ] ], [ [ [ 128.555462451980503, 34.752845142863585 ], [ 128.554609725088, 34.753286050026361 ], [ 128.555463528284093, 34.753286943993899 ], [ 128.555462451980503, 34.752845142863585 ] ] ], [ [ [ 128.565177564878752, 34.632478266018801 ], [ 128.565319925218972, 34.632432730307201 ], [ 128.565124105185703, 34.632447083842585 ], [ 128.565177564878752, 34.632478266018801 ] ] ], [ [ [ 128.56681270491643, 34.632861962046 ], [ 128.566895970856905, 34.632861744880685 ], [ 128.566797217453797, 34.63277022297995 ], [ 128.56681270491643, 34.632861962046 ] ] ], [ [ [ 128.565526684962748, 34.632933101864779 ], [ 128.565545987645322, 34.63282474751351 ], [ 128.565421601957041, 34.632915635295646 ], [ 128.565526684962748, 34.632933101864779 ] ] ], [ [ [ 128.566251845485681, 34.632952250258334 ], [ 128.566758750010109, 34.633011289068349 ], [ 128.566785526263175, 34.632958479879747 ], [ 128.566251845485681, 34.632952250258334 ] ] ], [ [ [ 128.566121525788162, 34.633056025982043 ], [ 128.566089337995237, 34.632950525581862 ], [ 128.56602156294656, 34.632943541024801 ], [ 128.566121525788162, 34.633056025982043 ] ] ], [ [ [ 128.567456873447867, 34.633058215012333 ], [ 128.567271598072722, 34.633371927488085 ], [ 128.567531223435537, 34.633260272384369 ], [ 128.567456873447867, 34.633058215012333 ] ] ], [ [ [ 128.568461686228773, 34.63342243662867 ], [ 128.568383953292766, 34.633310582371607 ], [ 128.568367830032145, 34.633395412272812 ], [ 128.568461686228773, 34.63342243662867 ] ] ], [ [ [ 128.568273268019368, 34.633487409422791 ], [ 128.568101529313026, 34.633463353401716 ], [ 128.568267270812839, 34.633504010392933 ], [ 128.568273268019368, 34.633487409422791 ] ] ], [ [ [ 128.568476359338064, 34.633522258368075 ], [ 128.56840672873642, 34.633513348514299 ], [ 128.568476852961965, 34.633565789906392 ], [ 128.568476359338064, 34.633522258368075 ] ] ], [ [ [ 128.571918320181254, 34.633563668824443 ], [ 128.572160327122788, 34.633540948475535 ], [ 128.572060159767148, 34.633426241203296 ], [ 128.571918320181254, 34.633563668824443 ] ] ], [ [ [ 128.570349991503122, 34.633619090736197 ], [ 128.570577358219509, 34.633578401471468 ], [ 128.570426094269351, 34.63353851991014 ], [ 128.570349991503122, 34.633619090736197 ] ] ], [ [ [ 128.572912026573306, 34.633950701910507 ], [ 128.572872638664762, 34.63388420065629 ], [ 128.57273716128455, 34.633991255538092 ], [ 128.572912026573306, 34.633950701910507 ] ] ], [ [ [ 128.573463549261675, 34.634183411883569 ], [ 128.573553068539411, 34.634108276694398 ], [ 128.573446906928268, 34.634136695757334 ], [ 128.573463549261675, 34.634183411883569 ] ] ], [ [ [ 128.559733088139751, 34.634803141788645 ], [ 128.559776439707775, 34.634710443087613 ], [ 128.559684067471636, 34.634747319373119 ], [ 128.559733088139751, 34.634803141788645 ] ] ], [ [ [ 128.559554204958971, 34.634847132410236 ], [ 128.55950340003227, 34.63475349774216 ], [ 128.559506022242687, 34.634859532717535 ], [ 128.559554204958971, 34.634847132410236 ] ] ], [ [ [ 128.558925481391441, 34.634887607716976 ], [ 128.559017350942014, 34.63476884484357 ], [ 128.558864791280172, 34.63483395112911 ], [ 128.558925481391441, 34.634887607716976 ] ] ], [ [ [ 128.559137388647883, 34.634798315021577 ], [ 128.559391518413349, 34.6348928941702 ], [ 128.559376092798516, 34.634811529836419 ], [ 128.559137388647883, 34.634798315021577 ] ] ], [ [ [ 128.557905541112945, 34.634864243318916 ], [ 128.55859270049757, 34.635439144063291 ], [ 128.559088196341747, 34.635245396095144 ], [ 128.557905541112945, 34.634864243318916 ] ] ], [ [ [ 128.557458139673201, 34.63520954665622 ], [ 128.557734313174421, 34.635416139263071 ], [ 128.557862382722419, 34.635383288432934 ], [ 128.557458139673201, 34.63520954665622 ] ] ], [ [ [ 128.557838265479461, 34.635187375439216 ], [ 128.557992786317726, 34.635415970442885 ], [ 128.558126819440787, 34.635295324315116 ], [ 128.557838265479461, 34.635187375439216 ] ] ], [ [ [ 128.55752651266522, 34.635573321647215 ], [ 128.557720815165084, 34.635575218486132 ], [ 128.557892499197891, 34.635480697621787 ], [ 128.55752651266522, 34.635573321647215 ] ] ], [ [ [ 128.559503245136398, 34.635701948264582 ], [ 128.571629565402191, 34.642027987100512 ], [ 128.573769642573552, 34.649439139105375 ], [ 128.573773809892884, 34.646949244502778 ], [ 128.576766485523478, 34.650660807484229 ], [ 128.579305489195661, 34.649696437684291 ], [ 128.577477722634455, 34.645937294471068 ], [ 128.584565011657162, 34.643748135499813 ], [ 128.58259168998498, 34.643545820034085 ], [ 128.584809642446629, 34.641059906967321 ], [ 128.57716929973617, 34.641138937149883 ], [ 128.571654068848318, 34.634357569133357 ], [ 128.563955920676477, 34.633312774371333 ], [ 128.559503245136398, 34.635701948264582 ] ] ], [ [ [ 128.572578854594013, 34.651756660272035 ], [ 128.572586887446022, 34.651632932303734 ], [ 128.572491023285039, 34.651733148774071 ], [ 128.572578854594013, 34.651756660272035 ] ] ], [ [ [ 128.572396889145068, 34.651726183174048 ], [ 128.572490764863772, 34.651671075951597 ], [ 128.572375135015648, 34.65171411772797 ], [ 128.572396889145068, 34.651726183174048 ] ] ], [ [ [ 128.573542010629467, 34.652132601171822 ], [ 128.573789806437958, 34.652416246409501 ], [ 128.573851688106316, 34.652240055130243 ], [ 128.573542010629467, 34.652132601171822 ] ] ], [ [ [ 128.576042169381338, 34.657904577707775 ], [ 128.57823198697659, 34.656396285872802 ], [ 128.573049706775578, 34.654101615112509 ], [ 128.572096735529016, 34.655080741056445 ], [ 128.57176646666602, 34.656740383418978 ], [ 128.576042169381338, 34.657904577707775 ] ] ], [ [ [ 128.574765404861154, 34.682144609488638 ], [ 128.574726222647826, 34.682029099915177 ], [ 128.574614299975792, 34.682064683666084 ], [ 128.574765404861154, 34.682144609488638 ] ] ], [ [ [ 128.574456308954467, 34.682284689222328 ], [ 128.574527278959891, 34.682125729424556 ], [ 128.574330535582561, 34.68216990381768 ], [ 128.574456308954467, 34.682284689222328 ] ] ], [ [ [ 128.573932254706307, 34.682602828689774 ], [ 128.573850484292677, 34.682548673196898 ], [ 128.573912324564702, 34.682610069290057 ], [ 128.573932254706307, 34.682602828689774 ] ] ], [ [ [ 128.573932495748636, 34.682787367702836 ], [ 128.573881466838003, 34.682675503124592 ], [ 128.57379866600948, 34.682709277249657 ], [ 128.573932495748636, 34.682787367702836 ] ] ], [ [ [ 128.574223709042144, 34.683403750177447 ], [ 128.574116895518131, 34.683408766272201 ], [ 128.574218757156814, 34.683441547278626 ], [ 128.574223709042144, 34.683403750177447 ] ] ], [ [ [ 128.557944428109494, 34.702992811070587 ], [ 128.557930280186838, 34.702821400838985 ], [ 128.557829806228028, 34.702913970911133 ], [ 128.557944428109494, 34.702992811070587 ] ] ], [ [ [ 128.558256595668269, 34.704284067853976 ], [ 128.557729894860245, 34.703310048926383 ], [ 128.555562404993594, 34.704143842068412 ], [ 128.55617718697755, 34.704790861777504 ], [ 128.558256595668269, 34.704284067853976 ] ] ], [ [ [ 128.566042303298644, 34.706787936946498 ], [ 128.565951820108722, 34.706695290868218 ], [ 128.565814502363594, 34.706712449760914 ], [ 128.566042303298644, 34.706787936946498 ] ] ], [ [ [ 128.565103932386108, 34.706916628804592 ], [ 128.565009099188984, 34.706949957010899 ], [ 128.565116109495278, 34.706961139127927 ], [ 128.565103932386108, 34.706916628804592 ] ] ], [ [ [ 128.56278585844845, 34.706942849107335 ], [ 128.563269335962502, 34.70708730919813 ], [ 128.562695412262229, 34.706856258257702 ], [ 128.56278585844845, 34.706942849107335 ] ] ], [ [ [ 128.563576445810156, 34.707088431064953 ], [ 128.563506987602636, 34.706966878287574 ], [ 128.563359066492893, 34.707067548305872 ], [ 128.563576445810156, 34.707088431064953 ] ] ], [ [ [ 128.565587524925235, 34.70728758728589 ], [ 128.56570457405536, 34.707155858653849 ], [ 128.565477513471848, 34.707201289081418 ], [ 128.565587524925235, 34.70728758728589 ] ] ], [ [ [ 128.564521883048798, 34.707289900942627 ], [ 128.564433605948551, 34.707305196892428 ], [ 128.564522758085303, 34.707322778624409 ], [ 128.564521883048798, 34.707289900942627 ] ] ], [ [ [ 128.559510931845324, 34.709253318320123 ], [ 128.559043074826235, 34.70946038794991 ], [ 128.559510703397081, 34.709337329167354 ], [ 128.559510931845324, 34.709253318320123 ] ] ], [ [ [ 128.559049989191067, 34.709902402766069 ], [ 128.558979267192029, 34.709916514522199 ], [ 128.559055120446089, 34.709930951106486 ], [ 128.559049989191067, 34.709902402766069 ] ] ], [ [ [ 128.553241380775745, 34.718223843172552 ], [ 128.559260333439454, 34.716081328717301 ], [ 128.565221433151891, 34.707582734222754 ], [ 128.560096144983589, 34.707762888597536 ], [ 128.558531803285007, 34.713001631778674 ], [ 128.553241380775745, 34.718223843172552 ] ] ], [ [ [ 128.55649802927519, 34.714488268034494 ], [ 128.556481133356698, 34.714526507331314 ], [ 128.556538443709911, 34.714518468673269 ], [ 128.55649802927519, 34.714488268034494 ] ] ], [ [ [ 128.556585551330926, 34.7145932595392 ], [ 128.556498599724193, 34.714577437784847 ], [ 128.556491963771037, 34.714611865517085 ], [ 128.556585551330926, 34.7145932595392 ] ] ], [ [ [ 128.558585245754529, 34.749213106458384 ], [ 128.558659023827175, 34.749166744913815 ], [ 128.558553247847271, 34.749143455584118 ], [ 128.558585245754529, 34.749213106458384 ] ] ], [ [ [ 128.55924978685627, 34.749464804976022 ], [ 128.55916780117937, 34.749321742476596 ], [ 128.559090591910802, 34.749366460320815 ], [ 128.55924978685627, 34.749464804976022 ] ] ], [ [ [ 128.736783026691313, 34.535492992116239 ], [ 128.737059737845527, 34.53543583578292 ], [ 128.736704377709003, 34.535379816559519 ], [ 128.736783026691313, 34.535492992116239 ] ] ], [ [ [ 128.736063350494192, 34.535982537778068 ], [ 128.733100354685092, 34.533883261151239 ], [ 128.733063756461092, 34.536371474800639 ], [ 128.731628808295369, 34.538615379996912 ], [ 128.736063350494192, 34.535982537778068 ] ] ], [ [ [ 128.731923925298048, 34.53653535370335 ], [ 128.732052905659629, 34.536445773226276 ], [ 128.731924055594192, 34.536494915189067 ], [ 128.731923925298048, 34.53653535370335 ] ] ], [ [ [ 128.732012052187571, 34.537126814578919 ], [ 128.732074497383365, 34.537206405618228 ], [ 128.732120521974821, 34.537192687964477 ], [ 128.732012052187571, 34.537126814578919 ] ] ], [ [ [ 128.735581841897243, 34.537271548086935 ], [ 128.735737040745533, 34.537137011661102 ], [ 128.735325886695534, 34.537236113821713 ], [ 128.735581841897243, 34.537271548086935 ] ] ], [ [ [ 128.73098840690642, 34.538338518380826 ], [ 128.731428130232075, 34.538375539992693 ], [ 128.730974204290078, 34.538233351490021 ], [ 128.73098840690642, 34.538338518380826 ] ] ], [ [ [ 128.733107241662225, 34.53830705268436 ], [ 128.733169924324869, 34.53850339873761 ], [ 128.733573733937192, 34.538451965159673 ], [ 128.733107241662225, 34.53830705268436 ] ] ], [ [ [ 128.73271296744889, 34.538672794241613 ], [ 128.732658586382342, 34.538564627478074 ], [ 128.732512273686638, 34.538677373571062 ], [ 128.73271296744889, 34.538672794241613 ] ] ], [ [ [ 128.593011746587365, 34.613629894035967 ], [ 128.593093651487351, 34.613514037148271 ], [ 128.592987382407358, 34.613564431875382 ], [ 128.593011746587365, 34.613629894035967 ] ] ], [ [ [ 128.591892647850358, 34.613977961366651 ], [ 128.591896291068082, 34.613908816014451 ], [ 128.591821835939413, 34.613957071941265 ], [ 128.591892647850358, 34.613977961366651 ] ] ], [ [ [ 128.59218182343372, 34.614704410137819 ], [ 128.592124407794188, 34.614553102113256 ], [ 128.592040955188622, 34.614628379844284 ], [ 128.59218182343372, 34.614704410137819 ] ] ], [ [ [ 128.591461163803075, 34.614998272190221 ], [ 128.591492428535673, 34.614722242748613 ], [ 128.59140645338411, 34.614973353156614 ], [ 128.591461163803075, 34.614998272190221 ] ] ], [ [ [ 128.592317411194358, 34.615105657853292 ], [ 128.592513691556121, 34.615123848620364 ], [ 128.592524472288545, 34.615088819195506 ], [ 128.592317411194358, 34.615105657853292 ] ] ], [ [ [ 128.59205758630975, 34.615082989825922 ], [ 128.591789722032956, 34.615160974763569 ], [ 128.59193611798031, 34.615177250195707 ], [ 128.59205758630975, 34.615082989825922 ] ] ], [ [ [ 128.591208605542761, 34.615160897295539 ], [ 128.591478216341642, 34.615180210641832 ], [ 128.591603273127106, 34.615134612859869 ], [ 128.591208605542761, 34.615160897295539 ] ] ], [ [ [ 128.592129142543513, 34.61528121957015 ], [ 128.592171459054754, 34.615123377223213 ], [ 128.592079866261145, 34.615164283254657 ], [ 128.592129142543513, 34.61528121957015 ] ] ], [ [ [ 128.590965819624415, 34.615311655895631 ], [ 128.590650444676527, 34.615241905689629 ], [ 128.590782463252424, 34.615427809904574 ], [ 128.590965819624415, 34.615311655895631 ] ] ], [ [ [ 128.591479445117017, 34.615615613550965 ], [ 128.591430507254842, 34.615429989300075 ], [ 128.591338339546922, 34.615587663829452 ], [ 128.591479445117017, 34.615615613550965 ] ] ], [ [ [ 128.591634319225193, 34.61557752566376 ], [ 128.591630773668015, 34.615651142399251 ], [ 128.591819060944999, 34.615567626353297 ], [ 128.591634319225193, 34.61557752566376 ] ] ], [ [ [ 128.576477235702839, 34.636373998357911 ], [ 128.576400609866937, 34.636322548501134 ], [ 128.576369008384546, 34.636336635814239 ], [ 128.576477235702839, 34.636373998357911 ] ] ], [ [ [ 128.577995000268373, 34.639464229704316 ], [ 128.577942774377505, 34.639405203428716 ], [ 128.577929934781309, 34.639474379195001 ], [ 128.577995000268373, 34.639464229704316 ] ] ], [ [ [ 128.585405084096266, 34.640741356973649 ], [ 128.585514001475957, 34.640638082689648 ], [ 128.585506647594997, 34.640601495850923 ], [ 128.585405084096266, 34.640741356973649 ] ] ], [ [ [ 128.585427141173767, 34.64135003766075 ], [ 128.585491231853666, 34.641255624749668 ], [ 128.585425075915737, 34.64125470502858 ], [ 128.585427141173767, 34.64135003766075 ] ] ], [ [ [ 128.584861433527948, 34.643174589863861 ], [ 128.584784340837757, 34.643078991960287 ], [ 128.584655353177141, 34.64313592687558 ], [ 128.584861433527948, 34.643174589863861 ] ] ], [ [ [ 128.57815901889623, 34.645941806239655 ], [ 128.578405839239537, 34.646124957369608 ], [ 128.57863098272739, 34.645943749788437 ], [ 128.57815901889623, 34.645941806239655 ] ] ], [ [ [ 128.579084895897779, 34.64782347321335 ], [ 128.578932786319996, 34.647688508162119 ], [ 128.578911542582574, 34.647767218916634 ], [ 128.579084895897779, 34.64782347321335 ] ] ], [ [ [ 128.578977696691908, 34.648072732931816 ], [ 128.578859533880603, 34.64808993736532 ], [ 128.578994430266249, 34.648119809104323 ], [ 128.578977696691908, 34.648072732931816 ] ] ], [ [ [ 128.575797926555339, 34.650382037420435 ], [ 128.575706407589962, 34.650343840210411 ], [ 128.575679447608053, 34.650377098716952 ], [ 128.575797926555339, 34.650382037420435 ] ] ], [ [ [ 128.579486517852615, 34.650591825083296 ], [ 128.579357298908491, 34.650519192027957 ], [ 128.579353955173417, 34.65056985842169 ], [ 128.579486517852615, 34.650591825083296 ] ] ], [ [ [ 128.576589913308737, 34.650616743945172 ], [ 128.576483131112155, 34.650561898960945 ], [ 128.576483659446183, 34.650620826774663 ], [ 128.576589913308737, 34.650616743945172 ] ] ], [ [ [ 128.584319363861113, 34.680788445081866 ], [ 128.584237532008132, 34.680728130611712 ], [ 128.584308353937786, 34.680810158628383 ], [ 128.584319363861113, 34.680788445081866 ] ] ], [ [ [ 128.582420011538375, 34.68113835211151 ], [ 128.582298140250572, 34.681174197198004 ], [ 128.582302421253956, 34.681218985346909 ], [ 128.582420011538375, 34.68113835211151 ] ] ], [ [ [ 128.576353960624061, 34.681469805203029 ], [ 128.576305404876592, 34.681499139280227 ], [ 128.576348809677, 34.681491249996292 ], [ 128.576353960624061, 34.681469805203029 ] ] ], [ [ [ 128.576146460564445, 34.681671909460782 ], [ 128.576108275135255, 34.681568131237057 ], [ 128.576030074866765, 34.68159887615154 ], [ 128.576146460564445, 34.681671909460782 ] ] ], [ [ [ 128.575808376432718, 34.681628353874963 ], [ 128.575818327176222, 34.681656287492764 ], [ 128.575841679206405, 34.681626387871418 ], [ 128.575808376432718, 34.681628353874963 ] ] ], [ [ [ 128.575594951689709, 34.68187690457232 ], [ 128.575574255361431, 34.681780218336542 ], [ 128.575468062425898, 34.681907397903331 ], [ 128.575594951689709, 34.68187690457232 ] ] ], [ [ [ 128.57495670789757, 34.681980247388751 ], [ 128.574861238541843, 34.681992875738189 ], [ 128.574917509516951, 34.682042371156719 ], [ 128.57495670789757, 34.681980247388751 ] ] ], [ [ [ 128.575154405126256, 34.682003185852381 ], [ 128.575084698668718, 34.682035095642611 ], [ 128.575173706934436, 34.682031206304401 ], [ 128.575154405126256, 34.682003185852381 ] ] ], [ [ [ 128.582332610503414, 34.683641306876872 ], [ 128.582216049615653, 34.68364254666006 ], [ 128.582218661681509, 34.683667732236259 ], [ 128.582332610503414, 34.683641306876872 ] ] ], [ [ [ 128.577418857013868, 34.68701620264175 ], [ 128.580195595478386, 34.68545743623595 ], [ 128.583222241743869, 34.681090330029832 ], [ 128.579027070582327, 34.681986198566996 ], [ 128.579944512405717, 34.680970690863958 ], [ 128.578489512544451, 34.680982814497398 ], [ 128.576083500133279, 34.681953175471229 ], [ 128.577418857013868, 34.68701620264175 ] ] ], [ [ [ 128.578673137578249, 34.688521346127324 ], [ 128.578649730956897, 34.688553211152815 ], [ 128.578690330622777, 34.688548249946408 ], [ 128.578673137578249, 34.688521346127324 ] ] ], [ [ [ 128.578429580104114, 34.688618241770627 ], [ 128.578357860204619, 34.688665389350405 ], [ 128.578456599595967, 34.688635615691084 ], [ 128.578429580104114, 34.688618241770627 ] ] ] ] } },
{ "type": "Feature", "properties": { "emd_cd": "48220370", "emd_nm": "사량면" }, "geometry": { "type": "MultiPolygon", "coordinates": [ [ [ [ 128.225437138067775, 34.763983259829494 ], [ 128.22540183606489, 34.764150169638775 ], [ 128.225513581960143, 34.764023344807377 ], [ 128.225437138067775, 34.763983259829494 ] ] ], [ [ [ 128.223381203244401, 34.775449562020825 ], [ 128.223111725000052, 34.775044822190175 ], [ 128.223076338752179, 34.775536093116685 ], [ 128.223381203244401, 34.775449562020825 ] ] ], [ [ [ 128.223485679449368, 34.7757210231469 ], [ 128.223242488250122, 34.775646222572327 ], [ 128.223251941171355, 34.775798283212893 ], [ 128.223485679449368, 34.7757210231469 ] ] ], [ [ [ 128.21448697088735, 34.777428412399324 ], [ 128.214484983537233, 34.777231564738763 ], [ 128.214293997432662, 34.777371396378705 ], [ 128.21448697088735, 34.777428412399324 ] ] ], [ [ [ 128.214410269515213, 34.777571191270489 ], [ 128.214328280525194, 34.777701307540077 ], [ 128.214443971296305, 34.777631026542537 ], [ 128.214410269515213, 34.777571191270489 ] ] ], [ [ [ 128.214287362834398, 34.777816933681656 ], [ 128.214298706050386, 34.777772839301193 ], [ 128.214260258814164, 34.777795125267218 ], [ 128.214287362834398, 34.777816933681656 ] ] ], [ [ [ 128.198805006260756, 34.817693220378324 ], [ 128.198858588725102, 34.817600281489682 ], [ 128.198764656338568, 34.817672673280228 ], [ 128.198805006260756, 34.817693220378324 ] ] ], [ [ [ 128.175555924278314, 34.820527120561692 ], [ 128.17844804047516, 34.820860024600272 ], [ 128.177224473599153, 34.819208097973849 ], [ 128.175555924278314, 34.820527120561692 ] ] ], [ [ [ 128.174148167598162, 34.820297351953819 ], [ 128.175410700764104, 34.820489475943376 ], [ 128.175571762835631, 34.820243376761979 ], [ 128.174148167598162, 34.820297351953819 ] ] ], [ [ [ 128.172741898792935, 34.821406340748339 ], [ 128.172961949148004, 34.821693042485585 ], [ 128.172783007631381, 34.821324433584117 ], [ 128.172741898792935, 34.821406340748339 ] ] ], [ [ [ 128.142995610637001, 34.826854159783423 ], [ 128.142369072940141, 34.826843887625465 ], [ 128.142973067089201, 34.827083146790009 ], [ 128.142995610637001, 34.826854159783423 ] ] ], [ [ [ 128.126011952378491, 34.834543065995547 ], [ 128.132397271260999, 34.83582624403369 ], [ 128.13522671667323, 34.833704837880141 ], [ 128.137465117661776, 34.834283271649134 ], [ 128.137309900141219, 34.832067815031344 ], [ 128.136500746989327, 34.831719725465582 ], [ 128.13640278285007, 34.831419351145918 ], [ 128.136144217795902, 34.831309943141861 ], [ 128.136077641309015, 34.831199565807331 ], [ 128.135876481949623, 34.83112323112438 ], [ 128.135688481590904, 34.830818429874171 ], [ 128.135325330715546, 34.83083927165773 ], [ 128.134271504592959, 34.830362494623358 ], [ 128.133460280202939, 34.829771857152174 ], [ 128.135677256586519, 34.830775462905791 ], [ 128.13732040668512, 34.832048852766775 ], [ 128.138050668904469, 34.834336841706332 ], [ 128.13745858726719, 34.834695979526202 ], [ 128.138891480241597, 34.834416564985489 ], [ 128.141811179482858, 34.832496251907259 ], [ 128.140835750302301, 34.830754438002707 ], [ 128.142697532382641, 34.831094069334412 ], [ 128.142483103925457, 34.82913577436068 ], [ 128.138327780366552, 34.827667583787161 ], [ 128.140422120407777, 34.826125750092551 ], [ 128.13684359965751, 34.826606662853003 ], [ 128.136723776537167, 34.824943741281807 ], [ 128.134447043603956, 34.824600378248988 ], [ 128.125897977350803, 34.829792465455611 ], [ 128.126011952378491, 34.834543065995547 ] ] ], [ [ [ 128.159745377333593, 34.837479492009805 ], [ 128.160546350097803, 34.836033664641711 ], [ 128.160252737391716, 34.835489668448218 ], [ 128.159285611613996, 34.835716477016405 ], [ 128.159745377333593, 34.837479492009805 ] ] ], [ [ [ 128.15775792688305, 34.837286072874555 ], [ 128.158079919075902, 34.83722881520459 ], [ 128.157941199670887, 34.837217037009694 ], [ 128.15775792688305, 34.837286072874555 ] ] ], [ [ [ 128.171981112447696, 34.83867176034363 ], [ 128.173016392043166, 34.838237594366234 ], [ 128.171862658656494, 34.838470217553635 ], [ 128.171981112447696, 34.83867176034363 ] ] ], [ [ [ 128.168855833667237, 34.846722241954943 ], [ 128.167822170170723, 34.851226995756569 ], [ 128.17094939041155, 34.853602626057906 ], [ 128.180204623315291, 34.855359664508988 ], [ 128.180630787081213, 34.856824316807923 ], [ 128.182194868518593, 34.855319509624209 ], [ 128.181986724323394, 34.856648634856889 ], [ 128.183227622639976, 34.855907384608699 ], [ 128.190383188106523, 34.859372464121542 ], [ 128.192566493989574, 34.858356605465019 ], [ 128.200054036765465, 34.860228435499046 ], [ 128.204166785378106, 34.8582016787689 ], [ 128.206305290028325, 34.858612011128464 ], [ 128.205702848378365, 34.856482037238926 ], [ 128.21013408122306, 34.855405382089891 ], [ 128.211203242792351, 34.853600876162325 ], [ 128.209573230737675, 34.853164989981295 ], [ 128.211970926857873, 34.851066654550003 ], [ 128.213978295085184, 34.851030641654226 ], [ 128.214294929610588, 34.852375860497979 ], [ 128.222784135618411, 34.852069973247694 ], [ 128.229911501676554, 34.84837742783094 ], [ 128.232750036336711, 34.844802480231799 ], [ 128.228774926928224, 34.842260939797363 ], [ 128.225377940880094, 34.842141011531027 ], [ 128.225421370759022, 34.843842468506487 ], [ 128.221153146838276, 34.844425970683105 ], [ 128.222281070236733, 34.842136439073258 ], [ 128.214052364032, 34.843679126891843 ], [ 128.203683057831483, 34.842492917228277 ], [ 128.202699862487009, 34.841758688772835 ], [ 128.204315555210655, 34.840544340429098 ], [ 128.202751594258643, 34.841640119473766 ], [ 128.1997538421885, 34.839337685186315 ], [ 128.198579628102237, 34.833207252927359 ], [ 128.195386890786295, 34.831352812375812 ], [ 128.195468877062382, 34.829334433491027 ], [ 128.190799228467768, 34.826436115317328 ], [ 128.185835492939276, 34.826310100817764 ], [ 128.18159304387035, 34.827549692291534 ], [ 128.179313058550633, 34.831066098265644 ], [ 128.184746895527041, 34.833857621696559 ], [ 128.183958281796862, 34.83653332779231 ], [ 128.181056482116958, 34.838082277907311 ], [ 128.180057165047145, 34.837331507262469 ], [ 128.181058367414181, 34.836236959324197 ], [ 128.179921566083181, 34.837354108390436 ], [ 128.178383691551204, 34.836483850836771 ], [ 128.176867799228489, 34.838725470001563 ], [ 128.172641162544267, 34.8388579572132 ], [ 128.172065581953746, 34.840602745639288 ], [ 128.169256134763629, 34.84085410456597 ], [ 128.167630310740151, 34.845100145403293 ], [ 128.168855833667237, 34.846722241954943 ] ] ], [ [ [ 128.206583093949064, 34.859038615517704 ], [ 128.206127981194044, 34.859062636208478 ], [ 128.206499835454963, 34.859285073628698 ], [ 128.206583093949064, 34.859038615517704 ] ] ], [ [ [ 128.226506600202015, 34.762439895554138 ], [ 128.226615250501652, 34.76223362889408 ], [ 128.22644387140619, 34.762417818023714 ], [ 128.226506600202015, 34.762439895554138 ] ] ], [ [ [ 128.226326056120769, 34.763099750218089 ], [ 128.226169126104622, 34.762797787711513 ], [ 128.225880726456836, 34.763211480726859 ], [ 128.226326056120769, 34.763099750218089 ] ] ], [ [ [ 128.22771003278973, 34.762992696929359 ], [ 128.227461353275146, 34.763063623975981 ], [ 128.227783131909746, 34.763070536291735 ], [ 128.22771003278973, 34.762992696929359 ] ] ], [ [ [ 128.226488559106855, 34.76357689611423 ], [ 128.226299817670196, 34.763580300867936 ], [ 128.226301399472021, 34.763652962570561 ], [ 128.226488559106855, 34.76357689611423 ] ] ], [ [ [ 128.225870880755508, 34.763770222644915 ], [ 128.226215968645249, 34.763420997120747 ], [ 128.225779223493959, 34.763703089571457 ], [ 128.225870880755508, 34.763770222644915 ] ] ], [ [ [ 128.22808685698115, 34.768285606943969 ], [ 128.22762801376615, 34.768376021125583 ], [ 128.227262342678301, 34.768571947153575 ], [ 128.22808685698115, 34.768285606943969 ] ] ], [ [ [ 128.228311719834124, 34.768358496693651 ], [ 128.228115515251005, 34.76847110459375 ], [ 128.228534140802481, 34.768382858015833 ], [ 128.228311719834124, 34.768358496693651 ] ] ], [ [ [ 128.251783062045774, 34.795080751949229 ], [ 128.250387123732565, 34.794298661364756 ], [ 128.248938226535131, 34.795441273333161 ], [ 128.251783062045774, 34.795080751949229 ] ] ], [ [ [ 128.249030720291813, 34.796099439348453 ], [ 128.249279199958494, 34.796114865392624 ], [ 128.249320696331239, 34.795991362068762 ], [ 128.249030720291813, 34.796099439348453 ] ] ], [ [ [ 128.247448894939765, 34.799518299101898 ], [ 128.246806716829212, 34.799790484390741 ], [ 128.247505125256993, 34.799644534345148 ], [ 128.247448894939765, 34.799518299101898 ] ] ], [ [ [ 128.226132014162602, 34.799924600820347 ], [ 128.225784064895777, 34.799592037217188 ], [ 128.22595459758017, 34.799953729850799 ], [ 128.226132014162602, 34.799924600820347 ] ] ], [ [ [ 128.25718274960127, 34.799884580547356 ], [ 128.257298035297026, 34.799922106909477 ], [ 128.257222454503051, 34.79985233752592 ], [ 128.25718274960127, 34.799884580547356 ] ] ], [ [ [ 128.257336744519648, 34.800810646448653 ], [ 128.257513593317185, 34.800858346995184 ], [ 128.257419893724744, 34.80068275292259 ], [ 128.257336744519648, 34.800810646448653 ] ] ], [ [ [ 128.256795639153268, 34.801022875496173 ], [ 128.257037652164399, 34.80086357646023 ], [ 128.256836267069588, 34.800739783697765 ], [ 128.256795639153268, 34.801022875496173 ] ] ], [ [ [ 128.255726807547404, 34.804863102964724 ], [ 128.256855537300737, 34.803267123362374 ], [ 128.257217620699379, 34.80129004814129 ], [ 128.255726807547404, 34.804863102964724 ] ] ], [ [ [ 128.244564637252381, 34.809321045027012 ], [ 128.2456913665782, 34.810110255644624 ], [ 128.244565881966565, 34.809284114228745 ], [ 128.244564637252381, 34.809321045027012 ] ] ], [ [ [ 128.250142738220376, 34.808733233449161 ], [ 128.245735902663739, 34.81007537840604 ], [ 128.245541393978982, 34.814002084187706 ], [ 128.243502524654815, 34.814503936356608 ], [ 128.242706442072318, 34.810937806988555 ], [ 128.237182386158963, 34.810108296297095 ], [ 128.243802095153825, 34.809141504574072 ], [ 128.242277322218996, 34.8074838747239 ], [ 128.245862716125487, 34.799700096237515 ], [ 128.242989645543673, 34.796230450177653 ], [ 128.239622425169244, 34.795820006873171 ], [ 128.239157891230008, 34.799715409030554 ], [ 128.236628582781663, 34.801576035315222 ], [ 128.23421232780214, 34.800188566543319 ], [ 128.233392445404832, 34.801331203922587 ], [ 128.227125381325067, 34.800141730268166 ], [ 128.226212344752952, 34.801794285283144 ], [ 128.223839662217017, 34.801404337668117 ], [ 128.222747473145006, 34.80505896338223 ], [ 128.224254992501329, 34.808140146266886 ], [ 128.213320546544196, 34.806922768649194 ], [ 128.20894015108567, 34.809490000502322 ], [ 128.211274048293319, 34.81191040214803 ], [ 128.215515604118451, 34.811769257751898 ], [ 128.21622254228933, 34.813497461618169 ], [ 128.213796090996425, 34.815548889415901 ], [ 128.210519933171867, 34.814594426671178 ], [ 128.211051942364776, 34.817283623895122 ], [ 128.205335454838519, 34.816443061528581 ], [ 128.199566388597958, 34.817702530725946 ], [ 128.199704666160699, 34.820088074245447 ], [ 128.202895251779239, 34.821845688856087 ], [ 128.199331074295088, 34.824555924194307 ], [ 128.203249552519878, 34.824181365866679 ], [ 128.207369459926298, 34.821525110522501 ], [ 128.213832658552434, 34.821095049688573 ], [ 128.214067112592545, 34.82279836411255 ], [ 128.210417061803753, 34.823866209583521 ], [ 128.209668612327448, 34.826024217280505 ], [ 128.20706210923754, 34.827159931964147 ], [ 128.213204858768819, 34.831342122418221 ], [ 128.21499676130216, 34.834350210588234 ], [ 128.214169393007381, 34.836502080655897 ], [ 128.21870899468729, 34.839096015840568 ], [ 128.218322387556441, 34.837486622121347 ], [ 128.220820477580077, 34.838348752031706 ], [ 128.22032718703511, 34.839296282355896 ], [ 128.225870280478148, 34.83775863444464 ], [ 128.236642193172571, 34.841572899981351 ], [ 128.237680983992277, 34.837660618722218 ], [ 128.241132859998459, 34.835448930517252 ], [ 128.239210100923941, 34.832407573344419 ], [ 128.241724543226951, 34.829784134257345 ], [ 128.244606814226472, 34.8330753113692 ], [ 128.246323800796176, 34.829683094613742 ], [ 128.247907560460732, 34.829875614049364 ], [ 128.249654267050232, 34.824544748954999 ], [ 128.264991878135191, 34.818197598735956 ], [ 128.265189739829054, 34.814208277899979 ], [ 128.260555675951252, 34.814884274528133 ], [ 128.26053284745646, 34.809374537777543 ], [ 128.257045767847728, 34.810964980376973 ], [ 128.255010773856782, 34.808189937748473 ], [ 128.253683940008642, 34.808039203098993 ], [ 128.250142738220376, 34.808733233449161 ] ], [ [ 128.250855511740212, 34.808717413688989 ], [ 128.250855785837985, 34.8087173162277 ], [ 128.251019056079713, 34.808689866530671 ], [ 128.250855511740212, 34.808717413688989 ] ] ] ] } }
]
}
