{
"type": "FeatureCollection",
"name": "27",
"crs": { "type": "name", "properties": { "name": "urn:ogc:def:crs:OGC:1.3:CRS84" } },
"features": [
{ "type": "Feature", "properties": { "emd_cd": "27110101", "emd_nm": "동인동1가" }, "geometry": { "type": "MultiPolygon", "coordinates": [ [ [ [ 128.600581923979433, 35.871296639266347 ], [ 128.601243922435685, 35.873001236091099 ], [ 128.601025100345225, 35.873810334654138 ], [ 128.601322789826867, 35.874651949549616 ], [ 128.606549138079231, 35.873933957249761 ], [ 128.606406925422561, 35.870083640664362 ], [ 128.600581923979433, 35.871296639266347 ] ], [ [ 128.601256497772681, 35.874305508216047 ], [ 128.601212018579361, 35.874201627261279 ], [ 128.601269291704426, 35.874179133838624 ], [ 128.601256497772681, 35.874305508216047 ] ] ] ] } },
{ "type": "Feature", "properties": { "emd_cd": "27110102", "emd_nm": "동인동2가" }, "geometry": { "type": "MultiPolygon", "coordinates": [ [ [ [ 128.606282875527398, 35.866843711160961 ], [ 128.599781935483747, 35.868235740864201 ], [ 128.600581923979433, 35.871296639266347 ], [ 128.606406925422561, 35.870083640664362 ], [ 128.606282875527398, 35.866843711160961 ] ] ] ] } },
{ "type": "Feature", "properties": { "emd_cd": "27110103", "emd_nm": "동인동3가" }, "geometry": { "type": "MultiPolygon", "coordinates": [ [ [ [ 128.606406925422561, 35.870083640664362 ], [ 128.606111351623127, 35.873547669563621 ], [ 128.610552240827133, 35.875023031837351 ], [ 128.612410178216891, 35.874170009351666 ], [ 128.614114640421292, 35.869284435629005 ], [ 128.606406925422561, 35.870083640664362 ] ] ] ] } },
{ "type": "Feature", "properties": { "emd_cd": "27110104", "emd_nm": "동인동4가" }, "geometry": { "type": "MultiPolygon", "coordinates": [ [ [ [ 128.613642410794796, 35.865440719698377 ], [ 128.606282875527398, 35.866843711160961 ], [ 128.606406925422561, 35.870083640664362 ], [ 128.614114640421292, 35.869284435629005 ], [ 128.613642410794796, 35.865440719698377 ] ] ] ] } },
{ "type": "Feature", "properties": { "emd_cd": "27110105", "emd_nm": "삼덕동1가" }, "geometry": { "type": "MultiPolygon", "coordinates": [ [ [ [ 128.599330463120424, 35.863888488647881 ], [ 128.595325146783921, 35.868345147078664 ], [ 128.599776924613224, 35.868236958811771 ], [ 128.599330463120424, 35.863888488647881 ] ] ] ] } },
{ "type": "Feature", "properties": { "emd_cd": "27110106", "emd_nm": "삼덕동2가" }, "geometry": { "type": "MultiPolygon", "coordinates": [ [ [ [ 128.599417096284839, 35.864246562594133 ], [ 128.599776924613224, 35.868236958811771 ], [ 128.606282875527398, 35.866843711160961 ], [ 128.604929604037409, 35.862745676120156 ], [ 128.599417096284839, 35.864246562594133 ] ] ] ] } },
{ "type": "Feature", "properties": { "emd_cd": "27110107", "emd_nm": "삼덕동3가" }, "geometry": { "type": "MultiPolygon", "coordinates": [ [ [ [ 128.608498612045253, 35.862019103909127 ], [ 128.604929604037409, 35.862745676120156 ], [ 128.60621665825829, 35.866806902930229 ], [ 128.613642410794796, 35.865440719698377 ], [ 128.608498612045253, 35.862019103909127 ] ] ] ] } },
{ "type": "Feature", "properties": { "emd_cd": "27110108", "emd_nm": "봉산동" }, "geometry": { "type": "MultiPolygon", "coordinates": [ [ [ [ 128.595227660518901, 35.867135459944677 ], [ 128.597477284619998, 35.86650083863919 ], [ 128.600716660590535, 35.860481783064017 ], [ 128.59648517004041, 35.859987449662 ], [ 128.594453419676313, 35.86519576538079 ], [ 128.595227660518901, 35.867135459944677 ] ] ] ] } },
{ "type": "Feature", "properties": { "emd_cd": "27110109", "emd_nm": "장관동" }, "geometry": { "type": "MultiPolygon", "coordinates": [ [ [ [ 128.591394222731566, 35.868731350801532 ], [ 128.589852566490805, 35.869380875531476 ], [ 128.591278086715079, 35.869622425755459 ], [ 128.591394222731566, 35.868731350801532 ] ] ] ] } },
{ "type": "Feature", "properties": { "emd_cd": "27110110", "emd_nm": "상서동" }, "geometry": { "type": "MultiPolygon", "coordinates": [ [ [ [ 128.589714816106579, 35.869756959923244 ], [ 128.589663600860064, 35.871039745456855 ], [ 128.590907127114377, 35.870540144802604 ], [ 128.590914529833498, 35.870354343290721 ], [ 128.589714816106579, 35.869756959923244 ] ] ] ] } },
{ "type": "Feature", "properties": { "emd_cd": "27110111", "emd_nm": "수동" }, "geometry": { "type": "MultiPolygon", "coordinates": [ [ [ [ 128.589609398796199, 35.870828056532929 ], [ 128.589113836869075, 35.868344664213808 ], [ 128.588443794394436, 35.871011107553215 ], [ 128.589609398796199, 35.870828056532929 ] ] ] ] } },
{ "type": "Feature", "properties": { "emd_cd": "27110112", "emd_nm": "덕산동" }, "geometry": { "type": "MultiPolygon", "coordinates": [ [ [ [ 128.590749942283594, 35.866179052338438 ], [ 128.59497109221644, 35.866502776929686 ], [ 128.594763596577195, 35.865003751744972 ], [ 128.590749942283594, 35.866179052338438 ] ] ] ] } },
{ "type": "Feature", "properties": { "emd_cd": "27110113", "emd_nm": "종로1가" }, "geometry": { "type": "MultiPolygon", "coordinates": [ [ [ [ 128.592492448436786, 35.870788679508152 ], [ 128.58980498296529, 35.869392500730079 ], [ 128.590076158010618, 35.871091880662377 ], [ 128.592492448436786, 35.870788679508152 ] ] ] ] } },
{ "type": "Feature", "properties": { "emd_cd": "27110114", "emd_nm": "종로2가" }, "geometry": { "type": "MultiPolygon", "coordinates": [ [ [ [ 128.590772407053493, 35.868009748168397 ], [ 128.59190537811557, 35.86962749481453 ], [ 128.593121971565182, 35.867502958744424 ], [ 128.592092773719799, 35.867151036554716 ], [ 128.590772407053493, 35.868009748168397 ] ] ] ] } },
{ "type": "Feature", "properties": { "emd_cd": "27110115", "emd_nm": "사일동" }, "geometry": { "type": "MultiPolygon", "coordinates": [ [ [ [ 128.593914063357545, 35.871263128878759 ], [ 128.594491801531802, 35.870381222536636 ], [ 128.595062956489244, 35.869701835862259 ], [ 128.59483568840335, 35.868709746872277 ], [ 128.593914063357545, 35.871263128878759 ] ] ] ] } },
{ "type": "Feature", "properties": { "emd_cd": "27110116", "emd_nm": "동일동" }, "geometry": { "type": "MultiPolygon", "coordinates": [ [ [ [ 128.593031192295427, 35.869837269896841 ], [ 128.593546609404171, 35.869487699272327 ], [ 128.591832436344532, 35.869710538813777 ], [ 128.593031192295427, 35.869837269896841 ] ] ] ] } },
{ "type": "Feature", "properties": { "emd_cd": "27110117", "emd_nm": "남일동" }, "geometry": { "type": "MultiPolygon", "coordinates": [ [ [ [ 128.592080707920928, 35.868614421685052 ], [ 128.593919184064504, 35.871238353119608 ], [ 128.594502592847874, 35.868093053365627 ], [ 128.592080707920928, 35.868614421685052 ] ] ] ] } },
{ "type": "Feature", "properties": { "emd_cd": "27110118", "emd_nm": "전동" }, "geometry": { "type": "MultiPolygon", "coordinates": [ [ [ [ 128.593485753513534, 35.870120839631859 ], [ 128.592204312823867, 35.871570443795115 ], [ 128.593388433560364, 35.871535853523071 ], [ 128.593485753513534, 35.870120839631859 ] ] ] ] } },
{ "type": "Feature", "properties": { "emd_cd": "27110119", "emd_nm": "동성로3가" }, "geometry": { "type": "MultiPolygon", "coordinates": [ [ [ [ 128.59237930810383, 35.86671018801318 ], [ 128.593237141379262, 35.868673936112465 ], [ 128.595273378774323, 35.867909897905072 ], [ 128.595149026961366, 35.866608048976026 ], [ 128.59237930810383, 35.86671018801318 ] ] ] ] } },
{ "type": "Feature", "properties": { "emd_cd": "27110120", "emd_nm": "동문동" }, "geometry": { "type": "MultiPolygon", "coordinates": [ [ [ [ 128.600421946955208, 35.872860587175275 ], [ 128.600513856410629, 35.871037855125863 ], [ 128.597479675409744, 35.871828425129713 ], [ 128.597584599045575, 35.8725338274526 ], [ 128.600421946955208, 35.872860587175275 ] ] ], [ [ [ 128.597477012925395, 35.872915744923716 ], [ 128.597107174764744, 35.871677511951802 ], [ 128.595906766018629, 35.871609802092863 ], [ 128.596239939951914, 35.872846752452929 ], [ 128.597477012925395, 35.872915744923716 ] ] ] ] } },
{ "type": "Feature", "properties": { "emd_cd": "27110121", "emd_nm": "문화동" }, "geometry": { "type": "MultiPolygon", "coordinates": [ [ [ [ 128.595890066988602, 35.871562223301318 ], [ 128.597237133442633, 35.873136724317902 ], [ 128.598249747118501, 35.872919827939569 ], [ 128.597479675409744, 35.871828425129713 ], [ 128.598731700544988, 35.871136645496378 ], [ 128.597148936059057, 35.869810596949286 ], [ 128.595890066988602, 35.871562223301318 ] ] ] ] } },
{ "type": "Feature", "properties": { "emd_cd": "27110122", "emd_nm": "공평동" }, "geometry": { "type": "MultiPolygon", "coordinates": [ [ [ [ 128.600513856410629, 35.871037855125863 ], [ 128.599121804343469, 35.867669535214389 ], [ 128.595401575753272, 35.868332887176386 ], [ 128.598825989751532, 35.871556038500337 ], [ 128.600513856410629, 35.871037855125863 ] ] ] ] } },
{ "type": "Feature", "properties": { "emd_cd": "27110123", "emd_nm": "동성로2가" }, "geometry": { "type": "MultiPolygon", "coordinates": [ [ [ [ 128.594611504246956, 35.868761737550138 ], [ 128.594842228298432, 35.871621308614294 ], [ 128.595722846433745, 35.872369855186882 ], [ 128.597110379164093, 35.869455729722461 ], [ 128.594611504246956, 35.868761737550138 ] ] ] ] } },
{ "type": "Feature", "properties": { "emd_cd": "27110124", "emd_nm": "태평로1가" }, "geometry": { "type": "MultiPolygon", "coordinates": [ [ [ [ 128.601269291704426, 35.874179133838624 ], [ 128.601240864440314, 35.874278671270581 ], [ 128.601256497772681, 35.874305508216047 ], [ 128.601269291704426, 35.874179133838624 ] ] ], [ [ [ 128.594934187631395, 35.875328232053114 ], [ 128.600007144200248, 35.875026225413514 ], [ 128.601329429009695, 35.874602250230637 ], [ 128.601148843603227, 35.874098603258048 ], [ 128.601325929894955, 35.873747754476888 ], [ 128.594934187631395, 35.875328232053114 ] ] ] ] } },
{ "type": "Feature", "properties": { "emd_cd": "27110125", "emd_nm": "교동" }, "geometry": { "type": "MultiPolygon", "coordinates": [ [ [ [ 128.596182156120278, 35.873754395020065 ], [ 128.601105757146939, 35.872800060435949 ], [ 128.595977202659782, 35.873202432727787 ], [ 128.596182156120278, 35.873754395020065 ] ] ] ] } },
{ "type": "Feature", "properties": { "emd_cd": "27110126", "emd_nm": "용덕동" }, "geometry": { "type": "MultiPolygon", "coordinates": [ [ [ [ 128.596840153949017, 35.874279828032151 ], [ 128.595976987193552, 35.873666336472247 ], [ 128.595687070593556, 35.873920291445899 ], [ 128.596840153949017, 35.874279828032151 ] ] ] ] } },
{ "type": "Feature", "properties": { "emd_cd": "27110127", "emd_nm": "상덕동" }, "geometry": { "type": "MultiPolygon", "coordinates": [ [ [ [ 128.597975315270673, 35.873377962422445 ], [ 128.597493398177846, 35.874048469972664 ], [ 128.59824647129264, 35.873741225536854 ], [ 128.597975315270673, 35.873377962422445 ] ] ] ] } },
{ "type": "Feature", "properties": { "emd_cd": "27110128", "emd_nm": "완전동" }, "geometry": { "type": "MultiPolygon", "coordinates": [ [ [ [ 128.600419229391207, 35.872835145093205 ], [ 128.599616660532291, 35.871959143066086 ], [ 128.598056954183846, 35.872375894885117 ], [ 128.598249747118501, 35.872919827939569 ], [ 128.600419229391207, 35.872835145093205 ] ] ] ] } },
{ "type": "Feature", "properties": { "emd_cd": "27110129", "emd_nm": "도원동" }, "geometry": { "type": "MultiPolygon", "coordinates": [ [ [ [ 128.582584858268547, 35.877330152544701 ], [ 128.584079050245748, 35.875782427475698 ], [ 128.58233035753841, 35.876111924784162 ], [ 128.582584858268547, 35.877330152544701 ] ] ] ] } },
{ "type": "Feature", "properties": { "emd_cd": "27110130", "emd_nm": "수창동" }, "geometry": { "type": "MultiPolygon", "coordinates": [ [ [ [ 128.590732293120539, 35.874510781607519 ], [ 128.582014246170417, 35.874550352183221 ], [ 128.581536376524269, 35.87746764420141 ], [ 128.582330357538467, 35.876111924784162 ], [ 128.586468296105551, 35.876528558600477 ], [ 128.590732293120539, 35.874510781607519 ] ] ] ] } },
{ "type": "Feature", "properties": { "emd_cd": "27110131", "emd_nm": "태평로3가" }, "geometry": { "type": "MultiPolygon", "coordinates": [ [ [ [ 128.590943287305265, 35.874318934824799 ], [ 128.580701606693708, 35.878885932340985 ], [ 128.590478688527782, 35.876743664303241 ], [ 128.590943287305265, 35.874318934824799 ] ] ] ] } },
{ "type": "Feature", "properties": { "emd_cd": "27110132", "emd_nm": "인교동" }, "geometry": { "type": "MultiPolygon", "coordinates": [ [ [ [ 128.58191982268923, 35.873366036720526 ], [ 128.583849560470014, 35.874880038798445 ], [ 128.58639852796631, 35.871342763100266 ], [ 128.584712513552148, 35.8708732472438 ], [ 128.58191982268923, 35.873366036720526 ] ] ] ] } },
{ "type": "Feature", "properties": { "emd_cd": "27110133", "emd_nm": "서야동" }, "geometry": { "type": "MultiPolygon", "coordinates": [ [ [ [ 128.587327723956804, 35.873307293778794 ], [ 128.585007536178438, 35.872297391727642 ], [ 128.584187878236975, 35.873915941482274 ], [ 128.587327723956804, 35.873307293778794 ] ] ] ] } },
{ "type": "Feature", "properties": { "emd_cd": "27110134", "emd_nm": "서성로1가" }, "geometry": { "type": "MultiPolygon", "coordinates": [ [ [ [ 128.58833264401332, 35.872553720971247 ], [ 128.587455819265699, 35.871091089802427 ], [ 128.58575861577927, 35.872570689451152 ], [ 128.587344744216807, 35.872887906285953 ], [ 128.586496155500583, 35.873948792921276 ], [ 128.58833264401332, 35.872553720971247 ] ] ] ] } },
{ "type": "Feature", "properties": { "emd_cd": "27110135", "emd_nm": "시장북로" }, "geometry": { "type": "MultiPolygon", "coordinates": [ [ [ [ 128.582499877416495, 35.870496718982032 ], [ 128.581175040742778, 35.872056491363537 ], [ 128.581838625628649, 35.873361454223257 ], [ 128.583943210158935, 35.871823331337367 ], [ 128.582499877416495, 35.870496718982032 ] ] ] ] } },
{ "type": "Feature", "properties": { "emd_cd": "27110136", "emd_nm": "하서동" }, "geometry": { "type": "MultiPolygon", "coordinates": [ [ [ [ 128.588053327884325, 35.869744062343329 ], [ 128.587853786297785, 35.870656449417787 ], [ 128.588921086200344, 35.870073366375223 ], [ 128.588053327884325, 35.869744062343329 ] ] ] ] } },
{ "type": "Feature", "properties": { "emd_cd": "27110137", "emd_nm": "남성로" }, "geometry": { "type": "MultiPolygon", "coordinates": [ [ [ [ 128.592092773719799, 35.867151036554716 ], [ 128.589176886802619, 35.867786021083852 ], [ 128.58708557452934, 35.869466949534143 ], [ 128.58859586893908, 35.869883862880357 ], [ 128.592092773719799, 35.867151036554716 ] ] ] ] } },
{ "type": "Feature", "properties": { "emd_cd": "27110138", "emd_nm": "계산동1가" }, "geometry": { "type": "MultiPolygon", "coordinates": [ [ [ [ 128.586753932117944, 35.870201659157082 ], [ 128.586366558079817, 35.868101223700748 ], [ 128.584974892660853, 35.870585661049084 ], [ 128.586753932117944, 35.870201659157082 ] ] ] ] } },
{ "type": "Feature", "properties": { "emd_cd": "27110139", "emd_nm": "계산동2가" }, "geometry": { "type": "MultiPolygon", "coordinates": [ [ [ [ 128.587603958561203, 35.866494091623743 ], [ 128.587197518034486, 35.869092545627069 ], [ 128.59237930810383, 35.86671018801318 ], [ 128.591018282822745, 35.86590478431355 ], [ 128.587603958561203, 35.866494091623743 ] ] ] ] } },
{ "type": "Feature", "properties": { "emd_cd": "27110140", "emd_nm": "동산동" }, "geometry": { "type": "MultiPolygon", "coordinates": [ [ [ [ 128.583886884312108, 35.871829291046204 ], [ 128.587603958561203, 35.866494091623743 ], [ 128.582327813232467, 35.864826512388298 ], [ 128.582202945305966, 35.870245697093644 ], [ 128.583886884312108, 35.871829291046204 ] ] ] ] } },
{ "type": "Feature", "properties": { "emd_cd": "27110141", "emd_nm": "서문로2가" }, "geometry": { "type": "MultiPolygon", "coordinates": [ [ [ [ 128.584712513552148, 35.8708732472438 ], [ 128.586391144246818, 35.871930526516344 ], [ 128.587320557462448, 35.871126610141424 ], [ 128.586875242097364, 35.870129798345289 ], [ 128.584712513552148, 35.8708732472438 ] ] ] ] } },
{ "type": "Feature", "properties": { "emd_cd": "27110142", "emd_nm": "서성로2가" }, "geometry": { "type": "MultiPolygon", "coordinates": [ [ [ [ 128.588052329198717, 35.870821023359859 ], [ 128.586590953876197, 35.869936059654108 ], [ 128.587302048742913, 35.870891583945046 ], [ 128.588052329198717, 35.870821023359859 ] ] ] ] } },
{ "type": "Feature", "properties": { "emd_cd": "27110143", "emd_nm": "포정동" }, "geometry": { "type": "MultiPolygon", "coordinates": [ [ [ [ 128.595524233158869, 35.872410587244282 ], [ 128.591664646770511, 35.870692454171738 ], [ 128.590886669608267, 35.871981609107351 ], [ 128.595524233158869, 35.872410587244282 ] ] ] ] } },
{ "type": "Feature", "properties": { "emd_cd": "27110144", "emd_nm": "서문로1가" }, "geometry": { "type": "MultiPolygon", "coordinates": [ [ [ [ 128.587320557463698, 35.87112661014136 ], [ 128.588216996940332, 35.872545329230171 ], [ 128.590886669609574, 35.871981609107301 ], [ 128.589609398797506, 35.870828056532908 ], [ 128.587320557463698, 35.87112661014136 ] ] ] ] } },
{ "type": "Feature", "properties": { "emd_cd": "27110145", "emd_nm": "서내동" }, "geometry": { "type": "MultiPolygon", "coordinates": [ [ [ [ 128.58855781244506, 35.871922148826663 ], [ 128.587681136055465, 35.873560137761878 ], [ 128.589762257640018, 35.871707938810218 ], [ 128.58855781244506, 35.871922148826663 ] ] ] ] } },
{ "type": "Feature", "properties": { "emd_cd": "27110146", "emd_nm": "북성로2가" }, "geometry": { "type": "MultiPolygon", "coordinates": [ [ [ [ 128.590732293120539, 35.874510781607555 ], [ 128.587617246019335, 35.873576797918481 ], [ 128.587656613757645, 35.87443021853808 ], [ 128.590732293120539, 35.874510781607555 ] ] ] ] } },
{ "type": "Feature", "properties": { "emd_cd": "27110147", "emd_nm": "대안동" }, "geometry": { "type": "MultiPolygon", "coordinates": [ [ [ [ 128.589997973966149, 35.873376951145126 ], [ 128.591665972084144, 35.874028490100613 ], [ 128.592835581777393, 35.872915161439273 ], [ 128.590663069213491, 35.871961125605679 ], [ 128.589997973966149, 35.873376951145126 ] ] ] ] } },
{ "type": "Feature", "properties": { "emd_cd": "27110148", "emd_nm": "동성로1가" }, "geometry": { "type": "MultiPolygon", "coordinates": [ [ [ [ 128.596431965528581, 35.872988777588631 ], [ 128.595095622282571, 35.872436229531338 ], [ 128.595491850778387, 35.874117724521973 ], [ 128.596431965528581, 35.872988777588631 ] ] ] ] } },
{ "type": "Feature", "properties": { "emd_cd": "27110149", "emd_nm": "태평로2가" }, "geometry": { "type": "MultiPolygon", "coordinates": [ [ [ [ 128.590943287306573, 35.874318934824693 ], [ 128.58915126408246, 35.877094420448309 ], [ 128.595002624201726, 35.875834933472113 ], [ 128.59477136237598, 35.874771814089229 ], [ 128.590943287306573, 35.874318934824693 ] ] ] ] } },
{ "type": "Feature", "properties": { "emd_cd": "27110150", "emd_nm": "북성로1가" }, "geometry": { "type": "MultiPolygon", "coordinates": [ [ [ [ 128.596081518198361, 35.874453165587191 ], [ 128.591307506104698, 35.874020732815268 ], [ 128.590892026642763, 35.873686278353347 ], [ 128.591147329395028, 35.8744121622045 ], [ 128.594865137250167, 35.875100038707998 ], [ 128.596081518198361, 35.874453165587191 ] ] ] ] } },
{ "type": "Feature", "properties": { "emd_cd": "27110151", "emd_nm": "화전동" }, "geometry": { "type": "MultiPolygon", "coordinates": [ [ [ [ 128.594016885907109, 35.872208248118369 ], [ 128.594432080881546, 35.873982863972195 ], [ 128.595419945078731, 35.873904302139763 ], [ 128.59509562228402, 35.872436229531324 ], [ 128.594016885907109, 35.872208248118369 ] ] ] ] } },
{ "type": "Feature", "properties": { "emd_cd": "27110152", "emd_nm": "향촌동" }, "geometry": { "type": "MultiPolygon", "coordinates": [ [ [ [ 128.592809659314185, 35.872893686832775 ], [ 128.594477174971132, 35.874202928372505 ], [ 128.594016885907109, 35.872208248118369 ], [ 128.592809659314185, 35.872893686832775 ] ] ] ] } },
{ "type": "Feature", "properties": { "emd_cd": "27110153", "emd_nm": "북내동" }, "geometry": { "type": "MultiPolygon", "coordinates": [ [ [ [ 128.588824756069243, 35.87319965477564 ], [ 128.590732070611978, 35.872728064719844 ], [ 128.588628476545921, 35.872817179063532 ], [ 128.588824756069243, 35.87319965477564 ] ] ] ] } },
{ "type": "Feature", "properties": { "emd_cd": "27110154", "emd_nm": "대신동" }, "geometry": { "type": "MultiPolygon", "coordinates": [ [ [ [ 128.574173580852886, 35.86253250262417 ], [ 128.573757227143119, 35.865289044022582 ], [ 128.579057294095946, 35.869439261836654 ], [ 128.579863334145529, 35.873707247755014 ], [ 128.581838625628649, 35.873361454223257 ], [ 128.582327813232467, 35.864826512388298 ], [ 128.574173580852886, 35.86253250262417 ] ] ] ] } },
{ "type": "Feature", "properties": { "emd_cd": "27110155", "emd_nm": "달성동" }, "geometry": { "type": "MultiPolygon", "coordinates": [ [ [ [ 128.581838625628649, 35.873361454223257 ], [ 128.576708295383156, 35.871806658040519 ], [ 128.5755267187416, 35.873014966716568 ], [ 128.576656883653499, 35.876123549111497 ], [ 128.578973063619998, 35.875273692064354 ], [ 128.577635613353436, 35.879526939354491 ], [ 128.580696977456114, 35.878919505304424 ], [ 128.581838625628649, 35.873361454223257 ] ] ] ] } },
{ "type": "Feature", "properties": { "emd_cd": "27110156", "emd_nm": "남산동" }, "geometry": { "type": "MultiPolygon", "coordinates": [ [ [ [ 128.574173580852886, 35.86253250262417 ], [ 128.588310942832294, 35.866394945933848 ], [ 128.59441448273023, 35.86530557593089 ], [ 128.596864978627679, 35.859111919366718 ], [ 128.594026441564694, 35.858467050983428 ], [ 128.594698884161545, 35.856562236546864 ], [ 128.582892850470671, 35.856283808258986 ], [ 128.574460500470622, 35.859987272274836 ], [ 128.574173580852886, 35.86253250262417 ] ] ] ] } },
{ "type": "Feature", "properties": { "emd_cd": "27110157", "emd_nm": "대봉동" }, "geometry": { "type": "MultiPolygon", "coordinates": [ [ [ [ 128.594025177219862, 35.85800446590995 ], [ 128.596864978627679, 35.859111919366768 ], [ 128.596234853936522, 35.859971266582583 ], [ 128.59522144785268, 35.862852738760374 ], [ 128.59658439516744, 35.859923408305875 ], [ 128.600716660590535, 35.860481783064017 ], [ 128.599106237851032, 35.863980358610959 ], [ 128.609511335600331, 35.861819172561212 ], [ 128.608355669987105, 35.854950132940203 ], [ 128.598110596934646, 35.855530755751538 ], [ 128.594025177219862, 35.85800446590995 ] ] ] ] } },
{ "type": "Feature", "properties": { "emd_cd": "27140101", "emd_nm": "신암동" }, "geometry": { "type": "MultiPolygon", "coordinates": [ [ [ [ 128.606631907381683, 35.876853743680179 ], [ 128.611704047106429, 35.880733436504308 ], [ 128.617344358296435, 35.889259529308092 ], [ 128.622084262575015, 35.892395312618874 ], [ 128.62788356774746, 35.88944138461445 ], [ 128.631581633672283, 35.893105929051679 ], [ 128.631961631778438, 35.890985176977608 ], [ 128.641347698561162, 35.888499992315694 ], [ 128.633023925657568, 35.885629066927294 ], [ 128.637352616447401, 35.881231839523778 ], [ 128.635168397351805, 35.879931810756204 ], [ 128.614174199075109, 35.875821897410255 ], [ 128.610677578510717, 35.877970450748208 ], [ 128.608375747316245, 35.875750350889874 ], [ 128.606631907381683, 35.876853743680179 ] ] ] ] } },
{ "type": "Feature", "properties": { "emd_cd": "27140102", "emd_nm": "신천동" }, "geometry": { "type": "MultiPolygon", "coordinates": [ [ [ [ 128.60867880199919, 35.876067371096724 ], [ 128.610677578510717, 35.877970450748208 ], [ 128.614174199075109, 35.875821897410255 ], [ 128.630058726073514, 35.878700230970594 ], [ 128.634201679579945, 35.875077784981492 ], [ 128.635143767743614, 35.872008301370606 ], [ 128.629806069824212, 35.866639511571421 ], [ 128.614697887474847, 35.868081174174897 ], [ 128.612480253102802, 35.874042431298165 ], [ 128.60867880199919, 35.876067371096724 ] ] ] ] } },
{ "type": "Feature", "properties": { "emd_cd": "27140103", "emd_nm": "효목동" }, "geometry": { "type": "MultiPolygon", "coordinates": [ [ [ [ 128.659398238934273, 35.876882888253469 ], [ 128.655761419772006, 35.876117525498579 ], [ 128.650071983453984, 35.878574124726995 ], [ 128.635143767743614, 35.872008301370606 ], [ 128.630499076935649, 35.878591288727442 ], [ 128.637352616447401, 35.881231839523778 ], [ 128.633023925657568, 35.885629066927294 ], [ 128.641013630119289, 35.887980777499159 ], [ 128.645982879106015, 35.886345235795723 ], [ 128.659398238934273, 35.876882888253469 ] ] ] ] } },
{ "type": "Feature", "properties": { "emd_cd": "27140104", "emd_nm": "평광동" }, "geometry": { "type": "MultiPolygon", "coordinates": [ [ [ [ 128.670519061678505, 35.943805550042818 ], [ 128.682788883443692, 35.94780875893467 ], [ 128.685686233316574, 35.945339027815962 ], [ 128.694865829312363, 35.946338318944107 ], [ 128.700162289339005, 35.942543840985373 ], [ 128.709819595650799, 35.943438823989666 ], [ 128.740503507808597, 35.937153718659509 ], [ 128.737804421438199, 35.934392961683685 ], [ 128.737520556509509, 35.929827831600356 ], [ 128.720324372366662, 35.929334509873577 ], [ 128.717904539648515, 35.92401044510023 ], [ 128.711582136853593, 35.921845898489892 ], [ 128.702793733819163, 35.913905334498956 ], [ 128.696974313484645, 35.919240831795584 ], [ 128.688759800191491, 35.919541885214322 ], [ 128.678636044671578, 35.924286577990017 ], [ 128.67689805872601, 35.926094150216315 ], [ 128.679310742238584, 35.93413187296666 ], [ 128.674129204771191, 35.940372893580545 ], [ 128.671381362186139, 35.941035859539959 ], [ 128.670519061678505, 35.943805550042818 ] ] ] ] } },
{ "type": "Feature", "properties": { "emd_cd": "27140105", "emd_nm": "봉무동" }, "geometry": { "type": "MultiPolygon", "coordinates": [ [ [ [ 128.633006215040297, 35.91655471486996 ], [ 128.630455942895736, 35.928096061275546 ], [ 128.628752262725385, 35.929695376149567 ], [ 128.624595493684751, 35.929781148157161 ], [ 128.627389119680061, 35.931094049878773 ], [ 128.624647104282076, 35.93565062239972 ], [ 128.631278369071623, 35.936104223225207 ], [ 128.637813103569641, 35.933573346982385 ], [ 128.641409248771254, 35.935209874575527 ], [ 128.642420241894797, 35.938262186168672 ], [ 128.64675494191485, 35.937705006679117 ], [ 128.648404532692695, 35.939195649980732 ], [ 128.660496260070204, 35.933978460333599 ], [ 128.660155559449379, 35.929530318560836 ], [ 128.6551193315332, 35.927075119840275 ], [ 128.655948187796554, 35.919821801671581 ], [ 128.651222104572867, 35.918188129746319 ], [ 128.651068383871177, 35.915498664437685 ], [ 128.633006215040297, 35.91655471486996 ] ] ] ] } },
{ "type": "Feature", "properties": { "emd_cd": "27140106", "emd_nm": "불로동" }, "geometry": { "type": "MultiPolygon", "coordinates": [ [ [ [ 128.626803863918155, 35.904143025036674 ], [ 128.63210533500316, 35.912405471149398 ], [ 128.632137558363496, 35.920546237837407 ], [ 128.633006215040297, 35.91655471486996 ], [ 128.651068383871177, 35.915498664437685 ], [ 128.645124375062949, 35.910071304737507 ], [ 128.642646125598475, 35.90966448837667 ], [ 128.635352231490799, 35.901363422718291 ], [ 128.63444406651152, 35.891057451857186 ], [ 128.631961631778438, 35.890985176977608 ], [ 128.626803863918155, 35.904143025036674 ] ] ] ] } },
{ "type": "Feature", "properties": { "emd_cd": "27140107", "emd_nm": "도동" }, "geometry": { "type": "MultiPolygon", "coordinates": [ [ [ [ 128.64254431779446, 35.909254662267692 ], [ 128.650492695366978, 35.914500675895404 ], [ 128.651222104572867, 35.918188129746319 ], [ 128.655948187796554, 35.919821801671581 ], [ 128.655520042421529, 35.927756337400751 ], [ 128.660155559449379, 35.929530318560836 ], [ 128.660012012412409, 35.93344093129226 ], [ 128.662495329428737, 35.933177246911953 ], [ 128.665306091490862, 35.940377422533189 ], [ 128.668963077779779, 35.944380409004111 ], [ 128.670519061678505, 35.943805550042818 ], [ 128.671381362186139, 35.941035859539959 ], [ 128.674129204771191, 35.940372893580545 ], [ 128.679310742238584, 35.93413187296666 ], [ 128.67689805872601, 35.926094150216315 ], [ 128.685518011192613, 35.920570947187585 ], [ 128.677336819226696, 35.916612307606037 ], [ 128.674120322136133, 35.913197935214413 ], [ 128.670910740075783, 35.912872340337245 ], [ 128.669861241235935, 35.91053515287642 ], [ 128.658520667596065, 35.909680680081614 ], [ 128.657895778218318, 35.907923031748197 ], [ 128.655378475496889, 35.908743445649939 ], [ 128.653443240095896, 35.90742480460046 ], [ 128.650429263435029, 35.909134673175124 ], [ 128.64254431779446, 35.909254662267692 ] ] ] ] } },
{ "type": "Feature", "properties": { "emd_cd": "27140108", "emd_nm": "지저동" }, "geometry": { "type": "MultiPolygon", "coordinates": [ [ [ [ 128.63444406651152, 35.891057451857186 ], [ 128.635285485494705, 35.90125670197034 ], [ 128.642099737656537, 35.908880635325652 ], [ 128.652945703111811, 35.908414307921845 ], [ 128.646860331837132, 35.902796601554741 ], [ 128.646197653321565, 35.895554338950816 ], [ 128.642738608559796, 35.893265239325977 ], [ 128.641347698561162, 35.888499992315694 ], [ 128.63444406651152, 35.891057451857186 ] ] ] ] } },
{ "type": "Feature", "properties": { "emd_cd": "27140109", "emd_nm": "입석동" }, "geometry": { "type": "MultiPolygon", "coordinates": [ [ [ [ 128.646860331837132, 35.902796601554741 ], [ 128.655378475496889, 35.908743445649939 ], [ 128.657811220235146, 35.907940967760339 ], [ 128.656041583256666, 35.903673839561662 ], [ 128.658423024852624, 35.903073528525205 ], [ 128.65858776795929, 35.900604894849756 ], [ 128.661086525432751, 35.899246166595987 ], [ 128.651622102981833, 35.889848356124141 ], [ 128.645012241740744, 35.888610753177794 ], [ 128.642066311036103, 35.889679884451738 ], [ 128.642738608559796, 35.893265239325977 ], [ 128.646883201654504, 35.897353416525299 ], [ 128.646860331837132, 35.902796601554741 ] ] ] ] } },
{ "type": "Feature", "properties": { "emd_cd": "27140110", "emd_nm": "검사동" }, "geometry": { "type": "MultiPolygon", "coordinates": [ [ [ [ 128.669245157007879, 35.91057150931583 ], [ 128.670578390036525, 35.90791556666278 ], [ 128.669132192356699, 35.905767835173009 ], [ 128.669114136494557, 35.900245835166317 ], [ 128.670733703215546, 35.895552633234765 ], [ 128.663100800501041, 35.89168369272285 ], [ 128.660778239981596, 35.884645317445965 ], [ 128.656377130354826, 35.884004355526599 ], [ 128.653923292760055, 35.881292242658624 ], [ 128.641013630119289, 35.887980777499159 ], [ 128.64235458955298, 35.889827747832506 ], [ 128.645012241740744, 35.888610753177794 ], [ 128.65127896929917, 35.889686178525878 ], [ 128.658923317986478, 35.896257970574133 ], [ 128.661021792689667, 35.899735148383265 ], [ 128.65600452344421, 35.903777195062091 ], [ 128.658520667596065, 35.909680680081614 ], [ 128.669245157007879, 35.91057150931583 ] ] ] ] } },
{ "type": "Feature", "properties": { "emd_cd": "27140111", "emd_nm": "방촌동" }, "geometry": { "type": "MultiPolygon", "coordinates": [ [ [ [ 128.676926933815281, 35.897910794200847 ], [ 128.680319466058307, 35.896415339066628 ], [ 128.677297289972074, 35.89315323103434 ], [ 128.679324804812467, 35.88928547938027 ], [ 128.674042495457599, 35.884328124822758 ], [ 128.673012985484405, 35.88083777112071 ], [ 128.675063829463085, 35.877742881113868 ], [ 128.672354385637675, 35.87312587677313 ], [ 128.66228481903471, 35.873857175928947 ], [ 128.653923292760055, 35.881292242658624 ], [ 128.656377130354826, 35.884004355526599 ], [ 128.660778239981596, 35.884645317445965 ], [ 128.663617745538176, 35.892148159807995 ], [ 128.669211908567632, 35.894147231025762 ], [ 128.671979934366931, 35.897092284003705 ], [ 128.676926933815281, 35.897910794200847 ] ] ] ] } },
{ "type": "Feature", "properties": { "emd_cd": "27140112", "emd_nm": "둔산동" }, "geometry": { "type": "MultiPolygon", "coordinates": [ [ [ [ 128.68030307702557, 35.896359508512845 ], [ 128.676926933815281, 35.897910794200847 ], [ 128.670521951713454, 35.895948252838927 ], [ 128.669114136494557, 35.900245835166317 ], [ 128.669860309821644, 35.910572524609684 ], [ 128.670910740075783, 35.912872340337245 ], [ 128.674120322136133, 35.913197935214413 ], [ 128.677336819226696, 35.916612307606037 ], [ 128.684326224501376, 35.920112095321535 ], [ 128.696974313484645, 35.919240831795584 ], [ 128.708430686003766, 35.908832598609877 ], [ 128.704894826627054, 35.902038770334194 ], [ 128.6985683673457, 35.896809030604992 ], [ 128.688342919465924, 35.896261359437034 ], [ 128.686724335024763, 35.897688432661447 ], [ 128.68030307702557, 35.896359508512845 ] ] ] ] } },
{ "type": "Feature", "properties": { "emd_cd": "27140113", "emd_nm": "부동" }, "geometry": { "type": "MultiPolygon", "coordinates": [ [ [ [ 128.686724335024763, 35.897688432661447 ], [ 128.688342919465924, 35.896261359437034 ], [ 128.695996208110131, 35.897067093347147 ], [ 128.700024279074057, 35.895787812157835 ], [ 128.701561813625716, 35.89130491589912 ], [ 128.698111545810747, 35.885875663981423 ], [ 128.686221322939417, 35.88535877430472 ], [ 128.679640487262219, 35.888324341242324 ], [ 128.677670984604418, 35.8943135760288 ], [ 128.680074089769136, 35.896360986867009 ], [ 128.686724335024763, 35.897688432661447 ] ] ] ] } },
{ "type": "Feature", "properties": { "emd_cd": "27140114", "emd_nm": "신평동" }, "geometry": { "type": "MultiPolygon", "coordinates": [ [ [ [ 128.698111545810747, 35.885875663981423 ], [ 128.69861786018231, 35.880530575215474 ], [ 128.690999003341943, 35.880175701994268 ], [ 128.689885318628853, 35.882767783038261 ], [ 128.687403806976363, 35.882995797010032 ], [ 128.684601163360071, 35.877982577755404 ], [ 128.675063829463085, 35.877742881113868 ], [ 128.673012985484405, 35.88083777112071 ], [ 128.674258784331954, 35.884766852584953 ], [ 128.679132456552367, 35.888914418269863 ], [ 128.686221322939417, 35.88535877430472 ], [ 128.698111545810747, 35.885875663981423 ] ] ] ] } },
{ "type": "Feature", "properties": { "emd_cd": "27140115", "emd_nm": "서호동" }, "geometry": { "type": "MultiPolygon", "coordinates": [ [ [ [ 128.713107180879035, 35.861021438987251 ], [ 128.703830733730939, 35.857787319395129 ], [ 128.709886712009336, 35.872704119622327 ], [ 128.713912644053693, 35.868015095150035 ], [ 128.713107180879035, 35.861021438987251 ] ] ] ] } },
{ "type": "Feature", "properties": { "emd_cd": "27140116", "emd_nm": "동호동" }, "geometry": { "type": "MultiPolygon", "coordinates": [ [ [ [ 128.709978532655583, 35.872443342176332 ], [ 128.718120670447661, 35.872916831631997 ], [ 128.718232129586482, 35.866579109676906 ], [ 128.723979872382159, 35.867998337910684 ], [ 128.727214365301364, 35.864457291212155 ], [ 128.722260526112819, 35.86469002915365 ], [ 128.72384870679889, 35.860223142237928 ], [ 128.713107180879035, 35.861021438987251 ], [ 128.713912644053693, 35.868015095150035 ], [ 128.709978532655583, 35.872443342176332 ] ] ] ] } },
{ "type": "Feature", "properties": { "emd_cd": "27140117", "emd_nm": "신기동" }, "geometry": { "type": "MultiPolygon", "coordinates": [ [ [ [ 128.709391725771837, 35.872549759877366 ], [ 128.708041582327382, 35.865637466815166 ], [ 128.704607349788745, 35.859908304017821 ], [ 128.704594917317195, 35.864700537549027 ], [ 128.701243919201971, 35.865644881055246 ], [ 128.702238413661064, 35.870030564535853 ], [ 128.700965542940196, 35.87016518784074 ], [ 128.700535207271457, 35.873505301074644 ], [ 128.709391725771837, 35.872549759877366 ] ] ] ] } },
{ "type": "Feature", "properties": { "emd_cd": "27140118", "emd_nm": "율하동" }, "geometry": { "type": "MultiPolygon", "coordinates": [ [ [ [ 128.679908399552801, 35.866154674104585 ], [ 128.697214086187927, 35.874805965278675 ], [ 128.700535207271457, 35.873505301074644 ], [ 128.700965542940196, 35.87016518784074 ], [ 128.702238413661064, 35.870030564535853 ], [ 128.701243919201971, 35.865644881055246 ], [ 128.704594917317195, 35.864700537549027 ], [ 128.704605499616633, 35.85949884545996 ], [ 128.703142066833209, 35.857715404546873 ], [ 128.686102194493543, 35.859115127944605 ], [ 128.680462950879161, 35.861779632619232 ], [ 128.679908399552801, 35.866154674104585 ] ] ] ] } },
{ "type": "Feature", "properties": { "emd_cd": "27140119", "emd_nm": "용계동" }, "geometry": { "type": "MultiPolygon", "coordinates": [ [ [ [ 128.675063829463085, 35.877742881113868 ], [ 128.684624518005251, 35.877985352093695 ], [ 128.687403806976363, 35.882995797010032 ], [ 128.689885318628853, 35.882767783038261 ], [ 128.690905472477823, 35.880189645788519 ], [ 128.69861786018231, 35.880530575215474 ], [ 128.699175821591126, 35.882077854581219 ], [ 128.702236031051967, 35.879787699405099 ], [ 128.695433674507854, 35.872955786756002 ], [ 128.680075447399872, 35.866834190465916 ], [ 128.675832921600886, 35.873410892566291 ], [ 128.673118165899467, 35.873941392391991 ], [ 128.675063829463085, 35.877742881113868 ] ] ] ] } },
{ "type": "Feature", "properties": { "emd_cd": "27140120", "emd_nm": "율암동" }, "geometry": { "type": "MultiPolygon", "coordinates": [ [ [ [ 128.711971691522422, 35.873349621766536 ], [ 128.697160160253844, 35.873797869075965 ], [ 128.702236031051967, 35.879787699405099 ], [ 128.698983471627514, 35.882077685829664 ], [ 128.697915611346247, 35.886818228216718 ], [ 128.69937791274225, 35.88839011979023 ], [ 128.707687248963794, 35.886356385271178 ], [ 128.70896709648855, 35.880192847918103 ], [ 128.711301175358301, 35.879072044812979 ], [ 128.711100995530217, 35.877590079622919 ], [ 128.707869082020835, 35.87845383479538 ], [ 128.708243848865834, 35.876042311234883 ], [ 128.710197158034475, 35.875989338264738 ], [ 128.710164400034387, 35.873778679417974 ], [ 128.711971691522422, 35.873349621766536 ] ] ] ] } },
{ "type": "Feature", "properties": { "emd_cd": "27140121", "emd_nm": "상매동" }, "geometry": { "type": "MultiPolygon", "coordinates": [ [ [ [ 128.69937791274225, 35.88839011979023 ], [ 128.701561813625716, 35.89130491589912 ], [ 128.698548502368709, 35.896804519367677 ], [ 128.704894826627054, 35.902038770334194 ], [ 128.708430686003766, 35.908832598609877 ], [ 128.702793733819163, 35.913905334498956 ], [ 128.711582136853593, 35.921845898489892 ], [ 128.717904539648515, 35.92401044510023 ], [ 128.719054052837208, 35.928667317819482 ], [ 128.721331476778346, 35.929271479267697 ], [ 128.723130020019966, 35.926398781812708 ], [ 128.722146937766155, 35.921787034525799 ], [ 128.717185548647763, 35.917460564898199 ], [ 128.717538769192487, 35.909643179028727 ], [ 128.715234425179403, 35.907302004457691 ], [ 128.715495233101791, 35.904782878491091 ], [ 128.708318295278332, 35.891619518843314 ], [ 128.707913781677462, 35.888236532751968 ], [ 128.707095482709605, 35.886876539243076 ], [ 128.704862813247701, 35.887897777568611 ], [ 128.702234840582491, 35.886752522991131 ], [ 128.69937791274225, 35.88839011979023 ] ] ] ] } },
{ "type": "Feature", "properties": { "emd_cd": "27140122", "emd_nm": "매여동" }, "geometry": { "type": "MultiPolygon", "coordinates": [ [ [ [ 128.710109127405104, 35.893550513053469 ], [ 128.715495233101791, 35.904782878491091 ], [ 128.715234425179403, 35.907302004457691 ], [ 128.717538769192487, 35.909643179028727 ], [ 128.717185548647763, 35.917460564898199 ], [ 128.722146937766155, 35.921787034525799 ], [ 128.723130020019966, 35.926398781812708 ], [ 128.721331476778346, 35.929271479267697 ], [ 128.736518317940039, 35.929868838344305 ], [ 128.743247552386237, 35.918450488114338 ], [ 128.740738864550224, 35.915348422233642 ], [ 128.739721388219237, 35.910673710135185 ], [ 128.733353619021528, 35.905286545948115 ], [ 128.726436050280427, 35.903443306533944 ], [ 128.722584431375878, 35.900352859925931 ], [ 128.71769120871798, 35.90082649041247 ], [ 128.712529271105041, 35.893394694669681 ], [ 128.710109127405104, 35.893550513053469 ] ] ] ] } },
{ "type": "Feature", "properties": { "emd_cd": "27140123", "emd_nm": "각산동" }, "geometry": { "type": "MultiPolygon", "coordinates": [ [ [ [ 128.707095482709605, 35.886876539243076 ], [ 128.709302999453797, 35.893166861389403 ], [ 128.712529271105041, 35.893394694669681 ], [ 128.71535502131826, 35.899046541401603 ], [ 128.71769120871798, 35.90082649041247 ], [ 128.722584431375878, 35.900352859925931 ], [ 128.725308947826932, 35.902596402655917 ], [ 128.727236294733444, 35.886476588234615 ], [ 128.726386483827582, 35.883970398714681 ], [ 128.723533665781957, 35.883397599304921 ], [ 128.724018186174703, 35.876446538098037 ], [ 128.721182514795714, 35.874944512909551 ], [ 128.720803195574945, 35.872994867343444 ], [ 128.722419429087608, 35.872956111501878 ], [ 128.721644516313916, 35.86838787414861 ], [ 128.723945952595187, 35.867987066102955 ], [ 128.718232129586482, 35.866579109676906 ], [ 128.718120670447661, 35.872916831631997 ], [ 128.709886712009336, 35.872704119622327 ], [ 128.711971691522422, 35.873349621766536 ], [ 128.710164400034387, 35.873778679417974 ], [ 128.710197158034475, 35.875989338264738 ], [ 128.708243848865834, 35.876042311234883 ], [ 128.707869082020835, 35.87845383479538 ], [ 128.711100995530217, 35.877590079622919 ], [ 128.711301175358301, 35.879072044812979 ], [ 128.70896709648855, 35.880192847918103 ], [ 128.707095482709605, 35.886876539243076 ] ] ] ] } },
{ "type": "Feature", "properties": { "emd_cd": "27140124", "emd_nm": "신서동" }, "geometry": { "type": "MultiPolygon", "coordinates": [ [ [ [ 128.720803195574945, 35.872994867343444 ], [ 128.721182514795714, 35.874944512909551 ], [ 128.724018186174703, 35.876446538098037 ], [ 128.723533665781957, 35.883397599304921 ], [ 128.726386483827582, 35.883970398714681 ], [ 128.727236294733444, 35.886476588234615 ], [ 128.725308947826932, 35.902596402655917 ], [ 128.733353619021528, 35.905286545948115 ], [ 128.739721388219237, 35.910673710135185 ], [ 128.740564299908016, 35.906379814296166 ], [ 128.737304391389102, 35.903053241520666 ], [ 128.734530619433997, 35.890982349738394 ], [ 128.735581716456096, 35.886430298733423 ], [ 128.733551675650148, 35.883298890524628 ], [ 128.735559409320643, 35.87921771825787 ], [ 128.732184312545627, 35.868029894201975 ], [ 128.73501543827453, 35.864881666581226 ], [ 128.732637785948384, 35.863333996241032 ], [ 128.728592338026289, 35.864881968213098 ], [ 128.727272844438687, 35.864432370050089 ], [ 128.726496441196076, 35.864662071669841 ], [ 128.723951758931179, 35.868360564454861 ], [ 128.721644516313916, 35.86838787414861 ], [ 128.722419429087608, 35.872956111501878 ], [ 128.720803195574945, 35.872994867343444 ] ] ] ] } },
{ "type": "Feature", "properties": { "emd_cd": "27140125", "emd_nm": "동내동" }, "geometry": { "type": "MultiPolygon", "coordinates": [ [ [ [ 128.73469729507687, 35.87550328599243 ], [ 128.735572920362216, 35.879568746489575 ], [ 128.733551675650148, 35.883298890524628 ], [ 128.735581716456096, 35.886430298733423 ], [ 128.734530619433997, 35.890982349738394 ], [ 128.735865618696465, 35.898125483472988 ], [ 128.737304391389102, 35.903053241520666 ], [ 128.740564299908016, 35.906379814296166 ], [ 128.74382766290276, 35.902131726891938 ], [ 128.74941142130038, 35.899287408477988 ], [ 128.751393850314685, 35.892748080086704 ], [ 128.745428022765253, 35.886407880193801 ], [ 128.743328950815879, 35.880161332403929 ], [ 128.739634827201144, 35.878573024859755 ], [ 128.737180968700926, 35.874247303775832 ], [ 128.73469729507687, 35.87550328599243 ] ] ] ] } },
{ "type": "Feature", "properties": { "emd_cd": "27140126", "emd_nm": "괴전동" }, "geometry": { "type": "MultiPolygon", "coordinates": [ [ [ [ 128.743328950815879, 35.880161332403929 ], [ 128.745570950636647, 35.878308196920834 ], [ 128.741297713871802, 35.875308465231008 ], [ 128.741109920256861, 35.873565114699879 ], [ 128.743219715373016, 35.871890225765021 ], [ 128.741298458549295, 35.869593205146863 ], [ 128.741789114678483, 35.865820688677225 ], [ 128.735745080824245, 35.865432609739955 ], [ 128.734029993251653, 35.863907717909548 ], [ 128.735064701772387, 35.865049137154706 ], [ 128.732184312545627, 35.868029894201975 ], [ 128.733678121119908, 35.873918947360522 ], [ 128.734696502188967, 35.87549866986172 ], [ 128.737180968700926, 35.874247303775832 ], [ 128.739634827201144, 35.878573024859755 ], [ 128.743328950815879, 35.880161332403929 ] ] ] ] } },
{ "type": "Feature", "properties": { "emd_cd": "27140127", "emd_nm": "금강동" }, "geometry": { "type": "MultiPolygon", "coordinates": [ [ [ [ 128.741307463602737, 35.865679331778573 ], [ 128.742896063543952, 35.862560745553985 ], [ 128.740647465762265, 35.858477564695647 ], [ 128.748483460794375, 35.864224380706794 ], [ 128.751844829125758, 35.859359208845603 ], [ 128.738562110345526, 35.851433241981205 ], [ 128.73504268053432, 35.851687402372484 ], [ 128.724695473200455, 35.85908666836518 ], [ 128.722224316644514, 35.863946273236358 ], [ 128.728455756126351, 35.864900746328516 ], [ 128.732637785948384, 35.863333996241032 ], [ 128.735745080824245, 35.865432609739955 ], [ 128.741307463602737, 35.865679331778573 ] ] ] ] } },
{ "type": "Feature", "properties": { "emd_cd": "27140128", "emd_nm": "대림동" }, "geometry": { "type": "MultiPolygon", "coordinates": [ [ [ [ 128.745570950636647, 35.878308196920834 ], [ 128.74723313130005, 35.877893711022502 ], [ 128.74753622934125, 35.87479569386096 ], [ 128.749587919636781, 35.87496512091829 ], [ 128.749989636342406, 35.872429174746124 ], [ 128.747748269387017, 35.868523737811785 ], [ 128.755371562593808, 35.864095577360864 ], [ 128.751808990458528, 35.859419599047513 ], [ 128.748483460794375, 35.864224380706794 ], [ 128.740647465762265, 35.858477564695647 ], [ 128.742968783955178, 35.864057186985377 ], [ 128.740992987177492, 35.866151777416675 ], [ 128.743219715373016, 35.871890225765021 ], [ 128.741222754123498, 35.875021770257803 ], [ 128.745570950636647, 35.878308196920834 ] ] ] ] } },
{ "type": "Feature", "properties": { "emd_cd": "27140129", "emd_nm": "사복동" }, "geometry": { "type": "MultiPolygon", "coordinates": [ [ [ [ 128.745234578933974, 35.879533487052164 ], [ 128.752356427389742, 35.877885157352885 ], [ 128.751855633291143, 35.875214001127475 ], [ 128.754487654719583, 35.874963739744715 ], [ 128.754938221174797, 35.876729085713997 ], [ 128.756732064086833, 35.871327023639658 ], [ 128.759874333137219, 35.868753198582802 ], [ 128.759802636260162, 35.866372368258155 ], [ 128.755371562593808, 35.864095577360864 ], [ 128.747871408711688, 35.868394470781361 ], [ 128.749989636342406, 35.872429174746124 ], [ 128.749587919636781, 35.87496512091829 ], [ 128.74753622934125, 35.87479569386096 ], [ 128.74723313130005, 35.877893711022502 ], [ 128.745234578933974, 35.879533487052164 ] ] ] ] } },
{ "type": "Feature", "properties": { "emd_cd": "27140130", "emd_nm": "숙천동" }, "geometry": { "type": "MultiPolygon", "coordinates": [ [ [ [ 128.757728592028769, 35.870317680918184 ], [ 128.756732064086833, 35.871327023639658 ], [ 128.756133987194886, 35.874799697770648 ], [ 128.754695067840345, 35.87690713202435 ], [ 128.754487654719583, 35.874963739744715 ], [ 128.751855633291143, 35.875214001127475 ], [ 128.752356427389742, 35.877885157352885 ], [ 128.749872350528676, 35.879430670143108 ], [ 128.743328950815879, 35.880161332403929 ], [ 128.745428022765253, 35.886407880193801 ], [ 128.74959984948606, 35.89142575150526 ], [ 128.753719682003492, 35.882774024955012 ], [ 128.756368270199005, 35.883836283260678 ], [ 128.757403630591483, 35.876401362162376 ], [ 128.761105668219813, 35.875014384169852 ], [ 128.757728592028769, 35.870317680918184 ] ] ] ] } },
{ "type": "Feature", "properties": { "emd_cd": "27140131", "emd_nm": "내곡동" }, "geometry": { "type": "MultiPolygon", "coordinates": [ [ [ [ 128.756892377789086, 35.87811150613507 ], [ 128.756368270199005, 35.883836283260678 ], [ 128.753719682003492, 35.882774024955012 ], [ 128.750497776901398, 35.889905973630022 ], [ 128.751543867254043, 35.893786046143241 ], [ 128.749644398458173, 35.898902905086793 ], [ 128.74382766290276, 35.902131726891938 ], [ 128.740025355185622, 35.907265786400728 ], [ 128.739341150975548, 35.911639468473879 ], [ 128.743247552386237, 35.918450488114338 ], [ 128.742625733663829, 35.920690383240412 ], [ 128.755280591010489, 35.915254798624339 ], [ 128.759810451253742, 35.907090074823373 ], [ 128.756721014292083, 35.904919923041611 ], [ 128.757180011081118, 35.897858374564784 ], [ 128.762651519556329, 35.888770303323007 ], [ 128.761216967202472, 35.888125063815593 ], [ 128.758703987658322, 35.878827181625702 ], [ 128.756892377789086, 35.87811150613507 ] ] ] ] } },
{ "type": "Feature", "properties": { "emd_cd": "27140132", "emd_nm": "능성동" }, "geometry": { "type": "MultiPolygon", "coordinates": [ [ [ [ 128.742566704328027, 35.960228153657823 ], [ 128.73618788626635, 35.954843234092777 ], [ 128.733411289490476, 35.955263771649989 ], [ 128.727416963517783, 35.9575637689179 ], [ 128.724067873402134, 35.960730437079242 ], [ 128.724823254214101, 35.96777925350731 ], [ 128.728556745543386, 35.974945483901955 ], [ 128.736582537922857, 35.980601420067664 ], [ 128.738368260025794, 35.977106166399345 ], [ 128.74576293566389, 35.97317001762282 ], [ 128.745505204307989, 35.967904824687118 ], [ 128.743017029659512, 35.965046772695437 ], [ 128.742566704328027, 35.960228153657823 ] ] ] ] } },
{ "type": "Feature", "properties": { "emd_cd": "27140133", "emd_nm": "진인동" }, "geometry": { "type": "MultiPolygon", "coordinates": [ [ [ [ 128.709796119453017, 35.943439523987443 ], [ 128.704918332203505, 35.946466918244816 ], [ 128.702341482062849, 35.955181449148284 ], [ 128.705464799551066, 35.95644739230827 ], [ 128.704368316831932, 35.95777428744163 ], [ 128.707511956881291, 35.962162784276714 ], [ 128.706609067160116, 35.964132686521054 ], [ 128.711455469338603, 35.965783148116081 ], [ 128.711318601261411, 35.970243615514342 ], [ 128.713729513012396, 35.972961444113579 ], [ 128.729523009229155, 35.979195204427263 ], [ 128.73277190065096, 35.983324353129774 ], [ 128.734962779271711, 35.982483013526569 ], [ 128.736582537922857, 35.980601420067664 ], [ 128.728556745543386, 35.974945483901955 ], [ 128.724823254214101, 35.96777925350731 ], [ 128.724067873402134, 35.960730437079242 ], [ 128.727416963517783, 35.9575637689179 ], [ 128.733411289490476, 35.955263771649989 ], [ 128.73618788626635, 35.954843234092777 ], [ 128.737529117109204, 35.956228293484969 ], [ 128.739394780964176, 35.955058472636324 ], [ 128.743185350320573, 35.947053313486599 ], [ 128.743432021518004, 35.943228638067865 ], [ 128.739373107197423, 35.937690266700713 ], [ 128.709796119453017, 35.943439523987443 ] ] ] ] } },
{ "type": "Feature", "properties": { "emd_cd": "27140134", "emd_nm": "도학동" }, "geometry": { "type": "MultiPolygon", "coordinates": [ [ [ [ 128.693018810472211, 35.982079349799783 ], [ 128.695327880866188, 35.987822165721902 ], [ 128.699094597750019, 35.989264270623252 ], [ 128.700251227847758, 35.992107943171398 ], [ 128.693966234798836, 36.001483879504171 ], [ 128.69484049269542, 36.004793870311701 ], [ 128.693403598087968, 36.010183441922237 ], [ 128.696311279380495, 36.013411906982554 ], [ 128.700878456014692, 36.011074456455418 ], [ 128.722147715538171, 36.006377178057761 ], [ 128.72731971152885, 36.002480318570356 ], [ 128.72773058676691, 35.998609098097326 ], [ 128.731395993644611, 35.997784357809273 ], [ 128.734394432275536, 35.993213500038891 ], [ 128.731140851720141, 35.989630353504822 ], [ 128.730542478390049, 35.985589054952975 ], [ 128.73277190065096, 35.983324353129774 ], [ 128.729523009229155, 35.979195204427263 ], [ 128.713729513012396, 35.972961444113579 ], [ 128.711318601261411, 35.970243615514342 ], [ 128.711455469338603, 35.965783148116081 ], [ 128.708167084842898, 35.964304736842045 ], [ 128.696181952747793, 35.963825089568665 ], [ 128.697915989121725, 35.975085802792321 ], [ 128.693018810472211, 35.982079349799783 ] ] ] ] } },
{ "type": "Feature", "properties": { "emd_cd": "27140135", "emd_nm": "백안동" }, "geometry": { "type": "MultiPolygon", "coordinates": [ [ [ [ 128.709796119453017, 35.943439523987443 ], [ 128.700162289339005, 35.942543840985373 ], [ 128.694865829312363, 35.946338318944107 ], [ 128.685686233316574, 35.945339027815962 ], [ 128.682788883443692, 35.94780875893467 ], [ 128.685226721188968, 35.951921046478468 ], [ 128.682096785141027, 35.95379596296322 ], [ 128.688290568223209, 35.956905136738257 ], [ 128.688121053306133, 35.960976182796408 ], [ 128.694323586320252, 35.968970477623891 ], [ 128.697381135855153, 35.967684549493775 ], [ 128.697064403115888, 35.963209447791186 ], [ 128.705286844843926, 35.964627288225437 ], [ 128.70706209133877, 35.963400251406881 ], [ 128.704368316831932, 35.95777428744163 ], [ 128.705464799551066, 35.95644739230827 ], [ 128.702341482062849, 35.955181449148284 ], [ 128.704918332203505, 35.946466918244816 ], [ 128.709796119453017, 35.943439523987443 ] ] ] ] } },
{ "type": "Feature", "properties": { "emd_cd": "27140136", "emd_nm": "미곡동" }, "geometry": { "type": "MultiPolygon", "coordinates": [ [ [ [ 128.682096987821268, 35.953748360481377 ], [ 128.670880257901302, 35.957063241392071 ], [ 128.67753175885619, 35.96059685083781 ], [ 128.678756863519084, 35.964623951927251 ], [ 128.673545745915789, 35.969073468388132 ], [ 128.681436217697353, 35.966484207070202 ], [ 128.686282807103822, 35.971078817803175 ], [ 128.686809055537395, 35.974545124017112 ], [ 128.68557370094743, 35.975992440655943 ], [ 128.687177873080714, 35.980491245359602 ], [ 128.693018810472211, 35.982079349799783 ], [ 128.697915989121725, 35.975085802792321 ], [ 128.697246739698926, 35.969929287817045 ], [ 128.691387491095639, 35.966289818432045 ], [ 128.690543232957225, 35.96264906375837 ], [ 128.688121053306133, 35.960976182796408 ], [ 128.688290568223209, 35.956905136738257 ], [ 128.682096987821268, 35.953748360481377 ] ] ] ] } },
{ "type": "Feature", "properties": { "emd_cd": "27140137", "emd_nm": "용수동" }, "geometry": { "type": "MultiPolygon", "coordinates": [ [ [ [ 128.696311279380495, 36.013411906982554 ], [ 128.693403598087968, 36.010183441922237 ], [ 128.69484049269542, 36.004793870311701 ], [ 128.693966234798836, 36.001483879504171 ], [ 128.700251227847758, 35.992107943171398 ], [ 128.699094597750019, 35.989264270623252 ], [ 128.695327880866188, 35.987822165721902 ], [ 128.693018810472211, 35.982079349799783 ], [ 128.687177873080714, 35.980491245359602 ], [ 128.68557370094743, 35.975992440655943 ], [ 128.686809055537395, 35.974545124017112 ], [ 128.686282807103822, 35.971078817803175 ], [ 128.681436217697353, 35.966484207070202 ], [ 128.668535612887581, 35.970724981087741 ], [ 128.665273550658696, 35.974635686420761 ], [ 128.66640216088976, 35.980699999776114 ], [ 128.669233824003385, 35.979842164188348 ], [ 128.672407040550752, 35.981279523644218 ], [ 128.674734383464227, 35.985732110490218 ], [ 128.677532110691175, 35.987274159696867 ], [ 128.680660344163584, 35.994756228057724 ], [ 128.689606302166453, 36.003482092377503 ], [ 128.690252103527541, 36.005734854698183 ], [ 128.687339785947501, 36.007703610043343 ], [ 128.687908106748267, 36.010349464939608 ], [ 128.685785435508876, 36.013490244767922 ], [ 128.69499957637629, 36.016386930603808 ], [ 128.696311279380495, 36.013411906982554 ] ] ] ] } },
{ "type": "Feature", "properties": { "emd_cd": "27140138", "emd_nm": "신무동" }, "geometry": { "type": "MultiPolygon", "coordinates": [ [ [ [ 128.660624961209066, 35.983710424219076 ], [ 128.660832248635472, 35.992508106409893 ], [ 128.649306341832101, 35.998435279059379 ], [ 128.650300040417505, 36.002602256808458 ], [ 128.649056967182901, 36.004573271145624 ], [ 128.650415306711807, 36.007377558556115 ], [ 128.653591171926422, 36.009532791344959 ], [ 128.664834250803352, 36.010607476295306 ], [ 128.668918357321132, 36.013367559001701 ], [ 128.676851802399796, 36.013362561478388 ], [ 128.679484714475848, 36.01493747758461 ], [ 128.686489667188113, 36.014262631954587 ], [ 128.685257509014832, 36.012618679161164 ], [ 128.687908106748267, 36.010349464939608 ], [ 128.687339785947501, 36.007703610043343 ], [ 128.690252103527541, 36.005734854698183 ], [ 128.689606302166453, 36.003482092377503 ], [ 128.680660344163584, 35.994756228057724 ], [ 128.677532110691175, 35.987274159696867 ], [ 128.674734383464227, 35.985732110490218 ], [ 128.672407040550752, 35.981279523644218 ], [ 128.669233824003385, 35.979842164188348 ], [ 128.660624961209066, 35.983710424219076 ] ] ] ] } },
{ "type": "Feature", "properties": { "emd_cd": "27140139", "emd_nm": "미대동" }, "geometry": { "type": "MultiPolygon", "coordinates": [ [ [ [ 128.668963077779779, 35.944380409004111 ], [ 128.661200715956653, 35.948571643920509 ], [ 128.66375799681046, 35.948511444702724 ], [ 128.664954580799076, 35.951541625803351 ], [ 128.664553513108501, 35.957969283203646 ], [ 128.66586548777812, 35.958790662696593 ], [ 128.666931800302365, 35.9663693724927 ], [ 128.66593957146705, 35.968688428397385 ], [ 128.667613979223432, 35.971587464321139 ], [ 128.673545745915789, 35.969073468388132 ], [ 128.678756863519084, 35.964623951927251 ], [ 128.67753175885619, 35.96059685083781 ], [ 128.670880257901302, 35.957063241392071 ], [ 128.675229196590493, 35.954795712849979 ], [ 128.683550573459172, 35.953868604318885 ], [ 128.685330182345325, 35.950671256912365 ], [ 128.678648472125417, 35.945761244679915 ], [ 128.668963077779779, 35.944380409004111 ] ] ] ] } },
{ "type": "Feature", "properties": { "emd_cd": "27140140", "emd_nm": "내동" }, "geometry": { "type": "MultiPolygon", "coordinates": [ [ [ [ 128.640424308328221, 35.971119195899405 ], [ 128.646553432956608, 35.976361477255963 ], [ 128.649210048499668, 35.975713743933177 ], [ 128.657963652710492, 35.978865422427475 ], [ 128.658535509776129, 35.983014726459494 ], [ 128.660624961209066, 35.983710424219076 ], [ 128.66640216088976, 35.980699999776114 ], [ 128.665273550658696, 35.974635686420761 ], [ 128.667613979223432, 35.971587464321139 ], [ 128.66593957146705, 35.968688428397385 ], [ 128.666931800302365, 35.9663693724927 ], [ 128.66375799681046, 35.948511444702724 ], [ 128.65909341367805, 35.950065904062249 ], [ 128.658640144330832, 35.956743078899606 ], [ 128.656229722220928, 35.960305939974852 ], [ 128.649066338712373, 35.962906461986663 ], [ 128.640424308328221, 35.971119195899405 ] ] ] ] } },
{ "type": "Feature", "properties": { "emd_cd": "27140141", "emd_nm": "신용동" }, "geometry": { "type": "MultiPolygon", "coordinates": [ [ [ [ 128.640424308328221, 35.971119195899405 ], [ 128.639289775435202, 35.977163467709374 ], [ 128.637282854180711, 35.978270813313124 ], [ 128.639940894723708, 35.981697930430052 ], [ 128.639520471009092, 35.987703156841086 ], [ 128.64140000685785, 35.991775794296707 ], [ 128.644170504507628, 35.992436779494959 ], [ 128.648891501047814, 35.998409754601539 ], [ 128.658312294797014, 35.99470105716177 ], [ 128.660832248635472, 35.992508106409893 ], [ 128.661692839617302, 35.988560775532342 ], [ 128.660624961209066, 35.983710424219076 ], [ 128.658316278137335, 35.982846192289365 ], [ 128.65824321429173, 35.979115582752613 ], [ 128.649210048499668, 35.975713743933177 ], [ 128.646553432956608, 35.976361477255963 ], [ 128.640424308328221, 35.971119195899405 ] ] ] ] } },
{ "type": "Feature", "properties": { "emd_cd": "27140142", "emd_nm": "중대동" }, "geometry": { "type": "MultiPolygon", "coordinates": [ [ [ [ 128.618677586888083, 35.97604951223331 ], [ 128.626652572956345, 35.972546233241253 ], [ 128.629347381951561, 35.97514212194617 ], [ 128.629008615863512, 35.978756239535358 ], [ 128.626212079182181, 35.981540856498754 ], [ 128.62694754544728, 35.986169357497594 ], [ 128.63464969043801, 35.993471888569594 ], [ 128.631085541985499, 35.999042338976288 ], [ 128.632844565217226, 36.000951562432142 ], [ 128.630000130716894, 36.007071250262854 ], [ 128.640226060967024, 36.010568596700409 ], [ 128.644082723433769, 36.010490667023198 ], [ 128.650415306711807, 36.007377558556115 ], [ 128.649056967182901, 36.004573271145624 ], [ 128.650300040417505, 36.002602256808458 ], [ 128.649306341832101, 35.998435279059379 ], [ 128.644170504507628, 35.992436779494959 ], [ 128.641633443920369, 35.99203711962943 ], [ 128.639531558635667, 35.987752036662371 ], [ 128.639940894723708, 35.981697930430052 ], [ 128.637282854180711, 35.978270813313124 ], [ 128.639289775435202, 35.977163467709374 ], [ 128.640424308328221, 35.971119195899405 ], [ 128.638034250817554, 35.9712173349007 ], [ 128.637767580210664, 35.968094225069912 ], [ 128.630915066600124, 35.96550386261049 ], [ 128.631907870145938, 35.964102675750915 ], [ 128.622373962364804, 35.965500204437191 ], [ 128.617493040960511, 35.970698302859255 ], [ 128.618677586888083, 35.97604951223331 ] ] ] ] } },
{ "type": "Feature", "properties": { "emd_cd": "27140143", "emd_nm": "송정동" }, "geometry": { "type": "MultiPolygon", "coordinates": [ [ [ [ 128.619986818603707, 36.005931457329247 ], [ 128.624470961351449, 36.007670219679127 ], [ 128.630000130716894, 36.007071250262854 ], [ 128.632844565217226, 36.000951562432142 ], [ 128.631085541985499, 35.999042338976288 ], [ 128.634463070926614, 35.992188344815986 ], [ 128.628035141627237, 35.988176655745235 ], [ 128.626212079182181, 35.981540856498754 ], [ 128.62197220845141, 35.983162776446321 ], [ 128.61649534000631, 35.989125483117853 ], [ 128.619655043475746, 35.998106787007949 ], [ 128.61841803127507, 36.001427109635543 ], [ 128.619986818603707, 36.005931457329247 ] ] ] ] } },
{ "type": "Feature", "properties": { "emd_cd": "27140144", "emd_nm": "덕곡동" }, "geometry": { "type": "MultiPolygon", "coordinates": [ [ [ [ 128.626652572956345, 35.972546233241253 ], [ 128.61479777772854, 35.978205042895205 ], [ 128.612595023326747, 35.982663836125248 ], [ 128.609085181795081, 35.985402450283303 ], [ 128.602989060433259, 35.987723495140401 ], [ 128.609471476484714, 35.996618326411891 ], [ 128.615141864233578, 36.000871833397987 ], [ 128.616910720463977, 36.006635366552565 ], [ 128.619986818603707, 36.005931457329247 ], [ 128.61841803127507, 36.001427109635543 ], [ 128.619655043475746, 35.998106787007949 ], [ 128.61649534000631, 35.989125483117853 ], [ 128.62197220845141, 35.983162776446321 ], [ 128.625458479593846, 35.98242211244434 ], [ 128.628563397339434, 35.97955014326233 ], [ 128.629347381951561, 35.97514212194617 ], [ 128.626652572956345, 35.972546233241253 ] ] ] ] } },
{ "type": "Feature", "properties": { "emd_cd": "27140145", "emd_nm": "지묘동" }, "geometry": { "type": "MultiPolygon", "coordinates": [ [ [ [ 128.668963077779779, 35.944380409004111 ], [ 128.665306091490862, 35.940377422533189 ], [ 128.662495329428737, 35.933177246911953 ], [ 128.648404532692695, 35.939195649980732 ], [ 128.64675494191485, 35.937705006679117 ], [ 128.642420241894797, 35.938262186168672 ], [ 128.641409248771254, 35.935209874575527 ], [ 128.637813103569641, 35.933573346982385 ], [ 128.631278369071623, 35.936104223225207 ], [ 128.624647104282076, 35.93565062239972 ], [ 128.626372180828241, 35.945364737200791 ], [ 128.622497090926515, 35.946169459233786 ], [ 128.622302043471223, 35.948439258354405 ], [ 128.622667631000382, 35.952234463508312 ], [ 128.626010480398435, 35.958153586619666 ], [ 128.621315918277503, 35.963446051303386 ], [ 128.623813587584948, 35.965711872364146 ], [ 128.631907870145938, 35.964102675750915 ], [ 128.630915066600124, 35.96550386261049 ], [ 128.637767580210664, 35.968094225069912 ], [ 128.638034250817554, 35.9712173349007 ], [ 128.640424308328221, 35.971119195899405 ], [ 128.649066338712373, 35.962906461986663 ], [ 128.656229722220928, 35.960305939974852 ], [ 128.658640144330832, 35.956743078899606 ], [ 128.65909341367805, 35.950065904062249 ], [ 128.668963077779779, 35.944380409004111 ] ] ] ] } },
{ "type": "Feature", "properties": { "emd_cd": "27170101", "emd_nm": "내당동" }, "geometry": { "type": "MultiPolygon", "coordinates": [ [ [ [ 128.573309579666471, 35.867700998998593 ], [ 128.579671756004444, 35.870441923547432 ], [ 128.578431529380225, 35.868847432595352 ], [ 128.573799874970206, 35.865417090912587 ], [ 128.574215331322591, 35.862664637866793 ], [ 128.548169505683973, 35.854281514267214 ], [ 128.54752109776058, 35.856497751291592 ], [ 128.545133060451434, 35.856028433233831 ], [ 128.543696190305383, 35.859964048535751 ], [ 128.549173597081307, 35.862445718594479 ], [ 128.573309579666471, 35.867700998998593 ] ] ] ] } },
{ "type": "Feature", "properties": { "emd_cd": "27170102", "emd_nm": "비산동" }, "geometry": { "type": "MultiPolygon", "coordinates": [ [ [ [ 128.552205222125082, 35.89655212700454 ], [ 128.55313303908963, 35.895413070811145 ], [ 128.551665049706259, 35.893967849427561 ], [ 128.554677053945142, 35.890885067132452 ], [ 128.569337943567604, 35.888643760817132 ], [ 128.572281025745866, 35.886091121347526 ], [ 128.573410424827102, 35.884886059779291 ], [ 128.572586398725576, 35.882887617492145 ], [ 128.577680873287676, 35.879647405393399 ], [ 128.578995102730516, 35.875508803810114 ], [ 128.576668496746635, 35.876227827509261 ], [ 128.575564666080453, 35.873137047990994 ], [ 128.576753502641196, 35.871933856640936 ], [ 128.579376083839321, 35.872857217850203 ], [ 128.579335555119258, 35.870642458331524 ], [ 128.568051144273454, 35.866738284860674 ], [ 128.566993484897921, 35.874123973008231 ], [ 128.568212102938162, 35.880412324414941 ], [ 128.533183971604132, 35.883684838400761 ], [ 128.540812036733485, 35.893333873875214 ], [ 128.552205222125082, 35.89655212700454 ] ] ] ] } },
{ "type": "Feature", "properties": { "emd_cd": "27170103", "emd_nm": "평리동" }, "geometry": { "type": "MultiPolygon", "coordinates": [ [ [ [ 128.546571598758391, 35.868871179681413 ], [ 128.547220707876107, 35.878862557350864 ], [ 128.542305881134496, 35.881132024079591 ], [ 128.54243827319786, 35.882899702717957 ], [ 128.568212102938162, 35.88041232441492 ], [ 128.566993484897921, 35.874123973008224 ], [ 128.568051144273483, 35.866738284860674 ], [ 128.553492651100925, 35.863029969027188 ], [ 128.552168768339584, 35.869919591272001 ], [ 128.546571598758391, 35.868871179681413 ] ] ] ] } },
{ "type": "Feature", "properties": { "emd_cd": "27170104", "emd_nm": "상리동" }, "geometry": { "type": "MultiPolygon", "coordinates": [ [ [ [ 128.516272253022549, 35.88291235016959 ], [ 128.526255435978925, 35.8881762269598 ], [ 128.528723090979724, 35.885868751886591 ], [ 128.533848802412081, 35.885577347899783 ], [ 128.531153676829433, 35.868627394034171 ], [ 128.527240791711336, 35.864938591054838 ], [ 128.52487647995531, 35.866996091848165 ], [ 128.520683019431232, 35.867337302140278 ], [ 128.518791581509277, 35.869497574602867 ], [ 128.521134082739678, 35.872516475298426 ], [ 128.516272253022549, 35.88291235016959 ] ] ] ] } },
{ "type": "Feature", "properties": { "emd_cd": "27170105", "emd_nm": "중리동" }, "geometry": { "type": "MultiPolygon", "coordinates": [ [ [ [ 128.553492651100925, 35.863029969027188 ], [ 128.543696190305383, 35.859964048535751 ], [ 128.545133060451434, 35.856028433233845 ], [ 128.543666711922668, 35.855732619945123 ], [ 128.540278962604305, 35.856214807152099 ], [ 128.540020896079852, 35.858661676155272 ], [ 128.533273476739538, 35.858670776954938 ], [ 128.533948155625012, 35.861974411644844 ], [ 128.527636796531169, 35.861536839570874 ], [ 128.526525716118869, 35.863100690496744 ], [ 128.530262765675729, 35.868135819408543 ], [ 128.552168768339584, 35.869919591272001 ], [ 128.553492651100925, 35.863029969027188 ] ] ] ] } },
{ "type": "Feature", "properties": { "emd_cd": "27170106", "emd_nm": "이현동" }, "geometry": { "type": "MultiPolygon", "coordinates": [ [ [ [ 128.547220707876107, 35.878862557350864 ], [ 128.546565232711913, 35.868704453359996 ], [ 128.530939535368674, 35.868112434975451 ], [ 128.533769579663613, 35.879621676860985 ], [ 128.532310223415465, 35.88193496784335 ], [ 128.533183971604132, 35.883684838400761 ], [ 128.54243827319786, 35.882899702717957 ], [ 128.542305881134496, 35.881132024079591 ], [ 128.547220707876107, 35.878862557350864 ] ] ] ] } },
{ "type": "Feature", "properties": { "emd_cd": "27170107", "emd_nm": "원대동1가" }, "geometry": { "type": "MultiPolygon", "coordinates": [ [ [ [ 128.579954710706204, 35.879182110739329 ], [ 128.572586398725576, 35.882887617492145 ], [ 128.573410424827074, 35.884886059779291 ], [ 128.577727642466556, 35.88234145359462 ], [ 128.581020925508938, 35.882749489155984 ], [ 128.579954710706204, 35.879182110739329 ] ] ] ] } },
{ "type": "Feature", "properties": { "emd_cd": "27170108", "emd_nm": "원대동2가" }, "geometry": { "type": "MultiPolygon", "coordinates": [ [ [ [ 128.578164032657583, 35.883337409492754 ], [ 128.579347473374156, 35.886236648020059 ], [ 128.581779353891278, 35.885182970200944 ], [ 128.581020925508938, 35.882749489155984 ], [ 128.578164032657583, 35.883337409492754 ] ] ] ] } },
{ "type": "Feature", "properties": { "emd_cd": "27170109", "emd_nm": "원대동3가" }, "geometry": { "type": "MultiPolygon", "coordinates": [ [ [ [ 128.578359339627724, 35.886636114945631 ], [ 128.577727642466556, 35.88234145359462 ], [ 128.574925204008338, 35.883590411967084 ], [ 128.568823716757976, 35.888558995944543 ], [ 128.578359339627724, 35.886636114945631 ] ] ] ] } },
{ "type": "Feature", "properties": { "emd_cd": "27200101", "emd_nm": "이천동" }, "geometry": { "type": "MultiPolygon", "coordinates": [ [ [ [ 128.593860238266927, 35.854782467969891 ], [ 128.594764755551779, 35.856562180128904 ], [ 128.608300949763674, 35.854896005471971 ], [ 128.60808367569166, 35.844740694854785 ], [ 128.600583912241746, 35.847324023618867 ], [ 128.598874071247081, 35.850305535637204 ], [ 128.595598787144183, 35.850033626156375 ], [ 128.593860238266927, 35.854782467969891 ] ] ] ] } },
{ "type": "Feature", "properties": { "emd_cd": "27200102", "emd_nm": "봉덕동" }, "geometry": { "type": "MultiPolygon", "coordinates": [ [ [ [ 128.582070136981088, 35.812081070819389 ], [ 128.586276771418852, 35.819556668257057 ], [ 128.585928861051372, 35.82309137690963 ], [ 128.589775220169429, 35.828280249660779 ], [ 128.586318192438739, 35.838802357480546 ], [ 128.591370640536127, 35.839952875270846 ], [ 128.592343746434352, 35.842817789061812 ], [ 128.590450519201283, 35.842495569048197 ], [ 128.590533454088273, 35.847663786589841 ], [ 128.598874071247081, 35.850305535637204 ], [ 128.600583912241746, 35.847324023618867 ], [ 128.60808367569166, 35.844740694854785 ], [ 128.605745072830075, 35.835363071531198 ], [ 128.607667829927749, 35.827108726688742 ], [ 128.606416740471047, 35.828605072542835 ], [ 128.60501067590522, 35.826676685141649 ], [ 128.600786940936132, 35.815694982748887 ], [ 128.594281160067339, 35.813079175038311 ], [ 128.590153819062948, 35.808175332264298 ], [ 128.584818802892414, 35.807469353828381 ], [ 128.582070136981088, 35.812081070819389 ] ] ] ] } },
{ "type": "Feature", "properties": { "emd_cd": "27200103", "emd_nm": "대명동" }, "geometry": { "type": "MultiPolygon", "coordinates": [ [ [ [ 128.555507069524936, 35.83440403043906 ], [ 128.562110142754307, 35.843550419397182 ], [ 128.573617588452777, 35.851135561990411 ], [ 128.574457526339586, 35.860058775227259 ], [ 128.582866948935902, 35.856331492894377 ], [ 128.594727713725689, 35.856850263201586 ], [ 128.59389950120152, 35.85408241632161 ], [ 128.595806841052905, 35.849536697814017 ], [ 128.594474901402094, 35.847918192342568 ], [ 128.590533454088273, 35.847663786589855 ], [ 128.590450519201312, 35.842495569048197 ], [ 128.592343746434409, 35.842817789061826 ], [ 128.591370640536127, 35.839952875270868 ], [ 128.586318192438739, 35.838802357480553 ], [ 128.5897752201694, 35.828280249660786 ], [ 128.585928861051372, 35.82309137690963 ], [ 128.586276771418881, 35.819556668257022 ], [ 128.582070136981088, 35.812081070819367 ], [ 128.579502080573718, 35.812153963267995 ], [ 128.57505427489852, 35.817268536563127 ], [ 128.571168611298276, 35.818905768082061 ], [ 128.571075740773637, 35.822027726226672 ], [ 128.568604298220805, 35.824930880036057 ], [ 128.567365794987779, 35.823536556149243 ], [ 128.563488344217802, 35.824245083617313 ], [ 128.558163941512049, 35.83287210836707 ], [ 128.555507069524936, 35.83440403043906 ] ] ] ] } },
{ "type": "Feature", "properties": { "emd_cd": "27230101", "emd_nm": "칠성동1가" }, "geometry": { "type": "MultiPolygon", "coordinates": [ [ [ [ 128.601605610582823, 35.87446065663751 ], [ 128.601629490277162, 35.878197232676051 ], [ 128.603533081983414, 35.878419301163149 ], [ 128.609988705691478, 35.874525847913034 ], [ 128.601605610582823, 35.87446065663751 ] ] ] ] } },
{ "type": "Feature", "properties": { "emd_cd": "27230102", "emd_nm": "칠성동2가" }, "geometry": { "type": "MultiPolygon", "coordinates": [ [ [ [ 128.584389769265556, 35.884357605695456 ], [ 128.586136381622083, 35.886046386335401 ], [ 128.592365773189812, 35.885263110835567 ], [ 128.592967573947675, 35.882750937291206 ], [ 128.597986828775788, 35.880871432278241 ], [ 128.602086079594443, 35.885284132963356 ], [ 128.604666082289356, 35.877769920241086 ], [ 128.601629490277077, 35.878197232676051 ], [ 128.601605610582737, 35.874460656637496 ], [ 128.588587929087339, 35.877053380896477 ], [ 128.590428091264357, 35.883138405173554 ], [ 128.584389769265556, 35.884357605695456 ] ] ] ] } },
{ "type": "Feature", "properties": { "emd_cd": "27230103", "emd_nm": "고성동1가" }, "geometry": { "type": "MultiPolygon", "coordinates": [ [ [ [ 128.581057103175084, 35.878661101148523 ], [ 128.587845590846968, 35.87936610223435 ], [ 128.589075923412878, 35.878099972168258 ], [ 128.588614009532563, 35.877217324891497 ], [ 128.581057103175084, 35.878661101148523 ] ] ] ] } },
{ "type": "Feature", "properties": { "emd_cd": "27230104", "emd_nm": "고성동2가" }, "geometry": { "type": "MultiPolygon", "coordinates": [ [ [ [ 128.589302366843413, 35.879498868903553 ], [ 128.588885859352843, 35.878135107781382 ], [ 128.587845590846968, 35.87936610223435 ], [ 128.580282473828873, 35.878829046388944 ], [ 128.580996984398865, 35.88118179102019 ], [ 128.589302366843413, 35.879498868903553 ] ] ] ] } },
{ "type": "Feature", "properties": { "emd_cd": "27230105", "emd_nm": "고성동3가" }, "geometry": { "type": "MultiPolygon", "coordinates": [ [ [ [ 128.580996984400144, 35.881181791020161 ], [ 128.58211094762774, 35.884829148599792 ], [ 128.590428091265693, 35.88313840517354 ], [ 128.589302366844748, 35.879498868903497 ], [ 128.580996984400144, 35.881181791020161 ] ] ] ] } },
{ "type": "Feature", "properties": { "emd_cd": "27230106", "emd_nm": "침산동" }, "geometry": { "type": "MultiPolygon", "coordinates": [ [ [ [ 128.577919792868016, 35.892965676542374 ], [ 128.57957402626144, 35.899219707140794 ], [ 128.578065871538712, 35.903141533816125 ], [ 128.579739613934777, 35.90519137017295 ], [ 128.594325374822091, 35.905330034174739 ], [ 128.592003641445388, 35.894106840947678 ], [ 128.598629737655187, 35.889623878613307 ], [ 128.601813659844083, 35.885011287116633 ], [ 128.597986828777238, 35.880871432278227 ], [ 128.592967573948897, 35.882750937291185 ], [ 128.592365773191148, 35.885263110835545 ], [ 128.586189572602308, 35.886050941241429 ], [ 128.584389769266892, 35.884357605695456 ], [ 128.58211094762774, 35.884829148599792 ], [ 128.583144570258582, 35.889736126271195 ], [ 128.580658395564427, 35.889998894754207 ], [ 128.577919792868016, 35.892965676542374 ] ] ] ] } },
{ "type": "Feature", "properties": { "emd_cd": "27230107", "emd_nm": "노원동1가" }, "geometry": { "type": "MultiPolygon", "coordinates": [ [ [ [ 128.577791331122796, 35.892991422434676 ], [ 128.58065839556312, 35.889998894754243 ], [ 128.583144570257218, 35.889736126271245 ], [ 128.582110947626518, 35.884829148599813 ], [ 128.576157108268802, 35.887303031215971 ], [ 128.577791331122796, 35.892991422434676 ] ] ] ] } },
{ "type": "Feature", "properties": { "emd_cd": "27230108", "emd_nm": "노원동2가" }, "geometry": { "type": "MultiPolygon", "coordinates": [ [ [ [ 128.577791331122796, 35.892991422434676 ], [ 128.576157108268802, 35.887303031215971 ], [ 128.569674481845169, 35.888287585467054 ], [ 128.571584676460475, 35.894348044483912 ], [ 128.577791331122796, 35.892991422434676 ] ] ] ] } },
{ "type": "Feature", "properties": { "emd_cd": "27230109", "emd_nm": "노원동3가" }, "geometry": { "type": "MultiPolygon", "coordinates": [ [ [ [ 128.551992335770223, 35.893622504463522 ], [ 128.556764166358334, 35.89616243788435 ], [ 128.561280104926396, 35.896442531718435 ], [ 128.570019136256292, 35.902382498765057 ], [ 128.579010890468254, 35.903112985046356 ], [ 128.577919792868016, 35.892965676542374 ], [ 128.571584676461697, 35.894348044483856 ], [ 128.569632827126526, 35.888161289552741 ], [ 128.555310064919809, 35.890397390880644 ], [ 128.551992335770223, 35.893622504463522 ] ] ] ] } },
{ "type": "Feature", "properties": { "emd_cd": "27230110", "emd_nm": "대현동" }, "geometry": { "type": "MultiPolygon", "coordinates": [ [ [ [ 128.604666082290777, 35.877769920240979 ], [ 128.602073849302002, 35.887636207966381 ], [ 128.604314312232617, 35.888323152340909 ], [ 128.617321030237605, 35.888803896533403 ], [ 128.611987689992816, 35.880649558804038 ], [ 128.607295237439502, 35.877403830951842 ], [ 128.608416941166695, 35.876021497685095 ], [ 128.604666082290777, 35.877769920240979 ] ] ] ] } },
{ "type": "Feature", "properties": { "emd_cd": "27230111", "emd_nm": "산격동" }, "geometry": { "type": "MultiPolygon", "coordinates": [ [ [ [ 128.592003641445388, 35.894106840947678 ], [ 128.594325374822091, 35.90533003417471 ], [ 128.601997710693325, 35.90781991293025 ], [ 128.603379906876199, 35.913206570286661 ], [ 128.606987646299331, 35.915941475143619 ], [ 128.61213325740971, 35.911375399398764 ], [ 128.614560038090275, 35.912520169019999 ], [ 128.619074513849938, 35.90608196165816 ], [ 128.616662988671862, 35.903631899328296 ], [ 128.615179497837602, 35.897463406101153 ], [ 128.612249884516046, 35.894806130240909 ], [ 128.612430720705049, 35.891802358264727 ], [ 128.615736954745358, 35.889585340105796 ], [ 128.602073849302002, 35.887636207966381 ], [ 128.601813659844112, 35.885011287116633 ], [ 128.598629737655187, 35.889623878613307 ], [ 128.592003641445388, 35.894106840947678 ] ] ] ] } },
{ "type": "Feature", "properties": { "emd_cd": "27230112", "emd_nm": "복현동" }, "geometry": { "type": "MultiPolygon", "coordinates": [ [ [ [ 128.612249884516046, 35.894806130240909 ], [ 128.615179497837602, 35.897463406101153 ], [ 128.617356505930417, 35.904656950745114 ], [ 128.623375936029674, 35.907508656250513 ], [ 128.627571907762757, 35.905786318326363 ], [ 128.627693207218698, 35.900777656918621 ], [ 128.631932853290806, 35.893884571726389 ], [ 128.628171158596331, 35.889347648622497 ], [ 128.622369429919388, 35.892302484199412 ], [ 128.617083248481634, 35.888633423573836 ], [ 128.612430720705049, 35.891802358264727 ], [ 128.612249884516046, 35.894806130240909 ] ] ] ] } },
{ "type": "Feature", "properties": { "emd_cd": "27230113", "emd_nm": "검단동" }, "geometry": { "type": "MultiPolygon", "coordinates": [ [ [ [ 128.606898728040335, 35.91608383037552 ], [ 128.615970135164474, 35.923429693845733 ], [ 128.627072376766108, 35.929370860597814 ], [ 128.629295272209134, 35.929504386006286 ], [ 128.631728730068403, 35.926309164545557 ], [ 128.632388510201594, 35.91231567749697 ], [ 128.627378871100916, 35.905771711965642 ], [ 128.62337593602831, 35.907508656250513 ], [ 128.61815758441756, 35.905396748615303 ], [ 128.619074513848489, 35.906081961658181 ], [ 128.614560038088854, 35.91252016902002 ], [ 128.612133257408374, 35.911375399398771 ], [ 128.606898728040335, 35.91608383037552 ] ] ] ] } },
{ "type": "Feature", "properties": { "emd_cd": "27230114", "emd_nm": "동변동" }, "geometry": { "type": "MultiPolygon", "coordinates": [ [ [ [ 128.625267433365735, 35.935446501165018 ], [ 128.628667295962288, 35.930188285062599 ], [ 128.610039059167093, 35.919011340151506 ], [ 128.603379906874807, 35.913206570286782 ], [ 128.603134867305101, 35.909100181892214 ], [ 128.600524238046404, 35.907244466479007 ], [ 128.601977913145021, 35.912122298327851 ], [ 128.600342386892493, 35.914717655870476 ], [ 128.599595847805517, 35.926904629571638 ], [ 128.601647374144306, 35.929783201410295 ], [ 128.607704365776527, 35.934570691107204 ], [ 128.612863502134388, 35.93290217083841 ], [ 128.618315778593853, 35.93561017898903 ], [ 128.620925516137504, 35.934438487602684 ], [ 128.625267433365735, 35.935446501165018 ] ] ] ] } },
{ "type": "Feature", "properties": { "emd_cd": "27230115", "emd_nm": "서변동" }, "geometry": { "type": "MultiPolygon", "coordinates": [ [ [ [ 128.581539386853564, 35.930020874834 ], [ 128.582008082100344, 35.93521057548287 ], [ 128.593082383641644, 35.939734930414758 ], [ 128.597857446964639, 35.944923599406678 ], [ 128.608138702627116, 35.944846245410218 ], [ 128.609657264226058, 35.941021946724668 ], [ 128.612393160015444, 35.940582690012555 ], [ 128.609959779233009, 35.93826561777697 ], [ 128.611085770016444, 35.93769338884961 ], [ 128.599610147221341, 35.927024000608526 ], [ 128.600342386893914, 35.914717655870461 ], [ 128.601977913146385, 35.912122298327809 ], [ 128.600524238047768, 35.9072444664789 ], [ 128.598273472036112, 35.905819503812928 ], [ 128.579163690470835, 35.905834035771427 ], [ 128.579302502406279, 35.90931330754227 ], [ 128.584668310152949, 35.912215189581993 ], [ 128.582820140310588, 35.917440070630896 ], [ 128.585326408265274, 35.925877696835627 ], [ 128.581539386853564, 35.930020874834 ] ] ] ] } },
{ "type": "Feature", "properties": { "emd_cd": "27230116", "emd_nm": "조야동" }, "geometry": { "type": "MultiPolygon", "coordinates": [ [ [ [ 128.581539386853564, 35.930020874834 ], [ 128.585326408265274, 35.925877696835627 ], [ 128.582820140310588, 35.917440070630896 ], [ 128.584668310152949, 35.912215189581993 ], [ 128.579302502406279, 35.90931330754227 ], [ 128.579915136713169, 35.904635879319891 ], [ 128.578065871538712, 35.903141533816111 ], [ 128.573822208057379, 35.903117368397695 ], [ 128.573540400377397, 35.905560423558882 ], [ 128.569580643460142, 35.904758641669282 ], [ 128.567433389823293, 35.911444420381599 ], [ 128.569617692404819, 35.918463844333722 ], [ 128.569057547908244, 35.921691133355267 ], [ 128.570956711216809, 35.925043583046438 ], [ 128.574312548800435, 35.925648903693116 ], [ 128.577372289657433, 35.929726079844293 ], [ 128.581539386853564, 35.930020874834 ] ] ] ] } },
{ "type": "Feature", "properties": { "emd_cd": "27230117", "emd_nm": "노곡동" }, "geometry": { "type": "MultiPolygon", "coordinates": [ [ [ [ 128.553463144630797, 35.895058711077439 ], [ 128.549619922946931, 35.90425035474977 ], [ 128.552655703052807, 35.908582442261746 ], [ 128.551975418561653, 35.910242772529124 ], [ 128.557235731418473, 35.91502213704883 ], [ 128.559832963821179, 35.919748939001842 ], [ 128.565844022067353, 35.922844549164111 ], [ 128.567525206695791, 35.926238636962886 ], [ 128.570292828128544, 35.926265505892786 ], [ 128.567433389822042, 35.911444420381684 ], [ 128.569580643458835, 35.904758641669304 ], [ 128.573540400376174, 35.90556042355896 ], [ 128.573822208056157, 35.903117368397744 ], [ 128.568831881245103, 35.901862739310403 ], [ 128.561280104925174, 35.896442531718449 ], [ 128.553463144630797, 35.895058711077439 ] ] ] ] } },
{ "type": "Feature", "properties": { "emd_cd": "27230118", "emd_nm": "읍내동" }, "geometry": { "type": "MultiPolygon", "coordinates": [ [ [ [ 128.553407128047496, 35.960741485983021 ], [ 128.556978813601773, 35.951094087173118 ], [ 128.553629371214726, 35.944374746216994 ], [ 128.557328450526484, 35.940001389696235 ], [ 128.553978498546371, 35.932012951719734 ], [ 128.548447826963297, 35.932774792817469 ], [ 128.550080946087576, 35.940832660321391 ], [ 128.547347131507053, 35.941353173234702 ], [ 128.547590867311811, 35.945146913324642 ], [ 128.544748173096082, 35.947429755270775 ], [ 128.545329562541781, 35.950982196818259 ], [ 128.541939312695149, 35.95696968380858 ], [ 128.534875628546843, 35.958403876701936 ], [ 128.533566256056986, 35.960942513983078 ], [ 128.530579868048136, 35.961937664281976 ], [ 128.527127991194732, 35.975196974465064 ], [ 128.529345561076553, 35.977054766734042 ], [ 128.528947832807773, 35.980229431967985 ], [ 128.535943163943841, 35.979138836199539 ], [ 128.537094473864499, 35.977057886659573 ], [ 128.543036317630708, 35.974524288698788 ], [ 128.545822409724224, 35.966109609872397 ], [ 128.549178165458045, 35.961961897641203 ], [ 128.553407128047496, 35.960741485983021 ] ] ] ] } },
{ "type": "Feature", "properties": { "emd_cd": "27230119", "emd_nm": "동호동" }, "geometry": { "type": "MultiPolygon", "coordinates": [ [ [ [ 128.574114274907714, 35.959848817106895 ], [ 128.571842078438692, 35.961454395912256 ], [ 128.56693229573213, 35.961080041774906 ], [ 128.563233660805992, 35.959363077965293 ], [ 128.562103628717466, 35.955583330266876 ], [ 128.558473850579617, 35.95432579972551 ], [ 128.555876596967579, 35.955544638762994 ], [ 128.553357464735313, 35.960514074537315 ], [ 128.556170424062117, 35.966921621766417 ], [ 128.556411691401564, 35.971826700970823 ], [ 128.564354771264561, 35.972566980549054 ], [ 128.573014137637983, 35.977705808330391 ], [ 128.582719449258491, 35.977727632480608 ], [ 128.582832233593194, 35.975997332816938 ], [ 128.578210277272262, 35.972541036964962 ], [ 128.579755244284172, 35.969580310097164 ], [ 128.575577780169482, 35.96466614397216 ], [ 128.574114274907714, 35.959848817106895 ] ] ] ] } },
{ "type": "Feature", "properties": { "emd_cd": "27230120", "emd_nm": "학정동" }, "geometry": { "type": "MultiPolygon", "coordinates": [ [ [ [ 128.555876596967579, 35.955544638762994 ], [ 128.558473850579617, 35.95432579972551 ], [ 128.562103628717466, 35.955583330266876 ], [ 128.563019464385491, 35.957096441253334 ], [ 128.561889173122296, 35.957570479718086 ], [ 128.564686340225876, 35.960415904659918 ], [ 128.571842078438692, 35.961454395912256 ], [ 128.576449513428827, 35.957317307956743 ], [ 128.577032676698195, 35.953587001613116 ], [ 128.573092745153474, 35.950492752754791 ], [ 128.571678552530528, 35.947210660665007 ], [ 128.553908465846348, 35.944956060849279 ], [ 128.556978813601773, 35.951094087173118 ], [ 128.555876596967579, 35.955544638762994 ] ] ] ] } },
{ "type": "Feature", "properties": { "emd_cd": "27230121", "emd_nm": "도남동" }, "geometry": { "type": "MultiPolygon", "coordinates": [ [ [ [ 128.576744258163728, 35.956458048923629 ], [ 128.574114274906407, 35.959848817106966 ], [ 128.575577780168175, 35.964666143972188 ], [ 128.579755244282836, 35.969580310097228 ], [ 128.578210277271012, 35.972541036964984 ], [ 128.579735428548275, 35.974752866020104 ], [ 128.587175644500292, 35.978812547290651 ], [ 128.590773115624927, 35.979076734078355 ], [ 128.593041384979472, 35.980569432297081 ], [ 128.593384528891136, 35.982899524780102 ], [ 128.602892556998796, 35.985905722132891 ], [ 128.601447155267806, 35.976366913614001 ], [ 128.603639699428783, 35.97363244073366 ], [ 128.603590307837464, 35.964724845330913 ], [ 128.600487799363918, 35.961154564542106 ], [ 128.600322027731096, 35.957261410238175 ], [ 128.58741309378874, 35.958809571646221 ], [ 128.579746752855073, 35.956056288544431 ], [ 128.576744258163728, 35.956458048923629 ] ] ] ] } },
{ "type": "Feature", "properties": { "emd_cd": "27230122", "emd_nm": "국우동" }, "geometry": { "type": "MultiPolygon", "coordinates": [ [ [ [ 128.576744258163728, 35.956458048923629 ], [ 128.592569029921776, 35.95852491325887 ], [ 128.600322027731096, 35.957261410238175 ], [ 128.606258392397194, 35.953742214523935 ], [ 128.607081428774308, 35.951522536391472 ], [ 128.603810152798872, 35.945965208728097 ], [ 128.597857446963246, 35.944923599406742 ], [ 128.593082383640393, 35.93973493041473 ], [ 128.584791163985642, 35.937320999408001 ], [ 128.580318307425102, 35.933794053465363 ], [ 128.578078264685189, 35.937927886773785 ], [ 128.579521798884741, 35.945575467391869 ], [ 128.572480171467049, 35.942565666079197 ], [ 128.563852008145176, 35.944118251592926 ], [ 128.564291323904314, 35.946517119870151 ], [ 128.571678552529249, 35.947210660665036 ], [ 128.573092745152252, 35.950492752754812 ], [ 128.577032676696916, 35.953587001613137 ], [ 128.576744258163728, 35.956458048923629 ] ] ] ] } },
{ "type": "Feature", "properties": { "emd_cd": "27230123", "emd_nm": "구암동" }, "geometry": { "type": "MultiPolygon", "coordinates": [ [ [ [ 128.581501435921041, 35.93390121767797 ], [ 128.581539386852256, 35.930020874834007 ], [ 128.577372289656097, 35.929726079844357 ], [ 128.572825385103727, 35.924936172822896 ], [ 128.567525206695791, 35.926238636962886 ], [ 128.565844022067353, 35.922844549164111 ], [ 128.558510015219611, 35.918323066175262 ], [ 128.555847191079948, 35.923162606589628 ], [ 128.551881358503437, 35.923382232797927 ], [ 128.551727044167194, 35.925010882429667 ], [ 128.550105085871735, 35.925161718376621 ], [ 128.553916867980178, 35.931896337146306 ], [ 128.56166528681797, 35.931324247442163 ], [ 128.563852008145176, 35.944118251592926 ], [ 128.572480171467049, 35.942565666079197 ], [ 128.579521798884741, 35.945575467391869 ], [ 128.578078264685189, 35.937927886773785 ], [ 128.578992564516, 35.934682217640415 ], [ 128.581501435921041, 35.93390121767797 ] ] ] ] } },
{ "type": "Feature", "properties": { "emd_cd": "27230124", "emd_nm": "동천동" }, "geometry": { "type": "MultiPolygon", "coordinates": [ [ [ [ 128.555722964881738, 35.945938743176072 ], [ 128.564291323904314, 35.946517119870151 ], [ 128.56166528681797, 35.931324247442163 ], [ 128.553916746088987, 35.931896336691906 ], [ 128.557412274513183, 35.940267445161652 ], [ 128.553782799940876, 35.943495143005357 ], [ 128.555722964881738, 35.945938743176072 ] ] ] ] } },
{ "type": "Feature", "properties": { "emd_cd": "27230125", "emd_nm": "관음동" }, "geometry": { "type": "MultiPolygon", "coordinates": [ [ [ [ 128.535365498207341, 35.938355475419911 ], [ 128.532414164291822, 35.950532096884871 ], [ 128.534875628545763, 35.958403876702064 ], [ 128.541939312694012, 35.956969683808616 ], [ 128.545329562540644, 35.95098219681833 ], [ 128.54474817309503, 35.947429755270804 ], [ 128.547590867310674, 35.945146913324699 ], [ 128.547347131505859, 35.941353173234724 ], [ 128.550080946086439, 35.940832660321448 ], [ 128.548447826962104, 35.932774792817519 ], [ 128.537498711962371, 35.933217731538932 ], [ 128.534488768308961, 35.934933717414097 ], [ 128.535365498207341, 35.938355475419911 ] ] ] ] } },
{ "type": "Feature", "properties": { "emd_cd": "27230126", "emd_nm": "태전동" }, "geometry": { "type": "MultiPolygon", "coordinates": [ [ [ [ 128.52946735513936, 35.923622297360339 ], [ 128.530547277108582, 35.929082890101597 ], [ 128.534373304130952, 35.935324401511998 ], [ 128.537498711963536, 35.933217731538861 ], [ 128.545180227420076, 35.933647110376725 ], [ 128.553978498546371, 35.932012951719734 ], [ 128.550105085872957, 35.925161718376557 ], [ 128.551727044168416, 35.925010882429618 ], [ 128.551881358504602, 35.923382232797898 ], [ 128.55584719108117, 35.92316260658955 ], [ 128.558510015220833, 35.918323066175219 ], [ 128.557235731419638, 35.915022137048837 ], [ 128.551975418562762, 35.91024277252906 ], [ 128.552408383026687, 35.908238021566149 ], [ 128.548650566693681, 35.907862669634191 ], [ 128.543394931627688, 35.911375399592607 ], [ 128.541877278155255, 35.916820055055851 ], [ 128.537144214872654, 35.917168945054406 ], [ 128.53410741288107, 35.925411996573196 ], [ 128.52946735513936, 35.923622297360339 ] ] ] ] } },
{ "type": "Feature", "properties": { "emd_cd": "27230127", "emd_nm": "매천동" }, "geometry": { "type": "MultiPolygon", "coordinates": [ [ [ [ 128.551264741212066, 35.907432038352823 ], [ 128.549885360111034, 35.902138346521212 ], [ 128.547198164604225, 35.902061313749186 ], [ 128.547479043393537, 35.899530366681027 ], [ 128.540994785202656, 35.901979541882064 ], [ 128.538702694692461, 35.899892152654765 ], [ 128.536376229753301, 35.901276023201092 ], [ 128.532034731997214, 35.911626573756777 ], [ 128.529512943596075, 35.923177602239917 ], [ 128.534107412879962, 35.925411996573253 ], [ 128.537144214871603, 35.917168945054421 ], [ 128.541877278154175, 35.916820055055894 ], [ 128.54339493162658, 35.911375399592615 ], [ 128.551264741212066, 35.907432038352823 ] ] ] ] } },
{ "type": "Feature", "properties": { "emd_cd": "27230128", "emd_nm": "팔달동" }, "geometry": { "type": "MultiPolygon", "coordinates": [ [ [ [ 128.549885360111034, 35.902138346521212 ], [ 128.552009865915124, 35.896979870373286 ], [ 128.535456604340624, 35.890072895518465 ], [ 128.528954326993698, 35.892426464996852 ], [ 128.530918860459764, 35.897600540927954 ], [ 128.530896588310242, 35.906979428995562 ], [ 128.5334345971186, 35.908111129733108 ], [ 128.538319269879253, 35.89990203021771 ], [ 128.540994785202656, 35.901979541882064 ], [ 128.547479043393537, 35.899530366681027 ], [ 128.547286550411741, 35.902173464164136 ], [ 128.549885360111034, 35.902138346521212 ] ] ] ] } },
{ "type": "Feature", "properties": { "emd_cd": "27230129", "emd_nm": "금호동" }, "geometry": { "type": "MultiPolygon", "coordinates": [ [ [ [ 128.516850279801417, 35.911890203076631 ], [ 128.523201838813804, 35.917697445189233 ], [ 128.525837177349047, 35.922911690563545 ], [ 128.529467355138223, 35.923622297360374 ], [ 128.533673361027411, 35.908577663916439 ], [ 128.530896588310242, 35.906979428995562 ], [ 128.530918860459764, 35.897600540927954 ], [ 128.528954326993698, 35.892426464996852 ], [ 128.533775458216695, 35.88993521362287 ], [ 128.538854861364172, 35.891380963029185 ], [ 128.536251646993321, 35.886343518013035 ], [ 128.528945722202479, 35.88587719824276 ], [ 128.516763019935723, 35.894426644307408 ], [ 128.517139581746648, 35.897356281423271 ], [ 128.521382463061713, 35.902387139468232 ], [ 128.517393567400632, 35.907643059068143 ], [ 128.518268830380038, 35.910499839442238 ], [ 128.516850279801417, 35.911890203076631 ] ] ] ] } },
{ "type": "Feature", "properties": { "emd_cd": "27230130", "emd_nm": "사수동" }, "geometry": { "type": "MultiPolygon", "coordinates": [ [ [ [ 128.520177717654576, 35.891116244425582 ], [ 128.512048400916541, 35.893349810467924 ], [ 128.504441364951902, 35.891641061134706 ], [ 128.505829425908871, 35.896682791766366 ], [ 128.504647806084648, 35.897962482515481 ], [ 128.505915979829183, 35.900343236640168 ], [ 128.505097342982594, 35.90283301681287 ], [ 128.510106317695289, 35.909950943423517 ], [ 128.513475470158369, 35.911548596131972 ], [ 128.516850279801417, 35.911890203076631 ], [ 128.518268830380038, 35.910499839442238 ], [ 128.517393567400632, 35.907643059068143 ], [ 128.521382463061713, 35.902387139468232 ], [ 128.516795530542566, 35.894955051895465 ], [ 128.520034484046164, 35.8932448371935 ], [ 128.520177717654576, 35.891116244425582 ] ] ] ] } },
{ "type": "Feature", "properties": { "emd_cd": "27230131", "emd_nm": "연경동" }, "geometry": { "type": "MultiPolygon", "coordinates": [ [ [ [ 128.603262670955075, 35.945771467938222 ], [ 128.607081428774308, 35.951522536391508 ], [ 128.606258392397194, 35.953742214523935 ], [ 128.600322027731096, 35.957261410238225 ], [ 128.600487799363862, 35.961154564542106 ], [ 128.603590307837408, 35.964724845330927 ], [ 128.603639699428783, 35.973632440733631 ], [ 128.601447155267806, 35.976366913614001 ], [ 128.603179117114706, 35.987835805800849 ], [ 128.60944364793707, 35.985299296332123 ], [ 128.612949081071122, 35.982499698488638 ], [ 128.615003359417358, 35.978079164140652 ], [ 128.619272582426561, 35.975918640196433 ], [ 128.618327774772411, 35.970522798321809 ], [ 128.622990192944428, 35.965905547789859 ], [ 128.622572121475628, 35.96211019539885 ], [ 128.62674990983669, 35.958060340160351 ], [ 128.624346508225614, 35.95456686831686 ], [ 128.623221143001331, 35.948357000829844 ], [ 128.623384906884894, 35.946099313250983 ], [ 128.626657303357575, 35.945278496823811 ], [ 128.625624383560222, 35.936103049156692 ], [ 128.620925516137504, 35.934438487602684 ], [ 128.618315778593853, 35.935610178989052 ], [ 128.612863502134388, 35.932902170838368 ], [ 128.607929370071844, 35.934046957131876 ], [ 128.612393160013994, 35.940582690012583 ], [ 128.609657264224637, 35.941021946724675 ], [ 128.608138702625666, 35.94484624541024 ], [ 128.603262670955075, 35.945771467938222 ] ] ] ] } },
{ "type": "Feature", "properties": { "emd_cd": "27260101", "emd_nm": "범어동" }, "geometry": { "type": "MultiPolygon", "coordinates": [ [ [ [ 128.64319576544105, 35.848136477720963 ], [ 128.639271849767511, 35.847267459519962 ], [ 128.637092745410854, 35.850768249063364 ], [ 128.634555947554901, 35.851032616239387 ], [ 128.632580063641626, 35.850467632955585 ], [ 128.630747602759783, 35.846140594587652 ], [ 128.626180055617994, 35.848362290456052 ], [ 128.625492719142699, 35.850496480213913 ], [ 128.620677259675887, 35.850705186937127 ], [ 128.622255331534831, 35.862145068796742 ], [ 128.617089252303771, 35.864903939890297 ], [ 128.617815148775009, 35.867426944313465 ], [ 128.614795773489504, 35.868200714526097 ], [ 128.638865259887211, 35.866342781876519 ], [ 128.64047715052331, 35.859015794550238 ], [ 128.642800970128576, 35.859042896255467 ], [ 128.644610082067601, 35.855816654571811 ], [ 128.642231028402961, 35.852421443997962 ], [ 128.64319576544105, 35.848136477720963 ] ] ] ] } },
{ "type": "Feature", "properties": { "emd_cd": "27260102", "emd_nm": "만촌동" }, "geometry": { "type": "MultiPolygon", "coordinates": [ [ [ [ 128.661567259900153, 35.855773114732656 ], [ 128.658577810411629, 35.848405554247947 ], [ 128.646302862976938, 35.841452684629147 ], [ 128.645794838707928, 35.847605162977132 ], [ 128.643195765440993, 35.848136477721013 ], [ 128.642217703530349, 35.851932226333766 ], [ 128.644610082067601, 35.855816654571782 ], [ 128.642800970128604, 35.859042896255509 ], [ 128.64047715052331, 35.859015794550238 ], [ 128.63886525988724, 35.866342781876519 ], [ 128.634997575920409, 35.867608829060565 ], [ 128.629768910237033, 35.866834236241715 ], [ 128.634083745313859, 35.871777798401105 ], [ 128.649453313419258, 35.878578171549364 ], [ 128.655110330159971, 35.876354127759875 ], [ 128.658569711297048, 35.876728459714322 ], [ 128.662313678268362, 35.872796458864912 ], [ 128.6625928392003, 35.867223544928962 ], [ 128.659232694078725, 35.861842139110173 ], [ 128.656058830213112, 35.861517711868501 ], [ 128.656514232305682, 35.857477695755215 ], [ 128.661567259900153, 35.855773114732656 ] ] ] ] } },
{ "type": "Feature", "properties": { "emd_cd": "27260103", "emd_nm": "수성동1가" }, "geometry": { "type": "MultiPolygon", "coordinates": [ [ [ [ 128.608081229663753, 35.848152394332267 ], [ 128.608052881578601, 35.858833122054733 ], [ 128.609735921162098, 35.861294868041341 ], [ 128.614100890295617, 35.859847726085135 ], [ 128.613308807264787, 35.851151358852789 ], [ 128.612920048826595, 35.848773322486259 ], [ 128.608081229663753, 35.848152394332267 ] ] ] ] } },
{ "type": "Feature", "properties": { "emd_cd": "27260104", "emd_nm": "수성동2가" }, "geometry": { "type": "MultiPolygon", "coordinates": [ [ [ [ 128.617619368628795, 35.859612365255387 ], [ 128.616827333286381, 35.850946175525998 ], [ 128.613308807263337, 35.851151358852817 ], [ 128.614089923272331, 35.859744381237299 ], [ 128.617619368628795, 35.859612365255387 ] ] ] ] } },
{ "type": "Feature", "properties": { "emd_cd": "27260105", "emd_nm": "수성동3가" }, "geometry": { "type": "MultiPolygon", "coordinates": [ [ [ [ 128.621457893858036, 35.85954180502177 ], [ 128.620677259675887, 35.850705186937127 ], [ 128.616827333286381, 35.850946175525998 ], [ 128.617619368628795, 35.859612365255387 ], [ 128.621457893858036, 35.85954180502177 ] ] ] ] } },
{ "type": "Feature", "properties": { "emd_cd": "27260106", "emd_nm": "수성동4가" }, "geometry": { "type": "MultiPolygon", "coordinates": [ [ [ [ 128.621457893858036, 35.85954180502177 ], [ 128.612160558246558, 35.859978642353902 ], [ 128.609329244865251, 35.861501728561542 ], [ 128.612880443382721, 35.864127860532022 ], [ 128.614795773489504, 35.868200714526097 ], [ 128.617815148775009, 35.867426944313465 ], [ 128.61713275264583, 35.864860639162217 ], [ 128.621964331170574, 35.862785186103032 ], [ 128.621457893858036, 35.85954180502177 ] ] ] ] } },
{ "type": "Feature", "properties": { "emd_cd": "27260107", "emd_nm": "황금동" }, "geometry": { "type": "MultiPolygon", "coordinates": [ [ [ [ 128.616827333286381, 35.850946175525998 ], [ 128.625492719142699, 35.850496480213913 ], [ 128.626180055617994, 35.848362290456052 ], [ 128.630747602759783, 35.846140594587652 ], [ 128.632580063641626, 35.850467632955585 ], [ 128.634555947554901, 35.851032616239387 ], [ 128.637092745410854, 35.850768249063364 ], [ 128.639271849767511, 35.847267459519962 ], [ 128.644958151297999, 35.848358558677972 ], [ 128.647421990318293, 35.836262467996022 ], [ 128.642978583755252, 35.830788184938221 ], [ 128.640482631814393, 35.830315851022135 ], [ 128.63656554801608, 35.835593212570117 ], [ 128.631638201454962, 35.834409054055214 ], [ 128.629980430329198, 35.836183869055567 ], [ 128.630272015180452, 35.839451159091986 ], [ 128.616859269755707, 35.840493274601606 ], [ 128.616827333286381, 35.850946175525998 ] ] ] ] } },
{ "type": "Feature", "properties": { "emd_cd": "27260108", "emd_nm": "중동" }, "geometry": { "type": "MultiPolygon", "coordinates": [ [ [ [ 128.607110529846437, 35.839163797736006 ], [ 128.608072207632404, 35.848152454923031 ], [ 128.612920048826595, 35.848773322486259 ], [ 128.61314077002433, 35.851159251607939 ], [ 128.61682733328783, 35.850946175525927 ], [ 128.616859269757214, 35.840493274601599 ], [ 128.612186000301847, 35.840859365490921 ], [ 128.611979511393287, 35.838776953431456 ], [ 128.607110529846437, 35.839163797736006 ] ] ] ] } },
{ "type": "Feature", "properties": { "emd_cd": "27260109", "emd_nm": "상동" }, "geometry": { "type": "MultiPolygon", "coordinates": [ [ [ [ 128.616859269755707, 35.840493274601606 ], [ 128.616876527134821, 35.829018356621191 ], [ 128.61438335053225, 35.828859196392145 ], [ 128.613802268714409, 35.826244651122266 ], [ 128.608815070445672, 35.825108690087134 ], [ 128.606300768685315, 35.832523278063725 ], [ 128.606558799848159, 35.839147025445556 ], [ 128.611979511391837, 35.83877695343152 ], [ 128.612186000300454, 35.840859365490935 ], [ 128.616859269755707, 35.840493274601606 ] ] ] ] } },
{ "type": "Feature", "properties": { "emd_cd": "27260110", "emd_nm": "파동" }, "geometry": { "type": "MultiPolygon", "coordinates": [ [ [ [ 128.607838645438079, 35.827144344716785 ], [ 128.608815070445672, 35.825108690087134 ], [ 128.611768133498714, 35.826002451436594 ], [ 128.618520196956922, 35.821969551466076 ], [ 128.622266062919351, 35.816775872548462 ], [ 128.63698030403836, 35.808349752537914 ], [ 128.640588166253139, 35.803033704487213 ], [ 128.634822598377042, 35.80385667017741 ], [ 128.629447116205029, 35.802686014712201 ], [ 128.626634348925933, 35.805165635433333 ], [ 128.620801363286944, 35.806090342876729 ], [ 128.617230186082992, 35.802835144761993 ], [ 128.60269900703085, 35.806322806597223 ], [ 128.598725608463667, 35.805698334370646 ], [ 128.591767126245855, 35.809245577390115 ], [ 128.594559327108385, 35.813077079640678 ], [ 128.600923101486188, 35.81571171304558 ], [ 128.605139355389781, 35.826828708363657 ], [ 128.607838645438079, 35.827144344716785 ] ] ] ] } },
{ "type": "Feature", "properties": { "emd_cd": "27260111", "emd_nm": "두산동" }, "geometry": { "type": "MultiPolygon", "coordinates": [ [ [ [ 128.616859269755707, 35.840493274601606 ], [ 128.624217694380462, 35.839904858361713 ], [ 128.623418659559832, 35.830196736534482 ], [ 128.626959201921892, 35.830537496552338 ], [ 128.628117303232017, 35.828777284763767 ], [ 128.624862018625123, 35.822956455919993 ], [ 128.62610869812184, 35.81971163104653 ], [ 128.624520963428807, 35.815809028244793 ], [ 128.618520196956922, 35.821969551466076 ], [ 128.611661334463889, 35.824971780254693 ], [ 128.613802268714409, 35.826244651122266 ], [ 128.61438335053225, 35.828859196392145 ], [ 128.616876527134821, 35.829018356621191 ], [ 128.616859269755707, 35.840493274601606 ] ] ] ] } },
{ "type": "Feature", "properties": { "emd_cd": "27260112", "emd_nm": "지산동" }, "geometry": { "type": "MultiPolygon", "coordinates": [ [ [ [ 128.63698030403836, 35.808349752537914 ], [ 128.624520963428807, 35.815809028244793 ], [ 128.62610869812184, 35.81971163104653 ], [ 128.624862018625123, 35.822956455919993 ], [ 128.628169922757138, 35.828347958347457 ], [ 128.626959201921892, 35.830537496552338 ], [ 128.623418659559832, 35.830196736534482 ], [ 128.624217694380462, 35.839904858361713 ], [ 128.630272015180452, 35.839451159091986 ], [ 128.629980430329198, 35.836183869055567 ], [ 128.631638201454962, 35.834409054055214 ], [ 128.63656554801608, 35.835593212570117 ], [ 128.640482631814393, 35.830315851022135 ], [ 128.642978583755252, 35.830788184938221 ], [ 128.647499748697641, 35.83647295810507 ], [ 128.653403090432107, 35.830796040144598 ], [ 128.652329842592081, 35.828143940800828 ], [ 128.653940770302285, 35.825837932096952 ], [ 128.650321506865964, 35.826189599001196 ], [ 128.645913063366322, 35.824081875325682 ], [ 128.643901392238917, 35.825991297324862 ], [ 128.641501479539272, 35.82249101835918 ], [ 128.636761978159001, 35.820511287533485 ], [ 128.639519278983187, 35.814456189587759 ], [ 128.636738290253476, 35.811640343298791 ], [ 128.63881421205312, 35.810510776248634 ], [ 128.63698030403836, 35.808349752537914 ] ] ] ] } },
{ "type": "Feature", "properties": { "emd_cd": "27260113", "emd_nm": "범물동" }, "geometry": { "type": "MultiPolygon", "coordinates": [ [ [ [ 128.653940770302285, 35.825837932096952 ], [ 128.657048595950158, 35.81942798497478 ], [ 128.666398961609218, 35.81864640303867 ], [ 128.673058430615754, 35.815489887859776 ], [ 128.669535787043088, 35.807521742869291 ], [ 128.672419268387841, 35.803563560641152 ], [ 128.677564433653004, 35.802639921022369 ], [ 128.678548806241935, 35.798196682702219 ], [ 128.677444362134139, 35.794395302003075 ], [ 128.669529561341875, 35.795542407251006 ], [ 128.668785486883024, 35.797166574304612 ], [ 128.662845654422227, 35.798682125618946 ], [ 128.653807762441943, 35.799507748185128 ], [ 128.651594856794986, 35.803065154641644 ], [ 128.640137240343051, 35.803398934659945 ], [ 128.640044254620506, 35.805462252452365 ], [ 128.63698030403836, 35.808349752537914 ], [ 128.63881421205312, 35.810510776248634 ], [ 128.636738290253476, 35.811640343298791 ], [ 128.639519278983187, 35.814456189587759 ], [ 128.636761978159001, 35.820511287533485 ], [ 128.641501479539272, 35.82249101835918 ], [ 128.643901392238917, 35.825991297324862 ], [ 128.645913063366322, 35.824081875325682 ], [ 128.650321506865964, 35.826189599001196 ], [ 128.653940770302285, 35.825837932096952 ] ] ] ] } },
{ "type": "Feature", "properties": { "emd_cd": "27260114", "emd_nm": "시지동" }, "geometry": { "type": "MultiPolygon", "coordinates": [ [ [ [ 128.683777359647024, 35.840935796973717 ], [ 128.685613341825388, 35.843919296386062 ], [ 128.69133711395051, 35.845372783673973 ], [ 128.692229330826336, 35.848668790451455 ], [ 128.695316099996489, 35.850966753535424 ], [ 128.703584630212504, 35.848640190701978 ], [ 128.701642979115036, 35.84632295017235 ], [ 128.702853225974309, 35.845845309984817 ], [ 128.699105723519722, 35.842938716128884 ], [ 128.700470791853832, 35.842412965779076 ], [ 128.69786838168821, 35.836054346975573 ], [ 128.694140671081811, 35.839394670815722 ], [ 128.6943964100806, 35.837644648864426 ], [ 128.692135483373534, 35.837198771379569 ], [ 128.689483355146706, 35.841740877712972 ], [ 128.683777359647024, 35.840935796973717 ] ] ] ] } },
{ "type": "Feature", "properties": { "emd_cd": "27260115", "emd_nm": "매호동" }, "geometry": { "type": "MultiPolygon", "coordinates": [ [ [ [ 128.714941875406026, 35.861313082072435 ], [ 128.717567781768025, 35.85661939712822 ], [ 128.714992631327362, 35.854480142698428 ], [ 128.716018785615717, 35.848751967644624 ], [ 128.714981492934101, 35.845850310895145 ], [ 128.717899327575992, 35.842543421631369 ], [ 128.708554835281262, 35.841055444884688 ], [ 128.699038278546567, 35.842743876819831 ], [ 128.703712403223193, 35.847302848723999 ], [ 128.703584630212561, 35.848640190701978 ], [ 128.69850920667929, 35.850707860570957 ], [ 128.701779242925198, 35.855635046470262 ], [ 128.699614301067356, 35.858206019804378 ], [ 128.707548445866678, 35.858699762460525 ], [ 128.711446598533968, 35.861291844641499 ], [ 128.714941875406026, 35.861313082072435 ] ] ] ] } },
{ "type": "Feature", "properties": { "emd_cd": "27260116", "emd_nm": "성동" }, "geometry": { "type": "MultiPolygon", "coordinates": [ [ [ [ 128.726770761128591, 35.845048074919326 ], [ 128.717899327575992, 35.842543421631369 ], [ 128.714981492934101, 35.845850310895145 ], [ 128.716018785615717, 35.848751967644624 ], [ 128.714992631327362, 35.854480142698428 ], [ 128.717567781768025, 35.85661939712822 ], [ 128.715536568940934, 35.861756992364796 ], [ 128.724149752496771, 35.860444174076775 ], [ 128.725891339892513, 35.858497198866544 ], [ 128.721812427496786, 35.857378611021986 ], [ 128.725423447976567, 35.854183992319633 ], [ 128.726770761128591, 35.845048074919326 ] ] ] ] } },
{ "type": "Feature", "properties": { "emd_cd": "27260117", "emd_nm": "사월동" }, "geometry": { "type": "MultiPolygon", "coordinates": [ [ [ [ 128.713570999777431, 35.84198926361217 ], [ 128.724536998488674, 35.843817088089075 ], [ 128.726770761128591, 35.845048074919326 ], [ 128.724084561042844, 35.839836687989504 ], [ 128.725106369420701, 35.836482977831878 ], [ 128.721878341121197, 35.835159065530874 ], [ 128.715910103214298, 35.837195178878254 ], [ 128.713570999777431, 35.84198926361217 ] ] ] ] } },
{ "type": "Feature", "properties": { "emd_cd": "27260118", "emd_nm": "신매동" }, "geometry": { "type": "MultiPolygon", "coordinates": [ [ [ [ 128.721935474800119, 35.835742424257994 ], [ 128.722401994313572, 35.835462453565725 ], [ 128.722129014601421, 35.835260732568791 ], [ 128.721935474800119, 35.835742424257994 ] ] ], [ [ [ 128.72118590233606, 35.835924128035572 ], [ 128.721638657077875, 35.835754477253992 ], [ 128.721826963932898, 35.835184370268465 ], [ 128.72118590233606, 35.835924128035572 ] ] ], [ [ [ 128.702903078134455, 35.830924923873908 ], [ 128.703694935915536, 35.841634279582209 ], [ 128.713570999777431, 35.84198926361217 ], [ 128.715910103214298, 35.837195178878254 ], [ 128.719350881347566, 35.83637089231631 ], [ 128.714171984497852, 35.832206521495188 ], [ 128.712282991963804, 35.834287691314074 ], [ 128.709447212314302, 35.834555680164712 ], [ 128.707736862902522, 35.829466380425664 ], [ 128.702903078134455, 35.830924923873908 ] ] ] ] } },
{ "type": "Feature", "properties": { "emd_cd": "27260119", "emd_nm": "욱수동" }, "geometry": { "type": "MultiPolygon", "coordinates": [ [ [ [ 128.676946914601587, 35.79414587212387 ], [ 128.678548806241935, 35.798196682702219 ], [ 128.677564433653004, 35.802639921022369 ], [ 128.684112202633202, 35.806701423164675 ], [ 128.68658374760534, 35.809578763968815 ], [ 128.686198976240746, 35.811969508962015 ], [ 128.690724051675119, 35.812304343974688 ], [ 128.694819203739456, 35.814903742707521 ], [ 128.696569064259108, 35.821047142528919 ], [ 128.700307408056631, 35.823261612640728 ], [ 128.702065589133383, 35.830346572371852 ], [ 128.707736862902493, 35.829466380425636 ], [ 128.709447212314245, 35.834555680164669 ], [ 128.713342613852404, 35.833584052695414 ], [ 128.714171984497852, 35.832206521495188 ], [ 128.708714721406295, 35.827014444213169 ], [ 128.708677933586273, 35.823227153253974 ], [ 128.713893750085447, 35.817829285338618 ], [ 128.717686866737949, 35.807421452121922 ], [ 128.710368083511099, 35.804757765042723 ], [ 128.707868150610182, 35.802931783726208 ], [ 128.708036860652641, 35.8006771033291 ], [ 128.702545585860349, 35.798817798514023 ], [ 128.700296200883542, 35.795460498951229 ], [ 128.697570364063864, 35.7946152842499 ], [ 128.692938856008396, 35.797294610863318 ], [ 128.689839401105047, 35.793097386226648 ], [ 128.68241042632701, 35.790349561262609 ], [ 128.679934164473167, 35.793358764488275 ], [ 128.676946914601587, 35.79414587212387 ] ] ] ] } },
{ "type": "Feature", "properties": { "emd_cd": "27260120", "emd_nm": "노변동" }, "geometry": { "type": "MultiPolygon", "coordinates": [ [ [ [ 128.689186164828612, 35.830692641713831 ], [ 128.69359172398191, 35.832990810706249 ], [ 128.693838172207222, 35.83466920760705 ], [ 128.691307634066163, 35.836424790330739 ], [ 128.6943964100806, 35.837644648864426 ], [ 128.693421367259361, 35.838985248692616 ], [ 128.69786838168821, 35.836054346975573 ], [ 128.700470791853832, 35.842412965779076 ], [ 128.703734946521905, 35.841596544295619 ], [ 128.704066901596434, 35.834596391605864 ], [ 128.698615366160539, 35.821787321769747 ], [ 128.695562818923037, 35.821232488047521 ], [ 128.6900429236496, 35.823403100546152 ], [ 128.689186164828612, 35.830692641713831 ] ] ] ] } },
{ "type": "Feature", "properties": { "emd_cd": "27260122", "emd_nm": "삼덕동" }, "geometry": { "type": "MultiPolygon", "coordinates": [ [ [ [ 128.683777359647024, 35.840935796973717 ], [ 128.678722676641286, 35.834866724427613 ], [ 128.680727726539345, 35.834039508908717 ], [ 128.682872151695648, 35.826722099395873 ], [ 128.678993968377256, 35.818875906217031 ], [ 128.674076746955819, 35.817547716914191 ], [ 128.673058430615697, 35.815489887859805 ], [ 128.668750597744463, 35.8180205988387 ], [ 128.655741516700004, 35.820649329723175 ], [ 128.655147873477659, 35.825173157387454 ], [ 128.652329842592025, 35.828143940800842 ], [ 128.655987115488045, 35.832798877517035 ], [ 128.65961021856134, 35.833032989821547 ], [ 128.663479398089237, 35.830380300180764 ], [ 128.66721161552627, 35.831115548427277 ], [ 128.672500822471079, 35.833248887049642 ], [ 128.676112995101789, 35.840783728849203 ], [ 128.679181381209162, 35.841073672182247 ], [ 128.681078306595765, 35.839300482371101 ], [ 128.683777359647024, 35.840935796973717 ] ] ] ] } },
{ "type": "Feature", "properties": { "emd_cd": "27260123", "emd_nm": "연호동" }, "geometry": { "type": "MultiPolygon", "coordinates": [ [ [ [ 128.659924782247742, 35.83278966374624 ], [ 128.661935194603217, 35.836387447264592 ], [ 128.669654350700227, 35.8426519945642 ], [ 128.668741504689223, 35.846632072583986 ], [ 128.670908327987348, 35.847580332724064 ], [ 128.668302903335615, 35.853838159459087 ], [ 128.673638472259256, 35.852958572738629 ], [ 128.675446438163448, 35.847193098860195 ], [ 128.684536313702239, 35.843081319784446 ], [ 128.681078306595765, 35.839300482371101 ], [ 128.679181381209162, 35.841073672182247 ], [ 128.676112995101789, 35.840783728849203 ], [ 128.672500822471079, 35.833248887049642 ], [ 128.663479398089237, 35.830380300180764 ], [ 128.659924782247742, 35.83278966374624 ] ] ] ] } },
{ "type": "Feature", "properties": { "emd_cd": "27260124", "emd_nm": "이천동" }, "geometry": { "type": "MultiPolygon", "coordinates": [ [ [ [ 128.668302903335672, 35.85383815945908 ], [ 128.670908327987462, 35.847580332724078 ], [ 128.66874150468928, 35.846632072583986 ], [ 128.669654350700227, 35.8426519945642 ], [ 128.66193519460316, 35.836387447264592 ], [ 128.659924782247742, 35.83278966374624 ], [ 128.65598711548796, 35.832798877517035 ], [ 128.653403090432107, 35.830796040144598 ], [ 128.646807132210824, 35.837018280030726 ], [ 128.646302862976938, 35.841452684629104 ], [ 128.658577810411686, 35.848405554247918 ], [ 128.660747219127956, 35.851879034247474 ], [ 128.659907575271319, 35.854115957428832 ], [ 128.662727658779602, 35.8566418571911 ], [ 128.668302903335672, 35.85383815945908 ] ] ] ] } },
{ "type": "Feature", "properties": { "emd_cd": "27260125", "emd_nm": "고모동" }, "geometry": { "type": "MultiPolygon", "coordinates": [ [ [ [ 128.673638472259256, 35.852958572738629 ], [ 128.656514232305682, 35.857477695755215 ], [ 128.656058830213112, 35.861517711868501 ], [ 128.659232694078725, 35.861842139110173 ], [ 128.6625928392003, 35.867223544928962 ], [ 128.662313678268362, 35.872796458864912 ], [ 128.658569711297048, 35.876728459714322 ], [ 128.667369227090461, 35.872807082315276 ], [ 128.674518353186528, 35.874159580669534 ], [ 128.677696310259165, 35.871244464503135 ], [ 128.679895227587593, 35.867077395623788 ], [ 128.68005726576834, 35.862531601197304 ], [ 128.682003800035915, 35.860766495046562 ], [ 128.680486093006266, 35.859971896194061 ], [ 128.679940684708214, 35.856350847401565 ], [ 128.673638472259256, 35.852958572738629 ] ] ] ] } },
{ "type": "Feature", "properties": { "emd_cd": "27260126", "emd_nm": "가천동" }, "geometry": { "type": "MultiPolygon", "coordinates": [ [ [ [ 128.680486093006266, 35.859971896194061 ], [ 128.697849197130893, 35.859156397595328 ], [ 128.70160285639048, 35.854711126293907 ], [ 128.698522731039503, 35.850819297804591 ], [ 128.695316099996489, 35.850966753535424 ], [ 128.692418199653957, 35.848863486050305 ], [ 128.69133711395051, 35.845372783673973 ], [ 128.689530915332199, 35.844512095073178 ], [ 128.684536313702239, 35.843081319784446 ], [ 128.68208861610043, 35.845144473881547 ], [ 128.678988956988405, 35.84453210841469 ], [ 128.675446438163448, 35.847193098860195 ], [ 128.673528322221159, 35.852493571732737 ], [ 128.679940684708214, 35.856350847401565 ], [ 128.680486093006266, 35.859971896194061 ] ] ] ] } },
{ "type": "Feature", "properties": { "emd_cd": "27260127", "emd_nm": "대흥동" }, "geometry": { "type": "MultiPolygon", "coordinates": [ [ [ [ 128.669535787043031, 35.807521742869291 ], [ 128.674076746955819, 35.817547716914191 ], [ 128.678993968377256, 35.818875906217031 ], [ 128.682706760679082, 35.825924910659147 ], [ 128.681362679590734, 35.832708407363114 ], [ 128.678722676641286, 35.834866724427613 ], [ 128.683550557666479, 35.840487790657484 ], [ 128.689483355146706, 35.841740877712972 ], [ 128.691459719412961, 35.835961066510606 ], [ 128.693838172207222, 35.83466920760705 ], [ 128.69359172398191, 35.832990810706249 ], [ 128.689186164828612, 35.830692641713831 ], [ 128.68970560154483, 35.82423851481817 ], [ 128.696569064259165, 35.821047142528954 ], [ 128.696480837586847, 35.817325929920244 ], [ 128.692059420455053, 35.812875712367486 ], [ 128.686198976240746, 35.811969508962065 ], [ 128.686583747605397, 35.809578763968851 ], [ 128.684112202633258, 35.806701423164618 ], [ 128.677979180826071, 35.80259491141009 ], [ 128.672419268387898, 35.803563560641187 ], [ 128.669535787043031, 35.807521742869291 ] ] ] ] } },
{ "type": "Feature", "properties": { "emd_cd": "27290101", "emd_nm": "성당동" }, "geometry": { "type": "MultiPolygon", "coordinates": [ [ [ [ 128.571210995702245, 35.853382635657098 ], [ 128.573333545909549, 35.851062955616293 ], [ 128.562130226145939, 35.843629928429017 ], [ 128.557534842094867, 35.837672970010146 ], [ 128.54880608621599, 35.837195161432277 ], [ 128.548836986147023, 35.841084838590717 ], [ 128.54480351681039, 35.841103106405669 ], [ 128.5444146624111, 35.845991087383972 ], [ 128.547217299457628, 35.850183027548525 ], [ 128.551781443090334, 35.846134913854769 ], [ 128.554168568779147, 35.845894944274399 ], [ 128.562799607408522, 35.848664113822018 ], [ 128.562916580584641, 35.850656602622053 ], [ 128.566293536341789, 35.849837194251847 ], [ 128.567238665668469, 35.852089312788586 ], [ 128.571210995702245, 35.853382635657098 ] ] ] ] } },
{ "type": "Feature", "properties": { "emd_cd": "27290102", "emd_nm": "두류동" }, "geometry": { "type": "MultiPolygon", "coordinates": [ [ [ [ 128.574073201885398, 35.862706472698029 ], [ 128.573333545909549, 35.851062955616293 ], [ 128.571210995702245, 35.853382635657098 ], [ 128.567238665668469, 35.852089312788586 ], [ 128.566293536341789, 35.849837194251847 ], [ 128.562916580584641, 35.850656602622053 ], [ 128.562799607408522, 35.848664113822018 ], [ 128.554168568779147, 35.845894944274399 ], [ 128.547509437947525, 35.849677182817132 ], [ 128.548852027368838, 35.852435541297396 ], [ 128.548034060076418, 35.854320198239748 ], [ 128.574073201885398, 35.862706472698029 ] ] ] ] } },
{ "type": "Feature", "properties": { "emd_cd": "27290104", "emd_nm": "파호동" }, "geometry": { "type": "MultiPolygon", "coordinates": [ [ [ [ 128.478077172888305, 35.839431989929032 ], [ 128.475324555286534, 35.839420340561773 ], [ 128.475872631605114, 35.837323568732302 ], [ 128.472529886452236, 35.833437830378436 ], [ 128.468068092985533, 35.836291782066517 ], [ 128.473053162281701, 35.859488429206564 ], [ 128.47697677882735, 35.853630593302263 ], [ 128.476189959128419, 35.852700367788977 ], [ 128.477990252505208, 35.852640540833129 ], [ 128.478077172888305, 35.839431989929032 ] ] ] ] } },
{ "type": "Feature", "properties": { "emd_cd": "27290105", "emd_nm": "호림동" }, "geometry": { "type": "MultiPolygon", "coordinates": [ [ [ [ 128.485198713131837, 35.832424483602601 ], [ 128.479039678766952, 35.82872523747313 ], [ 128.472529886452236, 35.833437830378436 ], [ 128.475872631605114, 35.837323568732302 ], [ 128.475324555286534, 35.839420340561773 ], [ 128.491912190830789, 35.839491804102138 ], [ 128.491957713172923, 35.83479562680553 ], [ 128.482129244713207, 35.834766898810308 ], [ 128.485198713131837, 35.832424483602601 ] ] ] ] } },
{ "type": "Feature", "properties": { "emd_cd": "27290106", "emd_nm": "갈산동" }, "geometry": { "type": "MultiPolygon", "coordinates": [ [ [ [ 128.49965416864373, 35.849783104712841 ], [ 128.513239240244076, 35.849260135983563 ], [ 128.513352261362741, 35.845968785228301 ], [ 128.507017291495629, 35.843118623011371 ], [ 128.506481932357303, 35.835375327360516 ], [ 128.492031968284238, 35.834800519871671 ], [ 128.491880561853407, 35.844143064696631 ], [ 128.49965621433617, 35.844706849177861 ], [ 128.49965416864373, 35.849783104712841 ] ] ] ] } },
{ "type": "Feature", "properties": { "emd_cd": "27290107", "emd_nm": "신당동" }, "geometry": { "type": "MultiPolygon", "coordinates": [ [ [ [ 128.481947422307883, 35.861998263890676 ], [ 128.484593907407543, 35.867863735724988 ], [ 128.500472452226518, 35.863301942513132 ], [ 128.500738466554481, 35.861681372326601 ], [ 128.499074318479472, 35.861830529124006 ], [ 128.499742759881258, 35.844779481030052 ], [ 128.491880561853407, 35.844143064696631 ], [ 128.491852310367989, 35.848092270061642 ], [ 128.488761597326061, 35.848090028556285 ], [ 128.487543793074877, 35.851598552483367 ], [ 128.488725300793959, 35.855544258392626 ], [ 128.483541699556667, 35.858850165509111 ], [ 128.481947422307883, 35.861998263890676 ] ] ] ] } },
{ "type": "Feature", "properties": { "emd_cd": "27290108", "emd_nm": "이곡동" }, "geometry": { "type": "MultiPolygon", "coordinates": [ [ [ [ 128.515988073990087, 35.850238925671057 ], [ 128.49965416864373, 35.849783104712841 ], [ 128.499074318479472, 35.861830529124006 ], [ 128.500738466554481, 35.861681372326601 ], [ 128.500471747212117, 35.863306653048767 ], [ 128.503412197212327, 35.865576614388928 ], [ 128.508078308569111, 35.866139168684164 ], [ 128.50931486450736, 35.869460191610678 ], [ 128.515681010423435, 35.867653812173536 ], [ 128.51781961553823, 35.862517296085706 ], [ 128.514341530078326, 35.861107334562583 ], [ 128.515988073990087, 35.850238925671057 ] ] ] ] } },
{ "type": "Feature", "properties": { "emd_cd": "27290109", "emd_nm": "장동" }, "geometry": { "type": "MultiPolygon", "coordinates": [ [ [ [ 128.515418825747474, 35.846289982037824 ], [ 128.517764109514502, 35.845050900704194 ], [ 128.517249254245655, 35.84175752826301 ], [ 128.518885582562319, 35.838383639882387 ], [ 128.527201785722212, 35.841520506911252 ], [ 128.527696597590449, 35.837114308392643 ], [ 128.50636801189097, 35.835460800632866 ], [ 128.507017291495629, 35.843118623011392 ], [ 128.510330887339279, 35.844296704427414 ], [ 128.510204455966374, 35.845560575128658 ], [ 128.515418825747474, 35.846289982037824 ] ] ] ] } },
{ "type": "Feature", "properties": { "emd_cd": "27290110", "emd_nm": "장기동" }, "geometry": { "type": "MultiPolygon", "coordinates": [ [ [ [ 128.513204537279364, 35.848691176848483 ], [ 128.520178121251291, 35.850466841761282 ], [ 128.524656686983207, 35.853560864629571 ], [ 128.52574069801156, 35.849204560625154 ], [ 128.530746657768759, 35.849324383508332 ], [ 128.530823697091563, 35.846678062824608 ], [ 128.532852299825208, 35.846524298526781 ], [ 128.532495128776588, 35.844459051705144 ], [ 128.53605569094475, 35.84351940582286 ], [ 128.536027068674258, 35.841969157525526 ], [ 128.523797298940082, 35.841171977949905 ], [ 128.519012327311884, 35.838308246074348 ], [ 128.517249254245655, 35.84175752826301 ], [ 128.517429572632125, 35.845798746824279 ], [ 128.513352261307432, 35.845968794240513 ], [ 128.513204537279364, 35.848691176848483 ] ] ] ] } },
{ "type": "Feature", "properties": { "emd_cd": "27290111", "emd_nm": "용산동" }, "geometry": { "type": "MultiPolygon", "coordinates": [ [ [ [ 128.515988073990087, 35.850238925671057 ], [ 128.514341530078326, 35.861107334562604 ], [ 128.51781961553823, 35.862517296085713 ], [ 128.515681010423435, 35.867653812173543 ], [ 128.518986990237494, 35.869329422436458 ], [ 128.52728387389908, 35.864811956760668 ], [ 128.527346524852305, 35.861607631469099 ], [ 128.533785709470493, 35.861941361863934 ], [ 128.533236865222619, 35.849670275148391 ], [ 128.526183917565447, 35.84890045110501 ], [ 128.524656686983207, 35.853560864629571 ], [ 128.520178121251291, 35.850466841761282 ], [ 128.515988073990087, 35.850238925671057 ] ] ] ] } },
{ "type": "Feature", "properties": { "emd_cd": "27290112", "emd_nm": "죽전동" }, "geometry": { "type": "MultiPolygon", "coordinates": [ [ [ [ 128.533236865222619, 35.849670275148391 ], [ 128.5331924750312, 35.858707565365805 ], [ 128.539881161202487, 35.858706859377492 ], [ 128.541037867416946, 35.851602398048641 ], [ 128.533236865222619, 35.849670275148391 ] ] ] ] } },
{ "type": "Feature", "properties": { "emd_cd": "27290113", "emd_nm": "감삼동" }, "geometry": { "type": "MultiPolygon", "coordinates": [ [ [ [ 128.530746657768759, 35.849324383508332 ], [ 128.541037867416946, 35.851602398048641 ], [ 128.540139232179371, 35.856259990725746 ], [ 128.547383214659533, 35.856536055784687 ], [ 128.548852027368838, 35.852435541297396 ], [ 128.5444146624111, 35.845991087383972 ], [ 128.544817229359268, 35.843536731238757 ], [ 128.534544120889024, 35.84352638526034 ], [ 128.532495128776588, 35.844459051705144 ], [ 128.532852299825208, 35.846524298526781 ], [ 128.530823697091563, 35.846678062824608 ], [ 128.530746657768759, 35.849324383508332 ] ] ] ] } },
{ "type": "Feature", "properties": { "emd_cd": "27290114", "emd_nm": "본리동" }, "geometry": { "type": "MultiPolygon", "coordinates": [ [ [ [ 128.527696597590449, 35.837114308392643 ], [ 128.527192992340417, 35.84152876364147 ], [ 128.536027068674258, 35.841969157525526 ], [ 128.537055138083417, 35.843726394223154 ], [ 128.544817229359268, 35.843536731238757 ], [ 128.54480351681039, 35.841103106405669 ], [ 128.548836986147023, 35.841084838590717 ], [ 128.548806103417149, 35.83720187576521 ], [ 128.527696597590449, 35.837114308392643 ] ] ] ] } },
{ "type": "Feature", "properties": { "emd_cd": "27290115", "emd_nm": "상인동" }, "geometry": { "type": "MultiPolygon", "coordinates": [ [ [ [ 128.586822309307536, 35.80515292035679 ], [ 128.56769713792778, 35.807682176778606 ], [ 128.552376358702048, 35.807309172721418 ], [ 128.552374987130207, 35.805888078508524 ], [ 128.550400248395221, 35.805887733981983 ], [ 128.548381795354629, 35.808474794020775 ], [ 128.533289873225215, 35.809890440002704 ], [ 128.5338018806805, 35.812782011923545 ], [ 128.53068459784518, 35.814818135952017 ], [ 128.53270485608968, 35.817197967177918 ], [ 128.529064636272693, 35.821475216429533 ], [ 128.540984057241275, 35.825507478428165 ], [ 128.541939666436946, 35.82207631646655 ], [ 128.545660778825521, 35.823488253272522 ], [ 128.551879138733995, 35.819341603667901 ], [ 128.561801182470646, 35.816293304733499 ], [ 128.565179038256872, 35.815819333649117 ], [ 128.57089196677984, 35.819488939197342 ], [ 128.575165043281316, 35.817271804393805 ], [ 128.579498442687793, 35.812130509013201 ], [ 128.581922404608179, 35.812145895927273 ], [ 128.584000076442692, 35.807476670892626 ], [ 128.58801007663908, 35.80798629627381 ], [ 128.586822309307536, 35.80515292035679 ] ] ] ] } },
{ "type": "Feature", "properties": { "emd_cd": "27290116", "emd_nm": "도원동" }, "geometry": { "type": "MultiPolygon", "coordinates": [ [ [ [ 128.526637281539308, 35.80830021698344 ], [ 128.529680868437225, 35.809841363465061 ], [ 128.537882799358584, 35.809809397929129 ], [ 128.548381795354629, 35.808474794020775 ], [ 128.552204773336285, 35.80584065877288 ], [ 128.552376358702048, 35.807309172721418 ], [ 128.570108073988933, 35.807625519329022 ], [ 128.583042667658958, 35.804677430788736 ], [ 128.586822309307536, 35.80515292035679 ], [ 128.585682589169323, 35.803008667868106 ], [ 128.586635052208749, 35.801068185156929 ], [ 128.585450162763323, 35.799069577785893 ], [ 128.578771146629862, 35.796275513516917 ], [ 128.569580072299175, 35.79746420134034 ], [ 128.567193319200925, 35.795080619581221 ], [ 128.569570589734496, 35.789753186418004 ], [ 128.570582532763495, 35.779967436136005 ], [ 128.564044878868657, 35.773909113345503 ], [ 128.554355039511734, 35.772863907448517 ], [ 128.552373344955384, 35.779308795681231 ], [ 128.549230244675783, 35.780340875924004 ], [ 128.54628770533634, 35.785758548249106 ], [ 128.541741339851342, 35.78812990392619 ], [ 128.54057263391536, 35.792733155965472 ], [ 128.541673904807169, 35.79783445466748 ], [ 128.526637281539308, 35.80830021698344 ] ] ] ] } },
{ "type": "Feature", "properties": { "emd_cd": "27290117", "emd_nm": "진천동" }, "geometry": { "type": "MultiPolygon", "coordinates": [ [ [ [ 128.520752639137555, 35.814702442151997 ], [ 128.521204557995418, 35.816708106087958 ], [ 128.523155543827528, 35.815910684071518 ], [ 128.530192743585388, 35.819916037043036 ], [ 128.53270485608968, 35.817197967177897 ], [ 128.530684597845152, 35.814818135952024 ], [ 128.5338018806805, 35.812782011923545 ], [ 128.533289873225215, 35.80989044000269 ], [ 128.519101449464159, 35.807818108098232 ], [ 128.515590004443965, 35.810596797583422 ], [ 128.520752639137555, 35.814702442151997 ] ] ] ] } },
{ "type": "Feature", "properties": { "emd_cd": "27290118", "emd_nm": "유천동" }, "geometry": { "type": "MultiPolygon", "coordinates": [ [ [ [ 128.520752639137555, 35.814702442151997 ], [ 128.513552211892431, 35.809776305242494 ], [ 128.506299557826708, 35.814781662114662 ], [ 128.512304340488896, 35.82068772795219 ], [ 128.520752639137555, 35.814702442151997 ] ] ] ] } },
{ "type": "Feature", "properties": { "emd_cd": "27290119", "emd_nm": "대천동" }, "geometry": { "type": "MultiPolygon", "coordinates": [ [ [ [ 128.527879921001244, 35.818181665591275 ], [ 128.523155543827528, 35.815910684071518 ], [ 128.521204557995418, 35.816708106087958 ], [ 128.520752639137555, 35.814702442151997 ], [ 128.512304340488896, 35.82068772795219 ], [ 128.506699916561331, 35.814552140960913 ], [ 128.500166593581781, 35.817817729441288 ], [ 128.490146922008762, 35.819966850867623 ], [ 128.482834630195327, 35.815251777620972 ], [ 128.486485314118937, 35.825421940215399 ], [ 128.48366896625555, 35.831311051719879 ], [ 128.485198713131837, 35.832424483602594 ], [ 128.482129244713207, 35.834766898810322 ], [ 128.492229689502125, 35.834873772556058 ], [ 128.492338840620874, 35.830160926629176 ], [ 128.50020410601843, 35.830173760826476 ], [ 128.500195930078377, 35.827531732086449 ], [ 128.507422527946574, 35.827470806330254 ], [ 128.507445405157227, 35.824671996980953 ], [ 128.512829851855173, 35.825265277271413 ], [ 128.514702154274971, 35.824021441590354 ], [ 128.513592567403549, 35.822813340050764 ], [ 128.516489519558633, 35.822637865107403 ], [ 128.518084687121302, 35.821546267295098 ], [ 128.517331592214845, 35.820754611050766 ], [ 128.527879921001244, 35.818181665591275 ] ] ] ] } },
{ "type": "Feature", "properties": { "emd_cd": "27290120", "emd_nm": "월성동" }, "geometry": { "type": "MultiPolygon", "coordinates": [ [ [ [ 128.518949058554171, 35.820965751086341 ], [ 128.521217496419439, 35.825458592124839 ], [ 128.519423284830822, 35.828667302613695 ], [ 128.520364491850472, 35.830076788924806 ], [ 128.518799075410612, 35.831119101175638 ], [ 128.516312469605651, 35.829205230647183 ], [ 128.517741820203099, 35.830600258804481 ], [ 128.518143661251969, 35.83640498122481 ], [ 128.529084749738189, 35.837170548384407 ], [ 128.528273223775898, 35.835926362038194 ], [ 128.529806479493828, 35.833809230010267 ], [ 128.531263178662527, 35.833868201071674 ], [ 128.530751898755938, 35.835341337494029 ], [ 128.533819875534078, 35.835461003379123 ], [ 128.533943812587069, 35.831347964492828 ], [ 128.536593929812597, 35.831953335016003 ], [ 128.541568856687974, 35.825617911796478 ], [ 128.529095520431383, 35.821574330611618 ], [ 128.530407074088998, 35.820120234225307 ], [ 128.52811441090185, 35.81821102345296 ], [ 128.518949058554171, 35.820965751086341 ] ] ] ] } },
{ "type": "Feature", "properties": { "emd_cd": "27290121", "emd_nm": "월암동" }, "geometry": { "type": "MultiPolygon", "coordinates": [ [ [ [ 128.518949058554171, 35.820965751086341 ], [ 128.513762644929812, 35.822644524087842 ], [ 128.514702154274971, 35.824021441590354 ], [ 128.512829851855173, 35.825265277271413 ], [ 128.507445405157227, 35.824671996980953 ], [ 128.507422527946574, 35.827470806330254 ], [ 128.500195930078377, 35.827531732086449 ], [ 128.50020410601843, 35.830173760826476 ], [ 128.492338840620874, 35.830160926629176 ], [ 128.492141881387369, 35.834800553097217 ], [ 128.518143661251969, 35.83640498122481 ], [ 128.517741820203099, 35.830600258804481 ], [ 128.516312469605651, 35.829205230647183 ], [ 128.518799075410612, 35.831119101175638 ], [ 128.520364491850472, 35.830076788924806 ], [ 128.519423284830822, 35.828667302613695 ], [ 128.521217496419439, 35.825458592124839 ], [ 128.518949058554171, 35.820965751086341 ] ] ] ] } },
{ "type": "Feature", "properties": { "emd_cd": "27290122", "emd_nm": "송현동" }, "geometry": { "type": "MultiPolygon", "coordinates": [ [ [ [ 128.54880608621599, 35.837195161432277 ], [ 128.557827639480251, 35.837738390978572 ], [ 128.555542029931672, 35.834445995931155 ], [ 128.558201150294451, 35.832907934899971 ], [ 128.563522839911201, 35.824270885813988 ], [ 128.569453171281907, 35.824378504494959 ], [ 128.57089196677984, 35.819488939197342 ], [ 128.565179038256872, 35.815819333649117 ], [ 128.551879138733995, 35.819341603667901 ], [ 128.545660778825521, 35.823488253272522 ], [ 128.541939666436946, 35.82207631646655 ], [ 128.540983556052453, 35.825557847118603 ], [ 128.544588970616616, 35.833935735207874 ], [ 128.548775434162764, 35.833858261059611 ], [ 128.54880608621599, 35.837195161432277 ] ] ] ] } },
{ "type": "Feature", "properties": { "emd_cd": "27290123", "emd_nm": "대곡동" }, "geometry": { "type": "MultiPolygon", "coordinates": [ [ [ [ 128.541651940114889, 35.789814613108909 ], [ 128.537387989279409, 35.786711710362866 ], [ 128.529086210442074, 35.788077686635958 ], [ 128.527600331318467, 35.792863175231922 ], [ 128.524555764327033, 35.792507816920192 ], [ 128.51761497961536, 35.798333584858739 ], [ 128.515624925978585, 35.803640022323243 ], [ 128.514320292722232, 35.803671730704551 ], [ 128.514713213968406, 35.80568387007996 ], [ 128.508595575170006, 35.805602385117616 ], [ 128.508609436422233, 35.807710539703962 ], [ 128.515590004443993, 35.810596797583443 ], [ 128.519543218311043, 35.807699779480529 ], [ 128.527374177269706, 35.808611540928879 ], [ 128.528791314514763, 35.805893640233116 ], [ 128.531448018232282, 35.80548459650489 ], [ 128.532110982310883, 35.803651442779973 ], [ 128.541673904807169, 35.79783445466748 ], [ 128.54057263391536, 35.792733155965472 ], [ 128.541651940114889, 35.789814613108909 ] ] ] ] } },
{ "type": "Feature", "properties": { "emd_cd": "27290124", "emd_nm": "본동" }, "geometry": { "type": "MultiPolygon", "coordinates": [ [ [ [ 128.54880608621599, 35.837195161432277 ], [ 128.548775434162764, 35.833858261059611 ], [ 128.544588970616616, 35.833935735207874 ], [ 128.541691749999956, 35.825579466138699 ], [ 128.536593929812597, 35.831953335015989 ], [ 128.533943812587097, 35.831347964492814 ], [ 128.533819875534078, 35.835461003379145 ], [ 128.530751898755938, 35.835341337494022 ], [ 128.531263178662527, 35.833868201071674 ], [ 128.529806479493828, 35.83380923001026 ], [ 128.528273223775898, 35.835926362038208 ], [ 128.529514075537662, 35.837148757633805 ], [ 128.54880608621599, 35.837195161432277 ] ] ] ] } },
{ "type": "Feature", "properties": { "emd_cd": "27290125", "emd_nm": "호산동" }, "geometry": { "type": "MultiPolygon", "coordinates": [ [ [ [ 128.474374901696933, 35.85688060916609 ], [ 128.479445076642889, 35.865953429063282 ], [ 128.481632934810904, 35.868080568958803 ], [ 128.483696153968509, 35.867615382677769 ], [ 128.481947422307883, 35.861998263890669 ], [ 128.483541699556696, 35.858850165509111 ], [ 128.488725300793959, 35.855544258392641 ], [ 128.487543793074849, 35.851598552483367 ], [ 128.488761597326061, 35.848090028556285 ], [ 128.491852310367989, 35.848092270061642 ], [ 128.491912190830789, 35.839491804102138 ], [ 128.478077172888305, 35.839431989929032 ], [ 128.477990252505208, 35.852640540833129 ], [ 128.476189959128419, 35.852700367788977 ], [ 128.47697677882735, 35.853630593302263 ], [ 128.474374901696933, 35.85688060916609 ] ] ] ] } },
{ "type": "Feature", "properties": { "emd_cd": "27710250", "emd_nm": "화원읍" }, "geometry": { "type": "MultiPolygon", "coordinates": [ [ [ [ 128.472526432837242, 35.812039775421702 ], [ 128.479922064248143, 35.818999167692986 ], [ 128.479125933774128, 35.829029240873695 ], [ 128.48417858566367, 35.83114958047625 ], [ 128.486516103806139, 35.824585384938615 ], [ 128.482781116988718, 35.81560101331587 ], [ 128.490128216052, 35.82019196517286 ], [ 128.501821682160283, 35.817326663937202 ], [ 128.512673457876588, 35.811043727770553 ], [ 128.513321737944693, 35.80971398577271 ], [ 128.508472880679761, 35.807798995985202 ], [ 128.507871928911356, 35.806082575009846 ], [ 128.510959584774554, 35.804662192196112 ], [ 128.514547207138207, 35.805705044128636 ], [ 128.514018497877004, 35.803980843168773 ], [ 128.517334266783081, 35.798315024798605 ], [ 128.524134991290595, 35.792502677589745 ], [ 128.527272905892744, 35.792793137167052 ], [ 128.528679318557636, 35.788026113283699 ], [ 128.537031475701156, 35.786592747803631 ], [ 128.541258163398453, 35.789582260381991 ], [ 128.541918642289545, 35.787301394442224 ], [ 128.545860061935002, 35.78555994229562 ], [ 128.548354747065702, 35.780585830655845 ], [ 128.553220049834295, 35.777286315985037 ], [ 128.553573189785624, 35.773292185409005 ], [ 128.54982562372885, 35.766060576307581 ], [ 128.551897642007532, 35.761416356287313 ], [ 128.546825235695167, 35.758202755960284 ], [ 128.539815098790228, 35.756464078179107 ], [ 128.536448298718597, 35.753565055345241 ], [ 128.530757742183596, 35.754326530703835 ], [ 128.525619148068614, 35.758377294218967 ], [ 128.523809554710567, 35.76356393495724 ], [ 128.508918052081953, 35.768994449743545 ], [ 128.506271669438036, 35.768678257557113 ], [ 128.499134950911809, 35.775781909674272 ], [ 128.490660050501816, 35.777672728276251 ], [ 128.484563675263956, 35.781863602891647 ], [ 128.482655207144859, 35.78626122285835 ], [ 128.481158410491304, 35.785214832101623 ], [ 128.478830602644763, 35.788003484755926 ], [ 128.472526432837242, 35.812039775421702 ] ] ] ] } },
{ "type": "Feature", "properties": { "emd_cd": "27710253", "emd_nm": "논공읍" }, "geometry": { "type": "MultiPolygon", "coordinates": [ [ [ [ 128.41262716809922, 35.798133083699817 ], [ 128.422556811198859, 35.789181208441811 ], [ 128.420369382896212, 35.788059088912725 ], [ 128.420422528778516, 35.785554846805631 ], [ 128.430121628312747, 35.781043920479988 ], [ 128.441300485795068, 35.768725844184303 ], [ 128.448545857566756, 35.769751338018018 ], [ 128.449503871872196, 35.767780540764704 ], [ 128.453492313304508, 35.767973511386501 ], [ 128.461870366169961, 35.762655126420476 ], [ 128.464056416852287, 35.759162305704102 ], [ 128.47045730094149, 35.756066223215612 ], [ 128.472636093188015, 35.750175035568887 ], [ 128.480045149445402, 35.749981277194372 ], [ 128.482274540107795, 35.743345579732768 ], [ 128.480381722265747, 35.740237357763938 ], [ 128.486009133079165, 35.736216029078363 ], [ 128.492192956605635, 35.725543098681975 ], [ 128.489140282362371, 35.724364048423112 ], [ 128.482884786824712, 35.726441818856976 ], [ 128.472575304790524, 35.723783727910693 ], [ 128.452392111778664, 35.712785765306784 ], [ 128.447980470772706, 35.715810395994552 ], [ 128.445653087383732, 35.719870559814872 ], [ 128.435592680916955, 35.717268957074893 ], [ 128.435994767494918, 35.720794273896743 ], [ 128.435804268089868, 35.721389776059539 ], [ 128.43515882526512, 35.719769715357586 ], [ 128.432736527298289, 35.719752750165462 ], [ 128.430891106394455, 35.726187742223331 ], [ 128.427534099380921, 35.726222555525482 ], [ 128.425918705103101, 35.729516704887608 ], [ 128.423104426380235, 35.729545778060604 ], [ 128.420945779754163, 35.732845545952522 ], [ 128.415947707115265, 35.734563795259014 ], [ 128.415972551997783, 35.73617417628251 ], [ 128.410965451074162, 35.737332863918326 ], [ 128.410998790327085, 35.739502504555382 ], [ 128.405967851443592, 35.73955378534469 ], [ 128.395997948944313, 35.744399418462429 ], [ 128.396025423833493, 35.746209493428609 ], [ 128.391020239179255, 35.747546306576574 ], [ 128.39105033524126, 35.749536977927001 ], [ 128.386101627595764, 35.754651708555841 ], [ 128.386222717495372, 35.762695219769917 ], [ 128.388048038716846, 35.76595434094282 ], [ 128.391298028403213, 35.765921744033122 ], [ 128.392560786608612, 35.77231268453221 ], [ 128.395917899898052, 35.769767514662156 ], [ 128.396473161021788, 35.775702016690012 ], [ 128.401499751483641, 35.775651221457423 ], [ 128.401649657529646, 35.785482063581973 ], [ 128.403544017527537, 35.788740340728317 ], [ 128.406727035408494, 35.788708025711919 ], [ 128.406805162674459, 35.793809752794246 ], [ 128.409922381266625, 35.798507855877887 ], [ 128.41262716809922, 35.798133083699817 ] ] ] ] } },
{ "type": "Feature", "properties": { "emd_cd": "27710256", "emd_nm": "다사읍" }, "geometry": { "type": "MultiPolygon", "coordinates": [ [ [ [ 128.493386402248035, 35.864949669655324 ], [ 128.487120130686975, 35.868159773552037 ], [ 128.482120195466706, 35.86834682865117 ], [ 128.474382380868462, 35.858242754761889 ], [ 128.473567092117747, 35.86057922978307 ], [ 128.468839245858078, 35.838699892021559 ], [ 128.466237059108124, 35.838708492420665 ], [ 128.465145123222499, 35.841959498188309 ], [ 128.456191136428203, 35.84201830655843 ], [ 128.456421801959976, 35.845193597944146 ], [ 128.451175652000302, 35.84531153603784 ], [ 128.450426909133512, 35.848591045787082 ], [ 128.426041098565094, 35.850321736108953 ], [ 128.425642103557749, 35.851944042138399 ], [ 128.419454505156381, 35.851962160200586 ], [ 128.417939078080565, 35.855244483185515 ], [ 128.417924113076793, 35.860095010724443 ], [ 128.420126619597966, 35.863963439514336 ], [ 128.418099749382691, 35.868339595847175 ], [ 128.418184620718705, 35.872473144256972 ], [ 128.422989393884365, 35.872553757380146 ], [ 128.425670298523301, 35.880002031002491 ], [ 128.428903463317027, 35.882897380713999 ], [ 128.431264189787896, 35.882205720950139 ], [ 128.434268466599974, 35.883754715147475 ], [ 128.437427955528051, 35.887406801660383 ], [ 128.445716316012863, 35.887920880459326 ], [ 128.453007116752559, 35.894568351405603 ], [ 128.456382389421549, 35.894213238576683 ], [ 128.461843323200725, 35.89979735920204 ], [ 128.4671093218914, 35.897624865039276 ], [ 128.46963204708797, 35.899445933468229 ], [ 128.47577561905257, 35.894918858212279 ], [ 128.479001300787559, 35.897237978801833 ], [ 128.484968280740588, 35.894775313256368 ], [ 128.485508391099415, 35.896933202718174 ], [ 128.49113188709029, 35.897997152252401 ], [ 128.493170770475047, 35.896562375114257 ], [ 128.495219600994773, 35.891187268026719 ], [ 128.496846899504988, 35.88954605628598 ], [ 128.500723788870857, 35.889462063782247 ], [ 128.501713473359956, 35.886677766157149 ], [ 128.504851665905818, 35.891010605624615 ], [ 128.509227402574282, 35.893330288555482 ], [ 128.513682146103292, 35.893199695771273 ], [ 128.526889109052718, 35.888197000280854 ], [ 128.52608598364489, 35.887118560358871 ], [ 128.52334812274421, 35.888793562798377 ], [ 128.521130362675024, 35.889234025417466 ], [ 128.526123311654231, 35.886326323637213 ], [ 128.517187067269049, 35.883173957384159 ], [ 128.521639884145145, 35.872062866780141 ], [ 128.518869856288063, 35.868593100125892 ], [ 128.51462046264254, 35.867751692735091 ], [ 128.509867838882798, 35.869558572519239 ], [ 128.508109820633592, 35.865794214037166 ], [ 128.504011850169263, 35.865630667483472 ], [ 128.50152589120674, 35.863357836165342 ], [ 128.493386402248035, 35.864949669655324 ] ] ] ] } },
{ "type": "Feature", "properties": { "emd_cd": "27710259", "emd_nm": "유가읍" }, "geometry": { "type": "MultiPolygon", "coordinates": [ [ [ [ 128.444793927383756, 35.679097495587719 ], [ 128.447405293918649, 35.68490032488198 ], [ 128.456314418097463, 35.689224027225798 ], [ 128.456375755677783, 35.69993070401032 ], [ 128.462412022715512, 35.6986281382313 ], [ 128.459548982048688, 35.700801859453776 ], [ 128.462617179493833, 35.703934030140061 ], [ 128.457660037821029, 35.705741511349061 ], [ 128.456903338682537, 35.710961428890741 ], [ 128.454201982131991, 35.714781219793082 ], [ 128.472575304790467, 35.723783727910693 ], [ 128.482884786824741, 35.726441818856941 ], [ 128.489140282362342, 35.724364048423055 ], [ 128.506409534381845, 35.728635355314239 ], [ 128.508185788672506, 35.726494066479425 ], [ 128.512610194221025, 35.725881428531864 ], [ 128.519457785932701, 35.721504385628926 ], [ 128.525143672129843, 35.710031219532958 ], [ 128.528499608426699, 35.710131316852632 ], [ 128.532964940784638, 35.702254193412941 ], [ 128.530975689527054, 35.695463665596399 ], [ 128.53425933904802, 35.693016135878302 ], [ 128.530134229240559, 35.686875579704925 ], [ 128.53052003568618, 35.682359591752032 ], [ 128.527025923793957, 35.682695106022813 ], [ 128.517115539039821, 35.679150325682087 ], [ 128.51372582427075, 35.675186616506551 ], [ 128.507138501844935, 35.674195507109218 ], [ 128.505917694833158, 35.672482453469783 ], [ 128.507427089619767, 35.667245261947095 ], [ 128.504933737937421, 35.666405831959842 ], [ 128.507340256266559, 35.666750749543105 ], [ 128.507378866804487, 35.664954680810411 ], [ 128.505114421489509, 35.654918348146083 ], [ 128.503675210692421, 35.654457114168771 ], [ 128.50538668130821, 35.651935969423882 ], [ 128.504854954628797, 35.649384724831087 ], [ 128.508549697188585, 35.644869077490512 ], [ 128.503018499411468, 35.638703764317434 ], [ 128.493659338476078, 35.63866378347263 ], [ 128.487104686775126, 35.635535817645611 ], [ 128.479388080686135, 35.634598873751223 ], [ 128.475593498921, 35.640186823194995 ], [ 128.467999130404735, 35.6364978337837 ], [ 128.4605943464002, 35.638622258174415 ], [ 128.456475506542091, 35.644933687299094 ], [ 128.451984183130833, 35.647306033522305 ], [ 128.452682791057384, 35.648362602602347 ], [ 128.45007749708185, 35.65174706882587 ], [ 128.450488237431898, 35.657833546252142 ], [ 128.445313971077383, 35.668210818816277 ], [ 128.44709873758444, 35.674308612248957 ], [ 128.444793927383756, 35.679097495587719 ] ] ] ] } },
{ "type": "Feature", "properties": { "emd_cd": "27710262", "emd_nm": "옥포읍" }, "geometry": { "type": "MultiPolygon", "coordinates": [ [ [ [ 128.53644829871854, 35.753565055345241 ], [ 128.535462255040954, 35.749964352911718 ], [ 128.539344703502138, 35.735616189526908 ], [ 128.536175306658265, 35.736389494931899 ], [ 128.531877021622961, 35.734957100391249 ], [ 128.530347171591472, 35.730272748078349 ], [ 128.527270763644225, 35.727854644519411 ], [ 128.527043090037637, 35.725120911225865 ], [ 128.519457785932701, 35.721504385628926 ], [ 128.512610194221025, 35.725881428531864 ], [ 128.508185788672506, 35.726494066479425 ], [ 128.506409534381845, 35.728635355314239 ], [ 128.492192956605635, 35.725543098682024 ], [ 128.486009133079108, 35.736216029078335 ], [ 128.480381722265832, 35.740237357763938 ], [ 128.482274540107824, 35.743345579732768 ], [ 128.480045149445488, 35.749981277194372 ], [ 128.4726360931881, 35.750175035568887 ], [ 128.470457300941462, 35.756066223215555 ], [ 128.464056416852287, 35.759162305704102 ], [ 128.461870366169904, 35.762655126420434 ], [ 128.453492313304508, 35.767973511386565 ], [ 128.449503871872196, 35.767780540764726 ], [ 128.448545857566756, 35.769751338018018 ], [ 128.440948353277889, 35.768979104143696 ], [ 128.430121628312747, 35.781043920479988 ], [ 128.420422528778516, 35.785554846805631 ], [ 128.420369382896268, 35.788059088912725 ], [ 128.422556811198916, 35.789181208441853 ], [ 128.417109691618748, 35.795293492762745 ], [ 128.410729154707241, 35.799548098996993 ], [ 128.410735742716213, 35.801089554732691 ], [ 128.412440296609049, 35.802824437657513 ], [ 128.415771732990777, 35.802814900591024 ], [ 128.415785944870635, 35.806092006142748 ], [ 128.420815815841991, 35.8063040870259 ], [ 128.420829238357584, 35.809354623887302 ], [ 128.440945337670286, 35.809294205209184 ], [ 128.441028662634778, 35.806016689263529 ], [ 128.46646744474171, 35.805935430357117 ], [ 128.466095642375734, 35.809215712743622 ], [ 128.472526432837299, 35.812039775421752 ], [ 128.478830602644678, 35.788003484755926 ], [ 128.481158410491304, 35.785214832101623 ], [ 128.482655207144859, 35.7862612228584 ], [ 128.484563675263985, 35.781863602891612 ], [ 128.490660050501788, 35.777672728276258 ], [ 128.499134950911753, 35.775781909674294 ], [ 128.506271669438092, 35.768678257557106 ], [ 128.508918052081896, 35.768994449743552 ], [ 128.523809554710567, 35.76356393495724 ], [ 128.525619148068614, 35.758377294219002 ], [ 128.530757742183511, 35.75432653070385 ], [ 128.53644829871854, 35.753565055345241 ] ] ] ] } },
{ "type": "Feature", "properties": { "emd_cd": "27710265", "emd_nm": "현풍읍" }, "geometry": { "type": "MultiPolygon", "coordinates": [ [ [ [ 128.446912933290406, 35.673241543359012 ], [ 128.443847556477124, 35.671010439905835 ], [ 128.445153584591168, 35.669673326194186 ], [ 128.443093883911416, 35.668763691476684 ], [ 128.443750670399908, 35.662490379248659 ], [ 128.44036417845146, 35.660507249335922 ], [ 128.440249132199085, 35.655889383379048 ], [ 128.436388262494773, 35.656462732822597 ], [ 128.434231354860913, 35.658542827423219 ], [ 128.432091141793052, 35.657667044773333 ], [ 128.429749813484023, 35.659876563050801 ], [ 128.427820122876653, 35.659207706119041 ], [ 128.426969455916009, 35.660929402634345 ], [ 128.421180872116622, 35.66018853388416 ], [ 128.421430612729949, 35.66148472805969 ], [ 128.418760602468467, 35.661537928683515 ], [ 128.418773218787834, 35.663455735865476 ], [ 128.41747382323652, 35.663494703272946 ], [ 128.414220802395675, 35.673698667566221 ], [ 128.412012133588632, 35.676021730133414 ], [ 128.398281280591362, 35.679307060797036 ], [ 128.393556930781443, 35.682058047069674 ], [ 128.386380511245221, 35.680693999124188 ], [ 128.381724623723841, 35.688504940098255 ], [ 128.373703095333298, 35.693214540699671 ], [ 128.375345897288582, 35.699901337033488 ], [ 128.390303824970204, 35.700137046029916 ], [ 128.395313853608741, 35.699314520000705 ], [ 128.396041854906088, 35.697047140263358 ], [ 128.405312949706882, 35.696304564964329 ], [ 128.406155554450493, 35.693929772176787 ], [ 128.42000109923373, 35.693525227181624 ], [ 128.426099352247604, 35.697871146295824 ], [ 128.425018212795891, 35.699012042341231 ], [ 128.432707513660972, 35.70650380469295 ], [ 128.435609049376495, 35.706605866255479 ], [ 128.435592680916898, 35.717268957074907 ], [ 128.445653087383675, 35.719870559814872 ], [ 128.44798047077262, 35.715810395994531 ], [ 128.452392111778664, 35.712785765306784 ], [ 128.454201982131991, 35.714781219793082 ], [ 128.456903338682537, 35.710961428890741 ], [ 128.457660037821029, 35.705741511349061 ], [ 128.462617179493833, 35.703934030140061 ], [ 128.459548982048688, 35.700801859453776 ], [ 128.462167291345537, 35.69846399496199 ], [ 128.456375755677783, 35.69993070401032 ], [ 128.456314418097463, 35.689224027225798 ], [ 128.447910329754933, 35.685269281445677 ], [ 128.445145711270555, 35.681867035034358 ], [ 128.446912933290406, 35.673241543359012 ] ] ] ] } },
{ "type": "Feature", "properties": { "emd_cd": "27710310", "emd_nm": "가창면" }, "geometry": { "type": "MultiPolygon", "coordinates": [ [ [ [ 128.51945778593381, 35.721504385628897 ], [ 128.527043090038745, 35.725120911225801 ], [ 128.527270763645333, 35.727854644519311 ], [ 128.530347171592581, 35.730272748078242 ], [ 128.531877021624013, 35.73495710039122 ], [ 128.536175306659487, 35.736389494931899 ], [ 128.539344703503218, 35.735616189526894 ], [ 128.535462255042091, 35.74996435291159 ], [ 128.536846208907434, 35.754179618115614 ], [ 128.55189764200864, 35.761416356287249 ], [ 128.549825623730015, 35.766060576307524 ], [ 128.553573189786789, 35.773292185408941 ], [ 128.563723925417662, 35.773530040787691 ], [ 128.570262992433044, 35.779617541838405 ], [ 128.569465324683932, 35.789361448637251 ], [ 128.567177413146879, 35.794742872353147 ], [ 128.569610601083269, 35.797115328632266 ], [ 128.576556959276161, 35.795646756517364 ], [ 128.585373510074106, 35.798585556954365 ], [ 128.588195927621939, 35.807211490742155 ], [ 128.591559559751659, 35.808897158663122 ], [ 128.598397973909073, 35.805265681575335 ], [ 128.602425408984033, 35.805865181033028 ], [ 128.616876324856804, 35.802222460019301 ], [ 128.620520006087133, 35.805472797513055 ], [ 128.626336977516672, 35.804467319402995 ], [ 128.629070198030661, 35.80199906709143 ], [ 128.634499751069228, 35.803109448430199 ], [ 128.644398335913849, 35.801477846550789 ], [ 128.649147927063865, 35.802837220634615 ], [ 128.651276064187812, 35.802331967644186 ], [ 128.653455156456658, 35.798807337459117 ], [ 128.666545857619752, 35.796901174418807 ], [ 128.669101588881261, 35.794741100332175 ], [ 128.674808747723347, 35.794651040209637 ], [ 128.680207264821405, 35.791973291768379 ], [ 128.682382159262971, 35.789235435052667 ], [ 128.681813858755589, 35.782653385013916 ], [ 128.687037517919549, 35.775480573492885 ], [ 128.686007141042069, 35.768687127039982 ], [ 128.689240045750296, 35.76711791695115 ], [ 128.691286610392609, 35.763919675392707 ], [ 128.690845066505744, 35.760155892129099 ], [ 128.695669342434428, 35.755626456104032 ], [ 128.692252948330065, 35.746629024847657 ], [ 128.694083735240184, 35.742977635264026 ], [ 128.688569929397659, 35.737208829219362 ], [ 128.691446553272641, 35.732233139813239 ], [ 128.690002409695012, 35.729448999688437 ], [ 128.682899215477846, 35.724980282746465 ], [ 128.682757114138184, 35.720814210905822 ], [ 128.672944082046797, 35.720237394553223 ], [ 128.670279391781463, 35.718147815430534 ], [ 128.660558043340671, 35.719491317331304 ], [ 128.656310103405502, 35.717489972322724 ], [ 128.653133881363914, 35.713444582878026 ], [ 128.646489754506291, 35.710709808937573 ], [ 128.645801340457666, 35.707763329265383 ], [ 128.637375383420107, 35.705139893418902 ], [ 128.630352945113117, 35.7064783424537 ], [ 128.623516858928213, 35.702014476057357 ], [ 128.619297862741774, 35.702514724752348 ], [ 128.619345368892368, 35.704181146567748 ], [ 128.613266529897231, 35.709866421709222 ], [ 128.613454859480555, 35.713809541840561 ], [ 128.61650808989782, 35.717150186394157 ], [ 128.609503893161332, 35.725028021914746 ], [ 128.61464389142543, 35.730021832655758 ], [ 128.613457141654152, 35.732104146104327 ], [ 128.614609489849784, 35.736425099247484 ], [ 128.613134322757247, 35.738049476805188 ], [ 128.606852463213386, 35.73870663451742 ], [ 128.598809315641574, 35.735380687784563 ], [ 128.593015680996842, 35.736123691245204 ], [ 128.590949487150226, 35.731785333993471 ], [ 128.588351833886122, 35.730635411169402 ], [ 128.581196910987842, 35.73754936152703 ], [ 128.570631932069546, 35.733708697471307 ], [ 128.563645488288216, 35.735863385343698 ], [ 128.560066735087617, 35.728943944640648 ], [ 128.551526048332363, 35.725750421962914 ], [ 128.545181606731347, 35.721746304522142 ], [ 128.543152290364446, 35.718558285479645 ], [ 128.532384933020836, 35.7156111253204 ], [ 128.525143672130952, 35.710031219532958 ], [ 128.51945778593381, 35.721504385628897 ] ] ] ] } },
{ "type": "Feature", "properties": { "emd_cd": "27710330", "emd_nm": "하빈면" }, "geometry": { "type": "MultiPolygon", "coordinates": [ [ [ [ 128.387376169086451, 35.861203043809908 ], [ 128.389321260368718, 35.868431634127894 ], [ 128.39589111998805, 35.872629738104159 ], [ 128.395985180904262, 35.883171891755815 ], [ 128.398834423208967, 35.885020304002232 ], [ 128.401853994258346, 35.892861286680613 ], [ 128.405598253809387, 35.896248975416228 ], [ 128.406556260331769, 35.900912984869166 ], [ 128.408358409839934, 35.901194808213205 ], [ 128.410841236560657, 35.907085572270404 ], [ 128.417528308454138, 35.913529496090746 ], [ 128.418905336334205, 35.921543912118381 ], [ 128.424578923478862, 35.923331993924769 ], [ 128.425708213923713, 35.928243819868321 ], [ 128.428537456167419, 35.927562798136201 ], [ 128.43287429949055, 35.931726896076491 ], [ 128.439727264021911, 35.931799224821411 ], [ 128.442492306975964, 35.93564938378389 ], [ 128.45116537642096, 35.935355324200707 ], [ 128.453622229435581, 35.936869705183469 ], [ 128.455096864194502, 35.943376579534004 ], [ 128.461789533659413, 35.941099368580566 ], [ 128.463616094670471, 35.938774745489688 ], [ 128.470187542900305, 35.938772627133034 ], [ 128.476785543252078, 35.935256024430146 ], [ 128.476885143803401, 35.928137029346033 ], [ 128.473878447110877, 35.923088831415512 ], [ 128.474194545985625, 35.916244524474692 ], [ 128.466083003521248, 35.909008180660805 ], [ 128.467992792113733, 35.906731259748966 ], [ 128.469440804428729, 35.899057502910047 ], [ 128.467109321892195, 35.897624865039276 ], [ 128.461843323201521, 35.899797359201976 ], [ 128.456382389422373, 35.894213238576675 ], [ 128.453007116753412, 35.894568351405532 ], [ 128.445716316013687, 35.887920880459291 ], [ 128.437427955528875, 35.887406801660347 ], [ 128.434268466600741, 35.883754715147461 ], [ 128.431264189788664, 35.882205720950147 ], [ 128.428903463317738, 35.882897380713956 ], [ 128.42610851515181, 35.880469301605281 ], [ 128.423690921026861, 35.873254921972595 ], [ 128.418021485120647, 35.872160309240833 ], [ 128.420126619598676, 35.863963439514301 ], [ 128.417924113077561, 35.86009501072445 ], [ 128.419454505157034, 35.851962160200571 ], [ 128.393927879672276, 35.85253316153436 ], [ 128.390074096634777, 35.855321031967861 ], [ 128.387376169086451, 35.861203043809908 ] ] ] ] } },
{ "type": "Feature", "properties": { "emd_cd": "27710380", "emd_nm": "구지면" }, "geometry": { "type": "MultiPolygon", "coordinates": [ [ [ [ 128.446912933290406, 35.673241543359012 ], [ 128.445313971077383, 35.668210818816277 ], [ 128.450175218308743, 35.659165591632203 ], [ 128.449860265377879, 35.652327833263556 ], [ 128.452682791057384, 35.648362602602347 ], [ 128.451984183130833, 35.647306033522305 ], [ 128.456475506542091, 35.644933687299094 ], [ 128.458684371388188, 35.640570441191876 ], [ 128.451147359549282, 35.636929031289391 ], [ 128.444295016955408, 35.638508489363012 ], [ 128.443541994458343, 35.635013838143941 ], [ 128.439716481599078, 35.634789796106162 ], [ 128.438235075933704, 35.630743469606408 ], [ 128.435181284929939, 35.630978012949711 ], [ 128.428564115806438, 35.621888890786508 ], [ 128.422899161897163, 35.625547602586167 ], [ 128.42054542507725, 35.625503416547481 ], [ 128.416584635668414, 35.620063087655637 ], [ 128.416147581026109, 35.621842299090318 ], [ 128.414215804557585, 35.622353824354683 ], [ 128.412191919294656, 35.618535121166275 ], [ 128.407621748777416, 35.615542988834292 ], [ 128.403788557383308, 35.614739444795916 ], [ 128.400569894787452, 35.617796119557894 ], [ 128.400398892667823, 35.615700570716648 ], [ 128.396780261695994, 35.616487299939877 ], [ 128.385126120507067, 35.610708533014936 ], [ 128.38174681395293, 35.610523457158429 ], [ 128.379734352520387, 35.607225906216918 ], [ 128.377526966261655, 35.60992718533705 ], [ 128.374433018112001, 35.607727754749213 ], [ 128.367813244319336, 35.611174164475287 ], [ 128.38403462686486, 35.617229264153856 ], [ 128.396887542012138, 35.63146217677005 ], [ 128.396572871034351, 35.63319576265598 ], [ 128.39933085827866, 35.633269882812506 ], [ 128.397805441900118, 35.633387921664578 ], [ 128.396568557753909, 35.644601756529987 ], [ 128.389579715151228, 35.652188598364837 ], [ 128.369710147361985, 35.666235057616255 ], [ 128.358035953529651, 35.677760183153957 ], [ 128.351273839719909, 35.690936064963068 ], [ 128.350181144040505, 35.70407493070833 ], [ 128.353838971554723, 35.707298336817246 ], [ 128.363486341149297, 35.707203926266843 ], [ 128.373214497273977, 35.703496148153185 ], [ 128.376561464411026, 35.700627117370864 ], [ 128.373703095333298, 35.693214540699671 ], [ 128.381724623723841, 35.688504940098255 ], [ 128.386380511245221, 35.680693999124188 ], [ 128.393556930781443, 35.682058047069674 ], [ 128.398281280591362, 35.679307060797036 ], [ 128.412012133588632, 35.676021730133414 ], [ 128.414220802395675, 35.673698667566221 ], [ 128.41747382323652, 35.663494703272946 ], [ 128.418773218787834, 35.663455735865476 ], [ 128.418760602468467, 35.661537928683515 ], [ 128.421430612729949, 35.66148472805969 ], [ 128.421180872116622, 35.66018853388416 ], [ 128.426969455916009, 35.660929402634345 ], [ 128.427820122876653, 35.659207706119041 ], [ 128.429749813484023, 35.659876563050801 ], [ 128.432091141793052, 35.657667044773333 ], [ 128.434231354860913, 35.658542827423219 ], [ 128.436388262494773, 35.656462732822597 ], [ 128.440249132199085, 35.655889383379048 ], [ 128.44036417845146, 35.660507249335922 ], [ 128.443750670399908, 35.662490379248659 ], [ 128.443093883911416, 35.668763691476684 ], [ 128.445153584591168, 35.669673326194186 ], [ 128.443847556477124, 35.671010439905835 ], [ 128.446912933290406, 35.673241543359012 ] ] ] ] } },
{ "type": "Feature", "properties": { "emd_cd": "27720250", "emd_nm": "군위읍" }, "geometry": { "type": "MultiPolygon", "coordinates": [ [ [ [ 128.53566300504005, 36.295847127989482 ], [ 128.545527547618406, 36.291915752453257 ], [ 128.550010174213128, 36.284304267979742 ], [ 128.550083742004972, 36.279362589351841 ], [ 128.552089797733288, 36.278018593801136 ], [ 128.552746794138926, 36.27458691432053 ], [ 128.557564273987424, 36.274084281024919 ], [ 128.563356497391538, 36.27584913138795 ], [ 128.569879940532616, 36.274653546224087 ], [ 128.575806147685, 36.279896557115265 ], [ 128.588896577795282, 36.277249502888665 ], [ 128.594626931861512, 36.277711702900589 ], [ 128.59933618635398, 36.270502319860348 ], [ 128.609009163198493, 36.271227729416793 ], [ 128.616327794105302, 36.267317340995582 ], [ 128.623817717883469, 36.267013662428397 ], [ 128.629924584541982, 36.262421734783189 ], [ 128.636114023496873, 36.261502208806284 ], [ 128.640567047160516, 36.25747148549609 ], [ 128.640521859751544, 36.253170573576902 ], [ 128.638497188175791, 36.25187107637759 ], [ 128.638385621228878, 36.249380241314782 ], [ 128.641356972836007, 36.244847112337425 ], [ 128.638907786995105, 36.24304932017963 ], [ 128.639389521831077, 36.2413394355153 ], [ 128.633146168881552, 36.238637177022603 ], [ 128.63670418125318, 36.233083174993141 ], [ 128.634511926376945, 36.231059415808112 ], [ 128.636990815559727, 36.229664987207386 ], [ 128.637117531225698, 36.227535441913844 ], [ 128.625397802206436, 36.224562409106134 ], [ 128.623586964944423, 36.221712859778584 ], [ 128.615512428566092, 36.219294929847585 ], [ 128.613640629027287, 36.21555897386353 ], [ 128.59960677951824, 36.209203869175042 ], [ 128.595269768153315, 36.209403738627934 ], [ 128.587883277845123, 36.214698331963042 ], [ 128.584751023362998, 36.212464900816521 ], [ 128.581973112992387, 36.207901000866912 ], [ 128.579683784669214, 36.195292628802385 ], [ 128.578060002399752, 36.194862020643441 ], [ 128.578637376988951, 36.189328599376125 ], [ 128.580492890361654, 36.187422511218955 ], [ 128.571514458807087, 36.174468429059011 ], [ 128.559867226404975, 36.175714753358136 ], [ 128.558933784514522, 36.178940255254822 ], [ 128.556873015892336, 36.177245577997631 ], [ 128.548849763969486, 36.177844611376067 ], [ 128.548648370046266, 36.180023321106098 ], [ 128.542871476282357, 36.185002920097688 ], [ 128.53662392147416, 36.194924768524039 ], [ 128.527493886352687, 36.197449388523673 ], [ 128.522843512916324, 36.201349576362603 ], [ 128.522975070163568, 36.203345350768757 ], [ 128.528742709255368, 36.207378581934123 ], [ 128.530743049189454, 36.212587830227925 ], [ 128.531287941350598, 36.221113589686254 ], [ 128.535473741445543, 36.221213033762112 ], [ 128.536923293859189, 36.223304499749077 ], [ 128.534940667679592, 36.226884476849932 ], [ 128.522788613433448, 36.234274475108514 ], [ 128.521391155232834, 36.237064571207476 ], [ 128.522469323986599, 36.240367860448963 ], [ 128.519433004607293, 36.244131491984838 ], [ 128.520990906362698, 36.249699921684396 ], [ 128.524890781520838, 36.253461143721502 ], [ 128.527070309086184, 36.265828385595633 ], [ 128.531391522328732, 36.267218896732061 ], [ 128.531043762977532, 36.270786240804327 ], [ 128.535534358526547, 36.272755788613999 ], [ 128.537455346743229, 36.271533590251337 ], [ 128.530191033419925, 36.27755803565443 ], [ 128.524820617398007, 36.277455646499654 ], [ 128.524161431394305, 36.280064077571723 ], [ 128.528675041620545, 36.286815432202459 ], [ 128.52910476236147, 36.293752132091051 ], [ 128.53566300504005, 36.295847127989482 ] ] ] ] } },
{ "type": "Feature", "properties": { "emd_cd": "27720310", "emd_nm": "소보면" }, "geometry": { "type": "MultiPolygon", "coordinates": [ [ [ [ 128.451538056562413, 36.327198657629367 ], [ 128.455394210920105, 36.326829718288607 ], [ 128.455899416581246, 36.32499333000716 ], [ 128.468675628355811, 36.32174423386963 ], [ 128.470103268337596, 36.320110444782891 ], [ 128.471013728230361, 36.320920718418279 ], [ 128.473587687241007, 36.317885100297829 ], [ 128.473236451423332, 36.31216389222805 ], [ 128.479162870583963, 36.311018545733852 ], [ 128.484279037230522, 36.307569056471912 ], [ 128.487622059614068, 36.308217300780584 ], [ 128.49121453033581, 36.304058759989587 ], [ 128.506969188032969, 36.30372994808112 ], [ 128.510652874056632, 36.300660809877726 ], [ 128.51793166287905, 36.301904446904089 ], [ 128.519512901810486, 36.300217220707566 ], [ 128.525748045737174, 36.299270320720446 ], [ 128.529116266945607, 36.293732829320646 ], [ 128.528675041620545, 36.286815432202459 ], [ 128.52578638237847, 36.284082696352755 ], [ 128.524161431394305, 36.280064077571723 ], [ 128.524820617398007, 36.277455646499654 ], [ 128.530191033419925, 36.27755803565443 ], [ 128.537455346743229, 36.271533590251337 ], [ 128.535534358526547, 36.272755788613999 ], [ 128.531043762977532, 36.270786240804327 ], [ 128.531391522328732, 36.267218896732061 ], [ 128.527070309086184, 36.265828385595633 ], [ 128.524890781520838, 36.253461143721502 ], [ 128.520990906362698, 36.249699921684396 ], [ 128.519433004607293, 36.244131491984838 ], [ 128.522469323986599, 36.240367860448963 ], [ 128.521391155232834, 36.237064571207476 ], [ 128.522788613433448, 36.234274475108514 ], [ 128.534940667679592, 36.226884476849932 ], [ 128.536923293859189, 36.223304499749077 ], [ 128.535473741445543, 36.221213033762112 ], [ 128.531287941350598, 36.221113589686254 ], [ 128.530743049189454, 36.212587830227925 ], [ 128.528742709255368, 36.207378581934123 ], [ 128.522975070163568, 36.203345350768757 ], [ 128.522844346004661, 36.201349714872137 ], [ 128.515965510529099, 36.199612394081328 ], [ 128.513413976076578, 36.192167697877764 ], [ 128.507153283212801, 36.185563929712373 ], [ 128.502181483836409, 36.185565899471811 ], [ 128.501840787828428, 36.1904544036611 ], [ 128.498936165632642, 36.19598766362288 ], [ 128.494463082806845, 36.197780521982985 ], [ 128.4933044884433, 36.209140861641458 ], [ 128.491621185849709, 36.212666890556306 ], [ 128.487911149464537, 36.21475548400182 ], [ 128.489131589177362, 36.220298727192215 ], [ 128.485022889641471, 36.224297307671435 ], [ 128.479609703320534, 36.224466604257884 ], [ 128.485607312156105, 36.230272570373515 ], [ 128.485057443542075, 36.233592640398896 ], [ 128.478456455948731, 36.234673873051968 ], [ 128.471612840217716, 36.229150548376573 ], [ 128.467387727367509, 36.230249743542487 ], [ 128.461978097056658, 36.226636664476651 ], [ 128.453670850942586, 36.224306091908893 ], [ 128.450959351521533, 36.221726037300563 ], [ 128.443903198870657, 36.221172864279467 ], [ 128.440982887022699, 36.218307729573809 ], [ 128.437882457779153, 36.222704146131285 ], [ 128.437827426232957, 36.227069441750643 ], [ 128.434527102627243, 36.230412242904009 ], [ 128.434009057093931, 36.234331207363113 ], [ 128.423640269646143, 36.236966897098178 ], [ 128.423760413355126, 36.24225505841455 ], [ 128.417630521640518, 36.245905529045878 ], [ 128.420065334529028, 36.253750203952841 ], [ 128.416135475919077, 36.257656369784648 ], [ 128.420479345254762, 36.259658140026744 ], [ 128.421139196455528, 36.267790998765797 ], [ 128.424701044172991, 36.270878102677969 ], [ 128.426615554294784, 36.275398160023769 ], [ 128.416400399197272, 36.282594657887969 ], [ 128.413521823375646, 36.282868608538081 ], [ 128.410403058089145, 36.287236447184718 ], [ 128.413881438087429, 36.291286334698405 ], [ 128.41282339663897, 36.293707782322123 ], [ 128.416538525325336, 36.298724808280596 ], [ 128.427865493711607, 36.298874081600424 ], [ 128.432538169310845, 36.304861497438466 ], [ 128.438525687033462, 36.305134903421681 ], [ 128.439217881318768, 36.312322139936491 ], [ 128.438006641098582, 36.314070569125164 ], [ 128.445223031661129, 36.318390082919073 ], [ 128.447070682299511, 36.322695105823314 ], [ 128.450976560684779, 36.324773873029145 ], [ 128.451538056562413, 36.327198657629367 ] ] ] ] } },
{ "type": "Feature", "properties": { "emd_cd": "27720320", "emd_nm": "효령면" }, "geometry": { "type": "MultiPolygon", "coordinates": [ [ [ [ 128.544406289980572, 36.165999601909391 ], [ 128.548274795447298, 36.164264266711875 ], [ 128.552334162422028, 36.164921482379981 ], [ 128.554187265866005, 36.173433286609502 ], [ 128.558933784514522, 36.178940255254822 ], [ 128.559867226404975, 36.175714753358136 ], [ 128.568885859485277, 36.174392741194836 ], [ 128.57334077827332, 36.175770764386158 ], [ 128.575095076908383, 36.180625690008839 ], [ 128.576829674496082, 36.181182745401351 ], [ 128.576261876637176, 36.18284099834456 ], [ 128.580492890361654, 36.187422511218955 ], [ 128.578637376988951, 36.189328599376125 ], [ 128.578060002399752, 36.194862020643441 ], [ 128.579683784669214, 36.195292628802385 ], [ 128.582991660257932, 36.210608783240708 ], [ 128.587223779114623, 36.214354599672504 ], [ 128.595269768153315, 36.209403738627934 ], [ 128.59960677951824, 36.209203869175042 ], [ 128.613640629027287, 36.21555897386353 ], [ 128.615512428566092, 36.219294929847585 ], [ 128.623586964944423, 36.221712859778584 ], [ 128.625397802206436, 36.224562409106134 ], [ 128.632643485131979, 36.225857024355065 ], [ 128.636301989950255, 36.223846544901463 ], [ 128.634893669004214, 36.218438032561217 ], [ 128.631856431304698, 36.216217225090411 ], [ 128.634957672539173, 36.212791623982135 ], [ 128.635446781040287, 36.208959833683316 ], [ 128.640903854960897, 36.206667293265895 ], [ 128.640654876774249, 36.202571094381014 ], [ 128.637778112188926, 36.199719847042459 ], [ 128.629927991694814, 36.20011191744647 ], [ 128.626288391087598, 36.198261321495394 ], [ 128.621739001812784, 36.1902265483536 ], [ 128.618164198830385, 36.189584806735255 ], [ 128.615339077019996, 36.187040516932775 ], [ 128.617058346467843, 36.184055915147823 ], [ 128.610729069737317, 36.182447367551731 ], [ 128.61119897748398, 36.171685250972736 ], [ 128.612454632754037, 36.171037312778402 ], [ 128.609847788897866, 36.165056694245195 ], [ 128.616434871120276, 36.162403707917342 ], [ 128.618259680293676, 36.155936904642182 ], [ 128.625130477636588, 36.147069541551389 ], [ 128.625916629782978, 36.143583543596179 ], [ 128.631552585672637, 36.140570127272426 ], [ 128.636580046209616, 36.14070648069017 ], [ 128.642563399474483, 36.138064896142971 ], [ 128.644635935211909, 36.135077375339208 ], [ 128.65037552115399, 36.134584912984259 ], [ 128.654107533026632, 36.13236833496034 ], [ 128.658636185430538, 36.133041918529024 ], [ 128.660814277805173, 36.126183527657808 ], [ 128.664282659237216, 36.122906096917781 ], [ 128.645446617862746, 36.111596033933267 ], [ 128.643486840768844, 36.111981678482003 ], [ 128.64067896507882, 36.10872037068436 ], [ 128.638355208583476, 36.10959401882203 ], [ 128.639438258717973, 36.103086176783904 ], [ 128.633107862013304, 36.105215775363988 ], [ 128.63221398757662, 36.10358496701356 ], [ 128.634658438956876, 36.100723022140549 ], [ 128.633012880757576, 36.100312799815264 ], [ 128.630782957964442, 36.094651465505585 ], [ 128.625239916011424, 36.092443940133428 ], [ 128.625215784981805, 36.089213004486147 ], [ 128.622693428007807, 36.085071122870239 ], [ 128.625437594479251, 36.080535341439337 ], [ 128.624009990361856, 36.078072199155528 ], [ 128.618198306397602, 36.076883886169014 ], [ 128.615636824700488, 36.077845821132364 ], [ 128.607089398137731, 36.076079360628455 ], [ 128.60775684095654, 36.074954438086095 ], [ 128.597941050198273, 36.074927481487478 ], [ 128.596700421082232, 36.070393400457007 ], [ 128.597568364388195, 36.066924556819671 ], [ 128.594459812745129, 36.062914610390052 ], [ 128.587094945934012, 36.063663961834862 ], [ 128.583525459126975, 36.067907052608867 ], [ 128.569522359843404, 36.058232642728022 ], [ 128.566794522521803, 36.067022467336599 ], [ 128.563872884161583, 36.069809571572719 ], [ 128.56533744524981, 36.077213818055874 ], [ 128.567763417303667, 36.079804880399848 ], [ 128.566548030067452, 36.081421569511882 ], [ 128.569074140535577, 36.088505053472304 ], [ 128.56753795449788, 36.095588102553592 ], [ 128.56284836247201, 36.099589306375528 ], [ 128.564954545523705, 36.103947834000493 ], [ 128.565239112027086, 36.109569752518652 ], [ 128.562889796732691, 36.110953643728166 ], [ 128.564101716736076, 36.115862303742801 ], [ 128.561628627192334, 36.1194007881383 ], [ 128.558021533758222, 36.119528853619585 ], [ 128.554864211622231, 36.121660831813486 ], [ 128.552506021712844, 36.128351049359608 ], [ 128.548542871576728, 36.13100370973283 ], [ 128.552874382420242, 36.13907306366022 ], [ 128.548192811688097, 36.140697350284405 ], [ 128.550154833745495, 36.15059367355591 ], [ 128.546636401197162, 36.153808638404861 ], [ 128.542481170538423, 36.154620993378693 ], [ 128.540102665578843, 36.161064467405069 ], [ 128.544406289980572, 36.165999601909391 ] ] ] ] } },
{ "type": "Feature", "properties": { "emd_cd": "27720330", "emd_nm": "부계면" }, "geometry": { "type": "MultiPolygon", "coordinates": [ [ [ [ 128.699617110645846, 36.081086365035887 ], [ 128.693150537006886, 36.07526094142203 ], [ 128.694359976818333, 36.071857126779562 ], [ 128.688793419353061, 36.061443941334645 ], [ 128.690531953251451, 36.056185924142355 ], [ 128.681259245487468, 36.052196446474689 ], [ 128.679006108967485, 36.04923409395365 ], [ 128.682162483628332, 36.047762545200563 ], [ 128.690203013949031, 36.03782307776855 ], [ 128.697236045913655, 36.034445144963549 ], [ 128.699020031586059, 36.030830395975755 ], [ 128.699343398288022, 36.025303738931484 ], [ 128.69414904093415, 36.018136711421043 ], [ 128.694523040832081, 36.016383377897711 ], [ 128.687147011610477, 36.014459461877351 ], [ 128.66955429175988, 36.013602637679845 ], [ 128.664248306858241, 36.010449612656373 ], [ 128.654281833797285, 36.009816505259153 ], [ 128.651173005223541, 36.007584846641862 ], [ 128.644874060071942, 36.010600925359512 ], [ 128.640789540304723, 36.010538857735355 ], [ 128.636951486640328, 36.016929004343041 ], [ 128.621406061580643, 36.025262053815894 ], [ 128.622638719844389, 36.038252830440811 ], [ 128.627830349726395, 36.045026509819962 ], [ 128.629404795077761, 36.052654126079346 ], [ 128.628415224551958, 36.059733213781023 ], [ 128.630651543312183, 36.060071266632114 ], [ 128.632726053920265, 36.066798911776992 ], [ 128.627606466572814, 36.069039491327182 ], [ 128.631346068599981, 36.076734492044842 ], [ 128.627810652481401, 36.080160812067739 ], [ 128.624456908413862, 36.080820017084271 ], [ 128.622693428007807, 36.085071122870239 ], [ 128.625215784981805, 36.089213004486147 ], [ 128.625239916011424, 36.092443940133428 ], [ 128.630782957964442, 36.094651465505585 ], [ 128.633012880757576, 36.100312799815264 ], [ 128.634658438956876, 36.100723022140549 ], [ 128.63221398757662, 36.10358496701356 ], [ 128.633107862013304, 36.105215775363988 ], [ 128.639438258717973, 36.103086176783904 ], [ 128.638355208583476, 36.10959401882203 ], [ 128.64067896507882, 36.10872037068436 ], [ 128.643486840768844, 36.111981678482003 ], [ 128.645446617862746, 36.111596033933267 ], [ 128.652095700414975, 36.116728850737374 ], [ 128.668256872910263, 36.125074809356512 ], [ 128.672522038570236, 36.121447548511505 ], [ 128.671940911794422, 36.117996136243484 ], [ 128.67679803791242, 36.117996338779051 ], [ 128.678750374790667, 36.115498305852647 ], [ 128.677388696175598, 36.109834618608048 ], [ 128.67935134351481, 36.105148241751891 ], [ 128.685659350556904, 36.105383125590393 ], [ 128.688011416040155, 36.10314197620108 ], [ 128.690746475992995, 36.097125201586913 ], [ 128.68780829304464, 36.092206863509254 ], [ 128.693631643504176, 36.091152136463919 ], [ 128.699055517424483, 36.094032867635455 ], [ 128.702303754312254, 36.093871890362699 ], [ 128.697851396058439, 36.084427068726669 ], [ 128.699617110645846, 36.081086365035887 ] ] ] ] } },
{ "type": "Feature", "properties": { "emd_cd": "27720340", "emd_nm": "우보면" }, "geometry": { "type": "MultiPolygon", "coordinates": [ [ [ [ 128.609847788899259, 36.165056694245116 ], [ 128.61245463275543, 36.171037312778381 ], [ 128.611198977485373, 36.171685250972715 ], [ 128.610729069738767, 36.182447367551667 ], [ 128.617058346469321, 36.184055915147788 ], [ 128.615339077021474, 36.187040516932669 ], [ 128.618164198831778, 36.189584806735205 ], [ 128.621739001814291, 36.190226548353536 ], [ 128.626288391089048, 36.198261321495323 ], [ 128.629927991696377, 36.200111917446435 ], [ 128.637778112190432, 36.199719847042445 ], [ 128.639940966860564, 36.20108754226932 ], [ 128.641209392968619, 36.205568795497122 ], [ 128.639454169989534, 36.207506738929617 ], [ 128.648736159361448, 36.218088444747579 ], [ 128.652977872555311, 36.217202610379381 ], [ 128.655625424343526, 36.218416741266424 ], [ 128.655636227808969, 36.220134035345048 ], [ 128.659679572525647, 36.221327445298812 ], [ 128.662513636683258, 36.220312466123673 ], [ 128.66756082224984, 36.214711723315418 ], [ 128.669256264418607, 36.209492972895156 ], [ 128.672140414207206, 36.208094263836614 ], [ 128.674760428668804, 36.21278794920682 ], [ 128.682754668851715, 36.215358165330734 ], [ 128.690216549938356, 36.212233014212572 ], [ 128.694194401882868, 36.214024643622665 ], [ 128.69991335088389, 36.208813120739649 ], [ 128.69628333124146, 36.204400158129225 ], [ 128.697244744277896, 36.195918862869341 ], [ 128.692027818766263, 36.191405886794087 ], [ 128.691937955478437, 36.181360814425595 ], [ 128.683233893556064, 36.178848158890005 ], [ 128.678631092899138, 36.18080687047933 ], [ 128.674263197422135, 36.1805127128208 ], [ 128.679665514547366, 36.175180174753372 ], [ 128.677791436285787, 36.172945361954675 ], [ 128.679473098326838, 36.170954400584804 ], [ 128.67635119022296, 36.166104997004815 ], [ 128.685935585377734, 36.164127829330063 ], [ 128.687073368278362, 36.161403431676987 ], [ 128.69074348263328, 36.160614989605655 ], [ 128.690480238585053, 36.157373346940496 ], [ 128.692548577183686, 36.158059575296214 ], [ 128.696454716201998, 36.154701052724874 ], [ 128.704840778790697, 36.155997605752525 ], [ 128.70652330689768, 36.154626213005159 ], [ 128.707835295289755, 36.14504922666049 ], [ 128.706259660649835, 36.142293710473922 ], [ 128.704235709345056, 36.144427340612779 ], [ 128.702134219803185, 36.141902902373566 ], [ 128.697669672007919, 36.140686284486669 ], [ 128.697420611185549, 36.133358451679641 ], [ 128.6952168818529, 36.128609698948452 ], [ 128.689956912177877, 36.126166478634879 ], [ 128.686298913704746, 36.122250663072762 ], [ 128.685839705686647, 36.119018333585672 ], [ 128.68143300418933, 36.116581758500814 ], [ 128.678750374792486, 36.115498305852569 ], [ 128.676798037914182, 36.117996338779029 ], [ 128.671940911796185, 36.117996136243463 ], [ 128.672522038571969, 36.121447548511433 ], [ 128.668256872911996, 36.125074809356484 ], [ 128.664282659238921, 36.122906096917731 ], [ 128.66081427780685, 36.126183527657766 ], [ 128.658636185432186, 36.133041918528939 ], [ 128.654107533028224, 36.132368334960276 ], [ 128.650375521155581, 36.134584912984174 ], [ 128.644635935213415, 36.135077375339179 ], [ 128.642563399476046, 36.138064896142872 ], [ 128.636580046211236, 36.140706480690163 ], [ 128.631552585674143, 36.14057012727239 ], [ 128.625916629784513, 36.143583543596165 ], [ 128.625130477638095, 36.147069541551311 ], [ 128.618259680295182, 36.155936904642132 ], [ 128.616434871121697, 36.162403707917278 ], [ 128.609847788899259, 36.165056694245116 ] ] ] ] } },
{ "type": "Feature", "properties": { "emd_cd": "27720350", "emd_nm": "의흥면" }, "geometry": { "type": "MultiPolygon", "coordinates": [ [ [ [ 128.674263197420373, 36.180512712820807 ], [ 128.678631092897433, 36.180806870479387 ], [ 128.683233893554245, 36.178848158890069 ], [ 128.691937955476646, 36.181360814425616 ], [ 128.692027818764416, 36.191405886794115 ], [ 128.697244744276048, 36.195918862869405 ], [ 128.696344390181707, 36.202222317953201 ], [ 128.708598429366077, 36.198598152623298 ], [ 128.718682773990963, 36.200089780834595 ], [ 128.719183175458909, 36.198075827162491 ], [ 128.724979562180408, 36.199262811411565 ], [ 128.725546366091379, 36.200737014221254 ], [ 128.729529766642742, 36.198778695520616 ], [ 128.735027649450529, 36.20069478033259 ], [ 128.741792923531648, 36.198521627348988 ], [ 128.745965824016764, 36.194403761000096 ], [ 128.749624943024514, 36.195962590999493 ], [ 128.752778554915608, 36.202826156298194 ], [ 128.758014816442682, 36.202851475586321 ], [ 128.758906837125323, 36.20073900121556 ], [ 128.763403588197633, 36.19933903687803 ], [ 128.769934259252722, 36.193436367322313 ], [ 128.772852535591824, 36.19483729926494 ], [ 128.780717413770475, 36.194362062874667 ], [ 128.792065479344586, 36.191333422423277 ], [ 128.793419373865589, 36.178740587100847 ], [ 128.792400425329703, 36.173996238903086 ], [ 128.788182496045266, 36.171293065960732 ], [ 128.790372409495347, 36.169558954265462 ], [ 128.78755803788772, 36.159368543348187 ], [ 128.78294159415131, 36.153456807661293 ], [ 128.776545587973288, 36.154429575197923 ], [ 128.765500793722367, 36.152058201383788 ], [ 128.762418515514071, 36.145453945556973 ], [ 128.763947075165106, 36.137948168350491 ], [ 128.748861172617865, 36.137815710445075 ], [ 128.74997093583525, 36.128961592650022 ], [ 128.743544142481113, 36.128172908279957 ], [ 128.73936655594008, 36.122082967656318 ], [ 128.729025726219703, 36.130113355239885 ], [ 128.727522817685667, 36.13517410574331 ], [ 128.728604655935158, 36.143052748048895 ], [ 128.724857856620218, 36.145379982476022 ], [ 128.721632401004655, 36.145367704428722 ], [ 128.719622399057101, 36.151954548751071 ], [ 128.707204573610937, 36.15038153497472 ], [ 128.706523306895747, 36.154626213005244 ], [ 128.704840778788736, 36.15599760575256 ], [ 128.696454716200151, 36.154701052724889 ], [ 128.692548577181839, 36.158059575296299 ], [ 128.690480238583234, 36.157373346940531 ], [ 128.690743482631461, 36.160614989605726 ], [ 128.687073368276657, 36.161403431677051 ], [ 128.685935585375972, 36.164127829330113 ], [ 128.676351190221311, 36.166104997004886 ], [ 128.679473098325104, 36.170954400584819 ], [ 128.677791436284082, 36.172945361954739 ], [ 128.679665514545633, 36.175180174753386 ], [ 128.674263197420373, 36.180512712820807 ] ] ] ] } },
{ "type": "Feature", "properties": { "emd_cd": "27720360", "emd_nm": "산성면" }, "geometry": { "type": "MultiPolygon", "coordinates": [ [ [ [ 128.678750374792486, 36.115498305852576 ], [ 128.685839705686675, 36.119018333585679 ], [ 128.686298913704746, 36.122250663072791 ], [ 128.689956912177877, 36.126166478634879 ], [ 128.695216881852872, 36.128609698948445 ], [ 128.697420611185549, 36.133358451679641 ], [ 128.697669672007919, 36.140686284486677 ], [ 128.702134219803185, 36.141902902373559 ], [ 128.704235709345085, 36.1444273406128 ], [ 128.706259660649835, 36.142293710473922 ], [ 128.707835295289755, 36.14504922666049 ], [ 128.707204573612842, 36.150381534974649 ], [ 128.719622399058977, 36.151954548751029 ], [ 128.721632401006588, 36.145367704428651 ], [ 128.724857856622293, 36.145379982475987 ], [ 128.728604655937119, 36.143052748048866 ], [ 128.727522817687628, 36.135174105743282 ], [ 128.729025726221778, 36.13011335523985 ], [ 128.739366555942212, 36.122082967656191 ], [ 128.73778973204648, 36.120807706068199 ], [ 128.745180420243486, 36.109215930624508 ], [ 128.743774562956901, 36.101923256175525 ], [ 128.740181431221288, 36.099560558739043 ], [ 128.735790609182288, 36.099112456466457 ], [ 128.736105678748032, 36.096937497102395 ], [ 128.733696611794272, 36.094473508853653 ], [ 128.726543484190273, 36.093227979256532 ], [ 128.722929557379018, 36.090276476530917 ], [ 128.727432206066197, 36.086923570549551 ], [ 128.729467334249108, 36.080948048587665 ], [ 128.723680053483946, 36.073519618307913 ], [ 128.713868248045259, 36.07536540586301 ], [ 128.711923870506666, 36.066775290972082 ], [ 128.70983500758237, 36.06591377600342 ], [ 128.702900593266691, 36.055550734771572 ], [ 128.704912233024089, 36.048679344581643 ], [ 128.70427141409624, 36.044426363110205 ], [ 128.696208460497246, 36.035087959724954 ], [ 128.690203013950793, 36.037823077768422 ], [ 128.682162483630094, 36.047762545200463 ], [ 128.679006108969219, 36.049234093953622 ], [ 128.681259245489173, 36.052196446474632 ], [ 128.690531953253242, 36.056185924142227 ], [ 128.688793419354852, 36.061443941334566 ], [ 128.694359976820209, 36.071857126779484 ], [ 128.693150537008705, 36.075260941421952 ], [ 128.699586520650911, 36.080503455986168 ], [ 128.697851396060258, 36.084427068726626 ], [ 128.702364638389923, 36.093766168141059 ], [ 128.699055517426416, 36.094032867635363 ], [ 128.693631643506052, 36.091152136463883 ], [ 128.68780829304643, 36.092206863509233 ], [ 128.690348466592212, 36.098610713922561 ], [ 128.685659350558723, 36.105383125590379 ], [ 128.679351343516572, 36.105148241751834 ], [ 128.677958003149058, 36.106703280282069 ], [ 128.678750374792486, 36.115498305852576 ] ] ] ] } },
{ "type": "Feature", "properties": { "emd_cd": "27720370", "emd_nm": "삼국유사면" }, "geometry": { "type": "MultiPolygon", "coordinates": [ [ [ [ 128.737789732044376, 36.120807706068227 ], [ 128.743544142481113, 36.128172908280014 ], [ 128.74997093583525, 36.128961592650022 ], [ 128.74886117261795, 36.137815710445047 ], [ 128.763947075165106, 36.137948168350491 ], [ 128.762418515514071, 36.145453945556973 ], [ 128.765500793722339, 36.152058201383795 ], [ 128.776545587973231, 36.154429575197881 ], [ 128.782941594151254, 36.153456807661293 ], [ 128.788696256502021, 36.162358876286383 ], [ 128.790372409495347, 36.169558954265412 ], [ 128.788182496045266, 36.171293065960782 ], [ 128.791899003733619, 36.173298536240303 ], [ 128.793313142169012, 36.176806031474896 ], [ 128.792065479344586, 36.191333422423348 ], [ 128.796492818767859, 36.190911141831329 ], [ 128.798837820285598, 36.196102975936547 ], [ 128.801491574350564, 36.197902740133962 ], [ 128.803762452375736, 36.20318023257915 ], [ 128.80159219098914, 36.205805064606679 ], [ 128.805228099176503, 36.207054190335974 ], [ 128.804163315642256, 36.209725528909004 ], [ 128.813390313009734, 36.210500524562889 ], [ 128.818480826345137, 36.214798697926625 ], [ 128.826564664407101, 36.218258962051117 ], [ 128.83068323973535, 36.217988928945424 ], [ 128.834257830095453, 36.214548250864084 ], [ 128.843171879284142, 36.216200286651564 ], [ 128.848530056776667, 36.214729312764412 ], [ 128.859417047901417, 36.207135098621507 ], [ 128.871133806511949, 36.20525080920158 ], [ 128.876053704080732, 36.198692781960524 ], [ 128.883147230391813, 36.19840767377174 ], [ 128.880763752917545, 36.190221718759616 ], [ 128.883385575261059, 36.188453630615648 ], [ 128.883588712115227, 36.183927907126737 ], [ 128.890168414870146, 36.181872367300571 ], [ 128.890950558284686, 36.176196662424722 ], [ 128.895156329992432, 36.173036487640552 ], [ 128.894741261259895, 36.169220230714565 ], [ 128.900432312152077, 36.16236141789836 ], [ 128.895627360174132, 36.159750680050593 ], [ 128.891810649123812, 36.155006921236229 ], [ 128.892349523491617, 36.152039467106611 ], [ 128.890198595736024, 36.147200746407748 ], [ 128.891769044834945, 36.143403765458729 ], [ 128.889914299059029, 36.142489707118088 ], [ 128.874298265023668, 36.14282958901309 ], [ 128.868102202735002, 36.145248571610082 ], [ 128.85860000266598, 36.144969676133137 ], [ 128.850295983076848, 36.136436037106215 ], [ 128.853392073059098, 36.128439102148391 ], [ 128.850894140545876, 36.124196542132047 ], [ 128.852527367711673, 36.121240888319484 ], [ 128.8509341091804, 36.118202533422419 ], [ 128.845089662644682, 36.116309572601089 ], [ 128.843943538094635, 36.113192849543999 ], [ 128.837753589812337, 36.113021206948822 ], [ 128.836877068357353, 36.10785251882578 ], [ 128.832559588781635, 36.102000307368549 ], [ 128.829964173308099, 36.102798609014847 ], [ 128.822315147598147, 36.100559729943704 ], [ 128.818312181674145, 36.09704319615026 ], [ 128.818938642120742, 36.094161407447245 ], [ 128.81658670710911, 36.092304583996103 ], [ 128.802044570583575, 36.085944260112107 ], [ 128.798490678929767, 36.085345872077497 ], [ 128.795279143875092, 36.087067151228858 ], [ 128.78893624828973, 36.085937538927666 ], [ 128.787359991172394, 36.08965516661145 ], [ 128.776469145357652, 36.095679158473189 ], [ 128.769428553949297, 36.096908124785614 ], [ 128.766824580743361, 36.100125073461903 ], [ 128.764576210149471, 36.100530421321778 ], [ 128.757597643467562, 36.095744158369996 ], [ 128.753683808826509, 36.090879427934333 ], [ 128.750303744797094, 36.092152301840599 ], [ 128.752827075609815, 36.095840283552235 ], [ 128.75170878121105, 36.103087567225835 ], [ 128.743217576478941, 36.111602758351218 ], [ 128.737789732044376, 36.120807706068227 ] ] ] ] } }
]
}
