{
"type": "FeatureCollection",
"name": "43",
"crs": { "type": "name", "properties": { "name": "urn:ogc:def:crs:OGC:1.3:CRS84" } },
"features": [
{ "type": "Feature", "properties": { "emd_cd": "43111101", "emd_nm": "영동" }, "geometry": { "type": "MultiPolygon", "coordinates": [ [ [ [ 127.482776828046511, 36.644836027725077 ], [ 127.48672308984581, 36.644967127606478 ], [ 127.487454351203354, 36.636879839059162 ], [ 127.484617739249245, 36.636593978261679 ], [ 127.482776828046511, 36.644836027725077 ] ] ] ] } },
{ "type": "Feature", "properties": { "emd_cd": "43111102", "emd_nm": "북문로1가동" }, "geometry": { "type": "MultiPolygon", "coordinates": [ [ [ [ 127.487565922390345, 36.633606797746076 ], [ 127.487570851826916, 36.636698634861183 ], [ 127.490197825744559, 36.636805349450846 ], [ 127.490682372743336, 36.633629285777673 ], [ 127.487565922390345, 36.633606797746076 ] ] ] ] } },
{ "type": "Feature", "properties": { "emd_cd": "43111103", "emd_nm": "북문로2가" }, "geometry": { "type": "MultiPolygon", "coordinates": [ [ [ [ 127.487097132826818, 36.640947911844989 ], [ 127.489734383142647, 36.641225023203923 ], [ 127.490295577633205, 36.644723088800617 ], [ 127.490342876031761, 36.636586845176261 ], [ 127.487473384288734, 36.636695067538277 ], [ 127.487097132826818, 36.640947911844989 ] ] ] ] } },
{ "type": "Feature", "properties": { "emd_cd": "43111104", "emd_nm": "북문로3가동" }, "geometry": { "type": "MultiPolygon", "coordinates": [ [ [ [ 127.48672308984581, 36.644967127606478 ], [ 127.489306605532974, 36.646467169578095 ], [ 127.489734383142647, 36.641225023203923 ], [ 127.487097132826818, 36.640947911844989 ], [ 127.48672308984581, 36.644967127606478 ] ] ] ] } },
{ "type": "Feature", "properties": { "emd_cd": "43111105", "emd_nm": "남문로1가동" }, "geometry": { "type": "MultiPolygon", "coordinates": [ [ [ [ 127.491208140114026, 36.628538127648049 ], [ 127.487848822352277, 36.628612685932929 ], [ 127.487593993371334, 36.63134892139783 ], [ 127.490978895078399, 36.631855308473462 ], [ 127.491208140114026, 36.628538127648049 ] ] ] ] } },
{ "type": "Feature", "properties": { "emd_cd": "43111106", "emd_nm": "남문로2가동" }, "geometry": { "type": "MultiPolygon", "coordinates": [ [ [ [ 127.490460953350421, 36.631759753525927 ], [ 127.487499597250022, 36.631340205142159 ], [ 127.487565922390345, 36.633606797746076 ], [ 127.490682372743336, 36.633629285777673 ], [ 127.490460953350421, 36.631759753525927 ] ] ] ] } },
{ "type": "Feature", "properties": { "emd_cd": "43111107", "emd_nm": "문화동" }, "geometry": { "type": "MultiPolygon", "coordinates": [ [ [ [ 127.490431015122908, 36.635844878457299 ], [ 127.493737860445435, 36.636357868269393 ], [ 127.494479644962965, 36.63253290079389 ], [ 127.490460953350421, 36.631759753525927 ], [ 127.490431015122908, 36.635844878457299 ] ] ] ] } },
{ "type": "Feature", "properties": { "emd_cd": "43111108", "emd_nm": "서운동" }, "geometry": { "type": "MultiPolygon", "coordinates": [ [ [ [ 127.495216726385024, 36.627955445534639 ], [ 127.491208140114026, 36.628538127648049 ], [ 127.490978895078399, 36.631855308473462 ], [ 127.493851810541713, 36.631732570103374 ], [ 127.495216726385024, 36.627955445534639 ] ] ] ] } },
{ "type": "Feature", "properties": { "emd_cd": "43111109", "emd_nm": "서문동" }, "geometry": { "type": "MultiPolygon", "coordinates": [ [ [ [ 127.482191702278072, 36.632609143823714 ], [ 127.484617739249245, 36.636593978261679 ], [ 127.487454351203354, 36.636879839059162 ], [ 127.487518890140933, 36.632003559778617 ], [ 127.482191702278072, 36.632609143823714 ] ] ] ] } },
{ "type": "Feature", "properties": { "emd_cd": "43111110", "emd_nm": "남주동" }, "geometry": { "type": "MultiPolygon", "coordinates": [ [ [ [ 127.487593993371334, 36.63134892139783 ], [ 127.487848822352277, 36.628612685932929 ], [ 127.486170146833487, 36.628546742486186 ], [ 127.483546237372053, 36.629155534383905 ], [ 127.482270992886228, 36.631816710182122 ], [ 127.487593993371334, 36.63134892139783 ] ] ] ] } },
{ "type": "Feature", "properties": { "emd_cd": "43111111", "emd_nm": "석교동" }, "geometry": { "type": "MultiPolygon", "coordinates": [ [ [ [ 127.496112746424174, 36.624941690724484 ], [ 127.491754592062435, 36.62440748452255 ], [ 127.484598476733751, 36.628767042847841 ], [ 127.495216726385024, 36.627955445534639 ], [ 127.496112746424174, 36.624941690724484 ] ] ] ] } },
{ "type": "Feature", "properties": { "emd_cd": "43111112", "emd_nm": "수동" }, "geometry": { "type": "MultiPolygon", "coordinates": [ [ [ [ 127.489306605532974, 36.646467169578095 ], [ 127.493997999330773, 36.647838258568633 ], [ 127.500948068358539, 36.647243851922894 ], [ 127.505099334948426, 36.650117282362466 ], [ 127.506537183194538, 36.648366358419189 ], [ 127.503411551452473, 36.644349383629567 ], [ 127.500905596376882, 36.643743233737851 ], [ 127.501697834198325, 36.640115207726438 ], [ 127.500547271575357, 36.638613836647892 ], [ 127.490431015122908, 36.635844878457299 ], [ 127.489306605532974, 36.646467169578095 ] ] ] ] } },
{ "type": "Feature", "properties": { "emd_cd": "43111117", "emd_nm": "탑동" }, "geometry": { "type": "MultiPolygon", "coordinates": [ [ [ [ 127.50346286570911, 36.631839006627516 ], [ 127.498634116111973, 36.625272299819713 ], [ 127.49611274642416, 36.624941690724455 ], [ 127.493173970125142, 36.632254352510586 ], [ 127.497114205364156, 36.63148275186272 ], [ 127.499404805491324, 36.633030529349483 ], [ 127.50346286570911, 36.631839006627516 ] ] ] ] } },
{ "type": "Feature", "properties": { "emd_cd": "43111118", "emd_nm": "대성동" }, "geometry": { "type": "MultiPolygon", "coordinates": [ [ [ [ 127.493529421921593, 36.635660134829848 ], [ 127.499538923972878, 36.638093847127934 ], [ 127.499619925493278, 36.634451771264345 ], [ 127.501974862815757, 36.632655266629904 ], [ 127.496209413761719, 36.631620112466216 ], [ 127.493529421921593, 36.635660134829848 ] ] ] ] } },
{ "type": "Feature", "properties": { "emd_cd": "43111119", "emd_nm": "영운동" }, "geometry": { "type": "MultiPolygon", "coordinates": [ [ [ [ 127.493905408168146, 36.622380351632003 ], [ 127.497954415659549, 36.623203019180622 ], [ 127.50330949040341, 36.620772056177742 ], [ 127.511135370514438, 36.620922824717773 ], [ 127.497703149952471, 36.614789911427707 ], [ 127.494037919585239, 36.616274031042956 ], [ 127.493905408168146, 36.622380351632003 ] ] ] ] } },
{ "type": "Feature", "properties": { "emd_cd": "43111120", "emd_nm": "금천동" }, "geometry": { "type": "MultiPolygon", "coordinates": [ [ [ [ 127.491754592062435, 36.62440748452255 ], [ 127.498634116111973, 36.625272299819713 ], [ 127.50346286570911, 36.631839006627516 ], [ 127.506097564437923, 36.630808528571244 ], [ 127.511743609887489, 36.633306001095207 ], [ 127.514939265623184, 36.628883806501008 ], [ 127.513595672123927, 36.628484174061526 ], [ 127.51454442678272, 36.625719325119455 ], [ 127.509494289596219, 36.621231149769379 ], [ 127.503903527985401, 36.620669870782862 ], [ 127.497954415659549, 36.623203019180615 ], [ 127.49512664559883, 36.622076206823245 ], [ 127.491754592062435, 36.62440748452255 ] ] ] ] } },
{ "type": "Feature", "properties": { "emd_cd": "43111121", "emd_nm": "용담동" }, "geometry": { "type": "MultiPolygon", "coordinates": [ [ [ [ 127.516339743872749, 36.638215863526057 ], [ 127.514060315962013, 36.635873289856988 ], [ 127.515359663271013, 36.633720366950975 ], [ 127.508327194340936, 36.632775675138518 ], [ 127.506097564437923, 36.630808528571222 ], [ 127.499608079589748, 36.634482224629174 ], [ 127.499538923972878, 36.638093847127934 ], [ 127.501697834198325, 36.640115207726438 ], [ 127.500905596376882, 36.643743233737851 ], [ 127.503411551452473, 36.644349383629567 ], [ 127.506537183194538, 36.648366358419189 ], [ 127.508745429484705, 36.648248301026825 ], [ 127.51080393455544, 36.645174090688556 ], [ 127.512706260177694, 36.645397332047288 ], [ 127.511971228585466, 36.640248485070934 ], [ 127.516339743872749, 36.638215863526057 ] ] ] ] } },
{ "type": "Feature", "properties": { "emd_cd": "43111122", "emd_nm": "명암동" }, "geometry": { "type": "MultiPolygon", "coordinates": [ [ [ [ 127.516339743872749, 36.638215863526057 ], [ 127.511971228585466, 36.640248485070934 ], [ 127.512706260177694, 36.645397332047288 ], [ 127.51080393455544, 36.645174090688556 ], [ 127.505996008293366, 36.649909970551228 ], [ 127.509562057538886, 36.653240244184843 ], [ 127.51844193486815, 36.65487386491786 ], [ 127.52421454585695, 36.657866181232187 ], [ 127.528301073154111, 36.662623175848552 ], [ 127.534316617431969, 36.664313529771952 ], [ 127.53391056432497, 36.662570163769487 ], [ 127.536654661373603, 36.660780811507806 ], [ 127.537721152236387, 36.657176515295227 ], [ 127.535844340804587, 36.651967301958905 ], [ 127.532754609962325, 36.648647661818103 ], [ 127.526020142668017, 36.648446809545341 ], [ 127.516339743872749, 36.638215863526057 ] ] ] ] } },
{ "type": "Feature", "properties": { "emd_cd": "43111123", "emd_nm": "산성동" }, "geometry": { "type": "MultiPolygon", "coordinates": [ [ [ [ 127.532706598293501, 36.665931690533348 ], [ 127.535981343860271, 36.669151763526706 ], [ 127.540181973830258, 36.669479695352166 ], [ 127.553658712441589, 36.664327628054714 ], [ 127.553688704291119, 36.662364554433154 ], [ 127.547987820525179, 36.654514896671074 ], [ 127.548927899075622, 36.65226470916582 ], [ 127.544859773869064, 36.650783831342899 ], [ 127.545260797713709, 36.647618484711415 ], [ 127.539762436240437, 36.645318039428389 ], [ 127.533236551959291, 36.646355382855297 ], [ 127.532754609962325, 36.648647661818103 ], [ 127.536698224614057, 36.653291066582405 ], [ 127.537721152236387, 36.657176515295227 ], [ 127.532706598293501, 36.665931690533348 ] ] ] ] } },
{ "type": "Feature", "properties": { "emd_cd": "43111124", "emd_nm": "용암동" }, "geometry": { "type": "MultiPolygon", "coordinates": [ [ [ [ 127.508430166237986, 36.605335666941009 ], [ 127.507763016800297, 36.606600078493855 ], [ 127.501372088685741, 36.604703422647127 ], [ 127.498238758699117, 36.606134219961113 ], [ 127.497407847285601, 36.615532036237909 ], [ 127.499726607981287, 36.614807574252083 ], [ 127.505088307547098, 36.617283268042122 ], [ 127.518047046462073, 36.625604437974815 ], [ 127.51844366581399, 36.623338828494106 ], [ 127.515277568509859, 36.618485323033852 ], [ 127.515593659432682, 36.618263508959195 ], [ 127.519131161877311, 36.62367301684494 ], [ 127.521881497488408, 36.621176282246488 ], [ 127.532429789015055, 36.628063015504424 ], [ 127.535447529987678, 36.633602676826918 ], [ 127.539188000493652, 36.634663008647514 ], [ 127.543042643728924, 36.625638924407724 ], [ 127.53652527413476, 36.619863349934505 ], [ 127.530903562022957, 36.618954436182882 ], [ 127.52980019874984, 36.615149745896744 ], [ 127.525841778033779, 36.614300600679222 ], [ 127.524005066986547, 36.606572697683433 ], [ 127.514326007739427, 36.601500150404327 ], [ 127.510888804215753, 36.606038451423295 ], [ 127.508430166237986, 36.605335666941009 ] ] ] ] } },
{ "type": "Feature", "properties": { "emd_cd": "43111125", "emd_nm": "용정동" }, "geometry": { "type": "MultiPolygon", "coordinates": [ [ [ [ 127.511135370514438, 36.620922824717773 ], [ 127.510022525600675, 36.622501291294135 ], [ 127.515049783208184, 36.627106227804383 ], [ 127.511805951711821, 36.633129294564903 ], [ 127.515359663271013, 36.633720366950975 ], [ 127.514060315962013, 36.635873289856988 ], [ 127.522190550567572, 36.643011101987945 ], [ 127.522674162794885, 36.645659169439853 ], [ 127.527296975569783, 36.648985302879588 ], [ 127.532754609962325, 36.648647661818103 ], [ 127.533236551959291, 36.646355382855297 ], [ 127.537647883857815, 36.645243437484929 ], [ 127.536651297080795, 36.641187495909605 ], [ 127.539875866299866, 36.636392295883077 ], [ 127.535447529987678, 36.633602676826918 ], [ 127.532429789015055, 36.628063015504424 ], [ 127.521881497488408, 36.621176282246488 ], [ 127.519131161877311, 36.62367301684494 ], [ 127.515593659432682, 36.618263508959195 ], [ 127.51844366581399, 36.623338828494106 ], [ 127.518047046462073, 36.625604437974815 ], [ 127.511135370514438, 36.620922824717773 ] ] ] ] } },
{ "type": "Feature", "properties": { "emd_cd": "43111126", "emd_nm": "방서동" }, "geometry": { "type": "MultiPolygon", "coordinates": [ [ [ [ 127.504765601140349, 36.597320441551524 ], [ 127.498861892548334, 36.596579112145761 ], [ 127.499046946466976, 36.598655410696523 ], [ 127.49675237138517, 36.598079883593492 ], [ 127.497436895062535, 36.613118982957985 ], [ 127.498238758699117, 36.606134219961113 ], [ 127.501372088685741, 36.604703422647127 ], [ 127.510888804215753, 36.606038451423295 ], [ 127.514326007739427, 36.601500150404327 ], [ 127.504765601140349, 36.597320441551524 ] ] ] ] } },
{ "type": "Feature", "properties": { "emd_cd": "43111127", "emd_nm": "평촌동" }, "geometry": { "type": "MultiPolygon", "coordinates": [ [ [ [ 127.502330954735044, 36.597072523966759 ], [ 127.501941982088113, 36.593610305496547 ], [ 127.498816360828371, 36.593247193946986 ], [ 127.499847028613019, 36.59013697146321 ], [ 127.498493806480028, 36.588911409786647 ], [ 127.496317740288731, 36.593062525747278 ], [ 127.496724122993427, 36.598080487577931 ], [ 127.499046946466976, 36.598655410696523 ], [ 127.498861892548334, 36.596579112145761 ], [ 127.502330954735044, 36.597072523966759 ] ] ] ] } },
{ "type": "Feature", "properties": { "emd_cd": "43111128", "emd_nm": "지북동" }, "geometry": { "type": "MultiPolygon", "coordinates": [ [ [ [ 127.50006174864977, 36.586639596070178 ], [ 127.498816360828371, 36.593247193946986 ], [ 127.501941982088113, 36.593610305496547 ], [ 127.502330954735044, 36.597072523966759 ], [ 127.511676227378331, 36.600082886250803 ], [ 127.51319988295181, 36.598188521877411 ], [ 127.516854175249009, 36.600158597724146 ], [ 127.521662588412013, 36.598746397781561 ], [ 127.519655031109551, 36.59390756874356 ], [ 127.503405286080138, 36.58985935389709 ], [ 127.503591867080232, 36.586969577822138 ], [ 127.50006174864977, 36.586639596070178 ] ] ] ] } },
{ "type": "Feature", "properties": { "emd_cd": "43111129", "emd_nm": "운동동" }, "geometry": { "type": "MultiPolygon", "coordinates": [ [ [ [ 127.543787080976458, 36.603068785788174 ], [ 127.542216453886368, 36.599404081914194 ], [ 127.533375698766818, 36.601854183259555 ], [ 127.524004411783523, 36.601654783333359 ], [ 127.521802490168824, 36.598106023682789 ], [ 127.51685417524898, 36.600158597724146 ], [ 127.513199882951781, 36.598188521877418 ], [ 127.511676227378331, 36.600082886250803 ], [ 127.524005066986547, 36.606572697683433 ], [ 127.525841778033779, 36.614300600679222 ], [ 127.528875333704519, 36.614784625299279 ], [ 127.52888298110075, 36.611319618263352 ], [ 127.534465739550669, 36.609578861564451 ], [ 127.536705422009177, 36.60632156986027 ], [ 127.543787080976458, 36.603068785788174 ] ] ] ] } },
{ "type": "Feature", "properties": { "emd_cd": "43111130", "emd_nm": "월오동" }, "geometry": { "type": "MultiPolygon", "coordinates": [ [ [ [ 127.52888298110075, 36.611319618263352 ], [ 127.530903562022957, 36.618954436182861 ], [ 127.53652527413476, 36.619863349934526 ], [ 127.543042643728924, 36.625638924407724 ], [ 127.540655775400779, 36.632848089189537 ], [ 127.538463046615064, 36.634796652185869 ], [ 127.539875866299866, 36.636392295883063 ], [ 127.536523966959606, 36.643788957894991 ], [ 127.545260797713709, 36.647618484711415 ], [ 127.553860075722795, 36.647905928570246 ], [ 127.553571618117417, 36.64483716761481 ], [ 127.557439938666988, 36.637384269196211 ], [ 127.556489356304198, 36.634692174992942 ], [ 127.558590932564357, 36.632105787731831 ], [ 127.556423573929578, 36.630462644946391 ], [ 127.557574172290529, 36.626664349451083 ], [ 127.554803886038783, 36.6243473808521 ], [ 127.553451072878204, 36.617343300783048 ], [ 127.550516713562416, 36.615388724521274 ], [ 127.543787080976458, 36.603068785788174 ], [ 127.536705422009177, 36.60632156986027 ], [ 127.534465739550669, 36.609578861564451 ], [ 127.52888298110075, 36.611319618263352 ] ] ] ] } },
{ "type": "Feature", "properties": { "emd_cd": "43111310", "emd_nm": "낭성면" }, "geometry": { "type": "MultiPolygon", "coordinates": [ [ [ [ 127.557574172290529, 36.626664349451083 ], [ 127.556423573929578, 36.630462644946377 ], [ 127.558590921319237, 36.632105778773216 ], [ 127.556489356304198, 36.634692174992942 ], [ 127.557439938666988, 36.637384269196218 ], [ 127.553571618117445, 36.64483716761481 ], [ 127.553860075722795, 36.647905928570232 ], [ 127.545260797713709, 36.647618484711415 ], [ 127.544892906265375, 36.650256427526998 ], [ 127.548927899075622, 36.65226470916582 ], [ 127.547987820461486, 36.65451488766017 ], [ 127.55374909435163, 36.662350784754864 ], [ 127.553713663518238, 36.66432419236002 ], [ 127.543246182267268, 36.668812344444802 ], [ 127.548622277607464, 36.673493331831374 ], [ 127.552718027711606, 36.672928686041821 ], [ 127.560030338299796, 36.675249973398962 ], [ 127.566987803001538, 36.674364066017674 ], [ 127.579366104830541, 36.684242057547777 ], [ 127.583075648555479, 36.684459494551781 ], [ 127.597791897893401, 36.675560120345907 ], [ 127.59693053206837, 36.669967707730173 ], [ 127.600449012162031, 36.664783151169409 ], [ 127.601686395682322, 36.65688165786748 ], [ 127.609278663519859, 36.648752914501152 ], [ 127.613061846605021, 36.647579062556602 ], [ 127.620755653150226, 36.648603882998565 ], [ 127.620444235754846, 36.64652507216929 ], [ 127.62501739055206, 36.645862739262078 ], [ 127.626229006442244, 36.643220334655027 ], [ 127.631159285427913, 36.642959430346728 ], [ 127.634585560413242, 36.639606148128507 ], [ 127.638746729860074, 36.639498492182518 ], [ 127.638782262320035, 36.634527806736592 ], [ 127.641931529316466, 36.633521999974839 ], [ 127.643515501069473, 36.629301084748974 ], [ 127.646632864347396, 36.62673502578582 ], [ 127.643969157902148, 36.619005194506151 ], [ 127.649033503533573, 36.616077139362893 ], [ 127.648662575198429, 36.613251996752226 ], [ 127.645492571490678, 36.609884182062345 ], [ 127.646241508601889, 36.606610152652223 ], [ 127.64055226119757, 36.60158027878645 ], [ 127.635692348417265, 36.600180098333887 ], [ 127.630159165415904, 36.593591280479188 ], [ 127.631834488015883, 36.589468837391401 ], [ 127.630456155827943, 36.586422249702423 ], [ 127.622154167961398, 36.58106382651647 ], [ 127.622334534109299, 36.578177541347436 ], [ 127.617730284578002, 36.577536860243661 ], [ 127.614281534025551, 36.573430069931526 ], [ 127.607606854188461, 36.577786043916475 ], [ 127.605903933806331, 36.582683581478229 ], [ 127.601877309759729, 36.585345558408783 ], [ 127.595727090562434, 36.58382320636769 ], [ 127.590804159328641, 36.585631359277762 ], [ 127.585526397817418, 36.58328347283679 ], [ 127.58050199653519, 36.584745143488867 ], [ 127.585319547155649, 36.591039630470455 ], [ 127.585730658547547, 36.593858720395616 ], [ 127.584340675536467, 36.594445065274819 ], [ 127.585855575356518, 36.598149519896168 ], [ 127.583456519524532, 36.605571109830557 ], [ 127.584513487955647, 36.606801310175889 ], [ 127.575498759661485, 36.614727885290137 ], [ 127.576412210338262, 36.617043553132959 ], [ 127.57432506206446, 36.619985409752459 ], [ 127.563231941708793, 36.622355876057917 ], [ 127.557574172290529, 36.626664349451083 ] ] ] ] } },
{ "type": "Feature", "properties": { "emd_cd": "43111320", "emd_nm": "미원면" }, "geometry": { "type": "MultiPolygon", "coordinates": [ [ [ [ 127.585815761153341, 36.682925042365518 ], [ 127.586859674032581, 36.68534185653489 ], [ 127.591663781036658, 36.688091633308936 ], [ 127.590697261415684, 36.691622396890772 ], [ 127.594577888165574, 36.693173808713055 ], [ 127.597606547884283, 36.697311351071974 ], [ 127.612014472485882, 36.699646309722482 ], [ 127.617375793430583, 36.707292118888148 ], [ 127.623004240080405, 36.704610240437134 ], [ 127.627388624147059, 36.707507564012658 ], [ 127.633814085192682, 36.708927442923908 ], [ 127.638238317579024, 36.707967263540226 ], [ 127.64235398858051, 36.702615048448664 ], [ 127.651137735483005, 36.701990511848201 ], [ 127.654812791839532, 36.704374034281464 ], [ 127.662568439113713, 36.714998485257759 ], [ 127.661357480886423, 36.722303214960476 ], [ 127.664512797507825, 36.729914061811421 ], [ 127.671969605837958, 36.722199219342727 ], [ 127.677417001166717, 36.71976073492521 ], [ 127.679539740156329, 36.717055489520042 ], [ 127.683753808836528, 36.717350338387128 ], [ 127.684539753804415, 36.719646628403773 ], [ 127.686891257223024, 36.720502123717402 ], [ 127.688731591679115, 36.715598341643997 ], [ 127.692597916577299, 36.712114597203382 ], [ 127.701926496731431, 36.709871825979725 ], [ 127.703388823978173, 36.701936263361823 ], [ 127.70852810957868, 36.70040419583696 ], [ 127.711388910561041, 36.696014089823187 ], [ 127.713694104476588, 36.695265772113999 ], [ 127.712904039245728, 36.69032029775542 ], [ 127.718611237034168, 36.688269467051249 ], [ 127.723514202398619, 36.683062100851814 ], [ 127.723183087149749, 36.681452691682189 ], [ 127.727055018064007, 36.682573465470846 ], [ 127.724874262949768, 36.675303308218737 ], [ 127.712504086828702, 36.667628385526456 ], [ 127.714628297748618, 36.665367235819517 ], [ 127.712588918576913, 36.66619850805175 ], [ 127.710196311486413, 36.662731675896346 ], [ 127.712168781049826, 36.660388740636797 ], [ 127.712238905319836, 36.657169025062963 ], [ 127.709288453573947, 36.654009610368931 ], [ 127.712547259975651, 36.650356130035782 ], [ 127.719059090454863, 36.652000685917017 ], [ 127.723366453600889, 36.651320564529819 ], [ 127.725894554468198, 36.644675248597046 ], [ 127.734773605771181, 36.639646975967509 ], [ 127.738107184743427, 36.641283090649011 ], [ 127.737677853219338, 36.636466576634646 ], [ 127.740202223671474, 36.634978673457169 ], [ 127.74000887182045, 36.633173174133447 ], [ 127.745433935692091, 36.632227653070061 ], [ 127.744204388498829, 36.628953310190958 ], [ 127.749178368664502, 36.62611693669502 ], [ 127.75018706853642, 36.621875292518745 ], [ 127.764527918121914, 36.613066255070173 ], [ 127.769470038760559, 36.603994581120737 ], [ 127.769184785997822, 36.593828031554466 ], [ 127.763512141943096, 36.590995221449802 ], [ 127.755174416837463, 36.590038687067761 ], [ 127.745829916198261, 36.585265566707932 ], [ 127.742011312360319, 36.588194343324346 ], [ 127.741015731817853, 36.591264536027488 ], [ 127.737321936168527, 36.592633727105095 ], [ 127.735964421780594, 36.595718509826682 ], [ 127.736485598503734, 36.600021105712095 ], [ 127.728739875151476, 36.60231238929677 ], [ 127.726408737057525, 36.599938265738956 ], [ 127.720166572444867, 36.602642344765485 ], [ 127.713782625877371, 36.601959083120143 ], [ 127.709839194558825, 36.596043208242165 ], [ 127.705659375449599, 36.595109051683572 ], [ 127.70243332362999, 36.591103088388245 ], [ 127.694614478000119, 36.588430586161685 ], [ 127.686953061432874, 36.592051144218573 ], [ 127.680458748810707, 36.592429595659766 ], [ 127.679148729694731, 36.595568980626048 ], [ 127.676678376897101, 36.596715175185338 ], [ 127.668595054020415, 36.59452407724622 ], [ 127.668511877270632, 36.598451612049359 ], [ 127.665122202992535, 36.602547799891376 ], [ 127.654065982277899, 36.600316772290327 ], [ 127.652402778844205, 36.604821686738426 ], [ 127.646241508601889, 36.60661015265223 ], [ 127.645496583941949, 36.609873401023435 ], [ 127.648375211532056, 36.612701505096084 ], [ 127.649033503533573, 36.616077139362893 ], [ 127.643969157902148, 36.619005194506151 ], [ 127.646632864347396, 36.626735025785827 ], [ 127.643515501069473, 36.629301084748988 ], [ 127.641931529316437, 36.63352199997486 ], [ 127.638782262320049, 36.634527806736621 ], [ 127.638746729860074, 36.639498492182511 ], [ 127.634585560413242, 36.639606148128493 ], [ 127.631159285427884, 36.642959430346728 ], [ 127.62622900644223, 36.643220334655027 ], [ 127.62501739055206, 36.645862739262078 ], [ 127.620444235754846, 36.646525072169275 ], [ 127.620755653150226, 36.648603882998565 ], [ 127.613061846605021, 36.647579062556595 ], [ 127.609278663519859, 36.648752914501138 ], [ 127.601686395682322, 36.656881657867466 ], [ 127.600449012162031, 36.664783151169416 ], [ 127.59693053206837, 36.669967707730173 ], [ 127.597791897893401, 36.675560120345914 ], [ 127.585815761153341, 36.682925042365518 ] ] ] ] } },
{ "type": "Feature", "properties": { "emd_cd": "43111330", "emd_nm": "가덕면" }, "geometry": { "type": "MultiPolygon", "coordinates": [ [ [ [ 127.544292195130069, 36.603948732153931 ], [ 127.550516713562416, 36.615388724521274 ], [ 127.553451072878175, 36.617343300783041 ], [ 127.554803886038783, 36.6243473808521 ], [ 127.557574172290529, 36.626664349451083 ], [ 127.563231941708793, 36.622355876057917 ], [ 127.57432506206446, 36.619985409752459 ], [ 127.576412210338262, 36.617043553132959 ], [ 127.575498759661485, 36.614727885290137 ], [ 127.584513487955647, 36.606801310175889 ], [ 127.583456519524532, 36.605571109830557 ], [ 127.585855575356518, 36.598149519896168 ], [ 127.584340675536467, 36.594445065274819 ], [ 127.585730658547547, 36.593858720395616 ], [ 127.585319547155649, 36.591039630470455 ], [ 127.58050199653519, 36.584745143488867 ], [ 127.585526397817418, 36.58328347283679 ], [ 127.590802840602862, 36.585628392084942 ], [ 127.59574331811136, 36.583829487415201 ], [ 127.601872951557354, 36.585348391867619 ], [ 127.605191675575099, 36.583325646507504 ], [ 127.607606854188461, 36.577786043916475 ], [ 127.614321192992435, 36.573397290383767 ], [ 127.611184764318565, 36.57002692190926 ], [ 127.611240209997433, 36.56675382785739 ], [ 127.617139399672055, 36.559511170789989 ], [ 127.61423465082423, 36.556852171488529 ], [ 127.612341397029653, 36.551456897924119 ], [ 127.603624135731351, 36.547879738242891 ], [ 127.599059620533339, 36.548296897962949 ], [ 127.591940764434455, 36.543579415906962 ], [ 127.580884457588908, 36.541980247710789 ], [ 127.579498145924205, 36.537299356228942 ], [ 127.571121087905581, 36.535685324606767 ], [ 127.55292542821644, 36.521793089638827 ], [ 127.546247385816528, 36.52439574391682 ], [ 127.538181647473905, 36.522129083334171 ], [ 127.53668507478136, 36.523085326372325 ], [ 127.537648158047986, 36.525395588653986 ], [ 127.535504927337797, 36.525748923653175 ], [ 127.531691225717069, 36.525648599719311 ], [ 127.524215716937235, 36.519125612388869 ], [ 127.522365450463198, 36.520390180638898 ], [ 127.518644513516975, 36.519451010999859 ], [ 127.518739979736694, 36.521015918813909 ], [ 127.514839759959912, 36.522156441335511 ], [ 127.510412270473381, 36.52081977716194 ], [ 127.510430445367803, 36.523446544037341 ], [ 127.508322763946964, 36.524019846838428 ], [ 127.506313436570622, 36.528510833241981 ], [ 127.503345694050907, 36.529105933268561 ], [ 127.504954661773539, 36.542105098574645 ], [ 127.508064013368852, 36.546544519636001 ], [ 127.504262673343135, 36.55083929135121 ], [ 127.505974068888079, 36.55593174016942 ], [ 127.507398564221091, 36.554150679825177 ], [ 127.518739039551761, 36.555628663066891 ], [ 127.521067579606395, 36.554225667842736 ], [ 127.521449045549573, 36.557656436709266 ], [ 127.524262369641974, 36.558513142331201 ], [ 127.525670406998742, 36.561069815464549 ], [ 127.528886384761748, 36.559584320587419 ], [ 127.531242401636959, 36.554279924658623 ], [ 127.533825938196145, 36.554955406135257 ], [ 127.535134122632698, 36.553269334796965 ], [ 127.538411525082353, 36.555145008466511 ], [ 127.545700448425819, 36.555551942773697 ], [ 127.548185151914055, 36.558699032582901 ], [ 127.547514288987557, 36.56356267874304 ], [ 127.550640708468578, 36.565436079337523 ], [ 127.556881532761324, 36.563827266267772 ], [ 127.561709056433315, 36.565185599246092 ], [ 127.561817658052419, 36.569633539263961 ], [ 127.56664197123041, 36.573272719031685 ], [ 127.567957667346931, 36.578468863790803 ], [ 127.570601390362924, 36.580009409363832 ], [ 127.566151061204209, 36.583064467331965 ], [ 127.569555179302398, 36.586393742561675 ], [ 127.562052802227612, 36.590003430688917 ], [ 127.562953503815464, 36.593087338929237 ], [ 127.559841190167333, 36.593277606051537 ], [ 127.559962848093534, 36.597402133435793 ], [ 127.557694561257037, 36.601036530695318 ], [ 127.548429744804992, 36.604779999731328 ], [ 127.544292195130069, 36.603948732153931 ] ] ] ] } },
{ "type": "Feature", "properties": { "emd_cd": "43111340", "emd_nm": "남일면" }, "geometry": { "type": "MultiPolygon", "coordinates": [ [ [ [ 127.467037156441336, 36.563769111486415 ], [ 127.468527939764769, 36.573502804088136 ], [ 127.47073759720756, 36.57492233107601 ], [ 127.47071039215416, 36.577291539725856 ], [ 127.474048846927445, 36.578707727184032 ], [ 127.474097926599015, 36.581106937376866 ], [ 127.486279588615389, 36.583844909430631 ], [ 127.485583157808975, 36.582506705294378 ], [ 127.49164517785924, 36.582587825768684 ], [ 127.492559144922836, 36.583218937087373 ], [ 127.491307540208808, 36.584655918050835 ], [ 127.498918066748573, 36.58837180157812 ], [ 127.50006174864977, 36.586639596070178 ], [ 127.503591867080232, 36.586969577822138 ], [ 127.503405207627054, 36.589859318182313 ], [ 127.519655031109551, 36.59390756874356 ], [ 127.524004411783523, 36.601654783333345 ], [ 127.533375698766818, 36.601854183259562 ], [ 127.54218632592746, 36.599391593832365 ], [ 127.544010819006829, 36.603684470017171 ], [ 127.547321096144174, 36.604902012192369 ], [ 127.552785534007882, 36.603499141282889 ], [ 127.558684008248193, 36.599961337580901 ], [ 127.559841190167333, 36.593277606051537 ], [ 127.562953503815464, 36.593087338929237 ], [ 127.562316499299172, 36.589679145780686 ], [ 127.569555179302398, 36.586393742561675 ], [ 127.566151061204209, 36.583064467331965 ], [ 127.570601390362924, 36.580009409363832 ], [ 127.567957667346931, 36.578468863790803 ], [ 127.56664197123041, 36.573272719031685 ], [ 127.561817658052419, 36.569633539263961 ], [ 127.561934814100923, 36.565404170522548 ], [ 127.556881532761324, 36.563827266267772 ], [ 127.549705367416337, 36.565198322190973 ], [ 127.547514288987557, 36.56356267874304 ], [ 127.548185151914055, 36.558699032582901 ], [ 127.545700448425819, 36.555551942773697 ], [ 127.538411525082353, 36.555145008466511 ], [ 127.535134122632698, 36.553269334796965 ], [ 127.533825938196145, 36.554955406135257 ], [ 127.531242401636959, 36.554279924658623 ], [ 127.528886384761748, 36.559584320587419 ], [ 127.525670406998742, 36.561069815464549 ], [ 127.524262369641974, 36.558513142331201 ], [ 127.521449045549573, 36.557656436709266 ], [ 127.521478082308889, 36.554403113760962 ], [ 127.518739039551761, 36.555628663066891 ], [ 127.507398564221091, 36.554150679825177 ], [ 127.506060907683533, 36.556009960560878 ], [ 127.504105727038748, 36.553504199971826 ], [ 127.504262673343135, 36.55083929135121 ], [ 127.499126494693286, 36.550802163009848 ], [ 127.497801902065774, 36.548287805150714 ], [ 127.491572846487998, 36.544492249595734 ], [ 127.485961090415472, 36.545325381055477 ], [ 127.484135033110846, 36.551956146235739 ], [ 127.480262388116984, 36.554712810618092 ], [ 127.47957435305949, 36.557656656621582 ], [ 127.481778469199568, 36.56136933626437 ], [ 127.475249801386298, 36.562860923660217 ], [ 127.472552849035665, 36.560959052427947 ], [ 127.468855797312955, 36.561245175682011 ], [ 127.467037156441336, 36.563769111486415 ] ] ] ] } },
{ "type": "Feature", "properties": { "emd_cd": "43111350", "emd_nm": "문의면" }, "geometry": { "type": "MultiPolygon", "coordinates": [ [ [ [ 127.504262673343135, 36.55083929135121 ], [ 127.508064013368852, 36.546544519636001 ], [ 127.504954661773539, 36.542105098574645 ], [ 127.503345694050907, 36.529105933268561 ], [ 127.506313436570622, 36.528510833241981 ], [ 127.508322763946964, 36.524019846838428 ], [ 127.510430445367803, 36.523446544037341 ], [ 127.510412270473381, 36.52081977716194 ], [ 127.514839759959912, 36.522156441335511 ], [ 127.518739979736694, 36.521015918813909 ], [ 127.518644513516975, 36.519451010999859 ], [ 127.522365450463198, 36.520390180638898 ], [ 127.524215716937235, 36.519125612388869 ], [ 127.531691225717069, 36.525648599719311 ], [ 127.535504927337797, 36.525748923653175 ], [ 127.537648158047986, 36.525395588653986 ], [ 127.53668507478136, 36.523085326372325 ], [ 127.538181647473905, 36.522129083334171 ], [ 127.546247385816528, 36.52439574391682 ], [ 127.55292542821644, 36.521793089638827 ], [ 127.559506181186009, 36.52792768583145 ], [ 127.565054276806208, 36.530618116146393 ], [ 127.567991629859748, 36.526924282840319 ], [ 127.570965738728106, 36.518499815319572 ], [ 127.573315925089403, 36.516462350107268 ], [ 127.573516183515878, 36.508446328215662 ], [ 127.570565668038086, 36.505513664590147 ], [ 127.570167176238556, 36.499360203555611 ], [ 127.572191169852886, 36.493479878594336 ], [ 127.578447829182053, 36.490267504529776 ], [ 127.567348426566227, 36.484350959288129 ], [ 127.567082406834174, 36.48166515168495 ], [ 127.562759136919112, 36.480257037515365 ], [ 127.558636153979307, 36.472117887607688 ], [ 127.556198231843155, 36.471812554815592 ], [ 127.55704970900257, 36.469997313253259 ], [ 127.555659940652447, 36.465695124213802 ], [ 127.552940452404314, 36.464747604292249 ], [ 127.554259855095026, 36.463617187592114 ], [ 127.553243491790724, 36.459172539070948 ], [ 127.545997334382307, 36.450354904921504 ], [ 127.545761710567206, 36.4462595513439 ], [ 127.53037874987001, 36.441730644606054 ], [ 127.519382814898293, 36.434790367733612 ], [ 127.516843616004806, 36.430792781879148 ], [ 127.511381570998267, 36.411118671010634 ], [ 127.508059207993071, 36.408267073656155 ], [ 127.501555920054415, 36.408654979613338 ], [ 127.489785846016701, 36.433414537535015 ], [ 127.49349517379531, 36.441164298249348 ], [ 127.503555611097141, 36.449272296728736 ], [ 127.504518933554309, 36.451746257158497 ], [ 127.502787489954912, 36.455507960601075 ], [ 127.500584213386389, 36.456224468559753 ], [ 127.486906907386313, 36.452788531782325 ], [ 127.482133014301496, 36.453887155990628 ], [ 127.479004028451342, 36.456503449904872 ], [ 127.477679710944514, 36.460493242564112 ], [ 127.483359796764049, 36.470117782722866 ], [ 127.484028673980461, 36.476625881475584 ], [ 127.479488499793476, 36.477540693898654 ], [ 127.476845578986172, 36.480221571075369 ], [ 127.47566874278904, 36.490231891117858 ], [ 127.467508564231224, 36.491257281071455 ], [ 127.465182399105686, 36.493542282370825 ], [ 127.457762424514982, 36.495918935064829 ], [ 127.455136422051297, 36.500299774934156 ], [ 127.449774811878086, 36.500500197033261 ], [ 127.448932228272014, 36.506688878931421 ], [ 127.445261777224616, 36.513144882231707 ], [ 127.445374062803097, 36.514902844368187 ], [ 127.454056741509774, 36.518668737284244 ], [ 127.453500116281603, 36.522788879377444 ], [ 127.455639047726535, 36.525587769555813 ], [ 127.45196781334549, 36.541522484452358 ], [ 127.447433475232714, 36.541756087049755 ], [ 127.447137269391447, 36.549810276138501 ], [ 127.450650879778209, 36.547450462601894 ], [ 127.458984161565908, 36.548358786579911 ], [ 127.46621075298674, 36.544470764108695 ], [ 127.467261180166247, 36.542444542873497 ], [ 127.470797937755663, 36.542827637084557 ], [ 127.479748448557345, 36.547677649567177 ], [ 127.482737591351594, 36.547434374868708 ], [ 127.48480476749225, 36.54482006628664 ], [ 127.492169108564866, 36.544579109293657 ], [ 127.499126494693286, 36.550802163009848 ], [ 127.504262673343135, 36.55083929135121 ] ] ] ] } },
{ "type": "Feature", "properties": { "emd_cd": "43112101", "emd_nm": "사직동" }, "geometry": { "type": "MultiPolygon", "coordinates": [ [ [ [ 127.465503357549295, 36.628899417490977 ], [ 127.465380544279171, 36.63076324788036 ], [ 127.46789448687656, 36.630711964018985 ], [ 127.468333027453568, 36.633467998487696 ], [ 127.470808696866655, 36.634434909265821 ], [ 127.468860890259521, 36.636004986209045 ], [ 127.46897317479015, 36.642486766364563 ], [ 127.473515270194909, 36.64269089299767 ], [ 127.480847646015292, 36.646189332050554 ], [ 127.481588498789009, 36.644859529842371 ], [ 127.482477428827522, 36.646582508976856 ], [ 127.484610968193053, 36.637615580327918 ], [ 127.482202881812796, 36.632727758521881 ], [ 127.483519507695135, 36.629195391054232 ], [ 127.48066674287864, 36.630243702852177 ], [ 127.480306926186458, 36.629201117309648 ], [ 127.478321739816295, 36.629184477701067 ], [ 127.476971794551105, 36.630984558029581 ], [ 127.469955291453857, 36.628619085356711 ], [ 127.465503357549295, 36.628899417490977 ] ] ] ] } },
{ "type": "Feature", "properties": { "emd_cd": "43112102", "emd_nm": "사창동" }, "geometry": { "type": "MultiPolygon", "coordinates": [ [ [ [ 127.465503357549295, 36.628899417490977 ], [ 127.455683627872759, 36.630765715220861 ], [ 127.454636159113178, 36.632667028281134 ], [ 127.456211496995522, 36.633213955770941 ], [ 127.456653373322851, 36.637987228896471 ], [ 127.460256265227017, 36.637814992666215 ], [ 127.461710603387559, 36.639369046178118 ], [ 127.466896624353822, 36.637761033006946 ], [ 127.466949393482224, 36.639860261083804 ], [ 127.468947994105591, 36.63985522950577 ], [ 127.468949998323524, 36.635670770755148 ], [ 127.470808696866655, 36.634434909265821 ], [ 127.468333027453568, 36.633467998487696 ], [ 127.46789448687656, 36.630711964018985 ], [ 127.465380544279171, 36.63076324788036 ], [ 127.465503357549295, 36.628899417490977 ] ] ] ] } },
{ "type": "Feature", "properties": { "emd_cd": "43112103", "emd_nm": "모충동" }, "geometry": { "type": "MultiPolygon", "coordinates": [ [ [ [ 127.468706451093325, 36.628508798195853 ], [ 127.476971794551105, 36.630984558029581 ], [ 127.478321739816295, 36.629184477701067 ], [ 127.48066674287864, 36.630243702852177 ], [ 127.483519507695135, 36.629195391054232 ], [ 127.493644753774632, 36.623446213994029 ], [ 127.493793513167077, 36.618786258089884 ], [ 127.483532393086236, 36.621642923872614 ], [ 127.477529733690389, 36.619957793537331 ], [ 127.474795919148363, 36.621451330631601 ], [ 127.475186482122041, 36.623230733649109 ], [ 127.470072539254843, 36.624766590413266 ], [ 127.468706451093325, 36.628508798195853 ] ] ] ] } },
{ "type": "Feature", "properties": { "emd_cd": "43112104", "emd_nm": "산남동" }, "geometry": { "type": "MultiPolygon", "coordinates": [ [ [ [ 127.459473141900204, 36.608434256573545 ], [ 127.460491913152609, 36.614220930908267 ], [ 127.464354999394246, 36.618172491594954 ], [ 127.463674817148316, 36.620130447118846 ], [ 127.467124914010611, 36.62259157617985 ], [ 127.471038153477963, 36.615757543350433 ], [ 127.47836269653763, 36.609276326286611 ], [ 127.476685988521766, 36.608133285698422 ], [ 127.480156689786142, 36.607670941931509 ], [ 127.477499667606509, 36.603989857223745 ], [ 127.47544454449276, 36.603952594731481 ], [ 127.474085234062926, 36.606026268118761 ], [ 127.464750017392362, 36.606219238811825 ], [ 127.459473141900204, 36.608434256573545 ] ] ] ] } },
{ "type": "Feature", "properties": { "emd_cd": "43112105", "emd_nm": "미평동" }, "geometry": { "type": "MultiPolygon", "coordinates": [ [ [ [ 127.48363936956757, 36.600761977371704 ], [ 127.476138626755258, 36.600127601957347 ], [ 127.47426700032932, 36.598679070619234 ], [ 127.46604046793054, 36.599927607707592 ], [ 127.463747915642628, 36.601627731122399 ], [ 127.459391978915065, 36.600508106266815 ], [ 127.45373920787776, 36.602754250588468 ], [ 127.459473141900204, 36.608434256573545 ], [ 127.464750017392362, 36.606219238811825 ], [ 127.474085234062926, 36.606026268118761 ], [ 127.47544454449276, 36.603952594731481 ], [ 127.478226995769091, 36.604569285314696 ], [ 127.479683195405045, 36.607600671528921 ], [ 127.482415803796201, 36.607939997624527 ], [ 127.481574323816389, 36.60702803528131 ], [ 127.483875132025403, 36.605768837480284 ], [ 127.48363936956757, 36.600761977371704 ] ] ] ] } },
{ "type": "Feature", "properties": { "emd_cd": "43112106", "emd_nm": "분평동" }, "geometry": { "type": "MultiPolygon", "coordinates": [ [ [ [ 127.48472821344771, 36.597311962737798 ], [ 127.483570815970396, 36.606623138141671 ], [ 127.481574323816389, 36.60702803528131 ], [ 127.482475846833722, 36.607930888231827 ], [ 127.476821354212689, 36.608032892065332 ], [ 127.478362729957936, 36.609276308130362 ], [ 127.47392855345926, 36.612793671776522 ], [ 127.480460591772626, 36.61435285724162 ], [ 127.486598113674589, 36.612606278218472 ], [ 127.491720124210403, 36.613586981715834 ], [ 127.494037919585239, 36.616274031042956 ], [ 127.497337698826726, 36.615321762387303 ], [ 127.496969797653378, 36.598733955120018 ], [ 127.48472821344771, 36.597311962737798 ] ] ] ] } },
{ "type": "Feature", "properties": { "emd_cd": "43112107", "emd_nm": "수곡동" }, "geometry": { "type": "MultiPolygon", "coordinates": [ [ [ [ 127.467124914010611, 36.62259157617985 ], [ 127.471418332138498, 36.623973491771196 ], [ 127.475186482122041, 36.623230733649109 ], [ 127.474795919148363, 36.621451330631601 ], [ 127.477622622523398, 36.619929253269277 ], [ 127.483532393086236, 36.621642923872614 ], [ 127.49243940310356, 36.620138889917342 ], [ 127.494433363982608, 36.616535497214322 ], [ 127.490598319327702, 36.61329753607238 ], [ 127.485497300208351, 36.612615530140204 ], [ 127.480460591772626, 36.61435285724162 ], [ 127.47392855345926, 36.612793671776522 ], [ 127.467124914010611, 36.62259157617985 ] ] ] ] } },
{ "type": "Feature", "properties": { "emd_cd": "43112108", "emd_nm": "성화동" }, "geometry": { "type": "MultiPolygon", "coordinates": [ [ [ [ 127.444792534454223, 36.607024480618705 ], [ 127.446458996800359, 36.609143182987914 ], [ 127.445129101080511, 36.6108365921082 ], [ 127.446269986038203, 36.611541030918644 ], [ 127.44549799194472, 36.616619054672405 ], [ 127.458928262499512, 36.620262421507178 ], [ 127.461835070583959, 36.617921638461063 ], [ 127.460750398589269, 36.617976286720783 ], [ 127.460480795195565, 36.617539180217115 ], [ 127.463453035841539, 36.617718490268395 ], [ 127.460491913152609, 36.614220930908267 ], [ 127.459349466980896, 36.6081962034661 ], [ 127.45373920787776, 36.602754250588468 ], [ 127.455284223872894, 36.598698734518052 ], [ 127.448439916246528, 36.594251968204013 ], [ 127.446663231469898, 36.600032719090116 ], [ 127.44815344328552, 36.603188824805109 ], [ 127.445536138325096, 36.604437926461046 ], [ 127.444792534454223, 36.607024480618705 ] ] ] ] } },
{ "type": "Feature", "properties": { "emd_cd": "43112109", "emd_nm": "개신동" }, "geometry": { "type": "MultiPolygon", "coordinates": [ [ [ [ 127.468706451093325, 36.628508798195853 ], [ 127.47102895725709, 36.623882391164265 ], [ 127.464131450521023, 36.620595719209035 ], [ 127.46335929316092, 36.617666164835889 ], [ 127.460480795195565, 36.617539180217115 ], [ 127.461835070583959, 36.617921638461063 ], [ 127.458928262499512, 36.620262421507178 ], [ 127.444790167619473, 36.616422721193707 ], [ 127.443259715387427, 36.623669400776748 ], [ 127.449900235157003, 36.624660524831036 ], [ 127.450033469935107, 36.62743260362172 ], [ 127.453991703710585, 36.629726236323805 ], [ 127.454320184467306, 36.631719941241542 ], [ 127.468706451093325, 36.628508798195853 ] ] ] ] } },
{ "type": "Feature", "properties": { "emd_cd": "43112110", "emd_nm": "죽림동" }, "geometry": { "type": "MultiPolygon", "coordinates": [ [ [ [ 127.434229785924643, 36.601525516190129 ], [ 127.434224720691532, 36.605919392394227 ], [ 127.436621796162314, 36.607308530561369 ], [ 127.436715970175413, 36.610651884021181 ], [ 127.445591116977965, 36.6166400643503 ], [ 127.446269986038203, 36.611541030918644 ], [ 127.445129101080511, 36.6108365921082 ], [ 127.446459041353521, 36.609143155787741 ], [ 127.444820028343543, 36.606543734839896 ], [ 127.44815344328552, 36.603188824805109 ], [ 127.44665110343891, 36.600446724870537 ], [ 127.447774791869762, 36.595544706517806 ], [ 127.443337992312252, 36.599199905895411 ], [ 127.44195441431259, 36.605762511897119 ], [ 127.43862929861433, 36.601961584555937 ], [ 127.434229785924643, 36.601525516190129 ] ] ] ] } },
{ "type": "Feature", "properties": { "emd_cd": "43112111", "emd_nm": "장성동" }, "geometry": { "type": "MultiPolygon", "coordinates": [ [ [ [ 127.48363936956757, 36.600761977371704 ], [ 127.486746014399003, 36.594625351620913 ], [ 127.484476316271866, 36.595223169113645 ], [ 127.48087597977235, 36.590134684932373 ], [ 127.476314578244114, 36.587783377801536 ], [ 127.477053619615873, 36.594569518872831 ], [ 127.473325935186253, 36.596182088145596 ], [ 127.473386160396885, 36.597751344666513 ], [ 127.476138626755258, 36.600127601957347 ], [ 127.48363936956757, 36.600761977371704 ] ] ] ] } },
{ "type": "Feature", "properties": { "emd_cd": "43112112", "emd_nm": "장암동" }, "geometry": { "type": "MultiPolygon", "coordinates": [ [ [ [ 127.473932267849378, 36.581689526073419 ], [ 127.476314578244114, 36.587783377801536 ], [ 127.48087597977235, 36.590134684932373 ], [ 127.484476316271866, 36.595223169113645 ], [ 127.486746014399003, 36.594625351620913 ], [ 127.485142851217432, 36.597301161525891 ], [ 127.496969797653378, 36.598733955120018 ], [ 127.49635901671698, 36.592872865211547 ], [ 127.498918532169469, 36.588372935057819 ], [ 127.491306635579335, 36.584659526285357 ], [ 127.492000001457939, 36.5827111276962 ], [ 127.488143221246119, 36.581935905088955 ], [ 127.485615898913196, 36.582507149055303 ], [ 127.486226778313764, 36.583402912806186 ], [ 127.486279666265759, 36.583844819001882 ], [ 127.478554575665655, 36.581181632768249 ], [ 127.473932267849378, 36.581689526073419 ] ] ] ] } },
{ "type": "Feature", "properties": { "emd_cd": "43112310", "emd_nm": "남이면" }, "geometry": { "type": "MultiPolygon", "coordinates": [ [ [ [ 127.372049004187573, 36.563605452756732 ], [ 127.373963361760218, 36.565237357417672 ], [ 127.376884058027571, 36.566498457035337 ], [ 127.377362925363315, 36.569106502578094 ], [ 127.386744602799354, 36.577275332944083 ], [ 127.389601366464106, 36.584964747308142 ], [ 127.39824360033225, 36.59071638370721 ], [ 127.401016258880006, 36.596040738230499 ], [ 127.406268871528326, 36.598334974491898 ], [ 127.40707595129085, 36.600791901497743 ], [ 127.412918965523019, 36.605865129962609 ], [ 127.416013075226203, 36.606688024702855 ], [ 127.415474318870579, 36.604895145998135 ], [ 127.418747199049491, 36.602334852829081 ], [ 127.419472528971539, 36.5966319089734 ], [ 127.421656913128714, 36.596487329077846 ], [ 127.426290127924531, 36.598759433536941 ], [ 127.426683919866463, 36.600354064807988 ], [ 127.433845958500612, 36.598645026135458 ], [ 127.434229785924643, 36.601525516190129 ], [ 127.439096048711264, 36.602162274234374 ], [ 127.441490439708886, 36.605884427201822 ], [ 127.443337992312252, 36.599199905895411 ], [ 127.448439916246528, 36.594251968204013 ], [ 127.455284223872894, 36.598698734518067 ], [ 127.454467963215578, 36.601683096609008 ], [ 127.459391978915065, 36.600508106266851 ], [ 127.463747915642628, 36.601627731122399 ], [ 127.466032893579609, 36.599928105815984 ], [ 127.47426700032932, 36.598679070619227 ], [ 127.473325890320865, 36.596182061289362 ], [ 127.477053585980386, 36.594569500984477 ], [ 127.476276132128021, 36.58720209515149 ], [ 127.474159324484916, 36.584413562791234 ], [ 127.474048858374672, 36.578707772195187 ], [ 127.470710414608192, 36.577291557660104 ], [ 127.470725291069257, 36.574923298666967 ], [ 127.468527962054395, 36.573502794989516 ], [ 127.467244560806364, 36.562080559435586 ], [ 127.472023445575658, 36.560871660184091 ], [ 127.475782309810725, 36.562852228338599 ], [ 127.481778446914973, 36.56136934536547 ], [ 127.479829498207934, 36.556016867105761 ], [ 127.48631103982072, 36.547444050971862 ], [ 127.484799525925155, 36.544821259005694 ], [ 127.482737591351565, 36.547434374868693 ], [ 127.479654966653428, 36.547666489904714 ], [ 127.470797937755663, 36.542827637084578 ], [ 127.466459982901554, 36.542455446107567 ], [ 127.466210797496004, 36.544470736901175 ], [ 127.458984172734205, 36.548358786537065 ], [ 127.45065089115495, 36.547450498604526 ], [ 127.447137291625097, 36.5498102580327 ], [ 127.447433441678754, 36.541756078163829 ], [ 127.444831579825092, 36.539519954319303 ], [ 127.444518273073996, 36.535636699201319 ], [ 127.43642069171095, 36.527531584529697 ], [ 127.431441413482503, 36.528931913719056 ], [ 127.42733841267524, 36.526472804745687 ], [ 127.422391768053757, 36.527579300910006 ], [ 127.416384704609953, 36.526037183197872 ], [ 127.408364076070399, 36.527182506328025 ], [ 127.405612298703332, 36.531400098673828 ], [ 127.404982781888137, 36.537302588608448 ], [ 127.403200609445193, 36.537802465198844 ], [ 127.401536806930437, 36.541458438022666 ], [ 127.392321939476034, 36.539999643069009 ], [ 127.383833646917751, 36.541488364907657 ], [ 127.383152857881811, 36.547900114146806 ], [ 127.378481499687297, 36.549804733044134 ], [ 127.378121249508169, 36.555129164720441 ], [ 127.372546971712126, 36.559724275400505 ], [ 127.377991929763752, 36.562939134031467 ], [ 127.374102571088244, 36.56509921980831 ], [ 127.372049004187573, 36.563605452756732 ] ] ] ] } },
{ "type": "Feature", "properties": { "emd_cd": "43112320", "emd_nm": "현도면" }, "geometry": { "type": "MultiPolygon", "coordinates": [ [ [ [ 127.396122671498446, 36.491725289150835 ], [ 127.409940621424411, 36.494921716726964 ], [ 127.410836773877492, 36.497756533433886 ], [ 127.407900850881404, 36.500138132064187 ], [ 127.409022294999716, 36.50974273169129 ], [ 127.404925333424259, 36.511969928480674 ], [ 127.403710542709192, 36.517406030748333 ], [ 127.397859433227978, 36.521351794832832 ], [ 127.40196864276281, 36.523777569063277 ], [ 127.407652062828816, 36.523071538064428 ], [ 127.408974597933849, 36.527476284800393 ], [ 127.417620679720756, 36.525889019520051 ], [ 127.422391723440953, 36.527579310078828 ], [ 127.427338412872814, 36.526472840790618 ], [ 127.431441413482503, 36.528931913719056 ], [ 127.436420669481095, 36.527531602633573 ], [ 127.444212083418208, 36.53512199742547 ], [ 127.446206405060536, 36.541147165600421 ], [ 127.45196781334549, 36.541522484452365 ], [ 127.453592125792127, 36.537600786930177 ], [ 127.452919508939814, 36.535227466136142 ], [ 127.455129104678221, 36.531987825173331 ], [ 127.455654124682979, 36.525597967119531 ], [ 127.453475994304554, 36.522814761413017 ], [ 127.454611740347048, 36.519746458207948 ], [ 127.451201161989133, 36.51664431891281 ], [ 127.445374062803097, 36.514902844368208 ], [ 127.445276639250963, 36.513444645856303 ], [ 127.448906423926829, 36.50667786461662 ], [ 127.449774811878086, 36.500500197033261 ], [ 127.455136422051297, 36.500299774934156 ], [ 127.457762424514982, 36.495918935064829 ], [ 127.465182399105686, 36.493542282370825 ], [ 127.467508564231224, 36.491257281071434 ], [ 127.47566874278904, 36.490231891117858 ], [ 127.476845578986172, 36.480221571075354 ], [ 127.480377209901931, 36.477243060016683 ], [ 127.470246933431952, 36.473652704966661 ], [ 127.463738056303896, 36.464689088685923 ], [ 127.462576844861474, 36.456171402908673 ], [ 127.458396793769055, 36.452298138533749 ], [ 127.451328407044272, 36.44925513184657 ], [ 127.442972037016901, 36.450954774331151 ], [ 127.436818122503368, 36.456408090429555 ], [ 127.427491457339272, 36.45690125519932 ], [ 127.414932832092489, 36.454723454068592 ], [ 127.403170371646439, 36.455369603443799 ], [ 127.401115840703596, 36.460923016107984 ], [ 127.401045720585472, 36.467360540579925 ], [ 127.404154538915705, 36.481000430388775 ], [ 127.403005561638764, 36.485458468349698 ], [ 127.396122671498446, 36.491725289150835 ] ] ] ] } },
{ "type": "Feature", "properties": { "emd_cd": "43113104", "emd_nm": "운천동" }, "geometry": { "type": "MultiPolygon", "coordinates": [ [ [ [ 127.470602858709071, 36.642606039780937 ], [ 127.471554948336518, 36.65174931931913 ], [ 127.470051695658768, 36.651920867555532 ], [ 127.474115056173446, 36.656125560066933 ], [ 127.481695410250893, 36.645148863281854 ], [ 127.480847646015292, 36.646189332050554 ], [ 127.470602858709071, 36.642606039780937 ] ] ] ] } },
{ "type": "Feature", "properties": { "emd_cd": "43113105", "emd_nm": "신봉동" }, "geometry": { "type": "MultiPolygon", "coordinates": [ [ [ [ 127.46897317479015, 36.642486766364563 ], [ 127.469369054437848, 36.645709153569022 ], [ 127.466587373515765, 36.645708601702715 ], [ 127.467397800065143, 36.646863375377094 ], [ 127.465515783719042, 36.647784727807725 ], [ 127.466546572018558, 36.649107563339818 ], [ 127.465050401241584, 36.652737925988966 ], [ 127.461920450268394, 36.65564637253533 ], [ 127.465504183041531, 36.65705378417173 ], [ 127.46408455605615, 36.661092273396328 ], [ 127.46501995870095, 36.666481992554978 ], [ 127.471730704686905, 36.660642943187099 ], [ 127.473713290771869, 36.65600134821684 ], [ 127.470051695658739, 36.651920867555525 ], [ 127.47155494833649, 36.651749319319123 ], [ 127.470676293150035, 36.642991592733395 ], [ 127.46897317479015, 36.642486766364563 ] ] ] ] } },
{ "type": "Feature", "properties": { "emd_cd": "43113113", "emd_nm": "가경동" }, "geometry": { "type": "MultiPolygon", "coordinates": [ [ [ [ 127.426156756254386, 36.609941708985168 ], [ 127.423680908358762, 36.619260610167778 ], [ 127.42690615392749, 36.624009248177089 ], [ 127.427667755787724, 36.622881741468888 ], [ 127.431375950073672, 36.624070793284432 ], [ 127.427772750278194, 36.627993685111036 ], [ 127.433612414681065, 36.633151628897082 ], [ 127.4388497954955, 36.632788271460058 ], [ 127.438591897484883, 36.630667539029545 ], [ 127.444667194114544, 36.620717854750488 ], [ 127.444790167619473, 36.616422721193707 ], [ 127.432880521828466, 36.609241371815116 ], [ 127.426156756254386, 36.609941708985168 ] ] ] ] } },
{ "type": "Feature", "properties": { "emd_cd": "43113114", "emd_nm": "복대동" }, "geometry": { "type": "MultiPolygon", "coordinates": [ [ [ [ 127.422877996117421, 36.64590646167558 ], [ 127.434932907721659, 36.644069257223826 ], [ 127.435063036909611, 36.642391118804774 ], [ 127.43825482413763, 36.641984498066584 ], [ 127.438680467336923, 36.640363177754082 ], [ 127.446691867641121, 36.637923997497566 ], [ 127.450512396046108, 36.638740576096936 ], [ 127.452086613979475, 36.638132205137573 ], [ 127.451690133985522, 36.636624566515266 ], [ 127.45654985336509, 36.636868970655833 ], [ 127.456211496995522, 36.633213955770941 ], [ 127.454636159113178, 36.632667028281134 ], [ 127.455864348614028, 36.63078469771424 ], [ 127.454320184467306, 36.631719941241542 ], [ 127.453991703710585, 36.629726236323805 ], [ 127.450033469935107, 36.62743260362172 ], [ 127.449900235157003, 36.624660524831036 ], [ 127.44314183435813, 36.623347144798302 ], [ 127.438591897484883, 36.630667539029545 ], [ 127.4388497954955, 36.632788271460058 ], [ 127.433612414681065, 36.633151628897082 ], [ 127.427772750278194, 36.627993685111036 ], [ 127.422391134957749, 36.638759483047096 ], [ 127.425060053114194, 36.638660569799043 ], [ 127.422586751482569, 36.64259626165876 ], [ 127.422877996117421, 36.64590646167558 ] ] ] ] } },
{ "type": "Feature", "properties": { "emd_cd": "43113115", "emd_nm": "봉명동" }, "geometry": { "type": "MultiPolygon", "coordinates": [ [ [ [ 127.464728826990097, 36.65973159410855 ], [ 127.465504183041531, 36.65705378417173 ], [ 127.461920450268394, 36.65564637253533 ], [ 127.465050401241584, 36.652737925988966 ], [ 127.466546572018558, 36.649107563339818 ], [ 127.465515783719042, 36.647784727807725 ], [ 127.467397800065143, 36.646863375377094 ], [ 127.466587373515765, 36.645708601702715 ], [ 127.469369054437848, 36.645709153569022 ], [ 127.468947994105562, 36.63985522950577 ], [ 127.466949393482224, 36.639860261083797 ], [ 127.466896624353822, 36.637761033006953 ], [ 127.461710603387559, 36.639369046178118 ], [ 127.460256265226988, 36.637814992666215 ], [ 127.451690133985522, 36.636624566515266 ], [ 127.451803204331767, 36.638127942024916 ], [ 127.453506189972245, 36.638153573085901 ], [ 127.45388485098222, 36.643536701731662 ], [ 127.446610733665281, 36.652293833123309 ], [ 127.447186354333567, 36.655530947738512 ], [ 127.453534281448569, 36.65908257134123 ], [ 127.464728826990097, 36.65973159410855 ] ] ] ] } },
{ "type": "Feature", "properties": { "emd_cd": "43113116", "emd_nm": "송정동" }, "geometry": { "type": "MultiPolygon", "coordinates": [ [ [ [ 127.430596808771213, 36.64441206180139 ], [ 127.437312733423582, 36.650682414725033 ], [ 127.441175919853691, 36.650634669794435 ], [ 127.442628596322137, 36.653513733256069 ], [ 127.444295219235968, 36.653233753159448 ], [ 127.449920059527997, 36.649103924944875 ], [ 127.45388485098222, 36.643536701731662 ], [ 127.453506189972245, 36.638153573085901 ], [ 127.446691867641121, 36.637923997497566 ], [ 127.438680467336923, 36.640363177754082 ], [ 127.43825482413763, 36.641984498066584 ], [ 127.435063036909611, 36.642391118804774 ], [ 127.434932907721659, 36.644069257223826 ], [ 127.430596808771213, 36.64441206180139 ] ] ] ] } },
{ "type": "Feature", "properties": { "emd_cd": "43113117", "emd_nm": "강서동" }, "geometry": { "type": "MultiPolygon", "coordinates": [ [ [ [ 127.427734439321966, 36.628020657671655 ], [ 127.431375950073672, 36.624070793284432 ], [ 127.427667755787724, 36.622881741468888 ], [ 127.42690615392749, 36.624009248177089 ], [ 127.423680908358762, 36.619260610167778 ], [ 127.424133153647091, 36.613954811588435 ], [ 127.42632285635338, 36.610168435510019 ], [ 127.416124352348618, 36.606681536972388 ], [ 127.417005254173347, 36.613732085714823 ], [ 127.413095618837971, 36.616984134412959 ], [ 127.413593947221187, 36.623913761708714 ], [ 127.419582785352986, 36.621993388260123 ], [ 127.420877437518598, 36.62617419021506 ], [ 127.422726753824719, 36.625310344997835 ], [ 127.427734439321966, 36.628020657671655 ] ] ] ] } },
{ "type": "Feature", "properties": { "emd_cd": "43113118", "emd_nm": "석곡동" }, "geometry": { "type": "MultiPolygon", "coordinates": [ [ [ [ 127.418697450890349, 36.602373901700844 ], [ 127.41548378304347, 36.606726855812951 ], [ 127.423665445338798, 36.609763882736637 ], [ 127.432773690717326, 36.609215670821683 ], [ 127.437616921746269, 36.611438996157794 ], [ 127.436621796162314, 36.607308530561369 ], [ 127.434224720691532, 36.605919392394227 ], [ 127.43384285303668, 36.59864528070532 ], [ 127.426759667436727, 36.600392029476168 ], [ 127.424304826561112, 36.597710954461988 ], [ 127.419475834354088, 36.596604494014549 ], [ 127.418697450890349, 36.602373901700844 ] ] ] ] } },
{ "type": "Feature", "properties": { "emd_cd": "43113119", "emd_nm": "휴암동" }, "geometry": { "type": "MultiPolygon", "coordinates": [ [ [ [ 127.403066445662859, 36.62774115814068 ], [ 127.407343725796309, 36.630360385771795 ], [ 127.409136042347967, 36.628839015757208 ], [ 127.408906096649872, 36.625204002629836 ], [ 127.413593947221187, 36.623913761708714 ], [ 127.413095618837971, 36.616984134412959 ], [ 127.417005254173347, 36.613732085714823 ], [ 127.416124352348618, 36.606681536972388 ], [ 127.412596046622397, 36.605564672461789 ], [ 127.407556884125924, 36.606867327660638 ], [ 127.40468354708068, 36.609775068333846 ], [ 127.406829685234143, 36.610236203855351 ], [ 127.405695442979223, 36.613414226553907 ], [ 127.401635562600703, 36.614822216112366 ], [ 127.3987612191832, 36.619067962205541 ], [ 127.403066445662859, 36.62774115814068 ] ] ] ] } },
{ "type": "Feature", "properties": { "emd_cd": "43113120", "emd_nm": "신전동" }, "geometry": { "type": "MultiPolygon", "coordinates": [ [ [ [ 127.412596046622397, 36.605564672461789 ], [ 127.407246677815834, 36.601018026660874 ], [ 127.406268904866906, 36.59833493833348 ], [ 127.400887879261504, 36.595848578796982 ], [ 127.397462715447745, 36.60233999997719 ], [ 127.395216264394961, 36.602391282242742 ], [ 127.393245086967838, 36.604772678585341 ], [ 127.39343637748199, 36.606540147042217 ], [ 127.397973998312651, 36.609179323556134 ], [ 127.397949478184643, 36.612331120747321 ], [ 127.401320067007276, 36.615581727386996 ], [ 127.405695442979223, 36.613414226553907 ], [ 127.406829685234143, 36.610236203855351 ], [ 127.40468354708068, 36.609775068333846 ], [ 127.407556884125924, 36.606867327660638 ], [ 127.412596046622397, 36.605564672461789 ] ] ] ] } },
{ "type": "Feature", "properties": { "emd_cd": "43113121", "emd_nm": "현암동" }, "geometry": { "type": "MultiPolygon", "coordinates": [ [ [ [ 127.383865343305317, 36.588916494681953 ], [ 127.385048441280688, 36.59400026877114 ], [ 127.387204162241957, 36.594553473773225 ], [ 127.386779207027672, 36.597301766671592 ], [ 127.389034699908606, 36.598237569021656 ], [ 127.391027683250471, 36.603758056319194 ], [ 127.393245086967838, 36.604772678585341 ], [ 127.395216264394961, 36.602391282242742 ], [ 127.397462715447745, 36.60233999997719 ], [ 127.400887879261504, 36.595848578796982 ], [ 127.39824363371747, 36.59071635656214 ], [ 127.390226489891589, 36.585343646274822 ], [ 127.385143744975394, 36.586498027494216 ], [ 127.383865343305317, 36.588916494681953 ] ] ] ] } },
{ "type": "Feature", "properties": { "emd_cd": "43113122", "emd_nm": "동막동" }, "geometry": { "type": "MultiPolygon", "coordinates": [ [ [ [ 127.364851019882977, 36.592851888219144 ], [ 127.36483280859315, 36.599696193608189 ], [ 127.369016299496849, 36.601181623608412 ], [ 127.368520851160085, 36.605481390641479 ], [ 127.370277677862063, 36.608304371506762 ], [ 127.37462780263111, 36.6074624763664 ], [ 127.379060439275094, 36.603205292407786 ], [ 127.382101948536572, 36.604531192342428 ], [ 127.389212602978262, 36.601314531762348 ], [ 127.389034699908606, 36.598237569021656 ], [ 127.386594092849634, 36.596854151307383 ], [ 127.387407399229275, 36.594895308955557 ], [ 127.385048441280688, 36.594000268771147 ], [ 127.383865343305317, 36.588916494681961 ], [ 127.381264251728709, 36.586774419146607 ], [ 127.378930001890069, 36.588164657335035 ], [ 127.374229849123168, 36.587098799487478 ], [ 127.370224911971292, 36.593067426816532 ], [ 127.364851019882977, 36.592851888219144 ] ] ] ] } },
{ "type": "Feature", "properties": { "emd_cd": "43113123", "emd_nm": "수의동" }, "geometry": { "type": "MultiPolygon", "coordinates": [ [ [ [ 127.376046787756508, 36.610366403105289 ], [ 127.377018417638865, 36.614040934413737 ], [ 127.382065776288201, 36.614294612189994 ], [ 127.384706390159025, 36.618612755051842 ], [ 127.388066570478543, 36.619991170444756 ], [ 127.38646970725928, 36.621073430850231 ], [ 127.387943171466546, 36.624482888083882 ], [ 127.393430352388904, 36.62664546676735 ], [ 127.401507616032262, 36.626320775005574 ], [ 127.3987612191832, 36.619067962205541 ], [ 127.401320067007276, 36.615581727386996 ], [ 127.397949478184643, 36.612331120747321 ], [ 127.397973998312651, 36.609179323556134 ], [ 127.39343637748199, 36.606540147042217 ], [ 127.389212602978262, 36.601314531762341 ], [ 127.382101948536572, 36.604531192342428 ], [ 127.379060439275094, 36.603205292407779 ], [ 127.376046787756508, 36.610366403105289 ] ] ] ] } },
{ "type": "Feature", "properties": { "emd_cd": "43113124", "emd_nm": "지동동" }, "geometry": { "type": "MultiPolygon", "coordinates": [ [ [ [ 127.407040119092912, 36.632626073464216 ], [ 127.397562634419202, 36.630080520156653 ], [ 127.395523386519784, 36.640662902815208 ], [ 127.397486940463779, 36.646298688630125 ], [ 127.401699669714148, 36.646139088465098 ], [ 127.40238321180486, 36.648124000791455 ], [ 127.406847837900273, 36.648991064802459 ], [ 127.408076816569974, 36.655893787840711 ], [ 127.412588139992749, 36.651739911666262 ], [ 127.417108350698115, 36.651775347296727 ], [ 127.421837836826626, 36.647852695007856 ], [ 127.419788084610246, 36.642002945142302 ], [ 127.407040119092912, 36.632626073464216 ] ] ] ] } },
{ "type": "Feature", "properties": { "emd_cd": "43113125", "emd_nm": "서촌동" }, "geometry": { "type": "MultiPolygon", "coordinates": [ [ [ [ 127.389340163545114, 36.631155010714949 ], [ 127.392190152371256, 36.643051631661841 ], [ 127.395395491708456, 36.646420065005181 ], [ 127.396324376963236, 36.653128318521752 ], [ 127.393432247831001, 36.660797089504037 ], [ 127.3968712732526, 36.665081808196604 ], [ 127.402099544909362, 36.66703728666598 ], [ 127.403231267869131, 36.663708845711099 ], [ 127.405516941802873, 36.664209814985149 ], [ 127.407734593021686, 36.659472235645218 ], [ 127.406383080082634, 36.65827076782606 ], [ 127.408076816569974, 36.655893787840711 ], [ 127.406847837900273, 36.648991064802459 ], [ 127.396266390241806, 36.645023549748991 ], [ 127.397249658521758, 36.644465645832845 ], [ 127.3957002059324, 36.636161263750196 ], [ 127.397562634419202, 36.630080520156653 ], [ 127.389340163545114, 36.631155010714949 ] ] ] ] } },
{ "type": "Feature", "properties": { "emd_cd": "43113126", "emd_nm": "신성동" }, "geometry": { "type": "MultiPolygon", "coordinates": [ [ [ [ 127.422634752262169, 36.655149101454569 ], [ 127.422621411832495, 36.651169237552217 ], [ 127.418802398316899, 36.650007560216622 ], [ 127.417108350698115, 36.651775347296727 ], [ 127.410436573961931, 36.653145984744064 ], [ 127.406591653284551, 36.659311412274079 ], [ 127.412086205948967, 36.660934936605862 ], [ 127.412887522594218, 36.656861150709993 ], [ 127.419168696178588, 36.657352705516793 ], [ 127.422634752262169, 36.655149101454569 ] ] ] ] } },
{ "type": "Feature", "properties": { "emd_cd": "43113127", "emd_nm": "평동" }, "geometry": { "type": "MultiPolygon", "coordinates": [ [ [ [ 127.411070825648991, 36.669453800270233 ], [ 127.413633922906001, 36.662066273795133 ], [ 127.420644784688889, 36.660351135942065 ], [ 127.418565854202242, 36.656928461438255 ], [ 127.413224270594554, 36.656699623676396 ], [ 127.412086205948967, 36.660934936605862 ], [ 127.40714614858183, 36.659412892778825 ], [ 127.405516941802873, 36.664209814985149 ], [ 127.403231267869131, 36.663708845711099 ], [ 127.402066137728539, 36.6670489694067 ], [ 127.411070825648991, 36.669453800270233 ] ] ] ] } },
{ "type": "Feature", "properties": { "emd_cd": "43113128", "emd_nm": "신대동" }, "geometry": { "type": "MultiPolygon", "coordinates": [ [ [ [ 127.418180380844902, 36.671023570086042 ], [ 127.3968712732526, 36.665081808196604 ], [ 127.396257987252824, 36.671129168433758 ], [ 127.395171615472066, 36.669833457841435 ], [ 127.395378590294442, 36.672638084980129 ], [ 127.40257268933631, 36.679568791551837 ], [ 127.409150766984112, 36.680917344194746 ], [ 127.423029898124227, 36.680599707883708 ], [ 127.422934766395016, 36.67802929157164 ], [ 127.417873664358922, 36.675979659299095 ], [ 127.418180380844902, 36.671023570086042 ] ] ] ] } },
{ "type": "Feature", "properties": { "emd_cd": "43113129", "emd_nm": "남촌동" }, "geometry": { "type": "MultiPolygon", "coordinates": [ [ [ [ 127.422634752262169, 36.655149101454569 ], [ 127.419168696178588, 36.657352705516793 ], [ 127.420644784688889, 36.660351135942065 ], [ 127.413633922906001, 36.662066273795133 ], [ 127.411070825648991, 36.669453800270233 ], [ 127.416891741814695, 36.670740740805691 ], [ 127.41943372538077, 36.663225828917113 ], [ 127.421720784438818, 36.663886980620589 ], [ 127.423877093757071, 36.661469452213076 ], [ 127.422634752262169, 36.655149101454569 ] ] ] ] } },
{ "type": "Feature", "properties": { "emd_cd": "43113130", "emd_nm": "내곡동" }, "geometry": { "type": "MultiPolygon", "coordinates": [ [ [ [ 127.421008244031313, 36.677201189924517 ], [ 127.423798481792701, 36.668933794674288 ], [ 127.425796341563796, 36.669986364785565 ], [ 127.430175397475054, 36.668873346332873 ], [ 127.433865439535765, 36.664175305983747 ], [ 127.419433725380742, 36.663225828917113 ], [ 127.417062240663412, 36.674310153053682 ], [ 127.421008244031313, 36.677201189924517 ] ] ] ] } },
{ "type": "Feature", "properties": { "emd_cd": "43113131", "emd_nm": "상신동" }, "geometry": { "type": "MultiPolygon", "coordinates": [ [ [ [ 127.439432634258637, 36.666607461072104 ], [ 127.433865439535765, 36.664175305983747 ], [ 127.430175397475054, 36.668873346332873 ], [ 127.425796341563796, 36.669986364785565 ], [ 127.423798481792701, 36.668933794674288 ], [ 127.421008244031313, 36.677201189924517 ], [ 127.422934766395016, 36.67802929157164 ], [ 127.423029898124227, 36.680599707883701 ], [ 127.437049124129743, 36.682588233458482 ], [ 127.4324680411451, 36.675670957089118 ], [ 127.434347452015643, 36.670699782741913 ], [ 127.438385657828235, 36.668347239309611 ], [ 127.437385240206453, 36.666723691571661 ], [ 127.439432634258637, 36.666607461072104 ] ] ] ] } },
{ "type": "Feature", "properties": { "emd_cd": "43113132", "emd_nm": "원평동" }, "geometry": { "type": "MultiPolygon", "coordinates": [ [ [ [ 127.444549485217522, 36.669026260683076 ], [ 127.437385240206453, 36.666723691571661 ], [ 127.438385657828235, 36.668347239309611 ], [ 127.434347452015643, 36.670699782741913 ], [ 127.4324680411451, 36.675670957089118 ], [ 127.433617481565662, 36.675925241527231 ], [ 127.433109204154405, 36.678397426145246 ], [ 127.437316019416812, 36.681474774496472 ], [ 127.435064386185658, 36.683747959042442 ], [ 127.446638215973252, 36.685274226584312 ], [ 127.449093775771857, 36.683147426852777 ], [ 127.44710157817606, 36.681689259762202 ], [ 127.448304450912474, 36.679706603916728 ], [ 127.447311977439398, 36.676433141734421 ], [ 127.44363419479221, 36.672949516489091 ], [ 127.444549485217522, 36.669026260683076 ] ] ] ] } },
{ "type": "Feature", "properties": { "emd_cd": "43113133", "emd_nm": "문암동" }, "geometry": { "type": "MultiPolygon", "coordinates": [ [ [ [ 127.447321795826568, 36.676606975518737 ], [ 127.450413572758933, 36.674892745520886 ], [ 127.456259471006078, 36.674755223322819 ], [ 127.46108279382824, 36.671039856641841 ], [ 127.460161584760428, 36.670098135632003 ], [ 127.458093350963367, 36.671782765014491 ], [ 127.449585176520813, 36.666177846905462 ], [ 127.443447962566708, 36.67105043492905 ], [ 127.447321795826568, 36.676606975518737 ] ] ] ] } },
{ "type": "Feature", "properties": { "emd_cd": "43113134", "emd_nm": "송절동" }, "geometry": { "type": "MultiPolygon", "coordinates": [ [ [ [ 127.464728826990097, 36.65973159410855 ], [ 127.453534281448569, 36.65908257134123 ], [ 127.448207213712834, 36.65613136084729 ], [ 127.444584686610256, 36.65743405144346 ], [ 127.446022711087451, 36.658939709431955 ], [ 127.44321377325663, 36.661992699530146 ], [ 127.441772384302396, 36.661627090343458 ], [ 127.44298826071747, 36.662223681524843 ], [ 127.438716327157394, 36.666103204320216 ], [ 127.446187285251838, 36.670021848825073 ], [ 127.449695943383006, 36.666163643019111 ], [ 127.458093350963367, 36.671782765014491 ], [ 127.461705162522946, 36.670659885175468 ], [ 127.464503930447847, 36.667430362726734 ], [ 127.464728826990097, 36.65973159410855 ] ] ] ] } },
{ "type": "Feature", "properties": { "emd_cd": "43113135", "emd_nm": "화계동" }, "geometry": { "type": "MultiPolygon", "coordinates": [ [ [ [ 127.435546982130916, 36.654006194998821 ], [ 127.436106422112061, 36.665055734645698 ], [ 127.439381183830946, 36.666582427923217 ], [ 127.442985186874978, 36.662222079914599 ], [ 127.44173776069475, 36.661661352727805 ], [ 127.443213392254265, 36.66199257478636 ], [ 127.446022722271763, 36.658939709390189 ], [ 127.444584686610284, 36.65743405144346 ], [ 127.448207213712834, 36.65613136084729 ], [ 127.446610733665281, 36.652293833123309 ], [ 127.435546982130916, 36.654006194998821 ] ] ] ] } },
{ "type": "Feature", "properties": { "emd_cd": "43113136", "emd_nm": "외북동" }, "geometry": { "type": "MultiPolygon", "coordinates": [ [ [ [ 127.421774492624309, 36.663849304533827 ], [ 127.436104867835311, 36.66505781289127 ], [ 127.435545270678432, 36.654008129633773 ], [ 127.440773191800844, 36.653880695718712 ], [ 127.442110953977817, 36.652796933166613 ], [ 127.441174534463642, 36.650636873643592 ], [ 127.432800224005462, 36.652585092602806 ], [ 127.431027890720628, 36.650364771393804 ], [ 127.422633421199521, 36.655151124671875 ], [ 127.423907383651851, 36.661172822191006 ], [ 127.421774492624309, 36.663849304533827 ] ] ] ] } },
{ "type": "Feature", "properties": { "emd_cd": "43113137", "emd_nm": "향정동" }, "geometry": { "type": "MultiPolygon", "coordinates": [ [ [ [ 127.427424876283425, 36.645468899930798 ], [ 127.427424865101031, 36.645468899970801 ], [ 127.427423912048738, 36.64547047133135 ], [ 127.427424876283425, 36.645468899930798 ] ] ], [ [ [ 127.4273709248627, 36.645492089457655 ], [ 127.423314941052155, 36.645991350998834 ], [ 127.419965080163777, 36.650320117794344 ], [ 127.422621411832495, 36.651169237552217 ], [ 127.4231863473819, 36.654533783874186 ], [ 127.431029209748075, 36.650362649001963 ], [ 127.432801587754952, 36.652582970030217 ], [ 127.437312733423582, 36.650682414725033 ], [ 127.430596808771213, 36.64441206180139 ], [ 127.4273709248627, 36.645492089457655 ] ] ] ] } },
{ "type": "Feature", "properties": { "emd_cd": "43113138", "emd_nm": "비하동" }, "geometry": { "type": "MultiPolygon", "coordinates": [ [ [ [ 127.419582785352986, 36.621993388260123 ], [ 127.408906096649872, 36.625204002629836 ], [ 127.409136042347967, 36.628839015757208 ], [ 127.407040119092912, 36.632626073464216 ], [ 127.419788084610246, 36.642002945142302 ], [ 127.421124480355388, 36.648271915934572 ], [ 127.423084557799697, 36.64685767663331 ], [ 127.422586751482569, 36.64259626165876 ], [ 127.425060053114194, 36.638660569799043 ], [ 127.422391134957749, 36.638759483047096 ], [ 127.423142401186155, 36.635717335814903 ], [ 127.42825035353988, 36.628588105741883 ], [ 127.424961839169214, 36.625973824289616 ], [ 127.420877437518598, 36.62617419021506 ], [ 127.419582785352986, 36.621993388260123 ] ] ] ] } },
{ "type": "Feature", "properties": { "emd_cd": "43113139", "emd_nm": "석소동" }, "geometry": { "type": "MultiPolygon", "coordinates": [ [ [ [ 127.380931194719139, 36.62959143642243 ], [ 127.382673357926237, 36.625527291578443 ], [ 127.387943171466546, 36.624482888083882 ], [ 127.38646970725928, 36.621073430850231 ], [ 127.388066570478543, 36.619991170444756 ], [ 127.384706390159025, 36.618612755051842 ], [ 127.382065776288201, 36.614294612189994 ], [ 127.378346643287117, 36.614112292174958 ], [ 127.379427010252243, 36.618629994232194 ], [ 127.375519841078528, 36.624041519063283 ], [ 127.373069355023986, 36.625059439637084 ], [ 127.373099074774814, 36.627924931005069 ], [ 127.380931194719139, 36.62959143642243 ] ] ] ] } },
{ "type": "Feature", "properties": { "emd_cd": "43113140", "emd_nm": "정봉동" }, "geometry": { "type": "MultiPolygon", "coordinates": [ [ [ [ 127.37813721547775, 36.646601378762682 ], [ 127.377543011428841, 36.650013621336804 ], [ 127.378392546573181, 36.652484636717972 ], [ 127.38180550036904, 36.654342204247207 ], [ 127.386196156179011, 36.652282683264346 ], [ 127.389101204691087, 36.653948470915921 ], [ 127.395278080762466, 36.649409118161259 ], [ 127.395395491708456, 36.646420065005195 ], [ 127.392190152371256, 36.643051631661841 ], [ 127.390335071766557, 36.636737483951038 ], [ 127.387126514961324, 36.640334299105945 ], [ 127.387628627193124, 36.641528735232122 ], [ 127.381744284432799, 36.642855301500937 ], [ 127.37813721547775, 36.646601378762682 ] ] ] ] } },
{ "type": "Feature", "properties": { "emd_cd": "43113141", "emd_nm": "신촌동" }, "geometry": { "type": "MultiPolygon", "coordinates": [ [ [ [ 127.377543000333361, 36.650013639394288 ], [ 127.377181792901609, 36.659107350211414 ], [ 127.380052237809309, 36.661146502934123 ], [ 127.393432247831001, 36.660797089504037 ], [ 127.396324376963236, 36.653128318521752 ], [ 127.395626711245939, 36.649642878939744 ], [ 127.389101204691087, 36.653948470915921 ], [ 127.386196156179011, 36.65228268326436 ], [ 127.381804618892716, 36.654342621577868 ], [ 127.378408661196687, 36.652516557573271 ], [ 127.377543000333361, 36.650013639394288 ] ] ] ] } },
{ "type": "Feature", "properties": { "emd_cd": "43113250", "emd_nm": "오송읍" }, "geometry": { "type": "MultiPolygon", "coordinates": [ [ [ [ 127.275708695412661, 36.639833299912468 ], [ 127.277111377883756, 36.641841820922416 ], [ 127.279519306025364, 36.640693857911664 ], [ 127.282636695516032, 36.642217782446025 ], [ 127.281473558289392, 36.644995685831965 ], [ 127.286324240942065, 36.650926951235185 ], [ 127.288986405628847, 36.659377802535666 ], [ 127.295754658703331, 36.659671225102009 ], [ 127.300858275783426, 36.662040466139921 ], [ 127.302454793669128, 36.665714593708252 ], [ 127.305159785532084, 36.667467161168801 ], [ 127.311547321492384, 36.666611380782491 ], [ 127.314339366947053, 36.664453739712556 ], [ 127.322739825576051, 36.66841701629459 ], [ 127.324926428052976, 36.664226133200401 ], [ 127.331591072094085, 36.662124102248555 ], [ 127.334218060286574, 36.657068899549145 ], [ 127.345227636465225, 36.656136163479005 ], [ 127.345619702857192, 36.658874049277351 ], [ 127.349819782296137, 36.659924895559364 ], [ 127.35219300342176, 36.655898220911091 ], [ 127.352159304528058, 36.649748980180995 ], [ 127.348950192238391, 36.643084347416696 ], [ 127.355137761709813, 36.642302734421712 ], [ 127.357808660913335, 36.639086139090701 ], [ 127.356773384545193, 36.636252423648841 ], [ 127.352462771185287, 36.634115436792278 ], [ 127.351048039259538, 36.63158531207003 ], [ 127.351829788310681, 36.623707432082313 ], [ 127.349815694438774, 36.619419180185425 ], [ 127.343320021191232, 36.613237760305559 ], [ 127.345714286058055, 36.60519323546707 ], [ 127.344253251842829, 36.601623487164183 ], [ 127.33746468321074, 36.60088606428176 ], [ 127.336638147747863, 36.600198881144969 ], [ 127.337841920383653, 36.599597715163554 ], [ 127.336470413240036, 36.595815866164649 ], [ 127.332784995801788, 36.591566600313648 ], [ 127.330353394212892, 36.591975635833862 ], [ 127.329961974228667, 36.588764614871117 ], [ 127.325998400465238, 36.585295803733175 ], [ 127.308770029613441, 36.582834464250965 ], [ 127.30390745571259, 36.583393672052104 ], [ 127.299388547446071, 36.586531710510073 ], [ 127.304333315524715, 36.59147933885717 ], [ 127.304369460744539, 36.595987646815018 ], [ 127.306233355916191, 36.602711241335811 ], [ 127.306721579702611, 36.602198193802202 ], [ 127.307058951769932, 36.602121985632543 ], [ 127.301884053149223, 36.606695131523928 ], [ 127.301937169621979, 36.612220258639105 ], [ 127.299610030367077, 36.617940749603015 ], [ 127.29537238282829, 36.619380684554422 ], [ 127.292287796593541, 36.623786865203954 ], [ 127.290434184600471, 36.630630268465254 ], [ 127.292186964646262, 36.635634268139334 ], [ 127.289203722558256, 36.636909504391525 ], [ 127.285460897234387, 36.633889270208265 ], [ 127.279413536659561, 36.633511773284361 ], [ 127.275708695412661, 36.639833299912468 ] ] ] ] } },
{ "type": "Feature", "properties": { "emd_cd": "43113310", "emd_nm": "강내면" }, "geometry": { "type": "MultiPolygon", "coordinates": [ [ [ [ 127.390335071766557, 36.636737483951038 ], [ 127.389340163545114, 36.63115501071497 ], [ 127.390834251215765, 36.630527595064528 ], [ 127.39967802082208, 36.629602361034578 ], [ 127.401617813183222, 36.631506753570477 ], [ 127.407040119092926, 36.63262607346423 ], [ 127.407343725796309, 36.630360385771802 ], [ 127.401507593719529, 36.626320784091739 ], [ 127.393430352388904, 36.62664546676735 ], [ 127.387774896291347, 36.624556830502854 ], [ 127.382754877059924, 36.625524300355522 ], [ 127.380929514153209, 36.629595280572445 ], [ 127.37343261390555, 36.628388673497639 ], [ 127.373069355024015, 36.625059439637063 ], [ 127.375519841078528, 36.624041519063276 ], [ 127.379427010252243, 36.618629994232187 ], [ 127.376101975800765, 36.611770180098191 ], [ 127.378173297683517, 36.606748919338052 ], [ 127.376976247497041, 36.6057294546126 ], [ 127.372894703465519, 36.608577982805954 ], [ 127.370035515573107, 36.608298217959693 ], [ 127.368492950602615, 36.605589260764901 ], [ 127.369016299496849, 36.601181623608412 ], [ 127.36483280859315, 36.599696193608189 ], [ 127.364851019882977, 36.592851888219144 ], [ 127.370224911971292, 36.593067426816532 ], [ 127.374229849123168, 36.587098799487478 ], [ 127.378930001890069, 36.588164657335035 ], [ 127.381264251728709, 36.586774419146607 ], [ 127.383865343305317, 36.588916494681961 ], [ 127.385143744975366, 36.586498027494194 ], [ 127.390297454564532, 36.585345667666708 ], [ 127.386744569460603, 36.577275369097201 ], [ 127.377162015834017, 36.567881663281618 ], [ 127.368359026101501, 36.566272747244909 ], [ 127.365668595145991, 36.562230935451311 ], [ 127.362146636042496, 36.561989123893831 ], [ 127.361421096210876, 36.563744892927005 ], [ 127.360484242233099, 36.562276899461374 ], [ 127.356259928666461, 36.561684510651872 ], [ 127.343237433611449, 36.564666544504654 ], [ 127.337049452529811, 36.562864921633576 ], [ 127.33534542683195, 36.56715655110186 ], [ 127.335770619442442, 36.571079107698033 ], [ 127.332458193271023, 36.572731192969776 ], [ 127.331297525180673, 36.575136721381718 ], [ 127.326387713590421, 36.576520073757251 ], [ 127.324871942288013, 36.580339495348888 ], [ 127.321532537940541, 36.581178525023205 ], [ 127.322958604617654, 36.581954413294291 ], [ 127.321472055803525, 36.583785716451963 ], [ 127.327044196876628, 36.585882014878145 ], [ 127.330391180979888, 36.589477372752611 ], [ 127.330353394212892, 36.591975635833855 ], [ 127.332270063414697, 36.591400221296588 ], [ 127.334593275134509, 36.593271695503645 ], [ 127.337749531756728, 36.599165846929701 ], [ 127.336949578229309, 36.600464127333645 ], [ 127.343183982416079, 36.60096992978103 ], [ 127.345697866780355, 36.603852264534446 ], [ 127.343320021191232, 36.613237760305545 ], [ 127.349815694438746, 36.619419180185425 ], [ 127.351713181898418, 36.623244333674613 ], [ 127.350428046538894, 36.629156347991362 ], [ 127.351884646647719, 36.633522737290932 ], [ 127.358605442789113, 36.637532150192094 ], [ 127.366624304533232, 36.638753398335773 ], [ 127.37813721547775, 36.646601378762682 ], [ 127.381752485515761, 36.642849390982782 ], [ 127.387628627193124, 36.641528735232122 ], [ 127.387126514961324, 36.640334299105945 ], [ 127.390335071766557, 36.636737483951038 ] ] ] ] } },
{ "type": "Feature", "properties": { "emd_cd": "43113320", "emd_nm": "옥산면" }, "geometry": { "type": "MultiPolygon", "coordinates": [ [ [ [ 127.285603690731577, 36.691115836290471 ], [ 127.29170874568392, 36.697351499239538 ], [ 127.296529011627001, 36.697931984874963 ], [ 127.308411254781205, 36.705175822738795 ], [ 127.305814581324853, 36.708238003695392 ], [ 127.308282710372609, 36.714080974898323 ], [ 127.308234902094981, 36.720853706966103 ], [ 127.311337184636017, 36.723650967127249 ], [ 127.310429746658528, 36.724291368396017 ], [ 127.318013592866279, 36.724902935662591 ], [ 127.320191175875806, 36.723674602578313 ], [ 127.326184601500941, 36.724244931180948 ], [ 127.339476635447127, 36.718893336044047 ], [ 127.362646523082972, 36.717762253861473 ], [ 127.374730587907337, 36.712501675191518 ], [ 127.387081652565271, 36.717651552699074 ], [ 127.394700288983543, 36.71729634686865 ], [ 127.4002159915524, 36.712348039192392 ], [ 127.405949591060718, 36.710451039540573 ], [ 127.405983207211264, 36.708758877596438 ], [ 127.410715057877539, 36.710057088832151 ], [ 127.408925378247815, 36.705440478156497 ], [ 127.423198132072059, 36.694421207983048 ], [ 127.425754787995317, 36.689182871509793 ], [ 127.431456626804376, 36.689334271684764 ], [ 127.431649404082947, 36.684625478491391 ], [ 127.436762905183784, 36.682568905717162 ], [ 127.402823412880963, 36.679781890334667 ], [ 127.39536995284999, 36.672615855897142 ], [ 127.396878463951978, 36.664969973296337 ], [ 127.395060403937038, 36.661654355174591 ], [ 127.39054244001116, 36.659958364820511 ], [ 127.379700977537709, 36.661002718427468 ], [ 127.376874167799798, 36.658360118425946 ], [ 127.377974340928489, 36.646362987636401 ], [ 127.366624304533232, 36.63875339833578 ], [ 127.356919761399041, 36.636876160999158 ], [ 127.357723875280101, 36.639862054456728 ], [ 127.35618953907003, 36.641669486848421 ], [ 127.348871535036423, 36.643295818568156 ], [ 127.352159304528058, 36.649748980180995 ], [ 127.35219300342176, 36.655898220911091 ], [ 127.349819782296137, 36.659924895559364 ], [ 127.345619702857192, 36.658874049277351 ], [ 127.345227636465225, 36.656136163479005 ], [ 127.338160130798911, 36.655946557631204 ], [ 127.336871954362522, 36.657538394556681 ], [ 127.334218060286574, 36.657068899549145 ], [ 127.329996122339807, 36.663559873094108 ], [ 127.324926428052976, 36.664226133200401 ], [ 127.322739825576051, 36.66841701629459 ], [ 127.314339366947053, 36.664453739712556 ], [ 127.311547321492384, 36.666611380782491 ], [ 127.306940981761329, 36.666323028771984 ], [ 127.305266658896329, 36.6743043780234 ], [ 127.307688293979268, 36.678214873115444 ], [ 127.307769279693503, 36.681886596423119 ], [ 127.304481421818139, 36.685116502756024 ], [ 127.291939341080521, 36.687036546467517 ], [ 127.285603690731577, 36.691115836290471 ] ] ] ] } },
{ "type": "Feature", "properties": { "emd_cd": "43114101", "emd_nm": "우암동" }, "geometry": { "type": "MultiPolygon", "coordinates": [ [ [ [ 127.474553334126909, 36.655574353854583 ], [ 127.476913651606054, 36.654586999141124 ], [ 127.483768928251223, 36.656813022830505 ], [ 127.487713565678334, 36.651897656950197 ], [ 127.49787573935518, 36.651610270943479 ], [ 127.503048284350143, 36.653554358974283 ], [ 127.505440120746385, 36.651268777638933 ], [ 127.500948068358539, 36.647243851922894 ], [ 127.493997999330773, 36.647838258568633 ], [ 127.488079062133281, 36.646338427554156 ], [ 127.48820448567696, 36.644939385584415 ], [ 127.482776828046511, 36.644836027725077 ], [ 127.474553334126909, 36.655574353854583 ] ] ] ] } },
{ "type": "Feature", "properties": { "emd_cd": "43114102", "emd_nm": "내덕동" }, "geometry": { "type": "MultiPolygon", "coordinates": [ [ [ [ 127.472145954445168, 36.660375274882661 ], [ 127.489086624035906, 36.66555123084283 ], [ 127.499235971515546, 36.663473535880705 ], [ 127.501756980115431, 36.662540743878282 ], [ 127.501109629921132, 36.65933627595814 ], [ 127.504367162812869, 36.653475591693251 ], [ 127.499506267761802, 36.653177116172479 ], [ 127.49787573935518, 36.651610270943479 ], [ 127.487713565678334, 36.651897656950197 ], [ 127.483768928251223, 36.656813022830505 ], [ 127.47536119456052, 36.654914181808913 ], [ 127.472145954445168, 36.660375274882661 ] ] ] ] } },
{ "type": "Feature", "properties": { "emd_cd": "43114103", "emd_nm": "율량동" }, "geometry": { "type": "MultiPolygon", "coordinates": [ [ [ [ 127.476042557771081, 36.66836269626414 ], [ 127.481305009295596, 36.670426247282059 ], [ 127.484290703499639, 36.669503837404257 ], [ 127.483204700893069, 36.671570719595238 ], [ 127.4860559868103, 36.67206954533556 ], [ 127.50108219799867, 36.668878669812344 ], [ 127.512727897241419, 36.674547071024911 ], [ 127.533799845929423, 36.664635114674354 ], [ 127.528301073154111, 36.662623175848552 ], [ 127.521681276195736, 36.65643777260135 ], [ 127.514326645566769, 36.65324530178971 ], [ 127.509562057538886, 36.653240244184843 ], [ 127.505746838696652, 36.650008292316677 ], [ 127.50379075973737, 36.656345120505819 ], [ 127.501109629921132, 36.65933627595814 ], [ 127.501756980115431, 36.662540743878282 ], [ 127.489086624035906, 36.66555123084283 ], [ 127.480163145734338, 36.662787429209843 ], [ 127.480050369127213, 36.666153989542849 ], [ 127.47630592892375, 36.667067876372094 ], [ 127.476042557771081, 36.66836269626414 ] ] ] ] } },
{ "type": "Feature", "properties": { "emd_cd": "43114104", "emd_nm": "사천동" }, "geometry": { "type": "MultiPolygon", "coordinates": [ [ [ [ 127.463144582171552, 36.669378458225879 ], [ 127.466067935517799, 36.671169127534128 ], [ 127.466243422787528, 36.67618898823126 ], [ 127.472983292555128, 36.677886033444949 ], [ 127.475054835920119, 36.680124899201431 ], [ 127.483481288954067, 36.678795883692743 ], [ 127.483099079069078, 36.671861486485064 ], [ 127.484470528561033, 36.669582280435129 ], [ 127.481305009295596, 36.670426247282059 ], [ 127.476042557771081, 36.66836269626414 ], [ 127.47630592892375, 36.667067876372094 ], [ 127.480050369127213, 36.666153989542849 ], [ 127.480239653085292, 36.662782228651388 ], [ 127.472145954445168, 36.660375274882661 ], [ 127.474100406529885, 36.656127645709503 ], [ 127.471730704686905, 36.660642943187078 ], [ 127.463144582171552, 36.669378458225879 ] ] ] ] } },
{ "type": "Feature", "properties": { "emd_cd": "43114105", "emd_nm": "주성동" }, "geometry": { "type": "MultiPolygon", "coordinates": [ [ [ [ 127.496087363939935, 36.670698261855705 ], [ 127.497494966589059, 36.674945070762618 ], [ 127.496295947177543, 36.675225916858949 ], [ 127.499135423535833, 36.680011378622652 ], [ 127.498663734651018, 36.684568112051942 ], [ 127.503714808168596, 36.683088319699536 ], [ 127.512349798629913, 36.674227725347599 ], [ 127.50108219799867, 36.668878669812344 ], [ 127.496087363939935, 36.670698261855705 ] ] ] ] } },
{ "type": "Feature", "properties": { "emd_cd": "43114106", "emd_nm": "주중동" }, "geometry": { "type": "MultiPolygon", "coordinates": [ [ [ [ 127.474990936421861, 36.684192517037424 ], [ 127.481851700136929, 36.68385956181973 ], [ 127.480595383453235, 36.687348160296033 ], [ 127.482625629283973, 36.690530809845782 ], [ 127.480862625317258, 36.696460532408295 ], [ 127.484489316133477, 36.69653411305233 ], [ 127.488366681422093, 36.692792283085076 ], [ 127.494390869400263, 36.691088526765022 ], [ 127.501949339919008, 36.690924869158479 ], [ 127.499091140710519, 36.686213580919478 ], [ 127.499135423535833, 36.680011378622652 ], [ 127.496295947177543, 36.675225916858949 ], [ 127.497494966589059, 36.674945070762618 ], [ 127.495978155065274, 36.670511535476265 ], [ 127.483282124092099, 36.671587257299436 ], [ 127.483102680748658, 36.679432368343996 ], [ 127.475054835920119, 36.680124899201431 ], [ 127.474990936421861, 36.684192517037424 ] ] ] ] } },
{ "type": "Feature", "properties": { "emd_cd": "43114107", "emd_nm": "정상동" }, "geometry": { "type": "MultiPolygon", "coordinates": [ [ [ [ 127.447069224229509, 36.681287942509051 ], [ 127.451034794493708, 36.684192105068348 ], [ 127.453109161264919, 36.683075748649657 ], [ 127.454492351162997, 36.684655791840143 ], [ 127.461156214694057, 36.682243290672496 ], [ 127.461716533102333, 36.683688372256 ], [ 127.473743993453027, 36.68543565447667 ], [ 127.475236047645197, 36.680412355198904 ], [ 127.472983292555128, 36.677886033444949 ], [ 127.468337132564884, 36.677003797845309 ], [ 127.466037868398161, 36.680313604045374 ], [ 127.458995034610211, 36.679719296940561 ], [ 127.45578092904185, 36.68154946780983 ], [ 127.450413572758933, 36.674892745520886 ], [ 127.447321795826568, 36.676606975518737 ], [ 127.448304450912474, 36.679706603916721 ], [ 127.447069224229509, 36.681287942509051 ] ] ] ] } },
{ "type": "Feature", "properties": { "emd_cd": "43114108", "emd_nm": "정하동" }, "geometry": { "type": "MultiPolygon", "coordinates": [ [ [ [ 127.468337132564884, 36.677003797845309 ], [ 127.466014180692937, 36.676066600864253 ], [ 127.466067935517799, 36.671169127534128 ], [ 127.463158855607304, 36.669344755168616 ], [ 127.45649806274713, 36.674642960986162 ], [ 127.451391444149436, 36.674899571519596 ], [ 127.451339905450851, 36.67715542427166 ], [ 127.45578092904185, 36.68154946780983 ], [ 127.458995034610211, 36.679719296940561 ], [ 127.466037868398161, 36.680313604045374 ], [ 127.468337132564884, 36.677003797845309 ] ] ] ] } },
{ "type": "Feature", "properties": { "emd_cd": "43114109", "emd_nm": "정북동" }, "geometry": { "type": "MultiPolygon", "coordinates": [ [ [ [ 127.446105782834124, 36.685732702918571 ], [ 127.449551111394115, 36.692218775662809 ], [ 127.45279468976419, 36.694492500209563 ], [ 127.462245533725024, 36.695911927678686 ], [ 127.46615517342147, 36.693357468476748 ], [ 127.464079105400387, 36.69097799605477 ], [ 127.46784720529908, 36.687329256747446 ], [ 127.466181341739912, 36.686040903154414 ], [ 127.467389794526184, 36.684777359678762 ], [ 127.461716533102333, 36.683688372256 ], [ 127.461156214694057, 36.682243290672496 ], [ 127.454492351162997, 36.684655791840143 ], [ 127.453109161264919, 36.683075748649657 ], [ 127.451105870830403, 36.684191710576854 ], [ 127.449093775771857, 36.683147426852791 ], [ 127.446105782834124, 36.685732702918571 ] ] ] ] } },
{ "type": "Feature", "properties": { "emd_cd": "43114110", "emd_nm": "오동동" }, "geometry": { "type": "MultiPolygon", "coordinates": [ [ [ [ 127.462015021602184, 36.696127635919829 ], [ 127.464602447962974, 36.698169138115723 ], [ 127.471202098358376, 36.69905689712629 ], [ 127.474150398028229, 36.702371109512363 ], [ 127.477895350563159, 36.700265657385877 ], [ 127.482126449780552, 36.692936365800797 ], [ 127.482586348851129, 36.689919022234697 ], [ 127.480595383453235, 36.687348160296033 ], [ 127.481851700136929, 36.68385956181973 ], [ 127.475439659299056, 36.683603205045749 ], [ 127.473743993453027, 36.68543565447667 ], [ 127.467389794526184, 36.684777359678762 ], [ 127.466181341739912, 36.686040903154414 ], [ 127.46784720529908, 36.687329256747446 ], [ 127.464079105400387, 36.69097799605477 ], [ 127.46615517342147, 36.693357468476748 ], [ 127.462015021602184, 36.696127635919829 ] ] ] ] } },
{ "type": "Feature", "properties": { "emd_cd": "43114111", "emd_nm": "외남동" }, "geometry": { "type": "MultiPolygon", "coordinates": [ [ [ [ 127.464175619477473, 36.697463279429257 ], [ 127.465225962688805, 36.705018573529394 ], [ 127.469966343010228, 36.701337228414573 ], [ 127.473610962417894, 36.706236695016685 ], [ 127.479882912627218, 36.702106409774487 ], [ 127.481669671974259, 36.703818250139484 ], [ 127.493314920458332, 36.699662222319866 ], [ 127.493573063341373, 36.696279155798067 ], [ 127.497137941396588, 36.697053329431249 ], [ 127.496792452282889, 36.691057871878982 ], [ 127.488366681422093, 36.692792283085076 ], [ 127.484489316133477, 36.69653411305233 ], [ 127.480685268085864, 36.696163617751182 ], [ 127.477895350563159, 36.700265657385877 ], [ 127.474150398028229, 36.702371109512363 ], [ 127.471202098358376, 36.69905689712629 ], [ 127.464175619477473, 36.697463279429257 ] ] ] ] } },
{ "type": "Feature", "properties": { "emd_cd": "43114112", "emd_nm": "외평동" }, "geometry": { "type": "MultiPolygon", "coordinates": [ [ [ [ 127.464800909956622, 36.706974532987239 ], [ 127.474116839851291, 36.715464604659218 ], [ 127.479127269435367, 36.70740978221184 ], [ 127.482338966451991, 36.709371692702106 ], [ 127.488986736402651, 36.709274253396018 ], [ 127.489217387724239, 36.714655864992828 ], [ 127.490527144774177, 36.715713593898158 ], [ 127.49489117412395, 36.715337044118755 ], [ 127.497552121596854, 36.71769897559308 ], [ 127.501224368786836, 36.716812883875214 ], [ 127.498648975125676, 36.713976792703569 ], [ 127.502050335796341, 36.71144654256247 ], [ 127.500583227961044, 36.707045579716819 ], [ 127.496368549626126, 36.705593786206407 ], [ 127.498864885568523, 36.702864858081803 ], [ 127.496739287913897, 36.696840947080439 ], [ 127.493573063341373, 36.696279155798067 ], [ 127.493314920458332, 36.699662222319866 ], [ 127.481669671974259, 36.703818250139484 ], [ 127.479882912627218, 36.702106409774487 ], [ 127.473610962417894, 36.706236695016685 ], [ 127.469966343010228, 36.701337228414573 ], [ 127.466525572116254, 36.703305230002194 ], [ 127.464800909956622, 36.706974532987239 ] ] ] ] } },
{ "type": "Feature", "properties": { "emd_cd": "43114113", "emd_nm": "외하동" }, "geometry": { "type": "MultiPolygon", "coordinates": [ [ [ [ 127.474116839851291, 36.715464604659218 ], [ 127.477345957651522, 36.717213383801592 ], [ 127.479206868989237, 36.721989442750761 ], [ 127.486279616200818, 36.722396760014284 ], [ 127.485328771276883, 36.718431928167064 ], [ 127.492105190921762, 36.715659441168398 ], [ 127.489217387724239, 36.714655864992828 ], [ 127.488566969215171, 36.70899474389573 ], [ 127.482792089513225, 36.709452331363778 ], [ 127.479127269435367, 36.70740978221184 ], [ 127.474116839851291, 36.715464604659218 ] ] ] ] } },
{ "type": "Feature", "properties": { "emd_cd": "43114250", "emd_nm": "내수읍" }, "geometry": { "type": "MultiPolygon", "coordinates": [ [ [ [ 127.485061173847157, 36.718854716631959 ], [ 127.490082100092593, 36.729504201870071 ], [ 127.494321334567047, 36.731684372211987 ], [ 127.512325279481004, 36.733886505918264 ], [ 127.519061206469615, 36.731043377880198 ], [ 127.529193993943991, 36.734661320291892 ], [ 127.539728696544401, 36.731649673697156 ], [ 127.549756330421317, 36.72289461417617 ], [ 127.556200816912124, 36.722062250326303 ], [ 127.566882791289828, 36.714081584264065 ], [ 127.572948928443054, 36.716820961821192 ], [ 127.578550407386885, 36.717306984991538 ], [ 127.582005573107452, 36.721822681552176 ], [ 127.60522522101698, 36.725132733753462 ], [ 127.609558303917225, 36.730180181595117 ], [ 127.613897810548877, 36.726405382848988 ], [ 127.615478035070794, 36.718594698515666 ], [ 127.618610068264886, 36.716795380880214 ], [ 127.618907876896287, 36.714810642029207 ], [ 127.617953865057714, 36.707371875525112 ], [ 127.614825961314509, 36.704818600221003 ], [ 127.613476739447933, 36.700990345323135 ], [ 127.597557972190771, 36.697301231521095 ], [ 127.594577888165574, 36.693173808713055 ], [ 127.590697261415684, 36.691622396890772 ], [ 127.591663781036658, 36.688091633308936 ], [ 127.585884515551541, 36.683438824527528 ], [ 127.579195164278019, 36.684199083967499 ], [ 127.566987803001538, 36.674364066017667 ], [ 127.560030338299796, 36.675249973398969 ], [ 127.552718027711634, 36.672928686041836 ], [ 127.548622277607464, 36.673493331831374 ], [ 127.543155325634061, 36.66869677523799 ], [ 127.537042260669935, 36.669577036699053 ], [ 127.532753607169212, 36.665893697094432 ], [ 127.516572112791138, 36.671657518209045 ], [ 127.505932266629259, 36.679465164068255 ], [ 127.503714808168596, 36.683088319699536 ], [ 127.498663734651018, 36.684568112051942 ], [ 127.501949339918994, 36.690924869158493 ], [ 127.496543107870011, 36.691533642150226 ], [ 127.498864885568523, 36.702864858081774 ], [ 127.496368549626126, 36.705593786206414 ], [ 127.500583227961044, 36.707045579716798 ], [ 127.502050335796341, 36.711446542562463 ], [ 127.498648975125676, 36.713976792703576 ], [ 127.501224368786808, 36.716812883875235 ], [ 127.497552121596854, 36.717698975593073 ], [ 127.49489117412395, 36.715337044118755 ], [ 127.492105190921791, 36.715659441168391 ], [ 127.485061173847157, 36.718854716631959 ] ] ] ] } },
{ "type": "Feature", "properties": { "emd_cd": "43114253", "emd_nm": "오창읍" }, "geometry": { "type": "MultiPolygon", "coordinates": [ [ [ [ 127.318013592866279, 36.724902935662591 ], [ 127.327152805809817, 36.734223136808211 ], [ 127.329644628137629, 36.734369229570412 ], [ 127.335812293513314, 36.729366527519623 ], [ 127.342496600575117, 36.732798878683752 ], [ 127.342729576231292, 36.737362971076408 ], [ 127.33792280497299, 36.740243945372043 ], [ 127.337306561051506, 36.744560310684143 ], [ 127.332700307160167, 36.747598993212669 ], [ 127.335781931819724, 36.752568032675455 ], [ 127.347797785021939, 36.752902252546114 ], [ 127.353717267033474, 36.754849286022115 ], [ 127.35763655945874, 36.761063327626097 ], [ 127.360254183517554, 36.759724213656519 ], [ 127.36974138726363, 36.761651660623066 ], [ 127.37238047012184, 36.758310125733367 ], [ 127.385728585504367, 36.759558986600432 ], [ 127.388846563475695, 36.753027413912548 ], [ 127.393455562034333, 36.752618961743188 ], [ 127.39586123027614, 36.748151369292081 ], [ 127.404159585289278, 36.744852955354283 ], [ 127.405682365206061, 36.749985170576174 ], [ 127.411238284429089, 36.753290155641182 ], [ 127.410805498955639, 36.755930219890878 ], [ 127.412286534446565, 36.75731549604378 ], [ 127.417054396184, 36.756683476638806 ], [ 127.424301210158589, 36.758775672576682 ], [ 127.42684055126675, 36.757632581541543 ], [ 127.424767886103069, 36.754800966491736 ], [ 127.427108088630973, 36.750710662378019 ], [ 127.439153573260455, 36.753254930144614 ], [ 127.443763086431915, 36.748728231288887 ], [ 127.45095473499974, 36.749419783825246 ], [ 127.448604289039707, 36.75471160360312 ], [ 127.449928769505618, 36.759101722339089 ], [ 127.458439143962892, 36.765785172207096 ], [ 127.460400880792676, 36.769947583362914 ], [ 127.470412540143784, 36.768820069461583 ], [ 127.48113506576756, 36.774401777210642 ], [ 127.481724864792668, 36.776028110757181 ], [ 127.490470055237083, 36.773798597680162 ], [ 127.497277672191785, 36.779936237023541 ], [ 127.504889377448023, 36.779481458583192 ], [ 127.508679405095265, 36.776870933863478 ], [ 127.510121258095324, 36.772347339450796 ], [ 127.509183993110014, 36.769287402767624 ], [ 127.502772638041179, 36.765495603315465 ], [ 127.499598704092875, 36.758300115140564 ], [ 127.487229599810846, 36.745766338503664 ], [ 127.478273167797852, 36.727729679713434 ], [ 127.478314633014051, 36.718738645806233 ], [ 127.465075657813699, 36.707592599360979 ], [ 127.464097005892953, 36.697460908580823 ], [ 127.462130649527182, 36.695889826319188 ], [ 127.452904525306764, 36.694572472254144 ], [ 127.449555602050253, 36.692213631422838 ], [ 127.44661616338729, 36.685272227440301 ], [ 127.437043530555172, 36.683469374586771 ], [ 127.431649404082947, 36.684625478491391 ], [ 127.431456626804376, 36.689334271684764 ], [ 127.425754787995317, 36.689182871509793 ], [ 127.423198132072059, 36.694421207983048 ], [ 127.408860599654844, 36.705514059508396 ], [ 127.410715057877539, 36.710057088832151 ], [ 127.405983207211264, 36.708758877596438 ], [ 127.405949591060718, 36.710451039540573 ], [ 127.4002159915524, 36.712348039192392 ], [ 127.394700288983543, 36.71729634686865 ], [ 127.387081652565271, 36.717651552699074 ], [ 127.374730587907337, 36.712501675191518 ], [ 127.362646523082972, 36.717762253861473 ], [ 127.339396516713677, 36.718904178612256 ], [ 127.32618008776987, 36.724244330735722 ], [ 127.320199825209031, 36.723671020021762 ], [ 127.318013592866279, 36.724902935662591 ] ] ] ] } },
{ "type": "Feature", "properties": { "emd_cd": "43114310", "emd_nm": "북이면" }, "geometry": { "type": "MultiPolygon", "coordinates": [ [ [ [ 127.478273167797852, 36.727729679713434 ], [ 127.487719962809976, 36.746536105496091 ], [ 127.499596833922041, 36.758300122969096 ], [ 127.5027708571766, 36.765495592796164 ], [ 127.507605145239779, 36.767857576261093 ], [ 127.50929793232207, 36.766847618416058 ], [ 127.532249660263631, 36.770862582950478 ], [ 127.564797969810328, 36.78025349170634 ], [ 127.568566198779465, 36.771865207500696 ], [ 127.571139357634365, 36.771655565846672 ], [ 127.57698818017451, 36.766369962887303 ], [ 127.579050238847742, 36.767005211564417 ], [ 127.5820780798866, 36.765017620199451 ], [ 127.583617041972232, 36.761924884045762 ], [ 127.588940914568354, 36.760591017739948 ], [ 127.587195198150425, 36.755449481860524 ], [ 127.59034399820041, 36.753117160760894 ], [ 127.59041190275164, 36.748026771848572 ], [ 127.598322091819497, 36.74413660136679 ], [ 127.603972848826103, 36.745712645880332 ], [ 127.606118426612937, 36.743495925156175 ], [ 127.606502190613398, 36.740264286066434 ], [ 127.608156735287281, 36.739710346211552 ], [ 127.608676573324956, 36.736365331094831 ], [ 127.610574460749916, 36.735279096950073 ], [ 127.609423706382302, 36.729509556941579 ], [ 127.60561435976355, 36.725307069244614 ], [ 127.582005573107452, 36.721822681552176 ], [ 127.578550407386885, 36.717306984991545 ], [ 127.572948928443054, 36.716820961821192 ], [ 127.566882791289828, 36.714081584264079 ], [ 127.556200816912124, 36.722062250326324 ], [ 127.549756330421317, 36.722894614176155 ], [ 127.539728696544429, 36.731649673697149 ], [ 127.529519150746836, 36.734634467046504 ], [ 127.519061206469615, 36.731043377880212 ], [ 127.512325279481004, 36.733886505918242 ], [ 127.494321334567047, 36.731684372211966 ], [ 127.490082100092593, 36.729504201870085 ], [ 127.485308516171713, 36.721763194496575 ], [ 127.478679553570856, 36.722211347278964 ], [ 127.478273167797852, 36.727729679713434 ] ] ] ] } },
{ "type": "Feature", "properties": { "emd_cd": "43130101", "emd_nm": "성내동" }, "geometry": { "type": "MultiPolygon", "coordinates": [ [ [ [ 127.93816079207356, 36.969103706694483 ], [ 127.934056882754845, 36.969302668317432 ], [ 127.933750461137791, 36.973798540487778 ], [ 127.937586326953181, 36.971712568176066 ], [ 127.93816079207356, 36.969103706694483 ] ] ] ] } },
{ "type": "Feature", "properties": { "emd_cd": "43130102", "emd_nm": "성남동" }, "geometry": { "type": "MultiPolygon", "coordinates": [ [ [ [ 127.931803577271907, 36.969272238025233 ], [ 127.93816079207356, 36.969103706694483 ], [ 127.938478605874209, 36.967040288621746 ], [ 127.93360855495537, 36.967219210239094 ], [ 127.933966612725726, 36.968413656356347 ], [ 127.931803577271907, 36.969272238025233 ] ] ] ] } },
{ "type": "Feature", "properties": { "emd_cd": "43130103", "emd_nm": "성서동" }, "geometry": { "type": "MultiPolygon", "coordinates": [ [ [ [ 127.931811346468379, 36.969009125431072 ], [ 127.929291711267751, 36.97295900102592 ], [ 127.933892726702339, 36.972262247379248 ], [ 127.934056882754845, 36.969302668317432 ], [ 127.931811346468379, 36.969009125431072 ] ] ] ] } },
{ "type": "Feature", "properties": { "emd_cd": "43130104", "emd_nm": "충인동" }, "geometry": { "type": "MultiPolygon", "coordinates": [ [ [ [ 127.933892726702339, 36.972262247379248 ], [ 127.931526545339082, 36.972693665235191 ], [ 127.93074699198101, 36.975868181986719 ], [ 127.9339269261, 36.973941709617925 ], [ 127.933892726702339, 36.972262247379248 ] ] ] ] } },
{ "type": "Feature", "properties": { "emd_cd": "43130105", "emd_nm": "교현동" }, "geometry": { "type": "MultiPolygon", "coordinates": [ [ [ [ 127.927544888910973, 36.975714199333652 ], [ 127.921855464644352, 36.978499468983067 ], [ 127.924091000509677, 36.984694063245051 ], [ 127.928304509909722, 36.984308033583964 ], [ 127.928285761540252, 36.98231795100024 ], [ 127.94326988080185, 36.980349302260734 ], [ 127.944322420404461, 36.978390059991987 ], [ 127.943112191969831, 36.975635699537449 ], [ 127.946476211470312, 36.974053497269949 ], [ 127.942389275119922, 36.972220673749398 ], [ 127.94187037117905, 36.968769785858676 ], [ 127.948409399783714, 36.96891954275435 ], [ 127.948508489826494, 36.967136618290979 ], [ 127.953259567553715, 36.964399599831914 ], [ 127.960786177276105, 36.957389071247093 ], [ 127.960879245659726, 36.955769210039136 ], [ 127.947224108928339, 36.964608228651279 ], [ 127.943130270769032, 36.963557237407002 ], [ 127.942488526312289, 36.966201644901822 ], [ 127.938151373316586, 36.96852653437562 ], [ 127.937586326953181, 36.971712568176066 ], [ 127.931276781587712, 36.975685807263382 ], [ 127.927544888910973, 36.975714199333652 ] ] ] ] } },
{ "type": "Feature", "properties": { "emd_cd": "43130106", "emd_nm": "용산동" }, "geometry": { "type": "MultiPolygon", "coordinates": [ [ [ [ 127.955142854899975, 36.954601299771994 ], [ 127.947022222711666, 36.957755650771141 ], [ 127.943909698947238, 36.957385995840056 ], [ 127.940033798444475, 36.959795451080126 ], [ 127.936320811545329, 36.959114939072677 ], [ 127.932689877621272, 36.96872492333376 ], [ 127.93360855495537, 36.967219210239094 ], [ 127.938478605874209, 36.967040288621746 ], [ 127.93880873664979, 36.96817276786026 ], [ 127.942488526312289, 36.966201644901822 ], [ 127.943130270769032, 36.963557237407002 ], [ 127.947520992799838, 36.964471715821624 ], [ 127.960401338135114, 36.95559283368155 ], [ 127.955142854899975, 36.954601299771994 ] ] ] ] } },
{ "type": "Feature", "properties": { "emd_cd": "43130107", "emd_nm": "호암동" }, "geometry": { "type": "MultiPolygon", "coordinates": [ [ [ [ 127.914209670652866, 36.95601782342959 ], [ 127.909884965297309, 36.957519597868902 ], [ 127.911624345445915, 36.961360124552776 ], [ 127.915069792065538, 36.96027951036897 ], [ 127.923434417893944, 36.966638716689047 ], [ 127.927500198361628, 36.965169059566968 ], [ 127.930965811619373, 36.961443071034608 ], [ 127.930899927970671, 36.957371972836825 ], [ 127.93452365983579, 36.957396555292242 ], [ 127.93544149362134, 36.959630761384837 ], [ 127.940033798444475, 36.959795451080126 ], [ 127.943909698947238, 36.957385995840056 ], [ 127.947022222711666, 36.957755650771141 ], [ 127.955142854899975, 36.954601299771994 ], [ 127.947422486208936, 36.949492002728192 ], [ 127.944584410010208, 36.950935024683062 ], [ 127.941275161108464, 36.944067687703111 ], [ 127.941686764440874, 36.937963586971819 ], [ 127.935714359999082, 36.937267338045189 ], [ 127.93403214857274, 36.939417383819176 ], [ 127.928293511350859, 36.939636782915073 ], [ 127.921567481145274, 36.944347444888209 ], [ 127.919525045656385, 36.948364026934129 ], [ 127.913719378242732, 36.952370236023469 ], [ 127.914209670652866, 36.95601782342959 ] ] ] ] } },
{ "type": "Feature", "properties": { "emd_cd": "43130108", "emd_nm": "직동" }, "geometry": { "type": "MultiPolygon", "coordinates": [ [ [ [ 127.941686764440874, 36.937963586971819 ], [ 127.941275161108464, 36.944067687703111 ], [ 127.944584410010208, 36.950935024683062 ], [ 127.947422486208936, 36.949492002728192 ], [ 127.955142854899975, 36.954601299771994 ], [ 127.965905452070174, 36.956810058756233 ], [ 127.970561999824142, 36.955719258569665 ], [ 127.974388268517032, 36.95678825738559 ], [ 127.977004924207122, 36.955201844907087 ], [ 127.978981308221108, 36.947862194084131 ], [ 127.985993646357628, 36.941595524475289 ], [ 127.980749624079905, 36.938144894122892 ], [ 127.982722000374395, 36.930339329065298 ], [ 127.97386751119565, 36.928141472639773 ], [ 127.971674084288878, 36.930374631309064 ], [ 127.969118997013496, 36.930481541999022 ], [ 127.965473220930448, 36.935454653614833 ], [ 127.953521062468667, 36.935099316010806 ], [ 127.948419174074189, 36.933239233857762 ], [ 127.945541672683433, 36.934125058494665 ], [ 127.945408968871504, 36.936953918290584 ], [ 127.941686764440874, 36.937963586971819 ] ] ] ] } },
{ "type": "Feature", "properties": { "emd_cd": "43130109", "emd_nm": "단월동" }, "geometry": { "type": "MultiPolygon", "coordinates": [ [ [ [ 127.905846192400801, 36.958642777436296 ], [ 127.914209670652866, 36.95601782342959 ], [ 127.913719378242732, 36.952370236023469 ], [ 127.919525045656385, 36.948364026934129 ], [ 127.921567481145274, 36.944347444888209 ], [ 127.928293511350859, 36.939636782915073 ], [ 127.934680985058947, 36.938858041808949 ], [ 127.935714359999082, 36.937267338045189 ], [ 127.931896893687039, 36.934526640472022 ], [ 127.931338425012157, 36.931887712995334 ], [ 127.926856123749417, 36.936935301135883 ], [ 127.91007737080642, 36.941849811135782 ], [ 127.893210034454597, 36.939494057546511 ], [ 127.887082742511652, 36.94216855819861 ], [ 127.889768880621077, 36.950318341996521 ], [ 127.899839732564956, 36.948852182448249 ], [ 127.900048592164211, 36.951030599244412 ], [ 127.905208552176475, 36.952916307378139 ], [ 127.905846192400801, 36.958642777436296 ] ] ] ] } },
{ "type": "Feature", "properties": { "emd_cd": "43130110", "emd_nm": "풍동" }, "geometry": { "type": "MultiPolygon", "coordinates": [ [ [ [ 127.930517309771048, 36.931511100625521 ], [ 127.914303956514487, 36.914999884233801 ], [ 127.907155149814386, 36.915176331188334 ], [ 127.904631943766248, 36.917691116497295 ], [ 127.898625450198352, 36.91766403065742 ], [ 127.894737427614061, 36.921988325981609 ], [ 127.890009075621137, 36.922910561985177 ], [ 127.890065452409104, 36.924330755604153 ], [ 127.896230778943192, 36.926912443315381 ], [ 127.895897103612029, 36.931764302560588 ], [ 127.898199779642098, 36.933556619964989 ], [ 127.899089543647165, 36.941069422220913 ], [ 127.901330178495144, 36.941568518683923 ], [ 127.91007737080642, 36.941849811135782 ], [ 127.924405401383964, 36.937839617615715 ], [ 127.928191176684123, 36.935867885654403 ], [ 127.930517309771048, 36.931511100625521 ] ] ] ] } },
{ "type": "Feature", "properties": { "emd_cd": "43130111", "emd_nm": "가주동" }, "geometry": { "type": "MultiPolygon", "coordinates": [ [ [ [ 127.871489576232435, 36.934581822620522 ], [ 127.875631187953232, 36.936676302935972 ], [ 127.87941176688409, 36.941867340061208 ], [ 127.882993448280573, 36.94244898637799 ], [ 127.892794518279672, 36.939500222053212 ], [ 127.899089543647165, 36.941069422220913 ], [ 127.898199779642098, 36.933556619964989 ], [ 127.895897103612029, 36.931764302560588 ], [ 127.896230778943192, 36.926912443315381 ], [ 127.890065452409104, 36.924330755604153 ], [ 127.890091279268944, 36.922755596027621 ], [ 127.877645642112114, 36.92586218860307 ], [ 127.872749574371937, 36.930743744567827 ], [ 127.871489576232435, 36.934581822620522 ] ] ] ] } },
{ "type": "Feature", "properties": { "emd_cd": "43130112", "emd_nm": "용관동" }, "geometry": { "type": "MultiPolygon", "coordinates": [ [ [ [ 127.874625114136876, 36.954987303233779 ], [ 127.876199717250387, 36.956717333778734 ], [ 127.879767475143495, 36.957105250171757 ], [ 127.880246428279165, 36.960160842609724 ], [ 127.884259210816737, 36.960149361387813 ], [ 127.884840345735824, 36.961563511377982 ], [ 127.891997825530282, 36.960974249471008 ], [ 127.889693968241602, 36.948452424911522 ], [ 127.886779697645764, 36.943471606433512 ], [ 127.887493268732968, 36.941652553178052 ], [ 127.886083138271957, 36.940782418662621 ], [ 127.882993448280573, 36.94244898637799 ], [ 127.880675460153014, 36.941266026211864 ], [ 127.874889972609836, 36.944393113996334 ], [ 127.874988798558235, 36.947643374066857 ], [ 127.878717889863168, 36.952577152525095 ], [ 127.874625114136876, 36.954987303233779 ] ] ] ] } },
{ "type": "Feature", "properties": { "emd_cd": "43130113", "emd_nm": "용두동" }, "geometry": { "type": "MultiPolygon", "coordinates": [ [ [ [ 127.873094662785064, 36.963748461687878 ], [ 127.876014464209973, 36.964287537862724 ], [ 127.878389369725568, 36.966866952380634 ], [ 127.879438761505682, 36.974263166733493 ], [ 127.889120784481307, 36.975414271369232 ], [ 127.892970793177028, 36.965045519382713 ], [ 127.891997825530282, 36.960974249471008 ], [ 127.884840345735824, 36.961563511377982 ], [ 127.882337290513107, 36.959868124547015 ], [ 127.873094662785064, 36.963748461687878 ] ] ] ] } },
{ "type": "Feature", "properties": { "emd_cd": "43130114", "emd_nm": "달천동" }, "geometry": { "type": "MultiPolygon", "coordinates": [ [ [ [ 127.919274017693155, 36.963877327155437 ], [ 127.915069792065538, 36.96027951036897 ], [ 127.911624345445915, 36.961360124552776 ], [ 127.909884965297309, 36.957519597868902 ], [ 127.912215722446902, 36.956684970196463 ], [ 127.905846192400801, 36.958642777436296 ], [ 127.905208552176475, 36.952916307378139 ], [ 127.900048592164211, 36.951030599244412 ], [ 127.899839732564956, 36.948852182448249 ], [ 127.889768880621077, 36.950318341996521 ], [ 127.892970793177028, 36.965045519382713 ], [ 127.89790037952757, 36.970527976171439 ], [ 127.912922616205307, 36.970966584806483 ], [ 127.914961729397788, 36.967584030000793 ], [ 127.917875618651678, 36.96709630255372 ], [ 127.919274017693155, 36.963877327155437 ] ] ] ] } },
{ "type": "Feature", "properties": { "emd_cd": "43130115", "emd_nm": "봉방동" }, "geometry": { "type": "MultiPolygon", "coordinates": [ [ [ [ 127.89089807026842, 36.988190304167247 ], [ 127.894036190009246, 36.983508102601299 ], [ 127.905465353120363, 36.979880582592997 ], [ 127.911688130787098, 36.978571067527589 ], [ 127.91278686578066, 36.980973399117268 ], [ 127.918389068016694, 36.979142561340922 ], [ 127.922636652774344, 36.979713922870602 ], [ 127.922008175785422, 36.978188514258477 ], [ 127.92489044084995, 36.977662122532045 ], [ 127.929267600910265, 36.973245848457701 ], [ 127.924534579004373, 36.974921346885658 ], [ 127.913848853767163, 36.969197534150489 ], [ 127.912922616205307, 36.970966584806483 ], [ 127.899607352920583, 36.971288321031778 ], [ 127.892970793177028, 36.965045519382713 ], [ 127.889120784481307, 36.975414271369232 ], [ 127.89089807026842, 36.988190304167247 ] ] ], [ [ [ 127.890922155630733, 36.988275488926476 ], [ 127.890985375267675, 36.988240162744368 ], [ 127.89089807026842, 36.988190304167247 ], [ 127.890922155630733, 36.988275488926476 ] ] ] ] } },
{ "type": "Feature", "properties": { "emd_cd": "43130116", "emd_nm": "칠금동" }, "geometry": { "type": "MultiPolygon", "coordinates": [ [ [ [ 127.894036190009246, 36.983508102601299 ], [ 127.890726105516379, 36.989463195164689 ], [ 127.901282495751346, 36.990031034409135 ], [ 127.903819129155622, 36.989559293030865 ], [ 127.905669137552053, 36.986641829477293 ], [ 127.909179948791945, 36.98937862687108 ], [ 127.91142011288369, 36.987963144124137 ], [ 127.924453192367793, 36.987471332785532 ], [ 127.923035882191741, 36.979580803667879 ], [ 127.918389068016694, 36.979142561340922 ], [ 127.91278686578066, 36.980973399117268 ], [ 127.911688130787098, 36.978571067527589 ], [ 127.894036190009246, 36.983508102601299 ] ] ] ] } },
{ "type": "Feature", "properties": { "emd_cd": "43130118", "emd_nm": "연수동" }, "geometry": { "type": "MultiPolygon", "coordinates": [ [ [ [ 127.92421318613799, 36.986719195007787 ], [ 127.928163402506115, 36.987240414656377 ], [ 127.929100627063789, 36.992044410479274 ], [ 127.93227588225156, 36.993425841647252 ], [ 127.932904445782484, 36.996345544691884 ], [ 127.937319673000246, 37.000634704344421 ], [ 127.940755459503151, 36.999126136137875 ], [ 127.945716476576109, 37.000183046294374 ], [ 127.953332227271645, 36.999069956671569 ], [ 127.955266191138577, 36.996957493347331 ], [ 127.959392391195451, 36.997123667584013 ], [ 127.966187778644482, 36.991755475889065 ], [ 127.963821814497834, 36.989208170616315 ], [ 127.95202978092901, 36.985621218674652 ], [ 127.945906917602628, 36.980474755822435 ], [ 127.928285761540252, 36.98231795100024 ], [ 127.928304509909722, 36.984308033583964 ], [ 127.924091000509677, 36.984694063245051 ], [ 127.92421318613799, 36.986719195007787 ] ] ] ] } },
{ "type": "Feature", "properties": { "emd_cd": "43130119", "emd_nm": "목행동" }, "geometry": { "type": "MultiPolygon", "coordinates": [ [ [ [ 127.936251893732418, 36.999296465328285 ], [ 127.930194375570849, 37.000943734306773 ], [ 127.924280490782493, 36.997941727996029 ], [ 127.923782485641595, 36.999446322254222 ], [ 127.915935085028963, 37.003046173966951 ], [ 127.911316053474508, 37.000953260336864 ], [ 127.912216131119152, 37.014275178191461 ], [ 127.921097765907618, 37.019718132621612 ], [ 127.936196152608773, 37.019731303973359 ], [ 127.93854402500348, 37.013945468140776 ], [ 127.935155300862064, 37.011857433566654 ], [ 127.937745113161554, 37.009764332100318 ], [ 127.937415204063711, 37.006913193213677 ], [ 127.94029782217568, 37.006798881674328 ], [ 127.941705069853739, 37.002553091981007 ], [ 127.941288116975869, 36.99932001411841 ], [ 127.937319673000246, 37.000634704344421 ], [ 127.936251893732418, 36.999296465328285 ] ] ] ] } },
{ "type": "Feature", "properties": { "emd_cd": "43130120", "emd_nm": "용탄동" }, "geometry": { "type": "MultiPolygon", "coordinates": [ [ [ [ 127.941597204365451, 36.999522463465354 ], [ 127.941317678299356, 37.005294956240405 ], [ 127.937415204063711, 37.006913193213677 ], [ 127.937745113161554, 37.009764332100318 ], [ 127.935155300862064, 37.011857433566654 ], [ 127.93854402500348, 37.013945468140776 ], [ 127.936196152608773, 37.019731303973359 ], [ 127.948415670688419, 37.020312985707413 ], [ 127.959557274394101, 37.024288410989094 ], [ 127.975600044257078, 37.013552551092289 ], [ 127.973554829397941, 37.011790491517679 ], [ 127.974246004431905, 37.008310723173985 ], [ 127.971260477856504, 37.00376616701822 ], [ 127.973682316603359, 37.001822897567195 ], [ 127.977870196916442, 36.993010386637472 ], [ 127.975802491777813, 36.990271236806493 ], [ 127.972628533502586, 36.990138923018513 ], [ 127.966187778644482, 36.991755475889065 ], [ 127.959392391195451, 36.997123667584013 ], [ 127.955266191138577, 36.996957493347331 ], [ 127.950353980942907, 36.999975804117497 ], [ 127.941597204365451, 36.999522463465354 ] ] ] ] } },
{ "type": "Feature", "properties": { "emd_cd": "43130121", "emd_nm": "종민동" }, "geometry": { "type": "MultiPolygon", "coordinates": [ [ [ [ 127.97981963628861, 36.972911910724164 ], [ 127.981942885624704, 36.980605832417254 ], [ 127.981361254949434, 36.984241651906792 ], [ 127.976191862450719, 36.990522647471693 ], [ 127.977630226060128, 36.993868051112379 ], [ 127.971260477856504, 37.00376616701822 ], [ 127.974246004431905, 37.008310723173985 ], [ 127.973554829397941, 37.011790491517679 ], [ 127.975600044257078, 37.013552551092289 ], [ 127.987054799564689, 37.009932682506836 ], [ 127.997328814377582, 37.000262951445251 ], [ 128.001511434316711, 36.993019329334821 ], [ 128.002197709138642, 36.985133689047743 ], [ 128.007067498817889, 36.978555765803087 ], [ 128.008902341033519, 36.972920312587306 ], [ 128.014722538498148, 36.970452932789186 ], [ 128.000312767315563, 36.96956458268447 ], [ 127.97981963628861, 36.972911910724164 ] ] ] ] } },
{ "type": "Feature", "properties": { "emd_cd": "43130122", "emd_nm": "안림동" }, "geometry": { "type": "MultiPolygon", "coordinates": [ [ [ [ 127.94326988080185, 36.980349302260734 ], [ 127.945906917602628, 36.980474755822435 ], [ 127.953510418548575, 36.986305238702649 ], [ 127.963821814497834, 36.989208170616315 ], [ 127.966187778644482, 36.991755475889065 ], [ 127.976191862450719, 36.990522647471693 ], [ 127.981361254949434, 36.984241651906792 ], [ 127.981942885624704, 36.980605832417254 ], [ 127.979860494775977, 36.976392464871836 ], [ 127.980424622790423, 36.968600801547332 ], [ 127.975387204233883, 36.96245409627759 ], [ 127.974388268517032, 36.95678825738559 ], [ 127.960879245659726, 36.955769210039136 ], [ 127.960786177276105, 36.957389071247093 ], [ 127.953259567553715, 36.964399599831914 ], [ 127.948508489826494, 36.967136618290979 ], [ 127.948409399783714, 36.96891954275435 ], [ 127.941919090461781, 36.968729213315569 ], [ 127.942389275119922, 36.972220673749398 ], [ 127.946476211470312, 36.974053497269949 ], [ 127.943112191969831, 36.975635699537449 ], [ 127.944322420404461, 36.978390059991987 ], [ 127.94326988080185, 36.980349302260734 ] ] ] ] } },
{ "type": "Feature", "properties": { "emd_cd": "43130123", "emd_nm": "목벌동" }, "geometry": { "type": "MultiPolygon", "coordinates": [ [ [ [ 127.977942075356935, 36.953534695152278 ], [ 127.974285488414736, 36.95775458809306 ], [ 127.976529195954939, 36.96458797649835 ], [ 127.980424622790423, 36.968600801547332 ], [ 127.97981963628861, 36.972911910724164 ], [ 128.000312767315563, 36.96956458268447 ], [ 128.020843677224633, 36.9704617817562 ], [ 128.026085011053084, 36.968289725702171 ], [ 128.028293018141966, 36.96541973278039 ], [ 128.020173481696986, 36.962215304403522 ], [ 128.018607505016973, 36.959575403413758 ], [ 128.01275911069439, 36.958178298174587 ], [ 128.00379908699432, 36.95039164739098 ], [ 127.997051352495831, 36.955908621772558 ], [ 127.987646863823031, 36.952154146728773 ], [ 127.981361207299329, 36.95411258410433 ], [ 127.977942075356935, 36.953534695152278 ] ] ] ] } },
{ "type": "Feature", "properties": { "emd_cd": "43130124", "emd_nm": "충의동" }, "geometry": { "type": "MultiPolygon", "coordinates": [ [ [ [ 127.927544888910973, 36.975714199333652 ], [ 127.93074699198101, 36.975868181986719 ], [ 127.931526545339082, 36.972693665235191 ], [ 127.929291711267751, 36.97295900102592 ], [ 127.927544888910973, 36.975714199333652 ] ] ] ] } },
{ "type": "Feature", "properties": { "emd_cd": "43130125", "emd_nm": "지현동" }, "geometry": { "type": "MultiPolygon", "coordinates": [ [ [ [ 127.928587281790286, 36.964044358370018 ], [ 127.930556264884189, 36.967671931912719 ], [ 127.927415708747873, 36.970561074310361 ], [ 127.929855779155076, 36.971189837418393 ], [ 127.933148056172456, 36.96827963576348 ], [ 127.934799663047542, 36.964046356984305 ], [ 127.93452365983579, 36.957396555292242 ], [ 127.930899927970671, 36.957371972836825 ], [ 127.930965811619373, 36.961443071034608 ], [ 127.928587281790286, 36.964044358370018 ] ] ] ] } },
{ "type": "Feature", "properties": { "emd_cd": "43130127", "emd_nm": "문화동" }, "geometry": { "type": "MultiPolygon", "coordinates": [ [ [ [ 127.913848853767163, 36.969197534150489 ], [ 127.924894441457141, 36.974952833436369 ], [ 127.929267600910265, 36.973245848457701 ], [ 127.930524989892959, 36.970628665968277 ], [ 127.928494220378298, 36.970987350952257 ], [ 127.927472738615592, 36.969476894819699 ], [ 127.928853696224209, 36.969525829398599 ], [ 127.930745869864992, 36.966202037920489 ], [ 127.928587281790286, 36.964044358370018 ], [ 127.923285414375513, 36.966617833902902 ], [ 127.919262306483304, 36.963876417510036 ], [ 127.917875618651678, 36.96709630255372 ], [ 127.913848853767163, 36.969197534150489 ] ] ] ] } },
{ "type": "Feature", "properties": { "emd_cd": "43130128", "emd_nm": "금릉동" }, "geometry": { "type": "MultiPolygon", "coordinates": [ [ [ [ 127.92421318613799, 36.986719195007787 ], [ 127.924668712934562, 36.98714306420279 ], [ 127.925330795492002, 36.987131516233156 ], [ 127.92421318613799, 36.986719195007787 ] ] ], [ [ [ 127.928163402506115, 36.987240414656377 ], [ 127.91142011288369, 36.987963144124137 ], [ 127.909179948791945, 36.98937862687108 ], [ 127.905669137552053, 36.986641829477293 ], [ 127.903505057535341, 36.992343487999349 ], [ 127.905100537318631, 36.995667149934661 ], [ 127.915488768306247, 37.002967796889173 ], [ 127.919601084497927, 37.001922926346801 ], [ 127.924280490782493, 36.997941727996029 ], [ 127.930194375570849, 37.000943734306773 ], [ 127.936251893732418, 36.999296465328285 ], [ 127.932904445782484, 36.996345544691884 ], [ 127.93227588225156, 36.993425841647252 ], [ 127.929100627063789, 36.992044410479274 ], [ 127.928163402506115, 36.987240414656377 ] ] ] ] } },
{ "type": "Feature", "properties": { "emd_cd": "43130250", "emd_nm": "주덕읍" }, "geometry": { "type": "MultiPolygon", "coordinates": [ [ [ [ 127.827853413580087, 37.006769201105648 ], [ 127.823914186644103, 37.001837186897404 ], [ 127.815669935672616, 37.00370918736013 ], [ 127.8094948115412, 36.993714235751881 ], [ 127.813064567563814, 36.991698469953235 ], [ 127.805433542941927, 36.986211336082867 ], [ 127.803916621661074, 36.977502371930392 ], [ 127.806320547738281, 36.974559917053497 ], [ 127.814087725763486, 36.973486820579602 ], [ 127.810681650317036, 36.962895127642234 ], [ 127.812332013785209, 36.962070405190261 ], [ 127.803388465757195, 36.955403124200593 ], [ 127.800062545098783, 36.950457434073137 ], [ 127.800716824647424, 36.947546559143419 ], [ 127.794935581795187, 36.945909668463592 ], [ 127.791626683789133, 36.938655926706438 ], [ 127.787027921255486, 36.937035091624715 ], [ 127.784306717756607, 36.937724726855528 ], [ 127.780934142375287, 36.934913706651194 ], [ 127.774112233672142, 36.933828579042917 ], [ 127.766766625629614, 36.940404530175606 ], [ 127.764783210730627, 36.939831125139854 ], [ 127.760807353295831, 36.944779734382628 ], [ 127.763828013941449, 36.946331258615587 ], [ 127.762558399403915, 36.94844560533511 ], [ 127.754422163955553, 36.954862175319747 ], [ 127.753248765872826, 36.957753219299576 ], [ 127.746656955217261, 36.962091805917858 ], [ 127.750238588229109, 36.969392870452403 ], [ 127.749088614045547, 36.973193248768617 ], [ 127.752753308994542, 36.977623307363707 ], [ 127.760329483999655, 36.976783953627233 ], [ 127.770460751618629, 36.978817914907964 ], [ 127.776540636869413, 36.983025335059835 ], [ 127.765757285088867, 36.991296142499969 ], [ 127.763320314333441, 36.988203761637457 ], [ 127.742962806625286, 36.996132095299686 ], [ 127.746595740342485, 36.997773875178446 ], [ 127.745067004895944, 37.001055667913668 ], [ 127.74539773277597, 37.00555755908065 ], [ 127.749188900348145, 37.008337211903914 ], [ 127.749174877409629, 37.012457435816465 ], [ 127.745959369340326, 37.016706998735351 ], [ 127.756670608281553, 37.021319799558377 ], [ 127.759312174751472, 37.026887362979707 ], [ 127.764316392389645, 37.024610417077632 ], [ 127.771847054618263, 37.024518475919443 ], [ 127.774664444043808, 37.022198792650187 ], [ 127.778953762198299, 37.022858189576326 ], [ 127.785927055822668, 37.01904589844176 ], [ 127.78820562666283, 37.020680366262091 ], [ 127.789019236514775, 37.025735933949214 ], [ 127.792784501604601, 37.026991528246263 ], [ 127.795011232647553, 37.02605881630614 ], [ 127.797868413692967, 37.027763317228292 ], [ 127.800677880461095, 37.02507925813709 ], [ 127.803243441185799, 37.02501051201417 ], [ 127.811065856129218, 37.029313524018015 ], [ 127.815876133723009, 37.029444626913069 ], [ 127.817643719386339, 37.028154385597546 ], [ 127.817805528479965, 37.024070073327941 ], [ 127.820810750510432, 37.022144622919249 ], [ 127.820474453583799, 37.018854293406278 ], [ 127.821894607849259, 37.017708354230237 ], [ 127.820383707819545, 37.016575990590056 ], [ 127.827853413580087, 37.006769201105648 ] ] ] ] } },
{ "type": "Feature", "properties": { "emd_cd": "43130310", "emd_nm": "살미면" }, "geometry": { "type": "MultiPolygon", "coordinates": [ [ [ [ 127.900645057023894, 36.897350317731174 ], [ 127.907690481980609, 36.90581235944714 ], [ 127.911908377990855, 36.905469203243236 ], [ 127.921786178454838, 36.89917688292438 ], [ 127.924920740728695, 36.899856451460721 ], [ 127.925619543951299, 36.902546109167844 ], [ 127.9238723163499, 36.905377148800902 ], [ 127.915284028900544, 36.907831406574168 ], [ 127.911566232011793, 36.91223827164071 ], [ 127.917821392540233, 36.918006651902743 ], [ 127.920392543147273, 36.922598734760498 ], [ 127.929389503401538, 36.928987461417222 ], [ 127.931896893687039, 36.934526640472022 ], [ 127.935714359999082, 36.937267338045189 ], [ 127.945233302929523, 36.937053204416266 ], [ 127.945541672683433, 36.934125058494665 ], [ 127.948419174074189, 36.933239233857762 ], [ 127.953521062468667, 36.935099316010806 ], [ 127.965473220930448, 36.935454653614833 ], [ 127.969118997013496, 36.930481541999022 ], [ 127.971674084288878, 36.930374631309064 ], [ 127.97386751119565, 36.928141472639773 ], [ 127.982722000374395, 36.930339329065298 ], [ 127.980749624079905, 36.938144894122892 ], [ 127.985993646357628, 36.941595524475289 ], [ 127.978981308221108, 36.947862194084131 ], [ 127.977942075356935, 36.953534695152278 ], [ 127.981361207299329, 36.95411258410433 ], [ 127.987646863823031, 36.952154146728773 ], [ 127.997051352495831, 36.955908621772558 ], [ 128.00379908699432, 36.95039164739098 ], [ 128.01275911069439, 36.958178298174587 ], [ 128.018607505016973, 36.959575403413758 ], [ 128.020173481696986, 36.962215304403522 ], [ 128.028293018141966, 36.96541973278039 ], [ 128.032049365108435, 36.960652491381758 ], [ 128.042600693151542, 36.953192503022464 ], [ 128.043128686563819, 36.939267500638671 ], [ 128.046402878949692, 36.936338002025629 ], [ 128.057981192895653, 36.932277698863537 ], [ 128.060284930403725, 36.929631139974454 ], [ 128.062433605040013, 36.919942469451748 ], [ 128.072486916928909, 36.913108866861322 ], [ 128.072161315844937, 36.911097903424711 ], [ 128.066878538428085, 36.909246064532319 ], [ 128.068677969486913, 36.904780585256304 ], [ 128.066826599119793, 36.90156701167431 ], [ 128.067627851940927, 36.898675599904301 ], [ 128.065745123626101, 36.896327499415392 ], [ 128.066680506441429, 36.893643762153317 ], [ 128.05917279148747, 36.887075485425257 ], [ 128.060980827627418, 36.886275834781905 ], [ 128.060796521273716, 36.884803198361858 ], [ 128.055681068733037, 36.882445056253232 ], [ 128.051067594502683, 36.872046514986238 ], [ 128.045646381882733, 36.870439808463111 ], [ 128.044070558167306, 36.862510023341464 ], [ 128.038602081898205, 36.859818594356199 ], [ 128.027752110562943, 36.865840499746326 ], [ 128.026737865076512, 36.870396175095529 ], [ 128.02073007992081, 36.880290968144315 ], [ 128.024120319289665, 36.887512687563969 ], [ 128.021161797082129, 36.890699057382115 ], [ 128.014953249167718, 36.890142520248503 ], [ 128.012101397323647, 36.887288341017261 ], [ 128.006960130247933, 36.887587962261335 ], [ 128.002411626915659, 36.890764057017172 ], [ 127.997229593857895, 36.891902744616601 ], [ 127.996125619785701, 36.890054656991992 ], [ 127.991776459753197, 36.890671333166708 ], [ 127.991879901385332, 36.889458345467759 ], [ 127.979708081123405, 36.887767178042068 ], [ 127.976482509315318, 36.891872532520402 ], [ 127.972382109228604, 36.893874183353887 ], [ 127.964374314249795, 36.8852964813127 ], [ 127.956783735024075, 36.881681868476093 ], [ 127.95241158353403, 36.878039135861158 ], [ 127.953426688768417, 36.87621949237748 ], [ 127.946477445625902, 36.872372469463059 ], [ 127.945106112322549, 36.87491542624462 ], [ 127.951894070441483, 36.884727492089475 ], [ 127.950690962003989, 36.886620364979137 ], [ 127.9459459792795, 36.888098820249859 ], [ 127.930378721312749, 36.887966366395325 ], [ 127.924296956277303, 36.88290871377167 ], [ 127.917474975506082, 36.881098774173033 ], [ 127.913651131555241, 36.885686745015384 ], [ 127.903540125633299, 36.887957488439611 ], [ 127.903601929902209, 36.89202892284856 ], [ 127.900645057023894, 36.897350317731174 ] ] ] ] } },
{ "type": "Feature", "properties": { "emd_cd": "43130325", "emd_nm": "수안보면" }, "geometry": { "type": "MultiPolygon", "coordinates": [ [ [ [ 127.948398036049639, 36.872806893205272 ], [ 127.953426688768417, 36.87621949237748 ], [ 127.95241158353403, 36.878039135861158 ], [ 127.964374314249795, 36.8852964813127 ], [ 127.972382109228604, 36.893874183353887 ], [ 127.976482509315318, 36.891872532520402 ], [ 127.979708081123405, 36.887767178042068 ], [ 127.991879901385332, 36.889458345467759 ], [ 127.991776459753197, 36.890671333166708 ], [ 127.996125619785701, 36.890054656991992 ], [ 127.997229593857895, 36.891902744616601 ], [ 128.002411626915659, 36.890764057017172 ], [ 128.006960130247933, 36.887587962261335 ], [ 128.012101397323647, 36.887288341017261 ], [ 128.014953249167718, 36.890142520248503 ], [ 128.021161797082129, 36.890699057382115 ], [ 128.024120319289665, 36.887512687563969 ], [ 128.020684732381085, 36.881779780526301 ], [ 128.02110671845, 36.879043562126704 ], [ 128.026737865076512, 36.870396175095529 ], [ 128.027752110562943, 36.865840499746326 ], [ 128.038602081898205, 36.859818594356199 ], [ 128.035899895125681, 36.855953932130376 ], [ 128.036966749016102, 36.852093114009477 ], [ 128.058365444314489, 36.843845744317527 ], [ 128.059754780164269, 36.839076897458831 ], [ 128.062757614283669, 36.838169383013884 ], [ 128.069816665421655, 36.846273866022599 ], [ 128.087103323956143, 36.851812397781011 ], [ 128.09144494821075, 36.849215291476895 ], [ 128.093973707711882, 36.836815228727069 ], [ 128.097501122861786, 36.833507097117099 ], [ 128.112941782713591, 36.830528976549708 ], [ 128.126526211473532, 36.833795320087674 ], [ 128.12951219365533, 36.831834279933837 ], [ 128.13369681339779, 36.831786358153117 ], [ 128.1339752317283, 36.82844081371065 ], [ 128.12987826574016, 36.825149386329414 ], [ 128.119021072275814, 36.823041308819022 ], [ 128.118449747895568, 36.821488763425762 ], [ 128.109864287294329, 36.821505416073819 ], [ 128.109814823417196, 36.815773785673692 ], [ 128.107080422441584, 36.807308978908317 ], [ 128.092959933412288, 36.802863441142541 ], [ 128.093495670834386, 36.796776749002795 ], [ 128.090067639242704, 36.796637432071947 ], [ 128.083832966808927, 36.799298983566047 ], [ 128.08537320894817, 36.80420385253484 ], [ 128.06735912653005, 36.816766714778211 ], [ 128.059236770295485, 36.816393469581087 ], [ 128.054662255310319, 36.819050364029124 ], [ 128.051476629540758, 36.819001089971565 ], [ 128.047247907211784, 36.822226234509692 ], [ 128.042229964214783, 36.820595296722857 ], [ 128.039014430062082, 36.821405112569209 ], [ 128.035465927900702, 36.824948664160843 ], [ 128.024056775946264, 36.825999067314562 ], [ 128.022210729482964, 36.817438537189105 ], [ 128.02398600847286, 36.815262959893673 ], [ 128.023026089272548, 36.813120128453647 ], [ 128.018163028425761, 36.808273458468022 ], [ 128.013673837285836, 36.808765311621542 ], [ 128.011584415686173, 36.806789407022855 ], [ 127.99779448967044, 36.812944630955243 ], [ 127.992530924371962, 36.812622590794078 ], [ 127.986588390391177, 36.815675507734724 ], [ 127.982343385760345, 36.815967392494706 ], [ 127.981822004037255, 36.823404952514579 ], [ 127.972388202682154, 36.825471007901541 ], [ 127.971592099649257, 36.828056850638603 ], [ 127.9771588936554, 36.83614391983275 ], [ 127.974343352591006, 36.842078454501305 ], [ 127.970245456754043, 36.84530447422447 ], [ 127.970347711493602, 36.847569191687803 ], [ 127.96690212000675, 36.850948121564777 ], [ 127.969345640921503, 36.859346859606987 ], [ 127.962685496412405, 36.861637283278966 ], [ 127.956680461315017, 36.868428033783374 ], [ 127.948398036049639, 36.872806893205272 ] ] ] ] } },
{ "type": "Feature", "properties": { "emd_cd": "43130335", "emd_nm": "대소원면" }, "geometry": { "type": "MultiPolygon", "coordinates": [ [ [ [ 127.800716824647424, 36.947546559143419 ], [ 127.800062545098783, 36.950457434073137 ], [ 127.803388465757195, 36.955403124200593 ], [ 127.812332013785209, 36.962070405190261 ], [ 127.810681650317036, 36.962895127642234 ], [ 127.814087725763486, 36.973486820579602 ], [ 127.806320547738281, 36.974559917053497 ], [ 127.803532959861599, 36.979715791073033 ], [ 127.805433542941927, 36.986211336082867 ], [ 127.813064567563814, 36.991698469953235 ], [ 127.809692074164346, 36.994160886735521 ], [ 127.815669935672616, 37.00370918736013 ], [ 127.823914186644103, 37.001837186897404 ], [ 127.827853413580087, 37.006769201105648 ], [ 127.834708481538271, 37.008899289821365 ], [ 127.839613051756331, 37.001667114108656 ], [ 127.846242775034924, 37.003027779121084 ], [ 127.851742097179567, 37.002221676968503 ], [ 127.853924051172484, 36.992986014903735 ], [ 127.858131576678431, 36.991282974401777 ], [ 127.859123206206718, 36.986654720505804 ], [ 127.867243061883613, 36.984273238347527 ], [ 127.86845498181512, 36.981852483018457 ], [ 127.871920979445193, 36.983007739742199 ], [ 127.875295158628361, 36.980441462476101 ], [ 127.880616031274826, 36.979990464900695 ], [ 127.88300639614306, 36.974173514524772 ], [ 127.879438761505682, 36.974263166733493 ], [ 127.878389369725568, 36.966866952380634 ], [ 127.876014464209973, 36.964287537862724 ], [ 127.873094662785064, 36.963748461687878 ], [ 127.881772602594296, 36.960335101316026 ], [ 127.879909048176941, 36.959868929060718 ], [ 127.879767475143495, 36.957105250171757 ], [ 127.876199717250387, 36.956717333778734 ], [ 127.874625114136876, 36.954987303233779 ], [ 127.878717889863168, 36.952577152525095 ], [ 127.874988798558235, 36.947643374066857 ], [ 127.874682200004798, 36.944654397861804 ], [ 127.878252106760229, 36.943534865625878 ], [ 127.879502448331138, 36.941524106658797 ], [ 127.875631187953232, 36.936676302935972 ], [ 127.871489576232435, 36.934581822620522 ], [ 127.872749574371937, 36.930743744567827 ], [ 127.877645642112114, 36.92586218860307 ], [ 127.894202129236277, 36.922221858134357 ], [ 127.898625450198352, 36.91766403065742 ], [ 127.904631943766248, 36.917691116497295 ], [ 127.907155149814386, 36.915176331188334 ], [ 127.914702577411134, 36.914818132169643 ], [ 127.911566232011793, 36.91223827164071 ], [ 127.912284734132257, 36.910033771315661 ], [ 127.92353244446015, 36.905667746794194 ], [ 127.925552691501665, 36.902874091458777 ], [ 127.92520561959131, 36.900319894808511 ], [ 127.921786178454838, 36.89917688292438 ], [ 127.911908377990855, 36.905469203243236 ], [ 127.90669578990186, 36.905647993138579 ], [ 127.895953566865359, 36.89294366008339 ], [ 127.883092532190275, 36.890208936121049 ], [ 127.881559720229902, 36.895891591788093 ], [ 127.864019858856196, 36.896289607749907 ], [ 127.85989559029143, 36.899856352732009 ], [ 127.858333162650268, 36.904920895222801 ], [ 127.852465486498673, 36.909260528022727 ], [ 127.846085742764885, 36.909225479771528 ], [ 127.837955058681175, 36.913644053068367 ], [ 127.842123981946017, 36.91738431630074 ], [ 127.839961929794029, 36.919832027826288 ], [ 127.842406170839894, 36.921683279985025 ], [ 127.843000674417297, 36.927736976643665 ], [ 127.83985225024152, 36.930053336626663 ], [ 127.835380484016241, 36.92997756084425 ], [ 127.832414491762577, 36.933495817374151 ], [ 127.83293878917398, 36.939850415247946 ], [ 127.826189802274271, 36.940416533083386 ], [ 127.825811505944898, 36.94216594218932 ], [ 127.821575048874365, 36.943446750212914 ], [ 127.819377533343626, 36.941068547500286 ], [ 127.809442487645697, 36.939582607319402 ], [ 127.807155421036015, 36.941590638584522 ], [ 127.806639321723083, 36.94596414085116 ], [ 127.800716824647424, 36.947546559143419 ] ] ] ] } },
{ "type": "Feature", "properties": { "emd_cd": "43130350", "emd_nm": "신니면" }, "geometry": { "type": "MultiPolygon", "coordinates": [ [ [ [ 127.75296358433495, 36.957933398215815 ], [ 127.739272948083752, 36.952354090610314 ], [ 127.736720818363864, 36.954205561721871 ], [ 127.732895143289753, 36.953661705291623 ], [ 127.72991759800837, 36.957950589535756 ], [ 127.726783652662618, 36.959046198289585 ], [ 127.716296810431956, 36.958431952542192 ], [ 127.714513768525265, 36.961132522924196 ], [ 127.710586142552387, 36.962576448681503 ], [ 127.710111236729446, 36.964454411522318 ], [ 127.705841279884496, 36.965808972580284 ], [ 127.703779404176871, 36.972051457425501 ], [ 127.694481140977203, 36.975001938605971 ], [ 127.694122807644234, 36.978600496475003 ], [ 127.686669822973215, 36.981465494071251 ], [ 127.686339477129081, 36.985912140591395 ], [ 127.672163849284033, 36.9858851118559 ], [ 127.668748389920495, 36.987931284059734 ], [ 127.663766620701153, 36.983761037502781 ], [ 127.66914066607815, 36.982716018430203 ], [ 127.667071423717914, 36.97865890226192 ], [ 127.661780103236723, 36.977380825377374 ], [ 127.651098431040595, 36.982802511818072 ], [ 127.653692457755213, 36.98655861141426 ], [ 127.652555580776024, 36.991689969664662 ], [ 127.654462114561781, 36.994555286478544 ], [ 127.653253668002392, 36.997493093556784 ], [ 127.655397671856903, 36.999701828420918 ], [ 127.655051868702756, 37.001391921322899 ], [ 127.659057209777288, 37.003463266565632 ], [ 127.665521564453982, 37.003069090982635 ], [ 127.656131165290063, 37.013219128808984 ], [ 127.657389782409311, 37.018205962991836 ], [ 127.664617220887266, 37.023198034305032 ], [ 127.664285303202348, 37.030572039231998 ], [ 127.67272202865621, 37.035030407677652 ], [ 127.681845856456519, 37.033662378141607 ], [ 127.690438402262032, 37.030130413725651 ], [ 127.694889903508425, 37.034076793837642 ], [ 127.713392095040774, 37.031628106176008 ], [ 127.718289759317173, 37.033779905439602 ], [ 127.727888139244342, 37.034409966619613 ], [ 127.728905573772437, 37.036108502748007 ], [ 127.735432931655424, 37.033701007952253 ], [ 127.738296805998942, 37.034483293126186 ], [ 127.745601372473445, 37.030906156588564 ], [ 127.747159537077778, 37.025972722551089 ], [ 127.749933220551142, 37.023423733384433 ], [ 127.749725180313334, 37.020944046641652 ], [ 127.75236493718586, 37.019016470156842 ], [ 127.745959369340326, 37.016706998735351 ], [ 127.749174877409629, 37.012457435816465 ], [ 127.749188900348145, 37.008337211903914 ], [ 127.74539773277597, 37.00555755908065 ], [ 127.745067004895944, 37.001055667913668 ], [ 127.746595740342485, 36.997773875178446 ], [ 127.742962806625286, 36.996132095299686 ], [ 127.763320314333441, 36.988203761637457 ], [ 127.765757285088867, 36.991296142499969 ], [ 127.776540636869413, 36.983025335059835 ], [ 127.770460751618629, 36.978817914907964 ], [ 127.760329483999655, 36.976783953627233 ], [ 127.752241875587444, 36.97710504636013 ], [ 127.749088614045547, 36.973193248768617 ], [ 127.750238588229109, 36.969392870452403 ], [ 127.74647902710575, 36.962573529758927 ], [ 127.75296358433495, 36.957933398215815 ] ] ] ] } },
{ "type": "Feature", "properties": { "emd_cd": "43130360", "emd_nm": "노은면" }, "geometry": { "type": "MultiPolygon", "coordinates": [ [ [ [ 127.77888559617638, 37.022874782926294 ], [ 127.774664444043808, 37.022198792650187 ], [ 127.771847054618263, 37.024518475919443 ], [ 127.764316392389645, 37.024610417077632 ], [ 127.760544342892786, 37.027351800193735 ], [ 127.756670608281553, 37.021319799558377 ], [ 127.75236493718586, 37.019016470156842 ], [ 127.749725180313334, 37.020944046641652 ], [ 127.749933220551142, 37.023423733384433 ], [ 127.747159537077778, 37.025972722551089 ], [ 127.745601372473445, 37.030906156588564 ], [ 127.738296805998942, 37.034483293126186 ], [ 127.735432931655424, 37.033701007952253 ], [ 127.729726375391536, 37.036095016363134 ], [ 127.727888139244342, 37.034409966619613 ], [ 127.718289759317173, 37.033779905439602 ], [ 127.713392095040774, 37.031628106176008 ], [ 127.694889903508425, 37.034076793837642 ], [ 127.690438402262032, 37.030130413725651 ], [ 127.681845856456519, 37.033662378141607 ], [ 127.672025338780912, 37.034658769566889 ], [ 127.672012248682222, 37.040224961919243 ], [ 127.676967490661823, 37.044152708418601 ], [ 127.685644950255949, 37.047378382844883 ], [ 127.691184883908889, 37.053117208880131 ], [ 127.689109787130192, 37.066436443092996 ], [ 127.686517929140066, 37.073254272411212 ], [ 127.682955796370209, 37.075908964190511 ], [ 127.683556731831288, 37.078141897879711 ], [ 127.686633449164404, 37.080947313012636 ], [ 127.692220492541963, 37.081309304497971 ], [ 127.697855910557905, 37.07860068995447 ], [ 127.709913287573059, 37.077644363657825 ], [ 127.715266409491463, 37.075736881757102 ], [ 127.729950282530709, 37.079718328111397 ], [ 127.742345099177328, 37.075059923307862 ], [ 127.752081751579453, 37.078585021249594 ], [ 127.763917002161918, 37.079648046012309 ], [ 127.766330102825535, 37.076909247101298 ], [ 127.774000135099612, 37.074196882285939 ], [ 127.776490421423901, 37.069493931252111 ], [ 127.778937168137844, 37.068804066986146 ], [ 127.786732217769668, 37.07226778393904 ], [ 127.794883843352224, 37.069707249961887 ], [ 127.798045260474296, 37.072910752101635 ], [ 127.805494347860346, 37.073745721339392 ], [ 127.812247983071941, 37.070219989800364 ], [ 127.822383838069868, 37.068385844893584 ], [ 127.828753275217309, 37.062544666475148 ], [ 127.827116876645249, 37.061375929238643 ], [ 127.823994889601508, 37.062315569406159 ], [ 127.819766514487881, 37.058495618272353 ], [ 127.815142549100258, 37.061017233885387 ], [ 127.814899932523133, 37.055696201597733 ], [ 127.820147833017273, 37.05304218992358 ], [ 127.82077527005444, 37.048827882411011 ], [ 127.813330911940426, 37.047395226252235 ], [ 127.814614976107265, 37.044391391441458 ], [ 127.810236142022987, 37.041488591914707 ], [ 127.811379565237431, 37.036687523157042 ], [ 127.808556009317201, 37.032784996777458 ], [ 127.810378412782896, 37.028756977245223 ], [ 127.803243441185799, 37.02501051201417 ], [ 127.800677880461095, 37.02507925813709 ], [ 127.797868413692967, 37.027763317228292 ], [ 127.795011232647553, 37.02605881630614 ], [ 127.792784501604601, 37.026991528246263 ], [ 127.789019236514775, 37.025735933949214 ], [ 127.78820562666283, 37.020680366262091 ], [ 127.785927055822668, 37.01904589844176 ], [ 127.77888559617638, 37.022874782926294 ] ] ] ] } },
{ "type": "Feature", "properties": { "emd_cd": "43130370", "emd_nm": "앙성면" }, "geometry": { "type": "MultiPolygon", "coordinates": [ [ [ [ 127.830806489489134, 37.086118267865473 ], [ 127.835073999167861, 37.081298241816462 ], [ 127.833425031126936, 37.079786976745886 ], [ 127.833953290621707, 37.077560852548189 ], [ 127.830584664099845, 37.075689159176726 ], [ 127.827914048148187, 37.071482196217381 ], [ 127.822383838069868, 37.068385844893584 ], [ 127.812247983071941, 37.070219989800364 ], [ 127.805494347860346, 37.073745721339392 ], [ 127.798045260474296, 37.072910752101635 ], [ 127.794883843352224, 37.069707249961887 ], [ 127.786732217769668, 37.07226778393904 ], [ 127.778937168137844, 37.068804066986146 ], [ 127.776490421423901, 37.069493931252111 ], [ 127.774000135099612, 37.074196882285939 ], [ 127.766330102825535, 37.076909247101298 ], [ 127.763917002161918, 37.079648046012309 ], [ 127.752081751579453, 37.078585021249594 ], [ 127.742345099177328, 37.075059923307862 ], [ 127.729950282530709, 37.079718328111397 ], [ 127.712803510947523, 37.075661743631883 ], [ 127.709913287573059, 37.077644363657825 ], [ 127.697855910557905, 37.07860068995447 ], [ 127.692220492541963, 37.081309304497971 ], [ 127.693443830105409, 37.085553888702265 ], [ 127.699306347451241, 37.091639943032376 ], [ 127.700100584698276, 37.095551658902252 ], [ 127.698129733357234, 37.099413469657449 ], [ 127.699897506523996, 37.099691342118952 ], [ 127.700896347087337, 37.10299868458884 ], [ 127.712608888773104, 37.106383425682672 ], [ 127.714822450283975, 37.110007015590128 ], [ 127.721109454766165, 37.111080477006745 ], [ 127.722870405402418, 37.115915454477566 ], [ 127.720543014713044, 37.123062207383605 ], [ 127.711985932241831, 37.12778888294293 ], [ 127.709605647455788, 37.13569257342494 ], [ 127.700271244875509, 37.137794541400567 ], [ 127.694534177387197, 37.141258979390457 ], [ 127.694727434735071, 37.149978258029755 ], [ 127.704272196499971, 37.15764758363693 ], [ 127.704854409205836, 37.167520127537863 ], [ 127.709652788709306, 37.172192283573636 ], [ 127.710381710415589, 37.175730749063568 ], [ 127.71390981113791, 37.178445702033017 ], [ 127.714516895279573, 37.181121837255354 ], [ 127.717636897728497, 37.18383138121947 ], [ 127.722798399336057, 37.181569118292444 ], [ 127.726406996336465, 37.182540453035308 ], [ 127.728331747518709, 37.19178418500892 ], [ 127.732482811028575, 37.195797261804472 ], [ 127.732178129700713, 37.201377280804508 ], [ 127.734434965147656, 37.203153450536668 ], [ 127.736740031756796, 37.210193543944946 ], [ 127.744642649438688, 37.214393633581189 ], [ 127.744278742210412, 37.207272817281577 ], [ 127.755526138538997, 37.171440836210266 ], [ 127.765484310624245, 37.159142592377712 ], [ 127.787422772001591, 37.145147844692389 ], [ 127.798896247821162, 37.123319015168384 ], [ 127.801381978206791, 37.120204528265631 ], [ 127.816464631955427, 37.110515451647174 ], [ 127.817346287617639, 37.102553094084129 ], [ 127.826260644789301, 37.095281986147242 ], [ 127.830806489489134, 37.086118267865473 ] ] ] ] } },
{ "type": "Feature", "properties": { "emd_cd": "43130385", "emd_nm": "중앙탑면" }, "geometry": { "type": "MultiPolygon", "coordinates": [ [ [ [ 127.890726105516379, 36.989463195164689 ], [ 127.890024138191166, 36.976440350844214 ], [ 127.887207769130796, 36.97432941281604 ], [ 127.88300639614306, 36.974173514524772 ], [ 127.880616031274826, 36.979990464900695 ], [ 127.875295158628361, 36.980441462476101 ], [ 127.871920979445193, 36.983007739742199 ], [ 127.86845498181512, 36.981852483018457 ], [ 127.867243061883613, 36.984273238347527 ], [ 127.859123206206718, 36.986654720505804 ], [ 127.858131576678431, 36.991282974401777 ], [ 127.853924051172484, 36.992986014903735 ], [ 127.851742097179567, 37.002221676968503 ], [ 127.846242775034924, 37.003027779121084 ], [ 127.839613051756331, 37.001667114108656 ], [ 127.834708481538271, 37.008899289821365 ], [ 127.827853413580087, 37.006769201105648 ], [ 127.820383707819545, 37.016575990590056 ], [ 127.821894607849259, 37.017708354230237 ], [ 127.820474453583799, 37.018854293406278 ], [ 127.820810750510432, 37.022144622919249 ], [ 127.817805528479965, 37.024070073327941 ], [ 127.817314079092796, 37.028866784608745 ], [ 127.809202013916448, 37.030609612168469 ], [ 127.808556009317201, 37.032784996777458 ], [ 127.811379565237431, 37.036687523157042 ], [ 127.810236142022987, 37.041488591914707 ], [ 127.814614976107265, 37.044391391441458 ], [ 127.813330911940426, 37.047395226252235 ], [ 127.82077527005444, 37.048827882411011 ], [ 127.820147833017273, 37.05304218992358 ], [ 127.814899932523133, 37.055696201597733 ], [ 127.815142549100258, 37.061017233885387 ], [ 127.819766514487881, 37.058495618272353 ], [ 127.823994889601508, 37.062315569406159 ], [ 127.827116876645249, 37.061375929238643 ], [ 127.828753275217309, 37.062544666475148 ], [ 127.822383838069868, 37.068385844893584 ], [ 127.827914048148187, 37.071482196217381 ], [ 127.830584664099845, 37.075689159176726 ], [ 127.833953290621707, 37.077560852548189 ], [ 127.833425031126936, 37.079786976745886 ], [ 127.835073999167861, 37.081298241816462 ], [ 127.830800560831705, 37.08611812010399 ], [ 127.842146285237177, 37.084359180270091 ], [ 127.848873726227964, 37.079163515363625 ], [ 127.855478281415046, 37.078580687182786 ], [ 127.866772147133958, 37.080274944470403 ], [ 127.866296490388862, 37.082889621715601 ], [ 127.871021016958693, 37.084323737128308 ], [ 127.873891373122063, 37.083431475499467 ], [ 127.876596677500274, 37.078485347520193 ], [ 127.88350594589447, 37.075644016551514 ], [ 127.888481543525614, 37.0642050065603 ], [ 127.887510581897857, 37.059059956082791 ], [ 127.880619164889609, 37.05182656045568 ], [ 127.865410196341344, 37.04471522547292 ], [ 127.859312534449586, 37.0385009884887 ], [ 127.858808120914418, 37.036116818763823 ], [ 127.869151287002836, 37.018675307606976 ], [ 127.877182039598935, 37.001209991606835 ], [ 127.882616364283734, 36.994500834440352 ], [ 127.888181730436187, 36.989746161859031 ], [ 127.890726105516379, 36.989463195164689 ] ] ] ] } },
{ "type": "Feature", "properties": { "emd_cd": "43130390", "emd_nm": "금가면" }, "geometry": { "type": "MultiPolygon", "coordinates": [ [ [ [ 127.858760668161423, 37.037014644595651 ], [ 127.866237448161755, 37.045316545290703 ], [ 127.882773010124879, 37.053509307813229 ], [ 127.888152972127514, 37.060212853517775 ], [ 127.888438742680506, 37.064359791189545 ], [ 127.889448503533899, 37.062479037035743 ], [ 127.894894172689391, 37.067583368189716 ], [ 127.900731812983011, 37.069673285803397 ], [ 127.911622150631914, 37.068776998188959 ], [ 127.913086684569535, 37.066316913342504 ], [ 127.918597833064013, 37.065600657555983 ], [ 127.917393739813988, 37.062235984508924 ], [ 127.920514254381203, 37.060677145589203 ], [ 127.92365791303169, 37.055447806542951 ], [ 127.925126665698414, 37.055173062073742 ], [ 127.926591226905586, 37.058850837099939 ], [ 127.930348047765676, 37.058987875014424 ], [ 127.931372665508107, 37.054663714054129 ], [ 127.927410226545462, 37.041715106411203 ], [ 127.929349170214124, 37.037385677657127 ], [ 127.928424809323744, 37.033420435004324 ], [ 127.92121415358352, 37.03351421603486 ], [ 127.915104720476279, 37.031381213868514 ], [ 127.90900500832106, 37.032472730791532 ], [ 127.907806427397318, 37.030997455829045 ], [ 127.907395609531335, 37.027981379300165 ], [ 127.909251753648263, 37.026438129752648 ], [ 127.909767522269291, 37.02268647651232 ], [ 127.916972505205564, 37.021201387423105 ], [ 127.91971461275088, 37.018907318773316 ], [ 127.912216131119152, 37.014275178191461 ], [ 127.911316174656676, 37.000957773637928 ], [ 127.905100537318631, 36.995667149934661 ], [ 127.903533017760665, 36.989734504330215 ], [ 127.888181730436187, 36.989746161859031 ], [ 127.882616364283734, 36.994500834440352 ], [ 127.873432770199017, 37.007602527049684 ], [ 127.869415385809077, 37.018163592736897 ], [ 127.85929813345011, 37.03346272615746 ], [ 127.858760668161423, 37.037014644595651 ] ] ] ] } },
{ "type": "Feature", "properties": { "emd_cd": "43130400", "emd_nm": "동량면" }, "geometry": { "type": "MultiPolygon", "coordinates": [ [ [ [ 127.93008194308743, 37.059669482005752 ], [ 127.932005035442543, 37.061284481853477 ], [ 127.938959712795935, 37.059887897627419 ], [ 127.939669051253588, 37.057874193078888 ], [ 127.944705209334373, 37.05754531487446 ], [ 127.946659410475746, 37.060021783665221 ], [ 127.95088906148807, 37.060230377125656 ], [ 127.954986767694479, 37.064157455786216 ], [ 127.959112202683926, 37.061516909326834 ], [ 127.95993331395367, 37.057568138020656 ], [ 127.96668916839235, 37.055881847436211 ], [ 127.968579680314264, 37.052117896958052 ], [ 127.973793776067083, 37.053980897543205 ], [ 127.978666098753365, 37.05362877466321 ], [ 127.980516877466783, 37.055168046351525 ], [ 127.985896836609982, 37.054778980701066 ], [ 127.99361421108344, 37.059811851892157 ], [ 128.007113093244982, 37.05750641775888 ], [ 128.017373454431777, 37.058981009185459 ], [ 128.024755599720578, 37.061974411644172 ], [ 128.033129283861371, 37.061530931023825 ], [ 128.039771780677029, 37.063199855113446 ], [ 128.040920951801752, 37.062871323679737 ], [ 128.040623940307285, 37.057531979761116 ], [ 128.043988308756155, 37.050751468994228 ], [ 128.04795714897682, 37.049169644739798 ], [ 128.053209944253496, 37.044167197816108 ], [ 128.065324881651634, 37.04366909575154 ], [ 128.073743502106595, 37.048633544998282 ], [ 128.082149871138569, 37.048231712064066 ], [ 128.084486467166556, 37.044398091365615 ], [ 128.083496971886944, 37.038953513624435 ], [ 128.088840836018363, 37.031365691138355 ], [ 128.086179683648112, 37.028178672386559 ], [ 128.090506993076332, 37.023292460224376 ], [ 128.087742508420718, 37.022741212593381 ], [ 128.085619878160429, 37.020012543331852 ], [ 128.088911733191765, 37.017929757262948 ], [ 128.086397312613883, 37.010820939911198 ], [ 128.077433585839742, 37.006305008022153 ], [ 128.07617600673106, 37.003457998509582 ], [ 128.078539530764402, 37.000854264384579 ], [ 128.079570877222409, 36.995406139465118 ], [ 128.084685450929726, 36.994999884784463 ], [ 128.085412117190344, 36.989405195238341 ], [ 128.089358867508992, 36.988981467469237 ], [ 128.091047909933678, 36.985654106437416 ], [ 128.089075213214699, 36.973712796076406 ], [ 128.085353865719895, 36.966651283001731 ], [ 128.08704122543935, 36.961078061440581 ], [ 128.085031862022419, 36.956496161466944 ], [ 128.086034693343294, 36.95439222079721 ], [ 128.084737160050224, 36.94861598518613 ], [ 128.081097765842713, 36.947818125862035 ], [ 128.07472467000261, 36.949588560999672 ], [ 128.060222312943154, 36.959184512501281 ], [ 128.060371263540389, 36.960674989211064 ], [ 128.047916511549886, 36.9566367705728 ], [ 128.047312044166119, 36.955180130637672 ], [ 128.040274230377292, 36.954587676622516 ], [ 128.032049365108435, 36.960652491381758 ], [ 128.024846555473573, 36.969116406499978 ], [ 128.009415713942587, 36.972337550280592 ], [ 128.007067498817889, 36.978555765803087 ], [ 128.002197709138642, 36.985133689047743 ], [ 128.001511434316711, 36.993019329334821 ], [ 127.997328814377582, 37.000262951445251 ], [ 127.987614708998109, 37.009584295049159 ], [ 127.976247788465386, 37.012922029951227 ], [ 127.962937996152434, 37.023153153910727 ], [ 127.958099620957313, 37.024241918249842 ], [ 127.948415670688419, 37.020312985707413 ], [ 127.91971461275088, 37.018907318773316 ], [ 127.916972505205564, 37.021201387423105 ], [ 127.909887654425759, 37.022569854355723 ], [ 127.907238214537927, 37.029458394237537 ], [ 127.90900500832106, 37.032472730791532 ], [ 127.915104720476279, 37.031381213868514 ], [ 127.92121415358352, 37.03351421603486 ], [ 127.928424809323744, 37.033420435004324 ], [ 127.929435572481182, 37.036622174821034 ], [ 127.927465392475654, 37.042322181833626 ], [ 127.9313755257823, 37.054703724596891 ], [ 127.93008194308743, 37.059669482005752 ] ] ] ] } },
{ "type": "Feature", "properties": { "emd_cd": "43130410", "emd_nm": "산척면" }, "geometry": { "type": "MultiPolygon", "coordinates": [ [ [ [ 127.926591226905586, 37.058850837099939 ], [ 127.927464441353138, 37.069789894326803 ], [ 127.92699788879149, 37.072281439022539 ], [ 127.923217914058924, 37.073203408332894 ], [ 127.924255200560623, 37.075061326562171 ], [ 127.922224508456722, 37.074655577620383 ], [ 127.922985885498434, 37.080974375299199 ], [ 127.935400749566654, 37.083424020696178 ], [ 127.943606681481029, 37.089469943088822 ], [ 127.945670067585198, 37.087942427744132 ], [ 127.94871542956372, 37.090993838847119 ], [ 127.954413316308475, 37.090351891427659 ], [ 127.957964663523342, 37.097873834063385 ], [ 127.9571922838159, 37.099504827710874 ], [ 127.953791729908787, 37.100016288802827 ], [ 127.955680892708287, 37.103438506526622 ], [ 127.954177855383747, 37.106233354788039 ], [ 127.955891973479311, 37.110373546685643 ], [ 127.951838779580285, 37.113928991355763 ], [ 127.955195757618696, 37.11759285463895 ], [ 127.952981262216284, 37.125042204168174 ], [ 127.955237502533748, 37.128132050893484 ], [ 127.961650204301009, 37.12897215307283 ], [ 127.96282389716761, 37.131807786021717 ], [ 127.970456579043599, 37.137498068929446 ], [ 127.970961054321194, 37.141746762830387 ], [ 127.97463658520202, 37.142153664934533 ], [ 127.977977581647622, 37.140423606286149 ], [ 127.982602453976071, 37.131425343851454 ], [ 127.986550941303605, 37.131514254735137 ], [ 127.987046007937579, 37.129223217979849 ], [ 127.984921236292237, 37.125015639079471 ], [ 127.986172699849647, 37.123436052390524 ], [ 127.984507907229371, 37.118991013769822 ], [ 127.98503905869272, 37.11255709920799 ], [ 127.998814253162024, 37.108335119558788 ], [ 128.001076872326792, 37.100613508744274 ], [ 128.003445817989927, 37.098696836148164 ], [ 128.012632468108222, 37.098292020933329 ], [ 128.010455329856512, 37.101803872469318 ], [ 128.011818592368058, 37.103350851746754 ], [ 128.01169289274435, 37.10776563736043 ], [ 128.019703835136056, 37.117767015560155 ], [ 128.033753780119554, 37.113861000644405 ], [ 128.037998563321025, 37.111138591737841 ], [ 128.043188659190946, 37.115292838866083 ], [ 128.045711745212259, 37.11548736542403 ], [ 128.048455930412217, 37.108517204401288 ], [ 128.045551998473456, 37.106625876466758 ], [ 128.046649724680435, 37.103112694415003 ], [ 128.052743552564351, 37.096954531507087 ], [ 128.063106317838503, 37.096705839203636 ], [ 128.058963866883943, 37.089484133496875 ], [ 128.060919983179787, 37.088488185349867 ], [ 128.060632476832694, 37.086746306820828 ], [ 128.069046328713512, 37.086348913404528 ], [ 128.07560887093689, 37.084206573463412 ], [ 128.085200830606624, 37.075711804105815 ], [ 128.082819221384312, 37.073845588842865 ], [ 128.08204678160547, 37.070748874435509 ], [ 128.08580080280143, 37.065754559825749 ], [ 128.082586674816952, 37.059065563140464 ], [ 128.083795488113168, 37.055523036794284 ], [ 128.081167149764752, 37.048902822022434 ], [ 128.073743502106595, 37.048633544998282 ], [ 128.065324881651634, 37.04366909575154 ], [ 128.053209944253496, 37.044167197816108 ], [ 128.04795714897682, 37.049169644739798 ], [ 128.044769151216713, 37.04983377503941 ], [ 128.040623940307285, 37.057531979761116 ], [ 128.040920951801752, 37.062871323679737 ], [ 128.039771780677029, 37.063199855113446 ], [ 128.033129283861371, 37.061530931023825 ], [ 128.024755599720578, 37.061974411644172 ], [ 128.017373454431777, 37.058981009185459 ], [ 128.007113093244982, 37.05750641775888 ], [ 127.99361421108344, 37.059811851892157 ], [ 127.985896836609982, 37.054778980701066 ], [ 127.980516877466783, 37.055168046351525 ], [ 127.978666098753365, 37.05362877466321 ], [ 127.973793776067083, 37.053980897543205 ], [ 127.968579680314264, 37.052117896958052 ], [ 127.96668916839235, 37.055881847436211 ], [ 127.95993331395367, 37.057568138020656 ], [ 127.959112202683926, 37.061516909326834 ], [ 127.954986767694479, 37.064157455786216 ], [ 127.95088906148807, 37.060230377125656 ], [ 127.946659410475746, 37.060021783665221 ], [ 127.944705209334373, 37.05754531487446 ], [ 127.939669051253588, 37.057874193078888 ], [ 127.938959712795935, 37.059887897627419 ], [ 127.932005035442543, 37.061284481853477 ], [ 127.931047969833557, 37.059477042176887 ], [ 127.926591226905586, 37.058850837099939 ] ] ] ] } },
{ "type": "Feature", "properties": { "emd_cd": "43130420", "emd_nm": "엄정면" }, "geometry": { "type": "MultiPolygon", "coordinates": [ [ [ [ 127.971877424216345, 37.148041480911843 ], [ 127.970456579043599, 37.137498068929446 ], [ 127.96282389716761, 37.131807786021717 ], [ 127.961650204301009, 37.12897215307283 ], [ 127.955237502533748, 37.128132050893484 ], [ 127.952981262216284, 37.125042204168174 ], [ 127.955195757618696, 37.11759285463895 ], [ 127.951838779580285, 37.113928991355763 ], [ 127.955891973479311, 37.110373546685643 ], [ 127.954177855383747, 37.106233354788039 ], [ 127.955680892708287, 37.103438506526622 ], [ 127.953791729908787, 37.100016288802827 ], [ 127.9571922838159, 37.099504827710874 ], [ 127.957964663523342, 37.097873834063385 ], [ 127.955411727186885, 37.09156961335232 ], [ 127.954413316308475, 37.090351891427659 ], [ 127.94871542956372, 37.090993838847119 ], [ 127.945670067585198, 37.087942427744132 ], [ 127.943606681481029, 37.089469943088822 ], [ 127.935400749566654, 37.083424020696178 ], [ 127.922985885498434, 37.080974375299199 ], [ 127.922224508456722, 37.074655577620383 ], [ 127.924255200560623, 37.075061326562171 ], [ 127.923217914058924, 37.073203408332894 ], [ 127.92699788879149, 37.072281439022539 ], [ 127.927664425143831, 37.06781410740976 ], [ 127.925126665698414, 37.055173062073742 ], [ 127.922311534183251, 37.056237209330654 ], [ 127.921665199266101, 37.059315608708502 ], [ 127.917393739813988, 37.062235984508924 ], [ 127.918597833064013, 37.065600657555983 ], [ 127.913086684569535, 37.066316913342504 ], [ 127.911622150631914, 37.068776998188959 ], [ 127.900731812983011, 37.069673285803397 ], [ 127.894894172689391, 37.067583368189716 ], [ 127.889448503533899, 37.062479037035743 ], [ 127.88350594589447, 37.075644016551514 ], [ 127.88078315752287, 37.077198946842337 ], [ 127.88250260726079, 37.077202198891534 ], [ 127.884007681580584, 37.08621721402772 ], [ 127.888071904615003, 37.088413019876462 ], [ 127.886435922279347, 37.089829605730415 ], [ 127.886107161275987, 37.094901750828313 ], [ 127.89810427145791, 37.099742143714899 ], [ 127.899234531539577, 37.103210152457315 ], [ 127.903078188921072, 37.106496632786637 ], [ 127.903308976968901, 37.111398246883681 ], [ 127.900912417172947, 37.119858240089954 ], [ 127.895579570694892, 37.127412399763671 ], [ 127.89769896372735, 37.131685972563709 ], [ 127.895369792899913, 37.139748890247027 ], [ 127.897126756440315, 37.143821383749561 ], [ 127.895174829376458, 37.147949675577458 ], [ 127.901622042206128, 37.151794909277747 ], [ 127.903857216306847, 37.156950398153761 ], [ 127.903472614877927, 37.160060352255947 ], [ 127.90616855351233, 37.161726774798289 ], [ 127.908618102391486, 37.167153813372813 ], [ 127.915030132968127, 37.168914803154088 ], [ 127.923837921332634, 37.163626157320778 ], [ 127.926310777405007, 37.165529595747323 ], [ 127.934493657569178, 37.163296974660341 ], [ 127.939386147643589, 37.163923622285353 ], [ 127.942779165581427, 37.161902615750137 ], [ 127.954470838738729, 37.16214138990965 ], [ 127.959647002914153, 37.160687346048732 ], [ 127.960425336042988, 37.158977795682631 ], [ 127.968434412949648, 37.156176847104369 ], [ 127.971877424216345, 37.148041480911843 ] ] ] ] } },
{ "type": "Feature", "properties": { "emd_cd": "43130430", "emd_nm": "소태면" }, "geometry": { "type": "MultiPolygon", "coordinates": [ [ [ [ 127.830478323472818, 37.086471786132797 ], [ 127.826260644789301, 37.095281986147242 ], [ 127.817346287617639, 37.102553094084129 ], [ 127.816464631955427, 37.110515451647174 ], [ 127.801381978206791, 37.120204528265631 ], [ 127.798896247821162, 37.123319015168384 ], [ 127.787828387969199, 37.144234528324226 ], [ 127.789524870144106, 37.143408901790707 ], [ 127.793359433376466, 37.145747793996293 ], [ 127.80164701934018, 37.144266295139175 ], [ 127.808036123638047, 37.147205921992644 ], [ 127.815260112010634, 37.146612306793756 ], [ 127.825367401634423, 37.152266684113599 ], [ 127.837465122393894, 37.151510222856857 ], [ 127.847410388181132, 37.152922811132832 ], [ 127.850371459759998, 37.154875308845533 ], [ 127.851274184894109, 37.158461891657218 ], [ 127.853546404474557, 37.160334817877612 ], [ 127.85527826605886, 37.159951853061017 ], [ 127.855868772732947, 37.15647621308063 ], [ 127.861295455378169, 37.155348730107107 ], [ 127.862033342148209, 37.161099591604348 ], [ 127.871979731049805, 37.164339948178899 ], [ 127.886567793218447, 37.161072617863013 ], [ 127.895419056566411, 37.156047881302847 ], [ 127.89889407411502, 37.149822687314391 ], [ 127.895171375669662, 37.147941222991079 ], [ 127.897126756440315, 37.143821383749561 ], [ 127.895369792899913, 37.139748890247027 ], [ 127.89769896372735, 37.131685972563709 ], [ 127.895579570694892, 37.127412399763671 ], [ 127.900912417172947, 37.119858240089954 ], [ 127.903308976968901, 37.111398246883681 ], [ 127.903078188921072, 37.106496632786637 ], [ 127.899234531539577, 37.103210152457315 ], [ 127.89810427145791, 37.099742143714899 ], [ 127.886031534659836, 37.09479961536173 ], [ 127.886435922279347, 37.089829605730415 ], [ 127.888071904615003, 37.088413019876462 ], [ 127.884007681580584, 37.08621721402772 ], [ 127.88250260726079, 37.077202198891534 ], [ 127.876596677500274, 37.078485347520193 ], [ 127.873891373122063, 37.083431475499467 ], [ 127.871021016958693, 37.084323737128308 ], [ 127.866296490388862, 37.082889621715601 ], [ 127.866772147133958, 37.080274944470403 ], [ 127.855478281415046, 37.078580687182786 ], [ 127.848873726227964, 37.079163515363625 ], [ 127.842146285237177, 37.084359180270091 ], [ 127.830478323472818, 37.086471786132797 ] ] ] ] } },
{ "type": "Feature", "properties": { "emd_cd": "43150101", "emd_nm": "의림동" }, "geometry": { "type": "MultiPolygon", "coordinates": [ [ [ [ 128.210435258876714, 37.14152493352686 ], [ 128.208638653120971, 37.138097995242006 ], [ 128.202862255153036, 37.141022662902472 ], [ 128.207453015853389, 37.145246648153247 ], [ 128.211120210044157, 37.145006525918852 ], [ 128.213277723222006, 37.143122547582401 ], [ 128.212119271641143, 37.140939506528191 ], [ 128.210435258876714, 37.14152493352686 ] ] ] ] } },
{ "type": "Feature", "properties": { "emd_cd": "43150102", "emd_nm": "서부동" }, "geometry": { "type": "MultiPolygon", "coordinates": [ [ [ [ 128.202352949600424, 37.141180803081276 ], [ 128.206781406858909, 37.138761484657216 ], [ 128.203965384736449, 37.133757498853079 ], [ 128.198697996956213, 37.131486655777145 ], [ 128.202352949600424, 37.141180803081276 ] ] ] ] } },
{ "type": "Feature", "properties": { "emd_cd": "43150103", "emd_nm": "동현동" }, "geometry": { "type": "MultiPolygon", "coordinates": [ [ [ [ 128.216072279811499, 37.132619534165372 ], [ 128.217601840961436, 37.1373240907742 ], [ 128.22341064239987, 37.136072768586182 ], [ 128.221890044443455, 37.128741524923349 ], [ 128.223296401928025, 37.124906900796752 ], [ 128.217935841423952, 37.125509839214644 ], [ 128.220346019842083, 37.127233419786535 ], [ 128.218420852184124, 37.128705756970561 ], [ 128.219526725296646, 37.13070434003162 ], [ 128.216072279811499, 37.132619534165372 ] ] ] ] } },
{ "type": "Feature", "properties": { "emd_cd": "43150104", "emd_nm": "남천동" }, "geometry": { "type": "MultiPolygon", "coordinates": [ [ [ [ 128.217601840961436, 37.1373240907742 ], [ 128.216072279811499, 37.132619534165372 ], [ 128.209471037543011, 37.134396715893445 ], [ 128.214006379300372, 37.1385598745671 ], [ 128.217601840961436, 37.1373240907742 ] ] ] ] } },
{ "type": "Feature", "properties": { "emd_cd": "43150105", "emd_nm": "교동" }, "geometry": { "type": "MultiPolygon", "coordinates": [ [ [ [ 128.214232120669493, 37.138580773257893 ], [ 128.215358745200035, 37.142484598091279 ], [ 128.218782067842682, 37.143975501262176 ], [ 128.224590715627699, 37.141304864075863 ], [ 128.221462418151276, 37.13668207331029 ], [ 128.214232120669493, 37.138580773257893 ] ] ] ] } },
{ "type": "Feature", "properties": { "emd_cd": "43150106", "emd_nm": "중앙로1가" }, "geometry": { "type": "MultiPolygon", "coordinates": [ [ [ [ 128.208626913063313, 37.134346003322655 ], [ 128.209659651731585, 37.138604243609599 ], [ 128.213749261948664, 37.138192554582517 ], [ 128.212467286555466, 37.136481006356689 ], [ 128.208626913063313, 37.134346003322655 ] ] ] ] } },
{ "type": "Feature", "properties": { "emd_cd": "43150107", "emd_nm": "중앙로2가" }, "geometry": { "type": "MultiPolygon", "coordinates": [ [ [ [ 128.214232120669493, 37.138580773257893 ], [ 128.209214543208617, 37.139189345423652 ], [ 128.213277723222006, 37.143122547582401 ], [ 128.211134365667363, 37.145001484437323 ], [ 128.215042769843052, 37.143671592515808 ], [ 128.214232120669493, 37.138580773257893 ] ] ] ] } },
{ "type": "Feature", "properties": { "emd_cd": "43150108", "emd_nm": "명동" }, "geometry": { "type": "MultiPolygon", "coordinates": [ [ [ [ 128.201554361185401, 37.132270400365698 ], [ 128.204100588161367, 37.133880858601522 ], [ 128.205796558624115, 37.138585637093179 ], [ 128.21031445323834, 37.137573249808327 ], [ 128.20758073105543, 37.132351550117896 ], [ 128.201554361185401, 37.132270400365698 ] ] ] ] } },
{ "type": "Feature", "properties": { "emd_cd": "43150109", "emd_nm": "화산동" }, "geometry": { "type": "MultiPolygon", "coordinates": [ [ [ [ 128.213807054581991, 37.133653530893262 ], [ 128.219526725296646, 37.13070434003162 ], [ 128.218420852184124, 37.128705756970561 ], [ 128.220346019842083, 37.127233419786535 ], [ 128.217884975963671, 37.125568034161425 ], [ 128.22189511740774, 37.12504777046842 ], [ 128.21420477015991, 37.124337708025763 ], [ 128.205594714489507, 37.128550545424773 ], [ 128.209817515726684, 37.134970005228872 ], [ 128.213506057703114, 37.132467492892829 ], [ 128.213807054581991, 37.133653530893262 ] ] ] ] } },
{ "type": "Feature", "properties": { "emd_cd": "43150110", "emd_nm": "영천동" }, "geometry": { "type": "MultiPolygon", "coordinates": [ [ [ [ 128.215191904003916, 37.124390959884764 ], [ 128.19793012772422, 37.123634570939018 ], [ 128.193997905054459, 37.125511743313972 ], [ 128.198697996956213, 37.131486655777145 ], [ 128.207347854701567, 37.132451077046213 ], [ 128.205594714489507, 37.128550545424773 ], [ 128.215191904003916, 37.124390959884764 ] ] ] ] } },
{ "type": "Feature", "properties": { "emd_cd": "43150111", "emd_nm": "하소동" }, "geometry": { "type": "MultiPolygon", "coordinates": [ [ [ [ 128.19339679537498, 37.149249899021626 ], [ 128.19990716125676, 37.145913184771452 ], [ 128.202184828222272, 37.139884906671199 ], [ 128.198315164464674, 37.130645418303004 ], [ 128.196342857964169, 37.130205094084403 ], [ 128.196509508045381, 37.132174808633081 ], [ 128.189922536156246, 37.135363425116452 ], [ 128.184060724178664, 37.141953897370421 ], [ 128.191432689855674, 37.144087092999726 ], [ 128.19339679537498, 37.149249899021626 ] ] ] ] } },
{ "type": "Feature", "properties": { "emd_cd": "43150112", "emd_nm": "신월동" }, "geometry": { "type": "MultiPolygon", "coordinates": [ [ [ [ 128.182634152776302, 37.185073266914117 ], [ 128.193821252391444, 37.187689363980454 ], [ 128.196725227131907, 37.187067749458855 ], [ 128.200043359849161, 37.179520432580993 ], [ 128.205925429822514, 37.173263148744837 ], [ 128.202829648098572, 37.155569310372861 ], [ 128.199003897351218, 37.152739179140873 ], [ 128.196685433864161, 37.147909324937153 ], [ 128.19339679537498, 37.149249899021626 ], [ 128.191708242978365, 37.144320495365754 ], [ 128.186848607010091, 37.142426524702266 ], [ 128.18275706162882, 37.143722017217861 ], [ 128.180833482096858, 37.145929777057034 ], [ 128.181612685137651, 37.148882883394201 ], [ 128.173908878984093, 37.155765538469666 ], [ 128.178132476731207, 37.159740677211715 ], [ 128.176394985465379, 37.163234664742966 ], [ 128.178788681068028, 37.169265118279199 ], [ 128.177295069580225, 37.176244992772659 ], [ 128.182634152776302, 37.185073266914117 ] ] ] ] } },
{ "type": "Feature", "properties": { "emd_cd": "43150113", "emd_nm": "청전동" }, "geometry": { "type": "MultiPolygon", "coordinates": [ [ [ [ 128.220603853039819, 37.153953814028448 ], [ 128.217761838124005, 37.151685003495992 ], [ 128.220483321380499, 37.147577592358246 ], [ 128.21958562531421, 37.144864193600107 ], [ 128.21651376488947, 37.142074570889854 ], [ 128.214544679494992, 37.142819551614771 ], [ 128.214481653634749, 37.144810510246138 ], [ 128.207453015853702, 37.145246648153147 ], [ 128.203736405029815, 37.141086728906764 ], [ 128.201587244642326, 37.141152752111481 ], [ 128.19990716125713, 37.145913184771366 ], [ 128.196685433864502, 37.147909324937054 ], [ 128.201161964914405, 37.155147777173909 ], [ 128.211068056917696, 37.159722265708332 ], [ 128.217296744290564, 37.157154238639471 ], [ 128.220603853039819, 37.153953814028448 ] ] ] ] } },
{ "type": "Feature", "properties": { "emd_cd": "43150114", "emd_nm": "모산동" }, "geometry": { "type": "MultiPolygon", "coordinates": [ [ [ [ 128.179805906340476, 37.202361086623164 ], [ 128.183479379579552, 37.20372331723491 ], [ 128.189707834167478, 37.202224886783206 ], [ 128.189089387090604, 37.193672146429464 ], [ 128.195976354333681, 37.192142167259185 ], [ 128.204044362976816, 37.187152378078103 ], [ 128.208358068038422, 37.180387186299384 ], [ 128.214364776378432, 37.179180258775503 ], [ 128.217570215492259, 37.173851234759468 ], [ 128.214818524715326, 37.170962057954682 ], [ 128.218637123821594, 37.166083677046942 ], [ 128.211426564078209, 37.162749416124811 ], [ 128.213114065312283, 37.1595770067673 ], [ 128.202154757884927, 37.155341035149391 ], [ 128.205925429822827, 37.173263148744837 ], [ 128.200043359849502, 37.179520432580986 ], [ 128.19672522713222, 37.187067749458855 ], [ 128.193821252391842, 37.187689363980354 ], [ 128.182634152776671, 37.185073266914017 ], [ 128.173506193119863, 37.188024630767977 ], [ 128.176596143409029, 37.190693079755178 ], [ 128.176355714267544, 37.195356802414999 ], [ 128.179059312946549, 37.197994805989801 ], [ 128.179805906340476, 37.202361086623164 ] ] ] ] } },
{ "type": "Feature", "properties": { "emd_cd": "43150115", "emd_nm": "고암동" }, "geometry": { "type": "MultiPolygon", "coordinates": [ [ [ [ 128.222010038561621, 37.1594339852372 ], [ 128.221999877659044, 37.159593598737217 ], [ 128.221999125807457, 37.15960542430048 ], [ 128.222010038561621, 37.1594339852372 ] ] ], [ [ [ 128.221866701142403, 37.159829098611738 ], [ 128.221883960658261, 37.159796072312915 ], [ 128.221867096867612, 37.159807007989137 ], [ 128.221866701142403, 37.159829098611738 ] ] ], [ [ [ 128.220603853039819, 37.153953814028448 ], [ 128.211426564078209, 37.162749416124811 ], [ 128.218637123821594, 37.166083677046942 ], [ 128.214818524715326, 37.170962057954682 ], [ 128.217528882535163, 37.174825340211228 ], [ 128.233736866062543, 37.178105449055408 ], [ 128.243062834554394, 37.175864114003254 ], [ 128.242987222647344, 37.173395129261351 ], [ 128.245957327363726, 37.172152763535529 ], [ 128.251666399477273, 37.16115581274218 ], [ 128.248972304384068, 37.159360462981518 ], [ 128.245457662027093, 37.159528571696441 ], [ 128.244274267486674, 37.153211675815463 ], [ 128.239644611731904, 37.148804175630758 ], [ 128.236523536664237, 37.151617455366619 ], [ 128.230551707538211, 37.152317101510818 ], [ 128.232804775862775, 37.155263868547053 ], [ 128.227762559491254, 37.158695120268824 ], [ 128.229123750558102, 37.162914787313888 ], [ 128.221501136307921, 37.160658937358939 ], [ 128.220603853039819, 37.153953814028448 ] ] ] ] } },
{ "type": "Feature", "properties": { "emd_cd": "43150116", "emd_nm": "장락동" }, "geometry": { "type": "MultiPolygon", "coordinates": [ [ [ [ 128.219107119893977, 37.144053387958898 ], [ 128.220483321380499, 37.147577592358246 ], [ 128.217761838124005, 37.151685003495992 ], [ 128.221062596172487, 37.154398105917181 ], [ 128.22140187161034, 37.160500495859225 ], [ 128.227846067763124, 37.162879674645389 ], [ 128.229187434863945, 37.161708959006717 ], [ 128.227762559491254, 37.158695120268824 ], [ 128.232804775862775, 37.155263868547053 ], [ 128.230551707538211, 37.152317101510818 ], [ 128.236523536664237, 37.151617455366619 ], [ 128.240084656921624, 37.148438247155532 ], [ 128.239377413392873, 37.141650543378042 ], [ 128.23626667326468, 37.137056247131007 ], [ 128.232842802794721, 37.137315658555913 ], [ 128.230897402972772, 37.13987434930884 ], [ 128.229085848537494, 37.138204731131189 ], [ 128.224128090106291, 37.139914656473721 ], [ 128.224445410185979, 37.141523087573248 ], [ 128.219107119893977, 37.144053387958898 ] ], [ [ 128.221905782020741, 37.159825292058095 ], [ 128.221883960658261, 37.159796072312915 ], [ 128.22191390550941, 37.159827931447907 ], [ 128.221905782020741, 37.159825292058095 ] ], [ [ 128.221999125807457, 37.15960542430048 ], [ 128.221999877659044, 37.159593598737217 ], [ 128.222010038561621, 37.1594339852372 ], [ 128.221999125807457, 37.15960542430048 ] ] ] ] } },
{ "type": "Feature", "properties": { "emd_cd": "43150117", "emd_nm": "흑석동" }, "geometry": { "type": "MultiPolygon", "coordinates": [ [ [ [ 128.23658790755016, 37.135893482788035 ], [ 128.239377413392532, 37.141650543378162 ], [ 128.23964461173162, 37.148804175630779 ], [ 128.244318141416215, 37.15400352988889 ], [ 128.247966434816391, 37.151180477337796 ], [ 128.245555631941386, 37.146170228673206 ], [ 128.251820807740557, 37.149151629911053 ], [ 128.266785190788738, 37.151543275451679 ], [ 128.261571685053525, 37.14918302525556 ], [ 128.261973528266168, 37.142370541578437 ], [ 128.257236715607661, 37.142405984790919 ], [ 128.252866415825309, 37.137045587939141 ], [ 128.248981457304694, 37.136149698203319 ], [ 128.250586918700179, 37.133546366338038 ], [ 128.242982334717027, 37.131080521680545 ], [ 128.242321383105036, 37.133006936625179 ], [ 128.23658790755016, 37.135893482788035 ] ] ] ] } },
{ "type": "Feature", "properties": { "emd_cd": "43150118", "emd_nm": "두학동" }, "geometry": { "type": "MultiPolygon", "coordinates": [ [ [ [ 128.270845366172239, 37.115893973246251 ], [ 128.27013849224565, 37.118897018318833 ], [ 128.264216471996775, 37.116942571243584 ], [ 128.25920275075481, 37.117715544357189 ], [ 128.255069543697545, 37.120321586687538 ], [ 128.247932477277317, 37.11880063948 ], [ 128.245650447907309, 37.120903557049573 ], [ 128.24327479266114, 37.120002471051691 ], [ 128.235027901710311, 37.126271474143913 ], [ 128.229474876314328, 37.125018667305433 ], [ 128.228891150338029, 37.128455941152389 ], [ 128.236301139006088, 37.131252174073708 ], [ 128.234996066843166, 37.133855524025556 ], [ 128.23658790755016, 37.135893482788035 ], [ 128.242321383105036, 37.133006936625179 ], [ 128.242982334717027, 37.131080521680545 ], [ 128.250586918700179, 37.133546366338038 ], [ 128.248981457304694, 37.136149698203319 ], [ 128.252866415825309, 37.137045587939141 ], [ 128.257236715607661, 37.142405984790919 ], [ 128.261973528266168, 37.142370541578437 ], [ 128.261571685053525, 37.14918302525556 ], [ 128.266785190788738, 37.151543275451679 ], [ 128.271890588757088, 37.151714446500222 ], [ 128.273286176537425, 37.147629211842187 ], [ 128.279927366640493, 37.142464751236787 ], [ 128.284685873050961, 37.143153955492245 ], [ 128.292673420004434, 37.139298857224183 ], [ 128.296111797359487, 37.134221781538926 ], [ 128.299638275718138, 37.133734618464445 ], [ 128.300010938077122, 37.132047307443877 ], [ 128.297358063026991, 37.12972671693305 ], [ 128.285112329413124, 37.125665349009147 ], [ 128.285139592914533, 37.122931152641669 ], [ 128.282253900786145, 37.121705578599354 ], [ 128.283055147204408, 37.119988021304813 ], [ 128.279274317450728, 37.116223704684323 ], [ 128.273035548573375, 37.117027026080287 ], [ 128.270845366172239, 37.115893973246251 ] ] ] ] } },
{ "type": "Feature", "properties": { "emd_cd": "43150119", "emd_nm": "고명동" }, "geometry": { "type": "MultiPolygon", "coordinates": [ [ [ [ 128.224697206567072, 37.125070155480792 ], [ 128.235027901710311, 37.126271474143913 ], [ 128.240151914373087, 37.121497774921401 ], [ 128.243235793447269, 37.119994607878077 ], [ 128.245643877047911, 37.120910317979771 ], [ 128.24793459237415, 37.118789308874341 ], [ 128.255069543697545, 37.120321586687538 ], [ 128.25920275075481, 37.117715544357189 ], [ 128.264216471996775, 37.116942571243584 ], [ 128.27013849224565, 37.118897018318833 ], [ 128.270518500602122, 37.113401524491955 ], [ 128.267362693449257, 37.113533500125335 ], [ 128.266937384421908, 37.108638018578183 ], [ 128.26326354125203, 37.108560148595195 ], [ 128.257871368668503, 37.102393739237556 ], [ 128.254520084807695, 37.104658638915183 ], [ 128.24724370718701, 37.104552667882921 ], [ 128.244748887515129, 37.103117069016896 ], [ 128.23929500178437, 37.109012706089928 ], [ 128.235490161016372, 37.109856957748448 ], [ 128.234277335382814, 37.113531076799077 ], [ 128.228139057064539, 37.115265094798616 ], [ 128.224697206567072, 37.125070155480792 ] ] ] ] } },
{ "type": "Feature", "properties": { "emd_cd": "43150120", "emd_nm": "신백동" }, "geometry": { "type": "MultiPolygon", "coordinates": [ [ [ [ 128.229474876314328, 37.125018667305433 ], [ 128.223023664629181, 37.124727606466784 ], [ 128.221890044443455, 37.128741524923349 ], [ 128.223742172420771, 37.134365982766447 ], [ 128.221898018905364, 37.137064552830473 ], [ 128.224116186740815, 37.139864751344561 ], [ 128.229085848537068, 37.13820473113126 ], [ 128.230897402972431, 37.139874349308947 ], [ 128.232842802794408, 37.13731565855592 ], [ 128.236266673264339, 37.137056247131007 ], [ 128.234996066843166, 37.133855524025556 ], [ 128.236301139006088, 37.131252174073708 ], [ 128.2293765620947, 37.129167190177874 ], [ 128.229474876314328, 37.125018667305433 ] ] ] ] } },
{ "type": "Feature", "properties": { "emd_cd": "43150121", "emd_nm": "강제동" }, "geometry": { "type": "MultiPolygon", "coordinates": [ [ [ [ 128.186938995267894, 37.113199981792647 ], [ 128.186034244534937, 37.118581607948379 ], [ 128.188422616282594, 37.124547078572562 ], [ 128.191409039666837, 37.123582496312899 ], [ 128.194025134569983, 37.125512973978708 ], [ 128.19793012772422, 37.123634570939018 ], [ 128.208848927785482, 37.122978969291943 ], [ 128.218324942823159, 37.125357279335411 ], [ 128.224697206567072, 37.125070155480792 ], [ 128.230245223932855, 37.110271818055161 ], [ 128.225272251248043, 37.107362473541826 ], [ 128.221955655872762, 37.109780262774272 ], [ 128.218967841899996, 37.107047831586428 ], [ 128.213487917229259, 37.107337372711129 ], [ 128.215267966813002, 37.11316249224344 ], [ 128.210556702290063, 37.113702395816233 ], [ 128.208575793203664, 37.117144299381863 ], [ 128.204878395093203, 37.119198677163716 ], [ 128.202251819185165, 37.11724027180432 ], [ 128.197039542536373, 37.117360340414898 ], [ 128.196335489563552, 37.113981018068579 ], [ 128.189325833568319, 37.114647935986142 ], [ 128.188665839848511, 37.113054196944653 ], [ 128.186938995267894, 37.113199981792647 ] ] ] ] } },
{ "type": "Feature", "properties": { "emd_cd": "43150122", "emd_nm": "명지동" }, "geometry": { "type": "MultiPolygon", "coordinates": [ [ [ [ 128.213487917229259, 37.107337372711129 ], [ 128.199372062675081, 37.106745881730731 ], [ 128.197536885411154, 37.104403285061203 ], [ 128.190037568620625, 37.102336144030268 ], [ 128.175508168919663, 37.105167980931618 ], [ 128.178206476685801, 37.109360507419204 ], [ 128.181887963934429, 37.109183036738891 ], [ 128.189325833568319, 37.114647935986142 ], [ 128.196335489563552, 37.113981018068579 ], [ 128.197039542536373, 37.117360340414898 ], [ 128.202251819185165, 37.11724027180432 ], [ 128.204878395093203, 37.119198677163716 ], [ 128.208575793203664, 37.117144299381863 ], [ 128.210556702290063, 37.113702395816233 ], [ 128.215267966813002, 37.11316249224344 ], [ 128.213487917229259, 37.107337372711129 ] ] ] ] } },
{ "type": "Feature", "properties": { "emd_cd": "43150123", "emd_nm": "산곡동" }, "geometry": { "type": "MultiPolygon", "coordinates": [ [ [ [ 128.173148425592558, 37.096209975460489 ], [ 128.174708647250526, 37.097739252502301 ], [ 128.175508168919663, 37.105167980931618 ], [ 128.190037568620625, 37.102336144030268 ], [ 128.197536885411154, 37.104403285061203 ], [ 128.199372062675081, 37.106745881730731 ], [ 128.211423586780938, 37.107177055118861 ], [ 128.211164708165967, 37.094142081309137 ], [ 128.207819473047209, 37.095580087653261 ], [ 128.201060408007208, 37.095328842939637 ], [ 128.198126499728488, 37.092938572603515 ], [ 128.197384097922281, 37.088260002459961 ], [ 128.191067926183564, 37.093039432385702 ], [ 128.190282656976251, 37.091218455626226 ], [ 128.183790894602822, 37.091160635326609 ], [ 128.173148425592558, 37.096209975460489 ] ] ] ] } },
{ "type": "Feature", "properties": { "emd_cd": "43150124", "emd_nm": "왕암동" }, "geometry": { "type": "MultiPolygon", "coordinates": [ [ [ [ 128.177140226970351, 37.139588712160069 ], [ 128.169422575872034, 37.141289081646299 ], [ 128.163372349720134, 37.139230495560334 ], [ 128.160439720180932, 37.142298654447252 ], [ 128.15802934211743, 37.14013358489489 ], [ 128.152587938653738, 37.143785590654993 ], [ 128.148789540381586, 37.140928641627731 ], [ 128.147821479216503, 37.144572877434172 ], [ 128.145964027121067, 37.139437679332147 ], [ 128.141782113335125, 37.139476828348712 ], [ 128.140659459325178, 37.142042643337888 ], [ 128.13769765116848, 37.142610114974168 ], [ 128.135758953409578, 37.151793087851502 ], [ 128.1564550789235, 37.155382483051575 ], [ 128.165280640956212, 37.154668740136515 ], [ 128.170098140641272, 37.157227542552619 ], [ 128.174871200962002, 37.157269057515848 ], [ 128.174406798871473, 37.154266354211011 ], [ 128.176010193202586, 37.154407145536048 ], [ 128.181612685137992, 37.148882883394194 ], [ 128.180833482097086, 37.145929777057027 ], [ 128.185071546042508, 37.143282268318245 ], [ 128.177140226970351, 37.139588712160069 ] ] ] ] } },
{ "type": "Feature", "properties": { "emd_cd": "43150125", "emd_nm": "천남동" }, "geometry": { "type": "MultiPolygon", "coordinates": [ [ [ [ 128.177140226970351, 37.139588712160069 ], [ 128.183486899081487, 37.142344607482791 ], [ 128.189922536156587, 37.135363425116438 ], [ 128.196509508045693, 37.132174808633081 ], [ 128.196127961613968, 37.130263787209813 ], [ 128.198430130559274, 37.130213963209123 ], [ 128.19242827564625, 37.123830960187163 ], [ 128.188305970223183, 37.12446846538603 ], [ 128.186034244535165, 37.118581607948393 ], [ 128.186945937700614, 37.112949929561132 ], [ 128.180875793047193, 37.108955949306306 ], [ 128.178206476686029, 37.109360507419119 ], [ 128.1749328279503, 37.11540915376176 ], [ 128.177404475806782, 37.118978805914949 ], [ 128.173628020464577, 37.132456499619003 ], [ 128.177140226970351, 37.139588712160069 ] ] ] ] } },
{ "type": "Feature", "properties": { "emd_cd": "43150126", "emd_nm": "신동" }, "geometry": { "type": "MultiPolygon", "coordinates": [ [ [ [ 128.178206476686029, 37.109360507419119 ], [ 128.174676629891962, 37.103224529343308 ], [ 128.170806727722919, 37.10431816111786 ], [ 128.170580480934007, 37.107646400211763 ], [ 128.168754548052561, 37.108996358350623 ], [ 128.170904801230307, 37.112368013942067 ], [ 128.168425463359483, 37.119766888652308 ], [ 128.156071126261651, 37.122440264258827 ], [ 128.154616111981653, 37.121035354730303 ], [ 128.150841830708487, 37.127052720999856 ], [ 128.149414570916974, 37.129753604347833 ], [ 128.150351775033101, 37.131054556823905 ], [ 128.155822333985782, 37.129577376084882 ], [ 128.155389306284377, 37.134014989208659 ], [ 128.159986411765033, 37.136249763825724 ], [ 128.158522354900043, 37.140396452931732 ], [ 128.160439720180932, 37.142298654447252 ], [ 128.163372349720134, 37.139230495560334 ], [ 128.169422575872034, 37.141289081646299 ], [ 128.177140226970351, 37.139588712160069 ], [ 128.173628020464577, 37.132456499619003 ], [ 128.177404475806782, 37.118978805914949 ], [ 128.1749328279503, 37.11540915376176 ], [ 128.178206476686029, 37.109360507419119 ] ] ] ] } },
{ "type": "Feature", "properties": { "emd_cd": "43150127", "emd_nm": "자작동" }, "geometry": { "type": "MultiPolygon", "coordinates": [ [ [ [ 128.277598877994478, 37.115809686593195 ], [ 128.283055147204863, 37.119988021304742 ], [ 128.282123423792768, 37.121474616827506 ], [ 128.285139592914959, 37.12293115264157 ], [ 128.285112329413721, 37.12566534900904 ], [ 128.297358063027445, 37.129726716932964 ], [ 128.300010938077548, 37.132047307443791 ], [ 128.3037315227119, 37.128279491317777 ], [ 128.304184740429321, 37.117307872993592 ], [ 128.308373568204814, 37.114509467078562 ], [ 128.308860162494597, 37.111230152780301 ], [ 128.306499738648938, 37.108966702596248 ], [ 128.303828745205863, 37.100301196947171 ], [ 128.300679446236387, 37.098507726395212 ], [ 128.298773043198651, 37.099393972706004 ], [ 128.293942033943324, 37.098061951574778 ], [ 128.287105543637296, 37.102178630182259 ], [ 128.285948363433278, 37.105487276093648 ], [ 128.282101646279301, 37.108924805672913 ], [ 128.280507921838762, 37.108124346004949 ], [ 128.277779434226034, 37.110773845873723 ], [ 128.278693521076377, 37.113872193548232 ], [ 128.277598877994478, 37.115809686593195 ] ] ] ] } },
{ "type": "Feature", "properties": { "emd_cd": "43150128", "emd_nm": "대랑동" }, "geometry": { "type": "MultiPolygon", "coordinates": [ [ [ [ 128.257871368668503, 37.102393739237556 ], [ 128.256369835244044, 37.100239740123243 ], [ 128.259611552697351, 37.099130900314584 ], [ 128.262333159479965, 37.09029393476947 ], [ 128.264570941571066, 37.088040407345765 ], [ 128.269927004765691, 37.088236953575326 ], [ 128.26139284403763, 37.082036344363097 ], [ 128.255214432319519, 37.082028300570649 ], [ 128.24924596023169, 37.075112873920055 ], [ 128.242985520987958, 37.080849766541576 ], [ 128.243459768164143, 37.087545004363491 ], [ 128.23938208130923, 37.092298087760362 ], [ 128.23772327387681, 37.092307283893007 ], [ 128.240276897283422, 37.094273598101545 ], [ 128.240893305528289, 37.09705831443506 ], [ 128.239541202949425, 37.098064258554459 ], [ 128.240249206426313, 37.100024438740959 ], [ 128.236669359960729, 37.102779629420013 ], [ 128.237911757254608, 37.104323645131132 ], [ 128.23569602921026, 37.108848161794377 ], [ 128.236697842586864, 37.110127369936372 ], [ 128.23929500178437, 37.109012706089928 ], [ 128.244748887515129, 37.103117069016896 ], [ 128.24724370718701, 37.104552667882921 ], [ 128.254520084807695, 37.104658638915183 ], [ 128.257871368668503, 37.102393739237556 ] ] ] ] } },
{ "type": "Feature", "properties": { "emd_cd": "43150250", "emd_nm": "봉양읍" }, "geometry": { "type": "MultiPolygon", "coordinates": [ [ [ [ 128.174676629891962, 37.103224529343308 ], [ 128.174708647250839, 37.097739252502301 ], [ 128.173148425592757, 37.096209975460475 ], [ 128.165419794514037, 37.096436697783936 ], [ 128.164898793437686, 37.090652062214929 ], [ 128.155981445371197, 37.090711712104827 ], [ 128.156250728168885, 37.086534250869249 ], [ 128.153072177762965, 37.083874979656308 ], [ 128.148704342291381, 37.083214811133821 ], [ 128.140373207496509, 37.077563597136248 ], [ 128.128548094200653, 37.074148619651368 ], [ 128.126275918811132, 37.074736154615316 ], [ 128.124404892591741, 37.0713174818043 ], [ 128.115583611197167, 37.070693246353699 ], [ 128.111316003398542, 37.067301099951777 ], [ 128.110694584679294, 37.065030987535224 ], [ 128.100685254723317, 37.069561678126291 ], [ 128.097660557967401, 37.069438473702974 ], [ 128.092768327837717, 37.073306472226783 ], [ 128.08545171134989, 37.07513207879942 ], [ 128.076207826620731, 37.083907697062266 ], [ 128.077954190822055, 37.089100982158286 ], [ 128.0718611932719, 37.09866985092431 ], [ 128.071535714510759, 37.103090904351035 ], [ 128.067444051243427, 37.104066001999826 ], [ 128.070256365952673, 37.107570465852888 ], [ 128.066294886531608, 37.110583196664898 ], [ 128.061548002128376, 37.110399297575022 ], [ 128.056124952970578, 37.116237577136658 ], [ 128.056733340136759, 37.118681085284571 ], [ 128.053189726833494, 37.121439597115696 ], [ 128.05639708384254, 37.1312718629367 ], [ 128.056041075361264, 37.141743867520489 ], [ 128.061693237571887, 37.153979854880312 ], [ 128.050446861391862, 37.1639293071214 ], [ 128.045371940403953, 37.166263612464192 ], [ 128.044975854275975, 37.1686612184319 ], [ 128.04989190723515, 37.170959474927201 ], [ 128.049682388765717, 37.172637682037994 ], [ 128.044179124997498, 37.178090269339734 ], [ 128.041720020249898, 37.187638067467994 ], [ 128.040039228784281, 37.189281762115954 ], [ 128.044043124514843, 37.191226946893728 ], [ 128.049942620440248, 37.189337200380571 ], [ 128.059968268767818, 37.193789250999565 ], [ 128.063606826436398, 37.192597878457406 ], [ 128.070403710924751, 37.194368103409644 ], [ 128.073736149837913, 37.193049159198701 ], [ 128.078940632444358, 37.193916851991041 ], [ 128.087733372641026, 37.19996725671313 ], [ 128.095046325055648, 37.199926309648355 ], [ 128.108762794657224, 37.205704270863144 ], [ 128.111639062723242, 37.207804977129371 ], [ 128.111189570296233, 37.210309951799069 ], [ 128.114461523046572, 37.213630418266213 ], [ 128.115425904605587, 37.220303893351691 ], [ 128.122269123486433, 37.225068225539957 ], [ 128.120690754021012, 37.227220513596002 ], [ 128.125186671447807, 37.234531961696405 ], [ 128.129547990443001, 37.233705462492871 ], [ 128.132881643894905, 37.229736312871864 ], [ 128.140321196605299, 37.229637687722509 ], [ 128.142165986303866, 37.228402607493138 ], [ 128.14201932947438, 37.224148802706125 ], [ 128.144776431944422, 37.221860505249502 ], [ 128.150729105349001, 37.220613943738734 ], [ 128.15467994319431, 37.215285266480102 ], [ 128.157935325849564, 37.216213440390248 ], [ 128.164060037789739, 37.213250378877014 ], [ 128.167836631539558, 37.214309188552569 ], [ 128.171320518640925, 37.211968810280823 ], [ 128.176775561112976, 37.203143810105622 ], [ 128.180434046096792, 37.200833266384166 ], [ 128.176355714267544, 37.195356802414999 ], [ 128.176596143409029, 37.190693079755178 ], [ 128.173506193119863, 37.188024630767977 ], [ 128.182634152776671, 37.185073266914017 ], [ 128.17729506958068, 37.176244992772659 ], [ 128.178788681068283, 37.169265118279192 ], [ 128.176394985465606, 37.163234664742973 ], [ 128.178132476731577, 37.159740677211708 ], [ 128.175490215385395, 37.156892644755708 ], [ 128.170098140641272, 37.157227542552619 ], [ 128.165498782973685, 37.154700959008757 ], [ 128.1564550789235, 37.155382483051575 ], [ 128.135761180934367, 37.151794185352152 ], [ 128.137699258306981, 37.142607351525676 ], [ 128.140659292634126, 37.142041461782647 ], [ 128.141783543067618, 37.139476793667072 ], [ 128.145962278174153, 37.139432080340555 ], [ 128.147821616310665, 37.14457369835565 ], [ 128.148789540381586, 37.140928641627731 ], [ 128.152587938653738, 37.143785590654993 ], [ 128.158522354900043, 37.140396452931732 ], [ 128.159986411765033, 37.136249763825724 ], [ 128.155389306284377, 37.134014989208659 ], [ 128.155822333985782, 37.129577376084882 ], [ 128.150465501579248, 37.13105458942799 ], [ 128.149414570916974, 37.129753604347833 ], [ 128.154616111981653, 37.121035354730303 ], [ 128.156071126261651, 37.122440264258827 ], [ 128.168425463359483, 37.119766888652308 ], [ 128.170904801230307, 37.112368013942067 ], [ 128.168754548052561, 37.108996358350623 ], [ 128.170580480934007, 37.107646400211763 ], [ 128.170806727722919, 37.10431816111786 ], [ 128.174676629891962, 37.103224529343308 ] ] ] ] } },
{ "type": "Feature", "properties": { "emd_cd": "43150310", "emd_nm": "금성면" }, "geometry": { "type": "MultiPolygon", "coordinates": [ [ [ [ 128.173148425592558, 37.096209975460489 ], [ 128.183790894602822, 37.091160635326609 ], [ 128.190282656976251, 37.091218455626226 ], [ 128.191067926183564, 37.093039432385702 ], [ 128.197384097922281, 37.088260002459961 ], [ 128.198126499728488, 37.092938572603515 ], [ 128.201060408007208, 37.095328842939637 ], [ 128.207819473047209, 37.095580087653261 ], [ 128.211164708165967, 37.094142081309137 ], [ 128.211423586780938, 37.107177055118861 ], [ 128.218967841899996, 37.107047831586428 ], [ 128.221955655872762, 37.109780262774272 ], [ 128.225272251248043, 37.107362473541826 ], [ 128.230245223932855, 37.110271818055161 ], [ 128.227959442700381, 37.11412159874817 ], [ 128.229482490879576, 37.115341148383095 ], [ 128.234277335382814, 37.113531076799077 ], [ 128.236187150815937, 37.109776661895921 ], [ 128.235941160292356, 37.106358862710387 ], [ 128.237655373525854, 37.105656431061803 ], [ 128.236669359960729, 37.102779629420013 ], [ 128.240249206426313, 37.100024438740959 ], [ 128.239541202949425, 37.098064258554459 ], [ 128.240893305528289, 37.09705831443506 ], [ 128.240276897283422, 37.094273598101545 ], [ 128.23772327387681, 37.092307283893007 ], [ 128.23938208130923, 37.092298087760362 ], [ 128.243459768164143, 37.087545004363491 ], [ 128.242985520987958, 37.080849766541576 ], [ 128.246793644972342, 37.076915293683037 ], [ 128.23940961611936, 37.073604521550223 ], [ 128.236810049379415, 37.065418211944845 ], [ 128.225369534658142, 37.062340002449766 ], [ 128.22496912242184, 37.058717672422254 ], [ 128.217842064071391, 37.054341433360612 ], [ 128.221026865249456, 37.050041458241182 ], [ 128.218981359552458, 37.045843592373217 ], [ 128.220832651077728, 37.041999346553752 ], [ 128.217124728472157, 37.037387925252126 ], [ 128.224426977519556, 37.034306850407646 ], [ 128.225052345212504, 37.027212476046472 ], [ 128.212383460550967, 37.024138633179092 ], [ 128.187778559717799, 37.024501815819079 ], [ 128.175915105904977, 37.021659780100613 ], [ 128.167789703904759, 37.025933212413172 ], [ 128.166559476311505, 37.028664830920228 ], [ 128.163109802401067, 37.028912461731146 ], [ 128.16171536492871, 37.03110077183603 ], [ 128.157771191569367, 37.024579108197287 ], [ 128.147832664681658, 37.025017210030541 ], [ 128.147221981637216, 37.027854384318573 ], [ 128.150417216869073, 37.037200693046167 ], [ 128.149946150785411, 37.039902576325538 ], [ 128.144394269139809, 37.047013995500464 ], [ 128.138397190363293, 37.048094729538974 ], [ 128.129474759365081, 37.045832496544911 ], [ 128.126932493698746, 37.051397750906837 ], [ 128.120830711359901, 37.053870303733497 ], [ 128.10999213318081, 37.048785930542834 ], [ 128.106450138417955, 37.049876458717137 ], [ 128.106134401647893, 37.052864007684981 ], [ 128.112287100308492, 37.058330763287266 ], [ 128.11039429068984, 37.059792143105703 ], [ 128.111316003398315, 37.067301099951891 ], [ 128.115427918287679, 37.070608386216364 ], [ 128.124404892591599, 37.0713174818043 ], [ 128.126275918811018, 37.074736154615394 ], [ 128.128548094200539, 37.074148619651368 ], [ 128.140373207496282, 37.077563597136248 ], [ 128.156250728168573, 37.086534250869342 ], [ 128.155981445370969, 37.09071171210492 ], [ 128.164898793437487, 37.090652062215028 ], [ 128.165419794513696, 37.096436697783943 ], [ 128.173148425592558, 37.096209975460489 ] ] ] ] } },
{ "type": "Feature", "properties": { "emd_cd": "43150320", "emd_nm": "청풍면" }, "geometry": { "type": "MultiPolygon", "coordinates": [ [ [ [ 128.085451711349691, 37.075132078799527 ], [ 128.092768327837518, 37.073306472226868 ], [ 128.097660557967174, 37.069438473702974 ], [ 128.100685254723061, 37.069561678126412 ], [ 128.111388128869521, 37.064669742451699 ], [ 128.11039429068984, 37.059792143105703 ], [ 128.112287100308492, 37.058330763287266 ], [ 128.105728350151082, 37.051029259159151 ], [ 128.107946279783448, 37.048654386685776 ], [ 128.120830711359901, 37.053870303733497 ], [ 128.126932493698746, 37.051397750906837 ], [ 128.129474759365081, 37.045832496544911 ], [ 128.138397190363293, 37.048094729538974 ], [ 128.144394269139809, 37.047013995500464 ], [ 128.149946150785411, 37.039902576325538 ], [ 128.150552487371044, 37.03619322508743 ], [ 128.146967665410727, 37.025356030237148 ], [ 128.157771191569367, 37.024579108197287 ], [ 128.16171536492871, 37.03110077183603 ], [ 128.163109802401067, 37.028912461731146 ], [ 128.166559476311505, 37.028664830920228 ], [ 128.167789703904759, 37.025933212413172 ], [ 128.175915105904977, 37.021659780100613 ], [ 128.187778559717799, 37.024501815819079 ], [ 128.212383460550967, 37.024138633179092 ], [ 128.225052345212504, 37.027212476046472 ], [ 128.228046330685459, 37.024484278301102 ], [ 128.238492564842716, 37.025088505782485 ], [ 128.243904439189492, 37.021083543608839 ], [ 128.248885519134177, 37.012632068275941 ], [ 128.253969488304506, 37.009370705274542 ], [ 128.257324090104646, 37.002350003904262 ], [ 128.2571323210733, 36.998931488142802 ], [ 128.251768772546171, 36.997544348124634 ], [ 128.24461902738156, 37.000945759568843 ], [ 128.230223460058568, 37.000200938016306 ], [ 128.223276813277892, 37.003630182234005 ], [ 128.213657719532648, 37.004827981026182 ], [ 128.204202565706282, 37.001872758521593 ], [ 128.196983083794919, 36.992184242046534 ], [ 128.187223537657729, 36.985671578212134 ], [ 128.178667067275626, 36.982852170143182 ], [ 128.17712317970549, 36.974635531622731 ], [ 128.180488082216499, 36.972790457778473 ], [ 128.183262332509543, 36.96617934892263 ], [ 128.178417334405367, 36.965036879973063 ], [ 128.175207467477094, 36.969780463537596 ], [ 128.163884246063134, 36.973174017644553 ], [ 128.161000605231749, 36.964039165332821 ], [ 128.151602515354682, 36.963088362726232 ], [ 128.150202549798195, 36.963912538775126 ], [ 128.151226959642173, 36.965934039980333 ], [ 128.144442750667821, 36.967940449619292 ], [ 128.13816919726392, 36.964844198397941 ], [ 128.13159485986094, 36.955003273334704 ], [ 128.120754127003863, 36.956661099781051 ], [ 128.115757661437726, 36.96206741740253 ], [ 128.109548004677691, 36.964158948935449 ], [ 128.104220104616019, 36.968548928815984 ], [ 128.102073515170133, 36.974716201596536 ], [ 128.102829450042805, 36.978059833594067 ], [ 128.09862735474772, 36.982951772105785 ], [ 128.100714559723116, 36.987895157095416 ], [ 128.096337836915467, 36.993065434015833 ], [ 128.092108115526599, 36.992931053329606 ], [ 128.09059309212023, 36.990145775666541 ], [ 128.084891626817921, 36.990398521765883 ], [ 128.084024791548785, 36.995939576464238 ], [ 128.078886462100996, 36.996259689767513 ], [ 128.076433208069176, 37.002128131096576 ], [ 128.076674799502143, 37.005707396659929 ], [ 128.086303660296437, 37.010851543525241 ], [ 128.088813776537961, 37.017973129476673 ], [ 128.085501831223439, 37.019981838851258 ], [ 128.087600081968105, 37.022771149559219 ], [ 128.090389874200497, 37.023344696255229 ], [ 128.086111412857065, 37.028229395026536 ], [ 128.088762616803848, 37.031389895580524 ], [ 128.08342851805935, 37.038968846508368 ], [ 128.084493615350823, 37.044467033294552 ], [ 128.080728295738879, 37.048475605791261 ], [ 128.083741664431784, 37.055535091021561 ], [ 128.082581332598522, 37.059057463885686 ], [ 128.085765593928073, 37.065609795048537 ], [ 128.082060377150128, 37.070849422111195 ], [ 128.082766765736551, 37.073831169659115 ], [ 128.085451711349691, 37.075132078799527 ] ] ] ] } },
{ "type": "Feature", "properties": { "emd_cd": "43150330", "emd_nm": "수산면" }, "geometry": { "type": "MultiPolygon", "coordinates": [ [ [ [ 128.253908212598219, 36.997482243114504 ], [ 128.25851059763815, 36.993325231729962 ], [ 128.255836613829587, 36.986498921334309 ], [ 128.259347240457885, 36.978639630269875 ], [ 128.260011018988564, 36.968457684002388 ], [ 128.266591821484354, 36.960783625272903 ], [ 128.259657985140365, 36.95484879425404 ], [ 128.264498163336413, 36.952302722646778 ], [ 128.263001376855271, 36.949015799854635 ], [ 128.259799992493527, 36.948740623234521 ], [ 128.252876045787048, 36.942694523987704 ], [ 128.24737476330472, 36.944644347382706 ], [ 128.244829089521744, 36.941859568610475 ], [ 128.247021040297454, 36.937879234660784 ], [ 128.241469399948528, 36.937562797822224 ], [ 128.236348051681802, 36.933623581127435 ], [ 128.236720224711405, 36.916612916882805 ], [ 128.237966888714737, 36.913764455956908 ], [ 128.242298035430508, 36.911621326032815 ], [ 128.246195035256136, 36.904965682994309 ], [ 128.243803218669541, 36.890969028024848 ], [ 128.250918067016585, 36.884722000341917 ], [ 128.24281987504159, 36.878437032822958 ], [ 128.23549049187551, 36.882291981782707 ], [ 128.229099476341901, 36.882685228627821 ], [ 128.226424687597216, 36.886398010840502 ], [ 128.21872965934736, 36.88833696267897 ], [ 128.217513667591561, 36.895152704405618 ], [ 128.214972191501971, 36.897151129372716 ], [ 128.20954374226551, 36.896933588238717 ], [ 128.206547865567245, 36.901334406685315 ], [ 128.190861117243259, 36.897926443116624 ], [ 128.190504062494938, 36.907046745227241 ], [ 128.182561572543761, 36.912984996580683 ], [ 128.181442210856318, 36.917628544461699 ], [ 128.167782702061544, 36.92162326776446 ], [ 128.1692770811446, 36.92944868193883 ], [ 128.163464991954129, 36.930340099865916 ], [ 128.160701730629455, 36.92755611208662 ], [ 128.15228642133232, 36.929578685065444 ], [ 128.150792798214468, 36.931080018895337 ], [ 128.150989893729218, 36.934066898327018 ], [ 128.147376239527858, 36.937240533382571 ], [ 128.146308153065888, 36.942841477198058 ], [ 128.140849471289556, 36.945425893808817 ], [ 128.137257781477444, 36.950880830951299 ], [ 128.133557350134879, 36.951401477428426 ], [ 128.131272067477198, 36.953913192091896 ], [ 128.132820939753543, 36.957726663859397 ], [ 128.140844514805366, 36.966987572635119 ], [ 128.146440157050989, 36.968030917357858 ], [ 128.151226959642173, 36.965934039980333 ], [ 128.150202549798195, 36.963912538775126 ], [ 128.151602515354682, 36.963088362726232 ], [ 128.161000605231749, 36.964039165332821 ], [ 128.163884246063134, 36.973174017644553 ], [ 128.175207467477094, 36.969780463537596 ], [ 128.178417334405367, 36.965036879973063 ], [ 128.183262332509543, 36.96617934892263 ], [ 128.180488082216499, 36.972790457778473 ], [ 128.17712317970549, 36.974635531622731 ], [ 128.178667067275626, 36.982852170143182 ], [ 128.187223537657729, 36.985671578212134 ], [ 128.196983083794919, 36.992184242046534 ], [ 128.204202565706282, 37.001872758521593 ], [ 128.217493130107158, 37.005165987967693 ], [ 128.230223460058568, 37.000200938016306 ], [ 128.24461902738156, 37.000945759568843 ], [ 128.253908212598219, 36.997482243114504 ] ] ] ] } },
{ "type": "Feature", "properties": { "emd_cd": "43150340", "emd_nm": "덕산면" }, "geometry": { "type": "MultiPolygon", "coordinates": [ [ [ [ 128.136332114556751, 36.83289148562622 ], [ 128.137635857110041, 36.8393945224825 ], [ 128.132885253966151, 36.83904904857868 ], [ 128.131154618951172, 36.84372731216677 ], [ 128.111445545848113, 36.843679154943274 ], [ 128.11540302510366, 36.850353740009652 ], [ 128.125983719097263, 36.854599318975559 ], [ 128.125733006973434, 36.857411796493793 ], [ 128.121615064947065, 36.860945819448133 ], [ 128.122835650208344, 36.864444113420383 ], [ 128.115279290470085, 36.868163614332559 ], [ 128.10641460756429, 36.875414288878702 ], [ 128.104567271446768, 36.881713986231233 ], [ 128.105976657553526, 36.884643509051401 ], [ 128.103729803390934, 36.88843476868955 ], [ 128.087467352353656, 36.902541397768076 ], [ 128.087701472457013, 36.906802564296711 ], [ 128.090337763186938, 36.909713432827942 ], [ 128.089217398585504, 36.92142785402595 ], [ 128.095977058621514, 36.92046484076517 ], [ 128.099857945653611, 36.914086482811598 ], [ 128.106110818275283, 36.910226848883461 ], [ 128.107077534570408, 36.913402541165937 ], [ 128.104909571549371, 36.91537993431654 ], [ 128.104264625448508, 36.919723784973947 ], [ 128.111880345440937, 36.925306489873634 ], [ 128.111632955522424, 36.928861017259734 ], [ 128.113941197269838, 36.930794203494209 ], [ 128.122250416704645, 36.932197315109448 ], [ 128.127036141611086, 36.937325533557193 ], [ 128.1307406283386, 36.936471093552022 ], [ 128.132673431807802, 36.938454741061783 ], [ 128.136126849148724, 36.93648113000107 ], [ 128.146757842933397, 36.93881731424424 ], [ 128.150989893729218, 36.934066898327018 ], [ 128.150792798214468, 36.931080018895337 ], [ 128.15228642133232, 36.929578685065444 ], [ 128.160701730629455, 36.92755611208662 ], [ 128.163464991954129, 36.930340099865916 ], [ 128.1692770811446, 36.92944868193883 ], [ 128.167782702061544, 36.92162326776446 ], [ 128.181442210856318, 36.917628544461699 ], [ 128.182561572543761, 36.912984996580683 ], [ 128.190504062494938, 36.907046745227241 ], [ 128.190861117243259, 36.897926443116624 ], [ 128.206547865567245, 36.901334406685315 ], [ 128.20954374226551, 36.896933588238717 ], [ 128.214972191501971, 36.897151129372716 ], [ 128.217513667591561, 36.895152704405618 ], [ 128.21872965934736, 36.88833696267897 ], [ 128.226424687597216, 36.886398010840502 ], [ 128.229099476341901, 36.882685228627821 ], [ 128.23549049187551, 36.882291981782707 ], [ 128.24281987504159, 36.878437032822958 ], [ 128.242830040038058, 36.873448164630062 ], [ 128.240367285191923, 36.871306714894516 ], [ 128.239495630566182, 36.865103076525493 ], [ 128.234655630974288, 36.862830707783409 ], [ 128.234401154967998, 36.854678943655863 ], [ 128.238714006206635, 36.850183133136717 ], [ 128.237022184466724, 36.845345928174886 ], [ 128.230128926454057, 36.845369081478857 ], [ 128.212544124832846, 36.849729025821865 ], [ 128.211251179968116, 36.846901109690066 ], [ 128.210714871362597, 36.842434895281919 ], [ 128.214508541490574, 36.834851423079343 ], [ 128.217316054279593, 36.819373901521466 ], [ 128.215369108972737, 36.812002249993384 ], [ 128.207165181710366, 36.812424209231295 ], [ 128.193675683249495, 36.817116539496624 ], [ 128.184799723808737, 36.816632568048249 ], [ 128.171319029812651, 36.822101225871585 ], [ 128.162626307720927, 36.82099251169911 ], [ 128.153124974283003, 36.822435342341265 ], [ 128.150676999199732, 36.8242630907855 ], [ 128.148998921900215, 36.828628084724237 ], [ 128.144224436708271, 36.830167391683844 ], [ 128.14178103397353, 36.833336493093334 ], [ 128.136332114556751, 36.83289148562622 ] ] ] ] } },
{ "type": "Feature", "properties": { "emd_cd": "43150350", "emd_nm": "한수면" }, "geometry": { "type": "MultiPolygon", "coordinates": [ [ [ [ 128.146757842933397, 36.93881731424424 ], [ 128.136126849148724, 36.93648113000107 ], [ 128.132673431807802, 36.938454741061783 ], [ 128.1307406283386, 36.936471093552022 ], [ 128.127036141611086, 36.937325533557193 ], [ 128.122250416704645, 36.932197315109448 ], [ 128.113941197269838, 36.930794203494209 ], [ 128.111632955522424, 36.928861017259734 ], [ 128.111880345440937, 36.925306489873634 ], [ 128.104264625448508, 36.919723784973947 ], [ 128.104909571549371, 36.91537993431654 ], [ 128.107077534570408, 36.913402541165937 ], [ 128.106110818275283, 36.910226848883461 ], [ 128.099857945653611, 36.914086482811598 ], [ 128.095323330394478, 36.920878765875791 ], [ 128.090310734994603, 36.921663744207464 ], [ 128.088493390706873, 36.920415163345815 ], [ 128.090337763186938, 36.909713432827942 ], [ 128.087701472457013, 36.906802564296711 ], [ 128.087467352353656, 36.902541397768076 ], [ 128.103729803390934, 36.88843476868955 ], [ 128.105976657553526, 36.884643509051401 ], [ 128.104567271446768, 36.881713986231233 ], [ 128.10641460756429, 36.875414288878702 ], [ 128.115279290470085, 36.868163614332559 ], [ 128.122835650208344, 36.864444113420383 ], [ 128.121615064947065, 36.860945819448133 ], [ 128.125733006973434, 36.857411796493793 ], [ 128.125983719097263, 36.854599318975559 ], [ 128.11540302510366, 36.850353740009652 ], [ 128.111445545848113, 36.843679154943274 ], [ 128.131154618951172, 36.84372731216677 ], [ 128.132885253966151, 36.83904904857868 ], [ 128.137635857110041, 36.8393945224825 ], [ 128.136332114556751, 36.83289148562622 ], [ 128.121789529365117, 36.835085985336413 ], [ 128.110932920954923, 36.829429208664102 ], [ 128.097860325662964, 36.833119692603617 ], [ 128.093882598261644, 36.836832786912282 ], [ 128.093803235589206, 36.842590440682933 ], [ 128.091415248248751, 36.849151948960809 ], [ 128.08726163232032, 36.851342314455245 ], [ 128.083952405933616, 36.848856051075771 ], [ 128.068699983233159, 36.844735039152077 ], [ 128.061947526691483, 36.837536934425806 ], [ 128.058513994269731, 36.839399087908177 ], [ 128.057861023318054, 36.843771166127169 ], [ 128.040727396498852, 36.848141024883546 ], [ 128.03657194004586, 36.851407807058635 ], [ 128.035186460486926, 36.854912316777558 ], [ 128.038586718720694, 36.859795271987224 ], [ 128.043932445652871, 36.862549382683852 ], [ 128.04538313966944, 36.87055320988005 ], [ 128.050785651240432, 36.872233118195915 ], [ 128.055145607923407, 36.882701514248737 ], [ 128.060123492261994, 36.885159774442918 ], [ 128.060283159531963, 36.886677422574365 ], [ 128.058504834871741, 36.887412923632112 ], [ 128.065859278282545, 36.894099283033832 ], [ 128.064840189802993, 36.896771288985065 ], [ 128.066674647273516, 36.899142677931231 ], [ 128.065814933174892, 36.902022510988409 ], [ 128.067551154441986, 36.905250070716804 ], [ 128.065554192527742, 36.9096241490465 ], [ 128.069285377129887, 36.911811045853071 ], [ 128.072251726770219, 36.911009936070357 ], [ 128.072969111458406, 36.913172700596363 ], [ 128.062333931475308, 36.920241852780151 ], [ 128.060376485189465, 36.922869178869682 ], [ 128.058720399004841, 36.931847986244456 ], [ 128.050151296151114, 36.934856165268833 ], [ 128.043211799887558, 36.939642505335158 ], [ 128.041651623278341, 36.948737016903962 ], [ 128.043139285627859, 36.949650827932906 ], [ 128.042497224436403, 36.954697982810558 ], [ 128.060808330468547, 36.95970128966475 ], [ 128.075227563286717, 36.95038262454316 ], [ 128.085598663603776, 36.947542909790492 ], [ 128.088383793797561, 36.953302838662673 ], [ 128.086732387684805, 36.968076096361109 ], [ 128.088839275875159, 36.97443605134518 ], [ 128.087796891030791, 36.975682067194334 ], [ 128.090860728118827, 36.979487231662866 ], [ 128.090615769260808, 36.990739324325268 ], [ 128.092108115526599, 36.992931053329606 ], [ 128.094854598698362, 36.993302037303714 ], [ 128.100714559723116, 36.987895157095416 ], [ 128.09862735474772, 36.982951772105785 ], [ 128.102829450042805, 36.978059833594067 ], [ 128.102073515170133, 36.974716201596536 ], [ 128.104220104616019, 36.968548928815984 ], [ 128.109548004677691, 36.964158948935449 ], [ 128.115757661437726, 36.96206741740253 ], [ 128.118641662267152, 36.957669936931168 ], [ 128.13159485986094, 36.955003273334704 ], [ 128.132978863738174, 36.951752317558054 ], [ 128.137257781477444, 36.950880830951299 ], [ 128.140849471289556, 36.945425893808817 ], [ 128.146308153065888, 36.942841477198058 ], [ 128.146757842933397, 36.93881731424424 ] ] ] ] } },
{ "type": "Feature", "properties": { "emd_cd": "43150360", "emd_nm": "백운면" }, "geometry": { "type": "MultiPolygon", "coordinates": [ [ [ [ 128.004461780850363, 37.098346513352936 ], [ 128.002030163372694, 37.100214749492778 ], [ 127.999598714625719, 37.107938822193368 ], [ 127.985665954897257, 37.111912309367391 ], [ 127.984988903027769, 37.118271542008188 ], [ 127.986526086724268, 37.12283181113434 ], [ 127.985257650897665, 37.124381625238641 ], [ 127.987161924919604, 37.128166162193587 ], [ 127.986725714638894, 37.13093166087242 ], [ 127.98277184053434, 37.130753909431384 ], [ 127.977438576521664, 37.140992294213298 ], [ 127.970553444692314, 37.14216408808371 ], [ 127.971732853311636, 37.148132484484933 ], [ 127.968324171115, 37.156209085761951 ], [ 127.954377502528033, 37.162137505343296 ], [ 127.942590692325652, 37.161912034057266 ], [ 127.939286206647864, 37.163924686871063 ], [ 127.933980196061242, 37.163377704056757 ], [ 127.926271850406067, 37.165569965705842 ], [ 127.927170237885278, 37.169798962691928 ], [ 127.933424063795925, 37.175844706151899 ], [ 127.932501934149158, 37.182693071416239 ], [ 127.935538386163358, 37.185308116412607 ], [ 127.936542808051442, 37.18890356327902 ], [ 127.932194040904463, 37.195381335327873 ], [ 127.931076272064587, 37.200696753551597 ], [ 127.932584651859358, 37.206647735067563 ], [ 127.927008749453066, 37.219779435498914 ], [ 127.922461462484989, 37.221654536900935 ], [ 127.921906808017454, 37.2257660897478 ], [ 127.933224735413489, 37.234099169605805 ], [ 127.938690461510305, 37.24085978195528 ], [ 127.94532377192921, 37.240418871556066 ], [ 127.947405310093245, 37.244006009520376 ], [ 127.952835418269501, 37.247861479065115 ], [ 127.956080484586337, 37.248091880767078 ], [ 127.95909448233202, 37.250430304765402 ], [ 127.963003820100269, 37.249902993417571 ], [ 127.969969596573748, 37.255442644311259 ], [ 127.980035143094824, 37.258141237731635 ], [ 127.981825842762305, 37.256657214601503 ], [ 127.987056763294774, 37.257855454468974 ], [ 127.99442016037257, 37.253573968682964 ], [ 127.999171167518682, 37.254853356857204 ], [ 128.008072556657055, 37.252523346428589 ], [ 128.01237807674292, 37.248292826736538 ], [ 128.017885053012094, 37.246543220299252 ], [ 128.020268309562681, 37.241535658901718 ], [ 128.019623951761957, 37.237275238437469 ], [ 128.022727611186099, 37.226152374417076 ], [ 128.032010091609123, 37.224160671135714 ], [ 128.032050673877905, 37.221089569766839 ], [ 128.03865429151611, 37.216048120333042 ], [ 128.036633350750691, 37.213024739107802 ], [ 128.032781792772369, 37.211230298611326 ], [ 128.027736197183657, 37.202620547745241 ], [ 128.031094315164381, 37.199952462686035 ], [ 128.032590770549945, 37.192248562147974 ], [ 128.041720020249784, 37.187638067468093 ], [ 128.044179124997385, 37.178090269339734 ], [ 128.049285740970419, 37.173918820837272 ], [ 128.049891907235065, 37.170959474927201 ], [ 128.045901329493773, 37.169652369360449 ], [ 128.04537194040384, 37.166263612464192 ], [ 128.050446861391777, 37.1639293071214 ], [ 128.06169323757166, 37.153979854880376 ], [ 128.056041075361037, 37.141743867520574 ], [ 128.056397083842313, 37.131271862936778 ], [ 128.053189726833409, 37.121439597115803 ], [ 128.056733340136674, 37.118681085284663 ], [ 128.05612495297035, 37.116237577136665 ], [ 128.061548002128262, 37.110399297575121 ], [ 128.066294886531495, 37.110583196664912 ], [ 128.070256365952588, 37.10757046585298 ], [ 128.067742510096593, 37.10326297852307 ], [ 128.071535714510532, 37.103090904351099 ], [ 128.071861193271673, 37.09866985092431 ], [ 128.078066918356342, 37.08790161565183 ], [ 128.076207826620617, 37.083907697062344 ], [ 128.069082470755518, 37.086492963888801 ], [ 128.060684929542504, 37.086788217371456 ], [ 128.060859063758897, 37.088514618917841 ], [ 128.058905410766528, 37.089458963957327 ], [ 128.063048070477038, 37.096697397292672 ], [ 128.052686045288425, 37.096953438465121 ], [ 128.045678645173837, 37.105124981449201 ], [ 128.048515849112619, 37.108386500073891 ], [ 128.045448670123818, 37.115816920038561 ], [ 128.037128071506231, 37.112056660186525 ], [ 128.020201131971163, 37.117988129593584 ], [ 128.012476332596265, 37.107515191016788 ], [ 128.012761272579354, 37.103107096007705 ], [ 128.011430610643089, 37.101576362843751 ], [ 128.013637697543345, 37.098033708172807 ], [ 128.004461780850363, 37.098346513352936 ] ] ] ] } },
{ "type": "Feature", "properties": { "emd_cd": "43150380", "emd_nm": "송학면" }, "geometry": { "type": "MultiPolygon", "coordinates": [ [ [ [ 128.217279459231122, 37.174564284286717 ], [ 128.214364776378432, 37.179180258775503 ], [ 128.208358068038422, 37.180387186299384 ], [ 128.203207593387958, 37.187786631995287 ], [ 128.193811857058506, 37.193156371162566 ], [ 128.188329880320026, 37.194407737773304 ], [ 128.189707834167478, 37.202224886783206 ], [ 128.183479379579552, 37.20372331723491 ], [ 128.179805906340476, 37.202361086623164 ], [ 128.176775561112976, 37.203143810105622 ], [ 128.171320518640925, 37.211968810280823 ], [ 128.167252473671113, 37.214677970727699 ], [ 128.17013022742006, 37.21788842659474 ], [ 128.173264989197889, 37.218644707986435 ], [ 128.17275493745791, 37.22485305452426 ], [ 128.176011609939025, 37.228405663045677 ], [ 128.173831642277719, 37.230773147658944 ], [ 128.174295701013733, 37.232437987938212 ], [ 128.193165204537451, 37.245248145513834 ], [ 128.197295637071676, 37.24520255715013 ], [ 128.200685527087245, 37.248870413468531 ], [ 128.207762286169526, 37.248914269149921 ], [ 128.210241422679019, 37.245792644538071 ], [ 128.21464538915157, 37.246074653281894 ], [ 128.214785013925649, 37.241840176439226 ], [ 128.220313198538804, 37.240298193086275 ], [ 128.229243735536954, 37.227566564984954 ], [ 128.233023349074472, 37.227019047454654 ], [ 128.237423494540337, 37.229318400513975 ], [ 128.24430470505348, 37.226541979460116 ], [ 128.250933111876833, 37.229582477902738 ], [ 128.25797519475185, 37.22123756338555 ], [ 128.259794031137574, 37.216410037179827 ], [ 128.268400941905185, 37.207915113764841 ], [ 128.272855404869233, 37.209856994499326 ], [ 128.283950239870251, 37.210180044602446 ], [ 128.288180159888299, 37.215073277921995 ], [ 128.30913817291696, 37.217457973612511 ], [ 128.314040420450141, 37.222690711143521 ], [ 128.316585430142084, 37.2233907026407 ], [ 128.321003806987505, 37.219358666068686 ], [ 128.333396377061263, 37.215786619315821 ], [ 128.328783821756417, 37.206082321613572 ], [ 128.329641009901565, 37.20225811476336 ], [ 128.326387028675299, 37.19729101406692 ], [ 128.322443498828392, 37.198352764835754 ], [ 128.321757584017661, 37.195547605226047 ], [ 128.313392028090277, 37.196775700053742 ], [ 128.312993755183953, 37.191142389457163 ], [ 128.314198131366624, 37.189997362325371 ], [ 128.311100231443675, 37.189837781129 ], [ 128.310487612235335, 37.187337151037191 ], [ 128.30765586879275, 37.18600307154707 ], [ 128.302643087669708, 37.186623874385425 ], [ 128.299923019544451, 37.183581872426153 ], [ 128.295626886123813, 37.183288120048189 ], [ 128.298072558877095, 37.171659432997039 ], [ 128.289675581396068, 37.170148475926744 ], [ 128.282432929095052, 37.171787720837052 ], [ 128.281114004801879, 37.173402375456213 ], [ 128.276298292061483, 37.172682055649865 ], [ 128.27071694985159, 37.16635791902457 ], [ 128.270384848258459, 37.161771560514914 ], [ 128.264441320246306, 37.16041498672552 ], [ 128.266200462686868, 37.156026672671935 ], [ 128.27058514643096, 37.154228546597899 ], [ 128.271890588757685, 37.151714446500215 ], [ 128.26390641571723, 37.152001915190858 ], [ 128.245419922287056, 37.146222190595068 ], [ 128.248024871686255, 37.150670612652299 ], [ 128.244318141416528, 37.154003529888797 ], [ 128.245457662027093, 37.159528571696441 ], [ 128.248972304384068, 37.159360462981518 ], [ 128.251666399477273, 37.16115581274218 ], [ 128.245957327363726, 37.172152763535529 ], [ 128.242987222647344, 37.173395129261351 ], [ 128.243062834554394, 37.175864114003254 ], [ 128.233736866062543, 37.178105449055408 ], [ 128.217279459231122, 37.174564284286717 ] ] ] ] } },
{ "type": "Feature", "properties": { "emd_cd": "43720250", "emd_nm": "보은읍" }, "geometry": { "type": "MultiPolygon", "coordinates": [ [ [ [ 127.736279213964451, 36.461709914997378 ], [ 127.736766749143726, 36.455233897763549 ], [ 127.734858332255669, 36.449144623260615 ], [ 127.736864754364433, 36.44558572552117 ], [ 127.734325457893945, 36.445477118911548 ], [ 127.733257831666961, 36.443625646594143 ], [ 127.724326704624005, 36.44706706992995 ], [ 127.724034757691371, 36.451852359062485 ], [ 127.721187715714478, 36.452552404707461 ], [ 127.711933948697862, 36.451026286398488 ], [ 127.710369217408314, 36.447192194060982 ], [ 127.706598688400177, 36.446675643223138 ], [ 127.707441264951001, 36.450400020074838 ], [ 127.70539102373148, 36.457036894253235 ], [ 127.705584427305837, 36.463922825095487 ], [ 127.7092861311706, 36.464628932173902 ], [ 127.713341204535496, 36.461694323659046 ], [ 127.715638500923674, 36.466268097886619 ], [ 127.714927159581038, 36.470352597066082 ], [ 127.711707849577451, 36.470402680220438 ], [ 127.711587040127895, 36.476609113546481 ], [ 127.708952696940742, 36.47795865570675 ], [ 127.709905733452473, 36.480423084363949 ], [ 127.707226177057066, 36.483665473136099 ], [ 127.697643636664111, 36.484829697248585 ], [ 127.697360364210724, 36.486360295341811 ], [ 127.688080801060423, 36.489661198233783 ], [ 127.677584967056845, 36.488566344013506 ], [ 127.674156661851839, 36.485934092467886 ], [ 127.672151209604152, 36.491581135415274 ], [ 127.666746487028448, 36.497011667074311 ], [ 127.659818399964792, 36.508829618296261 ], [ 127.659258601911816, 36.515886933757784 ], [ 127.661575759083078, 36.517187957458674 ], [ 127.661774456410626, 36.523669901899368 ], [ 127.664701268528461, 36.526468426070998 ], [ 127.669695703661432, 36.527383186848937 ], [ 127.671991168370198, 36.525655157845698 ], [ 127.679150042649454, 36.527900892465524 ], [ 127.680398090906763, 36.530529029332918 ], [ 127.686636139024614, 36.530605873255944 ], [ 127.692305663813769, 36.520385720302556 ], [ 127.69519539228682, 36.519677152766874 ], [ 127.696664457820859, 36.516605165087434 ], [ 127.699344651886179, 36.521457875931866 ], [ 127.704250145255301, 36.525050197246387 ], [ 127.709814424296169, 36.527999079110451 ], [ 127.715913483259428, 36.528825730421076 ], [ 127.716629382758228, 36.535996460468304 ], [ 127.718174882638891, 36.537591448105125 ], [ 127.72353211731216, 36.535342861599872 ], [ 127.727229719259043, 36.536320045766843 ], [ 127.730560398212745, 36.533529195084718 ], [ 127.737078297443148, 36.531709856811801 ], [ 127.741505984760451, 36.531982983119377 ], [ 127.758675071652931, 36.539542490781798 ], [ 127.761248126456479, 36.539576841632503 ], [ 127.76712374920028, 36.535714216182349 ], [ 127.766801591823508, 36.530559840365093 ], [ 127.770765787934323, 36.527416116470064 ], [ 127.776065175149796, 36.506969246042516 ], [ 127.770884524687375, 36.507629954318922 ], [ 127.769434687039222, 36.50539100195838 ], [ 127.770868797841544, 36.503757525079436 ], [ 127.769070441888871, 36.500695046895494 ], [ 127.770165733833025, 36.497371474097662 ], [ 127.762935136081978, 36.49489906610961 ], [ 127.759830134134219, 36.496098798043121 ], [ 127.759256874467326, 36.492378657599907 ], [ 127.756844499352567, 36.492052704882063 ], [ 127.758684719633962, 36.487951946434073 ], [ 127.758582924064171, 36.480415829367622 ], [ 127.766230364407363, 36.476908793905721 ], [ 127.76493006630318, 36.475323422622289 ], [ 127.767944408788381, 36.472328310741396 ], [ 127.76748285746595, 36.470024140627821 ], [ 127.76521231333821, 36.467746281825264 ], [ 127.76031556632195, 36.466443108527528 ], [ 127.753704830132648, 36.473438661100865 ], [ 127.75015348461271, 36.473668496451282 ], [ 127.749875353762135, 36.467238138056295 ], [ 127.751604524814596, 36.46319580589612 ], [ 127.749883836439352, 36.458630814816992 ], [ 127.745087049644908, 36.457214967062825 ], [ 127.744940360105588, 36.455161786132997 ], [ 127.741315818359041, 36.453898997038188 ], [ 127.738862169524253, 36.455073554836837 ], [ 127.736279213964451, 36.461709914997378 ] ] ] ] } },
{ "type": "Feature", "properties": { "emd_cd": "43720315", "emd_nm": "속리산면" }, "geometry": { "type": "MultiPolygon", "coordinates": [ [ [ [ 127.878367056069024, 36.467076333933193 ], [ 127.860852937463804, 36.469958636175924 ], [ 127.847584272858469, 36.485773076085842 ], [ 127.841774322245769, 36.484557493641233 ], [ 127.837605443455644, 36.48571643807211 ], [ 127.835428952663634, 36.488826873516516 ], [ 127.832245771909058, 36.49006162399877 ], [ 127.824673388979775, 36.491566189303065 ], [ 127.820681365729783, 36.489440323725773 ], [ 127.81289371240608, 36.492104685168528 ], [ 127.802549691135184, 36.492791897274827 ], [ 127.7971798727622, 36.489874643642466 ], [ 127.79114272591255, 36.489484199703121 ], [ 127.788836829834906, 36.502451297108486 ], [ 127.776065175149796, 36.506969246042516 ], [ 127.770765787934323, 36.527416116470064 ], [ 127.766801591823508, 36.530559840365093 ], [ 127.76712374920028, 36.535714216182349 ], [ 127.761248126456479, 36.539576841632503 ], [ 127.764807392650837, 36.543453809694753 ], [ 127.766488179505288, 36.549130304422455 ], [ 127.769413698391659, 36.549927942904169 ], [ 127.768845123295122, 36.551187404647671 ], [ 127.774076405695723, 36.560498342153522 ], [ 127.781514478654728, 36.565247294341553 ], [ 127.802504174739084, 36.565909072002682 ], [ 127.80559737163945, 36.567273265224138 ], [ 127.811418959224838, 36.56318754350341 ], [ 127.819724546870617, 36.562734099471278 ], [ 127.823541279972645, 36.567307423863092 ], [ 127.82390286567464, 36.570370547979394 ], [ 127.827702261217638, 36.570785310066313 ], [ 127.830160205820135, 36.57427531155129 ], [ 127.834205969689208, 36.573124090418744 ], [ 127.837072563924039, 36.57010054217865 ], [ 127.842618483888813, 36.570535167878575 ], [ 127.843257281962579, 36.568980573899452 ], [ 127.852362615239286, 36.571153308596656 ], [ 127.857435853077178, 36.569552427855974 ], [ 127.860422469482003, 36.567950694995474 ], [ 127.860223662772412, 36.565920795136329 ], [ 127.864563055463904, 36.564013660803852 ], [ 127.866467670252391, 36.560421342615143 ], [ 127.870321432089398, 36.559153698203737 ], [ 127.872988316222873, 36.551327641048289 ], [ 127.870475502064792, 36.542824645935575 ], [ 127.874414315915345, 36.540861464714965 ], [ 127.875963794963099, 36.536722518447341 ], [ 127.879010359694178, 36.534706819141817 ], [ 127.888723611721758, 36.533688080905939 ], [ 127.892971152076413, 36.530516471438794 ], [ 127.896353897535747, 36.53119578351739 ], [ 127.902462995017316, 36.528069617915058 ], [ 127.900907631855389, 36.525014843811888 ], [ 127.902164879843113, 36.520707395075377 ], [ 127.901071605680912, 36.51945579476746 ], [ 127.903391794635382, 36.51727336017688 ], [ 127.903181978611272, 36.511011480844928 ], [ 127.906336049424652, 36.506944131124854 ], [ 127.900818196048689, 36.500016035900991 ], [ 127.89486071593231, 36.498355497745884 ], [ 127.888714426484668, 36.49313672701394 ], [ 127.880466116025872, 36.493270560090643 ], [ 127.880363880754103, 36.489965817774511 ], [ 127.876094413472757, 36.488368076837425 ], [ 127.875277460699763, 36.483165426206078 ], [ 127.880618335291544, 36.480627193210019 ], [ 127.882381481409041, 36.475871585397748 ], [ 127.880315065651359, 36.47399526169589 ], [ 127.880815943675259, 36.4685181483921 ], [ 127.878367056069024, 36.467076333933193 ] ] ] ] } },
{ "type": "Feature", "properties": { "emd_cd": "43720325", "emd_nm": "장안면" }, "geometry": { "type": "MultiPolygon", "coordinates": [ [ [ [ 127.858931166963004, 36.471114537611541 ], [ 127.844048813062841, 36.472085355792331 ], [ 127.830635397191188, 36.469985882660552 ], [ 127.828703537305856, 36.460619711986034 ], [ 127.823884000489912, 36.458613046626468 ], [ 127.821971280447599, 36.454421243727076 ], [ 127.81833044961293, 36.454898600473534 ], [ 127.815692143671839, 36.451647228736263 ], [ 127.810215563905189, 36.450456944469295 ], [ 127.800398690313529, 36.455516579709986 ], [ 127.794711901922128, 36.461797246772392 ], [ 127.792753171796704, 36.462155021361326 ], [ 127.785618099910735, 36.459222991552338 ], [ 127.786535840530433, 36.457897474698683 ], [ 127.784191004561194, 36.456013158165518 ], [ 127.778024627491291, 36.457805868903371 ], [ 127.775132453232118, 36.461329510204806 ], [ 127.770863404952593, 36.456855507627857 ], [ 127.76031556632195, 36.466443108527528 ], [ 127.76521231333821, 36.467746281825264 ], [ 127.767944408788381, 36.472328310741396 ], [ 127.76493006630318, 36.475323422622289 ], [ 127.766230364407363, 36.476908793905721 ], [ 127.758582924064171, 36.480415829367622 ], [ 127.758684719633962, 36.487951946434073 ], [ 127.756844499352567, 36.492052704882063 ], [ 127.759256874467326, 36.492378657599907 ], [ 127.759830134134219, 36.496098798043121 ], [ 127.762935136081978, 36.49489906610961 ], [ 127.770165733833025, 36.497371474097662 ], [ 127.769070441888871, 36.500695046895494 ], [ 127.770876843083599, 36.502190340359341 ], [ 127.769424371192486, 36.504564644510566 ], [ 127.770884524687375, 36.507629954318922 ], [ 127.776917570001999, 36.507066328932346 ], [ 127.781887000155862, 36.504001877617206 ], [ 127.788836829834906, 36.502451297108486 ], [ 127.79114272591255, 36.489484199703121 ], [ 127.7971798727622, 36.489874643642466 ], [ 127.802549691135184, 36.492791897274827 ], [ 127.81289371240608, 36.492104685168528 ], [ 127.820681365729783, 36.489440323725773 ], [ 127.824673388979775, 36.491566189303065 ], [ 127.832245771909058, 36.49006162399877 ], [ 127.835428952663634, 36.488826873516516 ], [ 127.837605443455644, 36.48571643807211 ], [ 127.841774322245769, 36.484557493641233 ], [ 127.847584272858469, 36.485773076085842 ], [ 127.849106329037582, 36.482691608705991 ], [ 127.85360368085712, 36.479813995632114 ], [ 127.858931166963004, 36.471114537611541 ] ] ] ] } },
{ "type": "Feature", "properties": { "emd_cd": "43720330", "emd_nm": "마로면" }, "geometry": { "type": "MultiPolygon", "coordinates": [ [ [ [ 127.773280069822349, 36.401578883104968 ], [ 127.774110293619074, 36.403325651277967 ], [ 127.778331860682144, 36.403103241247273 ], [ 127.780975442954556, 36.405458605391466 ], [ 127.788131194412102, 36.407321411123192 ], [ 127.789472267672522, 36.41005087446969 ], [ 127.792700182737534, 36.411687620347372 ], [ 127.799276776379259, 36.410554388528709 ], [ 127.802349437909953, 36.413518692168076 ], [ 127.808176352636067, 36.413128992396437 ], [ 127.811626587106943, 36.416002533192355 ], [ 127.817390315059455, 36.417510850487673 ], [ 127.813616629763757, 36.424296112228262 ], [ 127.815791988648229, 36.432156448393037 ], [ 127.813716873821704, 36.431819555124015 ], [ 127.811009047334096, 36.44159203641955 ], [ 127.81077842550765, 36.450658110450938 ], [ 127.815692143671839, 36.451647228736263 ], [ 127.81833044961293, 36.454898600473534 ], [ 127.821971280447599, 36.454421243727076 ], [ 127.823884000489912, 36.458613046626468 ], [ 127.828703537305856, 36.460619711986034 ], [ 127.830635397191188, 36.469985882660552 ], [ 127.844048813062841, 36.472085355792331 ], [ 127.857881162549376, 36.47150932706456 ], [ 127.861786953347831, 36.469553960475686 ], [ 127.878367056069024, 36.467076333933193 ], [ 127.881099683365179, 36.463555477819327 ], [ 127.881960973263162, 36.461838924920372 ], [ 127.878977426683349, 36.457743315639355 ], [ 127.879682965787509, 36.454068646288881 ], [ 127.878319153404462, 36.450489353812046 ], [ 127.874771112551358, 36.448818195976529 ], [ 127.873487130122371, 36.443026689251859 ], [ 127.871396904573274, 36.441133841477146 ], [ 127.874237800950169, 36.438305365405107 ], [ 127.873353569669902, 36.436356832663257 ], [ 127.875471970912628, 36.429670306849921 ], [ 127.875445062922282, 36.42707074795738 ], [ 127.872994037833479, 36.424282231309611 ], [ 127.882723326607916, 36.424352290201483 ], [ 127.882594431750178, 36.421546954287713 ], [ 127.875689310471131, 36.414351552158138 ], [ 127.875386138306581, 36.411309398186319 ], [ 127.873223659527667, 36.409554618427357 ], [ 127.873316367057072, 36.406109065233927 ], [ 127.869514488538087, 36.403644290317075 ], [ 127.863865329262751, 36.403042543512441 ], [ 127.866311449048169, 36.394757962536495 ], [ 127.86290436992941, 36.392967944512577 ], [ 127.864641735280927, 36.391466533082145 ], [ 127.875722122248291, 36.39059320793735 ], [ 127.879200862523632, 36.383355792879492 ], [ 127.884166435806293, 36.380013127052479 ], [ 127.883096212444983, 36.374170251733688 ], [ 127.879898517765383, 36.371454648643969 ], [ 127.874990763295074, 36.370809541899362 ], [ 127.870487227332561, 36.373645102278282 ], [ 127.863175215350751, 36.374282753148691 ], [ 127.858874286635057, 36.374160341462435 ], [ 127.853208804584327, 36.371097561153157 ], [ 127.837217553482674, 36.373245401346452 ], [ 127.835907353056157, 36.36929303620115 ], [ 127.832636208671005, 36.369146873298234 ], [ 127.831633876485455, 36.373980373924283 ], [ 127.828595239571825, 36.374036459440504 ], [ 127.822802039706445, 36.379917779999431 ], [ 127.818555402244016, 36.381648087398617 ], [ 127.800616117244644, 36.382452238569556 ], [ 127.794754947721287, 36.384675217281092 ], [ 127.790653929304895, 36.38899635717452 ], [ 127.785588794923513, 36.387043097412793 ], [ 127.781384285215978, 36.388874190378353 ], [ 127.770790707548315, 36.38747907708948 ], [ 127.765627030427268, 36.389971562925311 ], [ 127.762397781643102, 36.393468496416638 ], [ 127.762777885952644, 36.394973535536195 ], [ 127.771130572594302, 36.402187291987076 ], [ 127.773280069822349, 36.401578883104968 ] ] ] ] } },
{ "type": "Feature", "properties": { "emd_cd": "43720340", "emd_nm": "탄부면" }, "geometry": { "type": "MultiPolygon", "coordinates": [ [ [ [ 127.81077842550765, 36.450658110450938 ], [ 127.811009047334096, 36.44159203641955 ], [ 127.813716873821704, 36.431819555124015 ], [ 127.815791988648229, 36.432156448393037 ], [ 127.813616629763757, 36.424296112228262 ], [ 127.817390315059455, 36.417510850487673 ], [ 127.811626587106943, 36.416002533192355 ], [ 127.808176352636067, 36.413128992396437 ], [ 127.802349437909953, 36.413518692168076 ], [ 127.799276776379259, 36.410554388528709 ], [ 127.792700182737534, 36.411687620347372 ], [ 127.789472267672522, 36.41005087446969 ], [ 127.788131194412102, 36.407321411123192 ], [ 127.780975442954556, 36.405458605391466 ], [ 127.778331860682144, 36.403103241247273 ], [ 127.774110293619074, 36.403325651277967 ], [ 127.773280069822349, 36.401578883104968 ], [ 127.766252902621147, 36.411530208121157 ], [ 127.769793002284416, 36.416880969750082 ], [ 127.765687037075537, 36.418529928690639 ], [ 127.766931893072325, 36.419443957175432 ], [ 127.764462807079212, 36.419972327650775 ], [ 127.761292164553723, 36.424642157502248 ], [ 127.754642185553962, 36.426116118861387 ], [ 127.750721014910354, 36.433079068398641 ], [ 127.744395465292655, 36.437149644181922 ], [ 127.743070508967321, 36.442091552787424 ], [ 127.736864754364433, 36.44558572552117 ], [ 127.734858332255669, 36.449144623260615 ], [ 127.736766749143726, 36.455233897763549 ], [ 127.736196135536304, 36.461666180651754 ], [ 127.738862169524253, 36.455073554836837 ], [ 127.741315818359041, 36.453898997038188 ], [ 127.744940360105588, 36.455161786132997 ], [ 127.745087049644908, 36.457214967062825 ], [ 127.749883836439352, 36.458630814816992 ], [ 127.751604524814596, 36.46319580589612 ], [ 127.749875353762135, 36.467238138056295 ], [ 127.75015348461271, 36.473668496451282 ], [ 127.751604351861459, 36.474144375726134 ], [ 127.769396654097378, 36.457379266329944 ], [ 127.772597795531084, 36.457590599005528 ], [ 127.772772207880408, 36.459698116724702 ], [ 127.775132453232118, 36.461329510204806 ], [ 127.778024627491291, 36.457805868903371 ], [ 127.784191004561194, 36.456013158165518 ], [ 127.786535840530433, 36.457897474698683 ], [ 127.785618099910735, 36.459222991552338 ], [ 127.792753171796704, 36.462155021361326 ], [ 127.794711901922128, 36.461797246772392 ], [ 127.800398690313529, 36.455516579709986 ], [ 127.81077842550765, 36.450658110450938 ] ] ] ] } },
{ "type": "Feature", "properties": { "emd_cd": "43720350", "emd_nm": "삼승면" }, "geometry": { "type": "MultiPolygon", "coordinates": [ [ [ [ 127.773280069822349, 36.401578883104968 ], [ 127.771130572594302, 36.402187291987076 ], [ 127.766453731760123, 36.398460256919385 ], [ 127.760336255295286, 36.391045078429919 ], [ 127.755259473654334, 36.39108680276621 ], [ 127.746704617439491, 36.38582684711043 ], [ 127.742911785164679, 36.386906691754483 ], [ 127.733717306601108, 36.394348222046212 ], [ 127.730256541272894, 36.389879623260228 ], [ 127.725728635139546, 36.393838506090084 ], [ 127.71903826886728, 36.395865175331352 ], [ 127.713955232368235, 36.402344352284665 ], [ 127.707993626601223, 36.406830725386442 ], [ 127.710430005786051, 36.413462159912115 ], [ 127.705429826014381, 36.413527830222733 ], [ 127.704154185517822, 36.414843228477714 ], [ 127.70623305531268, 36.419527200980227 ], [ 127.705017889297935, 36.428190811994035 ], [ 127.707144474266784, 36.430761657573917 ], [ 127.705906299169712, 36.433903483183961 ], [ 127.70769211468938, 36.446434775304844 ], [ 127.710369217408314, 36.447192194060982 ], [ 127.711030669208796, 36.450656226435264 ], [ 127.721187715714478, 36.452552404707461 ], [ 127.724034757691371, 36.451852359062485 ], [ 127.724326704624005, 36.44706706992995 ], [ 127.729223824398048, 36.444336054556864 ], [ 127.733257831666961, 36.443625646594143 ], [ 127.735878380896182, 36.445733835009641 ], [ 127.741681530943168, 36.443191117926688 ], [ 127.744395465292655, 36.437149644181922 ], [ 127.750721014910354, 36.433079068398641 ], [ 127.754642185553962, 36.426116118861387 ], [ 127.761292164553723, 36.424642157502248 ], [ 127.764462807079212, 36.419972327650775 ], [ 127.766931893072325, 36.419443957175432 ], [ 127.765687037075537, 36.418529928690639 ], [ 127.769793002284416, 36.416880969750082 ], [ 127.766252902621147, 36.411530208121157 ], [ 127.773280069822349, 36.401578883104968 ] ] ] ] } },
{ "type": "Feature", "properties": { "emd_cd": "43720360", "emd_nm": "수한면" }, "geometry": { "type": "MultiPolygon", "coordinates": [ [ [ [ 127.614419984080996, 36.446959473995626 ], [ 127.615626208607353, 36.454073394165903 ], [ 127.62877807297393, 36.463063277031694 ], [ 127.636199811706007, 36.461397453710269 ], [ 127.637539638217419, 36.46349841502451 ], [ 127.64133207074012, 36.464142321623839 ], [ 127.64074100913669, 36.468990244701409 ], [ 127.642760059746593, 36.469996268484138 ], [ 127.641641907755599, 36.472820414113095 ], [ 127.644399549465902, 36.475736887623498 ], [ 127.641518181082745, 36.480648874052463 ], [ 127.645043896484893, 36.484566568708438 ], [ 127.640199970081255, 36.492922912477539 ], [ 127.628545675061588, 36.49813770703463 ], [ 127.631373172891529, 36.501593916621189 ], [ 127.634627853833649, 36.500280189519295 ], [ 127.638724973039245, 36.506890721084666 ], [ 127.645008559160217, 36.509780568214282 ], [ 127.645394140155389, 36.506613453175511 ], [ 127.648141243462817, 36.504846384446161 ], [ 127.648232220401397, 36.49775391560739 ], [ 127.658759423593878, 36.496303224278812 ], [ 127.666205668307157, 36.498092050527994 ], [ 127.672151209604152, 36.491581135415274 ], [ 127.674156661851839, 36.485934092467886 ], [ 127.677584967056845, 36.488566344013506 ], [ 127.688080801060423, 36.489661198233783 ], [ 127.697360364210724, 36.486360295341811 ], [ 127.697643636664111, 36.484829697248585 ], [ 127.707226177057066, 36.483665473136099 ], [ 127.710370373006938, 36.47942131835476 ], [ 127.708952696940742, 36.47795865570675 ], [ 127.711587040127895, 36.476609113546481 ], [ 127.711707849577451, 36.470402680220438 ], [ 127.714927159581038, 36.470352597066082 ], [ 127.715593627801653, 36.465956555181897 ], [ 127.713538807545675, 36.461784267967886 ], [ 127.7092861311706, 36.464628932173902 ], [ 127.705584427305837, 36.463922825095487 ], [ 127.70539102373148, 36.457036894253235 ], [ 127.707441264951001, 36.450400020074838 ], [ 127.70620919635823, 36.4470740391506 ], [ 127.707884722909725, 36.445935701931845 ], [ 127.705917501960599, 36.434178148159376 ], [ 127.707144474266784, 36.430761657573917 ], [ 127.705017889297935, 36.428190811994035 ], [ 127.70623305531268, 36.419527200980227 ], [ 127.704154185517822, 36.414843228477714 ], [ 127.700538995740814, 36.413833392027726 ], [ 127.693464829986837, 36.41706729664574 ], [ 127.681323519396301, 36.418544858986216 ], [ 127.678460605741307, 36.427009988306715 ], [ 127.680387139301246, 36.430233507877332 ], [ 127.680508579579723, 36.436018274268882 ], [ 127.676174835420866, 36.437236073795283 ], [ 127.665238669245213, 36.445047708579501 ], [ 127.656215220330907, 36.437683173924597 ], [ 127.651428468368053, 36.441482877485655 ], [ 127.650863915080365, 36.444130075658798 ], [ 127.648432355667012, 36.442368493410342 ], [ 127.64694712204718, 36.444822443503284 ], [ 127.64474355610264, 36.445288648792939 ], [ 127.641362048121707, 36.442555918116689 ], [ 127.639225121873451, 36.436028494522624 ], [ 127.637614004662524, 36.435643009784947 ], [ 127.631590689132565, 36.44024784759079 ], [ 127.624672305879415, 36.422493213830819 ], [ 127.62003731482443, 36.420442509954064 ], [ 127.620873501229283, 36.418489730368336 ], [ 127.619936709777576, 36.417631744839404 ], [ 127.614908560339373, 36.418958821736751 ], [ 127.612944683651435, 36.41983601546486 ], [ 127.615394845372052, 36.42144672807845 ], [ 127.616160832766852, 36.427143206381949 ], [ 127.619989119445023, 36.430660223443553 ], [ 127.61972691395242, 36.436587889636058 ], [ 127.62121596124021, 36.437048459078781 ], [ 127.621627868379406, 36.439629093643568 ], [ 127.616416667128732, 36.442080589804874 ], [ 127.614419984080996, 36.446959473995626 ] ] ] ] } },
{ "type": "Feature", "properties": { "emd_cd": "43720370", "emd_nm": "회남면" }, "geometry": { "type": "MultiPolygon", "coordinates": [ [ [ [ 127.619300217549153, 36.417753144106143 ], [ 127.617337370903755, 36.417355378057067 ], [ 127.61718625374516, 36.410535555077949 ], [ 127.614089713782406, 36.405092561611205 ], [ 127.61182105301377, 36.403196043177402 ], [ 127.607587812573016, 36.402984680452043 ], [ 127.604003779881168, 36.404057405735955 ], [ 127.604453686986218, 36.408565171989757 ], [ 127.60249672388727, 36.409535663296857 ], [ 127.600979500537889, 36.407169152392754 ], [ 127.59845714169677, 36.4082087483091 ], [ 127.598632521066008, 36.411958885469694 ], [ 127.596499445197807, 36.410698477096616 ], [ 127.593391550892733, 36.411513431563925 ], [ 127.594006347419736, 36.41318724435407 ], [ 127.591037255508922, 36.411739956622625 ], [ 127.589500683570392, 36.413550050652567 ], [ 127.588042311432048, 36.412895750745214 ], [ 127.588522747052721, 36.41501738467057 ], [ 127.58539895348062, 36.415193257777155 ], [ 127.586289887713633, 36.416993659599015 ], [ 127.583389879346342, 36.418687363648253 ], [ 127.579854608698355, 36.407845970644445 ], [ 127.568306676697503, 36.399368234413835 ], [ 127.558134883559575, 36.39526105603975 ], [ 127.558141792664259, 36.39656768060059 ], [ 127.554078853885315, 36.39281287734638 ], [ 127.553734419896784, 36.394697002249792 ], [ 127.559214665075302, 36.397679368702931 ], [ 127.558840941941853, 36.399029844306 ], [ 127.561892505951505, 36.400756847748617 ], [ 127.562718185084634, 36.403428532678724 ], [ 127.558165112121245, 36.399678303835877 ], [ 127.553197392637955, 36.401217177173443 ], [ 127.551678440561304, 36.405499313546244 ], [ 127.545566434651533, 36.408802332332819 ], [ 127.542879512815929, 36.412078241751274 ], [ 127.541849157530194, 36.415687520506886 ], [ 127.542844468230243, 36.419315810479198 ], [ 127.54017954221672, 36.420730145032664 ], [ 127.535354011920418, 36.418849411687141 ], [ 127.52954785369441, 36.418879580808841 ], [ 127.524314971346612, 36.423531431353751 ], [ 127.52021323826439, 36.419942176909622 ], [ 127.514511333468931, 36.42246960925759 ], [ 127.519382905106539, 36.434798910252432 ], [ 127.530582865826844, 36.441825973908195 ], [ 127.545750457678324, 36.446264540938579 ], [ 127.545997698849192, 36.450375134017271 ], [ 127.553185922096262, 36.459144905702225 ], [ 127.55431215104251, 36.463633751739543 ], [ 127.552925968503416, 36.464747220638039 ], [ 127.555661430789939, 36.465736768199072 ], [ 127.557060454210699, 36.469975527643506 ], [ 127.556172321125544, 36.471823110486561 ], [ 127.5581788681463, 36.472236025698344 ], [ 127.568213592472105, 36.467398543632747 ], [ 127.569971407522658, 36.461624879993472 ], [ 127.57392489756576, 36.4604666769334 ], [ 127.576362010812304, 36.461646105666965 ], [ 127.580529838984233, 36.459489319211286 ], [ 127.588959576853568, 36.45991765977201 ], [ 127.58893440916043, 36.462594631149422 ], [ 127.602750883638763, 36.467239500046674 ], [ 127.608018722385623, 36.465688744315059 ], [ 127.611431140393378, 36.461003067539195 ], [ 127.610313886815888, 36.451612584813752 ], [ 127.615355024052988, 36.449750488004447 ], [ 127.614419984080996, 36.446959473995626 ], [ 127.616416667128732, 36.442080589804874 ], [ 127.621627868379406, 36.439629093643568 ], [ 127.62121596124021, 36.437048459078781 ], [ 127.61972691395242, 36.436587889636058 ], [ 127.619989119445023, 36.430660223443553 ], [ 127.616160832766852, 36.427143206381949 ], [ 127.615394845372052, 36.42144672807845 ], [ 127.612944683651435, 36.41983601546486 ], [ 127.619300217549153, 36.417753144106143 ] ] ] ] } },
{ "type": "Feature", "properties": { "emd_cd": "43720385", "emd_nm": "회인면" }, "geometry": { "type": "MultiPolygon", "coordinates": [ [ [ [ 127.630878227849038, 36.501232776225955 ], [ 127.628545675061588, 36.49813770703463 ], [ 127.640199970081255, 36.492922912477539 ], [ 127.645043896484893, 36.484566568708438 ], [ 127.641518181082745, 36.480648874052463 ], [ 127.644399549465902, 36.475736887623498 ], [ 127.641641907755599, 36.472820414113095 ], [ 127.642760059746593, 36.469996268484138 ], [ 127.64074100913669, 36.468990244701409 ], [ 127.64133207074012, 36.464142321623839 ], [ 127.637539638217419, 36.46349841502451 ], [ 127.636199811706007, 36.461397453710269 ], [ 127.62877807297393, 36.463063277031694 ], [ 127.615626208607353, 36.454073394165903 ], [ 127.615355024052988, 36.449750488004447 ], [ 127.610313886815888, 36.451612584813752 ], [ 127.611431140393378, 36.461003067539195 ], [ 127.607484185747452, 36.466146085733271 ], [ 127.602750883638763, 36.467239500046674 ], [ 127.58893440916043, 36.462594631149422 ], [ 127.588959576853568, 36.45991765977201 ], [ 127.580529838984233, 36.459489319211286 ], [ 127.576362010812304, 36.461646105666965 ], [ 127.57392489756576, 36.4604666769334 ], [ 127.569971407522658, 36.461624879993472 ], [ 127.568213592472105, 36.467398543632747 ], [ 127.558622970427379, 36.472068656601515 ], [ 127.562735064874104, 36.480236559633383 ], [ 127.567072984601651, 36.481641559395307 ], [ 127.567299605284049, 36.484282010169458 ], [ 127.578453754688269, 36.490258401399714 ], [ 127.572177421963815, 36.493466463299889 ], [ 127.570201294975192, 36.499317200787303 ], [ 127.570644130464274, 36.505524626616463 ], [ 127.57353850481087, 36.508410851544866 ], [ 127.573311906351918, 36.516450249089878 ], [ 127.570924708727929, 36.51852247650806 ], [ 127.567958949489409, 36.526912155582046 ], [ 127.565022179660744, 36.530574175294724 ], [ 127.571843123429204, 36.53602999069264 ], [ 127.579519036159638, 36.537265931094858 ], [ 127.580853155736364, 36.541960917307811 ], [ 127.591846763333223, 36.543527813918516 ], [ 127.598967444944265, 36.548327124153744 ], [ 127.603589685294011, 36.547909081767131 ], [ 127.61165701164046, 36.551477216869714 ], [ 127.613945038374851, 36.549994997926525 ], [ 127.619424157779903, 36.550621248309277 ], [ 127.623885671286672, 36.546733608262819 ], [ 127.623313856834486, 36.543466509655509 ], [ 127.624626514599271, 36.542200941945325 ], [ 127.63120562777577, 36.543844412738892 ], [ 127.633455257652003, 36.540167186728091 ], [ 127.623898177223865, 36.537009828618487 ], [ 127.624134825535265, 36.534293639367412 ], [ 127.621314087467951, 36.53279538653829 ], [ 127.622505322510392, 36.531167711980551 ], [ 127.620776658311073, 36.526087908321152 ], [ 127.623228970882778, 36.5232916965561 ], [ 127.633911258345591, 36.520763128083047 ], [ 127.633376268471963, 36.51792534933989 ], [ 127.63512368159256, 36.516547069864721 ], [ 127.630511961623142, 36.514026189137404 ], [ 127.628926397211913, 36.510825339367919 ], [ 127.628982461310628, 36.503643324018782 ], [ 127.630878227849038, 36.501232776225955 ] ] ] ] } },
{ "type": "Feature", "properties": { "emd_cd": "43720390", "emd_nm": "내북면" }, "geometry": { "type": "MultiPolygon", "coordinates": [ [ [ [ 127.666205668307157, 36.498092050527994 ], [ 127.658759423593878, 36.496303224278812 ], [ 127.648232220401397, 36.49775391560739 ], [ 127.648141243462817, 36.504846384446161 ], [ 127.645286002859322, 36.506793335427503 ], [ 127.645313710384841, 36.509787437482395 ], [ 127.638724973039245, 36.506890721084666 ], [ 127.634627853833649, 36.500280189519295 ], [ 127.630878227849038, 36.501232776225955 ], [ 127.628982461310628, 36.503643324018782 ], [ 127.628926397211913, 36.510825339367919 ], [ 127.630511961623142, 36.514026189137404 ], [ 127.63512368159256, 36.516547069864721 ], [ 127.633376268471963, 36.51792534933989 ], [ 127.633911258345591, 36.520763128083047 ], [ 127.623228970882778, 36.5232916965561 ], [ 127.620776658311073, 36.526087908321152 ], [ 127.622505322510392, 36.531167711980551 ], [ 127.621314087467951, 36.53279538653829 ], [ 127.624134825535265, 36.534293639367412 ], [ 127.623898177223865, 36.537009828618487 ], [ 127.633455257652003, 36.540167186728091 ], [ 127.63120562777577, 36.543844412738892 ], [ 127.624626514599271, 36.542200941945325 ], [ 127.623313856834486, 36.543466509655509 ], [ 127.623885671286672, 36.546733608262819 ], [ 127.619424157779903, 36.550621248309277 ], [ 127.613945038374851, 36.549994997926525 ], [ 127.612359721274345, 36.551428003970649 ], [ 127.614318663547095, 36.556800492579185 ], [ 127.617188962741821, 36.55949584801818 ], [ 127.611243642564673, 36.566794009568376 ], [ 127.611205526770192, 36.570066005712782 ], [ 127.617762237488137, 36.577535325358284 ], [ 127.622368794311114, 36.578178092830655 ], [ 127.622182517036805, 36.581064156509029 ], [ 127.630425306910396, 36.586487284306877 ], [ 127.631884277609956, 36.589473890706181 ], [ 127.63016561463246, 36.593623119141853 ], [ 127.633330483657929, 36.598092112115545 ], [ 127.640522791798276, 36.601608993293198 ], [ 127.64625253498275, 36.606592070618042 ], [ 127.652381307652476, 36.604864147585104 ], [ 127.654007320347972, 36.600356670640906 ], [ 127.660642086892878, 36.602610517994464 ], [ 127.665446493660284, 36.602406915072713 ], [ 127.668511877270632, 36.598451612049367 ], [ 127.668617176300387, 36.594537839682211 ], [ 127.676687885653664, 36.596694476684732 ], [ 127.678840152111192, 36.595880250987364 ], [ 127.680531065682231, 36.592393138923235 ], [ 127.687043608693671, 36.592058526280077 ], [ 127.693254106829883, 36.589267175993854 ], [ 127.684592936798126, 36.565067849661943 ], [ 127.690316398645706, 36.559200786353919 ], [ 127.6947819224293, 36.560349483664993 ], [ 127.696287225467003, 36.556801216220919 ], [ 127.70456750469944, 36.555292742579255 ], [ 127.708453271426862, 36.55109968242958 ], [ 127.704690003018001, 36.545094419348949 ], [ 127.704944042976166, 36.541675222886781 ], [ 127.708561595228375, 36.53960893212971 ], [ 127.709778972073721, 36.536948027776006 ], [ 127.715176969821044, 36.536536122074402 ], [ 127.717445899028661, 36.534861297481577 ], [ 127.715913483259428, 36.528825730421076 ], [ 127.709814424296169, 36.527999079110451 ], [ 127.704250145255301, 36.525050197246387 ], [ 127.699344651886179, 36.521457875931866 ], [ 127.696664457820859, 36.516605165087434 ], [ 127.69519539228682, 36.519677152766874 ], [ 127.692305663813769, 36.520385720302556 ], [ 127.686636139024614, 36.530605873255944 ], [ 127.680398090906763, 36.530529029332918 ], [ 127.679150042649454, 36.527900892465524 ], [ 127.671991168370198, 36.525655157845698 ], [ 127.669695703661432, 36.527383186848937 ], [ 127.664701268528461, 36.526468426070998 ], [ 127.661374256375495, 36.523030439373478 ], [ 127.661575759083078, 36.517187957458674 ], [ 127.659258601911816, 36.515886933757784 ], [ 127.65944227665743, 36.510542485108857 ], [ 127.666205668307157, 36.498092050527994 ] ] ] ] } },
{ "type": "Feature", "properties": { "emd_cd": "43720400", "emd_nm": "산외면" }, "geometry": { "type": "MultiPolygon", "coordinates": [ [ [ [ 127.693254106829883, 36.589267175993854 ], [ 127.696676301693884, 36.588813170144874 ], [ 127.70242239407348, 36.591130186210734 ], [ 127.705575461628328, 36.595149710221172 ], [ 127.711393097881952, 36.597382538833912 ], [ 127.713813888316466, 36.602015297130663 ], [ 127.720200350097898, 36.602669174545362 ], [ 127.72644251564742, 36.59996509375101 ], [ 127.728739875151476, 36.602312389296756 ], [ 127.736485598503734, 36.600021105712095 ], [ 127.735963005362677, 36.59571291361511 ], [ 127.737336743927486, 36.592623254831601 ], [ 127.741023965286487, 36.591261961818759 ], [ 127.742047078336554, 36.588180045682783 ], [ 127.745856606384976, 36.585250036001874 ], [ 127.755198787550725, 36.59008343555 ], [ 127.763550272609322, 36.590993265552775 ], [ 127.769189749801029, 36.593820349125039 ], [ 127.768752893797256, 36.603381884027442 ], [ 127.772336435470294, 36.606233613966019 ], [ 127.781454603833055, 36.608716763725603 ], [ 127.786279853678167, 36.61376919526738 ], [ 127.791797943229597, 36.610332488025421 ], [ 127.798466587057504, 36.602077420386912 ], [ 127.796151858398105, 36.595264532332088 ], [ 127.799425580055271, 36.589534519380038 ], [ 127.798475627645331, 36.586442253415889 ], [ 127.804143979862246, 36.583472069086035 ], [ 127.80489634172072, 36.581386563928227 ], [ 127.816202948631641, 36.57808140687326 ], [ 127.818183276798976, 36.574676975080443 ], [ 127.824471080497659, 36.57090731330095 ], [ 127.823541279972645, 36.567307423863092 ], [ 127.819724546870617, 36.562734099471278 ], [ 127.811418959224838, 36.56318754350341 ], [ 127.80559737163945, 36.567273265224138 ], [ 127.802504174739084, 36.565909072002682 ], [ 127.780503624525309, 36.565013016692262 ], [ 127.777013295442757, 36.561316712327354 ], [ 127.774076405695723, 36.560498342153522 ], [ 127.768845123295122, 36.551187404647671 ], [ 127.769413698391659, 36.549927942904169 ], [ 127.766488179505288, 36.549130304422455 ], [ 127.764807392650837, 36.543453809694753 ], [ 127.761248126456479, 36.539576841632503 ], [ 127.749587583132097, 36.536586097199603 ], [ 127.741505984760451, 36.531982983119377 ], [ 127.737078297443148, 36.531709856811801 ], [ 127.730560398212745, 36.533529195084718 ], [ 127.727229719259043, 36.536320045766843 ], [ 127.72353211731216, 36.535342861599872 ], [ 127.718450688339558, 36.537587249202083 ], [ 127.716629382758228, 36.535996460468304 ], [ 127.709778972073721, 36.536948027776006 ], [ 127.708561595228375, 36.53960893212971 ], [ 127.704944042976166, 36.541675222886781 ], [ 127.704690003018001, 36.545094419348949 ], [ 127.708453271426862, 36.55109968242958 ], [ 127.705048391726592, 36.554794711684004 ], [ 127.696287225467003, 36.556801216220919 ], [ 127.6947819224293, 36.560349483664993 ], [ 127.690316398645706, 36.559200786353919 ], [ 127.685612301753196, 36.563054905924901 ], [ 127.684683576829769, 36.566776544591363 ], [ 127.687374376045469, 36.569935597031261 ], [ 127.687853176546085, 36.575352765532102 ], [ 127.692361500132009, 36.583890731537458 ], [ 127.691609608017203, 36.58652296859939 ], [ 127.693254106829883, 36.589267175993854 ] ] ] ] } },
{ "type": "Feature", "properties": { "emd_cd": "43730250", "emd_nm": "옥천읍" }, "geometry": { "type": "MultiPolygon", "coordinates": [ [ [ [ 127.539704793492476, 36.286965312231544 ], [ 127.546788557928522, 36.296233289030482 ], [ 127.546868434978578, 36.298720416246084 ], [ 127.557872619980827, 36.306051841714911 ], [ 127.557508643531321, 36.308233596573608 ], [ 127.554942256940805, 36.30723007707644 ], [ 127.55294833913004, 36.308368887498624 ], [ 127.552112494802415, 36.311879915477881 ], [ 127.549485465244473, 36.313842654270772 ], [ 127.54400666320528, 36.314343459821679 ], [ 127.541648946647371, 36.316977796242206 ], [ 127.546782811235516, 36.321946764747381 ], [ 127.552058913853742, 36.32410409653945 ], [ 127.557485814417674, 36.330396002501267 ], [ 127.556425709987479, 36.333278393165045 ], [ 127.560553170158272, 36.329907610017713 ], [ 127.564690395268244, 36.321866843176593 ], [ 127.569353614093956, 36.324358005693384 ], [ 127.573267661981845, 36.323286038403296 ], [ 127.574903132795384, 36.325117959654989 ], [ 127.581243334192081, 36.32618679747042 ], [ 127.580082895625111, 36.33280842387822 ], [ 127.583760423332095, 36.335756905471051 ], [ 127.58991768291736, 36.333307209065808 ], [ 127.589949311339922, 36.336271599377639 ], [ 127.597509557302871, 36.338303186555621 ], [ 127.597691329484661, 36.341814169619603 ], [ 127.599462337856878, 36.343003739645084 ], [ 127.602673096661221, 36.3432932600006 ], [ 127.602264883889049, 36.340654244056161 ], [ 127.600300014277806, 36.34070668494671 ], [ 127.601407617490821, 36.340247116146287 ], [ 127.6053524441229, 36.341400434797166 ], [ 127.60682201720428, 36.346085082061535 ], [ 127.631411093655359, 36.350365622031994 ], [ 127.637544307342395, 36.357542394208316 ], [ 127.636122301160498, 36.359590913206709 ], [ 127.637711412862771, 36.358414320044794 ], [ 127.637413403836661, 36.355474863341833 ], [ 127.642623630442543, 36.361320120179961 ], [ 127.648120585626273, 36.358368842285429 ], [ 127.649539522086684, 36.353583439483103 ], [ 127.643595129024789, 36.353185325929921 ], [ 127.641374145740585, 36.35147083812852 ], [ 127.638022067694692, 36.343121322420799 ], [ 127.627064132580571, 36.332365259349451 ], [ 127.61681069724186, 36.326064507539982 ], [ 127.613325837376962, 36.32621718300858 ], [ 127.609463486484756, 36.330580684223911 ], [ 127.606465324889029, 36.328491781175359 ], [ 127.608314704216937, 36.326803422831176 ], [ 127.610435012265683, 36.31839120004048 ], [ 127.611992148889698, 36.316987480587898 ], [ 127.614429009354325, 36.318586075845438 ], [ 127.616307296248749, 36.316529382119221 ], [ 127.607558039216997, 36.312711964484826 ], [ 127.603175460272865, 36.31561029715651 ], [ 127.594599925855206, 36.313058209180312 ], [ 127.60045469925366, 36.309459438023062 ], [ 127.598779044217252, 36.302354633734282 ], [ 127.601344035309268, 36.301542493219408 ], [ 127.601692207094331, 36.298726688596766 ], [ 127.606096938872554, 36.296238118036193 ], [ 127.606211002341226, 36.297927167386263 ], [ 127.612420924450362, 36.298382896059174 ], [ 127.615941231027051, 36.294166057589166 ], [ 127.614589603963068, 36.292384141595988 ], [ 127.612108705548465, 36.293518862457105 ], [ 127.605400858922309, 36.291133463223929 ], [ 127.602884314277844, 36.280385858532277 ], [ 127.594118235978002, 36.274579874948763 ], [ 127.592377512944196, 36.26737961490624 ], [ 127.594666834566056, 36.261571820827925 ], [ 127.59880026075912, 36.258221838684562 ], [ 127.594179393442488, 36.255813996200793 ], [ 127.58986776116059, 36.250092957942812 ], [ 127.580087121686162, 36.25352387441955 ], [ 127.575534349022092, 36.251427919173295 ], [ 127.57343071053991, 36.246934474296651 ], [ 127.56809494273088, 36.247647038853344 ], [ 127.561129573103216, 36.260121492026322 ], [ 127.556506833314216, 36.260769572982255 ], [ 127.555144608856722, 36.268554809817402 ], [ 127.5521603432163, 36.269529977626121 ], [ 127.550861133392516, 36.274667552395904 ], [ 127.545740999234027, 36.280087792370502 ], [ 127.541953948160113, 36.281599057961344 ], [ 127.542434372411392, 36.283186536631334 ], [ 127.540199175012162, 36.284542618083883 ], [ 127.539704793492476, 36.286965312231544 ] ] ] ] } },
{ "type": "Feature", "properties": { "emd_cd": "43730310", "emd_nm": "동이면" }, "geometry": { "type": "MultiPolygon", "coordinates": [ [ [ [ 127.592377512944196, 36.26737961490624 ], [ 127.594118235978002, 36.274579874948763 ], [ 127.602884314277844, 36.280385858532277 ], [ 127.604775218582603, 36.290557512370725 ], [ 127.612108705548465, 36.293518862457105 ], [ 127.614589603963068, 36.292384141595988 ], [ 127.615941231027051, 36.294166057589166 ], [ 127.612420924450362, 36.298382896059174 ], [ 127.606211002341226, 36.297927167386263 ], [ 127.606096938872554, 36.296238118036193 ], [ 127.601692207094331, 36.298726688596766 ], [ 127.601344035309268, 36.301542493219408 ], [ 127.598779044217252, 36.302354633734282 ], [ 127.60045469925366, 36.309459438023062 ], [ 127.594599925855206, 36.313058209180312 ], [ 127.603175460272865, 36.31561029715651 ], [ 127.607558039216997, 36.312711964484826 ], [ 127.616307296248749, 36.316529382119221 ], [ 127.614429009354325, 36.318586075845438 ], [ 127.611992148889698, 36.316987480587898 ], [ 127.610435012265683, 36.31839120004048 ], [ 127.608314704216937, 36.326803422831176 ], [ 127.606465324889029, 36.328491781175359 ], [ 127.609463486484756, 36.330580684223911 ], [ 127.613325837376962, 36.32621718300858 ], [ 127.618898762508181, 36.326796009946797 ], [ 127.632499023162964, 36.336390317867142 ], [ 127.638022067694692, 36.343121322420799 ], [ 127.641374145740585, 36.35147083812852 ], [ 127.646894048399403, 36.35370014664575 ], [ 127.65040697536088, 36.350907035619649 ], [ 127.64677209761858, 36.342874790753172 ], [ 127.646784554706599, 36.335182464470797 ], [ 127.653986762810433, 36.333293308499186 ], [ 127.659304878700311, 36.333947551444886 ], [ 127.662022517664639, 36.337269013994806 ], [ 127.661562955538614, 36.345028370505624 ], [ 127.664806688435462, 36.346045587626641 ], [ 127.665687329265879, 36.332188993861884 ], [ 127.669002716502305, 36.3264792242936 ], [ 127.678600186297587, 36.318620133400493 ], [ 127.6907333160012, 36.314721825418403 ], [ 127.692085874219998, 36.306774782370979 ], [ 127.687237006963116, 36.303307292505188 ], [ 127.680592849026709, 36.304539716314913 ], [ 127.67098646754684, 36.310499448741531 ], [ 127.666231314368162, 36.309522458035822 ], [ 127.663727216132159, 36.303330576083617 ], [ 127.66633905591128, 36.296106768193759 ], [ 127.672137105569817, 36.292799862739031 ], [ 127.690875094272883, 36.291839563634255 ], [ 127.696520421026634, 36.288971722845496 ], [ 127.698214461125929, 36.284388879593465 ], [ 127.697690283937547, 36.280028933475293 ], [ 127.692666615265921, 36.277110279443257 ], [ 127.698784653828611, 36.276630417595875 ], [ 127.70117021470115, 36.274341167428766 ], [ 127.705894981777504, 36.274528982432066 ], [ 127.708119743942106, 36.268892276700853 ], [ 127.711457593797931, 36.268384375109918 ], [ 127.714671962175771, 36.263136053297757 ], [ 127.706588609630572, 36.262659696150862 ], [ 127.703708662549687, 36.260219992309274 ], [ 127.698022294094429, 36.263230004941967 ], [ 127.693978892050936, 36.263170512048703 ], [ 127.69146769042419, 36.26141059696144 ], [ 127.68742393849557, 36.26217684100088 ], [ 127.684316229881347, 36.260193928271612 ], [ 127.68029577233979, 36.261806699139278 ], [ 127.676381832952956, 36.260271400920374 ], [ 127.662700588468837, 36.267525662777366 ], [ 127.658650852944334, 36.266846115400476 ], [ 127.657179509329637, 36.264391401855043 ], [ 127.653838761012722, 36.265228345695938 ], [ 127.63763289685042, 36.259775180313603 ], [ 127.633738157211482, 36.262669684081892 ], [ 127.630731522385403, 36.260875517486532 ], [ 127.625510858124954, 36.263428761799673 ], [ 127.59846327844393, 36.259068713761664 ], [ 127.594666834566056, 36.261571820827925 ], [ 127.592377512944196, 36.26737961490624 ] ] ] ] } },
{ "type": "Feature", "properties": { "emd_cd": "43730320", "emd_nm": "안남면" }, "geometry": { "type": "MultiPolygon", "coordinates": [ [ [ [ 127.680990166794672, 36.317982887780921 ], [ 127.672035327273591, 36.32284904920521 ], [ 127.667373164527945, 36.328542849677092 ], [ 127.665687329265879, 36.332188993861884 ], [ 127.664806688435462, 36.346045587626641 ], [ 127.661562955538614, 36.345028370505624 ], [ 127.662022517664639, 36.337269013994806 ], [ 127.659304878700311, 36.333947551444886 ], [ 127.653986762810433, 36.333293308499186 ], [ 127.646784554706599, 36.335182464470797 ], [ 127.64677209761858, 36.342874790753172 ], [ 127.65040697536088, 36.350907035619649 ], [ 127.648006261656164, 36.353195082580726 ], [ 127.649642037456388, 36.353948933389233 ], [ 127.648120585626273, 36.358368842285429 ], [ 127.642847332076713, 36.361332166629985 ], [ 127.646063420430096, 36.364442654679905 ], [ 127.668194871068977, 36.365529767053971 ], [ 127.668772599983143, 36.369465620160369 ], [ 127.666398291731142, 36.373892697065472 ], [ 127.662415009088804, 36.375101780487604 ], [ 127.664922024150997, 36.384771412964348 ], [ 127.669709442029315, 36.388072408457418 ], [ 127.674469949765367, 36.38661727829836 ], [ 127.679954932733153, 36.38941861951303 ], [ 127.690492848744057, 36.390489539496684 ], [ 127.693338276714883, 36.388264042583089 ], [ 127.701611356587009, 36.386423399680453 ], [ 127.708257970902068, 36.380197310648803 ], [ 127.705218097753047, 36.374194365566552 ], [ 127.713381138865159, 36.359659354783616 ], [ 127.709251957939856, 36.356513511707028 ], [ 127.709997102949728, 36.349742270382066 ], [ 127.700917931734907, 36.345982230153915 ], [ 127.699462086478633, 36.339534294441307 ], [ 127.702679236094866, 36.336497165708757 ], [ 127.703354243591534, 36.332760369064431 ], [ 127.700650505933879, 36.327583709679509 ], [ 127.700829769330042, 36.32195059240145 ], [ 127.698592078038445, 36.321586564076583 ], [ 127.695164403553846, 36.317862826589774 ], [ 127.685856059687126, 36.320554895355301 ], [ 127.684756194169424, 36.318471613249649 ], [ 127.680990166794672, 36.317982887780921 ] ] ] ] } },
{ "type": "Feature", "properties": { "emd_cd": "43730330", "emd_nm": "안내면" }, "geometry": { "type": "MultiPolygon", "coordinates": [ [ [ [ 127.571709928332027, 36.393043936581641 ], [ 127.569587953243783, 36.400403322174625 ], [ 127.580127495588584, 36.408299577439877 ], [ 127.583601185486529, 36.418731211057761 ], [ 127.586408998571628, 36.416774916693718 ], [ 127.585219591418721, 36.414689454108476 ], [ 127.588525144028139, 36.415020328661917 ], [ 127.588056581214161, 36.412892643777006 ], [ 127.589497500025885, 36.413553688954622 ], [ 127.591238149240723, 36.411999703758262 ], [ 127.594029171603239, 36.413193367070157 ], [ 127.593382969641524, 36.411496244087914 ], [ 127.596515105336067, 36.410697966518633 ], [ 127.598621219798616, 36.411969575557059 ], [ 127.598470987505237, 36.408208679098294 ], [ 127.600965040248425, 36.407179182700027 ], [ 127.602503034453875, 36.409528485412153 ], [ 127.604460698867683, 36.40855500765111 ], [ 127.604082058226325, 36.403964786949849 ], [ 127.612256919763027, 36.403358815800559 ], [ 127.617329140187749, 36.41052195891875 ], [ 127.617377727138447, 36.417467624302589 ], [ 127.620789189783537, 36.418167223012439 ], [ 127.620025980016038, 36.420440315796967 ], [ 127.625300084299013, 36.423344620398211 ], [ 127.631597623999497, 36.440221353377737 ], [ 127.637593413087004, 36.435654771303803 ], [ 127.639237696442279, 36.436030572079027 ], [ 127.641321936075926, 36.442521375982253 ], [ 127.645601241100053, 36.445225152519775 ], [ 127.648473617899782, 36.442374622862545 ], [ 127.650952462837523, 36.443207967693667 ], [ 127.656257221191353, 36.437619467007572 ], [ 127.66131598050346, 36.440528523363845 ], [ 127.665182055683687, 36.445093819391168 ], [ 127.676263030967277, 36.43721433541689 ], [ 127.680542491638462, 36.43605386577471 ], [ 127.680392986753731, 36.430196834124885 ], [ 127.678475024785939, 36.427098696301748 ], [ 127.681388998790538, 36.418520137233998 ], [ 127.693418011182217, 36.417129972228622 ], [ 127.700131808375048, 36.413806244405222 ], [ 127.704134541235916, 36.414942343820364 ], [ 127.705476014518467, 36.413557232642731 ], [ 127.710114969119246, 36.413803761233765 ], [ 127.708261470606672, 36.406557309984436 ], [ 127.719158699639465, 36.395783069217565 ], [ 127.731442897069286, 36.390229593856013 ], [ 127.72858586476147, 36.383350961276065 ], [ 127.719920245560786, 36.378845985125679 ], [ 127.713540746031867, 36.381604209417233 ], [ 127.708257970902068, 36.380197310648803 ], [ 127.701611356587009, 36.386423399680453 ], [ 127.693338276714883, 36.388264042583089 ], [ 127.690492848744057, 36.390489539496684 ], [ 127.679954932733153, 36.38941861951303 ], [ 127.674469949765367, 36.38661727829836 ], [ 127.669709442029315, 36.388072408457418 ], [ 127.664922024150997, 36.384771412964348 ], [ 127.662264658701091, 36.377540464770348 ], [ 127.662415009088804, 36.375101780487604 ], [ 127.666398291731142, 36.373892697065472 ], [ 127.669052043739768, 36.366099430530539 ], [ 127.665510048557636, 36.364548843728251 ], [ 127.646063420430096, 36.364442654679905 ], [ 127.637413403836661, 36.355474863341833 ], [ 127.637711412862771, 36.358414320044794 ], [ 127.636122301160498, 36.359590913206709 ], [ 127.637544307342395, 36.357542394208316 ], [ 127.631411093655359, 36.350365622031994 ], [ 127.608996516112398, 36.346877035430843 ], [ 127.605743877480577, 36.344967917811815 ], [ 127.6053524441229, 36.341400434797166 ], [ 127.603529367622798, 36.341363168593467 ], [ 127.602365476161339, 36.340490114498905 ], [ 127.601440343898588, 36.340244320474298 ], [ 127.600300014277806, 36.34070668494671 ], [ 127.602264883889049, 36.340654244056161 ], [ 127.602673096661221, 36.3432932600006 ], [ 127.60051525254363, 36.343382000789255 ], [ 127.601153963046755, 36.345451124874458 ], [ 127.605717234126772, 36.350223581801593 ], [ 127.609056498827471, 36.350697665599505 ], [ 127.61146261932079, 36.354176786455028 ], [ 127.614662141833946, 36.355114621112726 ], [ 127.621562623276887, 36.363259116646709 ], [ 127.62258943727312, 36.371668365551336 ], [ 127.62029856987445, 36.376002446503826 ], [ 127.625830187582423, 36.379616492968196 ], [ 127.637111685975853, 36.381564635136272 ], [ 127.63780771219713, 36.383354152402006 ], [ 127.630021586591596, 36.388333899264943 ], [ 127.620678396408422, 36.385461183893852 ], [ 127.619756673990764, 36.383955381032258 ], [ 127.613066734803894, 36.384708795279622 ], [ 127.604882295802597, 36.388462252788209 ], [ 127.600716463923405, 36.387013017168421 ], [ 127.595526706165899, 36.387602745738235 ], [ 127.590115432365522, 36.392814829807044 ], [ 127.583356279981373, 36.38916519895961 ], [ 127.577248730874274, 36.388874937799734 ], [ 127.571709928332027, 36.393043936581641 ] ] ] ] } },
{ "type": "Feature", "properties": { "emd_cd": "43730340", "emd_nm": "청성면" }, "geometry": { "type": "MultiPolygon", "coordinates": [ [ [ [ 127.733722010055644, 36.394363638854941 ], [ 127.742910336157962, 36.386899635759079 ], [ 127.746718349718108, 36.385829338718906 ], [ 127.754899378073404, 36.390922155491189 ], [ 127.756933843888049, 36.390643765286974 ], [ 127.759628288042023, 36.381716994467155 ], [ 127.758290565901305, 36.377947725678901 ], [ 127.768324851990272, 36.377733848981784 ], [ 127.774280620929019, 36.371958781010854 ], [ 127.77556590780253, 36.367934768558158 ], [ 127.780903105877201, 36.365513435415806 ], [ 127.781634991731877, 36.359380637244399 ], [ 127.772851027796037, 36.353497074075094 ], [ 127.771472905706815, 36.344764298155717 ], [ 127.762496669714579, 36.342209789187066 ], [ 127.764227796051117, 36.339544508634773 ], [ 127.763148047952043, 36.332436026366409 ], [ 127.76491180020183, 36.331643338480376 ], [ 127.763809442582698, 36.329476764694839 ], [ 127.765456423070219, 36.324351568387804 ], [ 127.762389329318495, 36.316625494815383 ], [ 127.770113844534848, 36.318278539967935 ], [ 127.773455015181767, 36.315078410266302 ], [ 127.777574098315128, 36.308253899054741 ], [ 127.777661174461997, 36.304602271419874 ], [ 127.781931327590485, 36.29890214106932 ], [ 127.782706622438596, 36.292575051053603 ], [ 127.778535232629224, 36.289846236379788 ], [ 127.77584159280859, 36.291878494275259 ], [ 127.769346384863624, 36.289733357207865 ], [ 127.769246685366312, 36.28567269561092 ], [ 127.764520012176519, 36.284302554924629 ], [ 127.761878824124253, 36.28013322414872 ], [ 127.761662222319444, 36.271768069007912 ], [ 127.75581240262018, 36.267914947765988 ], [ 127.751854169396637, 36.270055679267244 ], [ 127.735444696247583, 36.272854517930107 ], [ 127.730975831597405, 36.276411836034249 ], [ 127.7268904398139, 36.274754437705091 ], [ 127.72168488149741, 36.269465744543979 ], [ 127.713999857480474, 36.268626386974219 ], [ 127.712404814237118, 36.265827087233632 ], [ 127.711457593797931, 36.268384375109918 ], [ 127.708119743942106, 36.268892276700853 ], [ 127.705894981777504, 36.274528982432066 ], [ 127.70117021470115, 36.274341167428766 ], [ 127.698784653828611, 36.276630417595875 ], [ 127.692666615265921, 36.277110279443257 ], [ 127.697690283937547, 36.280028933475293 ], [ 127.698214461125929, 36.284388879593465 ], [ 127.696520421026634, 36.288971722845496 ], [ 127.690875094272883, 36.291839563634255 ], [ 127.668731840939458, 36.29365403179893 ], [ 127.665191393276714, 36.29818569632662 ], [ 127.663811977383318, 36.304681797822653 ], [ 127.667656490749764, 36.310518050637107 ], [ 127.67098646754684, 36.310499448741531 ], [ 127.682684193490232, 36.30368191573433 ], [ 127.687237006963116, 36.303307292505188 ], [ 127.691100078072353, 36.305042320887779 ], [ 127.692085538298244, 36.310379429474679 ], [ 127.690529017566632, 36.315042761898219 ], [ 127.680990166794672, 36.317982887780921 ], [ 127.684756194169424, 36.318471613249649 ], [ 127.685856059687126, 36.320554895355301 ], [ 127.695164403553846, 36.317862826589774 ], [ 127.698592078038445, 36.321586564076583 ], [ 127.700829769330042, 36.32195059240145 ], [ 127.700650505933879, 36.327583709679509 ], [ 127.703354243591534, 36.332760369064431 ], [ 127.702679236094866, 36.336497165708757 ], [ 127.699462086478633, 36.339534294441307 ], [ 127.700917931734907, 36.345982230153915 ], [ 127.709997102949728, 36.349742270382066 ], [ 127.709251957939856, 36.356513511707028 ], [ 127.713381138865159, 36.359659354783616 ], [ 127.705218097753047, 36.374194365566552 ], [ 127.710186639804576, 36.381461848956583 ], [ 127.715382690233653, 36.381146543492811 ], [ 127.719920245560786, 36.378845985125679 ], [ 127.725818377573646, 36.381213957593893 ], [ 127.730587990389822, 36.38623861519477 ], [ 127.733722010055644, 36.394363638854941 ] ], [ [ 127.763419007969674, 36.330898337145115 ], [ 127.763874029759165, 36.331650205837015 ], [ 127.763419008057411, 36.330898346156097 ], [ 127.763419007969674, 36.330898337145115 ] ], [ [ 127.763493838861208, 36.331802942737873 ], [ 127.763088481430245, 36.33176629916958 ], [ 127.763226461990911, 36.331362360900023 ], [ 127.763493838861208, 36.331802942737873 ] ], [ [ 127.76375494743877, 36.32983677176221 ], [ 127.763511183869326, 36.330664269598643 ], [ 127.76370775032666, 36.330175428970492 ], [ 127.76375494743877, 36.32983677176221 ] ] ] ] } },
{ "type": "Feature", "properties": { "emd_cd": "43730350", "emd_nm": "청산면" }, "geometry": { "type": "MultiPolygon", "coordinates": [ [ [ [ 127.763511183869326, 36.330664269598643 ], [ 127.764069360848438, 36.330356885659185 ], [ 127.76375494743877, 36.32983677176221 ], [ 127.763511183869326, 36.330664269598643 ] ] ], [ [ [ 127.763435863521295, 36.330855370824416 ], [ 127.763915881997406, 36.330661247190051 ], [ 127.764236747270971, 36.3305333989383 ], [ 127.764150017352662, 36.330404970250413 ], [ 127.763511183869326, 36.330664269598643 ], [ 127.763435863521295, 36.330855370824416 ] ] ], [ [ [ 127.763419007969674, 36.330898337145115 ], [ 127.763419008057411, 36.330898346156097 ], [ 127.763874029759165, 36.331650205837015 ], [ 127.763419007969674, 36.330898337145115 ] ] ], [ [ [ 127.763139891416969, 36.331572899414851 ], [ 127.763493838861208, 36.331802942737873 ], [ 127.763226461990911, 36.331362360900023 ], [ 127.763139891416969, 36.331572899414851 ] ] ], [ [ [ 127.763148048039753, 36.332436035377391 ], [ 127.7634672629015, 36.332951001450411 ], [ 127.763148047952043, 36.332436026366409 ], [ 127.763148048039753, 36.332436035377391 ] ] ], [ [ [ 127.762449802258061, 36.393531524471825 ], [ 127.770748143200223, 36.387494886946769 ], [ 127.781327401656782, 36.388886790287877 ], [ 127.785590632405871, 36.387056269086429 ], [ 127.790623171612154, 36.389009987414028 ], [ 127.794756394408282, 36.384668422062148 ], [ 127.800525842430474, 36.382474767270963 ], [ 127.818515915947586, 36.38164901530579 ], [ 127.822757772727542, 36.379902737880997 ], [ 127.828654003002654, 36.373955832837126 ], [ 127.831671490391798, 36.373916879357353 ], [ 127.832727067690683, 36.369044375919671 ], [ 127.835692913125769, 36.369092749701707 ], [ 127.837122115151985, 36.373229073393908 ], [ 127.842208268300283, 36.37116049321935 ], [ 127.853214879528679, 36.371091615365295 ], [ 127.859479583592005, 36.374297357785814 ], [ 127.870476831587283, 36.373702292159265 ], [ 127.87498989919267, 36.370815973347234 ], [ 127.883465653636506, 36.370661542846285 ], [ 127.886233153554173, 36.363710078908859 ], [ 127.891169810668231, 36.359750098643438 ], [ 127.890749277580085, 36.35661859225641 ], [ 127.885556960022996, 36.354652595356505 ], [ 127.885098344422659, 36.349079691792959 ], [ 127.883677795955123, 36.349028882670588 ], [ 127.881320428029596, 36.345017467093825 ], [ 127.875364867738313, 36.345561760625188 ], [ 127.870042921629945, 36.343497504557092 ], [ 127.869996378884309, 36.339833562206636 ], [ 127.865769566861502, 36.335455267686001 ], [ 127.862016949450478, 36.335956664394899 ], [ 127.861906307162727, 36.332997491843173 ], [ 127.86033600615049, 36.333609085151195 ], [ 127.854612548190431, 36.330623671922588 ], [ 127.852748305911646, 36.332000355398179 ], [ 127.850539301663204, 36.32027135318139 ], [ 127.845887663262829, 36.318192097538876 ], [ 127.845378525353723, 36.316492293599495 ], [ 127.840528265075918, 36.315673099707205 ], [ 127.835337999163869, 36.312776366906746 ], [ 127.835058558775714, 36.311160892429939 ], [ 127.825041270364622, 36.310064346103587 ], [ 127.8209781109218, 36.305177394858354 ], [ 127.819035287243153, 36.311650019665976 ], [ 127.81373503536291, 36.308045632862203 ], [ 127.80881268860098, 36.309585992407058 ], [ 127.805121284861428, 36.305033106823224 ], [ 127.800501425348415, 36.303042780119178 ], [ 127.801136560512973, 36.297796005825148 ], [ 127.794712044536851, 36.297253733270189 ], [ 127.794473875402588, 36.29053053550453 ], [ 127.789097764508284, 36.290989116167054 ], [ 127.786793097488896, 36.288164751361926 ], [ 127.78377785815178, 36.290423930531212 ], [ 127.778758084122359, 36.28967005329968 ], [ 127.782706622438596, 36.292575051053603 ], [ 127.782401880290948, 36.297430722843451 ], [ 127.780274609797729, 36.302622043263995 ], [ 127.777661174461997, 36.304602271419874 ], [ 127.777574098315128, 36.308253899054741 ], [ 127.775252385756673, 36.312214128139864 ], [ 127.770113844534848, 36.318278539967935 ], [ 127.762389329318495, 36.316625494815383 ], [ 127.765456423070219, 36.324351568387804 ], [ 127.763809442582698, 36.329476764694839 ], [ 127.76491180020183, 36.331643338480376 ], [ 127.763479324080109, 36.332954348939012 ], [ 127.763332359118863, 36.33291383275364 ], [ 127.763193761717318, 36.332683714449622 ], [ 127.764227796051117, 36.339544508634773 ], [ 127.762496669714579, 36.342209789187066 ], [ 127.771472905706815, 36.344764298155717 ], [ 127.772851027796037, 36.353497074075094 ], [ 127.781634991731877, 36.359380637244399 ], [ 127.781287955516532, 36.364335134043628 ], [ 127.77556590780253, 36.367934768558158 ], [ 127.774280620929019, 36.371958781010854 ], [ 127.768324851990272, 36.377733848981784 ], [ 127.758290565901305, 36.377947725678901 ], [ 127.759628288042023, 36.381716994467155 ], [ 127.756933843888049, 36.390643765286974 ], [ 127.760405574483812, 36.391135987078435 ], [ 127.762449802258061, 36.393531524471825 ] ] ] ] } },
{ "type": "Feature", "properties": { "emd_cd": "43730360", "emd_nm": "이원면" }, "geometry": { "type": "MultiPolygon", "coordinates": [ [ [ [ 127.70175185401358, 36.260804904254961 ], [ 127.696895430584192, 36.251596517418392 ], [ 127.693807783123532, 36.249934483745804 ], [ 127.691383766432097, 36.238218918108529 ], [ 127.685443908795762, 36.235260606196015 ], [ 127.681068976255119, 36.224879628705906 ], [ 127.673698556844712, 36.223648854832597 ], [ 127.672543953072704, 36.222185996120814 ], [ 127.663852452358043, 36.223270322049686 ], [ 127.656153184235109, 36.229337383859701 ], [ 127.650595163166031, 36.225003422867367 ], [ 127.650309186447416, 36.219803770468289 ], [ 127.652272706216564, 36.215656146827484 ], [ 127.648455303454966, 36.20712142797052 ], [ 127.650886684902133, 36.201421143577541 ], [ 127.65438563248928, 36.19815809610904 ], [ 127.652384872900015, 36.197046906339637 ], [ 127.65192128635438, 36.194310621854818 ], [ 127.654583369472249, 36.191791403492203 ], [ 127.653789325747368, 36.188821961481672 ], [ 127.650013010823045, 36.185276881316817 ], [ 127.655056570450412, 36.177331429519278 ], [ 127.649739676485183, 36.170711068747593 ], [ 127.643824178412785, 36.17221041188688 ], [ 127.635103283929311, 36.178028227693744 ], [ 127.633779341341025, 36.180984891911066 ], [ 127.627124982647686, 36.177973885158401 ], [ 127.62394076711962, 36.181036909178509 ], [ 127.614357679267627, 36.184014542050235 ], [ 127.611219199609948, 36.183158410758665 ], [ 127.608278545564417, 36.185663306250142 ], [ 127.597761849774656, 36.184897982553323 ], [ 127.592430209022197, 36.195998037121569 ], [ 127.599487992470898, 36.203153233200894 ], [ 127.598785460405779, 36.210281022803201 ], [ 127.59633044927962, 36.212070892517509 ], [ 127.597745850315761, 36.216355540903294 ], [ 127.592434351310871, 36.219767323344954 ], [ 127.590050761838128, 36.225472317263019 ], [ 127.586615761752725, 36.225034374036525 ], [ 127.583516842468086, 36.231279923768327 ], [ 127.57024742732473, 36.233558291293967 ], [ 127.566506498634695, 36.242708773214503 ], [ 127.56710310211048, 36.246866572849001 ], [ 127.57343071053991, 36.246934474296651 ], [ 127.575534349022092, 36.251427919173295 ], [ 127.580087121686162, 36.25352387441955 ], [ 127.589465509516558, 36.249911095876442 ], [ 127.599242011648343, 36.259541509615126 ], [ 127.604946612449027, 36.259408762901089 ], [ 127.616703360579379, 36.263018078236499 ], [ 127.625510858124954, 36.263428761799673 ], [ 127.630731522385403, 36.260875517486532 ], [ 127.633738157211482, 36.262669684081892 ], [ 127.637138358175932, 36.259719052956555 ], [ 127.653838761012722, 36.265228345695938 ], [ 127.657179509329637, 36.264391401855043 ], [ 127.658650852944334, 36.266846115400476 ], [ 127.662700588468837, 36.267525662777366 ], [ 127.669016146675887, 36.265247770940405 ], [ 127.675641386391561, 36.260337207349828 ], [ 127.68029577233979, 36.261806699139278 ], [ 127.684316229881347, 36.260193928271612 ], [ 127.693978892050936, 36.263170512048703 ], [ 127.698022294094429, 36.263230004941967 ], [ 127.70175185401358, 36.260804904254961 ] ] ] ] } },
{ "type": "Feature", "properties": { "emd_cd": "43730370", "emd_nm": "군서면" }, "geometry": { "type": "MultiPolygon", "coordinates": [ [ [ [ 127.541648946647371, 36.316977796242206 ], [ 127.54400666320528, 36.314343459821679 ], [ 127.551440737086267, 36.312512473374305 ], [ 127.55392013658583, 36.307499567667378 ], [ 127.557508643531321, 36.308233596573608 ], [ 127.558006214558645, 36.307051435844507 ], [ 127.546868434978578, 36.298720416246084 ], [ 127.546788557928522, 36.296233289030482 ], [ 127.542035889735942, 36.290810317346924 ], [ 127.539848948058946, 36.285151071924666 ], [ 127.542434372411392, 36.283186536631334 ], [ 127.541953948160113, 36.281599057961344 ], [ 127.545740999234027, 36.280087792370502 ], [ 127.550861133392516, 36.274667552395904 ], [ 127.5521603432163, 36.269529977626121 ], [ 127.555144608856722, 36.268554809817402 ], [ 127.556506833314216, 36.260769572982255 ], [ 127.561992416495997, 36.258944761498192 ], [ 127.564751530656736, 36.251849081454829 ], [ 127.567680686553246, 36.248951011365961 ], [ 127.566506498634695, 36.242708773214503 ], [ 127.57024742732473, 36.233558291293967 ], [ 127.563536523501639, 36.227614929780486 ], [ 127.561572764093015, 36.228860718915577 ], [ 127.552749489676145, 36.225724571630629 ], [ 127.545088252898267, 36.22544532447187 ], [ 127.545096696120368, 36.228386741076761 ], [ 127.549907119274124, 36.238522844826861 ], [ 127.537787626195708, 36.242854311727896 ], [ 127.534957914602003, 36.247390970345322 ], [ 127.536078981491997, 36.251418927161424 ], [ 127.523653530837748, 36.246613210986119 ], [ 127.518262132658833, 36.240600618518869 ], [ 127.511961425836986, 36.240696256216815 ], [ 127.502168284642622, 36.23768841217715 ], [ 127.492713370694773, 36.238037115106152 ], [ 127.492443327389836, 36.244393208868956 ], [ 127.488954244646507, 36.246724600774641 ], [ 127.487547428418708, 36.250706385988003 ], [ 127.489883210491968, 36.253886724159393 ], [ 127.489810427604027, 36.258050189109028 ], [ 127.486302648356414, 36.259355161696796 ], [ 127.486030343329489, 36.261413060850785 ], [ 127.488353162284, 36.267332045389772 ], [ 127.490277120453698, 36.268481859711983 ], [ 127.488491927893108, 36.272978318371322 ], [ 127.496609548088685, 36.279411573293849 ], [ 127.498729904267819, 36.283198371385822 ], [ 127.491009405091688, 36.296591370184458 ], [ 127.491387177146208, 36.299340219935161 ], [ 127.493874494657405, 36.300420988987185 ], [ 127.496254113490522, 36.298979626651978 ], [ 127.499111002494786, 36.305523019818466 ], [ 127.509783558045356, 36.311998017360658 ], [ 127.523615051685766, 36.31734558446734 ], [ 127.530944404247933, 36.315836522125849 ], [ 127.532859630997251, 36.31747088987467 ], [ 127.541648946647371, 36.316977796242206 ] ] ] ] } },
{ "type": "Feature", "properties": { "emd_cd": "43730380", "emd_nm": "군북면" }, "geometry": { "type": "MultiPolygon", "coordinates": [ [ [ [ 127.494141857070559, 36.311066686622013 ], [ 127.499080986224698, 36.314833506605417 ], [ 127.49734780603896, 36.319559123500639 ], [ 127.500158483437545, 36.320776373769469 ], [ 127.503607080261901, 36.326131684370054 ], [ 127.500691176587139, 36.33942116081586 ], [ 127.508556858074726, 36.3432882015845 ], [ 127.507603138455366, 36.346320969489845 ], [ 127.512541094699898, 36.34591843798853 ], [ 127.517223265188179, 36.348866785352527 ], [ 127.52292311847026, 36.356004414199504 ], [ 127.522037532886685, 36.358000943832458 ], [ 127.524650712307817, 36.36160335286101 ], [ 127.524341524935792, 36.366201701411441 ], [ 127.527037258013976, 36.370122286802371 ], [ 127.525318558863503, 36.375125433007497 ], [ 127.526209705901493, 36.378713164788238 ], [ 127.524836110224228, 36.387385342324862 ], [ 127.529426482155699, 36.38936075604483 ], [ 127.530147015093718, 36.391453678754793 ], [ 127.53260976179233, 36.390947540946584 ], [ 127.533584249595819, 36.393648530346667 ], [ 127.537934779612556, 36.3948650335103 ], [ 127.539518512607387, 36.397360311752614 ], [ 127.543965427850338, 36.395312345123394 ], [ 127.55036166986487, 36.396083764571316 ], [ 127.555871341855877, 36.391852779790447 ], [ 127.556967499175769, 36.394112525377906 ], [ 127.561414954066208, 36.394940332363014 ], [ 127.569587953243783, 36.400403322174625 ], [ 127.569572653408457, 36.396691243820143 ], [ 127.571709928332027, 36.393043936581641 ], [ 127.577248730874274, 36.388874937799734 ], [ 127.583356279981373, 36.38916519895961 ], [ 127.590115432365522, 36.392814829807044 ], [ 127.595526706165899, 36.387602745738235 ], [ 127.600716463923405, 36.387013017168421 ], [ 127.604882295802597, 36.388462252788209 ], [ 127.613066734803894, 36.384708795279622 ], [ 127.619756673990764, 36.383955381032258 ], [ 127.620678396408422, 36.385461183893852 ], [ 127.630021586591596, 36.388333899264943 ], [ 127.63780771219713, 36.383354152402006 ], [ 127.637111685975853, 36.381564635136272 ], [ 127.625830187582423, 36.379616492968196 ], [ 127.62029856987445, 36.376002446503826 ], [ 127.62258943727312, 36.371668365551336 ], [ 127.621562623276887, 36.363259116646709 ], [ 127.614662141833946, 36.355114621112726 ], [ 127.61146261932079, 36.354176786455028 ], [ 127.609056498827471, 36.350697665599505 ], [ 127.605717234126772, 36.350223581801593 ], [ 127.597691329484661, 36.341814169619603 ], [ 127.597509557302871, 36.338303186555621 ], [ 127.590493649277477, 36.336736774545052 ], [ 127.58991768291736, 36.333307209065808 ], [ 127.58465925597595, 36.335862933640612 ], [ 127.581618670488808, 36.334671226793688 ], [ 127.579824159104234, 36.330248514779107 ], [ 127.581206322908272, 36.329277438541723 ], [ 127.580992909537173, 36.325957629127167 ], [ 127.574903132795384, 36.325117959654989 ], [ 127.573267661981845, 36.323286038403296 ], [ 127.569353614093956, 36.324358005693384 ], [ 127.564690395268244, 36.321866843176593 ], [ 127.560553170158272, 36.329907610017713 ], [ 127.556425709987479, 36.333278393165045 ], [ 127.557485814417674, 36.330396002501267 ], [ 127.552058913853742, 36.32410409653945 ], [ 127.546782811235516, 36.321946764747381 ], [ 127.541944362502406, 36.317078329023609 ], [ 127.532859630997251, 36.31747088987467 ], [ 127.530944404247933, 36.315836522125849 ], [ 127.523615051685766, 36.31734558446734 ], [ 127.509783558045356, 36.311998017360658 ], [ 127.499111002494786, 36.305523019818466 ], [ 127.494141857070559, 36.311066686622013 ] ] ] ] } },
{ "type": "Feature", "properties": { "emd_cd": "43740250", "emd_nm": "영동읍" }, "geometry": { "type": "MultiPolygon", "coordinates": [ [ [ [ 127.82331453636418, 36.09829385933871 ], [ 127.821246229483634, 36.114310970055008 ], [ 127.814817302240868, 36.121397588040971 ], [ 127.816412041630173, 36.129207747196112 ], [ 127.815512184415439, 36.133066473445226 ], [ 127.809486460684965, 36.137241155863833 ], [ 127.800918273079503, 36.138997771179078 ], [ 127.798613591654743, 36.142369665904248 ], [ 127.79520641645432, 36.143086058365135 ], [ 127.785962387856586, 36.149681607101712 ], [ 127.78306412316023, 36.150033551849923 ], [ 127.781645216203302, 36.148039147896128 ], [ 127.777158262101551, 36.158674848928797 ], [ 127.771828303058427, 36.164171802694298 ], [ 127.760996264995484, 36.163225570052411 ], [ 127.754813655821962, 36.160525599506769 ], [ 127.755675781010055, 36.161438871137939 ], [ 127.7517004511773, 36.164810481276589 ], [ 127.743562341567511, 36.164516762309638 ], [ 127.7351368165466, 36.168217695250256 ], [ 127.732801195438626, 36.174066579585492 ], [ 127.736731773080223, 36.180933681291052 ], [ 127.735525005582744, 36.18772976323114 ], [ 127.738503841829242, 36.193721845821436 ], [ 127.736711326008518, 36.197664328483313 ], [ 127.741040361138587, 36.199359390058518 ], [ 127.740704204741391, 36.204350466991826 ], [ 127.746343609221285, 36.204715273524783 ], [ 127.747527274233775, 36.207304154583511 ], [ 127.749798693029547, 36.206981556828055 ], [ 127.754116969379695, 36.210658956135298 ], [ 127.753590472574075, 36.212373150254756 ], [ 127.755566519261706, 36.215010502731396 ], [ 127.752308512798677, 36.218159962939588 ], [ 127.752661801904935, 36.223777203424383 ], [ 127.755597927948642, 36.224787214345916 ], [ 127.760472720949863, 36.221474206572246 ], [ 127.763726134035082, 36.224922435994038 ], [ 127.768808428426013, 36.221791138587996 ], [ 127.777461467331349, 36.223284431427032 ], [ 127.785834254382138, 36.220596142437749 ], [ 127.793195322550332, 36.222402001551238 ], [ 127.795937320757957, 36.220048821437693 ], [ 127.796914937585683, 36.215801825316277 ], [ 127.793678860227956, 36.206613680260467 ], [ 127.796281687514423, 36.204184468517361 ], [ 127.800624547176483, 36.204468337606677 ], [ 127.801450365252322, 36.208712070538134 ], [ 127.806647419543111, 36.214758062578603 ], [ 127.81015103621894, 36.21653676556673 ], [ 127.808012432418465, 36.221698323940089 ], [ 127.813344518214194, 36.227246209072334 ], [ 127.811022834055748, 36.231500076279453 ], [ 127.813442189854115, 36.238161214592502 ], [ 127.822111934346708, 36.23386027512921 ], [ 127.825608619210797, 36.228699640085232 ], [ 127.828727706613648, 36.227818793057224 ], [ 127.830057054375587, 36.225577932603834 ], [ 127.83247655677755, 36.227361780572323 ], [ 127.835395692626747, 36.225760586283691 ], [ 127.842274237471173, 36.225836154115399 ], [ 127.846970680614717, 36.219743858955638 ], [ 127.84668034443358, 36.216358863449493 ], [ 127.849264464775317, 36.213681831892551 ], [ 127.851495226056372, 36.201657644795844 ], [ 127.857208614346035, 36.200382974519918 ], [ 127.857239103345819, 36.19377199137206 ], [ 127.863966305890244, 36.190503386078163 ], [ 127.864382443833719, 36.188354643089944 ], [ 127.86724547824096, 36.186535663032053 ], [ 127.869039063882795, 36.187370604974163 ], [ 127.874790600365515, 36.185588106563387 ], [ 127.879831563117435, 36.180976709117182 ], [ 127.879600419125055, 36.176343019692737 ], [ 127.881801763801491, 36.173251686883241 ], [ 127.882748051642722, 36.164617215616893 ], [ 127.87236194278708, 36.158611245256672 ], [ 127.871459667528683, 36.155577744446106 ], [ 127.873463589411344, 36.154348289777829 ], [ 127.872465218310694, 36.145503051582992 ], [ 127.865591181131165, 36.146640779657119 ], [ 127.856060852961747, 36.141258540450011 ], [ 127.851392607752857, 36.141086155103579 ], [ 127.848122700837735, 36.133974733783674 ], [ 127.840607312309373, 36.128111852623675 ], [ 127.839557110663137, 36.120795140060771 ], [ 127.835491025536896, 36.11729277284104 ], [ 127.836752226741098, 36.110618553375971 ], [ 127.83313421316781, 36.10358819416502 ], [ 127.828584416330955, 36.098876370801712 ], [ 127.82331453636418, 36.09829385933871 ] ] ] ] } },
{ "type": "Feature", "properties": { "emd_cd": "43740310", "emd_nm": "용산면" }, "geometry": { "type": "MultiPolygon", "coordinates": [ [ [ [ 127.796281687514423, 36.204184468517361 ], [ 127.793743924845359, 36.207167901826359 ], [ 127.796914937585683, 36.215801825316277 ], [ 127.795937320757957, 36.220048821437693 ], [ 127.793195322550332, 36.222402001551238 ], [ 127.785834254382138, 36.220596142437749 ], [ 127.777461467331349, 36.223284431427032 ], [ 127.768808428426013, 36.221791138587996 ], [ 127.763726134035082, 36.224922435994038 ], [ 127.764545457380578, 36.234449470388434 ], [ 127.759574593931291, 36.237470594984238 ], [ 127.759338973150903, 36.24043566767326 ], [ 127.762497649319386, 36.24463638611001 ], [ 127.76310754994104, 36.250061238084989 ], [ 127.761988315911992, 36.255364237525256 ], [ 127.757693790766908, 36.258750529053223 ], [ 127.756391711067195, 36.263899347448039 ], [ 127.747251431771559, 36.265582792493149 ], [ 127.733127852149366, 36.262942363515215 ], [ 127.733391002842367, 36.267862323793501 ], [ 127.730460206090299, 36.27207290974799 ], [ 127.730373705396303, 36.276219648357547 ], [ 127.735747456797114, 36.272746980041887 ], [ 127.751995692853427, 36.270017356952287 ], [ 127.755823445249248, 36.267932649067028 ], [ 127.761597776634474, 36.271747571634549 ], [ 127.761866701982939, 36.280084872813632 ], [ 127.764504815634609, 36.282399472550679 ], [ 127.76450194370284, 36.284294199304533 ], [ 127.769282443954694, 36.285685839236841 ], [ 127.770157985247721, 36.290263070956257 ], [ 127.775810888034954, 36.291896166582468 ], [ 127.777569540303645, 36.289854499465079 ], [ 127.783776179252456, 36.290352759010219 ], [ 127.786770056376525, 36.288140355118379 ], [ 127.789199228982, 36.28944755754857 ], [ 127.789038121302895, 36.290956977205525 ], [ 127.794417876975103, 36.290474845835497 ], [ 127.794710491698396, 36.297227907409365 ], [ 127.801131183488238, 36.297737106170842 ], [ 127.800547109895021, 36.302997399002784 ], [ 127.805178963806284, 36.30495784214412 ], [ 127.808518401366058, 36.309451049034401 ], [ 127.814372377904192, 36.308157153319407 ], [ 127.819003060014083, 36.311643238096011 ], [ 127.820983691513973, 36.305157432096195 ], [ 127.825024343858402, 36.310117053981841 ], [ 127.83505751771834, 36.311185474101812 ], [ 127.835274142909242, 36.312713713658923 ], [ 127.840504290961292, 36.315636699272368 ], [ 127.845368903854009, 36.31640648188656 ], [ 127.841418802448274, 36.30863212511067 ], [ 127.846764983323425, 36.300595602461911 ], [ 127.845157620645779, 36.293563135648903 ], [ 127.849575908701297, 36.287730285936824 ], [ 127.849337109452918, 36.281187350909029 ], [ 127.852291600757511, 36.273299845298922 ], [ 127.850697432831254, 36.267355276399236 ], [ 127.852921448646285, 36.262918836554874 ], [ 127.851648387821101, 36.260591900943361 ], [ 127.848004214899532, 36.260933467746526 ], [ 127.84726483716976, 36.25862209848718 ], [ 127.849039135004375, 36.255231770308789 ], [ 127.851068665285155, 36.254543008610611 ], [ 127.843922629071102, 36.247346147448212 ], [ 127.837192953965399, 36.236215721648428 ], [ 127.840975622537314, 36.233426815598882 ], [ 127.845912352670695, 36.232483280421853 ], [ 127.845603459673185, 36.2309795355714 ], [ 127.8429409566629, 36.228999085362815 ], [ 127.842274237471173, 36.225836154115399 ], [ 127.835395692626747, 36.225760586283691 ], [ 127.83247655677755, 36.227361780572323 ], [ 127.830057054375587, 36.225577932603834 ], [ 127.828727706613648, 36.227818793057224 ], [ 127.825608619210797, 36.228699640085232 ], [ 127.822111934346708, 36.23386027512921 ], [ 127.813442189854115, 36.238161214592502 ], [ 127.811022834055748, 36.231500076279453 ], [ 127.813344518214194, 36.227246209072334 ], [ 127.808012432418465, 36.221698323940089 ], [ 127.810000394630649, 36.216215021187367 ], [ 127.806647419543111, 36.214758062578603 ], [ 127.801450365252322, 36.208712070538134 ], [ 127.800904421649747, 36.20464890145238 ], [ 127.796281687514423, 36.204184468517361 ] ] ] ] } },
{ "type": "Feature", "properties": { "emd_cd": "43740320", "emd_nm": "황간면" }, "geometry": { "type": "MultiPolygon", "coordinates": [ [ [ [ 127.887035388747762, 36.169469950484817 ], [ 127.882167167630911, 36.16975647293512 ], [ 127.879600419125055, 36.176343019692737 ], [ 127.879940095109575, 36.180691612272732 ], [ 127.877099551819583, 36.184211287947392 ], [ 127.869039063882795, 36.187370604974163 ], [ 127.86724547824096, 36.186535663032053 ], [ 127.864382443833719, 36.188354643089944 ], [ 127.863966305890244, 36.190503386078163 ], [ 127.857239103345819, 36.19377199137206 ], [ 127.857208614346035, 36.200382974519918 ], [ 127.851495226056372, 36.201657644795844 ], [ 127.849264464775317, 36.213681831892551 ], [ 127.84668034443358, 36.216358863449493 ], [ 127.846970680614717, 36.219743858955638 ], [ 127.842560628451096, 36.2248132215542 ], [ 127.8429409566629, 36.228999085362815 ], [ 127.845912352670695, 36.232483280421853 ], [ 127.840975622537314, 36.233426815598882 ], [ 127.837192953965399, 36.236215721648428 ], [ 127.843922629071102, 36.247346147448212 ], [ 127.851068665285155, 36.254543008610611 ], [ 127.849039135004375, 36.255231770308789 ], [ 127.84726483716976, 36.25862209848718 ], [ 127.848004214899532, 36.260933467746526 ], [ 127.851648387821101, 36.260591900943361 ], [ 127.852921448646285, 36.262918836554874 ], [ 127.850408575869238, 36.269784449684408 ], [ 127.852178620705061, 36.273747280081793 ], [ 127.86152960343972, 36.277130770982446 ], [ 127.864809055224526, 36.275688949021557 ], [ 127.876309816498832, 36.275920209944715 ], [ 127.881426243233932, 36.273972470354103 ], [ 127.881463437282605, 36.27755636507743 ], [ 127.892169483385501, 36.291828986315906 ], [ 127.9034168385774, 36.300497313564115 ], [ 127.905592081804286, 36.297992948075112 ], [ 127.905544683891719, 36.291196297577706 ], [ 127.909209707736039, 36.284085013662185 ], [ 127.918954946644533, 36.279708577725323 ], [ 127.93075044196226, 36.277876479467409 ], [ 127.938030244247983, 36.269126052981875 ], [ 127.94279283564731, 36.266739743286749 ], [ 127.947392010520559, 36.267136857277038 ], [ 127.94917788890568, 36.256638559991217 ], [ 127.954571576290803, 36.257144794684102 ], [ 127.960264553330944, 36.252309806466911 ], [ 127.964811795756589, 36.253168431597665 ], [ 127.96842728664646, 36.250022531406785 ], [ 127.956204581185233, 36.237710333569375 ], [ 127.955965613808104, 36.233641402543938 ], [ 127.953713448170134, 36.231262934190148 ], [ 127.952459095680197, 36.224389163096248 ], [ 127.949618713826567, 36.220254045852208 ], [ 127.940178817730398, 36.215567407951518 ], [ 127.93909066399091, 36.210662856724426 ], [ 127.936733161258488, 36.212254808577136 ], [ 127.932000565240472, 36.211428326140201 ], [ 127.92606984881823, 36.219836349331487 ], [ 127.925052384239336, 36.219425446885658 ], [ 127.925039035583652, 36.214642223242244 ], [ 127.917285411522968, 36.202282808731283 ], [ 127.917728225720055, 36.19305529798838 ], [ 127.91374973034911, 36.19222548848763 ], [ 127.911604515928701, 36.189010108200534 ], [ 127.910000085247191, 36.188971686571172 ], [ 127.908252684280754, 36.182550093481886 ], [ 127.895546305447624, 36.181926415206362 ], [ 127.89505785765958, 36.173002277196751 ], [ 127.887035388747762, 36.169469950484817 ] ] ] ] } },
{ "type": "Feature", "properties": { "emd_cd": "43740335", "emd_nm": "추풍령면" }, "geometry": { "type": "MultiPolygon", "coordinates": [ [ [ [ 127.975995833531243, 36.188821797134629 ], [ 127.967060714906253, 36.18642465577355 ], [ 127.961926696339177, 36.192752975585016 ], [ 127.958158612647708, 36.191737218860922 ], [ 127.956187185644751, 36.192858610622956 ], [ 127.956105416919783, 36.19636098207674 ], [ 127.951360886371447, 36.199650230673761 ], [ 127.949360083533875, 36.204392638856611 ], [ 127.939358942983688, 36.210369941504688 ], [ 127.938828585170342, 36.213208142635871 ], [ 127.940178817730398, 36.215567407951518 ], [ 127.949618713826567, 36.220254045852208 ], [ 127.958817397557667, 36.241290788248939 ], [ 127.966934691161242, 36.247270782807298 ], [ 127.968328486320786, 36.25036530778798 ], [ 127.978633145140719, 36.25443445486556 ], [ 127.976843844919586, 36.259170909522453 ], [ 127.980242046422688, 36.262747501698783 ], [ 127.990670724099871, 36.263406875958019 ], [ 127.993183252554786, 36.267004715122312 ], [ 127.99627223741804, 36.268128510340496 ], [ 127.998354541133011, 36.268465926507702 ], [ 128.000474007641742, 36.266453131938604 ], [ 128.01029869690899, 36.272231856341456 ], [ 128.019149942046312, 36.26730252050767 ], [ 128.026348727543962, 36.26793956281859 ], [ 128.026939973558626, 36.26541678035754 ], [ 128.030076973609653, 36.264428457874672 ], [ 128.031760949893311, 36.261543207808529 ], [ 128.048378179275744, 36.25635603832302 ], [ 128.046014874910497, 36.251825336494164 ], [ 128.04024266866989, 36.251566264546454 ], [ 128.0352631321947, 36.24573971759051 ], [ 128.035403933175331, 36.243131024944738 ], [ 128.029861618400901, 36.240353258253378 ], [ 128.033519652143042, 36.233434278239919 ], [ 128.039383735176443, 36.228642369184215 ], [ 128.040385390689011, 36.224620825960784 ], [ 128.038883892877493, 36.222200975951601 ], [ 128.041150318776488, 36.218410743314138 ], [ 128.050236895844222, 36.215782840307725 ], [ 128.049405924427049, 36.21061982785573 ], [ 128.050756377318208, 36.205689687933656 ], [ 128.057692787127962, 36.201111828176842 ], [ 128.051852186170606, 36.200718699111945 ], [ 128.045158803261785, 36.196430257088132 ], [ 128.042018224434599, 36.196639957888657 ], [ 128.038122462857615, 36.194305450138096 ], [ 128.036172174822553, 36.197764108951034 ], [ 128.028041719806737, 36.202526829344784 ], [ 128.026773061922029, 36.205267738100751 ], [ 128.009582916415127, 36.209435591521228 ], [ 128.006258756407846, 36.207400913086339 ], [ 127.998706417838278, 36.207369045299053 ], [ 127.994745650753941, 36.204325257945591 ], [ 127.992975059561616, 36.200232163363104 ], [ 127.985598369212227, 36.200602843694874 ], [ 127.980014652525412, 36.1980448919007 ], [ 127.981409205906573, 36.196085125485254 ], [ 127.976178267877344, 36.192459958507477 ], [ 127.975995833531243, 36.188821797134629 ] ] ] ] } },
{ "type": "Feature", "properties": { "emd_cd": "43740340", "emd_nm": "매곡면" }, "geometry": { "type": "MultiPolygon", "coordinates": [ [ [ [ 127.963404352630903, 36.116832921852364 ], [ 127.960133632554175, 36.120393343054907 ], [ 127.955885315009866, 36.120669715810465 ], [ 127.951017816990415, 36.123720507325466 ], [ 127.946541107180082, 36.131361700890182 ], [ 127.944857708767785, 36.140471423555731 ], [ 127.942024185852674, 36.144152301846894 ], [ 127.941633844120787, 36.148895855172668 ], [ 127.938799227508426, 36.153969544588847 ], [ 127.93346233589368, 36.155306258128029 ], [ 127.930782458763602, 36.157335346593108 ], [ 127.929863516147634, 36.160472022190838 ], [ 127.925808529920204, 36.160938350024978 ], [ 127.921519510395271, 36.164886648359683 ], [ 127.917864563212788, 36.164777545915641 ], [ 127.918056434952334, 36.171165739670975 ], [ 127.916487870069773, 36.172184142379265 ], [ 127.917971653549458, 36.174223947231177 ], [ 127.912365867509791, 36.177022044514331 ], [ 127.908080770200826, 36.181763578370784 ], [ 127.910000085247191, 36.188971686571172 ], [ 127.911604515928701, 36.189010108200534 ], [ 127.91374973034911, 36.19222548848763 ], [ 127.917728225720055, 36.19305529798838 ], [ 127.917285411522968, 36.202282808731283 ], [ 127.925039035583652, 36.214642223242244 ], [ 127.92606984881823, 36.219836349331487 ], [ 127.932000565240472, 36.211428326140201 ], [ 127.937322550368549, 36.212042105410866 ], [ 127.949360083533875, 36.204392638856611 ], [ 127.951360886371447, 36.199650230673761 ], [ 127.956105416919783, 36.19636098207674 ], [ 127.956187185644751, 36.192858610622956 ], [ 127.958158612647708, 36.191737218860922 ], [ 127.961926696339177, 36.192752975585016 ], [ 127.967060714906253, 36.18642465577355 ], [ 127.971337393600862, 36.188855350423218 ], [ 127.975995833531243, 36.188821797134629 ], [ 127.980189334018306, 36.180406654604184 ], [ 127.983219639624792, 36.17796012751117 ], [ 127.983336028339338, 36.170546862473238 ], [ 127.990046867259409, 36.165506704449854 ], [ 127.990089855460667, 36.159540529805881 ], [ 127.996789310116597, 36.155728463518216 ], [ 127.987700303971309, 36.147673146560479 ], [ 127.989343709583707, 36.144155801328232 ], [ 127.987303697242083, 36.140594687123766 ], [ 127.988731670260862, 36.133028323467499 ], [ 127.987553465960673, 36.128938052373606 ], [ 127.977991179876952, 36.12200748704857 ], [ 127.971541708491401, 36.120705798938054 ], [ 127.966649003968371, 36.116095296646414 ], [ 127.963404352630903, 36.116832921852364 ] ] ] ] } },
{ "type": "Feature", "properties": { "emd_cd": "43740350", "emd_nm": "상촌면" }, "geometry": { "type": "MultiPolygon", "coordinates": [ [ [ [ 127.877283419045227, 36.022490839813301 ], [ 127.866145245678794, 36.024345776999432 ], [ 127.860664130872976, 36.031597808163845 ], [ 127.855679478199065, 36.033073568969613 ], [ 127.852775447857809, 36.039221980357588 ], [ 127.848870952450554, 36.039397415103416 ], [ 127.850135683517721, 36.053958074205639 ], [ 127.846330749957005, 36.05907107871036 ], [ 127.845992670532823, 36.063088624187742 ], [ 127.829254640197433, 36.073072911509087 ], [ 127.822198203753288, 36.073819334837637 ], [ 127.819630416746833, 36.077321792847066 ], [ 127.819803281367641, 36.086854171037743 ], [ 127.818396454863802, 36.090975394614532 ], [ 127.821416659198974, 36.093180741117322 ], [ 127.822901007975489, 36.09811744923902 ], [ 127.828584416330955, 36.098876370801712 ], [ 127.83313421316781, 36.10358819416502 ], [ 127.836752226741098, 36.110618553375971 ], [ 127.835491025536896, 36.11729277284104 ], [ 127.839557110663137, 36.120795140060771 ], [ 127.840607312309373, 36.128111852623675 ], [ 127.848122700837735, 36.133974733783674 ], [ 127.851392607752857, 36.141086155103579 ], [ 127.856060852961747, 36.141258540450011 ], [ 127.865591181131165, 36.146640779657119 ], [ 127.872465218310694, 36.145503051582992 ], [ 127.873463589411344, 36.154348289777829 ], [ 127.871459667528683, 36.155577744446106 ], [ 127.874348097543162, 36.160874224924221 ], [ 127.882748051642722, 36.164617215616893 ], [ 127.882835393202072, 36.16886197538998 ], [ 127.89505785765958, 36.173002277196751 ], [ 127.895546305447624, 36.181926415206362 ], [ 127.907517437819038, 36.18268293197729 ], [ 127.912365867509791, 36.177022044514331 ], [ 127.917971653549458, 36.174223947231177 ], [ 127.916487870069773, 36.172184142379265 ], [ 127.918056434952334, 36.171165739670975 ], [ 127.917864563212788, 36.164777545915641 ], [ 127.921519510395271, 36.164886648359683 ], [ 127.925808529920204, 36.160938350024978 ], [ 127.929863516147634, 36.160472022190838 ], [ 127.930782458763602, 36.157335346593108 ], [ 127.93346233589368, 36.155306258128029 ], [ 127.939149539690717, 36.153557401670525 ], [ 127.941633844120787, 36.148895855172668 ], [ 127.942024185852674, 36.144152301846894 ], [ 127.944857708767785, 36.140471423555731 ], [ 127.946541107180082, 36.131361700890182 ], [ 127.951017816990415, 36.123720507325466 ], [ 127.955885315009866, 36.120669715810465 ], [ 127.960133632554175, 36.120393343054907 ], [ 127.96299823854946, 36.116819726654349 ], [ 127.966649003968371, 36.116095296646414 ], [ 127.966768607009882, 36.104731863837571 ], [ 127.960389787111453, 36.097524230222653 ], [ 127.959856622921961, 36.094728582836765 ], [ 127.958007728500007, 36.094253215841299 ], [ 127.95755582593128, 36.091596841793702 ], [ 127.961532212089423, 36.082779850079383 ], [ 127.961063988653223, 36.068255079910855 ], [ 127.954293688167056, 36.067134843740575 ], [ 127.946344699967085, 36.056867687483063 ], [ 127.942301816947577, 36.056073254063307 ], [ 127.934959918160516, 36.051213047706369 ], [ 127.931137199180739, 36.050658298185311 ], [ 127.916105045540732, 36.054562950108654 ], [ 127.905359423283713, 36.045779100865424 ], [ 127.90317181184048, 36.038962774650727 ], [ 127.887716032279187, 36.034879666247193 ], [ 127.884482650765193, 36.036199808704815 ], [ 127.883832597470786, 36.028504170660774 ], [ 127.881286274379306, 36.025002710917953 ], [ 127.877283419045227, 36.022490839813301 ] ] ] ] } },
{ "type": "Feature", "properties": { "emd_cd": "43740360", "emd_nm": "양강면" }, "geometry": { "type": "MultiPolygon", "coordinates": [ [ [ [ 127.795663794267853, 36.063944053936488 ], [ 127.79172744132768, 36.069858145267865 ], [ 127.788129417541995, 36.071001533017181 ], [ 127.787578209617109, 36.074961519989955 ], [ 127.779914948060096, 36.078304845571665 ], [ 127.7785154640314, 36.080309729733145 ], [ 127.77014451615517, 36.081694749293199 ], [ 127.762311541455134, 36.080853723121386 ], [ 127.756829546769893, 36.084556921966076 ], [ 127.752409312776408, 36.090033136499699 ], [ 127.75146239291081, 36.098977453234859 ], [ 127.748876193350725, 36.100607010809938 ], [ 127.747674075462385, 36.1062930094131 ], [ 127.736380473992213, 36.104007931852486 ], [ 127.733326433093779, 36.108640991785698 ], [ 127.728851206078545, 36.108421092508657 ], [ 127.725482491947304, 36.110824573206337 ], [ 127.722580743720059, 36.117394822164208 ], [ 127.719191226269828, 36.118001128460385 ], [ 127.713977642898215, 36.12602374851334 ], [ 127.710410389960742, 36.125414811348655 ], [ 127.710146680140539, 36.123809301601327 ], [ 127.706727436885501, 36.122158469724553 ], [ 127.706599677642245, 36.120007192687694 ], [ 127.701642602822332, 36.113828666674351 ], [ 127.699848831378958, 36.11359397637429 ], [ 127.692858495176893, 36.118148075772901 ], [ 127.697115444538099, 36.130825676786706 ], [ 127.694410197930907, 36.143921911172761 ], [ 127.689422594617497, 36.144550303637061 ], [ 127.687824860336491, 36.147312412903815 ], [ 127.691475351394558, 36.150025948502453 ], [ 127.692551251367647, 36.153345368931262 ], [ 127.688116189279754, 36.160140783230368 ], [ 127.682468967285715, 36.161317300780809 ], [ 127.681502564836691, 36.162647776314046 ], [ 127.683045415691552, 36.165658158288167 ], [ 127.692193234743399, 36.17265809324519 ], [ 127.694595430127862, 36.169757464839364 ], [ 127.699843670077868, 36.168191796915842 ], [ 127.70341556877878, 36.161698323157388 ], [ 127.706513566163508, 36.163959456129248 ], [ 127.712710037407646, 36.163353787190481 ], [ 127.715883576804984, 36.16563610731933 ], [ 127.719663114672855, 36.165098157394297 ], [ 127.72489416980784, 36.167266459116576 ], [ 127.730702167836725, 36.164274942112108 ], [ 127.7351368165466, 36.168217695250256 ], [ 127.743562341567511, 36.164516762309638 ], [ 127.7517004511773, 36.164810481276589 ], [ 127.755675781010055, 36.161438871137939 ], [ 127.754813655821962, 36.160525599506769 ], [ 127.760996264995484, 36.163225570052411 ], [ 127.771828303058427, 36.164171802694298 ], [ 127.777158262101551, 36.158674848928797 ], [ 127.781645216203302, 36.148039147896128 ], [ 127.78306412316023, 36.150033551849923 ], [ 127.785962387856586, 36.149681607101712 ], [ 127.79520641645432, 36.143086058365135 ], [ 127.798613591654743, 36.142369665904248 ], [ 127.800918273079503, 36.138997771179078 ], [ 127.809486460684965, 36.137241155863833 ], [ 127.815512184415439, 36.133066473445226 ], [ 127.816412041630173, 36.129207747196112 ], [ 127.814817302240868, 36.121397588040971 ], [ 127.821246229483634, 36.114310970055008 ], [ 127.823174940744963, 36.10388932164971 ], [ 127.823231132203489, 36.096917051975133 ], [ 127.818396454863802, 36.090975394614532 ], [ 127.819803281367641, 36.086854171037743 ], [ 127.819630416746833, 36.077321792847066 ], [ 127.822198203753288, 36.073819334837637 ], [ 127.820023027535228, 36.070220245156108 ], [ 127.814402478009498, 36.069097169159463 ], [ 127.809629894425996, 36.065102203922685 ], [ 127.800185068738429, 36.065491657137528 ], [ 127.795663794267853, 36.063944053936488 ] ] ] ] } },
{ "type": "Feature", "properties": { "emd_cd": "43740370", "emd_nm": "용화면" }, "geometry": { "type": "MultiPolygon", "coordinates": [ [ [ [ 127.766182623824051, 36.012208570027902 ], [ 127.759363850696715, 36.014985012924754 ], [ 127.762648461746394, 36.021573913396153 ], [ 127.760766376977344, 36.02575020627205 ], [ 127.754518756157324, 36.024442945640281 ], [ 127.747261510694059, 36.02971570622573 ], [ 127.743611348195728, 36.028482700243508 ], [ 127.741473096859735, 36.024804308372062 ], [ 127.734848769099187, 36.032312086792089 ], [ 127.730787559119506, 36.032302573439694 ], [ 127.727519914393341, 36.029683767704569 ], [ 127.726597969337831, 36.031686785364023 ], [ 127.721158981317515, 36.031743756914665 ], [ 127.71766987264445, 36.034668648798942 ], [ 127.714452159549992, 36.035679667260283 ], [ 127.716468847637032, 36.034517943635606 ], [ 127.710934737282727, 36.03603533472959 ], [ 127.7053737667582, 36.034558261480193 ], [ 127.701984752373576, 36.035340388536433 ], [ 127.696343595411918, 36.041255947006164 ], [ 127.695052317162393, 36.058961607715013 ], [ 127.709630952363952, 36.062538319700188 ], [ 127.712286536122292, 36.064780839563937 ], [ 127.715605778905527, 36.061533737380962 ], [ 127.716075871951048, 36.056640211103982 ], [ 127.721309080706504, 36.053849634854998 ], [ 127.739161082199942, 36.058355946098338 ], [ 127.758671006793847, 36.071446192008025 ], [ 127.763770703996499, 36.080204461464589 ], [ 127.762311541455134, 36.080853723121386 ], [ 127.766404650890209, 36.081721722848059 ], [ 127.777186306527341, 36.080876780194856 ], [ 127.787295429942759, 36.075158788380691 ], [ 127.788129417541995, 36.071001533017181 ], [ 127.792334908615189, 36.069274988580212 ], [ 127.795750917068219, 36.063634025602504 ], [ 127.800185068738429, 36.065491657137528 ], [ 127.809629894425996, 36.065102203922685 ], [ 127.814402478009498, 36.069097169159463 ], [ 127.820023027535228, 36.070220245156108 ], [ 127.822198203753288, 36.073819334837637 ], [ 127.829254640197433, 36.073072911509087 ], [ 127.845992670532823, 36.063088624187742 ], [ 127.846330749957005, 36.05907107871036 ], [ 127.850135683517721, 36.053958074205639 ], [ 127.850545132122946, 36.050381526977539 ], [ 127.848556302389099, 36.039761025107104 ], [ 127.839095912893384, 36.035906812997709 ], [ 127.830452639491966, 36.03525284480299 ], [ 127.818441648360277, 36.028136950490271 ], [ 127.814511387015855, 36.028973313046031 ], [ 127.805384845942996, 36.025944793799759 ], [ 127.799718011593242, 36.026092016665608 ], [ 127.787652030268319, 36.014495473008168 ], [ 127.781507102007311, 36.01650304782342 ], [ 127.766182623824051, 36.012208570027902 ] ] ] ] } },
{ "type": "Feature", "properties": { "emd_cd": "43740380", "emd_nm": "학산면" }, "geometry": { "type": "MultiPolygon", "coordinates": [ [ [ [ 127.664506471703561, 36.037530992087405 ], [ 127.659331468058951, 36.039796453269311 ], [ 127.659902840590576, 36.0423536893272 ], [ 127.654701866781849, 36.05254303202279 ], [ 127.654430205334123, 36.05675881801433 ], [ 127.64904236647493, 36.057968615459664 ], [ 127.648423019268506, 36.062571706727212 ], [ 127.644545763606232, 36.066875712858838 ], [ 127.638110971456086, 36.068644087077757 ], [ 127.634277448692316, 36.073589444040969 ], [ 127.634719583635714, 36.076707214596027 ], [ 127.632242455328296, 36.07968454534636 ], [ 127.632213694732783, 36.0824193660129 ], [ 127.624214430625273, 36.088446064228471 ], [ 127.623363172478619, 36.090753982311277 ], [ 127.618645595562512, 36.091338095316225 ], [ 127.617266456802795, 36.093596039373246 ], [ 127.618343149058106, 36.098712536862934 ], [ 127.616979081322953, 36.10489041203266 ], [ 127.619150675670909, 36.108935031459829 ], [ 127.616301859065814, 36.111612183596847 ], [ 127.613050439324368, 36.111784857199446 ], [ 127.610783938842332, 36.116123987652699 ], [ 127.617059452061113, 36.116053453702307 ], [ 127.6227079931502, 36.119527345563711 ], [ 127.630341294552338, 36.116382972516185 ], [ 127.633173887307208, 36.119070027936765 ], [ 127.639883766778709, 36.119499745825912 ], [ 127.642963579506315, 36.12205169198468 ], [ 127.653045241916686, 36.121675242679672 ], [ 127.662214110940596, 36.117375131883747 ], [ 127.665620746456014, 36.118682731879005 ], [ 127.670149730807296, 36.117745281563252 ], [ 127.671235143112085, 36.115614344892293 ], [ 127.676397945205636, 36.115938620803995 ], [ 127.676718823786018, 36.111917905108555 ], [ 127.680840269404897, 36.111574124635794 ], [ 127.685505930778191, 36.10739435643243 ], [ 127.690218479374295, 36.112199294693788 ], [ 127.689384534093577, 36.114047101832867 ], [ 127.690693645751338, 36.11686957688574 ], [ 127.692858495176893, 36.118148075772901 ], [ 127.699848831378958, 36.11359397637429 ], [ 127.701642602822332, 36.113828666674351 ], [ 127.706599677642245, 36.120007192687694 ], [ 127.706727436885501, 36.122158469724553 ], [ 127.710146680140539, 36.123809301601327 ], [ 127.710410389960742, 36.125414811348655 ], [ 127.713977642898215, 36.12602374851334 ], [ 127.719191226269828, 36.118001128460385 ], [ 127.722580743720059, 36.117394822164208 ], [ 127.725482491947304, 36.110824573206337 ], [ 127.728851206078545, 36.108421092508657 ], [ 127.733326433093779, 36.108640991785698 ], [ 127.736380473992213, 36.104007931852486 ], [ 127.747674075462385, 36.1062930094131 ], [ 127.748876193350725, 36.100607010809938 ], [ 127.75146239291081, 36.098977453234859 ], [ 127.752611242715005, 36.089693113565382 ], [ 127.755501880568531, 36.085602895555816 ], [ 127.763770703996499, 36.080204461464589 ], [ 127.760356631808818, 36.073047900344235 ], [ 127.748438643677758, 36.065103158660278 ], [ 127.746257619087615, 36.062034184165292 ], [ 127.740130522515926, 36.05866554851827 ], [ 127.726353775816349, 36.056002840069446 ], [ 127.724390213588066, 36.054435762919915 ], [ 127.721309080706504, 36.053849634854998 ], [ 127.716075871951048, 36.056640211103982 ], [ 127.715605778905527, 36.061533737380962 ], [ 127.712286536122292, 36.064780839563937 ], [ 127.709630952363952, 36.062538319700188 ], [ 127.693009686172218, 36.05794127417181 ], [ 127.69060518322226, 36.058039986081297 ], [ 127.688898715757389, 36.062721867150209 ], [ 127.685503806491781, 36.062188698999435 ], [ 127.669040196817477, 36.051173171829255 ], [ 127.671705982955359, 36.048513498943215 ], [ 127.670417115306677, 36.044983444227242 ], [ 127.672655898471476, 36.041590298569716 ], [ 127.669062197179642, 36.038672935450023 ], [ 127.664506471703561, 36.037530992087405 ] ] ] ] } },
{ "type": "Feature", "properties": { "emd_cd": "43740390", "emd_nm": "양산면" }, "geometry": { "type": "MultiPolygon", "coordinates": [ [ [ [ 127.685505930778191, 36.10739435643243 ], [ 127.680840269404897, 36.111574124635794 ], [ 127.676718823786018, 36.111917905108555 ], [ 127.676397945205636, 36.115938620803995 ], [ 127.671235143112085, 36.115614344892293 ], [ 127.670149730807296, 36.117745281563252 ], [ 127.665620746456014, 36.118682731879005 ], [ 127.662214110940596, 36.117375131883747 ], [ 127.653045241916686, 36.121675242679672 ], [ 127.642963579506315, 36.12205169198468 ], [ 127.639883766778709, 36.119499745825912 ], [ 127.633173887307208, 36.119070027936765 ], [ 127.630341294552338, 36.116382972516185 ], [ 127.6227079931502, 36.119527345563711 ], [ 127.617059452061113, 36.116053453702307 ], [ 127.610783938842332, 36.116123987652699 ], [ 127.610138962166914, 36.118552713610377 ], [ 127.606023778670547, 36.116786562434498 ], [ 127.603261359597141, 36.120680346578403 ], [ 127.599224985026467, 36.12292428697905 ], [ 127.598630151378941, 36.125349852065035 ], [ 127.59589535796276, 36.125158314466383 ], [ 127.595458666893649, 36.127870964885254 ], [ 127.589428774112264, 36.134441167843413 ], [ 127.590906678099984, 36.137290126171777 ], [ 127.590426490554236, 36.143332700023819 ], [ 127.593493661806789, 36.150679460052501 ], [ 127.601648316711263, 36.159157434346824 ], [ 127.601481957194252, 36.169035367432087 ], [ 127.598642621070496, 36.173819399474844 ], [ 127.593017597129517, 36.177396194860776 ], [ 127.594928051415692, 36.179673427806556 ], [ 127.594251261854836, 36.182195864844324 ], [ 127.597729677614993, 36.184925791143812 ], [ 127.60822362239297, 36.18570430012953 ], [ 127.611174895887132, 36.183273997015355 ], [ 127.61432511089518, 36.18406203896793 ], [ 127.623899073692513, 36.18100077217921 ], [ 127.627159996492324, 36.177972413487986 ], [ 127.633850080429568, 36.180923553214143 ], [ 127.635101433899834, 36.178031770125919 ], [ 127.643916934541906, 36.172122210964282 ], [ 127.649724894655193, 36.170682806531879 ], [ 127.652027173487042, 36.17196332065916 ], [ 127.655012385499347, 36.177636540920822 ], [ 127.65829302470361, 36.178597588061663 ], [ 127.676081849694413, 36.177978585580014 ], [ 127.678404974769805, 36.174173795293783 ], [ 127.682285263137388, 36.172442945498361 ], [ 127.680263772402327, 36.168369298853051 ], [ 127.682011806245612, 36.165727101971143 ], [ 127.684624520309441, 36.166563130381164 ], [ 127.681502564836691, 36.162647776314046 ], [ 127.684269845036155, 36.160307434588695 ], [ 127.688116189279754, 36.160140783230368 ], [ 127.692551251367647, 36.153345368931262 ], [ 127.691475351394558, 36.150025948502453 ], [ 127.687824860336491, 36.147312412903815 ], [ 127.689422594617497, 36.144550303637061 ], [ 127.694410197930907, 36.143921911172761 ], [ 127.697115444538099, 36.130825676786706 ], [ 127.692858495176893, 36.118148075772901 ], [ 127.689928463809949, 36.11578331099485 ], [ 127.690218479374295, 36.112199294693788 ], [ 127.685505930778191, 36.10739435643243 ] ] ] ] } },
{ "type": "Feature", "properties": { "emd_cd": "43740400", "emd_nm": "심천면" }, "geometry": { "type": "MultiPolygon", "coordinates": [ [ [ [ 127.703823646265832, 36.161714026093115 ], [ 127.701934660104484, 36.162667718713962 ], [ 127.699843670077868, 36.168191796915842 ], [ 127.694595430127862, 36.169757464839364 ], [ 127.692193234743399, 36.17265809324519 ], [ 127.682293095335382, 36.165538958029842 ], [ 127.680263772402327, 36.168369298853051 ], [ 127.682285263137388, 36.172442945498361 ], [ 127.678404974769805, 36.174173795293783 ], [ 127.676081849694413, 36.177978585580014 ], [ 127.671175589715361, 36.177571543997793 ], [ 127.667759090924392, 36.179097688837366 ], [ 127.655012385499347, 36.177636540920822 ], [ 127.65060108719311, 36.182602661946582 ], [ 127.649984841352804, 36.185279611297076 ], [ 127.653768075038613, 36.188818589704475 ], [ 127.654592743827052, 36.191801040040865 ], [ 127.654116934992132, 36.193708019263475 ], [ 127.651902334144552, 36.194290934908757 ], [ 127.652356717400465, 36.197018239697947 ], [ 127.654342781567109, 36.198132637196387 ], [ 127.650878517670989, 36.20141369908638 ], [ 127.648445581681983, 36.207080521940568 ], [ 127.652283047943598, 36.215720506750515 ], [ 127.650285529844467, 36.219792877334356 ], [ 127.650562443355284, 36.224974059799209 ], [ 127.65612408950723, 36.229357747387255 ], [ 127.663749532702383, 36.223307740760241 ], [ 127.67269988303326, 36.222153535402263 ], [ 127.681028628287933, 36.224832483102325 ], [ 127.685345052954546, 36.235245391722344 ], [ 127.691324729018262, 36.238155446537775 ], [ 127.69384873602867, 36.249914159655923 ], [ 127.696966314746476, 36.251636694012603 ], [ 127.70179340953689, 36.26075695313969 ], [ 127.703712829654833, 36.26024422728424 ], [ 127.708426323378418, 36.263048381371597 ], [ 127.714714223812052, 36.263134683857892 ], [ 127.712097288995494, 36.266011229683478 ], [ 127.713969141298776, 36.268606609127268 ], [ 127.721683098385043, 36.26947273931308 ], [ 127.726888632046325, 36.274758729200485 ], [ 127.730664165100634, 36.276244903655495 ], [ 127.730460206090299, 36.27207290974799 ], [ 127.733391002842367, 36.267862323793501 ], [ 127.733127852149366, 36.262942363515215 ], [ 127.747251431771559, 36.265582792493149 ], [ 127.75715289913299, 36.263065785264487 ], [ 127.757182356097289, 36.259551967922761 ], [ 127.761627556293504, 36.255979512009475 ], [ 127.76310754994104, 36.250061238084989 ], [ 127.762497649319386, 36.24463638611001 ], [ 127.759338973150903, 36.24043566767326 ], [ 127.759574593931291, 36.237470594984238 ], [ 127.764545457380578, 36.234449470388434 ], [ 127.763852577181808, 36.22515795315946 ], [ 127.761870402586553, 36.221645468375698 ], [ 127.755597927948642, 36.224787214345916 ], [ 127.752661801904935, 36.223777203424383 ], [ 127.752308512798677, 36.218159962939588 ], [ 127.755566519261706, 36.215010502731396 ], [ 127.753590472574075, 36.212373150254756 ], [ 127.754116969379695, 36.210658956135298 ], [ 127.749798693029547, 36.206981556828055 ], [ 127.747527274233775, 36.207304154583511 ], [ 127.746343609221285, 36.204715273524783 ], [ 127.740704204741391, 36.204350466991826 ], [ 127.741040361138587, 36.199359390058518 ], [ 127.736711326008518, 36.197664328483313 ], [ 127.738503841829242, 36.193721845821436 ], [ 127.735525005582744, 36.18772976323114 ], [ 127.736731773080223, 36.180933681291052 ], [ 127.732801195438626, 36.174066579585492 ], [ 127.7351368165466, 36.168217695250256 ], [ 127.732948406690113, 36.165582029439676 ], [ 127.730702167836725, 36.164274942112108 ], [ 127.72489416980784, 36.167266459116576 ], [ 127.719663114672855, 36.165098157394297 ], [ 127.715883576804984, 36.16563610731933 ], [ 127.712710037407646, 36.163353787190481 ], [ 127.706513566163508, 36.163959456129248 ], [ 127.703823646265832, 36.161714026093115 ] ] ] ] } },
{ "type": "Feature", "properties": { "emd_cd": "43745250", "emd_nm": "증평읍" }, "geometry": { "type": "MultiPolygon", "coordinates": [ [ [ [ 127.537378304718146, 36.808597427710517 ], [ 127.544818620826945, 36.813505272930612 ], [ 127.54999531912209, 36.812849961382426 ], [ 127.560410518537665, 36.819713850131407 ], [ 127.562991248314702, 36.818058445186878 ], [ 127.569242672821673, 36.82052967789221 ], [ 127.572039624450738, 36.820036794243535 ], [ 127.579276688832181, 36.828265364709495 ], [ 127.58886883147666, 36.821105497154058 ], [ 127.587505861468813, 36.817607189557769 ], [ 127.588577920365324, 36.813143252770281 ], [ 127.596353201776409, 36.811186671401046 ], [ 127.599617264615475, 36.806142871110353 ], [ 127.604505920520182, 36.806851231907117 ], [ 127.607728866366713, 36.805187274749784 ], [ 127.608376125866201, 36.798129959198633 ], [ 127.616338476429661, 36.799027274141139 ], [ 127.616967141198202, 36.797443030485979 ], [ 127.623508640583282, 36.79510889343382 ], [ 127.626294558346331, 36.790340563465847 ], [ 127.620948192850875, 36.787877355050973 ], [ 127.620467713952223, 36.779335731247954 ], [ 127.627238372425367, 36.776595064283001 ], [ 127.629301552674846, 36.773439023365064 ], [ 127.623635595073935, 36.760784797900556 ], [ 127.632827680781929, 36.752330938136325 ], [ 127.635530041626112, 36.752116652831653 ], [ 127.636004305292516, 36.74135260358176 ], [ 127.638964202610296, 36.73811348160671 ], [ 127.638918489813278, 36.732557138231485 ], [ 127.649997043225071, 36.732655091971772 ], [ 127.652582666199962, 36.73550672464166 ], [ 127.656828129727245, 36.732576531884767 ], [ 127.662040174598047, 36.732454573653023 ], [ 127.664538577352019, 36.729920388098911 ], [ 127.661409236089568, 36.722294890226436 ], [ 127.662661323972458, 36.714993013350494 ], [ 127.654833067424292, 36.70439885656215 ], [ 127.64775029609477, 36.701280629291972 ], [ 127.642399560797401, 36.702618155247009 ], [ 127.641219437429385, 36.705657656271242 ], [ 127.635216487876292, 36.708752335598838 ], [ 127.627366637000392, 36.707468049014544 ], [ 127.623000745787152, 36.704621026888276 ], [ 127.617928592180633, 36.707445824929081 ], [ 127.618851029730692, 36.716327017276519 ], [ 127.615422402061796, 36.718677274236533 ], [ 127.613814528807964, 36.726483360189164 ], [ 127.609379853691678, 36.7303740731601 ], [ 127.610556837221495, 36.735263282697005 ], [ 127.608298188713519, 36.737034823741801 ], [ 127.60814628059515, 36.739747660023383 ], [ 127.606459491924909, 36.740217690929157 ], [ 127.60607156581024, 36.743431365092754 ], [ 127.603151481807089, 36.745964108205811 ], [ 127.598296303929288, 36.744218820959354 ], [ 127.590817602894219, 36.747598705147652 ], [ 127.590312724849056, 36.753120487380706 ], [ 127.587177581576753, 36.755421310089702 ], [ 127.588923241097618, 36.76060702740466 ], [ 127.583639334574926, 36.761919719818025 ], [ 127.582008900059392, 36.765050541456773 ], [ 127.575048278326619, 36.767381315259236 ], [ 127.571129971123426, 36.771663107921228 ], [ 127.567807737644685, 36.772724926104381 ], [ 127.564683983066402, 36.782664194303443 ], [ 127.560807880124813, 36.784822197694382 ], [ 127.561290926776579, 36.787692412264292 ], [ 127.555058218087694, 36.799279971834672 ], [ 127.54815157770345, 36.798353781141095 ], [ 127.537378304718146, 36.808597427710517 ] ] ] ] } },
{ "type": "Feature", "properties": { "emd_cd": "43745310", "emd_nm": "도안면" }, "geometry": { "type": "MultiPolygon", "coordinates": [ [ [ [ 127.568683860505317, 36.838510243459716 ], [ 127.572832750600384, 36.841214239762316 ], [ 127.57159424571789, 36.84388670864422 ], [ 127.573426882258147, 36.84723991427439 ], [ 127.571543809007309, 36.850061383268041 ], [ 127.578245601171176, 36.851818064624076 ], [ 127.577806347415532, 36.856763132405256 ], [ 127.581270146021851, 36.859425933325184 ], [ 127.585953328100146, 36.859457136537657 ], [ 127.58703413908357, 36.857219382098116 ], [ 127.591225352973268, 36.85778522382661 ], [ 127.596541770512033, 36.851561515400959 ], [ 127.603208062338609, 36.85189460273903 ], [ 127.613764856651585, 36.858359243922742 ], [ 127.616613304737129, 36.85862320705904 ], [ 127.61749669600762, 36.857698681304221 ], [ 127.615910134499259, 36.853542564368894 ], [ 127.611527826145576, 36.847799421786021 ], [ 127.613272180364405, 36.843942547571871 ], [ 127.613402031539437, 36.836436549433074 ], [ 127.615534931609332, 36.833901340798242 ], [ 127.620369780636068, 36.837010790906092 ], [ 127.623795507453096, 36.835631955575622 ], [ 127.626409480152645, 36.842529513359651 ], [ 127.635239362900734, 36.847155108566405 ], [ 127.637573606373735, 36.846918524901994 ], [ 127.639195684003681, 36.84357066317191 ], [ 127.630913556955605, 36.830414740463198 ], [ 127.629289930711479, 36.82158197729084 ], [ 127.630109190826161, 36.816214419448613 ], [ 127.635083096589625, 36.812564287935679 ], [ 127.634041600208093, 36.807283178855997 ], [ 127.635937026155702, 36.806533468653726 ], [ 127.635915371641204, 36.804756121919851 ], [ 127.64011370743431, 36.803435678628979 ], [ 127.641584170422519, 36.799996513868173 ], [ 127.634709776892592, 36.793499941301235 ], [ 127.627088919090752, 36.794267492435331 ], [ 127.627141546272554, 36.791828897004351 ], [ 127.625358744304179, 36.791378964972168 ], [ 127.622532083091542, 36.79597112366227 ], [ 127.619740138164886, 36.796053259044072 ], [ 127.616385682259391, 36.799016063828468 ], [ 127.608376125866201, 36.798129959198633 ], [ 127.607728866366713, 36.805187274749784 ], [ 127.604505920520182, 36.806851231907117 ], [ 127.599617264615475, 36.806142871110353 ], [ 127.596353201776409, 36.811186671401046 ], [ 127.588577920365324, 36.813143252770281 ], [ 127.587505861468813, 36.817607189557769 ], [ 127.588605909400258, 36.821457112087614 ], [ 127.583123370997129, 36.824153612783995 ], [ 127.578401283151905, 36.829703256366521 ], [ 127.572075803673613, 36.827907081280003 ], [ 127.569238765807995, 36.830107081710864 ], [ 127.570190291423785, 36.833741428011692 ], [ 127.568683860505317, 36.838510243459716 ] ] ] ] } },
{ "type": "Feature", "properties": { "emd_cd": "43750250", "emd_nm": "진천읍" }, "geometry": { "type": "MultiPolygon", "coordinates": [ [ [ [ 127.502862445097691, 36.862029366847239 ], [ 127.49932844806311, 36.8596363258983 ], [ 127.496348272976519, 36.861146106471452 ], [ 127.491147662218694, 36.852806986945865 ], [ 127.486172340518138, 36.855361507561952 ], [ 127.484887030128576, 36.85147219881641 ], [ 127.482154593867904, 36.851289111283855 ], [ 127.487499227981061, 36.846045604087173 ], [ 127.475202990772246, 36.849022020234784 ], [ 127.473144222943986, 36.846732615145463 ], [ 127.470104274482267, 36.847611521391727 ], [ 127.465385757988443, 36.843432087896829 ], [ 127.461331577396294, 36.843351645974366 ], [ 127.45797636144566, 36.846015270553416 ], [ 127.456483558472925, 36.844352739795681 ], [ 127.454783387622456, 36.845309272712328 ], [ 127.450923831448947, 36.841177065614325 ], [ 127.446807999149229, 36.839404659433427 ], [ 127.441861710888901, 36.840426187553128 ], [ 127.441411595123725, 36.837793815987375 ], [ 127.436579967613909, 36.835648547594751 ], [ 127.433736284297979, 36.830500427724459 ], [ 127.434847619549728, 36.822989768148901 ], [ 127.431212504881188, 36.822265764493373 ], [ 127.423437498986445, 36.824267969721291 ], [ 127.42107636263313, 36.817751902414905 ], [ 127.421441557432757, 36.81157301682093 ], [ 127.42364382346733, 36.80957460552569 ], [ 127.416825792473517, 36.803998158464552 ], [ 127.416095095740076, 36.800734259868243 ], [ 127.409095120375724, 36.802286664350056 ], [ 127.39883901430062, 36.799202977980322 ], [ 127.382045600415779, 36.813815991908093 ], [ 127.366642340542697, 36.816859858779665 ], [ 127.360766786960824, 36.82037700690163 ], [ 127.357205325856867, 36.823433784300427 ], [ 127.357612090705814, 36.826522384568953 ], [ 127.354425281899154, 36.829312130322634 ], [ 127.350485103185662, 36.830620771466101 ], [ 127.346369299833725, 36.829136769965956 ], [ 127.339336986156866, 36.83110079553736 ], [ 127.336635171209934, 36.829677201828666 ], [ 127.333605036883668, 36.831793378704539 ], [ 127.335617403611636, 36.837242762808629 ], [ 127.334089778540459, 36.839253561209254 ], [ 127.336729783410604, 36.845556570964241 ], [ 127.337016604834687, 36.853645289441324 ], [ 127.340307609341821, 36.853200457010701 ], [ 127.356727290070026, 36.858021842180491 ], [ 127.359870200219817, 36.853764577199861 ], [ 127.374595583730482, 36.850504661622807 ], [ 127.379350512192929, 36.854977012317185 ], [ 127.384923853972154, 36.855488522175627 ], [ 127.386120926764107, 36.859412170877881 ], [ 127.389554066306786, 36.862802171659865 ], [ 127.38812403198429, 36.865629524562706 ], [ 127.393371447289894, 36.874242651148279 ], [ 127.39221351349957, 36.878892178237756 ], [ 127.39327777950092, 36.884305905779151 ], [ 127.397454425542662, 36.884955506875876 ], [ 127.401545896026235, 36.887885744832019 ], [ 127.406892798871453, 36.88493743578254 ], [ 127.406515689927645, 36.880523556911619 ], [ 127.408852862708585, 36.877701364368143 ], [ 127.420844880962619, 36.876723823533091 ], [ 127.421209854485539, 36.878367344187986 ], [ 127.426498435904435, 36.879760805711278 ], [ 127.428780607839158, 36.87865431485325 ], [ 127.430046743254451, 36.881064119072661 ], [ 127.436019666527997, 36.875528185060539 ], [ 127.441493645278726, 36.872825094865618 ], [ 127.440845249074499, 36.877288794016593 ], [ 127.44382742823062, 36.888663853503665 ], [ 127.448270565739165, 36.887264760753361 ], [ 127.451200509138843, 36.883515404163056 ], [ 127.454943728524924, 36.881903195719445 ], [ 127.461568494405682, 36.888912540256833 ], [ 127.464381366091601, 36.895544559549457 ], [ 127.465585228754961, 36.895333344657836 ], [ 127.467117788486746, 36.889909737440149 ], [ 127.471545918451227, 36.886594733279914 ], [ 127.471769384229816, 36.881856919038484 ], [ 127.481623591024331, 36.870109775043005 ], [ 127.502862445097691, 36.862029366847239 ] ] ] ] } },
{ "type": "Feature", "properties": { "emd_cd": "43750253", "emd_nm": "덕산읍" }, "geometry": { "type": "MultiPolygon", "coordinates": [ [ [ [ 127.55576084507473, 36.899074600192101 ], [ 127.54931031277259, 36.889527411257802 ], [ 127.544278050865572, 36.891365081593626 ], [ 127.538701675906765, 36.883230163193218 ], [ 127.537280916800569, 36.883285118295063 ], [ 127.536838855711039, 36.879202728175137 ], [ 127.533837967676504, 36.875981264569646 ], [ 127.535305666267931, 36.871354797713316 ], [ 127.531166371500305, 36.866579067815564 ], [ 127.528811171417132, 36.866363484415764 ], [ 127.526434655169922, 36.870462730935614 ], [ 127.523844894644242, 36.871777622562568 ], [ 127.507324218349396, 36.87303260072099 ], [ 127.50695574131565, 36.874376010000937 ], [ 127.503610335909173, 36.870626906733342 ], [ 127.506789772800545, 36.86510716731312 ], [ 127.502862445097691, 36.862029366847246 ], [ 127.489702129488677, 36.868053018437273 ], [ 127.482488320991934, 36.869442691705679 ], [ 127.471568987779875, 36.882244006999059 ], [ 127.473489528510441, 36.882485878412865 ], [ 127.473947047432191, 36.886942716891809 ], [ 127.47711691139024, 36.889890349361949 ], [ 127.47547489967414, 36.89750181719527 ], [ 127.48511481446522, 36.904775990441763 ], [ 127.485517779937368, 36.907465247370737 ], [ 127.488706926593906, 36.910016660365926 ], [ 127.4779001075172, 36.925491459888796 ], [ 127.480312763915819, 36.928719602863552 ], [ 127.480538140494687, 36.933077015817283 ], [ 127.48340360924584, 36.937240040666317 ], [ 127.490501765400495, 36.939008793523755 ], [ 127.498511424824443, 36.934911831371132 ], [ 127.499624980751207, 36.93210484684144 ], [ 127.504990388621692, 36.93300577459302 ], [ 127.508837843357668, 36.9292354574306 ], [ 127.511329293389622, 36.930933699500656 ], [ 127.511482610078346, 36.928991897832127 ], [ 127.513816497395126, 36.927566336008148 ], [ 127.51324155261679, 36.925809371911789 ], [ 127.519371760327914, 36.922893619761872 ], [ 127.526352228141022, 36.911457269874624 ], [ 127.533817794299821, 36.911985634003614 ], [ 127.546086891260572, 36.903479626879658 ], [ 127.547407003861196, 36.899913856006783 ], [ 127.55576084507473, 36.899074600192101 ] ] ] ] } },
{ "type": "Feature", "properties": { "emd_cd": "43750320", "emd_nm": "초평면" }, "geometry": { "type": "MultiPolygon", "coordinates": [ [ [ [ 127.499328448063082, 36.859636325898308 ], [ 127.506789772800545, 36.86510716731312 ], [ 127.503610335909173, 36.870626906733342 ], [ 127.50695574131565, 36.874376010000937 ], [ 127.507324218349396, 36.87303260072099 ], [ 127.523844894644242, 36.871777622562568 ], [ 127.526434655169922, 36.870462730935614 ], [ 127.528811171417132, 36.866363484415764 ], [ 127.532024240261663, 36.866970052308822 ], [ 127.535305666267931, 36.871354797713316 ], [ 127.533837967676504, 36.875981264569646 ], [ 127.536838855711039, 36.879202728175137 ], [ 127.537280916800569, 36.883285118295063 ], [ 127.538701675906765, 36.883230163193218 ], [ 127.544278050865572, 36.891365081593626 ], [ 127.54931031277259, 36.889527411257802 ], [ 127.551824546313568, 36.893881501914713 ], [ 127.555221964196008, 36.891257821935767 ], [ 127.555651318256309, 36.886156983227487 ], [ 127.559752556130462, 36.886594780189412 ], [ 127.562655965157404, 36.882233632786637 ], [ 127.566685230792757, 36.882710935489655 ], [ 127.566909505338685, 36.88602921634957 ], [ 127.568554458254738, 36.885723346162131 ], [ 127.571872965986842, 36.880908768150654 ], [ 127.572293763612052, 36.877409074126263 ], [ 127.577737984041008, 36.879764252032423 ], [ 127.585030074056462, 36.874596428590436 ], [ 127.585094398735578, 36.870194156547257 ], [ 127.57661793350637, 36.864727487396699 ], [ 127.57782100142478, 36.862573873605712 ], [ 127.575641299087422, 36.857796619421244 ], [ 127.578583741028297, 36.852284014796112 ], [ 127.571543809007309, 36.850061383268049 ], [ 127.573404526467399, 36.847249032683685 ], [ 127.57157189067587, 36.843895826707566 ], [ 127.572831365857553, 36.841249632108884 ], [ 127.56871962267752, 36.838572545263901 ], [ 127.569834273780074, 36.829240209584619 ], [ 127.571963065245626, 36.827698984005892 ], [ 127.578278456325265, 36.829517200728439 ], [ 127.579174824200237, 36.828182328700301 ], [ 127.572155979197646, 36.819937926976252 ], [ 127.569381911432757, 36.820420747024826 ], [ 127.563285738210936, 36.817972432886556 ], [ 127.560667553836623, 36.819605267789349 ], [ 127.550072074404838, 36.812870323469475 ], [ 127.544904093675001, 36.813495402915116 ], [ 127.537275449507945, 36.80858553711866 ], [ 127.548124716925699, 36.798354931836101 ], [ 127.555078386390122, 36.799245654408637 ], [ 127.561287973854192, 36.787700761296051 ], [ 127.560809017714874, 36.784824580250721 ], [ 127.5645973566197, 36.782788505125303 ], [ 127.564795738014013, 36.780262324010778 ], [ 127.532090341484604, 36.770820401223901 ], [ 127.508619317464209, 36.766848133827594 ], [ 127.507600786864074, 36.767852242260432 ], [ 127.510302451290812, 36.772329651052381 ], [ 127.508356972557237, 36.7771662376637 ], [ 127.504997573830806, 36.779482586649024 ], [ 127.497270421675651, 36.779942764167018 ], [ 127.488915229658886, 36.782950882572493 ], [ 127.477011139122467, 36.791315494917747 ], [ 127.47958257828401, 36.792929435620891 ], [ 127.486931826495592, 36.791785670013361 ], [ 127.48848965826619, 36.793989254088466 ], [ 127.486908957319528, 36.801853967809485 ], [ 127.494885299558547, 36.803367149413361 ], [ 127.489433027879812, 36.81258224091615 ], [ 127.492337168658239, 36.815703549260505 ], [ 127.492162752767513, 36.824530463409204 ], [ 127.498509195625303, 36.837402875232272 ], [ 127.49675324574342, 36.837752310612061 ], [ 127.496843195547129, 36.84007784005145 ], [ 127.494684694348265, 36.841736718948027 ], [ 127.490592284948647, 36.842757322169099 ], [ 127.490062033511208, 36.846584386178414 ], [ 127.48758308659265, 36.846670058933256 ], [ 127.482154593867904, 36.85128911128384 ], [ 127.484887030128576, 36.85147219881641 ], [ 127.486172340518138, 36.855361507561945 ], [ 127.49114766221868, 36.8528069869459 ], [ 127.496348272976519, 36.861146106471466 ], [ 127.499328448063082, 36.859636325898308 ] ] ] ] } },
{ "type": "Feature", "properties": { "emd_cd": "43750330", "emd_nm": "문백면" }, "geometry": { "type": "MultiPolygon", "coordinates": [ [ [ [ 127.400896603554926, 36.799240862280861 ], [ 127.402194438637665, 36.801002869103201 ], [ 127.409095120375724, 36.802286664350056 ], [ 127.416095095740076, 36.800734259868243 ], [ 127.416825792473517, 36.803998158464552 ], [ 127.42364382346733, 36.80957460552569 ], [ 127.421441557432757, 36.81157301682093 ], [ 127.42107636263313, 36.817751902414905 ], [ 127.423437498986445, 36.824267969721291 ], [ 127.431212504881188, 36.822265764493373 ], [ 127.434847619549728, 36.822989768148901 ], [ 127.433736284297979, 36.830500427724459 ], [ 127.436579967613909, 36.835648547594751 ], [ 127.441411595123725, 36.837793815987375 ], [ 127.441986200848802, 36.840487469247144 ], [ 127.446807999149229, 36.839404659433427 ], [ 127.450923831448947, 36.841177065614325 ], [ 127.454783387622456, 36.845309272712328 ], [ 127.456483558472925, 36.844352739795681 ], [ 127.45797636144566, 36.846015270553416 ], [ 127.461331577396294, 36.843351645974366 ], [ 127.465385757988443, 36.843432087896829 ], [ 127.470104274482267, 36.847611521391727 ], [ 127.473144222943986, 36.846732615145463 ], [ 127.475202990772246, 36.849022020234784 ], [ 127.486914271136257, 36.845996487614244 ], [ 127.489784850269274, 36.84675637155641 ], [ 127.490592284948647, 36.842757322169113 ], [ 127.494684694348265, 36.841736718948027 ], [ 127.496843195547129, 36.840077840051457 ], [ 127.49675324574342, 36.837752310612068 ], [ 127.498509195625303, 36.837402875232272 ], [ 127.492162752767513, 36.824530463409204 ], [ 127.492337168658239, 36.815703549260505 ], [ 127.489433027879826, 36.812582240916164 ], [ 127.494885299558547, 36.803367149413369 ], [ 127.486908957319528, 36.801853967809478 ], [ 127.48848965826619, 36.793989254088473 ], [ 127.486931826495592, 36.791785670013368 ], [ 127.47958257828401, 36.792929435620891 ], [ 127.47690680130917, 36.791629638444377 ], [ 127.483292671820109, 36.786129202457047 ], [ 127.497107097393211, 36.780007458797165 ], [ 127.490445785840706, 36.773802689299558 ], [ 127.481795802131501, 36.77599728609232 ], [ 127.481156272400185, 36.774405791724014 ], [ 127.470412540143784, 36.768820069461583 ], [ 127.460390695345538, 36.76991494867341 ], [ 127.458439143962892, 36.765785172207096 ], [ 127.449917570681009, 36.759101764542464 ], [ 127.448614124127687, 36.754652273928741 ], [ 127.450944589728124, 36.749415911342425 ], [ 127.443717698474259, 36.748725543452856 ], [ 127.439124176705548, 36.753236971086693 ], [ 127.427106468556005, 36.750812691450527 ], [ 127.42477801288662, 36.75481788928473 ], [ 127.426936522550974, 36.757603646375998 ], [ 127.424460582818568, 36.758759210686463 ], [ 127.419697394055831, 36.757662775410473 ], [ 127.420384848937786, 36.760923296185354 ], [ 127.417203516600907, 36.763467405484448 ], [ 127.41298973909656, 36.773167391988842 ], [ 127.403290205830814, 36.774500061703591 ], [ 127.399853902023565, 36.780874586730476 ], [ 127.395404044058907, 36.782508433323571 ], [ 127.396530162838403, 36.789935664714839 ], [ 127.401683951432403, 36.795100922073949 ], [ 127.400896603554926, 36.799240862280861 ] ] ] ] } },
{ "type": "Feature", "properties": { "emd_cd": "43750340", "emd_nm": "백곡면" }, "geometry": { "type": "MultiPolygon", "coordinates": [ [ [ [ 127.289703046853049, 36.894660159396238 ], [ 127.297715813882661, 36.902769752541602 ], [ 127.297740491419816, 36.905568917094214 ], [ 127.300174816609498, 36.906983691840914 ], [ 127.304018354068106, 36.915005704203999 ], [ 127.301413809336907, 36.917469665205715 ], [ 127.296111226501935, 36.929331852725205 ], [ 127.309326476565943, 36.929180084030577 ], [ 127.315096493407708, 36.931127702301957 ], [ 127.3163820290183, 36.934585492542425 ], [ 127.327061776317137, 36.936037565459785 ], [ 127.333246589990665, 36.940492155950814 ], [ 127.341966749582213, 36.943267784158742 ], [ 127.34335205986055, 36.948350794258744 ], [ 127.351202754890664, 36.952879032264846 ], [ 127.355889335450854, 36.95146854086309 ], [ 127.357666150654126, 36.94773735660182 ], [ 127.367492201449593, 36.950281106562429 ], [ 127.375851320234219, 36.948593014088992 ], [ 127.377834331784626, 36.945142654904217 ], [ 127.37641383499296, 36.940579975101599 ], [ 127.379478490925479, 36.939038877799007 ], [ 127.378177563715312, 36.933232343144752 ], [ 127.380461209333404, 36.930070333720856 ], [ 127.385802338294127, 36.932052229988031 ], [ 127.39055678121089, 36.931014333274554 ], [ 127.397602225250083, 36.922259423318451 ], [ 127.40228704784279, 36.920856946193624 ], [ 127.401669330146376, 36.914709874236827 ], [ 127.408930025169269, 36.902994652710412 ], [ 127.409032656409238, 36.898441500214417 ], [ 127.411495397056569, 36.894336786451625 ], [ 127.407073150345582, 36.891136113904409 ], [ 127.406892798871453, 36.88493743578254 ], [ 127.40213153303381, 36.887936656701442 ], [ 127.39327777950092, 36.884305905779151 ], [ 127.39221351349957, 36.878892178237756 ], [ 127.393371447289894, 36.874242651148279 ], [ 127.38812403198429, 36.865629524562706 ], [ 127.389554066306786, 36.862802171659865 ], [ 127.386120926764107, 36.859412170877881 ], [ 127.384923853972154, 36.855488522175627 ], [ 127.379350512192929, 36.854977012317185 ], [ 127.374595583730482, 36.850504661622807 ], [ 127.359870200219817, 36.853764577199861 ], [ 127.356727290070026, 36.858021842180491 ], [ 127.340307609341821, 36.853200457010701 ], [ 127.328026785447904, 36.858130401010321 ], [ 127.3244846780226, 36.85688718884623 ], [ 127.316521403760404, 36.859105901795004 ], [ 127.312724678068918, 36.857442653474877 ], [ 127.307240661018696, 36.859680900690172 ], [ 127.305789299210744, 36.863262847467311 ], [ 127.310606903366633, 36.86776928726055 ], [ 127.309572968063222, 36.878280822138265 ], [ 127.311227746537725, 36.880363419190978 ], [ 127.308329208999524, 36.88217099125113 ], [ 127.307767520284088, 36.885486837027841 ], [ 127.304034325104226, 36.885380456152483 ], [ 127.299271744406795, 36.889734951263733 ], [ 127.290813652564694, 36.89211305678522 ], [ 127.289703046853049, 36.894660159396238 ] ] ] ] } },
{ "type": "Feature", "properties": { "emd_cd": "43750350", "emd_nm": "이월면" }, "geometry": { "type": "MultiPolygon", "coordinates": [ [ [ [ 127.471569745832312, 36.882413435011095 ], [ 127.470955948227029, 36.887838804528677 ], [ 127.467117788486746, 36.889909737440149 ], [ 127.464381366091601, 36.895544559549457 ], [ 127.461568494405682, 36.888912540256833 ], [ 127.454943728524924, 36.881903195719445 ], [ 127.451200509138843, 36.883515404163056 ], [ 127.448270565739165, 36.887264760753361 ], [ 127.44382742823062, 36.888663853503665 ], [ 127.440845249074499, 36.877288794016593 ], [ 127.441493645278726, 36.872825094865618 ], [ 127.436019666527997, 36.875528185060539 ], [ 127.430046743254451, 36.881064119072661 ], [ 127.428780607839158, 36.87865431485325 ], [ 127.426498435904435, 36.879760805711278 ], [ 127.421209854485539, 36.878367344187986 ], [ 127.420844880962619, 36.876723823533091 ], [ 127.407470561198522, 36.878338108112885 ], [ 127.406887109824069, 36.890519567959835 ], [ 127.411495397056569, 36.894336786451625 ], [ 127.409032656409238, 36.898441500214417 ], [ 127.409430978776371, 36.901809936702435 ], [ 127.401905146410584, 36.914074663602953 ], [ 127.40228704784279, 36.920856946193624 ], [ 127.397602225250083, 36.922259423318451 ], [ 127.39055678121089, 36.931014333274554 ], [ 127.385802338294127, 36.932052229988031 ], [ 127.380461209333404, 36.930070333720856 ], [ 127.378517196195745, 36.932589822606225 ], [ 127.377891505928389, 36.935279837190151 ], [ 127.379478490925479, 36.939038877799007 ], [ 127.37641383499296, 36.940579975101599 ], [ 127.377834331784626, 36.945142654904217 ], [ 127.375851320234219, 36.948593014088992 ], [ 127.37839863190591, 36.951929487646581 ], [ 127.378846880471514, 36.957669357324484 ], [ 127.385040498069742, 36.959243960856284 ], [ 127.38747093944724, 36.964222972494767 ], [ 127.395905025024689, 36.964930851773303 ], [ 127.396291569716411, 36.959058980133626 ], [ 127.398453355807789, 36.955937339667599 ], [ 127.405202121620079, 36.952084672930667 ], [ 127.41137820481039, 36.952722223010703 ], [ 127.413180653163664, 36.95032214380641 ], [ 127.417702125331374, 36.948606052960905 ], [ 127.417265458539433, 36.944401390648785 ], [ 127.423431561475212, 36.944071008656422 ], [ 127.429275014531854, 36.939215411170572 ], [ 127.431684054534301, 36.939078694426939 ], [ 127.427566323042157, 36.944788787598284 ], [ 127.429940475404351, 36.948005029267961 ], [ 127.436028828510629, 36.946407107529616 ], [ 127.437207146124692, 36.94934095691967 ], [ 127.444092970626087, 36.946291655623625 ], [ 127.447278041191225, 36.949897238790072 ], [ 127.449096783363359, 36.948053177056103 ], [ 127.457401896430056, 36.947106571668414 ], [ 127.463487921470104, 36.94842142994279 ], [ 127.466582728184079, 36.939120628792509 ], [ 127.47064386944875, 36.936016640792133 ], [ 127.476506065878894, 36.936394087050765 ], [ 127.481299524871275, 36.933810564137488 ], [ 127.480312763915819, 36.928719602863552 ], [ 127.4779001075172, 36.925491459888804 ], [ 127.488707649403864, 36.910054448703491 ], [ 127.485517779937396, 36.90746524737073 ], [ 127.48511481446522, 36.904775990441763 ], [ 127.47547489967414, 36.897501817195256 ], [ 127.47711691139024, 36.889890349361941 ], [ 127.473947047432219, 36.886942716891809 ], [ 127.473489528510441, 36.882485878412865 ], [ 127.471569745832312, 36.882413435011095 ] ] ] ] } },
{ "type": "Feature", "properties": { "emd_cd": "43750370", "emd_nm": "광혜원면" }, "geometry": { "type": "MultiPolygon", "coordinates": [ [ [ [ 127.385250883337264, 36.983918766686671 ], [ 127.391274706077041, 36.991256672307891 ], [ 127.394159838166615, 36.998033729991704 ], [ 127.399710112037283, 36.999502826052776 ], [ 127.406685366061325, 36.997978310585957 ], [ 127.411358838976213, 36.999962099779658 ], [ 127.413980793672962, 36.999309267096542 ], [ 127.421052779595684, 37.003939258738029 ], [ 127.429992026894723, 37.001471495527859 ], [ 127.432979384391828, 37.004681649845992 ], [ 127.436530464194945, 37.005724874672389 ], [ 127.440377557945368, 37.012050997442437 ], [ 127.44409060637031, 37.012207367162176 ], [ 127.449054573783343, 37.009845305044962 ], [ 127.448565626583971, 37.005367061791816 ], [ 127.450093336655954, 37.003815580358278 ], [ 127.447551165128388, 37.000712927073003 ], [ 127.450487510136853, 36.994979875759959 ], [ 127.448728319098862, 36.993895258991742 ], [ 127.448090865967046, 36.989894568908824 ], [ 127.450322175612754, 36.981906034937971 ], [ 127.44872447473611, 36.980222961754244 ], [ 127.449299321504427, 36.976985805449914 ], [ 127.453886254610026, 36.974126681070317 ], [ 127.453999211711562, 36.969820270885421 ], [ 127.457264687178409, 36.963824181745331 ], [ 127.45491018412838, 36.960661741125968 ], [ 127.450932833852306, 36.963146162851245 ], [ 127.448341048652679, 36.963205475863944 ], [ 127.446425307574216, 36.96137947077721 ], [ 127.445365603323594, 36.95873055719543 ], [ 127.447278041191225, 36.949897238790072 ], [ 127.445922830989844, 36.947024191480182 ], [ 127.442263347244946, 36.946408805492979 ], [ 127.44077022366065, 36.948824238406317 ], [ 127.437207146124692, 36.94934095691967 ], [ 127.436028828510629, 36.946407107529616 ], [ 127.429940464329277, 36.9480050563402 ], [ 127.427566323042157, 36.944788787598284 ], [ 127.428300267281031, 36.942725361971966 ], [ 127.43110404198714, 36.940766809069814 ], [ 127.431684054534301, 36.939078694426939 ], [ 127.429275014531854, 36.939215411170572 ], [ 127.423431561475212, 36.944071008656422 ], [ 127.417265458539433, 36.944401390648785 ], [ 127.417702125331374, 36.948606052960905 ], [ 127.413180653163664, 36.95032214380641 ], [ 127.41137820481039, 36.952722223010703 ], [ 127.405202121620079, 36.952084672930667 ], [ 127.398453355807789, 36.955937339667599 ], [ 127.396291569716411, 36.959058980133626 ], [ 127.396508155147657, 36.964374451622156 ], [ 127.402011448019579, 36.968037474825579 ], [ 127.394630895063131, 36.977345010768929 ], [ 127.386405929271234, 36.981634674443043 ], [ 127.385250883337264, 36.983918766686671 ] ] ] ] } },
{ "type": "Feature", "properties": { "emd_cd": "43760250", "emd_nm": "괴산읍" }, "geometry": { "type": "MultiPolygon", "coordinates": [ [ [ [ 127.746137492467682, 36.820024940568842 ], [ 127.750731255753422, 36.821823379096152 ], [ 127.754539566151436, 36.829735514205531 ], [ 127.765201207293543, 36.825722687426548 ], [ 127.769804549691074, 36.82233107784409 ], [ 127.773685589087634, 36.82200459036779 ], [ 127.78140511204542, 36.827588691805133 ], [ 127.781398291815094, 36.834378546672447 ], [ 127.779807526092128, 36.837425672609022 ], [ 127.770302666005691, 36.843828176820544 ], [ 127.76471435422566, 36.845249886626753 ], [ 127.761615912131091, 36.850992861262647 ], [ 127.764704521633547, 36.860320707584165 ], [ 127.767290598317359, 36.860885889491449 ], [ 127.768145953931281, 36.870062926211844 ], [ 127.774803358348535, 36.87150834151921 ], [ 127.780745745170051, 36.864678571217027 ], [ 127.783854990798361, 36.865653290790178 ], [ 127.787503552447248, 36.863487712557188 ], [ 127.79005200943692, 36.864786443403311 ], [ 127.796425960191954, 36.863880939102252 ], [ 127.797272542521554, 36.859679810122358 ], [ 127.800591327651844, 36.857526563170481 ], [ 127.805363350854037, 36.858992203717222 ], [ 127.80990691521049, 36.856250803065358 ], [ 127.812815593944208, 36.85690767319128 ], [ 127.816058287217956, 36.855081586726129 ], [ 127.817548605150947, 36.850276579257397 ], [ 127.820551716907616, 36.847606763356538 ], [ 127.829003924438794, 36.843702604549094 ], [ 127.836364826437247, 36.84736268359179 ], [ 127.840855593338205, 36.845223391258841 ], [ 127.842185431331941, 36.848792311895409 ], [ 127.841131312276531, 36.850498461235588 ], [ 127.844364555308559, 36.853095362454951 ], [ 127.844789170064658, 36.845521435094284 ], [ 127.855464238575223, 36.842329517230183 ], [ 127.856369233400457, 36.840285167935733 ], [ 127.854137286754778, 36.837361745970881 ], [ 127.843534928538375, 36.83356849707021 ], [ 127.841832510260389, 36.828032638105057 ], [ 127.842759409953885, 36.829030285933591 ], [ 127.846291286610267, 36.827887101725942 ], [ 127.85124612463558, 36.820402541052282 ], [ 127.854697233828787, 36.817498525465282 ], [ 127.8573440366536, 36.818151211888143 ], [ 127.861430082357401, 36.814561902432658 ], [ 127.859655624009378, 36.811563488783598 ], [ 127.862601384735896, 36.809766409581648 ], [ 127.862280204446634, 36.806605083905005 ], [ 127.864515970728192, 36.804224645886485 ], [ 127.848932319616324, 36.801357563798298 ], [ 127.838992557704159, 36.802105870561327 ], [ 127.834834713394969, 36.799860068080122 ], [ 127.834644757796823, 36.797816823058305 ], [ 127.829630316327609, 36.800713770076342 ], [ 127.827353095384538, 36.800402233024961 ], [ 127.825309495581806, 36.803125032179643 ], [ 127.821072743536646, 36.803903920277676 ], [ 127.818583730616979, 36.796572098684926 ], [ 127.812392020476921, 36.79261229288889 ], [ 127.809756349941409, 36.796779522707752 ], [ 127.798534804134704, 36.79987251146958 ], [ 127.793051015601193, 36.79261866631586 ], [ 127.785093335376928, 36.794779467075301 ], [ 127.777996883849937, 36.790103642718421 ], [ 127.775820625962012, 36.797273983656012 ], [ 127.777740759228394, 36.798051987929057 ], [ 127.773265531226244, 36.800130506750506 ], [ 127.772631019632641, 36.803825033266719 ], [ 127.77396094535429, 36.806490535212504 ], [ 127.770425019685263, 36.806764129871659 ], [ 127.767477268600373, 36.810446860779471 ], [ 127.763249630253313, 36.810770930652062 ], [ 127.75837397872624, 36.814083638868901 ], [ 127.750402510950039, 36.815809154573827 ], [ 127.746137492467682, 36.820024940568842 ] ] ] ] } },
{ "type": "Feature", "properties": { "emd_cd": "43760310", "emd_nm": "감물면" }, "geometry": { "type": "MultiPolygon", "coordinates": [ [ [ [ 127.896397312659431, 36.804329182443922 ], [ 127.894053359846708, 36.805479726337722 ], [ 127.892643710851473, 36.808885012838147 ], [ 127.889860210369505, 36.807458109224839 ], [ 127.885614983278884, 36.80931372638819 ], [ 127.87702424949461, 36.804776319960354 ], [ 127.876428503984826, 36.801481829589861 ], [ 127.869611540329473, 36.800396101812609 ], [ 127.862280204446634, 36.806605083905005 ], [ 127.862601384735896, 36.809766409581648 ], [ 127.859655624009378, 36.811563488783598 ], [ 127.861430082357401, 36.814561902432658 ], [ 127.8573440366536, 36.818151211888143 ], [ 127.854697233828787, 36.817498525465282 ], [ 127.85124612463558, 36.820402541052282 ], [ 127.846291286610267, 36.827887101725942 ], [ 127.842759409953885, 36.829030285933591 ], [ 127.841832510260389, 36.828032638105057 ], [ 127.843534928538375, 36.83356849707021 ], [ 127.854137286754778, 36.837361745970881 ], [ 127.856317981005219, 36.84004164339995 ], [ 127.855464238575223, 36.842329517230183 ], [ 127.847258626706221, 36.844151996668828 ], [ 127.845851461463596, 36.845846579571393 ], [ 127.845620249705746, 36.855760252019515 ], [ 127.846986077253433, 36.860848580275601 ], [ 127.853089049791677, 36.864420937327175 ], [ 127.859580291876028, 36.879929771026994 ], [ 127.863792589250238, 36.879804138212968 ], [ 127.866858068083673, 36.877713577945087 ], [ 127.874728517084733, 36.867505982405483 ], [ 127.878171916433601, 36.865586133043458 ], [ 127.883027383025208, 36.867026310816939 ], [ 127.885393108479576, 36.871397172594264 ], [ 127.887103129187494, 36.87136707024694 ], [ 127.879299057928804, 36.879084197005014 ], [ 127.879929172204342, 36.88028333576387 ], [ 127.893926112966881, 36.87267523481087 ], [ 127.89772804787512, 36.87251027642936 ], [ 127.903611884238941, 36.868806063200992 ], [ 127.91630129825856, 36.864830965479058 ], [ 127.916160358208515, 36.858869455441777 ], [ 127.914008887910057, 36.857471995297111 ], [ 127.912281053203543, 36.852797137983309 ], [ 127.909575342100624, 36.852489336373587 ], [ 127.908426941969097, 36.850284913301387 ], [ 127.902496108678292, 36.849605483299172 ], [ 127.900774132427145, 36.844161323439806 ], [ 127.907099864453272, 36.841234924701659 ], [ 127.914738618511294, 36.833448139231258 ], [ 127.922224477026305, 36.836420866586835 ], [ 127.929643617872784, 36.834265936097069 ], [ 127.92795056166409, 36.823075040324291 ], [ 127.925249886699021, 36.821862712800602 ], [ 127.925241511126231, 36.819057351091274 ], [ 127.922640592075666, 36.817279657762569 ], [ 127.916668217563057, 36.817202730225816 ], [ 127.914388609178133, 36.815767995927956 ], [ 127.906200423328798, 36.800649574478186 ], [ 127.904224081496594, 36.801469458042369 ], [ 127.902632144268438, 36.805476856266466 ], [ 127.899675117285824, 36.804884809903236 ], [ 127.898694981831468, 36.806077147252687 ], [ 127.896397312659431, 36.804329182443922 ] ] ] ] } },
{ "type": "Feature", "properties": { "emd_cd": "43760320", "emd_nm": "장연면" }, "geometry": { "type": "MultiPolygon", "coordinates": [ [ [ [ 127.982410445002827, 36.815979427244301 ], [ 127.975621348733085, 36.812927753328061 ], [ 127.974591069161633, 36.809776937606543 ], [ 127.965495038117169, 36.804004929310679 ], [ 127.962836898657585, 36.799681685127695 ], [ 127.963694248743806, 36.794822686108411 ], [ 127.956688237529747, 36.793217454698905 ], [ 127.955984713864737, 36.790801724284343 ], [ 127.951755071918313, 36.790093223731084 ], [ 127.948695645085735, 36.79132264831869 ], [ 127.937486339897347, 36.787045655084171 ], [ 127.941245667092588, 36.783799054705099 ], [ 127.94187987460657, 36.780646779479291 ], [ 127.938034559167534, 36.77981514696944 ], [ 127.938185553464436, 36.777126672818532 ], [ 127.933656400644935, 36.772244517934702 ], [ 127.928588224088926, 36.774853612768787 ], [ 127.927065189549637, 36.777487847166093 ], [ 127.917247765482941, 36.777113286703823 ], [ 127.915722734146939, 36.780695721828465 ], [ 127.91646422300532, 36.782724705118618 ], [ 127.908077411181608, 36.784519939811268 ], [ 127.903908995379922, 36.789145754995573 ], [ 127.897859620594048, 36.791609623321136 ], [ 127.898650863381405, 36.793961268765869 ], [ 127.894988368226748, 36.798395799905897 ], [ 127.895823617244218, 36.803087780558933 ], [ 127.898694981831468, 36.806077147252687 ], [ 127.899675117285824, 36.804884809903236 ], [ 127.902632144268438, 36.805476856266466 ], [ 127.904224081496594, 36.801469458042369 ], [ 127.906200423328798, 36.800649574478186 ], [ 127.914388609178133, 36.815767995927956 ], [ 127.925241511126231, 36.819057351091274 ], [ 127.925249886699021, 36.821862712800602 ], [ 127.92795056166409, 36.823075040324291 ], [ 127.929643617872784, 36.834265936097069 ], [ 127.922224477026305, 36.836420866586835 ], [ 127.914738618511294, 36.833448139231258 ], [ 127.907099864453272, 36.841234924701659 ], [ 127.900774132427145, 36.844161323439806 ], [ 127.902496108678292, 36.849605483299172 ], [ 127.908426941969097, 36.850284913301387 ], [ 127.909575342100624, 36.852489336373587 ], [ 127.912281053203543, 36.852797137983309 ], [ 127.914008887910057, 36.857471995297111 ], [ 127.916160358208515, 36.858869455441777 ], [ 127.91630129825856, 36.864830965479058 ], [ 127.903611884238941, 36.868806063200992 ], [ 127.89772804787512, 36.87251027642936 ], [ 127.893926112966881, 36.87267523481087 ], [ 127.882420829335032, 36.879703096643603 ], [ 127.878796757896794, 36.880016642026092 ], [ 127.87817780142656, 36.888429989111998 ], [ 127.896680292445808, 36.891987144449295 ], [ 127.901006274931134, 36.896776870262258 ], [ 127.903620871988608, 36.891986519295621 ], [ 127.903533142402395, 36.88790168465971 ], [ 127.90842448525737, 36.885764485995594 ], [ 127.91373733636388, 36.885627379161363 ], [ 127.917680825209999, 36.881090618613136 ], [ 127.924327566628378, 36.882889112276153 ], [ 127.930929515902903, 36.888149741250452 ], [ 127.945825118339769, 36.888109503204838 ], [ 127.951138613266139, 36.886336072753188 ], [ 127.951900967147836, 36.884737303519636 ], [ 127.949449599504618, 36.882900495803355 ], [ 127.945478367924295, 36.873519899269937 ], [ 127.956654126467839, 36.868405286407814 ], [ 127.962666705513428, 36.861526514630469 ], [ 127.969327910361329, 36.859246193295981 ], [ 127.966892562266423, 36.851009246150859 ], [ 127.970401436465721, 36.847498029422695 ], [ 127.970232727155718, 36.845340530362968 ], [ 127.974394205346258, 36.842052835620912 ], [ 127.977186572615096, 36.836136988771564 ], [ 127.971716716998387, 36.826336321754397 ], [ 127.976007062089508, 36.823655563821205 ], [ 127.98183636884265, 36.82345472606076 ], [ 127.982410445002827, 36.815979427244301 ] ] ] ] } },
{ "type": "Feature", "properties": { "emd_cd": "43760330", "emd_nm": "연풍면" }, "geometry": { "type": "MultiPolygon", "coordinates": [ [ [ [ 127.960014580717925, 36.737240324938917 ], [ 127.960356835039349, 36.739828675763917 ], [ 127.952829145783525, 36.741312065487186 ], [ 127.944393291323436, 36.7454228618382 ], [ 127.943518664145898, 36.752995789167095 ], [ 127.933661300396167, 36.77120966533451 ], [ 127.938185553464436, 36.777126672818532 ], [ 127.938034559167534, 36.77981514696944 ], [ 127.94187987460657, 36.780646779479291 ], [ 127.941245667092588, 36.783799054705099 ], [ 127.937486339897347, 36.787045655084171 ], [ 127.948695645085735, 36.79132264831869 ], [ 127.951755071918313, 36.790093223731084 ], [ 127.955984713864737, 36.790801724284343 ], [ 127.956688237529747, 36.793217454698905 ], [ 127.963694248743806, 36.794822686108411 ], [ 127.962836898657585, 36.799681685127695 ], [ 127.965495038117169, 36.804004929310679 ], [ 127.974591069161633, 36.809776937606543 ], [ 127.975621348733085, 36.812927753328061 ], [ 127.982410445002827, 36.815979427244301 ], [ 127.986572213159278, 36.815698682002569 ], [ 127.992518746888621, 36.812615943293373 ], [ 127.997743074103496, 36.812905712174853 ], [ 128.011595283355661, 36.806721878988064 ], [ 128.013709161383076, 36.808750224490076 ], [ 128.017479506832558, 36.808019883376609 ], [ 128.021095942556485, 36.810285790314722 ], [ 128.023395388939832, 36.814184084860521 ], [ 128.02212301928779, 36.817380072186765 ], [ 128.024004442650067, 36.826001499707758 ], [ 128.035475128394552, 36.824984374286252 ], [ 128.039112086683787, 36.821465163139365 ], [ 128.042417021988712, 36.820621997723727 ], [ 128.047262268264859, 36.822256167574125 ], [ 128.051501623392312, 36.819013502136585 ], [ 128.054647099744273, 36.819094298788841 ], [ 128.059212119155944, 36.81644915811188 ], [ 128.056820484640127, 36.80913769180345 ], [ 128.057942920604489, 36.807025774827103 ], [ 128.053965887665527, 36.805233062424833 ], [ 128.056166373182549, 36.798504383182141 ], [ 128.055028539613573, 36.792715682644229 ], [ 128.048762631179557, 36.783620594391969 ], [ 128.045556386782408, 36.782452532933419 ], [ 128.046969361208909, 36.77862466536498 ], [ 128.044782607813488, 36.774612705648181 ], [ 128.044887017198022, 36.771041813855668 ], [ 128.041228848735841, 36.768340062628333 ], [ 128.032468319822271, 36.75514915867408 ], [ 128.032306387446823, 36.747550948470483 ], [ 128.050578042417101, 36.736542992934908 ], [ 128.055514584826994, 36.73027225950355 ], [ 128.057164578523299, 36.730934656733233 ], [ 128.060538411141749, 36.726719001246202 ], [ 128.067517847430054, 36.722339058653958 ], [ 128.072252091765733, 36.712027649276429 ], [ 128.069974368439944, 36.707996216343844 ], [ 128.058460152398766, 36.709258032811654 ], [ 128.049708026049103, 36.708312076564518 ], [ 128.041232801598539, 36.711495604773589 ], [ 128.031580816634431, 36.7197747424593 ], [ 128.025755588950204, 36.719625855361237 ], [ 128.020917553572986, 36.722023237080556 ], [ 128.014794976573228, 36.73029442051908 ], [ 128.01123416501386, 36.729694046949412 ], [ 128.006456042787306, 36.72551705814903 ], [ 128.002020428129299, 36.716758384552584 ], [ 127.997657105316847, 36.718293249970444 ], [ 127.986837084972734, 36.717656191055582 ], [ 127.980298983010059, 36.719903120226128 ], [ 127.972320568919827, 36.726777512669251 ], [ 127.970633275096034, 36.731007056426179 ], [ 127.960014580717925, 36.737240324938917 ] ] ] ] } },
{ "type": "Feature", "properties": { "emd_cd": "43760340", "emd_nm": "칠성면" }, "geometry": { "type": "MultiPolygon", "coordinates": [ [ [ [ 127.833793855023629, 36.723055809313024 ], [ 127.8272475977939, 36.723798639998371 ], [ 127.825312064383482, 36.731535145017858 ], [ 127.826265632037106, 36.733203774828503 ], [ 127.82321069159083, 36.738595155091325 ], [ 127.826959266384279, 36.74176950191675 ], [ 127.826641746926825, 36.744327487052196 ], [ 127.829348238315788, 36.746621322367744 ], [ 127.829733130473045, 36.751107039720317 ], [ 127.826279932319892, 36.759230420706785 ], [ 127.824461896261951, 36.761513267211846 ], [ 127.821754383987169, 36.761330651706771 ], [ 127.820210474510773, 36.769123552428979 ], [ 127.821801282009687, 36.773138341629249 ], [ 127.819323921332682, 36.775045420936834 ], [ 127.815319306505856, 36.774943955684698 ], [ 127.81309037751609, 36.77868503805685 ], [ 127.816346125187138, 36.784362879889684 ], [ 127.812242212545272, 36.787778243460465 ], [ 127.812392020476921, 36.79261229288889 ], [ 127.818583730616979, 36.796572098684926 ], [ 127.819414872675367, 36.802011198916126 ], [ 127.822203056351441, 36.804077693277421 ], [ 127.834331127467507, 36.797818325731377 ], [ 127.834834713394969, 36.799860068080122 ], [ 127.839920183074511, 36.802304357280207 ], [ 127.848932319616324, 36.801357563798298 ], [ 127.864515970728192, 36.804224645886485 ], [ 127.871297610966209, 36.799740522622685 ], [ 127.876428503984826, 36.801481829589861 ], [ 127.876992201837055, 36.804734971245232 ], [ 127.880734346960722, 36.807399831292422 ], [ 127.885614983278884, 36.80931372638819 ], [ 127.889860210369505, 36.807458109224839 ], [ 127.892643710851473, 36.808885012838147 ], [ 127.894053359846708, 36.805479726337722 ], [ 127.896397312659431, 36.804329182443922 ], [ 127.894988368226748, 36.798395799905897 ], [ 127.898650863381405, 36.793961268765869 ], [ 127.897859620594048, 36.791609623321136 ], [ 127.903908995379922, 36.789145754995573 ], [ 127.908077411181608, 36.784519939811268 ], [ 127.91646422300532, 36.782724705118618 ], [ 127.915722734146939, 36.780695721828465 ], [ 127.917247765482941, 36.777113286703823 ], [ 127.927065189549637, 36.777487847166093 ], [ 127.928588224088926, 36.774853612768787 ], [ 127.933656400644935, 36.772244517934702 ], [ 127.943518664145898, 36.752995789167095 ], [ 127.944393291323436, 36.7454228618382 ], [ 127.960837560984515, 36.739148190131289 ], [ 127.954804146683713, 36.732218410787397 ], [ 127.956000875331227, 36.729104802704398 ], [ 127.95252512227249, 36.723041439367201 ], [ 127.948886265541304, 36.721474938071616 ], [ 127.948658953508016, 36.71755221484635 ], [ 127.950042970670367, 36.716126222874792 ], [ 127.949108702013291, 36.709266619420468 ], [ 127.946486201572739, 36.707982695124301 ], [ 127.940036571157364, 36.709952137209903 ], [ 127.930346303545832, 36.70385815936708 ], [ 127.917253906313036, 36.707268722867632 ], [ 127.912011752913216, 36.704192267420105 ], [ 127.902393570907734, 36.704770824021097 ], [ 127.897202566609778, 36.709436145992292 ], [ 127.891363244705644, 36.710412673098929 ], [ 127.888002636951285, 36.713051381073328 ], [ 127.883736355425057, 36.712617834684025 ], [ 127.875978755096284, 36.706545303436627 ], [ 127.86695562674322, 36.71035433536111 ], [ 127.858777740436423, 36.711694110942958 ], [ 127.854507039491651, 36.715988173460346 ], [ 127.847529853869759, 36.715592755465771 ], [ 127.839053599260652, 36.724911195521166 ], [ 127.833793855023629, 36.723055809313024 ] ] ] ] } },
{ "type": "Feature", "properties": { "emd_cd": "43760350", "emd_nm": "문광면" }, "geometry": { "type": "MultiPolygon", "coordinates": [ [ [ [ 127.812392020476921, 36.79261229288889 ], [ 127.812457093329598, 36.786880580190235 ], [ 127.816346125187138, 36.784362879889684 ], [ 127.81309037751609, 36.77868503805685 ], [ 127.815319306505856, 36.774943955684698 ], [ 127.819323921332682, 36.775045420936834 ], [ 127.821801282009687, 36.773138341629249 ], [ 127.820210474510773, 36.769123552428979 ], [ 127.821754383987169, 36.761330651706771 ], [ 127.824461896261951, 36.761513267211846 ], [ 127.826279932319892, 36.759230420706785 ], [ 127.829733130473045, 36.751107039720317 ], [ 127.829348238315788, 36.746621322367744 ], [ 127.826641746926825, 36.744327487052196 ], [ 127.826959266384279, 36.74176950191675 ], [ 127.82321069159083, 36.738595155091325 ], [ 127.826265632037106, 36.733203774828503 ], [ 127.825312064383482, 36.731535145017858 ], [ 127.828149253250345, 36.723617119287837 ], [ 127.811959339679774, 36.731739320093695 ], [ 127.810202542407396, 36.736272824931021 ], [ 127.801054500579014, 36.741622610942748 ], [ 127.796370753182998, 36.740678808641384 ], [ 127.789476630590386, 36.746955136272568 ], [ 127.786279328206817, 36.744758825645945 ], [ 127.786706329234505, 36.738732298058679 ], [ 127.784807430403816, 36.734380202494421 ], [ 127.778351709686973, 36.738679418883372 ], [ 127.773057184190876, 36.74477656800849 ], [ 127.772222158661592, 36.749192305270043 ], [ 127.764085703243879, 36.755021418301887 ], [ 127.760922575509994, 36.755000783376921 ], [ 127.755955523765422, 36.751102848490667 ], [ 127.757583948924264, 36.74645847861818 ], [ 127.752343775261949, 36.747039187340569 ], [ 127.747828121630576, 36.741944097106021 ], [ 127.746456884912675, 36.746618303987326 ], [ 127.748327063488745, 36.75256146604508 ], [ 127.744440243212679, 36.754158183465947 ], [ 127.742817059762459, 36.75259083767228 ], [ 127.734901320458519, 36.75340452763669 ], [ 127.729008066716574, 36.746245746317676 ], [ 127.726609704000964, 36.746918065381251 ], [ 127.725338545688459, 36.745727944085573 ], [ 127.723329312339942, 36.75124338779834 ], [ 127.718381052165853, 36.757417916540348 ], [ 127.719770802865, 36.759270741628484 ], [ 127.719130960789713, 36.765639120981213 ], [ 127.720758169971674, 36.768409620282192 ], [ 127.719379708218923, 36.774001002300977 ], [ 127.728010164609771, 36.778741901283162 ], [ 127.727019520342779, 36.788328306306845 ], [ 127.732763778567801, 36.800412397822583 ], [ 127.739094831428218, 36.798237146999021 ], [ 127.738784579913428, 36.802601348538474 ], [ 127.741284333421802, 36.808672756262069 ], [ 127.739094963263199, 36.811559738690164 ], [ 127.743900981552983, 36.819852013167711 ], [ 127.745695791029135, 36.820423974280878 ], [ 127.750402510950039, 36.815809154573827 ], [ 127.755905868812079, 36.815056261373954 ], [ 127.765132926566679, 36.810084104566869 ], [ 127.767477268600373, 36.810446860779471 ], [ 127.770425019685263, 36.806764129871659 ], [ 127.773589788315277, 36.80681874049921 ], [ 127.773265531226244, 36.800130506750506 ], [ 127.777740759228394, 36.798051987929057 ], [ 127.775820625962012, 36.797273983656012 ], [ 127.777996883849937, 36.790103642718421 ], [ 127.785093335376928, 36.794779467075301 ], [ 127.793051015601193, 36.79261866631586 ], [ 127.798534804134704, 36.79987251146958 ], [ 127.809756349941409, 36.796779522707752 ], [ 127.812392020476921, 36.79261229288889 ] ] ] ] } },
{ "type": "Feature", "properties": { "emd_cd": "43760360", "emd_nm": "청천면" }, "geometry": { "type": "MultiPolygon", "coordinates": [ [ [ [ 127.709364176818156, 36.654038770822893 ], [ 127.712290690392379, 36.657200930658306 ], [ 127.710392936777993, 36.66303351206448 ], [ 127.712651212944493, 36.666303349303462 ], [ 127.714646877200593, 36.665369728770756 ], [ 127.712556086270183, 36.667708345634807 ], [ 127.724976098650302, 36.675248632350275 ], [ 127.727148107546881, 36.682513461475203 ], [ 127.737169431509514, 36.682883825884367 ], [ 127.737590209254577, 36.68534970548243 ], [ 127.742885771894365, 36.690568985774227 ], [ 127.740557018293643, 36.693252551132503 ], [ 127.7438684306901, 36.697169390129595 ], [ 127.739617811926607, 36.706384032712734 ], [ 127.736274592238132, 36.708123650104078 ], [ 127.734875539703808, 36.705979785380386 ], [ 127.729213781021301, 36.710905622314378 ], [ 127.730329470940092, 36.716680090861715 ], [ 127.727828215592297, 36.724327881730375 ], [ 127.721599249903747, 36.7327854220053 ], [ 127.722499813698334, 36.736807795403415 ], [ 127.717492002931579, 36.741322823971352 ], [ 127.724638949752347, 36.742699240689177 ], [ 127.724456663268981, 36.745633869133329 ], [ 127.729008066716574, 36.746245746317676 ], [ 127.734116771678075, 36.753032343493267 ], [ 127.742817059762459, 36.75259083767228 ], [ 127.744440243212679, 36.754158183465947 ], [ 127.748614527131636, 36.752182780025286 ], [ 127.746456884912675, 36.746618303987326 ], [ 127.748607184035507, 36.741967764513412 ], [ 127.752343775261949, 36.747039187340569 ], [ 127.757583948924264, 36.74645847861818 ], [ 127.755941104609533, 36.751083764686946 ], [ 127.761963957471153, 36.755112788163963 ], [ 127.765959498125795, 36.754190340045675 ], [ 127.772222158661592, 36.749192305270043 ], [ 127.773057184190876, 36.74477656800849 ], [ 127.778351709686973, 36.738679418883372 ], [ 127.784807430403816, 36.734380202494421 ], [ 127.786706329234505, 36.738732298058679 ], [ 127.786279328206817, 36.744758825645945 ], [ 127.789476630590386, 36.746955136272568 ], [ 127.797230373817669, 36.740244965044511 ], [ 127.801054500579014, 36.741622610942748 ], [ 127.808343999570383, 36.737604130653658 ], [ 127.811959339679774, 36.731739320093695 ], [ 127.820581147959629, 36.728479534601824 ], [ 127.827097577540272, 36.723711635054293 ], [ 127.829002189247262, 36.724902554800082 ], [ 127.833793855023629, 36.723055809313024 ], [ 127.839053599260652, 36.724911195521166 ], [ 127.847529853869759, 36.715592755465771 ], [ 127.854507039491651, 36.715988173460346 ], [ 127.858777740436423, 36.711694110942958 ], [ 127.86695562674322, 36.71035433536111 ], [ 127.870025184162543, 36.70825539957805 ], [ 127.875978755096284, 36.706545303436627 ], [ 127.883736355425057, 36.712617834684025 ], [ 127.888002636951285, 36.713051381073328 ], [ 127.891363244705644, 36.710412673098929 ], [ 127.897202566609778, 36.709436145992292 ], [ 127.902393570907734, 36.704770824021097 ], [ 127.912011752913216, 36.704192267420105 ], [ 127.917253906313036, 36.707268722867632 ], [ 127.925626528481814, 36.705577408480579 ], [ 127.931408375821974, 36.698880337060494 ], [ 127.931606501103758, 36.694374035480273 ], [ 127.928955589803095, 36.690913359066464 ], [ 127.926439606431444, 36.690334922649029 ], [ 127.915852336956988, 36.693998238342907 ], [ 127.90739103059714, 36.692585426321926 ], [ 127.898113113240598, 36.693128718052051 ], [ 127.894195692695121, 36.694914163327503 ], [ 127.89417624573116, 36.692153781098519 ], [ 127.888554654603951, 36.691850514939972 ], [ 127.885842780520903, 36.688252740206892 ], [ 127.880938331943497, 36.687343791333539 ], [ 127.881970237236771, 36.683444435025756 ], [ 127.874191367494632, 36.68188027943139 ], [ 127.87987563064496, 36.678714465291584 ], [ 127.881596075283156, 36.680111821328666 ], [ 127.887406134250838, 36.678793754843376 ], [ 127.891060694334598, 36.682642508579868 ], [ 127.895228443922093, 36.681285919844662 ], [ 127.899995879320514, 36.682523935425536 ], [ 127.901000149814422, 36.680898154155379 ], [ 127.912577134282202, 36.67822550431503 ], [ 127.917750959273505, 36.667523570432706 ], [ 127.929406442038072, 36.669137349161453 ], [ 127.932081319132351, 36.664947169928077 ], [ 127.9317076033593, 36.655134778743523 ], [ 127.939113213596244, 36.653235680518272 ], [ 127.939452092639968, 36.647127721729547 ], [ 127.935941752082442, 36.644999990368234 ], [ 127.934383258714291, 36.641079788684273 ], [ 127.933807891723205, 36.636756174911767 ], [ 127.936512685081098, 36.633755943121301 ], [ 127.931617888648091, 36.624755328370043 ], [ 127.933635373414759, 36.619556388443698 ], [ 127.924632446715492, 36.615782673150903 ], [ 127.925564766332315, 36.604370751449949 ], [ 127.927544404175563, 36.60300342585726 ], [ 127.921448311706854, 36.601772461432972 ], [ 127.92009775442699, 36.609314741089023 ], [ 127.912950276561816, 36.615055682313688 ], [ 127.90955557184401, 36.622664760451642 ], [ 127.909456923771955, 36.626469307929185 ], [ 127.903081595354422, 36.628019277772182 ], [ 127.897785896337709, 36.626635142982188 ], [ 127.889653168936647, 36.629349056693101 ], [ 127.887885564998896, 36.634899149256178 ], [ 127.88923995437905, 36.639842589594494 ], [ 127.882354157487313, 36.646503175088291 ], [ 127.879658052084949, 36.65676724246886 ], [ 127.87393573822763, 36.655045520723945 ], [ 127.872330475793433, 36.650246915395975 ], [ 127.869870180914873, 36.64881580978961 ], [ 127.87013206200858, 36.645523977179003 ], [ 127.863528299944235, 36.640696119686822 ], [ 127.86128938276758, 36.635564820628332 ], [ 127.856576951176635, 36.634465456130336 ], [ 127.852110470839094, 36.635788186535557 ], [ 127.846752900818856, 36.633988879183853 ], [ 127.850561580581541, 36.631254910476805 ], [ 127.847842630058722, 36.624935630205918 ], [ 127.849810373838295, 36.619579978812972 ], [ 127.855728182359101, 36.617578149758096 ], [ 127.858303237337466, 36.613532839764829 ], [ 127.855191248896389, 36.611877036721083 ], [ 127.849798862330175, 36.613121162044727 ], [ 127.840696576675569, 36.608294871398776 ], [ 127.832286953031812, 36.612758426650281 ], [ 127.827524747134703, 36.610767383262129 ], [ 127.820997522577315, 36.61330698610675 ], [ 127.821302672026135, 36.611430330335466 ], [ 127.818569512934957, 36.608302088304882 ], [ 127.812069912931378, 36.607581594687836 ], [ 127.801981789199189, 36.601854689342929 ], [ 127.798530163262029, 36.602089998257426 ], [ 127.791829231059808, 36.610331640739766 ], [ 127.786244647620649, 36.613778420195786 ], [ 127.781410372189399, 36.6087818701237 ], [ 127.776695782926055, 36.608063789802735 ], [ 127.7694972251671, 36.60398046571958 ], [ 127.764628333756207, 36.613047589829883 ], [ 127.750246299082946, 36.621880345028828 ], [ 127.749971730788758, 36.625640575764756 ], [ 127.749085317619034, 36.62392868694613 ], [ 127.749195005779868, 36.626120598935628 ], [ 127.744264438266015, 36.629065340346678 ], [ 127.743598321420237, 36.631104981744279 ], [ 127.745180850696187, 36.632243632815964 ], [ 127.740031059822812, 36.633155014399222 ], [ 127.740222420040013, 36.63493688993421 ], [ 127.737697499966529, 36.636430302716789 ], [ 127.738101426100201, 36.641279566875745 ], [ 127.734773636428315, 36.639650210760905 ], [ 127.725851265594869, 36.644679801100665 ], [ 127.723373846192956, 36.651295450902133 ], [ 127.719102528338937, 36.651977959613944 ], [ 127.712676975390011, 36.650329592972952 ], [ 127.709364176818156, 36.654038770822893 ] ] ] ] } },
{ "type": "Feature", "properties": { "emd_cd": "43760370", "emd_nm": "청안면" }, "geometry": { "type": "MultiPolygon", "coordinates": [ [ [ [ 127.620829571844894, 36.778611972292417 ], [ 127.62092968055228, 36.787858681684391 ], [ 127.626015957259327, 36.789873602625349 ], [ 127.625306627591797, 36.791463607563252 ], [ 127.627364808176821, 36.792045759744731 ], [ 127.626955212847065, 36.794205894093402 ], [ 127.634720007855833, 36.793493344912925 ], [ 127.638242741805158, 36.795474168754261 ], [ 127.641314237689826, 36.799846240667279 ], [ 127.643649790056244, 36.799195673266603 ], [ 127.643842742085923, 36.796393150470017 ], [ 127.646183254059096, 36.794626001336496 ], [ 127.648211142201561, 36.79670210770103 ], [ 127.654453189839188, 36.79530555686793 ], [ 127.660378513686894, 36.797084973519489 ], [ 127.661739613044773, 36.799075952179265 ], [ 127.671574123020335, 36.799383876621981 ], [ 127.673553696108485, 36.800741623411362 ], [ 127.675044920062604, 36.797005618754113 ], [ 127.681839931505294, 36.7899480300702 ], [ 127.681425686480196, 36.786815092571445 ], [ 127.683813891934378, 36.782600877629847 ], [ 127.688374457698131, 36.780729964982392 ], [ 127.689742570614584, 36.78240151911951 ], [ 127.697578442589659, 36.783510447981165 ], [ 127.709631337750267, 36.779528934337293 ], [ 127.716118923637168, 36.774537715142841 ], [ 127.719379708218923, 36.77400100230097 ], [ 127.720758169971674, 36.768409620282192 ], [ 127.719130960789713, 36.765639120981234 ], [ 127.719770802864971, 36.759270741628484 ], [ 127.718381052165853, 36.757417916540341 ], [ 127.723329312339942, 36.75124338779834 ], [ 127.72533854568843, 36.745727944085601 ], [ 127.723965338689894, 36.744697147062652 ], [ 127.724335146038669, 36.742495384514143 ], [ 127.719147308186749, 36.742611430372349 ], [ 127.717541282684607, 36.741077438662565 ], [ 127.722499813698334, 36.736807795403401 ], [ 127.721599249903747, 36.732785422005314 ], [ 127.727828215592325, 36.724327881730382 ], [ 127.730329470940092, 36.716680090861722 ], [ 127.729213781021272, 36.710905622314378 ], [ 127.734875539703808, 36.705979785380379 ], [ 127.736274592238132, 36.708123650104078 ], [ 127.739617811926578, 36.70638403271272 ], [ 127.743868430690128, 36.697169390129616 ], [ 127.740557018293615, 36.69325255113251 ], [ 127.742885771894365, 36.690568985774227 ], [ 127.737590209254577, 36.68534970548243 ], [ 127.737169431509514, 36.682883825884367 ], [ 127.735523533655041, 36.681879674438562 ], [ 127.731202286996549, 36.683528677263027 ], [ 127.722794037629555, 36.681697229440282 ], [ 127.723540068404674, 36.683040515779062 ], [ 127.718611237034168, 36.688269467051249 ], [ 127.712894775558127, 36.690283939534893 ], [ 127.713726558253313, 36.695217657377754 ], [ 127.711367597125104, 36.695998600797168 ], [ 127.708484795520619, 36.700326426659664 ], [ 127.703400590574759, 36.701867917520367 ], [ 127.701926496731431, 36.709871825979725 ], [ 127.69269169479729, 36.712067060350343 ], [ 127.688843511055808, 36.715563651901107 ], [ 127.686886297211302, 36.720486851602544 ], [ 127.684527246572813, 36.719672678884038 ], [ 127.683756404703587, 36.717335049857446 ], [ 127.679552004561657, 36.717079352896071 ], [ 127.677398410313657, 36.719791522955092 ], [ 127.671407806073759, 36.722666557205869 ], [ 127.663425775371323, 36.731560797862862 ], [ 127.656791854354267, 36.732585373155622 ], [ 127.654274654643089, 36.735177025730437 ], [ 127.651060697742423, 36.734980148197003 ], [ 127.650009913878378, 36.732666628010293 ], [ 127.638977500791157, 36.732539719296952 ], [ 127.638895679143104, 36.738167112609133 ], [ 127.635974560739257, 36.741313672475087 ], [ 127.635520061711844, 36.752076877488513 ], [ 127.632769296641584, 36.752301133185725 ], [ 127.623657242590028, 36.760779179010243 ], [ 127.629262218776191, 36.773476635362428 ], [ 127.627184762895013, 36.776650312998825 ], [ 127.622963081150189, 36.779087869629407 ], [ 127.620829571844894, 36.778611972292417 ] ] ] ] } },
{ "type": "Feature", "properties": { "emd_cd": "43760390", "emd_nm": "사리면" }, "geometry": { "type": "MultiPolygon", "coordinates": [ [ [ [ 127.719379708218923, 36.774001002300977 ], [ 127.716118923637168, 36.774537715142806 ], [ 127.709631337750267, 36.779528934337279 ], [ 127.697578442589688, 36.783510447981151 ], [ 127.689742570614584, 36.782401519119517 ], [ 127.688374457698131, 36.780729964982385 ], [ 127.683813891934406, 36.782600877629854 ], [ 127.681425686480196, 36.786815092571445 ], [ 127.681839931505323, 36.789948030070214 ], [ 127.675044920062604, 36.797005618754113 ], [ 127.673553696108485, 36.800741623411362 ], [ 127.671574123020335, 36.799383876622002 ], [ 127.661739613044801, 36.799075952179265 ], [ 127.660378513686894, 36.797084973519489 ], [ 127.654453189839188, 36.795305556867923 ], [ 127.648211142201561, 36.796702107701037 ], [ 127.64618325405911, 36.794626001336482 ], [ 127.640145771986965, 36.803453924730128 ], [ 127.63556684788557, 36.804956472537654 ], [ 127.635897471951012, 36.806537851691481 ], [ 127.633961783234525, 36.807557444407898 ], [ 127.634982352696042, 36.81283690830368 ], [ 127.630092120447415, 36.816236144809949 ], [ 127.629502188257405, 36.824445971593157 ], [ 127.634056518577566, 36.836436929238154 ], [ 127.636161825797089, 36.837125113882898 ], [ 127.638559520214116, 36.841115907875455 ], [ 127.637799505367155, 36.848692864269367 ], [ 127.641956421003044, 36.855757662111031 ], [ 127.648470225508476, 36.860013147727102 ], [ 127.65630168996033, 36.86077481237362 ], [ 127.667115834475936, 36.857713413453133 ], [ 127.669243111325528, 36.854948069813055 ], [ 127.678394226244052, 36.850580481090304 ], [ 127.677256213275186, 36.84309285192802 ], [ 127.682525554821567, 36.833021159079401 ], [ 127.682555547222961, 36.821548440873762 ], [ 127.690261699993044, 36.82729038402325 ], [ 127.695695646624273, 36.828423217513524 ], [ 127.702732485735851, 36.825432483895916 ], [ 127.706246512733472, 36.82713994960433 ], [ 127.721074536551981, 36.822624231858761 ], [ 127.725397904875024, 36.823158310991275 ], [ 127.728831196948619, 36.819798850609814 ], [ 127.734179014452295, 36.818575592015129 ], [ 127.738232143728624, 36.819845792714567 ], [ 127.741801648610306, 36.818980545122827 ], [ 127.741781631158517, 36.814861804942559 ], [ 127.739094963263199, 36.811559738690164 ], [ 127.741284333421802, 36.808672756262069 ], [ 127.738784579913428, 36.802601348538474 ], [ 127.739094831428218, 36.798237146999021 ], [ 127.732763778567801, 36.800412397822583 ], [ 127.727019520342779, 36.788328306306845 ], [ 127.728010164609771, 36.778741901283162 ], [ 127.719379708218923, 36.774001002300977 ] ] ] ] } },
{ "type": "Feature", "properties": { "emd_cd": "43760400", "emd_nm": "소수면" }, "geometry": { "type": "MultiPolygon", "coordinates": [ [ [ [ 127.769158725174151, 36.870380784337414 ], [ 127.767290598317359, 36.860885889491449 ], [ 127.764704521633547, 36.860320707584165 ], [ 127.761615912131091, 36.850992861262647 ], [ 127.76471435422566, 36.845249886626753 ], [ 127.771253749962469, 36.843330638535541 ], [ 127.780183374121748, 36.836818634043546 ], [ 127.781947388000404, 36.829228943492701 ], [ 127.77661358449329, 36.822973339687309 ], [ 127.769804549691074, 36.82233107784409 ], [ 127.765201207293543, 36.825722687426548 ], [ 127.754539566151436, 36.829735514205531 ], [ 127.750731255753422, 36.821823379096152 ], [ 127.741943786348372, 36.8179802160939 ], [ 127.738232143728624, 36.819845792714567 ], [ 127.73423652611288, 36.818571480139944 ], [ 127.728831196948619, 36.819798850609814 ], [ 127.725397904875024, 36.823158310991275 ], [ 127.721074536551981, 36.822624231858761 ], [ 127.706246512733472, 36.82713994960433 ], [ 127.702732485735851, 36.825432483895916 ], [ 127.695695646624273, 36.828423217513524 ], [ 127.690261699993044, 36.82729038402325 ], [ 127.682555547222961, 36.821548440873762 ], [ 127.682525554821567, 36.833021159079401 ], [ 127.677256213275186, 36.84309285192802 ], [ 127.677791959488232, 36.851553057088992 ], [ 127.683602893161492, 36.856146451288701 ], [ 127.684109820037975, 36.858975372250157 ], [ 127.686532966240705, 36.859833406492697 ], [ 127.685866335719183, 36.868498518115686 ], [ 127.689796629143032, 36.871569157513932 ], [ 127.691784039308175, 36.87864837156723 ], [ 127.693985634148021, 36.88002995996856 ], [ 127.698000578278268, 36.880610019604383 ], [ 127.700163554040643, 36.878238660076967 ], [ 127.707725225538155, 36.875932619148301 ], [ 127.70856401634407, 36.878384953543311 ], [ 127.714492346546919, 36.878786943830377 ], [ 127.716227638028386, 36.877174680395811 ], [ 127.723120601428349, 36.87820930596903 ], [ 127.725210739207995, 36.880007268127542 ], [ 127.730654131819293, 36.878484538637906 ], [ 127.73525868990393, 36.879899871259887 ], [ 127.73799411650883, 36.877813401991681 ], [ 127.745447785898904, 36.877969781605934 ], [ 127.750511397333952, 36.873307317762027 ], [ 127.752487801445355, 36.874749763281038 ], [ 127.7586074337881, 36.873865901653375 ], [ 127.762494422663593, 36.877508764928528 ], [ 127.766688990078322, 36.874775066210859 ], [ 127.769158725174151, 36.870380784337414 ] ] ] ] } },
{ "type": "Feature", "properties": { "emd_cd": "43760410", "emd_nm": "불정면" }, "geometry": { "type": "MultiPolygon", "coordinates": [ [ [ [ 127.766688990078322, 36.874775066210859 ], [ 127.770798976733957, 36.877537160949132 ], [ 127.787763202798914, 36.880623477686349 ], [ 127.789355720181931, 36.885539663212725 ], [ 127.787090460061748, 36.894479401602112 ], [ 127.79235116181988, 36.899379010095139 ], [ 127.792106186265769, 36.901105948887015 ], [ 127.786443702829985, 36.903465090696479 ], [ 127.784888684453747, 36.905878200750386 ], [ 127.79184789097495, 36.906932618586112 ], [ 127.791506628394856, 36.904157118141576 ], [ 127.798475960486186, 36.902749270181452 ], [ 127.798274469943877, 36.908806412568481 ], [ 127.793774231783331, 36.914395916296449 ], [ 127.794378835630795, 36.91621491603491 ], [ 127.786767779087711, 36.915792888156517 ], [ 127.784121627597074, 36.917605234784993 ], [ 127.781446885011263, 36.924125337877683 ], [ 127.788907864070907, 36.926095137568751 ], [ 127.788428897268602, 36.930635117330958 ], [ 127.786826627768122, 36.931974338060698 ], [ 127.788414833387236, 36.933802597142304 ], [ 127.788026284591652, 36.937219924129209 ], [ 127.792703549540434, 36.939480941781433 ], [ 127.794918964699221, 36.945863969602691 ], [ 127.800638217474514, 36.947534734592317 ], [ 127.80667055383266, 36.945926895588926 ], [ 127.807182917188754, 36.941570845006311 ], [ 127.809492833657117, 36.939568875079516 ], [ 127.819397181128338, 36.941081459531006 ], [ 127.821558511622158, 36.943451829233041 ], [ 127.825760546305091, 36.942233055280063 ], [ 127.826235112243722, 36.940437789801479 ], [ 127.833043852888693, 36.939862402653212 ], [ 127.832417398450346, 36.933470963847817 ], [ 127.835364440197552, 36.92999667682173 ], [ 127.839841312038288, 36.930057892092044 ], [ 127.84310234763123, 36.927740040766103 ], [ 127.842418674018745, 36.921701789361698 ], [ 127.839999782982346, 36.919835139624411 ], [ 127.842130630431626, 36.91739602810086 ], [ 127.837990073328868, 36.913686543894102 ], [ 127.846089400479897, 36.909262099959513 ], [ 127.852556312443696, 36.90930444393566 ], [ 127.858391775759529, 36.904950937404834 ], [ 127.859918988563891, 36.899804796094813 ], [ 127.864001317137024, 36.896285885794313 ], [ 127.88156309396777, 36.89583855734503 ], [ 127.883010288779971, 36.890309978674289 ], [ 127.87817780142656, 36.888429989111998 ], [ 127.877888870573017, 36.883680065540204 ], [ 127.879299057928804, 36.879084197005014 ], [ 127.887103129187494, 36.87136707024694 ], [ 127.885393108479576, 36.871397172594264 ], [ 127.882102881111919, 36.866447921763076 ], [ 127.877721448112297, 36.865707881933851 ], [ 127.874728517084733, 36.867505982405483 ], [ 127.866858068083673, 36.877713577945087 ], [ 127.863792589250238, 36.879804138212968 ], [ 127.859580291876028, 36.879929771026994 ], [ 127.853089049791677, 36.864420937327175 ], [ 127.846745433163704, 36.860330392844631 ], [ 127.845849158428024, 36.845853290889679 ], [ 127.844789170064658, 36.845521435094284 ], [ 127.844364555308559, 36.853095362454951 ], [ 127.842699162104353, 36.853018863327648 ], [ 127.840855593338205, 36.845223391258841 ], [ 127.836364826437247, 36.84736268359179 ], [ 127.829003924438794, 36.843702604549094 ], [ 127.820551716907616, 36.847606763356538 ], [ 127.817548605150947, 36.850276579257397 ], [ 127.816058287217956, 36.855081586726129 ], [ 127.812815593944208, 36.85690767319128 ], [ 127.80990691521049, 36.856250803065358 ], [ 127.805363350854037, 36.858992203717222 ], [ 127.800591327651844, 36.857526563170481 ], [ 127.797272542521554, 36.859679810122358 ], [ 127.796425960191954, 36.863880939102252 ], [ 127.79005200943692, 36.864786443403311 ], [ 127.787503552447248, 36.863487712557188 ], [ 127.783854990798361, 36.865653290790178 ], [ 127.780745745170051, 36.864678571217027 ], [ 127.774803358348535, 36.87150834151921 ], [ 127.769158725174151, 36.870380784337414 ], [ 127.766688990078322, 36.874775066210859 ] ] ] ] } },
{ "type": "Feature", "properties": { "emd_cd": "43770250", "emd_nm": "음성읍" }, "geometry": { "type": "MultiPolygon", "coordinates": [ [ [ [ 127.592816374098916, 36.900243596599481 ], [ 127.591871409402543, 36.908967888632823 ], [ 127.58752654108234, 36.910659074969494 ], [ 127.586261938852971, 36.912725417716203 ], [ 127.583674296635351, 36.92622903618804 ], [ 127.581704793743214, 36.928659803126536 ], [ 127.576706677248623, 36.927908853949752 ], [ 127.577152980859438, 36.930469750908379 ], [ 127.584461666026684, 36.943184449265061 ], [ 127.592944693557769, 36.942796155226098 ], [ 127.596454088941542, 36.938770537437712 ], [ 127.601658347070767, 36.938234330560512 ], [ 127.60103672579541, 36.940726858796971 ], [ 127.604376655714702, 36.948859915050626 ], [ 127.608468837350358, 36.952036821158174 ], [ 127.612521786459894, 36.950975096143196 ], [ 127.615181558556301, 36.952002647636093 ], [ 127.621267154098817, 36.958145431014138 ], [ 127.618577045038279, 36.96631887004601 ], [ 127.612379295681862, 36.96477392401161 ], [ 127.612535796337184, 36.970054268120776 ], [ 127.607467093258578, 36.979414749647255 ], [ 127.60878515683018, 36.982450999650077 ], [ 127.608875114488555, 36.981275785977644 ], [ 127.613220533620122, 36.981500052260351 ], [ 127.621017125557429, 36.977234544471429 ], [ 127.624753001411719, 36.981936837157306 ], [ 127.626926162609934, 36.982446088489468 ], [ 127.628195908379254, 36.985435355216744 ], [ 127.63102349207476, 36.984834245033696 ], [ 127.644746850002718, 36.988833454956804 ], [ 127.648754709430051, 36.986516514434726 ], [ 127.651332384396056, 36.982613387082942 ], [ 127.661777580288998, 36.977396887328737 ], [ 127.667066278205553, 36.978656128804502 ], [ 127.669134764197992, 36.982732126551127 ], [ 127.667877630507206, 36.983972570905308 ], [ 127.663726548144751, 36.983338852491713 ], [ 127.664903577061168, 36.98438268433128 ], [ 127.663766832892108, 36.983556152997259 ], [ 127.663475550014866, 36.983498028133589 ], [ 127.668745346007981, 36.987931292157519 ], [ 127.672065427235609, 36.985867754736432 ], [ 127.686280063980035, 36.985867547454539 ], [ 127.686562322209724, 36.981516348546016 ], [ 127.694199792149576, 36.978655795954303 ], [ 127.694513970106527, 36.975067848828914 ], [ 127.703807434022039, 36.972047750463915 ], [ 127.70604642811611, 36.965803223180494 ], [ 127.710286275747606, 36.96450554731728 ], [ 127.711249562385987, 36.962157564173872 ], [ 127.715320638493509, 36.960325955371196 ], [ 127.716639119293234, 36.955324271289044 ], [ 127.715869397567857, 36.95058010275951 ], [ 127.72064030711492, 36.944179237804683 ], [ 127.720522637562894, 36.937566432188255 ], [ 127.729508462186303, 36.93677056014176 ], [ 127.731763562823744, 36.934833375494485 ], [ 127.730375180119239, 36.9290967183655 ], [ 127.731996175859763, 36.926327344825815 ], [ 127.72394550371564, 36.924959337381509 ], [ 127.724216458349247, 36.921581660666497 ], [ 127.721696944067546, 36.918376329454496 ], [ 127.721885761896161, 36.912560057840935 ], [ 127.718360856517165, 36.912237603412649 ], [ 127.712281046911158, 36.908230429077896 ], [ 127.70708300916813, 36.912115992552735 ], [ 127.703407711959713, 36.911896961365201 ], [ 127.700158864206557, 36.913930886010213 ], [ 127.698668903022082, 36.918320017929013 ], [ 127.696082897240046, 36.920054667511899 ], [ 127.692375561340569, 36.920045262162141 ], [ 127.692920489458274, 36.918829612687865 ], [ 127.692472254551234, 36.918019059339528 ], [ 127.689657437256287, 36.917103169033581 ], [ 127.679084643331166, 36.917540157569285 ], [ 127.672643439768365, 36.91275235896358 ], [ 127.670835728870003, 36.914440748863775 ], [ 127.661414935114053, 36.916323790197694 ], [ 127.658722529094291, 36.912084637211848 ], [ 127.654267118313911, 36.909507470080079 ], [ 127.650649316328568, 36.901791150558807 ], [ 127.643984948046381, 36.899829627805936 ], [ 127.633447544937297, 36.902191521446802 ], [ 127.631427832404412, 36.903906711003664 ], [ 127.621124780726248, 36.905246010852821 ], [ 127.613303275000021, 36.90478823925627 ], [ 127.601399356380398, 36.89815197419982 ], [ 127.592816374098916, 36.900243596599481 ] ] ], [ [ [ 127.665209288572171, 36.98251316572145 ], [ 127.66542578778683, 36.982613829203451 ], [ 127.66542097724151, 36.982454440322002 ], [ 127.665209288572171, 36.98251316572145 ] ] ], [ [ [ 127.667087138515853, 36.982282640747933 ], [ 127.66782538852155, 36.983360475965846 ], [ 127.667981242480579, 36.983141841680769 ], [ 127.667087138515853, 36.982282640747933 ] ] ], [ [ [ 127.666499047107322, 36.982982745015001 ], [ 127.666982465166171, 36.982783586876806 ], [ 127.666848984775072, 36.982556177275384 ], [ 127.666499047107322, 36.982982745015001 ] ] ] ] } },
{ "type": "Feature", "properties": { "emd_cd": "43770253", "emd_nm": "금왕읍" }, "geometry": { "type": "MultiPolygon", "coordinates": [ [ [ [ 127.512408920270147, 36.988219922268065 ], [ 127.517578409116609, 36.990668189146852 ], [ 127.517098071849091, 36.993541155615993 ], [ 127.519818841902264, 36.995902246947708 ], [ 127.515568373862379, 36.996625435396581 ], [ 127.513545741125682, 37.000061462097101 ], [ 127.516567081679412, 37.000711682945628 ], [ 127.519259120322019, 37.0036892725049 ], [ 127.519011021717574, 37.013497724594835 ], [ 127.523456742878125, 37.015361965069161 ], [ 127.526602035049081, 37.012795731274416 ], [ 127.530025383263109, 37.014779841589849 ], [ 127.530120351518164, 37.016867423737224 ], [ 127.535617638502686, 37.022183287135228 ], [ 127.536702648924035, 37.026693642343695 ], [ 127.539533190498602, 37.030143599473533 ], [ 127.538479799937278, 37.033989597257964 ], [ 127.540167182235919, 37.034834288512997 ], [ 127.540230951492219, 37.039183815674825 ], [ 127.534802130033171, 37.051955919314487 ], [ 127.541034789037468, 37.050719711167289 ], [ 127.55322188263743, 37.045009227568222 ], [ 127.555633054950334, 37.043291434056073 ], [ 127.554618687737872, 37.041861034807781 ], [ 127.556841477419283, 37.041243348548562 ], [ 127.567056634537806, 37.047522507973312 ], [ 127.56650728349058, 37.042481902672741 ], [ 127.560918994375029, 37.039910380686891 ], [ 127.559166221705155, 37.03350264689584 ], [ 127.554483330538858, 37.032374747583098 ], [ 127.551566587866546, 37.02906244860538 ], [ 127.554174157657854, 37.025948308870284 ], [ 127.559427357448655, 37.02622762833672 ], [ 127.560847021520516, 37.018023126122692 ], [ 127.567021952945638, 37.015637390973424 ], [ 127.56806495212254, 37.013606101398736 ], [ 127.579566511184538, 37.015081416374748 ], [ 127.581809174462919, 37.012023886918961 ], [ 127.585833391044957, 37.012180444577254 ], [ 127.58700977545351, 37.010824831105992 ], [ 127.587559135910894, 37.0121501661691 ], [ 127.588852975780611, 37.010657930383623 ], [ 127.590064055744691, 37.011212534980665 ], [ 127.588635368212991, 37.01153389195828 ], [ 127.588057173216683, 37.012311086237531 ], [ 127.590278350321697, 37.011518932042549 ], [ 127.589968934770084, 37.014523980133873 ], [ 127.593900895244388, 37.015525149270978 ], [ 127.593946033353319, 37.017417140289055 ], [ 127.597666882926816, 37.017360924878268 ], [ 127.595749295490663, 37.011444423910262 ], [ 127.597730841753929, 37.008875654750518 ], [ 127.598216771812176, 37.01096324059106 ], [ 127.621033069175226, 37.009684332106019 ], [ 127.62654405443547, 37.013178515900158 ], [ 127.633135535879447, 37.007267356019668 ], [ 127.642417050779272, 37.003165150819285 ], [ 127.642995270695167, 36.998704619937314 ], [ 127.641532428858952, 36.995020430284605 ], [ 127.644746850002718, 36.988833454956804 ], [ 127.63102349207476, 36.984834245033696 ], [ 127.628195908379254, 36.98543535521673 ], [ 127.626926162609934, 36.982446088489482 ], [ 127.624753001411705, 36.981936837157299 ], [ 127.621017125557429, 36.977234544471436 ], [ 127.613220533620122, 36.981500052260351 ], [ 127.608875114488555, 36.981275785977637 ], [ 127.60878515683018, 36.982450999650077 ], [ 127.607467093258549, 36.979414749647255 ], [ 127.612535796337156, 36.970054268120784 ], [ 127.612379295681862, 36.96477392401161 ], [ 127.618577045038279, 36.966318870046024 ], [ 127.621267154098817, 36.958145431014152 ], [ 127.615181558556301, 36.9520026476361 ], [ 127.612521786459894, 36.950975096143196 ], [ 127.608468837350358, 36.952036821158174 ], [ 127.604376655714688, 36.948859915050626 ], [ 127.60103672579541, 36.940726858796971 ], [ 127.602384359113358, 36.938958148642648 ], [ 127.600759455048447, 36.938193644386118 ], [ 127.596454088941542, 36.938770537437705 ], [ 127.592944693557769, 36.942796155226084 ], [ 127.585267792622759, 36.943576762861689 ], [ 127.585625847909114, 36.946915380160661 ], [ 127.577755047405077, 36.953739935861776 ], [ 127.577546476119792, 36.951684093121827 ], [ 127.573317114972056, 36.948878810940485 ], [ 127.565286329173119, 36.950600118083763 ], [ 127.563321927681073, 36.94952176238786 ], [ 127.563138019161258, 36.947028728019063 ], [ 127.558782472956338, 36.945772075138443 ], [ 127.556768630227168, 36.942289077460018 ], [ 127.550006861488072, 36.941953553060408 ], [ 127.548745681194745, 36.944938650456521 ], [ 127.544377289840213, 36.946157232882321 ], [ 127.544962388735129, 36.951724146293422 ], [ 127.542546913184268, 36.956162796683948 ], [ 127.539716137594922, 36.954614004283677 ], [ 127.537063584847189, 36.95654289036932 ], [ 127.537126208118622, 36.963897290711991 ], [ 127.538830164878391, 36.963970337364728 ], [ 127.538844788632062, 36.966306889429553 ], [ 127.540753100118778, 36.966302563619045 ], [ 127.541001371901714, 36.967744786949034 ], [ 127.540224448309431, 36.975941966827527 ], [ 127.537389669223657, 36.977438169675871 ], [ 127.533049578281336, 36.977035375716738 ], [ 127.532000670681811, 36.978847645752559 ], [ 127.523792128475904, 36.978322592478413 ], [ 127.521238111363147, 36.979960507975086 ], [ 127.519622548726986, 36.986055526300902 ], [ 127.51525497754254, 36.988564201321402 ], [ 127.512408920270147, 36.988219922268065 ] ] ] ] } },
{ "type": "Feature", "properties": { "emd_cd": "43770256", "emd_nm": "대소읍" }, "geometry": { "type": "MultiPolygon", "coordinates": [ [ [ [ 127.445384087777413, 36.958792941563743 ], [ 127.44838522357189, 36.96326319459078 ], [ 127.454911879275556, 36.960661680589169 ], [ 127.457278582948589, 36.963915533267325 ], [ 127.453996953517077, 36.969822000539118 ], [ 127.45388600146525, 36.974125654813115 ], [ 127.44939818389939, 36.976655604367544 ], [ 127.448720480507831, 36.980221751343159 ], [ 127.450322236585706, 36.981906854681718 ], [ 127.448213756028224, 36.987509236511301 ], [ 127.448710680853324, 36.993933323512493 ], [ 127.454291762672014, 36.990480374306131 ], [ 127.461758046875843, 36.989337806105581 ], [ 127.468295048605626, 36.98922084218578 ], [ 127.472672182214524, 36.991569333134123 ], [ 127.480647807204974, 36.989549653843213 ], [ 127.487115753789368, 36.989789151698062 ], [ 127.486670981754045, 36.983538455252578 ], [ 127.490617465815617, 36.981239881147935 ], [ 127.491507162947158, 36.978297671828535 ], [ 127.501412128816682, 36.97909928534331 ], [ 127.503553755008866, 36.980534229724086 ], [ 127.506480001086814, 36.979312513117527 ], [ 127.505737234448887, 36.977165962237272 ], [ 127.50754176429767, 36.975083284234685 ], [ 127.512632678612334, 36.97346599892181 ], [ 127.514063566302994, 36.971329485525096 ], [ 127.515376644581025, 36.973135915226912 ], [ 127.518198535158149, 36.972656202978108 ], [ 127.524150609993526, 36.978441992418432 ], [ 127.532000670681811, 36.978847645752559 ], [ 127.533049578281336, 36.977035375716738 ], [ 127.537389669223657, 36.977438169675871 ], [ 127.540222068944189, 36.975943779759689 ], [ 127.54075298443648, 36.966305267353121 ], [ 127.538850655296002, 36.966310791544906 ], [ 127.53882937290274, 36.963971088836544 ], [ 127.53712368922676, 36.963890363834196 ], [ 127.537068176902594, 36.95654286965987 ], [ 127.53911947120713, 36.956189220501962 ], [ 127.539633716797184, 36.953990142531097 ], [ 127.537114818746389, 36.950507740864587 ], [ 127.534486652772671, 36.950087825018123 ], [ 127.529508737147836, 36.941926622930552 ], [ 127.518359103042044, 36.937490639696179 ], [ 127.516278475871744, 36.934307670579351 ], [ 127.508839472563935, 36.929234026771454 ], [ 127.504981581323264, 36.933004658547226 ], [ 127.49963315695237, 36.932155624251436 ], [ 127.498510943346972, 36.934924115051736 ], [ 127.492837616813858, 36.938772181896603 ], [ 127.486129790319765, 36.938675040625554 ], [ 127.481424473024475, 36.93380639198336 ], [ 127.476766489204238, 36.936295395643789 ], [ 127.470629194146298, 36.936034242720865 ], [ 127.466506917669506, 36.939243472022945 ], [ 127.463489017999009, 36.948422678171923 ], [ 127.461817554457269, 36.947701180507948 ], [ 127.46153887439533, 36.949338297655913 ], [ 127.461255852403269, 36.947831795533887 ], [ 127.457624289628214, 36.947087020455122 ], [ 127.448563797703017, 36.948437510997728 ], [ 127.445384087777413, 36.958792941563743 ] ], [ [ 127.521011272599807, 36.970735779662654 ], [ 127.52072139874798, 36.970715061481393 ], [ 127.520665303402012, 36.970604024651927 ], [ 127.521011272599807, 36.970735779662654 ] ] ] ] } },
{ "type": "Feature", "properties": { "emd_cd": "43770310", "emd_nm": "소이면" }, "geometry": { "type": "MultiPolygon", "coordinates": [ [ [ [ 127.712281046911158, 36.908230429077896 ], [ 127.718360856517165, 36.912237603412649 ], [ 127.721885761896161, 36.912560057840935 ], [ 127.721696944067546, 36.918376329454496 ], [ 127.724216458349247, 36.921581660666497 ], [ 127.72394550371564, 36.924959337381509 ], [ 127.732038038224985, 36.926501371626351 ], [ 127.730375180119239, 36.9290967183655 ], [ 127.731763562823744, 36.934833375494485 ], [ 127.729508462186303, 36.93677056014176 ], [ 127.720144583454953, 36.938322299077889 ], [ 127.72064030711492, 36.944179237804683 ], [ 127.715869397567857, 36.95058010275951 ], [ 127.716302661172392, 36.958458480642676 ], [ 127.726803507398898, 36.958996833999798 ], [ 127.729902215365541, 36.957948196962072 ], [ 127.732909989144588, 36.953693754744499 ], [ 127.73684217016141, 36.954119759130684 ], [ 127.739297699885427, 36.952343196178909 ], [ 127.752941506160965, 36.957990124518538 ], [ 127.754404307455999, 36.954882219996193 ], [ 127.762642387984016, 36.948436858411668 ], [ 127.763836722865591, 36.946361415305461 ], [ 127.760762769979493, 36.944815449164594 ], [ 127.763762974123807, 36.940879882121287 ], [ 127.76673430979254, 36.940412586641955 ], [ 127.771967238656345, 36.935060577868562 ], [ 127.775562955287569, 36.933385956822733 ], [ 127.780915483869435, 36.934889130975492 ], [ 127.784380593633898, 36.937751497046094 ], [ 127.788028917988186, 36.937205291474363 ], [ 127.788402430691917, 36.933774232786078 ], [ 127.786793749037585, 36.931945568263686 ], [ 127.788410882278839, 36.930645977342785 ], [ 127.789067994730047, 36.926138525434567 ], [ 127.781444959190964, 36.924188587178243 ], [ 127.784179641061456, 36.917644346245694 ], [ 127.786697004331671, 36.915857547810177 ], [ 127.794342281359178, 36.916246967563879 ], [ 127.793766723404588, 36.914422926218883 ], [ 127.798271352787197, 36.908794755670272 ], [ 127.798474702902979, 36.902847350635 ], [ 127.791433515538202, 36.90417422892989 ], [ 127.791460075195431, 36.906848452190793 ], [ 127.784849424973274, 36.905859573254276 ], [ 127.786506530325269, 36.903533688298467 ], [ 127.791419699210905, 36.901802047358181 ], [ 127.792364615521024, 36.899412881756028 ], [ 127.787143281589579, 36.894507183707745 ], [ 127.789349912113281, 36.885548640324515 ], [ 127.787722765065169, 36.880645172662604 ], [ 127.770780014535845, 36.877576732598804 ], [ 127.766648267537903, 36.874761758245384 ], [ 127.762439120260552, 36.877467381379894 ], [ 127.758592250902737, 36.873811663689139 ], [ 127.75245287208854, 36.874788360684875 ], [ 127.750560385653415, 36.873339357549327 ], [ 127.74540306881299, 36.878090264633052 ], [ 127.737957859865148, 36.877889893513817 ], [ 127.735213789132985, 36.879974802385512 ], [ 127.730388515489011, 36.878555073093473 ], [ 127.725232587228319, 36.880125941640259 ], [ 127.722180391568301, 36.877998690298348 ], [ 127.716495806933168, 36.878083377877708 ], [ 127.715471151125016, 36.88057948564154 ], [ 127.719094179976594, 36.884898559267889 ], [ 127.719422683361202, 36.888571312946432 ], [ 127.712833194859357, 36.896858654645399 ], [ 127.712281046911158, 36.908230429077896 ] ] ] ] } },
{ "type": "Feature", "properties": { "emd_cd": "43770320", "emd_nm": "원남면" }, "geometry": { "type": "MultiPolygon", "coordinates": [ [ [ [ 127.581565093966475, 36.877221426543194 ], [ 127.583580324843567, 36.878485161726957 ], [ 127.585739264233922, 36.884812840189255 ], [ 127.588627013313356, 36.886527383778777 ], [ 127.590946458732958, 36.893061042081271 ], [ 127.590026758013209, 36.895356087786269 ], [ 127.592839344749152, 36.89934256708689 ], [ 127.601399356380398, 36.89815197419982 ], [ 127.613303275000021, 36.90478823925627 ], [ 127.621124780726248, 36.905246010852821 ], [ 127.631427832404412, 36.903906711003664 ], [ 127.633447544937297, 36.902191521446802 ], [ 127.643984948046381, 36.899829627805936 ], [ 127.650649316328568, 36.901791150558807 ], [ 127.654267118313911, 36.909507470080079 ], [ 127.658722529094291, 36.912084637211848 ], [ 127.661414935114053, 36.916323790197694 ], [ 127.670835728870003, 36.914440748863775 ], [ 127.672643439768365, 36.91275235896358 ], [ 127.679084643331166, 36.917540157569285 ], [ 127.689657437256287, 36.917103169033581 ], [ 127.692472254551234, 36.918019059339528 ], [ 127.692375561340569, 36.920045262162141 ], [ 127.696082897240046, 36.920054667511899 ], [ 127.698668903022082, 36.918320017929013 ], [ 127.700158864206557, 36.913930886010213 ], [ 127.703407711959713, 36.911896961365201 ], [ 127.70708300916813, 36.912115992552735 ], [ 127.712281046911158, 36.908230429077896 ], [ 127.712833194859357, 36.896858654645399 ], [ 127.719422683361202, 36.888571312946432 ], [ 127.719094179976594, 36.884898559267889 ], [ 127.715471151125016, 36.88057948564154 ], [ 127.716857642976393, 36.877239038214832 ], [ 127.711400002117699, 36.878818341121196 ], [ 127.708547837041252, 36.878396538504582 ], [ 127.707722563816716, 36.875916397588981 ], [ 127.700207487187825, 36.878204061815921 ], [ 127.698050197634117, 36.880604736833583 ], [ 127.69173334113691, 36.878694467703191 ], [ 127.690229401199559, 36.872291918177361 ], [ 127.685897425751861, 36.868472379054531 ], [ 127.686497814925644, 36.859911687543089 ], [ 127.684062828524475, 36.859065380556579 ], [ 127.683567443586313, 36.85619889027766 ], [ 127.677818966371149, 36.850953108180299 ], [ 127.661353142215958, 36.859774883000213 ], [ 127.65345824487656, 36.860898842041948 ], [ 127.648594446281265, 36.859932834040194 ], [ 127.642083241615609, 36.855740308754797 ], [ 127.637509656330536, 36.846971544370163 ], [ 127.635209367646127, 36.847218515499719 ], [ 127.626367004893311, 36.842529970894617 ], [ 127.623732270254379, 36.835575103641162 ], [ 127.620023089361766, 36.836907690595794 ], [ 127.616427669755424, 36.833833434755896 ], [ 127.613662302398495, 36.835705338967905 ], [ 127.613269245905556, 36.84359809593343 ], [ 127.611467746399796, 36.847768985061236 ], [ 127.615966813986205, 36.853699348246721 ], [ 127.616581551791754, 36.858702026857799 ], [ 127.613696836119217, 36.85841410975911 ], [ 127.603207492228506, 36.851870501623544 ], [ 127.596518962562584, 36.851616262316931 ], [ 127.592069129821297, 36.857332412215683 ], [ 127.587039826031699, 36.857279888914327 ], [ 127.585744279001887, 36.859671612931287 ], [ 127.583494252708988, 36.860126407345248 ], [ 127.578512111517625, 36.85775700194705 ], [ 127.578099710246988, 36.853341732462873 ], [ 127.575551385102827, 36.858161803657538 ], [ 127.577825509027605, 36.862473759372826 ], [ 127.576635527071147, 36.864621002337628 ], [ 127.585129334808343, 36.870161816367983 ], [ 127.585057875813717, 36.874585803498064 ], [ 127.581565093966475, 36.877221426543194 ] ] ] ] } },
{ "type": "Feature", "properties": { "emd_cd": "43770330", "emd_nm": "맹동면" }, "geometry": { "type": "MultiPolygon", "coordinates": [ [ [ [ 127.511475537567676, 36.930462664924228 ], [ 127.518359103042044, 36.937490639696179 ], [ 127.529508737147836, 36.941926622930552 ], [ 127.534486652772671, 36.950087825018123 ], [ 127.537114818746389, 36.950507740864587 ], [ 127.53845554024889, 36.95337805216402 ], [ 127.542546913184268, 36.956162796683948 ], [ 127.544962388735129, 36.951724146293422 ], [ 127.544377289840213, 36.946157232882321 ], [ 127.548041318063397, 36.945440033737611 ], [ 127.5506339204303, 36.941726874101541 ], [ 127.556768630227168, 36.942289077460018 ], [ 127.558782472956338, 36.945772075138443 ], [ 127.563138019161258, 36.947028728019063 ], [ 127.563321927681073, 36.94952176238786 ], [ 127.565238207160007, 36.950595120308243 ], [ 127.573317114972056, 36.948878810940485 ], [ 127.578730190888976, 36.953404561524401 ], [ 127.585841995386872, 36.94604287344368 ], [ 127.576706677248637, 36.927908853949766 ], [ 127.582262865881887, 36.928433997192862 ], [ 127.586261938852971, 36.912725417716196 ], [ 127.58752654108234, 36.910659074969494 ], [ 127.591871409402572, 36.908967888632851 ], [ 127.591597244101834, 36.905480652573218 ], [ 127.59313317398535, 36.90328592105304 ], [ 127.588627013313356, 36.886527383778777 ], [ 127.585739264233922, 36.884812840189269 ], [ 127.583580324843567, 36.878485161726978 ], [ 127.581414964525592, 36.87713089767275 ], [ 127.575923029042087, 36.879993848190303 ], [ 127.5722790777575, 36.8773980162985 ], [ 127.571872040657283, 36.880929137026349 ], [ 127.568562992927284, 36.885709446817657 ], [ 127.567006897231849, 36.886050694249015 ], [ 127.566663036219708, 36.882687117335827 ], [ 127.562673075127279, 36.88222192804475 ], [ 127.559766105424288, 36.886591481658904 ], [ 127.555652142250679, 36.886163899687922 ], [ 127.555204445881472, 36.891390497535291 ], [ 127.551880628111391, 36.893958014195498 ], [ 127.555814782400262, 36.89908466593905 ], [ 127.547406662548198, 36.899914767665059 ], [ 127.546086891260572, 36.903479626879658 ], [ 127.533812618896974, 36.911994983350212 ], [ 127.526373735503924, 36.911469816991719 ], [ 127.519434433962445, 36.922867764950212 ], [ 127.51324155261679, 36.925809371911789 ], [ 127.513816497395126, 36.927566336008148 ], [ 127.511475537567676, 36.930462664924228 ] ] ] ] } },
{ "type": "Feature", "properties": { "emd_cd": "43770350", "emd_nm": "삼성면" }, "geometry": { "type": "MultiPolygon", "coordinates": [ [ [ [ 127.520880103692292, 36.970603121320373 ], [ 127.520808113534201, 36.970767520989334 ], [ 127.521011272599807, 36.970735779662618 ], [ 127.520880103692292, 36.970603121320373 ] ] ], [ [ [ 127.449704341722494, 36.99426615226497 ], [ 127.45048559461469, 36.995261710228682 ], [ 127.447955467582133, 36.997705354002058 ], [ 127.447554397391968, 37.000631593553834 ], [ 127.450067884307146, 37.003826137936308 ], [ 127.448540173505506, 37.00537761904436 ], [ 127.449024461776588, 37.00984335514169 ], [ 127.446681826629302, 37.011089256810116 ], [ 127.448338178906511, 37.013101988425063 ], [ 127.448126057912916, 37.016523178071786 ], [ 127.453640283675227, 37.021283854194195 ], [ 127.458322486921901, 37.020477339318994 ], [ 127.459661303579381, 37.025091131992731 ], [ 127.457918638884706, 37.030027546828023 ], [ 127.45618469897741, 37.030375048224705 ], [ 127.459932453741331, 37.038091392753202 ], [ 127.457306086002831, 37.041928291678211 ], [ 127.461300654970032, 37.046757189450105 ], [ 127.468283486765671, 37.050478512884418 ], [ 127.468126293450652, 37.053721367908693 ], [ 127.47522537856436, 37.052922396594582 ], [ 127.486170061740012, 37.054504178153692 ], [ 127.499013370092015, 37.047597836243796 ], [ 127.508928618560475, 37.049397158570308 ], [ 127.51165236921365, 37.055564877722247 ], [ 127.516113593616524, 37.058294068049797 ], [ 127.523394078534153, 37.055323197580293 ], [ 127.532792036332239, 37.055220905880383 ], [ 127.540230951492219, 37.039183815674818 ], [ 127.540167182235919, 37.034834288513032 ], [ 127.538479799937278, 37.033989597257964 ], [ 127.53955273697143, 37.030247502177026 ], [ 127.536702648924035, 37.026693642343695 ], [ 127.535617638502686, 37.022183287135221 ], [ 127.530120351518178, 37.016867423737224 ], [ 127.530025383263123, 37.014779841589849 ], [ 127.526602035049081, 37.012795731274416 ], [ 127.523456742878125, 37.015361965069182 ], [ 127.519011021717574, 37.013497724594835 ], [ 127.519259120322047, 37.003689272504936 ], [ 127.516567081679412, 37.000711682945628 ], [ 127.513545741125682, 37.000061462097094 ], [ 127.515568373862379, 36.996625435396588 ], [ 127.519818841902264, 36.995902246947693 ], [ 127.517098071849091, 36.993541155615986 ], [ 127.517578409116609, 36.990668189146866 ], [ 127.512408920270133, 36.988219922268058 ], [ 127.51525497754254, 36.988564201321395 ], [ 127.519622548726986, 36.986055526300881 ], [ 127.521238111363147, 36.979960507975086 ], [ 127.523792128475918, 36.978322592478406 ], [ 127.518198535158177, 36.972656202978108 ], [ 127.515376644581025, 36.973135915226905 ], [ 127.514063566302994, 36.971329485525111 ], [ 127.512632678612363, 36.97346599892181 ], [ 127.50754176429767, 36.975083284234699 ], [ 127.505737234448887, 36.977165962237251 ], [ 127.506480001086814, 36.979312513117513 ], [ 127.503553755008866, 36.980534229724078 ], [ 127.491724089221989, 36.97815024440628 ], [ 127.490617465815646, 36.981239881147943 ], [ 127.486670981754045, 36.983538455252571 ], [ 127.487115753789368, 36.989789151698062 ], [ 127.480647807204974, 36.989549653843206 ], [ 127.472672182214524, 36.991569333134137 ], [ 127.468295048605626, 36.989220842185766 ], [ 127.458585036422562, 36.989709438642841 ], [ 127.454071156550611, 36.990586009853686 ], [ 127.449704341722494, 36.99426615226497 ] ] ] ] } },
{ "type": "Feature", "properties": { "emd_cd": "43770360", "emd_nm": "생극면" }, "geometry": { "type": "MultiPolygon", "coordinates": [ [ [ [ 127.644746850002718, 36.988833454956804 ], [ 127.641532428858952, 36.995020430284612 ], [ 127.642995270695167, 36.998704619937314 ], [ 127.642417050779272, 37.003165150819285 ], [ 127.633135535879447, 37.007267356019653 ], [ 127.626544054435499, 37.013178515900151 ], [ 127.621033069175226, 37.009684332106019 ], [ 127.598216771812176, 37.010963240591067 ], [ 127.597730841753929, 37.008875654750518 ], [ 127.595749295490663, 37.011444423910262 ], [ 127.597666882926845, 37.017360924878254 ], [ 127.593946033353319, 37.017417140289041 ], [ 127.593900895244445, 37.015525149270978 ], [ 127.589968934770084, 37.014523980133873 ], [ 127.590278350321725, 37.011518932042549 ], [ 127.588057173216697, 37.012311086237538 ], [ 127.590064055744691, 37.011212534980672 ], [ 127.588852975780625, 37.010657930383623 ], [ 127.587559135910894, 37.0121501661691 ], [ 127.58700977545351, 37.010824831105985 ], [ 127.585833391044957, 37.012180444577226 ], [ 127.581809174462919, 37.012023886918939 ], [ 127.579566511184566, 37.015081416374748 ], [ 127.56806495212254, 37.013606101398736 ], [ 127.567021952945638, 37.015637390973446 ], [ 127.560847021520516, 37.018023126122692 ], [ 127.559427357448655, 37.026227628336706 ], [ 127.554174157657854, 37.025948308870298 ], [ 127.552055999172339, 37.028088611459935 ], [ 127.551576668058544, 37.029908613932818 ], [ 127.554483330538886, 37.032374747583084 ], [ 127.559166221705155, 37.033502646895833 ], [ 127.560918994375029, 37.039910380686898 ], [ 127.566814490336569, 37.043038815361761 ], [ 127.567056634537806, 37.047522507973312 ], [ 127.569498523347661, 37.048225317506862 ], [ 127.56712667262471, 37.051763552046005 ], [ 127.5682788297092, 37.055949554895982 ], [ 127.564963846644602, 37.060526096506088 ], [ 127.578053812315304, 37.075345400952259 ], [ 127.583142487728509, 37.075466113180454 ], [ 127.589240003119201, 37.072817169545132 ], [ 127.596263673465444, 37.073783164764009 ], [ 127.599483874106213, 37.070661916755384 ], [ 127.601982896208384, 37.070587975999032 ], [ 127.603014264555625, 37.068510467831175 ], [ 127.60473708625932, 37.068750481494796 ], [ 127.605406034539627, 37.065576115398258 ], [ 127.607775764475889, 37.064656596744513 ], [ 127.612368201329417, 37.069262115574766 ], [ 127.613073958831606, 37.067520000342043 ], [ 127.619930683247446, 37.063883797928582 ], [ 127.623086379674916, 37.066327507347381 ], [ 127.623263669622105, 37.069448448098044 ], [ 127.628212671342965, 37.072831427318214 ], [ 127.627859186740011, 37.06320725669805 ], [ 127.630889214895433, 37.061711405406399 ], [ 127.631992840897937, 37.057334184232374 ], [ 127.633952520851551, 37.055813689645163 ], [ 127.638211499383857, 37.057265317439665 ], [ 127.648441548298408, 37.05312283973916 ], [ 127.654246246928764, 37.050013539471443 ], [ 127.659847628110754, 37.043487473888227 ], [ 127.668460061230192, 37.042590853722409 ], [ 127.672047403783296, 37.040216843004579 ], [ 127.67210247221017, 37.034709693712927 ], [ 127.66438877196866, 37.030604989511602 ], [ 127.664608508213703, 37.023149786423822 ], [ 127.660949413595148, 37.021445428949214 ], [ 127.656312140497178, 37.01590463199355 ], [ 127.657274648187823, 37.010887700856081 ], [ 127.665438417628351, 37.003153156280923 ], [ 127.659073397796575, 37.003467042428291 ], [ 127.655230645706794, 37.001364833181633 ], [ 127.653245998715349, 36.997511922760758 ], [ 127.654432451414763, 36.994469055991694 ], [ 127.652540890720005, 36.991700826914375 ], [ 127.653657524974449, 36.986592755309616 ], [ 127.650970702844845, 36.983854146271057 ], [ 127.644746850002718, 36.988833454956804 ] ] ] ] } },
{ "type": "Feature", "properties": { "emd_cd": "43770370", "emd_nm": "감곡면" }, "geometry": { "type": "MultiPolygon", "coordinates": [ [ [ [ 127.672047403783296, 37.040216843004579 ], [ 127.668460061230192, 37.042590853722409 ], [ 127.659847628110754, 37.043487473888227 ], [ 127.654246246928764, 37.050013539471443 ], [ 127.648441548298408, 37.05312283973916 ], [ 127.638211499383857, 37.057265317439665 ], [ 127.633952520851551, 37.055813689645163 ], [ 127.631992840897937, 37.057334184232374 ], [ 127.630889214895433, 37.061711405406399 ], [ 127.627859186740011, 37.06320725669805 ], [ 127.628212671342965, 37.072831427318214 ], [ 127.623263669622105, 37.069448448098044 ], [ 127.623086379674916, 37.066327507347381 ], [ 127.619930683247446, 37.063883797928582 ], [ 127.613073958831606, 37.067520000342043 ], [ 127.612368201329417, 37.069262115574766 ], [ 127.607775764475889, 37.064656596744513 ], [ 127.605185611868237, 37.065733930219054 ], [ 127.605050474322752, 37.075907510154103 ], [ 127.599716025655951, 37.080692095942652 ], [ 127.600169917581255, 37.087150625879929 ], [ 127.603914171683087, 37.087483346033252 ], [ 127.605749342015102, 37.085713604871721 ], [ 127.613672504468283, 37.086588799482101 ], [ 127.631838068018268, 37.096475935299594 ], [ 127.634445738443119, 37.099445768227213 ], [ 127.634142383800622, 37.107276203737186 ], [ 127.636493380029179, 37.115328732296753 ], [ 127.635107646636655, 37.115216775316043 ], [ 127.63349501778363, 37.120292619818407 ], [ 127.637783227782464, 37.141175586655748 ], [ 127.627465373609226, 37.151717247964413 ], [ 127.628345298650288, 37.155290923358102 ], [ 127.63328207247794, 37.152991872041518 ], [ 127.638663620257859, 37.153085479275653 ], [ 127.641216355087963, 37.15106289402474 ], [ 127.648108921704335, 37.15058858039292 ], [ 127.650105176352909, 37.147579914287917 ], [ 127.652360181752485, 37.148047869279274 ], [ 127.656410013850888, 37.14487734768398 ], [ 127.655652064094056, 37.142403247220074 ], [ 127.661279892931717, 37.139403677735487 ], [ 127.666015549713833, 37.139480664320971 ], [ 127.670202067181435, 37.136110856739705 ], [ 127.682751309596725, 37.136467954288022 ], [ 127.686782185975019, 37.13502724532394 ], [ 127.695494511446597, 37.140428435441137 ], [ 127.700229588520898, 37.13779784145828 ], [ 127.706329163926583, 37.137064212461731 ], [ 127.709643447107013, 37.135682571387846 ], [ 127.711968544165359, 37.12776938959162 ], [ 127.717638687406463, 37.125339650835777 ], [ 127.722123967167633, 37.120862808345358 ], [ 127.72282003837995, 37.114770180730495 ], [ 127.721060715637719, 37.111221794420047 ], [ 127.714857392551608, 37.110041648578175 ], [ 127.712609605205131, 37.10636740089037 ], [ 127.700937686028325, 37.102959263484706 ], [ 127.699912922863547, 37.099644135841729 ], [ 127.698117121998962, 37.099383827373892 ], [ 127.700154823461503, 37.095525893934905 ], [ 127.699345334150038, 37.09163528049806 ], [ 127.693444441646818, 37.085539504465551 ], [ 127.692186898940079, 37.081330233177134 ], [ 127.686636622769257, 37.080952556785867 ], [ 127.683750940919026, 37.078359834244239 ], [ 127.683003764328774, 37.07590466091888 ], [ 127.686539094482271, 37.073254528617738 ], [ 127.689100125328821, 37.066475946958057 ], [ 127.691243421127851, 37.053103560073133 ], [ 127.685177166325332, 37.047065639475129 ], [ 127.67697727484061, 37.044121530398257 ], [ 127.672047403783296, 37.040216843004579 ] ] ] ] } },
{ "type": "Feature", "properties": { "emd_cd": "43800250", "emd_nm": "단양읍" }, "geometry": { "type": "MultiPolygon", "coordinates": [ [ [ [ 128.347280167587144, 36.934358731048079 ], [ 128.341570580670577, 36.9370644860753 ], [ 128.337033096371044, 36.937301183468264 ], [ 128.335491843404213, 36.939834095702942 ], [ 128.328186611551246, 36.937353500142208 ], [ 128.32703199882323, 36.942481395454081 ], [ 128.324828883776007, 36.943392556916628 ], [ 128.324982381040428, 36.945632916099832 ], [ 128.323555696138129, 36.946383397794904 ], [ 128.325228117765676, 36.949099511112877 ], [ 128.32418377206659, 36.952040513954273 ], [ 128.335612899440093, 36.959334786555722 ], [ 128.335591795986403, 36.96803990737633 ], [ 128.338009268076092, 36.97261653516324 ], [ 128.340566503516641, 36.97315133296825 ], [ 128.341956609492627, 36.979151807962616 ], [ 128.327720487004427, 36.985181345931835 ], [ 128.327373901821375, 36.986699909523367 ], [ 128.336953126367916, 36.996784540840778 ], [ 128.343988790039134, 36.994518627934937 ], [ 128.345813823657323, 36.995850605184486 ], [ 128.347363388773147, 36.997090885595213 ], [ 128.345139175316291, 36.999652043909229 ], [ 128.346086664136067, 37.004615033844495 ], [ 128.354711385130258, 37.007957508599723 ], [ 128.359131598065716, 37.007925188159696 ], [ 128.37649818345227, 36.99887995337567 ], [ 128.38431487639599, 36.999731556048197 ], [ 128.385050402017299, 36.996218749901033 ], [ 128.388709444410722, 36.995067746739927 ], [ 128.389824441279785, 36.992831265872844 ], [ 128.406110296547496, 36.993243754532052 ], [ 128.413119731187834, 36.990281475822229 ], [ 128.415648699482858, 36.987328327094929 ], [ 128.420433251730344, 36.987201661191882 ], [ 128.420074373326997, 36.983346984503832 ], [ 128.421801245952736, 36.981273417146809 ], [ 128.425827747853162, 36.980890097372964 ], [ 128.430397474728352, 36.973992647988602 ], [ 128.436469745700464, 36.97183958376398 ], [ 128.444826180936047, 36.96511920875399 ], [ 128.44910031785011, 36.965504048229377 ], [ 128.459116522565949, 36.961563435676887 ], [ 128.463392463270196, 36.962334967816815 ], [ 128.474670422818889, 36.960584441226132 ], [ 128.477059765065405, 36.957491347694223 ], [ 128.462827992093366, 36.947446467318045 ], [ 128.463432461653468, 36.943725404925651 ], [ 128.460229918405616, 36.937702465374855 ], [ 128.46048917244778, 36.933959501175231 ], [ 128.445254092477285, 36.930838635463779 ], [ 128.441739662272568, 36.927709633382875 ], [ 128.429417352677831, 36.930226280069121 ], [ 128.423036746087774, 36.925107012698504 ], [ 128.414661443482089, 36.924297452039248 ], [ 128.398122070552034, 36.928574339446968 ], [ 128.387080150931183, 36.926972489420329 ], [ 128.378974681227049, 36.930923875495047 ], [ 128.375813389507243, 36.929888162634334 ], [ 128.373817378790591, 36.932064036922363 ], [ 128.369130414393993, 36.932106667303998 ], [ 128.367405605723917, 36.935541869134788 ], [ 128.361953430894658, 36.936481324089229 ], [ 128.35335386500256, 36.933197633517274 ], [ 128.352046418914284, 36.93005358706943 ], [ 128.347913013082945, 36.931930065306723 ], [ 128.347280167587144, 36.934358731048079 ] ] ] ] } },
{ "type": "Feature", "properties": { "emd_cd": "43800253", "emd_nm": "매포읍" }, "geometry": { "type": "MultiPolygon", "coordinates": [ [ [ [ 128.339216999921831, 36.99650496139504 ], [ 128.334144534314504, 36.994937713861901 ], [ 128.329000317311284, 36.98979677105212 ], [ 128.327720487004427, 36.985181345931835 ], [ 128.322046095716559, 36.981439364817071 ], [ 128.317942069811863, 36.981946270045633 ], [ 128.311550826908785, 36.978960884470943 ], [ 128.308456067716605, 36.979722619606008 ], [ 128.307074105814564, 36.983075310691525 ], [ 128.302146835327903, 36.983562334544914 ], [ 128.29893960801266, 36.989294606998577 ], [ 128.303588078066525, 36.997857653426436 ], [ 128.303773332318769, 37.003331710838658 ], [ 128.29575661459387, 37.012983929328939 ], [ 128.294181957204614, 37.019653180217823 ], [ 128.289573324622523, 37.023814395282137 ], [ 128.289534370077405, 37.025778988627124 ], [ 128.291630013382786, 37.026173904806853 ], [ 128.281389486561096, 37.027681072117431 ], [ 128.278131594489508, 37.033369049099427 ], [ 128.271012951302424, 37.037237620018033 ], [ 128.266074793676353, 37.036753104367236 ], [ 128.259871930373549, 37.040951600065441 ], [ 128.259466415951721, 37.044175305269896 ], [ 128.264474255435175, 37.047276724296744 ], [ 128.262714465351706, 37.050175785461128 ], [ 128.270996498296455, 37.054004324651558 ], [ 128.270795264304951, 37.057338906515746 ], [ 128.267038687980858, 37.060860011424381 ], [ 128.263668076550204, 37.061075286373587 ], [ 128.260156623173941, 37.064586231777035 ], [ 128.254713589656888, 37.066096923021796 ], [ 128.253161025083131, 37.069434230474734 ], [ 128.249582469150482, 37.069966327805552 ], [ 128.248893374816618, 37.07464668112182 ], [ 128.255251746772359, 37.081987051364202 ], [ 128.261524576024357, 37.082144615669591 ], [ 128.26964711544656, 37.087218472493646 ], [ 128.269120885716802, 37.088673101467229 ], [ 128.264390989493336, 37.088138926260811 ], [ 128.259585595772165, 37.099145361799515 ], [ 128.256308010061957, 37.101475614052546 ], [ 128.263200541599474, 37.107073005976957 ], [ 128.263239073532333, 37.108614482076689 ], [ 128.266923386475355, 37.108667422868187 ], [ 128.267352322973409, 37.113583317396611 ], [ 128.270185393628509, 37.112754768265617 ], [ 128.270804153894289, 37.115937185350084 ], [ 128.272982724833952, 37.117131366103209 ], [ 128.27755075601857, 37.115874727079344 ], [ 128.278686385651184, 37.113943458269453 ], [ 128.277742325750808, 37.110833412338884 ], [ 128.284639433034044, 37.106927215916556 ], [ 128.287075958546296, 37.102182182252214 ], [ 128.29312848862557, 37.099196444246594 ], [ 128.299053284404181, 37.091121437813477 ], [ 128.308824554010215, 37.083718182021897 ], [ 128.311341606050917, 37.07899234674953 ], [ 128.31906874166711, 37.072447639259515 ], [ 128.323099739803354, 37.065759314935839 ], [ 128.322497271611326, 37.060253738758831 ], [ 128.326228393669254, 37.058543732029534 ], [ 128.331516948917653, 37.059015231898528 ], [ 128.330992639199962, 37.056105634905101 ], [ 128.337213280012094, 37.047002085379923 ], [ 128.343310981963924, 37.044737709263941 ], [ 128.346039193155093, 37.041973171641558 ], [ 128.341739229694497, 37.03646132011604 ], [ 128.343072142973313, 37.03587008157966 ], [ 128.343565878057603, 37.03545756043313 ], [ 128.34414623160157, 37.030570663668342 ], [ 128.349340681536063, 37.022760436982878 ], [ 128.345468400567256, 37.015284039008741 ], [ 128.355072460815876, 37.009190934709792 ], [ 128.354739716438814, 37.007533642678069 ], [ 128.349536216911616, 37.006928460901655 ], [ 128.346086664136067, 37.004615033844495 ], [ 128.345139175316291, 36.999652043909229 ], [ 128.347363388773147, 36.997090885595213 ], [ 128.345813823657323, 36.995850605184486 ], [ 128.343988790039134, 36.994518627934937 ], [ 128.339216999921831, 36.99650496139504 ] ] ] ] } },
{ "type": "Feature", "properties": { "emd_cd": "43800310", "emd_nm": "대강면" }, "geometry": { "type": "MultiPolygon", "coordinates": [ [ [ [ 128.362882328167387, 36.80042766747875 ], [ 128.355228469959656, 36.804457756701375 ], [ 128.354820346034785, 36.809498330975757 ], [ 128.350759914593851, 36.811604463932206 ], [ 128.334286872831143, 36.8168374576559 ], [ 128.320835476775926, 36.815393044546553 ], [ 128.316453662817196, 36.816663366063821 ], [ 128.315744502987314, 36.822755625167368 ], [ 128.311595089354398, 36.825036669617404 ], [ 128.310518261244766, 36.828630616719614 ], [ 128.305854679846732, 36.828924561468668 ], [ 128.303701295723357, 36.831300859079633 ], [ 128.305518123202688, 36.83187512591298 ], [ 128.303148506258339, 36.837797994618747 ], [ 128.310738868956406, 36.839079467642506 ], [ 128.316143300756323, 36.842257467147583 ], [ 128.317844946504692, 36.848465245390742 ], [ 128.308843067636531, 36.859669262955457 ], [ 128.312314180740941, 36.864266098653381 ], [ 128.319738060810323, 36.868522823032954 ], [ 128.325847010001581, 36.868518825136313 ], [ 128.327892291131974, 36.872277351752395 ], [ 128.325361884936143, 36.87870188423009 ], [ 128.326984616824717, 36.882705280730335 ], [ 128.323864731000953, 36.887792459861771 ], [ 128.322159472811563, 36.895162742444242 ], [ 128.33457147770639, 36.905886579912668 ], [ 128.337945691698138, 36.914307768984067 ], [ 128.34408818208729, 36.917317231581542 ], [ 128.347699339915778, 36.922097036106756 ], [ 128.342667999500748, 36.925008352238592 ], [ 128.345943285985868, 36.931922589757704 ], [ 128.344966510726209, 36.934423601355 ], [ 128.347280167587144, 36.934358731048079 ], [ 128.347913013082945, 36.931930065306723 ], [ 128.352046418914284, 36.93005358706943 ], [ 128.35335386500256, 36.933197633517274 ], [ 128.361953430894658, 36.936481324089229 ], [ 128.367405605723917, 36.935541869134788 ], [ 128.369130414393993, 36.932106667303998 ], [ 128.373817378790591, 36.932064036922363 ], [ 128.375813389507243, 36.929888162634334 ], [ 128.378974681227049, 36.930923875495047 ], [ 128.387080150931183, 36.926972489420329 ], [ 128.398122070552034, 36.928574339446968 ], [ 128.417316655076519, 36.924134126856089 ], [ 128.423036746087774, 36.925107012698504 ], [ 128.429417352677831, 36.930226280069121 ], [ 128.440732228435451, 36.928740964844209 ], [ 128.444869498304342, 36.917508274666197 ], [ 128.444783216315045, 36.913706208332911 ], [ 128.44310380679434, 36.912323508037893 ], [ 128.440183901113556, 36.901326173330624 ], [ 128.42649875422336, 36.88928836492817 ], [ 128.427935815222781, 36.884940675489901 ], [ 128.42430963909635, 36.877663593218685 ], [ 128.439190435394408, 36.873120440208268 ], [ 128.449120001479514, 36.864098003837007 ], [ 128.446957557115297, 36.854044343804759 ], [ 128.449502771545525, 36.849151014746319 ], [ 128.447198442203558, 36.843529418533137 ], [ 128.442762975699111, 36.840340565636509 ], [ 128.440970862373263, 36.836881087239014 ], [ 128.434113460548218, 36.834100069333978 ], [ 128.432393114276351, 36.823829806585067 ], [ 128.426355207296496, 36.81836837908844 ], [ 128.425209447345935, 36.814221453112097 ], [ 128.4212332292376, 36.811607353396219 ], [ 128.405988729875503, 36.811793096367794 ], [ 128.394523127814495, 36.814717776162233 ], [ 128.381210616105278, 36.81367370987369 ], [ 128.367042725908135, 36.800562686250352 ], [ 128.362882328167387, 36.80042766747875 ] ] ] ] } },
{ "type": "Feature", "properties": { "emd_cd": "43800320", "emd_nm": "가곡면" }, "geometry": { "type": "MultiPolygon", "coordinates": [ [ [ [ 128.354711385130258, 37.007957508599723 ], [ 128.35511883835423, 37.009757854076433 ], [ 128.345468400567256, 37.015284039008741 ], [ 128.349340681536063, 37.022760436982878 ], [ 128.34414623160157, 37.030570663668342 ], [ 128.343565878057603, 37.03545756043313 ], [ 128.341739229694497, 37.03646132011604 ], [ 128.346039193155093, 37.041973171641558 ], [ 128.35045134354192, 37.040952015918251 ], [ 128.352877630450479, 37.04308415880066 ], [ 128.357835223325282, 37.042692202732383 ], [ 128.371012143626047, 37.045660915339901 ], [ 128.372404890808383, 37.044554073616915 ], [ 128.376410093684427, 37.048190983181335 ], [ 128.37840768215878, 37.04782162447421 ], [ 128.386814529461049, 37.052367521534769 ], [ 128.386506339661594, 37.05418187168889 ], [ 128.389082467596666, 37.056926831107333 ], [ 128.391952049875869, 37.055907011315199 ], [ 128.399530632773349, 37.061542357281134 ], [ 128.405327702330624, 37.059161215202153 ], [ 128.413702718779405, 37.06230417262222 ], [ 128.416565644124006, 37.066020643511955 ], [ 128.428143892842144, 37.070700456250854 ], [ 128.432020866810348, 37.068764378915404 ], [ 128.431580061360165, 37.065646274724131 ], [ 128.461683175491146, 37.071200230196567 ], [ 128.46305904837115, 37.067527622266979 ], [ 128.457784250970093, 37.062306763823742 ], [ 128.455882053467747, 37.054369261125657 ], [ 128.460474758023736, 37.051409336543415 ], [ 128.463021270292643, 37.046657633964607 ], [ 128.460270351908576, 37.043001337261977 ], [ 128.461518105019508, 37.040577470931197 ], [ 128.464068051944309, 37.037812515418764 ], [ 128.475086469989776, 37.03361556417066 ], [ 128.475841412137555, 37.02784347102827 ], [ 128.478225275447613, 37.023592948730681 ], [ 128.477681873828573, 37.021185129823138 ], [ 128.486381330409415, 37.012665737335702 ], [ 128.493506000375504, 37.008188193559569 ], [ 128.492021361402408, 37.003752517649879 ], [ 128.501795827381926, 36.995648832532652 ], [ 128.509260358595895, 36.992776626485323 ], [ 128.510669411296533, 36.989981012666618 ], [ 128.51488335114351, 36.987786543100384 ], [ 128.514718153589087, 36.977701913983161 ], [ 128.506439075641026, 36.973232540842645 ], [ 128.506735311048033, 36.970150851110951 ], [ 128.505249244235046, 36.969300183610777 ], [ 128.486002579854585, 36.961964806100092 ], [ 128.48492667040054, 36.957414988145658 ], [ 128.477059765065405, 36.957491347694223 ], [ 128.474670422818889, 36.960584441226132 ], [ 128.463392463270196, 36.962334967816815 ], [ 128.459116522565949, 36.961563435676887 ], [ 128.44910031785011, 36.965504048229377 ], [ 128.444826180936047, 36.96511920875399 ], [ 128.436469745700464, 36.97183958376398 ], [ 128.430397474728352, 36.973992647988602 ], [ 128.425827747853162, 36.980890097372964 ], [ 128.421801245952736, 36.981273417146809 ], [ 128.420074373326997, 36.983346984503832 ], [ 128.420433251730344, 36.987201661191882 ], [ 128.415648699482858, 36.987328327094929 ], [ 128.413119731187834, 36.990281475822229 ], [ 128.406110296547496, 36.993243754532052 ], [ 128.389824441279785, 36.992831265872844 ], [ 128.388709444410722, 36.995067746739927 ], [ 128.385050402017299, 36.996218749901033 ], [ 128.38431487639599, 36.999731556048197 ], [ 128.37649818345227, 36.99887995337567 ], [ 128.359131598065716, 37.007925188159696 ], [ 128.354711385130258, 37.007957508599723 ] ] ] ] } },
{ "type": "Feature", "properties": { "emd_cd": "43800330", "emd_nm": "영춘면" }, "geometry": { "type": "MultiPolygon", "coordinates": [ [ [ [ 128.514466002497727, 37.101351621479985 ], [ 128.515516684779612, 37.103251284958603 ], [ 128.518431334490572, 37.101887126232299 ], [ 128.521835323719102, 37.103091368568542 ], [ 128.529533283023056, 37.100804111187557 ], [ 128.534135585600552, 37.098112297022098 ], [ 128.536834027801433, 37.090136043483426 ], [ 128.544465153408851, 37.087585887328572 ], [ 128.553848673894151, 37.086589769711352 ], [ 128.561701863981995, 37.090236266092163 ], [ 128.570906437109983, 37.086217121373558 ], [ 128.57036814818872, 37.084474595913555 ], [ 128.574405941156016, 37.081317071248769 ], [ 128.581733954194135, 37.0816743166246 ], [ 128.591847161840434, 37.078155239555308 ], [ 128.595036393975022, 37.081536428382961 ], [ 128.601622749770172, 37.083056680575197 ], [ 128.60101448258763, 37.078871738320935 ], [ 128.604879456396475, 37.07936226805834 ], [ 128.607014413651854, 37.076774736489419 ], [ 128.622642042481203, 37.087401815448622 ], [ 128.62827822389599, 37.081332588660466 ], [ 128.628212640119415, 37.075156101124243 ], [ 128.634361981485313, 37.070700792812339 ], [ 128.637396574038377, 37.07225740174345 ], [ 128.639099683608322, 37.070662280222052 ], [ 128.642670512617542, 37.070762448904482 ], [ 128.652096322906772, 37.065439852619249 ], [ 128.644551623218319, 37.062155790971516 ], [ 128.641761439188713, 37.055189161770421 ], [ 128.638961211705237, 37.052494344006142 ], [ 128.636604707885652, 37.052796508747072 ], [ 128.637608439341193, 37.051143221238497 ], [ 128.634109230395296, 37.045765990740335 ], [ 128.63295571158389, 37.040502008504568 ], [ 128.622893505368694, 37.0453778934274 ], [ 128.621730378709202, 37.049156705365128 ], [ 128.60856838026271, 37.052879953220959 ], [ 128.6071527574112, 37.050051615254382 ], [ 128.607922077008965, 37.047440141582584 ], [ 128.606115621852325, 37.045701463268507 ], [ 128.606796719180863, 37.043510389506039 ], [ 128.599882891560696, 37.043610454346563 ], [ 128.596825356612044, 37.041792361403701 ], [ 128.583381202722336, 37.04379943268134 ], [ 128.577664134639832, 37.03554884601018 ], [ 128.56915122736217, 37.034901148947334 ], [ 128.565675390839402, 37.031536079905699 ], [ 128.566959642762725, 37.026012100930281 ], [ 128.572939231810523, 37.020886842032951 ], [ 128.568968422381602, 37.012841078522797 ], [ 128.563255908656373, 37.010108010486064 ], [ 128.562717597726873, 37.007839188377652 ], [ 128.555948200850025, 37.005676512335683 ], [ 128.554724119988265, 36.998299605517317 ], [ 128.54316353149602, 36.992141356167195 ], [ 128.53558311379652, 36.990257068231244 ], [ 128.529679248957137, 36.990845324296423 ], [ 128.515444998767066, 36.98684545170844 ], [ 128.509567631076976, 36.990964536692118 ], [ 128.509260358595895, 36.992776626485323 ], [ 128.501795827381926, 36.995648832532652 ], [ 128.492021361402408, 37.003752517649879 ], [ 128.493506000375504, 37.008188193559569 ], [ 128.486381330409415, 37.012665737335702 ], [ 128.477681873828573, 37.021185129823138 ], [ 128.478225275447613, 37.023592948730681 ], [ 128.475841412137555, 37.02784347102827 ], [ 128.475086469989776, 37.03361556417066 ], [ 128.464068051944309, 37.037812515418764 ], [ 128.461518105019508, 37.040577470931197 ], [ 128.460270351908576, 37.043001337261977 ], [ 128.463021270292643, 37.046657633964607 ], [ 128.460474758023736, 37.051409336543415 ], [ 128.455882053467747, 37.054369261125657 ], [ 128.457784250970093, 37.062306763823742 ], [ 128.46305904837115, 37.067527622266979 ], [ 128.461683175491146, 37.071200230196567 ], [ 128.431580061360165, 37.065646274724131 ], [ 128.432020866810348, 37.068764378915404 ], [ 128.428143892842144, 37.070700456250854 ], [ 128.416565644124006, 37.066020643511955 ], [ 128.413702718779405, 37.06230417262222 ], [ 128.406190095379912, 37.060090531408804 ], [ 128.403390419604392, 37.070613861933715 ], [ 128.399929606949229, 37.075316734087544 ], [ 128.394473459068962, 37.080848317234143 ], [ 128.387489943856878, 37.082793200948267 ], [ 128.386813671173371, 37.085944189002888 ], [ 128.383168656753611, 37.08798471361947 ], [ 128.383944891576562, 37.090151633784394 ], [ 128.380583558989031, 37.093757023484734 ], [ 128.380883800922106, 37.098210721580649 ], [ 128.377693254101558, 37.105049723478338 ], [ 128.378980129845928, 37.107729112497346 ], [ 128.370841653909906, 37.111210757380221 ], [ 128.371228750277567, 37.119946395175418 ], [ 128.369167743076332, 37.126253726916971 ], [ 128.372662233202504, 37.128346052515234 ], [ 128.370872782651787, 37.131939531548213 ], [ 128.37314137273728, 37.135100733478851 ], [ 128.361754210964989, 37.140669657601613 ], [ 128.359715071986301, 37.150220814087582 ], [ 128.364867852246448, 37.157721382814302 ], [ 128.367887828015284, 37.154430787349533 ], [ 128.375829139311804, 37.153313348755695 ], [ 128.376717059982781, 37.151704102288321 ], [ 128.383696972262271, 37.158206178836473 ], [ 128.388758451530862, 37.154615742466838 ], [ 128.392799562331192, 37.154803212752199 ], [ 128.393177327168445, 37.151734340187517 ], [ 128.396374434532561, 37.14856876672529 ], [ 128.400874010072783, 37.146876316398163 ], [ 128.403663134808824, 37.139618477554322 ], [ 128.401821943582632, 37.138516196311294 ], [ 128.400788259498228, 37.133331252175779 ], [ 128.396002193305264, 37.128594064572319 ], [ 128.405751231983089, 37.126987726772875 ], [ 128.411043835887114, 37.122134403356732 ], [ 128.418473031993386, 37.119814451379177 ], [ 128.421045987736278, 37.113703444460384 ], [ 128.423560305098647, 37.112244282146072 ], [ 128.422155009250616, 37.107785668248766 ], [ 128.42306235235273, 37.103248675304847 ], [ 128.424700172900117, 37.10246400152932 ], [ 128.430122896210747, 37.103670861569462 ], [ 128.430580408063008, 37.106753612078094 ], [ 128.435550963814279, 37.109508091250468 ], [ 128.43613980546175, 37.11199234794335 ], [ 128.442691590681648, 37.109241134439962 ], [ 128.444800985925042, 37.106265830891175 ], [ 128.450835962228837, 37.11235957661308 ], [ 128.458045382972898, 37.110275538854935 ], [ 128.477805644341771, 37.110154911198087 ], [ 128.481873656703783, 37.112700313416823 ], [ 128.482389408122202, 37.11495690583299 ], [ 128.490996262014164, 37.123817779323417 ], [ 128.496553643722677, 37.125790688569161 ], [ 128.506671833065155, 37.115442154962125 ], [ 128.510758126551622, 37.113954223396526 ], [ 128.514466002497727, 37.101351621479985 ] ] ] ] } },
{ "type": "Feature", "properties": { "emd_cd": "43800340", "emd_nm": "어상천면" }, "geometry": { "type": "MultiPolygon", "coordinates": [ [ [ [ 128.346039193155093, 37.041973171641558 ], [ 128.343310981963924, 37.044737709263941 ], [ 128.337213280012094, 37.047002085379923 ], [ 128.330992639199962, 37.056105634905101 ], [ 128.331516948917653, 37.059015231898528 ], [ 128.326228393669254, 37.058543732029534 ], [ 128.322497271611326, 37.060253738758831 ], [ 128.323099739803354, 37.065759314935839 ], [ 128.31906874166711, 37.072447639259515 ], [ 128.311341606050917, 37.07899234674953 ], [ 128.308824554010215, 37.083718182021897 ], [ 128.299053284404181, 37.091121437813477 ], [ 128.293984767098124, 37.098055944297954 ], [ 128.298834867098151, 37.099412206724168 ], [ 128.300732231705638, 37.098539989302608 ], [ 128.30387863150662, 37.100348128388546 ], [ 128.306477064667291, 37.108974606980624 ], [ 128.308931351831376, 37.111315879174356 ], [ 128.308459433367659, 37.114515969934544 ], [ 128.305036086987371, 37.116199525083772 ], [ 128.303864906072022, 37.118573375873197 ], [ 128.303483844043598, 37.12890171377552 ], [ 128.298313997193077, 37.134179415366724 ], [ 128.306360644647413, 37.137525922171747 ], [ 128.305882351301477, 37.139533365253939 ], [ 128.309317002731433, 37.142803401512232 ], [ 128.309514742155301, 37.144925324610846 ], [ 128.319784974234977, 37.14726422464156 ], [ 128.322018893519669, 37.149221947212325 ], [ 128.324732669457518, 37.148073442964417 ], [ 128.327465326250007, 37.152935740872394 ], [ 128.330672466193562, 37.150343157700497 ], [ 128.333472372744808, 37.15247604600129 ], [ 128.334746130296963, 37.156521543446118 ], [ 128.338476753563242, 37.158143837609018 ], [ 128.342588275012218, 37.155942119364447 ], [ 128.351513456663127, 37.157412616695147 ], [ 128.359478785394145, 37.150692606180961 ], [ 128.361754210964989, 37.140669657601613 ], [ 128.37314137273728, 37.135100733478851 ], [ 128.370872782651787, 37.131939531548213 ], [ 128.372662233202504, 37.128346052515234 ], [ 128.369167743076332, 37.126253726916971 ], [ 128.371228750277567, 37.119946395175418 ], [ 128.370841653909906, 37.111210757380221 ], [ 128.378980129845928, 37.107729112497346 ], [ 128.377693254101558, 37.105049723478338 ], [ 128.380883800922106, 37.098210721580649 ], [ 128.380583558989031, 37.093757023484734 ], [ 128.383944891576562, 37.090151633784394 ], [ 128.383168656753611, 37.08798471361947 ], [ 128.386813671173371, 37.085944189002888 ], [ 128.387489943856878, 37.082793200948267 ], [ 128.394473459068962, 37.080848317234143 ], [ 128.399929606949229, 37.075316734087544 ], [ 128.403390419604392, 37.070613861933715 ], [ 128.406190095379912, 37.060090531408804 ], [ 128.402927268980733, 37.059518496665952 ], [ 128.399530632773349, 37.061542357281134 ], [ 128.391952049875869, 37.055907011315199 ], [ 128.389082467596666, 37.056926831107333 ], [ 128.386506339661594, 37.05418187168889 ], [ 128.386814529461049, 37.052367521534769 ], [ 128.37840768215878, 37.04782162447421 ], [ 128.376410093684427, 37.048190983181335 ], [ 128.372404890808383, 37.044554073616915 ], [ 128.371012143626047, 37.045660915339901 ], [ 128.357835223325282, 37.042692202732383 ], [ 128.352877630450479, 37.04308415880066 ], [ 128.35045134354192, 37.040952015918251 ], [ 128.346039193155093, 37.041973171641558 ] ] ] ] } },
{ "type": "Feature", "properties": { "emd_cd": "43800350", "emd_nm": "적성면" }, "geometry": { "type": "MultiPolygon", "coordinates": [ [ [ [ 128.251044467484093, 36.942073161433058 ], [ 128.255911671468994, 36.943891462471129 ], [ 128.259906418427107, 36.948732754787912 ], [ 128.264676534523716, 36.950286827824421 ], [ 128.264604563807978, 36.952233865949232 ], [ 128.259632337503206, 36.95483994779709 ], [ 128.266611952049146, 36.960763962550601 ], [ 128.260034413016456, 36.968394855022346 ], [ 128.25936536688252, 36.978609603179784 ], [ 128.255791384910793, 36.986510125713792 ], [ 128.258594180614779, 36.993361337544066 ], [ 128.253915980087754, 36.997464523228132 ], [ 128.257107005889424, 36.998929698480559 ], [ 128.25726621983091, 37.002331710085357 ], [ 128.25398426844248, 37.009308193180168 ], [ 128.248336562402045, 37.013141032451969 ], [ 128.243952227676573, 37.02098089458967 ], [ 128.23852641197459, 37.025045923526903 ], [ 128.226551242370846, 37.025370374701197 ], [ 128.224074166528311, 37.030563712200831 ], [ 128.224383821362892, 37.034298908872685 ], [ 128.217067124233296, 37.037386949751877 ], [ 128.220769901423893, 37.042019720811282 ], [ 128.218914954331979, 37.04582879171339 ], [ 128.220978595307741, 37.050084174609104 ], [ 128.217813193086442, 37.054373256754332 ], [ 128.224995765628677, 37.05877525234439 ], [ 128.225351351829374, 37.06233472050414 ], [ 128.236731547131512, 37.06546620004157 ], [ 128.239357543474569, 37.073644688844354 ], [ 128.246847645395604, 37.076924404418513 ], [ 128.249260760397846, 37.075069465422359 ], [ 128.249582469150482, 37.069966327805552 ], [ 128.253161025083131, 37.069434230474734 ], [ 128.254713589656888, 37.066096923021796 ], [ 128.260156623173941, 37.064586231777035 ], [ 128.263668076550204, 37.061075286373587 ], [ 128.267038687980858, 37.060860011424381 ], [ 128.270795264304951, 37.057338906515746 ], [ 128.270996498296455, 37.054004324651558 ], [ 128.262714465351706, 37.050175785461128 ], [ 128.264474255435175, 37.047276724296744 ], [ 128.259466415951721, 37.044175305269896 ], [ 128.259871930373549, 37.040951600065441 ], [ 128.266074793676353, 37.036753104367236 ], [ 128.271012951302424, 37.037237620018033 ], [ 128.278131594489508, 37.033369049099427 ], [ 128.281389486561096, 37.027681072117431 ], [ 128.289950500999737, 37.027293450932405 ], [ 128.291630013382786, 37.026173904806853 ], [ 128.289534370077405, 37.025778988627124 ], [ 128.289573324622523, 37.023814395282137 ], [ 128.294181957204614, 37.019653180217823 ], [ 128.29575661459387, 37.012983929328939 ], [ 128.303773332318769, 37.003331710838658 ], [ 128.303588078066525, 36.997857653426436 ], [ 128.298860946124819, 36.990711200408924 ], [ 128.302146835327903, 36.983562334544914 ], [ 128.307074105814564, 36.983075310691525 ], [ 128.308163780349275, 36.97988677129625 ], [ 128.311550826908785, 36.978960884470943 ], [ 128.317942069811863, 36.981946270045633 ], [ 128.322046095716559, 36.981439364817071 ], [ 128.327720487004427, 36.985181345931835 ], [ 128.341956609492627, 36.979151807962616 ], [ 128.340566503516641, 36.97315133296825 ], [ 128.338009268076092, 36.97261653516324 ], [ 128.335591795986403, 36.96803990737633 ], [ 128.335569658288961, 36.9592794889857 ], [ 128.327572184279092, 36.953673545693412 ], [ 128.317469089757424, 36.949358896186411 ], [ 128.310142389820044, 36.941367301859543 ], [ 128.304618853011789, 36.940806464581968 ], [ 128.290584971485231, 36.925799544934826 ], [ 128.286074118901098, 36.926212598637385 ], [ 128.285161073368499, 36.930211402941104 ], [ 128.280347389345422, 36.932906253833707 ], [ 128.273455587746554, 36.933331576291025 ], [ 128.273280668093662, 36.934400438477248 ], [ 128.272460543359642, 36.933128229808666 ], [ 128.265461705505999, 36.93260295138677 ], [ 128.253274521178497, 36.93405033557498 ], [ 128.250246369460626, 36.936320222036628 ], [ 128.251044467484093, 36.942073161433058 ] ] ] ] } },
{ "type": "Feature", "properties": { "emd_cd": "43800360", "emd_nm": "단성면" }, "geometry": { "type": "MultiPolygon", "coordinates": [ [ [ [ 128.341570580670577, 36.9370644860753 ], [ 128.345943285985868, 36.931922589757704 ], [ 128.342667999500748, 36.925008352238592 ], [ 128.347699339915778, 36.922097036106756 ], [ 128.34408818208729, 36.917317231581542 ], [ 128.337945691698138, 36.914307768984067 ], [ 128.33457147770639, 36.905886579912668 ], [ 128.322159472811563, 36.895162742444242 ], [ 128.323864731000953, 36.887792459861771 ], [ 128.326984616824717, 36.882705280730335 ], [ 128.325361884936143, 36.87870188423009 ], [ 128.327892291131974, 36.872277351752395 ], [ 128.325847010001581, 36.868518825136313 ], [ 128.319738060810323, 36.868522823032954 ], [ 128.312314180740941, 36.864266098653381 ], [ 128.308843067636531, 36.859669262955457 ], [ 128.317844946504692, 36.848465245390742 ], [ 128.316143300756323, 36.842257467147583 ], [ 128.310738868956406, 36.839079467642506 ], [ 128.303148506258339, 36.837797994618747 ], [ 128.305493119872978, 36.831619648707843 ], [ 128.30333827766637, 36.831181190845122 ], [ 128.295128895674424, 36.835748073624806 ], [ 128.289462064099581, 36.843516243925322 ], [ 128.286357028083813, 36.845361634741366 ], [ 128.282459422038528, 36.856488550901517 ], [ 128.276188748718141, 36.857143356463098 ], [ 128.268571209481365, 36.860320541062464 ], [ 128.265021981058027, 36.864140890974056 ], [ 128.251967769885056, 36.867016877964147 ], [ 128.241880144823739, 36.872251329181097 ], [ 128.243098848194592, 36.879060778546318 ], [ 128.250926335838869, 36.884749328012589 ], [ 128.243773025111835, 36.89093440559337 ], [ 128.245985109932491, 36.906303498140979 ], [ 128.236679559901319, 36.916655293544459 ], [ 128.23612778601651, 36.931865457114547 ], [ 128.236635556800849, 36.933984885146643 ], [ 128.241466729058317, 36.937576296681407 ], [ 128.247039188178803, 36.937856760274244 ], [ 128.244845546264742, 36.941861836005607 ], [ 128.247527360708915, 36.944753470780988 ], [ 128.251044467484093, 36.942073161433058 ], [ 128.250246369460626, 36.936320222036628 ], [ 128.253274521178497, 36.93405033557498 ], [ 128.265461705505999, 36.93260295138677 ], [ 128.272460543359642, 36.933128229808666 ], [ 128.273280668093662, 36.934400438477248 ], [ 128.273455587746554, 36.933331576291025 ], [ 128.280347389345422, 36.932906253833707 ], [ 128.285161073368499, 36.930211402941104 ], [ 128.285702624641829, 36.926609019970648 ], [ 128.288470684974527, 36.925218965708808 ], [ 128.291873182425945, 36.926643105153474 ], [ 128.304618853011789, 36.940806464581968 ], [ 128.310142389820044, 36.941367301859543 ], [ 128.317469089757424, 36.949358896186411 ], [ 128.32418377206659, 36.952040513954273 ], [ 128.325228117765676, 36.949099511112877 ], [ 128.323555696138129, 36.946383397794904 ], [ 128.324982381040428, 36.945632916099832 ], [ 128.324828883776007, 36.943392556916628 ], [ 128.32703199882323, 36.942481395454081 ], [ 128.328186611551246, 36.937353500142208 ], [ 128.335491843404213, 36.939834095702942 ], [ 128.337033096371044, 36.937301183468264 ], [ 128.341570580670577, 36.9370644860753 ] ] ] ] } }
]
}
