{
"type": "FeatureCollection",
"name": "51",
"crs": { "type": "name", "properties": { "name": "urn:ogc:def:crs:OGC:1.3:CRS84" } },
"features": [
{ "type": "Feature", "properties": { "emd_cd": "51110101", "emd_nm": "봉의동" }, "geometry": { "type": "MultiPolygon", "coordinates": [ [ [ [ 127.727908547491865, 37.885186085403554 ], [ 127.72782183818677, 37.88744180701385 ], [ 127.726854926309827, 37.886448313181816 ], [ 127.725922896902759, 37.886167721029182 ], [ 127.727665780278912, 37.887449607699139 ], [ 127.729466901018029, 37.888002497026655 ], [ 127.734351562642914, 37.888324496558013 ], [ 127.731968670760168, 37.883898313491777 ], [ 127.727908547491865, 37.885186085403554 ] ] ] ] } },
{ "type": "Feature", "properties": { "emd_cd": "51110102", "emd_nm": "요선동" }, "geometry": { "type": "MultiPolygon", "coordinates": [ [ [ [ 127.725669900410622, 37.882792883652471 ], [ 127.727815245914869, 37.88520819307346 ], [ 127.729523231853719, 37.884650937343586 ], [ 127.72778333532294, 37.880499198553608 ], [ 127.725669900410622, 37.882792883652471 ] ] ] ] } },
{ "type": "Feature", "properties": { "emd_cd": "51110103", "emd_nm": "낙원동" }, "geometry": { "type": "MultiPolygon", "coordinates": [ [ [ [ 127.723267659383467, 37.877043261689856 ], [ 127.72135227611723, 37.87865736964217 ], [ 127.724584728543306, 37.881372717831894 ], [ 127.726630848329805, 37.880646828226944 ], [ 127.726638711644938, 37.882001893051594 ], [ 127.726704905151323, 37.880261137661087 ], [ 127.723267659383467, 37.877043261689856 ] ] ] ] } },
{ "type": "Feature", "properties": { "emd_cd": "51110104", "emd_nm": "중앙로1가" }, "geometry": { "type": "MultiPolygon", "coordinates": [ [ [ [ 127.729523231853719, 37.884650937343586 ], [ 127.730074792855802, 37.881977598458519 ], [ 127.72778333532294, 37.880499198553608 ], [ 127.729523231853719, 37.884650937343586 ] ] ] ] } },
{ "type": "Feature", "properties": { "emd_cd": "51110105", "emd_nm": "중앙로2가" }, "geometry": { "type": "MultiPolygon", "coordinates": [ [ [ [ 127.728137456561456, 37.880078769322019 ], [ 127.72338986279857, 37.877379421683976 ], [ 127.726911353389994, 37.880864736126085 ], [ 127.728137456561456, 37.880078769322019 ] ] ] ] } },
{ "type": "Feature", "properties": { "emd_cd": "51110106", "emd_nm": "중앙로3가" }, "geometry": { "type": "MultiPolygon", "coordinates": [ [ [ [ 127.717676042051423, 37.875131862479037 ], [ 127.724295135728525, 37.8776234594161 ], [ 127.725073380515767, 37.87522334086951 ], [ 127.721429284361278, 37.873668270083385 ], [ 127.717676042051423, 37.875131862479037 ] ] ] ] } },
{ "type": "Feature", "properties": { "emd_cd": "51110107", "emd_nm": "옥천동" }, "geometry": { "type": "MultiPolygon", "coordinates": [ [ [ [ 127.728694206271868, 37.880404339711767 ], [ 127.729601555516695, 37.88333045848379 ], [ 127.732926040225763, 37.885016503401395 ], [ 127.733203856967265, 37.887502680030849 ], [ 127.734351562642914, 37.888324496558013 ], [ 127.737231253835347, 37.886788609802466 ], [ 127.728694206271868, 37.880404339711767 ] ] ] ] } },
{ "type": "Feature", "properties": { "emd_cd": "51110108", "emd_nm": "조양동" }, "geometry": { "type": "MultiPolygon", "coordinates": [ [ [ [ 127.733475948062278, 37.879300844912201 ], [ 127.729419782096784, 37.877713503261454 ], [ 127.726731481381094, 37.878958248965453 ], [ 127.732151737342747, 37.88186864400636 ], [ 127.733475948062278, 37.879300844912201 ] ] ] ] } },
{ "type": "Feature", "properties": { "emd_cd": "51110109", "emd_nm": "죽림동" }, "geometry": { "type": "MultiPolygon", "coordinates": [ [ [ [ 127.728872223948386, 37.878065481304326 ], [ 127.725073380515767, 37.87522334086951 ], [ 127.72396944441401, 37.876745346654438 ], [ 127.726731481381094, 37.878958248965453 ], [ 127.728872223948386, 37.878065481304326 ] ] ] ] } },
{ "type": "Feature", "properties": { "emd_cd": "51110110", "emd_nm": "운교동" }, "geometry": { "type": "MultiPolygon", "coordinates": [ [ [ [ 127.732354746566472, 37.874371429519464 ], [ 127.732113225037224, 37.874252691269049 ], [ 127.731830774867021, 37.874323724583277 ], [ 127.732354746566472, 37.874371429519464 ] ] ], [ [ [ 127.731696296607083, 37.874352487268155 ], [ 127.72896827964702, 37.874672084168246 ], [ 127.730622115149956, 37.875838459735853 ], [ 127.729409435570147, 37.878269895980658 ], [ 127.732602506370128, 37.879591449861209 ], [ 127.734886951935536, 37.878725744426312 ], [ 127.735775228958389, 37.876623572371443 ], [ 127.731696296607083, 37.874352487268155 ] ] ] ] } },
{ "type": "Feature", "properties": { "emd_cd": "51110111", "emd_nm": "약사동" }, "geometry": { "type": "MultiPolygon", "coordinates": [ [ [ [ 127.720496140303041, 37.874456460302916 ], [ 127.721429284361278, 37.873668270083385 ], [ 127.729320063536719, 37.877603414349061 ], [ 127.730622115149956, 37.875838459735853 ], [ 127.72896827964702, 37.874672084168246 ], [ 127.729986799801154, 37.875149582507817 ], [ 127.732316121199432, 37.874392786908281 ], [ 127.733307230530386, 37.875084846260449 ], [ 127.732694149254783, 37.874462513741378 ], [ 127.732516295340062, 37.874406859958157 ], [ 127.73169153723768, 37.874330894629765 ], [ 127.730020425255248, 37.875043966456175 ], [ 127.729238936821503, 37.874572210966555 ], [ 127.728027754941934, 37.874809426263468 ], [ 127.726341947139318, 37.872844091444392 ], [ 127.722062868662135, 37.870654146324938 ], [ 127.720496140303041, 37.874456460302916 ] ], [ [ 127.727501340870418, 37.874446871477716 ], [ 127.727410859974086, 37.874379788031931 ], [ 127.727406758907989, 37.874323226322893 ], [ 127.727501340870418, 37.874446871477716 ] ] ] ] } },
{ "type": "Feature", "properties": { "emd_cd": "51110112", "emd_nm": "효자동" }, "geometry": { "type": "MultiPolygon", "coordinates": [ [ [ [ 127.720449750751015, 37.871248823912396 ], [ 127.722965484250963, 37.870929464225057 ], [ 127.728095834084101, 37.874832430161405 ], [ 127.732694149254783, 37.874462513741378 ], [ 127.741309770095398, 37.88064622843828 ], [ 127.746115847643622, 37.876131078795304 ], [ 127.745287924027906, 37.873656676324963 ], [ 127.746404682231883, 37.872126606723377 ], [ 127.752533044148038, 37.868624619510236 ], [ 127.748419113485113, 37.864536360550382 ], [ 127.747756734444295, 37.866177277304473 ], [ 127.744656792137022, 37.866008004223204 ], [ 127.741538809695115, 37.861834208807956 ], [ 127.736730209801138, 37.863906375462591 ], [ 127.735854264457359, 37.862852011871233 ], [ 127.738304068279291, 37.859856197165428 ], [ 127.734570730271614, 37.863523369312936 ], [ 127.720449750751015, 37.871248823912396 ] ] ], [ [ [ 127.727406758907989, 37.874323226322893 ], [ 127.727428936577326, 37.874393064303433 ], [ 127.727501340870418, 37.874446871477716 ], [ 127.727406758907989, 37.874323226322893 ] ] ] ] } },
{ "type": "Feature", "properties": { "emd_cd": "51110113", "emd_nm": "소양로1가" }, "geometry": { "type": "MultiPolygon", "coordinates": [ [ [ [ 127.734351562642914, 37.888324496558013 ], [ 127.724253084383292, 37.890057702817067 ], [ 127.725712501748546, 37.895210531636693 ], [ 127.735049737621907, 37.894841937561942 ], [ 127.734351562642914, 37.888324496558013 ] ] ] ] } },
{ "type": "Feature", "properties": { "emd_cd": "51110114", "emd_nm": "소양로2가" }, "geometry": { "type": "MultiPolygon", "coordinates": [ [ [ [ 127.721570714704953, 37.884503300212508 ], [ 127.724253084383292, 37.890057702817067 ], [ 127.731742269261744, 37.888418532041953 ], [ 127.727665780278912, 37.887449607699139 ], [ 127.725922896902759, 37.886167721029182 ], [ 127.72782183818677, 37.88744180701385 ], [ 127.728714867630273, 37.885785283585513 ], [ 127.725669900410622, 37.882792883652471 ], [ 127.725533274512898, 37.884002040579794 ], [ 127.721570714704953, 37.884503300212508 ] ] ] ] } },
{ "type": "Feature", "properties": { "emd_cd": "51110115", "emd_nm": "소양로3가" }, "geometry": { "type": "MultiPolygon", "coordinates": [ [ [ [ 127.722828771697195, 37.879085433754639 ], [ 127.719327737088946, 37.880720131778531 ], [ 127.722350178895155, 37.883498506733574 ], [ 127.721570714704953, 37.884503300212508 ], [ 127.725689914362846, 37.883887227657993 ], [ 127.726630848329805, 37.880646828226944 ], [ 127.724584728543306, 37.881372717831894 ], [ 127.722828771697195, 37.879085433754639 ] ] ] ] } },
{ "type": "Feature", "properties": { "emd_cd": "51110116", "emd_nm": "소양로4가" }, "geometry": { "type": "MultiPolygon", "coordinates": [ [ [ [ 127.72042964193821, 37.880297109979303 ], [ 127.722932557555822, 37.879014309651524 ], [ 127.72135227611723, 37.87865736964217 ], [ 127.722486051006328, 37.876650292956612 ], [ 127.718110030180156, 37.875265441541934 ], [ 127.717772479912028, 37.877262365344485 ], [ 127.720638214620848, 37.878782781296138 ], [ 127.72042964193821, 37.880297109979303 ] ] ] ] } },
{ "type": "Feature", "properties": { "emd_cd": "51110117", "emd_nm": "근화동" }, "geometry": { "type": "MultiPolygon", "coordinates": [ [ [ [ 127.701862990491733, 37.880309728613078 ], [ 127.705920106570503, 37.882637592044475 ], [ 127.707100987987275, 37.888415263657144 ], [ 127.705745868790103, 37.888472793346146 ], [ 127.708424777651729, 37.892162805659794 ], [ 127.724478059262552, 37.899221735759546 ], [ 127.725649460619223, 37.893171226682426 ], [ 127.72436158972647, 37.893214313696312 ], [ 127.724991205501226, 37.891218870583877 ], [ 127.721235922980568, 37.883970154613543 ], [ 127.722350178895155, 37.883498506733574 ], [ 127.719327737088946, 37.880720131778531 ], [ 127.720638214620848, 37.878782781296138 ], [ 127.717747726765509, 37.877194505225773 ], [ 127.717676042051423, 37.875131862479037 ], [ 127.720699120910396, 37.874022867352352 ], [ 127.720370105363799, 37.871157749279497 ], [ 127.712782269542544, 37.871785431632404 ], [ 127.703675494541855, 37.877198223409145 ], [ 127.701862990491733, 37.880309728613078 ] ] ] ] } },
{ "type": "Feature", "properties": { "emd_cd": "51110118", "emd_nm": "우두동" }, "geometry": { "type": "MultiPolygon", "coordinates": [ [ [ [ 127.722780801395857, 37.902024556726573 ], [ 127.725855236445511, 37.902520643576217 ], [ 127.727800610633267, 37.905839551366995 ], [ 127.732271882695542, 37.906883060164731 ], [ 127.732105818735121, 37.914630558545021 ], [ 127.728527288184509, 37.914602752420713 ], [ 127.72934326537316, 37.917141150965314 ], [ 127.737298158942565, 37.917961073269751 ], [ 127.736803224333499, 37.920880999071962 ], [ 127.745506082542505, 37.923634520941221 ], [ 127.744420936463356, 37.917516105808168 ], [ 127.746757028728652, 37.900569933630607 ], [ 127.744164019351686, 37.894443243464735 ], [ 127.725712501748546, 37.895210531636693 ], [ 127.722780801395857, 37.902024556726573 ] ] ] ] } },
{ "type": "Feature", "properties": { "emd_cd": "51110119", "emd_nm": "사농동" }, "geometry": { "type": "MultiPolygon", "coordinates": [ [ [ [ 127.711467106036181, 37.907789760390742 ], [ 127.715357809997613, 37.918446080423379 ], [ 127.718641633522083, 37.922845798658493 ], [ 127.718615783079315, 37.928771982947673 ], [ 127.722577022539625, 37.92718257326392 ], [ 127.726667726523004, 37.929536566007322 ], [ 127.72934326537316, 37.917141150965314 ], [ 127.728527288184509, 37.914602752420713 ], [ 127.732105818735121, 37.914630558545021 ], [ 127.732271882695542, 37.906883060164731 ], [ 127.727800610633267, 37.905839551366995 ], [ 127.725855236445511, 37.902520643576217 ], [ 127.722780801395857, 37.902024556726573 ], [ 127.715550898443524, 37.908975883476536 ], [ 127.711467106036181, 37.907789760390742 ] ] ] ] } },
{ "type": "Feature", "properties": { "emd_cd": "51110120", "emd_nm": "후평동" }, "geometry": { "type": "MultiPolygon", "coordinates": [ [ [ [ 127.734351562642914, 37.888324496558013 ], [ 127.735049737621907, 37.894841937561942 ], [ 127.744164019351686, 37.894443243464735 ], [ 127.745459591014978, 37.89588752498755 ], [ 127.746416969470545, 37.893747373130331 ], [ 127.751032831331628, 37.894155173325323 ], [ 127.750931386468594, 37.892839450061864 ], [ 127.754796993798664, 37.891166185575173 ], [ 127.75607931954525, 37.885448736582532 ], [ 127.754627656935241, 37.886416475900063 ], [ 127.753115170633947, 37.882947102312109 ], [ 127.755575821625129, 37.882063627781868 ], [ 127.756289044005413, 37.879464089982335 ], [ 127.764689181621009, 37.872301931066083 ], [ 127.749521034061047, 37.869893462944034 ], [ 127.745287924027906, 37.873656676324963 ], [ 127.746115847643622, 37.876131078795304 ], [ 127.740723418822697, 37.880526214879744 ], [ 127.738809485545602, 37.88642241303247 ], [ 127.734351562642914, 37.888324496558013 ] ] ] ] } },
{ "type": "Feature", "properties": { "emd_cd": "51110121", "emd_nm": "온의동" }, "geometry": { "type": "MultiPolygon", "coordinates": [ [ [ [ 127.710052211244857, 37.853120462363506 ], [ 127.709829578660049, 37.859186733663265 ], [ 127.711233564315904, 37.861885572349657 ], [ 127.709660873078363, 37.867353632206566 ], [ 127.707540896474157, 37.868552196812438 ], [ 127.710887559776197, 37.869265362820009 ], [ 127.711048079709371, 37.871595637407793 ], [ 127.71560285096227, 37.872070556049806 ], [ 127.723695809759576, 37.869397533207987 ], [ 127.720910459127367, 37.863461029566764 ], [ 127.722770200333173, 37.859814148262778 ], [ 127.720145787636568, 37.857741081449163 ], [ 127.719814779944087, 37.855000708045992 ], [ 127.716642111276286, 37.853408196447489 ], [ 127.716990463205292, 37.847001377975545 ], [ 127.714927971700988, 37.844638619897978 ], [ 127.712783857019019, 37.844397689051583 ], [ 127.714424541032201, 37.849622512392756 ], [ 127.710052211244857, 37.853120462363506 ] ] ] ] } },
{ "type": "Feature", "properties": { "emd_cd": "51110122", "emd_nm": "교동" }, "geometry": { "type": "MultiPolygon", "coordinates": [ [ [ [ 127.732151737342747, 37.88186864400636 ], [ 127.735818924888605, 37.886720669040699 ], [ 127.738809485545602, 37.88642241303247 ], [ 127.740929973549527, 37.881877074993952 ], [ 127.738874534396714, 37.878854868776948 ], [ 127.735804240968349, 37.877602018475315 ], [ 127.732151737342747, 37.88186864400636 ] ] ] ] } },
{ "type": "Feature", "properties": { "emd_cd": "51110123", "emd_nm": "퇴계동" }, "geometry": { "type": "MultiPolygon", "coordinates": [ [ [ [ 127.716430086043388, 37.852365390388201 ], [ 127.722770200333173, 37.859814148262778 ], [ 127.720910459127367, 37.863461029566764 ], [ 127.723805367845074, 37.869509377613909 ], [ 127.738304068279291, 37.859856197165428 ], [ 127.738368317777599, 37.852192954881971 ], [ 127.748466478394434, 37.850120001384106 ], [ 127.743462533932103, 37.845862476143651 ], [ 127.74516511107106, 37.843378296642967 ], [ 127.749478595161875, 37.842160459653819 ], [ 127.745829955685167, 37.840360620934717 ], [ 127.743534156068435, 37.841622793283342 ], [ 127.738897513682929, 37.84106268113036 ], [ 127.734136202756687, 37.843290037952578 ], [ 127.732138739253173, 37.846681645669932 ], [ 127.727025872027781, 37.846977568741515 ], [ 127.724565039793532, 37.849571851046129 ], [ 127.716923530444092, 37.849172011582986 ], [ 127.716430086043388, 37.852365390388201 ] ] ] ] } },
{ "type": "Feature", "properties": { "emd_cd": "51110124", "emd_nm": "석사동" }, "geometry": { "type": "MultiPolygon", "coordinates": [ [ [ [ 127.769627037512677, 37.869144974184614 ], [ 127.765152923873586, 37.864689707578002 ], [ 127.755931874775271, 37.862044611691246 ], [ 127.756067906126944, 37.860702210429167 ], [ 127.749471234265172, 37.85530272971021 ], [ 127.753499595157237, 37.850396707980593 ], [ 127.756809658159355, 37.849086030093353 ], [ 127.75843589530605, 37.844957744884375 ], [ 127.754024478138618, 37.844508767438633 ], [ 127.752186786999687, 37.842253637511128 ], [ 127.746382535673405, 37.842729395214604 ], [ 127.743678857695755, 37.846679271707245 ], [ 127.746089906342775, 37.846910546221963 ], [ 127.748466478394434, 37.850120001384106 ], [ 127.737715710269072, 37.852768133603547 ], [ 127.738412779781882, 37.859901644262514 ], [ 127.735854264457359, 37.862852011871233 ], [ 127.736730209801138, 37.863906375462591 ], [ 127.741538809695115, 37.861834208807956 ], [ 127.744656792137022, 37.866008004223204 ], [ 127.747756734444295, 37.866177277304473 ], [ 127.748419113485113, 37.864536360550382 ], [ 127.752506592613287, 37.869948694308569 ], [ 127.76098802047288, 37.871464005173372 ], [ 127.769627037512677, 37.869144974184614 ] ] ] ] } },
{ "type": "Feature", "properties": { "emd_cd": "51110125", "emd_nm": "삼천동" }, "geometry": { "type": "MultiPolygon", "coordinates": [ [ [ [ 127.712782269542544, 37.871785431632404 ], [ 127.710901430521147, 37.871413876612486 ], [ 127.710887559776197, 37.869265362820009 ], [ 127.707540896474157, 37.868552196812438 ], [ 127.709660873078363, 37.867353632206566 ], [ 127.711313814136659, 37.860285809653284 ], [ 127.709829578660049, 37.859186733663265 ], [ 127.71057259398664, 37.855141758688667 ], [ 127.70742345558844, 37.853606515626559 ], [ 127.704986655879495, 37.854559927108838 ], [ 127.702665043618424, 37.86031174154278 ], [ 127.695503114759376, 37.862510185367213 ], [ 127.695182259319765, 37.861137883326307 ], [ 127.688682117919441, 37.859755557240362 ], [ 127.690467401878024, 37.861782302038833 ], [ 127.689799285004767, 37.865238083059388 ], [ 127.680222928089179, 37.865710493469237 ], [ 127.675858115656979, 37.863042681779078 ], [ 127.679084635877601, 37.872065409288183 ], [ 127.692007217146539, 37.87455892661594 ], [ 127.701862990491733, 37.880309728613078 ], [ 127.703675494541855, 37.877198223409145 ], [ 127.712782269542544, 37.871785431632404 ] ] ] ] } },
{ "type": "Feature", "properties": { "emd_cd": "51110126", "emd_nm": "칠전동" }, "geometry": { "type": "MultiPolygon", "coordinates": [ [ [ [ 127.675719832226008, 37.841081109068426 ], [ 127.677364466856332, 37.849331464267792 ], [ 127.689523148489386, 37.847314871812905 ], [ 127.690659794200542, 37.849091966380072 ], [ 127.697387601378665, 37.847864088341645 ], [ 127.699285655489746, 37.850297247880476 ], [ 127.706149384741806, 37.849290692529216 ], [ 127.706072217364564, 37.85367654652741 ], [ 127.710457962929411, 37.855013165820772 ], [ 127.710052211244857, 37.853120462363506 ], [ 127.714424541032201, 37.849622512392756 ], [ 127.712783857019019, 37.844397689051583 ], [ 127.715804138352283, 37.845175839145348 ], [ 127.716658027857221, 37.843755406717037 ], [ 127.715421257466744, 37.835719432838559 ], [ 127.71740142192381, 37.834731742759686 ], [ 127.714369673669239, 37.834560818761545 ], [ 127.714241073056726, 37.836485523719873 ], [ 127.705329202752196, 37.836727347269822 ], [ 127.704611923376333, 37.838320943983263 ], [ 127.698982236519441, 37.83998809165346 ], [ 127.693303044411792, 37.839258733368354 ], [ 127.680620740803832, 37.842511215755891 ], [ 127.675719832226008, 37.841081109068426 ] ] ] ] } },
{ "type": "Feature", "properties": { "emd_cd": "51110127", "emd_nm": "송암동" }, "geometry": { "type": "MultiPolygon", "coordinates": [ [ [ [ 127.703464354938731, 37.857230206175153 ], [ 127.706571708518482, 37.853939934256417 ], [ 127.706149384741806, 37.849290692529216 ], [ 127.699285655489746, 37.850297247880476 ], [ 127.697387601378665, 37.847864088341645 ], [ 127.690659794200542, 37.849091966380072 ], [ 127.688285337625018, 37.847414279776139 ], [ 127.677364466856332, 37.849331464267792 ], [ 127.675308387499484, 37.853052182770426 ], [ 127.675858115656979, 37.863042681779078 ], [ 127.680222928089179, 37.865710493469237 ], [ 127.689799285004767, 37.865238083059388 ], [ 127.690467401878024, 37.861782302038833 ], [ 127.688682117919441, 37.859755557240362 ], [ 127.695182259319765, 37.861137883326307 ], [ 127.695503114759376, 37.862510185367213 ], [ 127.703218262005308, 37.859971166276416 ], [ 127.703464354938731, 37.857230206175153 ] ] ] ] } },
{ "type": "Feature", "properties": { "emd_cd": "51110128", "emd_nm": "신동" }, "geometry": { "type": "MultiPolygon", "coordinates": [ [ [ [ 127.711314410991022, 37.937979562859461 ], [ 127.713633276249709, 37.939425772659561 ], [ 127.716345711960855, 37.938702577606065 ], [ 127.722050450482598, 37.943472698588707 ], [ 127.72237087807828, 37.945829001643929 ], [ 127.726672574087615, 37.945773281002943 ], [ 127.73021325329708, 37.941563848004435 ], [ 127.737926798362778, 37.937503026311965 ], [ 127.733359564844619, 37.93394746867385 ], [ 127.739325163379064, 37.930108342237638 ], [ 127.741353608113528, 37.922134268645891 ], [ 127.736803224333499, 37.920880999071962 ], [ 127.737298158942565, 37.917961073269751 ], [ 127.728616648011624, 37.917278473287077 ], [ 127.726667726523004, 37.929536566007322 ], [ 127.722577022539625, 37.92718257326392 ], [ 127.717231818028651, 37.928900004471764 ], [ 127.711314410991022, 37.937979562859461 ] ] ] ] } },
{ "type": "Feature", "properties": { "emd_cd": "51110129", "emd_nm": "중도동" }, "geometry": { "type": "MultiPolygon", "coordinates": [ [ [ [ 127.715550898443524, 37.908975883476536 ], [ 127.720787564218853, 37.905055535319782 ], [ 127.724478059262552, 37.899221735759546 ], [ 127.708424777651729, 37.892162805659794 ], [ 127.705745868790103, 37.888472793346146 ], [ 127.707100987987275, 37.888415263657144 ], [ 127.705920106570503, 37.882637592044475 ], [ 127.694108677035416, 37.875531627874878 ], [ 127.679084635877601, 37.872065409288183 ], [ 127.680387646539486, 37.878057643727601 ], [ 127.688064621052632, 37.884529340858215 ], [ 127.689393039489957, 37.887680980627792 ], [ 127.694092623011286, 37.889685494307543 ], [ 127.694914496635789, 37.892965689290371 ], [ 127.702911669318127, 37.898874978575911 ], [ 127.711055798508241, 37.907792925214963 ], [ 127.715550898443524, 37.908975883476536 ] ] ] ] } },
{ "type": "Feature", "properties": { "emd_cd": "51110250", "emd_nm": "신북읍" }, "geometry": { "type": "MultiPolygon", "coordinates": [ [ [ [ 127.712820549080092, 37.939186801734493 ], [ 127.694780727848737, 37.954730677612631 ], [ 127.67251042057795, 37.962886485005527 ], [ 127.669149737158804, 37.966289800119725 ], [ 127.668993361869781, 37.968486597162013 ], [ 127.67645283208978, 37.969348607019846 ], [ 127.682793406125782, 37.97414915665469 ], [ 127.689779470700429, 37.971915378401654 ], [ 127.700553761634623, 37.971901219147448 ], [ 127.712799393232402, 37.976770265190758 ], [ 127.72610298850077, 37.975104555480264 ], [ 127.733561974895864, 37.980962434838119 ], [ 127.745061435431523, 37.979028738542297 ], [ 127.751221462742222, 37.976322272325575 ], [ 127.759643576530394, 37.979168861334173 ], [ 127.760501260362204, 37.987569829279622 ], [ 127.75944219693244, 37.990472597196373 ], [ 127.762164958341629, 37.997717545337181 ], [ 127.765709551689568, 37.999742228996759 ], [ 127.766553357230023, 38.004646334532119 ], [ 127.77291333296256, 38.009695285661557 ], [ 127.773296681842268, 38.013018785963766 ], [ 127.775101065063524, 38.01394327131964 ], [ 127.779155859350411, 38.013656627223476 ], [ 127.787946662330526, 37.998187808230938 ], [ 127.788205374593375, 37.994293795160345 ], [ 127.79464134563456, 37.99570609483051 ], [ 127.792455557415423, 37.98988928444146 ], [ 127.793963600963764, 37.984585528200171 ], [ 127.792442081129593, 37.975019384638763 ], [ 127.795487029951602, 37.970023075283905 ], [ 127.794230305051556, 37.96511542481025 ], [ 127.795283843204757, 37.959043706692334 ], [ 127.804605669524094, 37.956162075487107 ], [ 127.817383854087112, 37.947146036731951 ], [ 127.808483582620539, 37.942232507535486 ], [ 127.802023582596703, 37.935974301448368 ], [ 127.787546597816331, 37.928046943628544 ], [ 127.768522185049534, 37.927175289324019 ], [ 127.745492735361466, 37.921723728399257 ], [ 127.745506082542505, 37.923634520941221 ], [ 127.741353608113528, 37.922134268645891 ], [ 127.739325163379064, 37.930108342237638 ], [ 127.733656366390051, 37.933309694312214 ], [ 127.73409396697302, 37.935161285987263 ], [ 127.737926798362778, 37.937503026311965 ], [ 127.73021325329708, 37.941563848004435 ], [ 127.726672574087615, 37.945773281002943 ], [ 127.723902389667614, 37.946546078103026 ], [ 127.721644229537489, 37.94533470572874 ], [ 127.722050450482598, 37.943472698588707 ], [ 127.716345711960855, 37.938702577606065 ], [ 127.712820549080092, 37.939186801734493 ] ] ] ] } },
{ "type": "Feature", "properties": { "emd_cd": "51110310", "emd_nm": "동면" }, "geometry": { "type": "MultiPolygon", "coordinates": [ [ [ [ 127.745959152370219, 37.893897155119021 ], [ 127.746823784455117, 37.906689914755603 ], [ 127.744420936463356, 37.917516105808168 ], [ 127.745492735361466, 37.921723728399257 ], [ 127.768522185049534, 37.927175289324019 ], [ 127.787546597816331, 37.928046943628544 ], [ 127.802023582596703, 37.935974301448368 ], [ 127.808483582620539, 37.942232507535486 ], [ 127.817383854087112, 37.947146036731951 ], [ 127.823531730150918, 37.944595562172509 ], [ 127.83402715117721, 37.933515479825651 ], [ 127.845741206298342, 37.939186572246989 ], [ 127.855513659648494, 37.940298764125309 ], [ 127.879821914676114, 37.935419250445946 ], [ 127.882383648916218, 37.933445163392854 ], [ 127.885380448587526, 37.925373157034436 ], [ 127.887574601394959, 37.924367749820561 ], [ 127.887781053388267, 37.918771235878005 ], [ 127.901402040572378, 37.912464910447838 ], [ 127.899911421480709, 37.906028099247258 ], [ 127.904422067619521, 37.894052945737371 ], [ 127.91130517801534, 37.890501975336548 ], [ 127.924948842278155, 37.886884144902069 ], [ 127.926479851790361, 37.885671049750691 ], [ 127.926433370362616, 37.882165611031802 ], [ 127.930360748134476, 37.878809238531019 ], [ 127.941102223890354, 37.878731146515712 ], [ 127.945756075746758, 37.87618789517785 ], [ 127.9468055894326, 37.872109833493667 ], [ 127.956453789729252, 37.871354128913758 ], [ 127.944706783504472, 37.853061748467105 ], [ 127.942961211630731, 37.847746266109695 ], [ 127.945609132614223, 37.845795802970784 ], [ 127.946153861563474, 37.841040438630465 ], [ 127.944166073598453, 37.838292175039669 ], [ 127.936770029749027, 37.835686741981512 ], [ 127.935388518307306, 37.830144798624282 ], [ 127.932840354579199, 37.826946578725696 ], [ 127.929320933942464, 37.827684008450667 ], [ 127.925361457995052, 37.837014926175073 ], [ 127.918434395632204, 37.844216112520314 ], [ 127.905649673852395, 37.849399486118848 ], [ 127.908300202193232, 37.855437599065063 ], [ 127.896065062717128, 37.859382410764304 ], [ 127.890740323456598, 37.863126328125944 ], [ 127.880818676665797, 37.860685505530789 ], [ 127.87650324678674, 37.85648773603814 ], [ 127.87881669245813, 37.852048970146861 ], [ 127.878198686675077, 37.849459215236081 ], [ 127.872725058406687, 37.844601564318658 ], [ 127.871620545351036, 37.837417393328437 ], [ 127.854614189470055, 37.834771453012543 ], [ 127.836313931494971, 37.839990765365926 ], [ 127.832246989735324, 37.843614150059906 ], [ 127.825176993244909, 37.843675575167595 ], [ 127.82209692064319, 37.845689512446512 ], [ 127.821762615742244, 37.849818633404624 ], [ 127.810780439855819, 37.858961899291209 ], [ 127.808281179633539, 37.859165008250542 ], [ 127.807445598196651, 37.868250200483338 ], [ 127.800797069899005, 37.865233858759758 ], [ 127.796682229772131, 37.866290786955567 ], [ 127.787679865763394, 37.865062145336381 ], [ 127.781053459764934, 37.870312771316286 ], [ 127.77009035894767, 37.868887980853366 ], [ 127.764094736936727, 37.871334318635064 ], [ 127.762913835203392, 37.874697453040824 ], [ 127.752927084389896, 37.883254994350764 ], [ 127.755045115872178, 37.884956241850837 ], [ 127.754627656935241, 37.886416475900063 ], [ 127.75607931954525, 37.885448736582532 ], [ 127.754796993798664, 37.891166185575173 ], [ 127.750296603795192, 37.894430819052502 ], [ 127.745959152370219, 37.893897155119021 ] ] ] ] } },
{ "type": "Feature", "properties": { "emd_cd": "51110320", "emd_nm": "동산면" }, "geometry": { "type": "MultiPolygon", "coordinates": [ [ [ [ 127.730639815475271, 37.734790137082207 ], [ 127.725170948802742, 37.738704608250394 ], [ 127.717316356117792, 37.741384718786932 ], [ 127.71512428884057, 37.745047949190422 ], [ 127.712845788546929, 37.74436069698281 ], [ 127.711950213290734, 37.749158324299358 ], [ 127.716292104792046, 37.750529022135801 ], [ 127.712973317462172, 37.755449381270509 ], [ 127.713155071027259, 37.759512954769548 ], [ 127.715689936107054, 37.762547325339185 ], [ 127.726161339213974, 37.766571601414732 ], [ 127.724601130933507, 37.773060289607578 ], [ 127.725869110788025, 37.774218227052096 ], [ 127.720363911062108, 37.781792448731508 ], [ 127.723598383811165, 37.790482984392426 ], [ 127.728514717680397, 37.79337815407532 ], [ 127.734209670230399, 37.793092128664945 ], [ 127.744759619528594, 37.800300175208967 ], [ 127.748825225149631, 37.801357135616541 ], [ 127.745377264126986, 37.811763250354346 ], [ 127.748365958700006, 37.812959084684373 ], [ 127.757708954169289, 37.808476835313613 ], [ 127.757451092958007, 37.80688159744502 ], [ 127.759798336799022, 37.804740321914018 ], [ 127.765919690070859, 37.808414655369106 ], [ 127.766670915857702, 37.813796201138835 ], [ 127.776116818354325, 37.81543736068739 ], [ 127.779669933853683, 37.817782063042756 ], [ 127.785541123602584, 37.81627731154375 ], [ 127.786777423918522, 37.8144418660969 ], [ 127.792863581274162, 37.81578391976285 ], [ 127.799091190611037, 37.814589397241136 ], [ 127.798719344723438, 37.809956742654201 ], [ 127.80260937405842, 37.804959376052686 ], [ 127.816391907336751, 37.811156593026233 ], [ 127.825418067610585, 37.810988392856459 ], [ 127.827148697252099, 37.808633521599326 ], [ 127.824886397637883, 37.798266987631571 ], [ 127.83729701751092, 37.790399190878333 ], [ 127.843258112923905, 37.789656417189455 ], [ 127.846654230774362, 37.780792231253457 ], [ 127.851886585252856, 37.777183116158994 ], [ 127.857380782344194, 37.768547505476739 ], [ 127.854900877202326, 37.763395973497637 ], [ 127.848143997421843, 37.758425190200761 ], [ 127.840439725095422, 37.756377211909296 ], [ 127.841758067725962, 37.753852139129663 ], [ 127.845213704428986, 37.752257807450974 ], [ 127.844829712063728, 37.749506007804229 ], [ 127.835981726712603, 37.745641132038017 ], [ 127.832318295372758, 37.741334717327781 ], [ 127.825706073815056, 37.741784125604106 ], [ 127.824437341702918, 37.743970683284104 ], [ 127.816307953403211, 37.748571110884455 ], [ 127.806760197052355, 37.746339513031593 ], [ 127.806302926137064, 37.742643291112969 ], [ 127.801173073977708, 37.741145255079559 ], [ 127.801038338796218, 37.737196943908771 ], [ 127.794885194343891, 37.734993697189203 ], [ 127.787464651514128, 37.736720399113864 ], [ 127.787756738360557, 37.738852924374321 ], [ 127.781805494990365, 37.742302709516963 ], [ 127.771535097205032, 37.737729868682123 ], [ 127.759348478566878, 37.736313721505539 ], [ 127.75494088779692, 37.732446512588886 ], [ 127.751299230407568, 37.734195965438886 ], [ 127.7504311385904, 37.738439231517752 ], [ 127.746481027898824, 37.741938629627874 ], [ 127.743060902341327, 37.7416275488522 ], [ 127.730639815475271, 37.734790137082207 ] ] ] ] } },
{ "type": "Feature", "properties": { "emd_cd": "51110330", "emd_nm": "신동면" }, "geometry": { "type": "MultiPolygon", "coordinates": [ [ [ [ 127.6473016718396, 37.808946533687688 ], [ 127.649436974321389, 37.8107178622692 ], [ 127.656944243863336, 37.81083645729565 ], [ 127.668733444461807, 37.814756753850929 ], [ 127.664706479389693, 37.82388651010065 ], [ 127.67298458970302, 37.826976076300049 ], [ 127.675694365430402, 37.830384997965076 ], [ 127.675719832226008, 37.841081109068426 ], [ 127.680620740803832, 37.842511215755891 ], [ 127.693303044411792, 37.839258733368354 ], [ 127.698982236519441, 37.83998809165346 ], [ 127.704611923376333, 37.838320943983263 ], [ 127.705329202752196, 37.836727347269822 ], [ 127.714241073056726, 37.836485523719873 ], [ 127.714369673669239, 37.834560818761545 ], [ 127.716169232604528, 37.834079754057335 ], [ 127.71740142192381, 37.834731742759686 ], [ 127.715421257466744, 37.835719432838559 ], [ 127.717070688866272, 37.841196397997606 ], [ 127.715804138352283, 37.845175839145348 ], [ 127.716923530444092, 37.849172011582986 ], [ 127.722283382831137, 37.849696922158728 ], [ 127.724565039793532, 37.849571851046129 ], [ 127.727025872027781, 37.846977568741515 ], [ 127.732138739253173, 37.846681645669932 ], [ 127.734136202756687, 37.843290037952578 ], [ 127.738897513682929, 37.84106268113036 ], [ 127.749198803572995, 37.84141985426924 ], [ 127.744934180750931, 37.832226536511357 ], [ 127.746322926638555, 37.828006901415996 ], [ 127.745377264126986, 37.811763250354346 ], [ 127.749344518346035, 37.802307532380254 ], [ 127.740770395458426, 37.797790649096477 ], [ 127.738499341636881, 37.79502651194386 ], [ 127.733668282702709, 37.792974705696771 ], [ 127.73200076045265, 37.794132955620576 ], [ 127.728514717680397, 37.79337815407532 ], [ 127.723598383811165, 37.790482984392426 ], [ 127.720363911062108, 37.781792448731508 ], [ 127.725869110788025, 37.774218227052096 ], [ 127.724601130933507, 37.773060289607578 ], [ 127.726161339213974, 37.766571601414732 ], [ 127.718637485182953, 37.762691037752944 ], [ 127.715689936107054, 37.762547325339185 ], [ 127.71648513479974, 37.764236578745816 ], [ 127.713466479926851, 37.765005156449178 ], [ 127.711620140467858, 37.767416932818833 ], [ 127.701526262464711, 37.765415598816055 ], [ 127.700371809111346, 37.766901056733658 ], [ 127.701299271051923, 37.767887074636576 ], [ 127.69710063065385, 37.770009744660761 ], [ 127.695936842531466, 37.772788369439198 ], [ 127.691962401546064, 37.773098969352567 ], [ 127.68931542819422, 37.776856962911602 ], [ 127.681077706841791, 37.778136440439788 ], [ 127.681826559754384, 37.780493465090302 ], [ 127.677909127934072, 37.781053229006673 ], [ 127.672265488482125, 37.794677794601235 ], [ 127.669492687160968, 37.795226839525178 ], [ 127.668142046036621, 37.798726506294862 ], [ 127.662927292074357, 37.798919822062651 ], [ 127.662017229590717, 37.801058537165815 ], [ 127.65785558553965, 37.80164012382442 ], [ 127.655429709949189, 37.804555298725724 ], [ 127.651356813767094, 37.805595164296193 ], [ 127.6473016718396, 37.808946533687688 ] ] ] ] } },
{ "type": "Feature", "properties": { "emd_cd": "51110340", "emd_nm": "남면" }, "geometry": { "type": "MultiPolygon", "coordinates": [ [ [ [ 127.641365405347983, 37.695073773189471 ], [ 127.638322092164472, 37.698553623385457 ], [ 127.633228637348395, 37.697997200373187 ], [ 127.626009564171852, 37.69463738414219 ], [ 127.623340012957556, 37.69109001274667 ], [ 127.623017224668118, 37.681062227575758 ], [ 127.61589406391488, 37.676363526389558 ], [ 127.609456082162311, 37.675654099074698 ], [ 127.607928420414197, 37.676713859765776 ], [ 127.607917808107118, 37.687537285063108 ], [ 127.610312900607425, 37.692086498623993 ], [ 127.610482905405988, 37.698479749933284 ], [ 127.605703259484258, 37.704472766917078 ], [ 127.59436684557518, 37.704023394025491 ], [ 127.591583407209313, 37.713051965289878 ], [ 127.594649526794754, 37.719795082721696 ], [ 127.58929788826174, 37.725429746354273 ], [ 127.573664035604438, 37.732672602730148 ], [ 127.56765648590563, 37.732446870857004 ], [ 127.564260351345936, 37.727826046037094 ], [ 127.553748275614723, 37.728794375562821 ], [ 127.551228833777955, 37.727564086969764 ], [ 127.54927474876429, 37.723931419182236 ], [ 127.54017167690958, 37.719457866146385 ], [ 127.533886838209185, 37.721929144129987 ], [ 127.529622660410666, 37.726422958025701 ], [ 127.524704513760724, 37.726468256675417 ], [ 127.511861837165057, 37.715682339132798 ], [ 127.507066902363093, 37.720593990842289 ], [ 127.507111708110287, 37.731359312539034 ], [ 127.514004662561362, 37.73860306496136 ], [ 127.537619564687546, 37.751146138757065 ], [ 127.543958794413584, 37.748771241646878 ], [ 127.548231680075645, 37.7436921312826 ], [ 127.553963500807271, 37.749315690969752 ], [ 127.554556550788746, 37.753189669109709 ], [ 127.552380678630911, 37.759651787707519 ], [ 127.553363681805905, 37.763006905835013 ], [ 127.563234704630261, 37.765081445411987 ], [ 127.564500249528678, 37.778627735200267 ], [ 127.572673555392498, 37.78274230722019 ], [ 127.585056434839331, 37.779756893306597 ], [ 127.586611131412141, 37.782666142879137 ], [ 127.592930359849007, 37.787273885115582 ], [ 127.60383410721721, 37.782414052584279 ], [ 127.611876880960537, 37.780702923480426 ], [ 127.612686235347795, 37.77796109607965 ], [ 127.610561549660432, 37.767026769381346 ], [ 127.616991769491904, 37.767893479146053 ], [ 127.619113307559815, 37.765752060723194 ], [ 127.630970787305841, 37.761169233085106 ], [ 127.63134309476024, 37.758535376014152 ], [ 127.637803858803281, 37.755094163305394 ], [ 127.656249039134337, 37.763123381426773 ], [ 127.666234198908725, 37.763192573908547 ], [ 127.671364695127366, 37.75996428558873 ], [ 127.664702051600869, 37.753312507968381 ], [ 127.662285589940325, 37.752921915886731 ], [ 127.661251603501611, 37.750032637984724 ], [ 127.663444268094992, 37.744656429790197 ], [ 127.659896377724067, 37.739317252950833 ], [ 127.661100322263977, 37.736376524971973 ], [ 127.659273798529696, 37.731310177604783 ], [ 127.653928548165936, 37.730606895414226 ], [ 127.650298324073418, 37.72709322717656 ], [ 127.642646791382319, 37.724394108466093 ], [ 127.642934256832973, 37.720498655436707 ], [ 127.645756402191452, 37.71809370368257 ], [ 127.643492739729993, 37.714814749960503 ], [ 127.650720403640889, 37.710751823212426 ], [ 127.649074609926018, 37.707022219245815 ], [ 127.646287396995305, 37.706156325334895 ], [ 127.644677431817087, 37.703291402135477 ], [ 127.644217842713672, 37.699679633962177 ], [ 127.645998469843065, 37.697656292899005 ], [ 127.641365405347983, 37.695073773189471 ] ] ] ] } },
{ "type": "Feature", "properties": { "emd_cd": "51110350", "emd_nm": "서면" }, "geometry": { "type": "MultiPolygon", "coordinates": [ [ [ [ 127.712820549080092, 37.939186801734493 ], [ 127.711314410991022, 37.937979562859461 ], [ 127.717231818028651, 37.928900004471764 ], [ 127.718615783079315, 37.928771982947673 ], [ 127.718641633522083, 37.922845798658493 ], [ 127.715357809997613, 37.918446080423379 ], [ 127.711467106036181, 37.907789760390742 ], [ 127.694914496635789, 37.892965689290371 ], [ 127.694092623011286, 37.889685494307543 ], [ 127.689393039489957, 37.887680980627792 ], [ 127.688064621052632, 37.884529340858215 ], [ 127.680387646539486, 37.878057643727601 ], [ 127.675306332490464, 37.860293118869798 ], [ 127.675308387499484, 37.853052182770426 ], [ 127.677364466856332, 37.849331464267792 ], [ 127.675479809319881, 37.839784178296512 ], [ 127.675694365430402, 37.830384997965076 ], [ 127.67298458970302, 37.826976076300049 ], [ 127.664934605419589, 37.823895640287539 ], [ 127.648216572631995, 37.82175351838216 ], [ 127.634236806210467, 37.816985177869768 ], [ 127.614180543329496, 37.829144623653718 ], [ 127.580123849930345, 37.834805797611899 ], [ 127.549640870404602, 37.846500340680329 ], [ 127.550457080193596, 37.852050477805157 ], [ 127.557452184895851, 37.856277981378206 ], [ 127.563238807646812, 37.855879471806986 ], [ 127.563876977798344, 37.858029998511142 ], [ 127.566837441921166, 37.859222758083888 ], [ 127.565886759889679, 37.861236505889217 ], [ 127.568595169643629, 37.866972754627767 ], [ 127.574576912856443, 37.87235053258776 ], [ 127.584563977644379, 37.87629944038224 ], [ 127.603211768151411, 37.874200701735269 ], [ 127.605849104513581, 37.876492220556543 ], [ 127.609060981142136, 37.883567380055126 ], [ 127.607368247913939, 37.889709766343024 ], [ 127.617141026792325, 37.906361833049843 ], [ 127.616583547337129, 37.911904919663677 ], [ 127.612070174143909, 37.922794231061303 ], [ 127.616583729680542, 37.928265569977569 ], [ 127.612671532648875, 37.940475867913882 ], [ 127.60252049330056, 37.946333434789615 ], [ 127.602444420600591, 37.954998467499976 ], [ 127.60508762983801, 37.964726558432162 ], [ 127.60730194054085, 37.966267931370496 ], [ 127.617353702314603, 37.971054174388016 ], [ 127.637999910150398, 37.974797089719935 ], [ 127.6430652769848, 37.979325799682442 ], [ 127.62705743124863, 37.987619171136792 ], [ 127.630063400232373, 37.99219454542655 ], [ 127.644986002047688, 37.990766806400472 ], [ 127.651739072868651, 37.984051045641124 ], [ 127.668921694058284, 37.980132078504013 ], [ 127.674398127290132, 37.977406185980222 ], [ 127.676092587804206, 37.972913028594675 ], [ 127.668242451005341, 37.968400755008858 ], [ 127.67251042057795, 37.962886485005527 ], [ 127.694780727848737, 37.954730677612631 ], [ 127.712820549080092, 37.939186801734493 ] ] ] ] } },
{ "type": "Feature", "properties": { "emd_cd": "51110360", "emd_nm": "사북면" }, "geometry": { "type": "MultiPolygon", "coordinates": [ [ [ [ 127.540081986996668, 38.000589190145035 ], [ 127.544760315988029, 38.019527514861167 ], [ 127.563854595271167, 38.021990894179872 ], [ 127.566870155491429, 38.031933944007363 ], [ 127.578564095832789, 38.03977994911012 ], [ 127.573896218349972, 38.047129342738849 ], [ 127.574027146310328, 38.05092362560422 ], [ 127.579569111821087, 38.055767947875083 ], [ 127.576904999844388, 38.057658407386178 ], [ 127.576536968072901, 38.061994283770282 ], [ 127.569734748559767, 38.066698218128202 ], [ 127.566595700184507, 38.066441845614733 ], [ 127.564172078438517, 38.071681109885496 ], [ 127.564267111539181, 38.075164885759904 ], [ 127.566696372802042, 38.079288439036219 ], [ 127.566108017441181, 38.083858543860764 ], [ 127.573494252214203, 38.085024555848761 ], [ 127.585655445667925, 38.080200938697828 ], [ 127.596837323493844, 38.079896068505839 ], [ 127.598167330201889, 38.076856748689423 ], [ 127.607761143858724, 38.071673995978493 ], [ 127.608196400099899, 38.068348784879788 ], [ 127.605401983445077, 38.061050706040234 ], [ 127.609600492619577, 38.059158118024321 ], [ 127.611671937231449, 38.055419448763431 ], [ 127.614042996876933, 38.057450748623893 ], [ 127.617253422375597, 38.057521129973175 ], [ 127.623670396064057, 38.051551210891986 ], [ 127.632892722039259, 38.050045403887687 ], [ 127.641198269108003, 38.051982621320647 ], [ 127.64537517335944, 38.056446912660157 ], [ 127.651993696896341, 38.054505831467509 ], [ 127.653319526640104, 38.050931970485983 ], [ 127.648896517016979, 38.044572691704623 ], [ 127.648104792315877, 38.033399783686519 ], [ 127.650759309798488, 38.027013563646889 ], [ 127.654122442345226, 38.023826476811493 ], [ 127.655519317244014, 38.024102257493951 ], [ 127.654911782307138, 38.027260887794888 ], [ 127.665377741491682, 38.030365938171627 ], [ 127.670936543720032, 38.03483791361873 ], [ 127.678438771191153, 38.035893438616142 ], [ 127.681584965769787, 38.0341531024741 ], [ 127.687228321070336, 38.034330929625568 ], [ 127.700219024137965, 38.0382003563711 ], [ 127.709428701529674, 38.032328579312356 ], [ 127.713577902184511, 38.023865788751436 ], [ 127.72325822613044, 38.024675508901204 ], [ 127.725388894051193, 38.025096051124692 ], [ 127.728921701791478, 38.032467186549745 ], [ 127.73208617859153, 38.033018808874395 ], [ 127.732757241575555, 38.035644036471005 ], [ 127.738024899372235, 38.038297067738604 ], [ 127.744732957914522, 38.037697010401246 ], [ 127.746738117670162, 38.039548436992995 ], [ 127.750221191229954, 38.035443648157781 ], [ 127.758295162155108, 38.034752986420102 ], [ 127.760933688769924, 38.029850964387514 ], [ 127.769582014766442, 38.028237002149055 ], [ 127.775482290924899, 38.018439142626626 ], [ 127.773344258733957, 38.014973705584829 ], [ 127.77291333296256, 38.009695285661557 ], [ 127.766553357230023, 38.004646334532119 ], [ 127.765709551689568, 37.999742228996759 ], [ 127.762164958341629, 37.997717545337181 ], [ 127.75944219693244, 37.990472597196373 ], [ 127.75987623213905, 37.979764058554025 ], [ 127.757673214480121, 37.978388061735835 ], [ 127.751221462742222, 37.976322272325575 ], [ 127.745061435431523, 37.979028738542297 ], [ 127.733561974895864, 37.980962434838119 ], [ 127.72610298850077, 37.975104555480264 ], [ 127.712799393232402, 37.976770265190758 ], [ 127.700553761634623, 37.971901219147448 ], [ 127.689779470700429, 37.971915378401654 ], [ 127.682793406125782, 37.97414915665469 ], [ 127.67645283208978, 37.969348607019846 ], [ 127.668242451005341, 37.968400755008858 ], [ 127.676092587804206, 37.972913028594675 ], [ 127.675870940585611, 37.976210424629969 ], [ 127.668921694058284, 37.980132078504013 ], [ 127.651739072868651, 37.984051045641124 ], [ 127.644986002047688, 37.990766806400472 ], [ 127.630063400232373, 37.99219454542655 ], [ 127.62705743124863, 37.987619171136792 ], [ 127.6430652769848, 37.979325799682442 ], [ 127.637999910150398, 37.974797089719935 ], [ 127.617353702314603, 37.971054174388016 ], [ 127.60730194054085, 37.966267931370496 ], [ 127.60508762983801, 37.964726558432162 ], [ 127.602444420600591, 37.954998467499976 ], [ 127.584722230817889, 37.961752241491077 ], [ 127.579341322969313, 37.961142753546085 ], [ 127.571330279904004, 37.963999387877095 ], [ 127.559839717362593, 37.962882592735227 ], [ 127.545224972575866, 37.96773167616243 ], [ 127.544244887593877, 37.974110752894127 ], [ 127.54716549850626, 37.978281310523684 ], [ 127.540081986996668, 38.000589190145035 ] ] ] ] } },
{ "type": "Feature", "properties": { "emd_cd": "51110380", "emd_nm": "북산면" }, "geometry": { "type": "MultiPolygon", "coordinates": [ [ [ [ 127.977564610089999, 37.957111370509004 ], [ 127.987284325552551, 37.951815322651562 ], [ 127.989640645069315, 37.945207450465197 ], [ 127.996351641282573, 37.940690683049858 ], [ 127.99604041811223, 37.935830158269319 ], [ 127.988507036110448, 37.925808619793749 ], [ 127.983831065696918, 37.923413285007015 ], [ 127.985594645567545, 37.916273357110008 ], [ 127.984841833819218, 37.913690681517942 ], [ 127.987328253502824, 37.911791166262887 ], [ 127.982728476736909, 37.910314960957578 ], [ 127.971209780368397, 37.898629096932822 ], [ 127.970089035682136, 37.892677659099 ], [ 127.973143322843569, 37.887028073119815 ], [ 127.9727561560467, 37.882505693866889 ], [ 127.957532196291481, 37.873780096690083 ], [ 127.956453789729252, 37.871354128913758 ], [ 127.948721455942191, 37.87146198707061 ], [ 127.9468055894326, 37.872109833493667 ], [ 127.945756075746758, 37.87618789517785 ], [ 127.941102223890354, 37.878731146515712 ], [ 127.930360748134476, 37.878809238531019 ], [ 127.926433370362616, 37.882165611031802 ], [ 127.926479851790361, 37.885671049750691 ], [ 127.923187218523992, 37.887905204085442 ], [ 127.91130517801534, 37.890501975336548 ], [ 127.904422067619521, 37.894052945737371 ], [ 127.899911421480709, 37.906028099247258 ], [ 127.901402040572378, 37.912464910447838 ], [ 127.887781053388267, 37.918771235878005 ], [ 127.887574601394959, 37.924367749820561 ], [ 127.885380448587526, 37.925373157034436 ], [ 127.882383648916218, 37.933445163392854 ], [ 127.879821914676114, 37.935419250445946 ], [ 127.855513659648494, 37.940298764125309 ], [ 127.845741206298342, 37.939186572246989 ], [ 127.835128121601471, 37.933471667438766 ], [ 127.832692300375015, 37.93387711704451 ], [ 127.823531730150918, 37.944595562172509 ], [ 127.811101003929451, 37.950490521811979 ], [ 127.804605669524094, 37.956162075487107 ], [ 127.795283843204757, 37.959043706692334 ], [ 127.794230305051556, 37.96511542481025 ], [ 127.795487029951602, 37.970023075283905 ], [ 127.792442081129593, 37.975019384638763 ], [ 127.793963600963764, 37.984585528200171 ], [ 127.792455557415423, 37.98988928444146 ], [ 127.79464134563456, 37.99570609483051 ], [ 127.803165457426488, 38.000502023464726 ], [ 127.808108791110726, 38.000738269550389 ], [ 127.81323490343452, 38.00366669067779 ], [ 127.820311733149396, 38.003884758793419 ], [ 127.827197153664656, 38.000752095333695 ], [ 127.831844770086306, 38.004356932031257 ], [ 127.832165352964651, 38.006992911721142 ], [ 127.837090437153051, 38.013069139312286 ], [ 127.839777579588301, 38.014505521237396 ], [ 127.84740055712706, 38.014316466684754 ], [ 127.84984785838644, 38.01670856136154 ], [ 127.858070778566187, 38.018801369527168 ], [ 127.854150112326792, 38.025261536382395 ], [ 127.855593330953681, 38.028623106279333 ], [ 127.850814419948577, 38.030849595501209 ], [ 127.849237519433885, 38.036257602248448 ], [ 127.851803963997924, 38.042165694197294 ], [ 127.851252278052058, 38.0455398984734 ], [ 127.855211105735663, 38.052302775966204 ], [ 127.859183973570111, 38.049971193127206 ], [ 127.867297263395741, 38.050239041295669 ], [ 127.879048358201999, 38.047337425820643 ], [ 127.888273771929576, 38.050170511101598 ], [ 127.902669004168843, 38.050650701431756 ], [ 127.90403609661638, 38.046165046935684 ], [ 127.901861010780664, 38.038225051640367 ], [ 127.904066109961761, 38.030330721803985 ], [ 127.913379330486279, 38.022860897292567 ], [ 127.931366353111528, 38.017893974223831 ], [ 127.934412916274241, 38.015568060023298 ], [ 127.934339276695397, 38.013853006258792 ], [ 127.940428764410385, 38.015050879315424 ], [ 127.944926603031377, 38.0183748920185 ], [ 127.947143471925571, 38.022579470270301 ], [ 127.947011980266893, 38.031329554770259 ], [ 127.951751100915644, 38.038200688547008 ], [ 127.955426801187031, 38.038680841779055 ], [ 127.966108030271556, 38.032052993174545 ], [ 127.977783675536472, 38.029570692799915 ], [ 127.986857174047472, 38.025512594283981 ], [ 127.987130048737555, 38.020097757330902 ], [ 127.983973473440926, 38.014518656716071 ], [ 127.983820363955772, 38.010296826358072 ], [ 127.989380226960634, 38.003796784401509 ], [ 127.993313769867356, 38.001601967306293 ], [ 127.997973758462734, 38.002734234778217 ], [ 128.007735192933495, 38.015737858555696 ], [ 128.012957028579308, 38.019008892491144 ], [ 128.024941897878051, 38.019525566583575 ], [ 128.029607920342158, 38.014650907994437 ], [ 128.024416319634213, 38.011085058580477 ], [ 128.024225986601493, 38.008583135463901 ], [ 128.019587545006999, 38.007365890962085 ], [ 128.018781806492115, 38.000569547771676 ], [ 128.015300213085283, 37.996641408477728 ], [ 128.006635606914472, 37.996445719008463 ], [ 128.003430305960535, 37.995633170144636 ], [ 127.997321801113884, 37.990504078003063 ], [ 127.991564296537589, 37.991041254924518 ], [ 127.988057922478589, 37.988802572639642 ], [ 127.983635069036183, 37.989078864090395 ], [ 127.984165206690164, 37.986713398011737 ], [ 127.981792543060052, 37.983500237633756 ], [ 127.984754159915965, 37.980039397649463 ], [ 127.984863800640639, 37.975303514274863 ], [ 127.982367002321951, 37.971985792422004 ], [ 127.984025550013953, 37.970405441112753 ], [ 127.984499134502613, 37.965995048426713 ], [ 127.981628473173231, 37.960638556622527 ], [ 127.977564610089999, 37.957111370509004 ] ] ] ] } },
{ "type": "Feature", "properties": { "emd_cd": "51110390", "emd_nm": "동내면" }, "geometry": { "type": "MultiPolygon", "coordinates": [ [ [ [ 127.749478595161875, 37.842160459653819 ], [ 127.758988664768452, 37.845330516700237 ], [ 127.756809658159355, 37.849086030093353 ], [ 127.753499595157237, 37.850396707980593 ], [ 127.749471234265172, 37.85530272971021 ], [ 127.756067906126944, 37.860702210429167 ], [ 127.755931874775271, 37.862044611691246 ], [ 127.765152923873586, 37.864689707578002 ], [ 127.768750010422536, 37.868794810067399 ], [ 127.781053459764934, 37.870312771316286 ], [ 127.787679865763394, 37.865062145336381 ], [ 127.796682229772131, 37.866290786955567 ], [ 127.800797069899005, 37.865233858759758 ], [ 127.807445598196651, 37.868250200483338 ], [ 127.808281179633539, 37.859165008250542 ], [ 127.810780439855819, 37.858961899291209 ], [ 127.821762615742244, 37.849818633404624 ], [ 127.82209692064319, 37.845689512446512 ], [ 127.819270980081612, 37.84369875067955 ], [ 127.819371964528244, 37.842150227271993 ], [ 127.815441903614499, 37.841004685656991 ], [ 127.813560916855081, 37.833672721898409 ], [ 127.818400828634381, 37.829378490299462 ], [ 127.817199924794394, 37.828223015493634 ], [ 127.821995276829739, 37.824624602355527 ], [ 127.825537633404466, 37.824352858247515 ], [ 127.827588834726726, 37.82046945547939 ], [ 127.82500395052918, 37.815695336634306 ], [ 127.825418067610585, 37.810988392856459 ], [ 127.816391907336751, 37.811156593026233 ], [ 127.80260937405842, 37.804959376052686 ], [ 127.798719344723438, 37.809956742654201 ], [ 127.799091190611037, 37.814589397241136 ], [ 127.792863581274162, 37.81578391976285 ], [ 127.786777423918522, 37.8144418660969 ], [ 127.785541123602584, 37.81627731154375 ], [ 127.779669933853683, 37.817782063042756 ], [ 127.776116818354325, 37.81543736068739 ], [ 127.766670915857702, 37.813796201138835 ], [ 127.765919690070859, 37.808414655369106 ], [ 127.759798336799022, 37.804740321914018 ], [ 127.757451092958007, 37.80688159744502 ], [ 127.757708954169289, 37.808476835313613 ], [ 127.753510215169314, 37.809860091939491 ], [ 127.751034833698782, 37.812728721460616 ], [ 127.745505475832658, 37.812177698214548 ], [ 127.746322926638555, 37.828006901415996 ], [ 127.745069267803331, 37.834257494146939 ], [ 127.749478595161875, 37.842160459653819 ] ] ] ] } },
{ "type": "Feature", "properties": { "emd_cd": "51110400", "emd_nm": "남산면" }, "geometry": { "type": "MultiPolygon", "coordinates": [ [ [ [ 127.52070221175758, 37.792745161207208 ], [ 127.5372422825467, 37.810742396073948 ], [ 127.534828066226623, 37.817912639238514 ], [ 127.525638681257931, 37.822872439784433 ], [ 127.5248022998435, 37.82967181689591 ], [ 127.529442673529999, 37.839723081350989 ], [ 127.540458380524981, 37.846552395476735 ], [ 127.549640870404602, 37.846500340680329 ], [ 127.575398023987105, 37.836415989183848 ], [ 127.591482541995305, 37.831945441164926 ], [ 127.614180543329496, 37.829144623653718 ], [ 127.634236806210467, 37.816985177869768 ], [ 127.653849786501809, 37.823142429104081 ], [ 127.664624803499137, 37.824078076028187 ], [ 127.668733444461807, 37.814756753850929 ], [ 127.656944243863336, 37.81083645729565 ], [ 127.649436974321389, 37.8107178622692 ], [ 127.647722968143867, 37.808235267160605 ], [ 127.654942551251935, 37.804875302784609 ], [ 127.65785558553965, 37.80164012382442 ], [ 127.662017229590717, 37.801058537165815 ], [ 127.662927292074357, 37.798919822062651 ], [ 127.668142046036621, 37.798726506294862 ], [ 127.669492687160968, 37.795226839525178 ], [ 127.672265488482125, 37.794677794601235 ], [ 127.677909127934072, 37.781053229006673 ], [ 127.681826559754384, 37.780493465090302 ], [ 127.681077706841791, 37.778136440439788 ], [ 127.68931542819422, 37.776856962911602 ], [ 127.691962401546064, 37.773098969352567 ], [ 127.695936842531466, 37.772788369439198 ], [ 127.69710063065385, 37.770009744660761 ], [ 127.701299271051923, 37.767887074636576 ], [ 127.700371809111346, 37.766901056733658 ], [ 127.701526262464711, 37.765415598816055 ], [ 127.711620140467858, 37.767416932818833 ], [ 127.713466479926851, 37.765005156449178 ], [ 127.71648513479974, 37.764236578745816 ], [ 127.713155071027259, 37.759512954769548 ], [ 127.712973317462172, 37.755449381270509 ], [ 127.716292104792046, 37.750529022135801 ], [ 127.711950213290734, 37.749158324299358 ], [ 127.712845788546929, 37.74436069698281 ], [ 127.71512428884057, 37.745047949190422 ], [ 127.717316356117792, 37.741384718786932 ], [ 127.725170948802742, 37.738704608250394 ], [ 127.730639815475271, 37.734790137082207 ], [ 127.727310218814111, 37.732100732457397 ], [ 127.721714738022655, 37.733350090987997 ], [ 127.715094193562862, 37.727813750247947 ], [ 127.711756660832847, 37.727550034404125 ], [ 127.707543941854297, 37.721213823755704 ], [ 127.7009964427059, 37.719095702454645 ], [ 127.700985294766525, 37.716544381946676 ], [ 127.687295745399254, 37.716246186332235 ], [ 127.683212005081458, 37.712477933115714 ], [ 127.679429476604795, 37.711378220539665 ], [ 127.680429197804642, 37.707969947508026 ], [ 127.684098683304939, 37.707356972933823 ], [ 127.682631432872242, 37.705272620433199 ], [ 127.684054788778582, 37.701840585841779 ], [ 127.682293241191701, 37.698444972324232 ], [ 127.677834467293621, 37.695136482373968 ], [ 127.671414373883323, 37.696959374982804 ], [ 127.670288304164046, 37.695397063005473 ], [ 127.658326111479838, 37.69980401662113 ], [ 127.652695891539977, 37.69928757929523 ], [ 127.650949374549171, 37.698022874986613 ], [ 127.651507115682762, 37.683608174445737 ], [ 127.649478127827052, 37.680002774761299 ], [ 127.645224607953281, 37.678628069653342 ], [ 127.64258456331406, 37.680091061348591 ], [ 127.641279907397234, 37.683723901133497 ], [ 127.641365405347983, 37.695073773189471 ], [ 127.645998469843065, 37.697656292899005 ], [ 127.644217842713672, 37.699679633962177 ], [ 127.644677431817087, 37.703291402135477 ], [ 127.646287396995305, 37.706156325334895 ], [ 127.649074609926018, 37.707022219245815 ], [ 127.650720403640889, 37.710751823212426 ], [ 127.643492739729993, 37.714814749960503 ], [ 127.645756402191452, 37.71809370368257 ], [ 127.642934256832973, 37.720498655436707 ], [ 127.642646791382319, 37.724394108466093 ], [ 127.650298324073418, 37.72709322717656 ], [ 127.653928548165936, 37.730606895414226 ], [ 127.659273798529696, 37.731310177604783 ], [ 127.661100322263977, 37.736376524971973 ], [ 127.659896377724067, 37.739317252950833 ], [ 127.663444268094992, 37.744656429790197 ], [ 127.661251603501611, 37.750032637984724 ], [ 127.662285589940325, 37.752921915886731 ], [ 127.664702051600869, 37.753312507968381 ], [ 127.671364695127366, 37.75996428558873 ], [ 127.669367697012845, 37.76187418544685 ], [ 127.666234198908725, 37.763192573908547 ], [ 127.656249039134337, 37.763123381426773 ], [ 127.637803858803281, 37.755094163305394 ], [ 127.63134309476024, 37.758535376014152 ], [ 127.630970787305841, 37.761169233085106 ], [ 127.619113307559815, 37.765752060723194 ], [ 127.616991769491904, 37.767893479146053 ], [ 127.610561549660432, 37.767026769381346 ], [ 127.612686235347795, 37.77796109607965 ], [ 127.611876880960537, 37.780702923480426 ], [ 127.60383410721721, 37.782414052584279 ], [ 127.592930359849007, 37.787273885115582 ], [ 127.586611131412141, 37.782666142879137 ], [ 127.585056434839331, 37.779756893306597 ], [ 127.572673555392498, 37.78274230722019 ], [ 127.564500249528678, 37.778627735200267 ], [ 127.563234704630261, 37.765081445411987 ], [ 127.553363681805905, 37.763006905835013 ], [ 127.552380678630911, 37.759651787707519 ], [ 127.554556550788746, 37.753189669109709 ], [ 127.553963500807271, 37.749315690969752 ], [ 127.548231680075645, 37.7436921312826 ], [ 127.543958794413584, 37.748771241646878 ], [ 127.537619564687546, 37.751146138757065 ], [ 127.541973565818438, 37.754866530388249 ], [ 127.544767870076029, 37.760276667741785 ], [ 127.542989715922928, 37.767403998314727 ], [ 127.537473031973107, 37.774721464366813 ], [ 127.522145864583862, 37.789149652484966 ], [ 127.52070221175758, 37.792745161207208 ] ] ] ] } },
{ "type": "Feature", "properties": { "emd_cd": "51130101", "emd_nm": "중앙동" }, "geometry": { "type": "MultiPolygon", "coordinates": [ [ [ [ 127.947139683710873, 37.351811996124418 ], [ 127.949098483419405, 37.352793490837982 ], [ 127.954267587875904, 37.347414035247837 ], [ 127.952746290577565, 37.346614612465068 ], [ 127.947139683710873, 37.351811996124418 ] ] ] ] } },
{ "type": "Feature", "properties": { "emd_cd": "51130102", "emd_nm": "평원동" }, "geometry": { "type": "MultiPolygon", "coordinates": [ [ [ [ 127.949098483419405, 37.352793490837982 ], [ 127.954083247296268, 37.352097148071813 ], [ 127.955366083608766, 37.347511833115576 ], [ 127.954267587875904, 37.347414035247837 ], [ 127.949098483419405, 37.352793490837982 ] ] ] ] } },
{ "type": "Feature", "properties": { "emd_cd": "51130103", "emd_nm": "원동" }, "geometry": { "type": "MultiPolygon", "coordinates": [ [ [ [ 127.941157648300219, 37.342218141802235 ], [ 127.944468846542605, 37.34519632873387 ], [ 127.951394288505156, 37.347858191817039 ], [ 127.954509386260455, 37.344405314696807 ], [ 127.949923533595452, 37.343691940524899 ], [ 127.947284775190468, 37.340727696717451 ], [ 127.941157648300219, 37.342218141802235 ] ] ] ] } },
{ "type": "Feature", "properties": { "emd_cd": "51130104", "emd_nm": "인동" }, "geometry": { "type": "MultiPolygon", "coordinates": [ [ [ [ 127.952746290577565, 37.346614612465068 ], [ 127.955366083608766, 37.347511833115576 ], [ 127.956335001734516, 37.345572358841252 ], [ 127.954815014872494, 37.344176370494175 ], [ 127.952746290577565, 37.346614612465068 ] ] ] ] } },
{ "type": "Feature", "properties": { "emd_cd": "51130105", "emd_nm": "개운동" }, "geometry": { "type": "MultiPolygon", "coordinates": [ [ [ [ 127.947266882247604, 37.332417762555131 ], [ 127.954249607287039, 37.341212271652559 ], [ 127.955255621778235, 37.345736405376378 ], [ 127.965570791758267, 37.339811230974696 ], [ 127.964383077090773, 37.339985424202126 ], [ 127.9649879296107, 37.337671641571639 ], [ 127.962372270795697, 37.338146364172559 ], [ 127.96123856506486, 37.336559840534953 ], [ 127.959150227944349, 37.33790970580695 ], [ 127.956083029985876, 37.337379437953594 ], [ 127.950836864160124, 37.32995667406626 ], [ 127.947266882247604, 37.332417762555131 ] ] ] ] } },
{ "type": "Feature", "properties": { "emd_cd": "51130106", "emd_nm": "명륜동" }, "geometry": { "type": "MultiPolygon", "coordinates": [ [ [ [ 127.935455767691451, 37.326357801882459 ], [ 127.937987670033877, 37.32877749957126 ], [ 127.937832815923699, 37.336707855904557 ], [ 127.939447758002572, 37.338662109137587 ], [ 127.937959085146986, 37.339936335134482 ], [ 127.94133692341461, 37.342146125116699 ], [ 127.947284775190468, 37.340727696717451 ], [ 127.949923533595452, 37.343691940524899 ], [ 127.954785689823908, 37.34429994327229 ], [ 127.954249607287039, 37.341212271652566 ], [ 127.939858868977083, 37.322204883592271 ], [ 127.935455767691451, 37.326357801882459 ] ] ] ] } },
{ "type": "Feature", "properties": { "emd_cd": "51130107", "emd_nm": "단구동" }, "geometry": { "type": "MultiPolygon", "coordinates": [ [ [ [ 127.9649879296107, 37.337671641571646 ], [ 127.961700645894027, 37.333509022318289 ], [ 127.963850503789487, 37.326741996541351 ], [ 127.967162903894334, 37.324613924199035 ], [ 127.969026368738497, 37.319588952013802 ], [ 127.973059140523617, 37.31581343953183 ], [ 127.970708628389445, 37.315530413439198 ], [ 127.961328494697327, 37.323613379543801 ], [ 127.957457396914521, 37.315140333000272 ], [ 127.960444202727132, 37.313874228099081 ], [ 127.959060774674498, 37.31213840322922 ], [ 127.954107647668934, 37.309782570783298 ], [ 127.948794813241562, 37.311234698589558 ], [ 127.948604055889604, 37.315012222246324 ], [ 127.94600427736404, 37.316144936436558 ], [ 127.947112812378464, 37.318895864531477 ], [ 127.949030811863878, 37.317892266684382 ], [ 127.952751468025809, 37.319064602430103 ], [ 127.93994222911833, 37.32263940257738 ], [ 127.940824226356909, 37.324786229682722 ], [ 127.947163168051844, 37.332190172069069 ], [ 127.950836864160124, 37.32995667406626 ], [ 127.956083029985876, 37.337379437953579 ], [ 127.9649879296107, 37.337671641571646 ] ], [ [ 127.963637356138932, 37.336310586807997 ], [ 127.963508519084954, 37.336239969705339 ], [ 127.9635355749854, 37.336180473559502 ], [ 127.963637356138932, 37.336310586807997 ] ] ] ] } },
{ "type": "Feature", "properties": { "emd_cd": "51130108", "emd_nm": "일산동" }, "geometry": { "type": "MultiPolygon", "coordinates": [ [ [ [ 127.937008226851034, 37.350362950726982 ], [ 127.938223275191774, 37.352366660337381 ], [ 127.942160150571453, 37.351339421696196 ], [ 127.946311171128272, 37.352784269299264 ], [ 127.951394288505156, 37.347858191817039 ], [ 127.944468846542605, 37.34519632873387 ], [ 127.941157648300219, 37.342218141802235 ], [ 127.937008226851034, 37.350362950726982 ] ] ] ] } },
{ "type": "Feature", "properties": { "emd_cd": "51130109", "emd_nm": "학성동" }, "geometry": { "type": "MultiPolygon", "coordinates": [ [ [ [ 127.935192934819199, 37.355607519541969 ], [ 127.941004643335859, 37.360652278304492 ], [ 127.9405311714156, 37.365441193365477 ], [ 127.943486664667432, 37.367616821951195 ], [ 127.945250439990716, 37.378249650560754 ], [ 127.948598024972682, 37.375217230018897 ], [ 127.948441797612944, 37.368126513867985 ], [ 127.954083247296239, 37.352097148071799 ], [ 127.950120859788228, 37.353313041724093 ], [ 127.942160150571453, 37.351339421696196 ], [ 127.93555248407678, 37.352227925409181 ], [ 127.935192934819199, 37.355607519541969 ] ] ] ] } },
{ "type": "Feature", "properties": { "emd_cd": "51130110", "emd_nm": "단계동" }, "geometry": { "type": "MultiPolygon", "coordinates": [ [ [ [ 127.912971241930805, 37.353065974944144 ], [ 127.916271056437608, 37.354833628402865 ], [ 127.919385509008592, 37.362158130026728 ], [ 127.922096424721147, 37.363126474453239 ], [ 127.92843074894364, 37.360796349825534 ], [ 127.936529857038011, 37.362241408833448 ], [ 127.94021485489634, 37.359246691024609 ], [ 127.935475377303248, 37.356658897602429 ], [ 127.935249596902921, 37.352755719781889 ], [ 127.938341208237077, 37.352508551283748 ], [ 127.937309704279713, 37.347569208625423 ], [ 127.94133692341461, 37.342146125116706 ], [ 127.937959085146986, 37.33993633513446 ], [ 127.938893219700503, 37.337809760211883 ], [ 127.936403620516174, 37.338207830992303 ], [ 127.934473682597442, 37.336306124091756 ], [ 127.930581692911076, 37.33802421061322 ], [ 127.929218498181413, 37.342059729302839 ], [ 127.926123133836086, 37.341997042929869 ], [ 127.924112234606625, 37.345990846003758 ], [ 127.916682334921589, 37.346614938416195 ], [ 127.915855731165024, 37.35057281825619 ], [ 127.912971241930805, 37.353065974944144 ] ] ] ] } },
{ "type": "Feature", "properties": { "emd_cd": "51130111", "emd_nm": "우산동" }, "geometry": { "type": "MultiPolygon", "coordinates": [ [ [ [ 127.921652671468678, 37.374210028745843 ], [ 127.928964295600892, 37.380072525393366 ], [ 127.930798903248373, 37.379695557820675 ], [ 127.938414519809044, 37.390025356013354 ], [ 127.941871295309994, 37.389353578990402 ], [ 127.941360177134698, 37.3837330228938 ], [ 127.944104886383286, 37.383169749029378 ], [ 127.941619027311972, 37.381678540026343 ], [ 127.945415742334788, 37.378438177939316 ], [ 127.945402176267834, 37.37676019204482 ], [ 127.943486664667432, 37.367616821951195 ], [ 127.9405311714156, 37.365441193365498 ], [ 127.940976656125557, 37.360602946246431 ], [ 127.935440829928964, 37.362592532256748 ], [ 127.92843074894364, 37.360796349825534 ], [ 127.922874517027552, 37.362386452289272 ], [ 127.92191145081226, 37.365983174694144 ], [ 127.924057620864829, 37.366333255913965 ], [ 127.924638007316446, 37.369271913636879 ], [ 127.922813748326078, 37.370238887581401 ], [ 127.921652671468678, 37.374210028745843 ] ] ] ] } },
{ "type": "Feature", "properties": { "emd_cd": "51130112", "emd_nm": "태장동" }, "geometry": { "type": "MultiPolygon", "coordinates": [ [ [ [ 127.936109379109865, 37.407677478843993 ], [ 127.939862765098866, 37.406514098849954 ], [ 127.949659513989275, 37.407467312076001 ], [ 127.955144778738315, 37.4048647093325 ], [ 127.957361088341386, 37.405487283594979 ], [ 127.960743577087371, 37.40194972438227 ], [ 127.96006380148431, 37.395238719957248 ], [ 127.964531873957711, 37.390406390325907 ], [ 127.965277153958553, 37.382487411563865 ], [ 127.976703863096503, 37.374038542000385 ], [ 127.973170806027682, 37.37055016115815 ], [ 127.970603857343548, 37.364566904305512 ], [ 127.968872150432063, 37.364142993738014 ], [ 127.972382332073039, 37.358879883889088 ], [ 127.971626994291313, 37.354508574667584 ], [ 127.968276667577825, 37.354875054267616 ], [ 127.961043415288472, 37.35137929998173 ], [ 127.957336863904743, 37.354459467693026 ], [ 127.953711647140125, 37.353337314139367 ], [ 127.948441797612944, 37.368126513867985 ], [ 127.948598024972682, 37.375217230018897 ], [ 127.941578117733556, 37.381876343111387 ], [ 127.94717883482987, 37.383367642886618 ], [ 127.950643427611681, 37.393096302724665 ], [ 127.949212650779415, 37.394528880293628 ], [ 127.943846399998748, 37.394108040223081 ], [ 127.941623113742963, 37.397655932135592 ], [ 127.93863648457237, 37.398332996796327 ], [ 127.939614782181096, 37.399535538118194 ], [ 127.936109379109865, 37.407677478843993 ] ] ] ] } },
{ "type": "Feature", "properties": { "emd_cd": "51130113", "emd_nm": "봉산동" }, "geometry": { "type": "MultiPolygon", "coordinates": [ [ [ [ 127.953711647140125, 37.353337314139345 ], [ 127.957336863904743, 37.35445946769304 ], [ 127.961043415288486, 37.351379299981758 ], [ 127.968276667577825, 37.354875054267616 ], [ 127.971626994291313, 37.354508574667584 ], [ 127.972382332073039, 37.358879883889088 ], [ 127.968872150432063, 37.364142993738014 ], [ 127.970603857343548, 37.364566904305512 ], [ 127.973170806027682, 37.370550161158164 ], [ 127.976703863096503, 37.37403854200037 ], [ 127.979729840467584, 37.37396085375574 ], [ 127.989034348322065, 37.364717796246289 ], [ 127.993846350374099, 37.367570400429031 ], [ 127.997650949566832, 37.365312584182675 ], [ 127.999703299152031, 37.358602629382233 ], [ 127.997716468124395, 37.357131583515439 ], [ 127.997406031254044, 37.35449954656368 ], [ 127.993714888358568, 37.351394666831922 ], [ 127.988733171178708, 37.350026862056268 ], [ 127.986573678882166, 37.346836513426737 ], [ 127.972706970453942, 37.34579455150088 ], [ 127.970458525177364, 37.341561205616344 ], [ 127.96558251469348, 37.339774915665522 ], [ 127.956199077299345, 37.345702117113262 ], [ 127.953711647140125, 37.353337314139345 ] ] ] ] } },
{ "type": "Feature", "properties": { "emd_cd": "51130114", "emd_nm": "행구동" }, "geometry": { "type": "MultiPolygon", "coordinates": [ [ [ [ 127.966919675090608, 37.340426905646254 ], [ 127.970458525177364, 37.341561205616372 ], [ 127.97270697045397, 37.345794551500894 ], [ 127.986573678882138, 37.346836513426709 ], [ 127.988733171178708, 37.350026862056261 ], [ 127.993714888358568, 37.351394666831936 ], [ 127.997406031254044, 37.354499546563673 ], [ 127.999725173876683, 37.359043242332945 ], [ 128.009842485816137, 37.358854500150748 ], [ 128.015297673457098, 37.360957012552269 ], [ 128.024380801189693, 37.356090496137476 ], [ 128.026775550838238, 37.349417858777812 ], [ 128.039391307130188, 37.344694684838686 ], [ 128.037746176154542, 37.337595828282325 ], [ 128.033684721666503, 37.332912223637521 ], [ 128.034358803861807, 37.331003197827854 ], [ 128.031635380236395, 37.328125828329142 ], [ 128.026541264585404, 37.328159258246721 ], [ 128.023477641210121, 37.326357026029335 ], [ 128.013655347227626, 37.330187880778475 ], [ 128.003644638768861, 37.327072423094577 ], [ 127.99881660399555, 37.331750524465981 ], [ 127.991152101799912, 37.333855883114659 ], [ 127.989356136162016, 37.335948977219282 ], [ 127.966919675090608, 37.340426905646254 ] ] ] ] } },
{ "type": "Feature", "properties": { "emd_cd": "51130115", "emd_nm": "무실동" }, "geometry": { "type": "MultiPolygon", "coordinates": [ [ [ [ 127.901671425682153, 37.317163704591856 ], [ 127.903994850188141, 37.320875602952249 ], [ 127.907131842737442, 37.321034141664924 ], [ 127.90912780468355, 37.323968953080566 ], [ 127.90608437637205, 37.328184402231742 ], [ 127.910742173454722, 37.336685839600165 ], [ 127.909238834726523, 37.340952172222238 ], [ 127.912221827284469, 37.34380029676462 ], [ 127.915538393525296, 37.344199581959423 ], [ 127.916682334921589, 37.346614938416188 ], [ 127.924112234606596, 37.345990846003765 ], [ 127.926123133836086, 37.341997042929847 ], [ 127.929218498181399, 37.342059729302839 ], [ 127.930581692911076, 37.338024210613234 ], [ 127.934473682597442, 37.336306124091728 ], [ 127.936403620516174, 37.338207830992303 ], [ 127.938893219700503, 37.337809760211897 ], [ 127.937743260799778, 37.328020797501694 ], [ 127.936065450180763, 37.328178220538277 ], [ 127.936167896075418, 37.324555633260843 ], [ 127.933643983847304, 37.320240787017482 ], [ 127.930049013547119, 37.31866441548631 ], [ 127.931368679188793, 37.315805988604382 ], [ 127.926826777050223, 37.314166567708803 ], [ 127.925818641122973, 37.310450574193567 ], [ 127.927997012857531, 37.30931766444975 ], [ 127.92652923042472, 37.30775960084398 ], [ 127.920109724392574, 37.308444005443917 ], [ 127.916918837499622, 37.311979728075016 ], [ 127.910005031838551, 37.3107175151967 ], [ 127.906632484884284, 37.315971927870201 ], [ 127.901671425682153, 37.317163704591856 ] ] ] ] } },
{ "type": "Feature", "properties": { "emd_cd": "51130116", "emd_nm": "관설동" }, "geometry": { "type": "MultiPolygon", "coordinates": [ [ [ [ 127.955754423334895, 37.309731686850419 ], [ 127.960444202727132, 37.313874228099081 ], [ 127.957457396914521, 37.315140333000265 ], [ 127.958480732035497, 37.319087152636413 ], [ 127.960638712681245, 37.322974042515568 ], [ 127.961328494697355, 37.323613379543836 ], [ 127.970708628389445, 37.315530413439198 ], [ 127.973421444722632, 37.315672306154561 ], [ 127.977024477414332, 37.312565525467917 ], [ 127.982540981671946, 37.313193890665275 ], [ 127.989493315989165, 37.311404929157533 ], [ 128.00432950548705, 37.315396382255933 ], [ 128.017278865786551, 37.310939099300924 ], [ 128.015139720701683, 37.308409945159042 ], [ 128.015373368873441, 37.302714229766892 ], [ 128.011320796622357, 37.30246627316405 ], [ 128.01296039979897, 37.296119197756681 ], [ 128.010799707985626, 37.293343033183639 ], [ 128.008344366047083, 37.295224640779423 ], [ 128.005696597333838, 37.294228192944004 ], [ 127.999772420111626, 37.296755463856698 ], [ 127.990014064582596, 37.295419789413998 ], [ 127.985659188906695, 37.298150658435837 ], [ 127.979811779665852, 37.290747671998695 ], [ 127.972732756401186, 37.295764080038246 ], [ 127.975143818907142, 37.302000284024707 ], [ 127.969786302128313, 37.300459144592786 ], [ 127.965347326195598, 37.302201494205214 ], [ 127.960716470433027, 37.299708833267104 ], [ 127.955754423334895, 37.309731686850419 ] ] ] ] } },
{ "type": "Feature", "properties": { "emd_cd": "51130117", "emd_nm": "반곡동" }, "geometry": { "type": "MultiPolygon", "coordinates": [ [ [ [ 127.961700645894027, 37.333509022318289 ], [ 127.965111818877958, 37.337962355091882 ], [ 127.964383077090773, 37.339985424202126 ], [ 127.966919675090608, 37.340426905646254 ], [ 127.989356136162016, 37.335948977219282 ], [ 127.991152101799912, 37.333855883114659 ], [ 127.99881660399555, 37.331750524465981 ], [ 128.003644638768861, 37.327072423094577 ], [ 128.013655347227626, 37.330187880778475 ], [ 128.017391705446641, 37.329449034273985 ], [ 128.021132935765593, 37.326387760230809 ], [ 128.025720190783886, 37.327127314391376 ], [ 128.021720343620728, 37.321361004902656 ], [ 128.02141879555532, 37.314513152621089 ], [ 128.015864525854312, 37.310936995397768 ], [ 128.00432950548705, 37.315396382255933 ], [ 127.989493315989165, 37.311404929157526 ], [ 127.982540981671946, 37.313193890665254 ], [ 127.977024477414332, 37.312565525467882 ], [ 127.969026368738497, 37.319588952013802 ], [ 127.967162903894334, 37.324613924199035 ], [ 127.963850503789487, 37.326741996541351 ], [ 127.961700645894027, 37.333509022318289 ] ] ], [ [ [ 127.963637356138932, 37.336310586807997 ], [ 127.963610127467703, 37.33684752808486 ], [ 127.963678995114051, 37.336841471991491 ], [ 127.963637356138932, 37.336310586807997 ] ] ] ] } },
{ "type": "Feature", "properties": { "emd_cd": "51130118", "emd_nm": "가현동" }, "geometry": { "type": "MultiPolygon", "coordinates": [ [ [ [ 127.911512736266502, 37.391466706831288 ], [ 127.92577116359486, 37.390251774794599 ], [ 127.929374413862249, 37.393595084868998 ], [ 127.930915998284377, 37.398482716095231 ], [ 127.933797378308697, 37.397913595627678 ], [ 127.933672486314038, 37.399317645024581 ], [ 127.938866396935111, 37.40030558750415 ], [ 127.93863648457237, 37.398332996796327 ], [ 127.941623113742963, 37.397655932135592 ], [ 127.943846399998748, 37.394108040223081 ], [ 127.949212650779415, 37.394528880293628 ], [ 127.950643427611681, 37.393096302724665 ], [ 127.94700284137835, 37.383176861132185 ], [ 127.941593517927899, 37.383424716283272 ], [ 127.941871295309994, 37.389353578990395 ], [ 127.938613304481052, 37.390137962571522 ], [ 127.935604989356221, 37.387816889528239 ], [ 127.936166888409289, 37.385743491806437 ], [ 127.930798903248373, 37.379695557820668 ], [ 127.928964295600892, 37.380072525393359 ], [ 127.922750252254943, 37.375072892299563 ], [ 127.921066537277994, 37.378026402957659 ], [ 127.913929220520927, 37.38165447515788 ], [ 127.914408183653222, 37.385623958162 ], [ 127.911512736266502, 37.391466706831288 ] ] ] ] } },
{ "type": "Feature", "properties": { "emd_cd": "51130250", "emd_nm": "문막읍" }, "geometry": { "type": "MultiPolygon", "coordinates": [ [ [ [ 127.761216547294495, 37.363597363107303 ], [ 127.76930899562268, 37.363145806393582 ], [ 127.773505691991687, 37.35892391877627 ], [ 127.777153727921629, 37.346524094134878 ], [ 127.787868347538307, 37.348655466207639 ], [ 127.791198888888317, 37.347833995138494 ], [ 127.79354748668537, 37.344086749928778 ], [ 127.796137533633882, 37.344666176887387 ], [ 127.801145483090949, 37.342235017647333 ], [ 127.798999815230289, 37.335625993833958 ], [ 127.800030692317193, 37.332910108861959 ], [ 127.813208976525686, 37.332328065706392 ], [ 127.837415609809398, 37.34665301650822 ], [ 127.843272628605334, 37.343432598283528 ], [ 127.847650152318323, 37.336834577168226 ], [ 127.850343341515966, 37.337606154267455 ], [ 127.852523424332901, 37.343777351154323 ], [ 127.863548427414045, 37.342662556158999 ], [ 127.860532014725237, 37.334717892185175 ], [ 127.863261117963035, 37.331958203013883 ], [ 127.860822135627714, 37.329153016013635 ], [ 127.86365736443625, 37.32604145341368 ], [ 127.860391216973099, 37.323687993004356 ], [ 127.865887584568938, 37.317297421091794 ], [ 127.864007378378275, 37.313329629840737 ], [ 127.865695195520516, 37.304635406506833 ], [ 127.860086219282223, 37.298076766262781 ], [ 127.864135054450841, 37.289670049557429 ], [ 127.861117574057218, 37.286218567053531 ], [ 127.861821041236468, 37.28375969595055 ], [ 127.859625900102529, 37.278779896654349 ], [ 127.861191474283387, 37.276655453378375 ], [ 127.863828579134662, 37.276332048527316 ], [ 127.865087089995953, 37.272590888958071 ], [ 127.862731454559096, 37.270191467954788 ], [ 127.861757135733129, 37.263710901429903 ], [ 127.864868295549684, 37.262983802049007 ], [ 127.865912485277988, 37.25907027683273 ], [ 127.871761057515528, 37.255158278530445 ], [ 127.882048017675174, 37.252311317442242 ], [ 127.884466705223048, 37.249540590143887 ], [ 127.882786896210803, 37.248024596740741 ], [ 127.885098194169245, 37.244491995325745 ], [ 127.880187400525301, 37.243376001023599 ], [ 127.869715965792508, 37.245898976614868 ], [ 127.866144094927421, 37.242470204289262 ], [ 127.863007449693455, 37.232920472537849 ], [ 127.855610772969882, 37.233915714332625 ], [ 127.850896025940372, 37.232538447205556 ], [ 127.849098375893945, 37.230065898357076 ], [ 127.850266846901405, 37.225070444077687 ], [ 127.847307713471793, 37.224881991906507 ], [ 127.848864707473979, 37.224094990063556 ], [ 127.847557822270957, 37.22346349494314 ], [ 127.847515605620345, 37.220214357454232 ], [ 127.849190949064251, 37.215680920572737 ], [ 127.841173519773193, 37.210609825617183 ], [ 127.840530965160866, 37.207642057058337 ], [ 127.838098161518943, 37.206858798925538 ], [ 127.834219326316315, 37.208560085191174 ], [ 127.836287628384312, 37.212969172329935 ], [ 127.833541959064277, 37.215626100839472 ], [ 127.834524270356496, 37.223060140890141 ], [ 127.822014399448548, 37.227080976714021 ], [ 127.819490180068101, 37.242992330745558 ], [ 127.810947007476969, 37.243524761027309 ], [ 127.806768031632757, 37.24946729150949 ], [ 127.807857832162483, 37.253888805134714 ], [ 127.803427177558234, 37.254325603231848 ], [ 127.797625917660184, 37.251317252709654 ], [ 127.795775595819975, 37.252367268165344 ], [ 127.793904451531631, 37.256991597064875 ], [ 127.79516581270984, 37.261192076649621 ], [ 127.785964714126195, 37.269111629638267 ], [ 127.787549784232056, 37.276037694689514 ], [ 127.782308060182899, 37.271669933912804 ], [ 127.771494272674744, 37.268712826945944 ], [ 127.770586197865583, 37.267067235960106 ], [ 127.764052047602249, 37.266310879253979 ], [ 127.758400885231779, 37.258706567844939 ], [ 127.757221331346997, 37.258922615205449 ], [ 127.759857133875542, 37.265266815346685 ], [ 127.760408050355821, 37.273289384526542 ], [ 127.759083952604243, 37.277045553945158 ], [ 127.756538045275136, 37.277204007679813 ], [ 127.757674553800499, 37.278802609331436 ], [ 127.753977133926355, 37.284225508922745 ], [ 127.75556478447146, 37.284977093796797 ], [ 127.750037572665647, 37.291962112324768 ], [ 127.749575426107114, 37.295302888989404 ], [ 127.750656156994097, 37.297976917553484 ], [ 127.754613558268986, 37.297741985031621 ], [ 127.76214369406064, 37.302241176435608 ], [ 127.768194954426193, 37.301519212469536 ], [ 127.768281512098909, 37.309338034442483 ], [ 127.765546697857403, 37.313016214406602 ], [ 127.765402884672582, 37.317368722358879 ], [ 127.762111400543304, 37.321240695576037 ], [ 127.762772128003846, 37.323410508879341 ], [ 127.760441060875692, 37.329303987834813 ], [ 127.758394354928001, 37.330846390166862 ], [ 127.762965906918382, 37.334427433255158 ], [ 127.757883903448786, 37.346407135570061 ], [ 127.758350912860166, 37.350788979919948 ], [ 127.760757851627929, 37.352634807824664 ], [ 127.759354184897376, 37.359727543551607 ], [ 127.761216547294495, 37.363597363107303 ] ] ] ] } },
{ "type": "Feature", "properties": { "emd_cd": "51130310", "emd_nm": "소초면" }, "geometry": { "type": "MultiPolygon", "coordinates": [ [ [ [ 127.982709798245949, 37.460190935201553 ], [ 127.994235094608555, 37.456157871664253 ], [ 128.002623400222546, 37.4568415546644 ], [ 128.007119712370553, 37.45287452150405 ], [ 128.006966586940308, 37.449791740761626 ], [ 128.012019897050834, 37.449770625139422 ], [ 128.01423937378172, 37.445245650340652 ], [ 128.027413935204237, 37.448585694046891 ], [ 128.033577861917991, 37.446371135040728 ], [ 128.038520660812338, 37.447102800729589 ], [ 128.041777281877756, 37.445576546584391 ], [ 128.042722377033414, 37.443316505876773 ], [ 128.054103335010012, 37.443362103172689 ], [ 128.05893200290015, 37.445130728727264 ], [ 128.059189546702498, 37.443116924714921 ], [ 128.062614446517614, 37.440773109304423 ], [ 128.062166711208476, 37.435765088741427 ], [ 128.067846593893165, 37.434037570478587 ], [ 128.071178699927685, 37.430848119363425 ], [ 128.084236093193795, 37.426727066344149 ], [ 128.083609482728349, 37.424422154267141 ], [ 128.086046691135891, 37.422033434655155 ], [ 128.088578198744017, 37.414292564394174 ], [ 128.091252573783294, 37.411621426180865 ], [ 128.096045665792047, 37.410242722488618 ], [ 128.097448380840547, 37.406316447414383 ], [ 128.088407009598939, 37.401278476984999 ], [ 128.0787150685386, 37.399998570508785 ], [ 128.071804192950026, 37.391853606562862 ], [ 128.076481130089292, 37.382776687957829 ], [ 128.074468190227549, 37.37965161878288 ], [ 128.074874587073566, 37.375549130170405 ], [ 128.07678615984031, 37.373740480469358 ], [ 128.072789256501864, 37.369859863643313 ], [ 128.072679660959579, 37.367414909840832 ], [ 128.065477176655065, 37.364411873843729 ], [ 128.06004293667317, 37.366013911637886 ], [ 128.055558626568484, 37.36399852898402 ], [ 128.049650464083413, 37.366006699463505 ], [ 128.046160169770957, 37.363408897099518 ], [ 128.045797542887868, 37.359255083091966 ], [ 128.039189685414755, 37.355963612946972 ], [ 128.036891312343073, 37.350511600333633 ], [ 128.037211091526643, 37.346284928956194 ], [ 128.035291835051424, 37.345747359328477 ], [ 128.02677588821868, 37.349417452062546 ], [ 128.02468607852532, 37.355737114492356 ], [ 128.019344624205047, 37.359610897469722 ], [ 128.015298009846333, 37.360956606860391 ], [ 128.00984282173539, 37.358854094251988 ], [ 127.999600606153166, 37.358979046582455 ], [ 127.997651284432735, 37.365312178842629 ], [ 127.993846684911702, 37.367569995285393 ], [ 127.989034682444156, 37.364717390828446 ], [ 127.979730173785157, 37.373960449158375 ], [ 127.977586535095227, 37.373496818610796 ], [ 127.967454914994732, 37.379675653475481 ], [ 127.964540057055842, 37.38429469327852 ], [ 127.963930851195457, 37.391839462244953 ], [ 127.960064133098527, 37.395238317257466 ], [ 127.960743908759468, 37.401949322300325 ], [ 127.957361419721039, 37.405486881828523 ], [ 127.955145075704962, 37.404864280750033 ], [ 127.94965984470133, 37.40746691047061 ], [ 127.93813282034246, 37.407103927756054 ], [ 127.937789320668429, 37.409287563864126 ], [ 127.943009628003082, 37.411920876663764 ], [ 127.947293692529328, 37.420425346954197 ], [ 127.95546397450947, 37.428030200629522 ], [ 127.953838329999542, 37.432287324447188 ], [ 127.954429514989982, 37.435772167575948 ], [ 127.964161807628855, 37.450217021893522 ], [ 127.968840747862899, 37.452308753529891 ], [ 127.974270057643608, 37.457633468210211 ], [ 127.982709798245949, 37.460190935201553 ] ] ] ] } },
{ "type": "Feature", "properties": { "emd_cd": "51130320", "emd_nm": "호저면" }, "geometry": { "type": "MultiPolygon", "coordinates": [ [ [ [ 127.884326228850213, 37.364800845248688 ], [ 127.886636935091559, 37.366541301517231 ], [ 127.889891561048785, 37.361197089373164 ], [ 127.893017201477477, 37.359315332083959 ], [ 127.899930629598998, 37.358618095161852 ], [ 127.902125280982915, 37.362696913433233 ], [ 127.901573615826038, 37.36584170330724 ], [ 127.903305437319887, 37.366711220819965 ], [ 127.902666405363064, 37.369123409466241 ], [ 127.905192051508735, 37.371024255263393 ], [ 127.903210083722385, 37.374533263790731 ], [ 127.906060147897165, 37.375900743134366 ], [ 127.90603145490681, 37.378736633123353 ], [ 127.908814117640247, 37.381656537101073 ], [ 127.913854402797668, 37.38274347140775 ], [ 127.921066537277994, 37.378026402957659 ], [ 127.92275058595564, 37.375072484255988 ], [ 127.922281676084751, 37.371465509401226 ], [ 127.924638340981772, 37.369271505588046 ], [ 127.924057954520663, 37.366332847866687 ], [ 127.921911784478326, 37.365982766652778 ], [ 127.921969898709719, 37.36276700042837 ], [ 127.919385842671957, 37.362157721992254 ], [ 127.917699091616171, 37.359637126056057 ], [ 127.919004863494223, 37.359086438042077 ], [ 127.916271378800801, 37.354833220464187 ], [ 127.913189792409852, 37.353702480814135 ], [ 127.915856053512783, 37.350572410318549 ], [ 127.916640580258715, 37.346080378549352 ], [ 127.909239157070374, 37.340951764302069 ], [ 127.91074249577261, 37.336685431675932 ], [ 127.908550776040713, 37.334445345810359 ], [ 127.89677282488563, 37.33755895457368 ], [ 127.895071372872749, 37.336099627864222 ], [ 127.897078995609832, 37.344433456296109 ], [ 127.892237787767257, 37.346851809515357 ], [ 127.888150449295736, 37.351898884569124 ], [ 127.88475480842024, 37.352539529893896 ], [ 127.884326228850213, 37.364800845248688 ] ] ], [ [ [ 127.863654380822368, 37.436527039965718 ], [ 127.865947636141712, 37.440143363555151 ], [ 127.865652893505384, 37.446950067071576 ], [ 127.870925915387915, 37.453412925988061 ], [ 127.874651755276204, 37.455005615645831 ], [ 127.876987253065167, 37.466920448917314 ], [ 127.884519391468459, 37.470197727145212 ], [ 127.884230047038159, 37.467765029251495 ], [ 127.887261817306168, 37.468565311903504 ], [ 127.888949681526839, 37.466193398255996 ], [ 127.894358170944912, 37.469605022874667 ], [ 127.897082419894076, 37.468649096223743 ], [ 127.895870185943025, 37.472346093034481 ], [ 127.905350524634471, 37.472680196737414 ], [ 127.909693216029524, 37.486441805168006 ], [ 127.919125840856537, 37.492873322720044 ], [ 127.918753910537788, 37.497967166095393 ], [ 127.921423886794301, 37.498653953863773 ], [ 127.922617723846173, 37.501713872605166 ], [ 127.92915340431297, 37.50690955927513 ], [ 127.939667392579182, 37.501151513543839 ], [ 127.935735050696508, 37.492415843252481 ], [ 127.932463499650439, 37.490464482967752 ], [ 127.932885534962054, 37.487050338153445 ], [ 127.938462517820213, 37.482505879368645 ], [ 127.936968636497312, 37.476290378600169 ], [ 127.939011207588536, 37.475553800284708 ], [ 127.941622972917941, 37.466887929134749 ], [ 127.948577898669313, 37.458379784712498 ], [ 127.949309948855031, 37.454353007151923 ], [ 127.954728977315554, 37.455468479522111 ], [ 127.958133048562388, 37.452978190987672 ], [ 127.962290286154683, 37.453734827488439 ], [ 127.964768639640255, 37.452564083947166 ], [ 127.956924225508629, 37.437713561305173 ], [ 127.954429517766727, 37.435772167449038 ], [ 127.953838332816417, 37.432287324643418 ], [ 127.955463977158203, 37.428030201208173 ], [ 127.947293695897613, 37.420425348274222 ], [ 127.943009631728842, 37.411920878787441 ], [ 127.936109712990074, 37.407677079772931 ], [ 127.938866510419786, 37.400305631653616 ], [ 127.933672152456936, 37.399318044089021 ], [ 127.933797044458331, 37.397913994692495 ], [ 127.930915664416077, 37.398483115152111 ], [ 127.929374080006852, 37.393595483921665 ], [ 127.923764502935725, 37.389703569529587 ], [ 127.920412206780668, 37.391181730320753 ], [ 127.905584325794237, 37.392190100344038 ], [ 127.900575335610981, 37.387433753724444 ], [ 127.896638928483455, 37.388648071266225 ], [ 127.892680353132661, 37.392456177047755 ], [ 127.890515494170856, 37.391033857605699 ], [ 127.888108733670293, 37.393837210830242 ], [ 127.881781046925241, 37.392815797076423 ], [ 127.880701486657983, 37.390558475729051 ], [ 127.875226687061101, 37.392870146466457 ], [ 127.877266158783044, 37.393618042984514 ], [ 127.878064315789018, 37.396128811555307 ], [ 127.87691553723154, 37.397524337193701 ], [ 127.882852713045182, 37.402997457427986 ], [ 127.876131771366602, 37.406814763927599 ], [ 127.869960669355606, 37.406480288910309 ], [ 127.869264128028902, 37.408842255806519 ], [ 127.871260650770424, 37.41565396163503 ], [ 127.870441599320316, 37.418418879486893 ], [ 127.863944048662418, 37.425325586243403 ], [ 127.865086620556895, 37.431956435121066 ], [ 127.863654380822368, 37.436527039965718 ] ] ] ] } },
{ "type": "Feature", "properties": { "emd_cd": "51130330", "emd_nm": "지정면" }, "geometry": { "type": "MultiPolygon", "coordinates": [ [ [ [ 127.759482476091151, 37.367290552640512 ], [ 127.762872706279538, 37.369976989265993 ], [ 127.778973394891466, 37.370715224325671 ], [ 127.775826032531683, 37.378941532714407 ], [ 127.776658433399518, 37.383325503867027 ], [ 127.78410737714826, 37.388825929611563 ], [ 127.781695906111935, 37.393038394357092 ], [ 127.784541073766107, 37.395509013971129 ], [ 127.783740898626235, 37.398613940444712 ], [ 127.787828583993701, 37.401130688869344 ], [ 127.787822703860314, 37.405324725617234 ], [ 127.790242771546218, 37.408590942769173 ], [ 127.79455847874307, 37.424401307237957 ], [ 127.804006012938729, 37.428848856111706 ], [ 127.803354686656974, 37.434329893486158 ], [ 127.800466584143777, 37.438640240421236 ], [ 127.810504614212405, 37.441385162043481 ], [ 127.813436657126275, 37.445268750244885 ], [ 127.819833581730464, 37.446575036064914 ], [ 127.834501842886525, 37.433995402544994 ], [ 127.840022508309218, 37.433823420399115 ], [ 127.840816751469731, 37.429254344778705 ], [ 127.844905126210435, 37.42381205927105 ], [ 127.84566553707451, 37.419274838451237 ], [ 127.8512664269293, 37.408582112070732 ], [ 127.84763697198909, 37.400786226862451 ], [ 127.85099373641097, 37.395330721130478 ], [ 127.856502441001609, 37.398652029014272 ], [ 127.867162362814128, 37.399050046277786 ], [ 127.86878437054618, 37.40569022599113 ], [ 127.873859908160654, 37.407311917367835 ], [ 127.882852713045182, 37.402997457427972 ], [ 127.87691553723154, 37.39752433719368 ], [ 127.878064315789047, 37.396128811555315 ], [ 127.877266158783044, 37.393618042984514 ], [ 127.875226687061101, 37.392870146466457 ], [ 127.880701486657983, 37.390558475729065 ], [ 127.881781046925241, 37.392815797076402 ], [ 127.888108733670308, 37.393837210830235 ], [ 127.890515494170856, 37.391033857605699 ], [ 127.892680353132675, 37.392456177047755 ], [ 127.896638928483455, 37.388648071266196 ], [ 127.900575335610981, 37.387433753724437 ], [ 127.903678511532675, 37.391548107318769 ], [ 127.911005333776075, 37.391587279100833 ], [ 127.914543477140001, 37.384933118596386 ], [ 127.913854402797668, 37.3827434714077 ], [ 127.907316844551161, 37.380500857684332 ], [ 127.90653669133799, 37.376533041877593 ], [ 127.903210083722414, 37.374533263790717 ], [ 127.905192051508735, 37.371024255263386 ], [ 127.902580038677556, 37.368874565467472 ], [ 127.903305437319887, 37.366711220819951 ], [ 127.901573615826038, 37.36584170330724 ], [ 127.901154867111515, 37.35938112899548 ], [ 127.897977133087281, 37.358326804503207 ], [ 127.896711135053351, 37.359630522288555 ], [ 127.893017201477477, 37.359315332083973 ], [ 127.889891561048813, 37.36119708937315 ], [ 127.887982686379246, 37.36587236450066 ], [ 127.884954149557856, 37.366167384384831 ], [ 127.88475480842024, 37.352539529893896 ], [ 127.888150449295736, 37.351898884569124 ], [ 127.892237787767286, 37.346851809515336 ], [ 127.876788259922293, 37.346084205198963 ], [ 127.875720118911303, 37.337180304511662 ], [ 127.866402835488117, 37.337738997639185 ], [ 127.865534595114156, 37.33343856753406 ], [ 127.863378078006221, 37.331965938582861 ], [ 127.860532014292573, 37.334717892935259 ], [ 127.863118606997787, 37.343182057046796 ], [ 127.852523424682332, 37.343777351117588 ], [ 127.850343342036638, 37.337606154810615 ], [ 127.847650153083663, 37.336834577797049 ], [ 127.843272629806592, 37.343432598330821 ], [ 127.837415611566442, 37.346653016293104 ], [ 127.813208980446518, 37.332328066949003 ], [ 127.800030697457814, 37.332910110127415 ], [ 127.79899982047904, 37.335625994855434 ], [ 127.801145488175635, 37.342235018047262 ], [ 127.796137539192884, 37.3446661770924 ], [ 127.793547481196541, 37.344086750278151 ], [ 127.791198883635033, 37.347833995155518 ], [ 127.787868342596937, 37.348655466168402 ], [ 127.777153723960353, 37.346524094353718 ], [ 127.773505688429154, 37.358923917871479 ], [ 127.769308992468282, 37.363145805123828 ], [ 127.761216544892036, 37.363597361841506 ], [ 127.759482476091151, 37.367290552640512 ] ] ] ] } },
{ "type": "Feature", "properties": { "emd_cd": "51130350", "emd_nm": "부론면" }, "geometry": { "type": "MultiPolygon", "coordinates": [ [ [ [ 127.787549784232056, 37.276037694689514 ], [ 127.785964714126195, 37.269111629638267 ], [ 127.788211130343342, 37.266291801575726 ], [ 127.79516581270984, 37.261192076649621 ], [ 127.793904451531631, 37.256991597064875 ], [ 127.795775595819975, 37.252367268165344 ], [ 127.797625917660184, 37.251317252709654 ], [ 127.803427177558234, 37.254325603231848 ], [ 127.807857832162483, 37.253888805134714 ], [ 127.806768031632757, 37.24946729150949 ], [ 127.810947007476969, 37.243524761027309 ], [ 127.819490180068101, 37.242992330745558 ], [ 127.822014399448548, 37.227080976714021 ], [ 127.834524270356496, 37.223060140890141 ], [ 127.833541959064277, 37.215626100839472 ], [ 127.836287628384312, 37.212969172329935 ], [ 127.834219326316315, 37.208560085191174 ], [ 127.838340321076018, 37.20673564027377 ], [ 127.83875229884633, 37.200678930666797 ], [ 127.835929632570114, 37.195395886910177 ], [ 127.826432800680337, 37.19366371374511 ], [ 127.828557267178482, 37.188986308327145 ], [ 127.828092262947578, 37.18211184676133 ], [ 127.830468584255257, 37.177735639077156 ], [ 127.82411398144238, 37.169242994038562 ], [ 127.827293559956388, 37.166137817116194 ], [ 127.824016251349477, 37.156136707048574 ], [ 127.823969160851831, 37.154556867483961 ], [ 127.826103954007166, 37.154755865547372 ], [ 127.826016016608946, 37.153621877572888 ], [ 127.816852093811136, 37.147004053708116 ], [ 127.806936330213773, 37.147065280052374 ], [ 127.801647330707524, 37.144260949331269 ], [ 127.793347658800371, 37.145734077366498 ], [ 127.789522285885724, 37.143407629732692 ], [ 127.765499108534044, 37.159136010083387 ], [ 127.755529098473858, 37.171440395462646 ], [ 127.751040951679727, 37.182466919539245 ], [ 127.744281800236621, 37.207552471544183 ], [ 127.744321836681024, 37.211637080638624 ], [ 127.748935398307935, 37.218335468674411 ], [ 127.746882830387563, 37.239972882277762 ], [ 127.752671362846101, 37.252608922883134 ], [ 127.764052047602249, 37.266310879253979 ], [ 127.770586197865583, 37.267067235960106 ], [ 127.771494272674744, 37.268712826945944 ], [ 127.782308060182899, 37.271669933912804 ], [ 127.787549784232056, 37.276037694689514 ] ] ] ] } },
{ "type": "Feature", "properties": { "emd_cd": "51130360", "emd_nm": "귀래면" }, "geometry": { "type": "MultiPolygon", "coordinates": [ [ [ [ 127.884870201067244, 37.161219131973702 ], [ 127.884658208223257, 37.161230091589267 ], [ 127.884568313984218, 37.161403298125578 ], [ 127.884870201067244, 37.161219131973702 ] ] ], [ [ [ 127.871434436356736, 37.245806652067422 ], [ 127.873262469528882, 37.244254139105443 ], [ 127.880187400525301, 37.243376001023599 ], [ 127.885098194169245, 37.244491995325745 ], [ 127.890979693560368, 37.239321832379183 ], [ 127.897750732738444, 37.240131434093641 ], [ 127.903690204684438, 37.238636168560447 ], [ 127.908749653407426, 37.235014149149087 ], [ 127.910365032423996, 37.236281195759759 ], [ 127.915775611957514, 37.234536641897101 ], [ 127.917205178383171, 37.227885159019159 ], [ 127.9216983982827, 37.225389838491601 ], [ 127.923587447254221, 37.221646145777065 ], [ 127.927145335268079, 37.220440593311963 ], [ 127.932373595217555, 37.207217317499612 ], [ 127.930708502934095, 37.201292962731202 ], [ 127.931656144628107, 37.196366066715996 ], [ 127.93586301960714, 37.189409834679608 ], [ 127.932704892013845, 37.18223747271692 ], [ 127.934057135896566, 37.180355878805493 ], [ 127.933829913992298, 37.175695269526791 ], [ 127.927409404673057, 37.169741351507398 ], [ 127.926359573730778, 37.165521765727711 ], [ 127.92386088285842, 37.163634396151288 ], [ 127.915038152514398, 37.168875243120503 ], [ 127.908648079292661, 37.167098263556646 ], [ 127.906190250504565, 37.161732215243703 ], [ 127.903457488413395, 37.160033681589645 ], [ 127.903877206576482, 37.156961086511657 ], [ 127.901903588190109, 37.15217135395968 ], [ 127.898903378858407, 37.149877156352268 ], [ 127.895434826766433, 37.156128666245415 ], [ 127.890571268544463, 37.159206659326017 ], [ 127.886571776153218, 37.161074977357615 ], [ 127.880153958490311, 37.162245947385152 ], [ 127.878929376882596, 37.161765458937886 ], [ 127.872040842806854, 37.164343789874152 ], [ 127.861961924200727, 37.161044977904588 ], [ 127.861300312689252, 37.155346091742317 ], [ 127.855453969547611, 37.156764449794814 ], [ 127.854079831894268, 37.160392045249068 ], [ 127.852077202210054, 37.159764059045813 ], [ 127.849566088204895, 37.153432442906777 ], [ 127.837382054435665, 37.151630339184926 ], [ 127.825527683001994, 37.152177539836231 ], [ 127.826103954007166, 37.154755865547372 ], [ 127.823969160851831, 37.154556867483961 ], [ 127.824016251349477, 37.156136707048574 ], [ 127.827293559956388, 37.166137817116194 ], [ 127.82411398144238, 37.169242994038562 ], [ 127.830468584255257, 37.177735639077156 ], [ 127.828092262947578, 37.18211184676133 ], [ 127.828557267178482, 37.188986308327145 ], [ 127.826432800680337, 37.19366371374511 ], [ 127.835929632570114, 37.195395886910177 ], [ 127.838961603869905, 37.201608969519945 ], [ 127.838098161518943, 37.206858798925538 ], [ 127.840530965160866, 37.207642057058337 ], [ 127.841173519773193, 37.210609825617183 ], [ 127.849190949064251, 37.215680920572737 ], [ 127.847515605620345, 37.220214357454232 ], [ 127.847557822270957, 37.22346349494314 ], [ 127.848864707473979, 37.224094990063556 ], [ 127.847307713471793, 37.224881991906507 ], [ 127.850266846901405, 37.225070444077687 ], [ 127.849098375893945, 37.230065898357076 ], [ 127.850896025940372, 37.232538447205556 ], [ 127.855610772969882, 37.233915714332625 ], [ 127.863007449693455, 37.232920472537849 ], [ 127.866144094927421, 37.242470204289262 ], [ 127.871434436356736, 37.245806652067422 ] ] ] ] } },
{ "type": "Feature", "properties": { "emd_cd": "51130370", "emd_nm": "흥업면" }, "geometry": { "type": "MultiPolygon", "coordinates": [ [ [ [ 127.859625899370343, 37.278779893538569 ], [ 127.861821040328508, 37.283759692364832 ], [ 127.86111757322567, 37.286218563246514 ], [ 127.864135053359277, 37.289670045415349 ], [ 127.86008621870873, 37.298076770381812 ], [ 127.865695194464038, 37.304635409991498 ], [ 127.864007377520167, 37.313329632536487 ], [ 127.865971602115522, 37.316256920904017 ], [ 127.860391216499039, 37.323687994769266 ], [ 127.863657363672985, 37.326041454943727 ], [ 127.860822135141092, 37.329153017274074 ], [ 127.865534595114156, 37.333438567534088 ], [ 127.866402835488117, 37.337738997639185 ], [ 127.875720118911303, 37.337180304511676 ], [ 127.876788259922293, 37.346084205198949 ], [ 127.893003589281562, 37.346817551623651 ], [ 127.897287379751816, 37.343802985120448 ], [ 127.895071372872749, 37.336099627864222 ], [ 127.89677282488563, 37.33755895457368 ], [ 127.908550776040713, 37.334445345810359 ], [ 127.908313410410287, 37.33086668508394 ], [ 127.906084698680019, 37.328183994319765 ], [ 127.909128126957413, 37.323968545160454 ], [ 127.907132165009941, 37.321033733750092 ], [ 127.904645883281233, 37.321326711222376 ], [ 127.902205761926808, 37.319129020170173 ], [ 127.901910022239889, 37.316345829024094 ], [ 127.906632807138493, 37.315971519956619 ], [ 127.910005354052473, 37.310717107274094 ], [ 127.917106678758145, 37.31194364055542 ], [ 127.920110057820565, 37.308443597406956 ], [ 127.927126232095802, 37.307081834073898 ], [ 127.926250658823946, 37.303461029111325 ], [ 127.928894184219573, 37.298145539389907 ], [ 127.9269161399111, 37.295082958393785 ], [ 127.929725376268081, 37.290731993327796 ], [ 127.930109418211345, 37.285738388600628 ], [ 127.933911196598359, 37.284038156698259 ], [ 127.93532481824414, 37.279516686586113 ], [ 127.932201920645781, 37.274330096680053 ], [ 127.934144866700549, 37.272094566232738 ], [ 127.930184756911629, 37.267558012092962 ], [ 127.928893648388694, 37.257276040198036 ], [ 127.93189671542082, 37.25002691754559 ], [ 127.937776334029479, 37.245804431555719 ], [ 127.938881389960642, 37.240742821214099 ], [ 127.924884860894508, 37.231510660076957 ], [ 127.921698402834991, 37.225389839813126 ], [ 127.917205183361261, 37.227885160139394 ], [ 127.915775617102355, 37.234536642417815 ], [ 127.913538145615846, 37.235887387847534 ], [ 127.908749647932396, 37.235014149754171 ], [ 127.903690199692363, 37.238636168864275 ], [ 127.897750728299485, 37.240131434295726 ], [ 127.890979689739268, 37.239321832696227 ], [ 127.884572852008873, 37.244803987086385 ], [ 127.882786893188594, 37.248024596309136 ], [ 127.884466702053615, 37.249540589562955 ], [ 127.882048014742978, 37.252311316621608 ], [ 127.871761055543601, 37.255158277510581 ], [ 127.865912483864889, 37.259070275488838 ], [ 127.864868294253057, 37.262983800351947 ], [ 127.861757134726886, 37.263710899684746 ], [ 127.862731453497432, 37.270191465609081 ], [ 127.865087088729695, 37.272590886377813 ], [ 127.86382857800325, 37.276332045611774 ], [ 127.861191473396573, 37.276655450448438 ], [ 127.859625899370343, 37.278779893538569 ] ] ] ] } },
{ "type": "Feature", "properties": { "emd_cd": "51130380", "emd_nm": "판부면" }, "geometry": { "type": "MultiPolygon", "coordinates": [ [ [ [ 127.925818495930386, 37.310450692457181 ], [ 127.927894474926759, 37.315371864638642 ], [ 127.931369012586927, 37.31580558053659 ], [ 127.930261040983325, 37.319026258012734 ], [ 127.933644317252075, 37.320240378943488 ], [ 127.93630731261068, 37.325013101733092 ], [ 127.93852917541868, 37.322475582806284 ], [ 127.952751801321071, 37.319064194303678 ], [ 127.949031145174402, 37.317891858568153 ], [ 127.947113145703824, 37.318895456420549 ], [ 127.946004610683659, 37.316144528328628 ], [ 127.948604389190081, 37.315011814131218 ], [ 127.948795146524773, 37.311234290473919 ], [ 127.956133053661659, 37.310577289008791 ], [ 127.956179654064258, 37.307613856526679 ], [ 127.959113562351291, 37.304579918911777 ], [ 127.960716803601557, 37.299708425118716 ], [ 127.965347659349518, 37.302201086044143 ], [ 127.9697866352505, 37.300458736419571 ], [ 127.975144152006663, 37.301999875836842 ], [ 127.972733089487136, 37.295763671856939 ], [ 127.974369722383997, 37.295717217912696 ], [ 127.978111536439116, 37.291260369167432 ], [ 127.98014135942293, 37.290898062664873 ], [ 127.985659521932192, 37.298150250219145 ], [ 127.99001439757258, 37.29541938118539 ], [ 127.999772753053946, 37.296755055601395 ], [ 128.005696930232972, 37.294227784672515 ], [ 128.008344698935929, 37.295224232500686 ], [ 128.010218215131488, 37.293076404010733 ], [ 128.012960732666443, 37.296118789465332 ], [ 128.011321129525953, 37.302465864877206 ], [ 128.015373701755948, 37.302713821468977 ], [ 128.015140053609883, 37.308409536861774 ], [ 128.021419128455278, 37.314512744306676 ], [ 128.023207979818949, 37.324391147612126 ], [ 128.026541597515745, 37.328158849918339 ], [ 128.031635713138741, 37.328125419986833 ], [ 128.034831058584103, 37.330920328098387 ], [ 128.040053596239488, 37.319101286659951 ], [ 128.051977297341381, 37.308455692139212 ], [ 128.047760975128824, 37.286965740523819 ], [ 128.05313431285856, 37.275205913044182 ], [ 128.051028153320033, 37.271153413128339 ], [ 128.048651846190893, 37.269966773575703 ], [ 128.047584143201505, 37.263569485242385 ], [ 128.043324748740474, 37.261877988823841 ], [ 128.038335275426505, 37.249766442898739 ], [ 128.031753074819704, 37.245964353422472 ], [ 128.019213126852833, 37.244396700799456 ], [ 128.012238024212735, 37.247464405247726 ], [ 128.007893107707218, 37.25163260609694 ], [ 127.998822281280908, 37.254829465493103 ], [ 127.993997242343113, 37.253636080372502 ], [ 127.986717790754497, 37.258037760699011 ], [ 127.981378501223716, 37.256766671419157 ], [ 127.979699171362157, 37.258439624414699 ], [ 127.969486834836275, 37.255896867301459 ], [ 127.964030559082516, 37.251172784075415 ], [ 127.956656871429104, 37.25024976148076 ], [ 127.948131445382273, 37.246915168349993 ], [ 127.947068288715883, 37.241694283248904 ], [ 127.945365119803583, 37.240678976318485 ], [ 127.938881389960642, 37.240742821214099 ], [ 127.937776334029479, 37.245804431555719 ], [ 127.93189671542082, 37.25002691754559 ], [ 127.928893648388694, 37.257276040198036 ], [ 127.930184756911629, 37.267558012092962 ], [ 127.934144866700549, 37.272094566232738 ], [ 127.932201920645781, 37.274330096680053 ], [ 127.93532481824414, 37.279516686586113 ], [ 127.933911196598359, 37.284038156698259 ], [ 127.929186633330559, 37.287678620679714 ], [ 127.929725376268081, 37.290731993327796 ], [ 127.9269161399111, 37.295082958393785 ], [ 127.928887956120391, 37.298465929125477 ], [ 127.925948691397693, 37.307477737196471 ], [ 127.927997012857531, 37.30931766444975 ], [ 127.925818495930386, 37.310450692457181 ] ] ] ] } },
{ "type": "Feature", "properties": { "emd_cd": "51130390", "emd_nm": "신림면" }, "geometry": { "type": "MultiPolygon", "coordinates": [ [ [ [ 128.05197729291379, 37.308455690251307 ], [ 128.068114744082806, 37.308496855425538 ], [ 128.073649659107502, 37.304387507288162 ], [ 128.08685781286411, 37.300949508337844 ], [ 128.098135536637983, 37.30125789823547 ], [ 128.1016817897208, 37.299536781688197 ], [ 128.104519116389639, 37.300912520665634 ], [ 128.108560109538899, 37.298803992718312 ], [ 128.107162343750161, 37.292763202938048 ], [ 128.109885560055631, 37.280657718454847 ], [ 128.11420296367433, 37.278302116967858 ], [ 128.115448799041729, 37.276513985622678 ], [ 128.114593045461731, 37.273485724214645 ], [ 128.116618558007218, 37.272258120967471 ], [ 128.121408512109241, 37.272221426749887 ], [ 128.125554634194259, 37.275220547663324 ], [ 128.142560281915365, 37.271041603083539 ], [ 128.16341465979221, 37.273916387783345 ], [ 128.17327785050685, 37.279207132441726 ], [ 128.177829371578838, 37.27951803826992 ], [ 128.178821368163, 37.291859290973008 ], [ 128.189640429317535, 37.293262216790509 ], [ 128.191993884614362, 37.296128437737622 ], [ 128.195740665370948, 37.297432533705326 ], [ 128.206570792102013, 37.287825134963583 ], [ 128.214120330829445, 37.288153045380128 ], [ 128.218455361344866, 37.278558314019371 ], [ 128.210736654764418, 37.275073882362022 ], [ 128.213065323625017, 37.262056843134673 ], [ 128.208586418148656, 37.248902828099531 ], [ 128.201503431412505, 37.248997629019875 ], [ 128.200468415864492, 37.247149455183774 ], [ 128.193172265931196, 37.245231878806592 ], [ 128.173885452352152, 37.232692899607123 ], [ 128.176095132818375, 37.228334694936407 ], [ 128.172320562136775, 37.224895619372234 ], [ 128.172723030603635, 37.219047813401055 ], [ 128.164432982747172, 37.213521104426874 ], [ 128.158089782519397, 37.216391979285511 ], [ 128.153967623440764, 37.216512889653877 ], [ 128.150979601920881, 37.220844114513369 ], [ 128.14490618140448, 37.222423320986643 ], [ 128.142761257183906, 37.224184628985242 ], [ 128.141439527560664, 37.229239953642669 ], [ 128.132920540029204, 37.229853305776615 ], [ 128.129615368831281, 37.233804480428802 ], [ 128.125362343683946, 37.234589283505009 ], [ 128.120899535007425, 37.227363145079295 ], [ 128.122419643519777, 37.225308159028209 ], [ 128.114573981722771, 37.218687495751226 ], [ 128.115145095433547, 37.216368332508644 ], [ 128.114209591584114, 37.213042310200805 ], [ 128.111171691157921, 37.210200024391845 ], [ 128.111682246543523, 37.207866115671749 ], [ 128.105008862344761, 37.20374771199333 ], [ 128.092152987566834, 37.199299251722032 ], [ 128.091689387776398, 37.197993526569661 ], [ 128.087143182866583, 37.198436780834335 ], [ 128.085648351012424, 37.196421063246341 ], [ 128.077153138777845, 37.193523869151299 ], [ 128.069951964608691, 37.194607933424784 ], [ 128.062886963652574, 37.192885110145639 ], [ 128.05986991130888, 37.194271717181245 ], [ 128.049337302256561, 37.189700055096104 ], [ 128.044218305968087, 37.19049293672218 ], [ 128.041056446717874, 37.188373858687378 ], [ 128.037153380260264, 37.18898278451163 ], [ 128.033011831254612, 37.193215174238318 ], [ 128.032241810863383, 37.199331877832307 ], [ 128.028748328713249, 37.202058941664305 ], [ 128.033551344931738, 37.210640528457631 ], [ 128.037314054651631, 37.212526993270323 ], [ 128.03925869616458, 37.215494363836349 ], [ 128.033479828186671, 37.21928716952926 ], [ 128.032370733817174, 37.223414660934189 ], [ 128.022927198773914, 37.225409894655805 ], [ 128.019213131134165, 37.244396701792475 ], [ 128.031753080240264, 37.245964354630402 ], [ 128.038335270160275, 37.249766444590101 ], [ 128.04332474387013, 37.261877991648049 ], [ 128.047584138712438, 37.26356948824543 ], [ 128.048651841768276, 37.269966777168349 ], [ 128.051028149108873, 37.271153416842644 ], [ 128.053134308820574, 37.275205917139935 ], [ 128.047760970418068, 37.286965736651538 ], [ 128.05197729291379, 37.308455690251307 ] ] ] ] } },
{ "type": "Feature", "properties": { "emd_cd": "51150101", "emd_nm": "홍제동" }, "geometry": { "type": "MultiPolygon", "coordinates": [ [ [ [ 128.890311541921477, 37.756439702570056 ], [ 128.8880319583659, 37.752290176639036 ], [ 128.889552399144321, 37.75116012379339 ], [ 128.884680332870403, 37.749788502358136 ], [ 128.885861803381289, 37.747405419043879 ], [ 128.873016483731647, 37.743218988057606 ], [ 128.853002582208148, 37.745674626273981 ], [ 128.853828743322993, 37.748584974683155 ], [ 128.85655637483697, 37.748165116748133 ], [ 128.854236639747654, 37.751717529320693 ], [ 128.855552443854066, 37.75413290076856 ], [ 128.859397887197701, 37.755300964706933 ], [ 128.858888599199702, 37.758206727049377 ], [ 128.860199166687948, 37.758819696664503 ], [ 128.873214509379437, 37.758171028590887 ], [ 128.875641763831965, 37.756298182028637 ], [ 128.875839971441536, 37.757963997216677 ], [ 128.878123233960167, 37.75819273997633 ], [ 128.882122446712032, 37.75486870586618 ], [ 128.890311541921477, 37.756439702570056 ] ] ] ] } },
{ "type": "Feature", "properties": { "emd_cd": "51150102", "emd_nm": "남문동" }, "geometry": { "type": "MultiPolygon", "coordinates": [ [ [ [ 128.895331420505642, 37.749436654956853 ], [ 128.885861803378134, 37.747405419043957 ], [ 128.885854985981211, 37.748986184236273 ], [ 128.884387815425384, 37.748894323875014 ], [ 128.889146499688906, 37.751126825401279 ], [ 128.890380681619376, 37.74946223668298 ], [ 128.893767870882016, 37.751513706892716 ], [ 128.895331420505642, 37.749436654956853 ] ] ] ] } },
{ "type": "Feature", "properties": { "emd_cd": "51150103", "emd_nm": "명주동" }, "geometry": { "type": "MultiPolygon", "coordinates": [ [ [ [ 128.893767870882016, 37.751513706892716 ], [ 128.890251109640161, 37.749434391868398 ], [ 128.889340046051899, 37.750600119077816 ], [ 128.89198552080552, 37.752762146336565 ], [ 128.893767870882016, 37.751513706892716 ] ] ] ] } },
{ "type": "Feature", "properties": { "emd_cd": "51150104", "emd_nm": "성내동" }, "geometry": { "type": "MultiPolygon", "coordinates": [ [ [ [ 128.89494789000895, 37.751794167640305 ], [ 128.89270461301183, 37.751820011564789 ], [ 128.891922618030549, 37.752850201767423 ], [ 128.893344275833556, 37.753617106105416 ], [ 128.89494789000895, 37.751794167640305 ] ] ] ] } },
{ "type": "Feature", "properties": { "emd_cd": "51150105", "emd_nm": "임당동" }, "geometry": { "type": "MultiPolygon", "coordinates": [ [ [ [ 128.898210085630382, 37.755523902869896 ], [ 128.892470272745584, 37.753134485196611 ], [ 128.891523340269401, 37.757059465699967 ], [ 128.895596738922109, 37.758742468466579 ], [ 128.898210085630382, 37.755523902869896 ] ] ] ] } },
{ "type": "Feature", "properties": { "emd_cd": "51150106", "emd_nm": "금학동" }, "geometry": { "type": "MultiPolygon", "coordinates": [ [ [ [ 128.893793536490932, 37.753119079432032 ], [ 128.898210085630382, 37.755523902869896 ], [ 128.899183668719644, 37.754337818657945 ], [ 128.894942722081367, 37.751797658693313 ], [ 128.893793536490932, 37.753119079432032 ] ] ] ] } },
{ "type": "Feature", "properties": { "emd_cd": "51150107", "emd_nm": "용강동" }, "geometry": { "type": "MultiPolygon", "coordinates": [ [ [ [ 128.889552399144321, 37.75116012379339 ], [ 128.8880319583659, 37.752290176639036 ], [ 128.891523340269401, 37.757059465699982 ], [ 128.892470272745584, 37.75313448519659 ], [ 128.889552399144321, 37.75116012379339 ] ] ] ] } },
{ "type": "Feature", "properties": { "emd_cd": "51150108", "emd_nm": "성남동" }, "geometry": { "type": "MultiPolygon", "coordinates": [ [ [ [ 128.894942722078071, 37.751797658693405 ], [ 128.900206153823916, 37.755462406348094 ], [ 128.90308929548371, 37.754760064685414 ], [ 128.906932154591004, 37.756566266532836 ], [ 128.896950050401074, 37.749600094918819 ], [ 128.895331420505642, 37.749436654956853 ], [ 128.894942722078071, 37.751797658693405 ] ] ] ] } },
{ "type": "Feature", "properties": { "emd_cd": "51150109", "emd_nm": "옥천동" }, "geometry": { "type": "MultiPolygon", "coordinates": [ [ [ [ 128.895720890153626, 37.758318408323056 ], [ 128.903041176204766, 37.763880606535025 ], [ 128.905006746821016, 37.761397388373261 ], [ 128.903928678800696, 37.760413464112894 ], [ 128.907679325134353, 37.757494401828346 ], [ 128.903089295487035, 37.754760064685357 ], [ 128.899015350124102, 37.754585661624326 ], [ 128.895720890153626, 37.758318408323056 ] ] ] ] } },
{ "type": "Feature", "properties": { "emd_cd": "51150110", "emd_nm": "교동" }, "geometry": { "type": "MultiPolygon", "coordinates": [ [ [ [ 128.872127871362096, 37.759919872494237 ], [ 128.875520132625326, 37.771774714414846 ], [ 128.87965252520226, 37.771476564180048 ], [ 128.883539310544364, 37.774124198064634 ], [ 128.885545165793872, 37.778631692717944 ], [ 128.890478854635234, 37.783473596291174 ], [ 128.892129070679601, 37.784168100809552 ], [ 128.8998869341861, 37.776708149900024 ], [ 128.898926960532748, 37.774248462802674 ], [ 128.903118128683786, 37.767455817544814 ], [ 128.900044498199264, 37.760843400720745 ], [ 128.888781901722012, 37.756695950728236 ], [ 128.88825380754912, 37.755192526476847 ], [ 128.882309336408895, 37.754871507835418 ], [ 128.878123233960167, 37.75819273997633 ], [ 128.875839971441536, 37.757963997216692 ], [ 128.876146415595969, 37.756476731537148 ], [ 128.875511963764154, 37.756347533027757 ], [ 128.872127871362096, 37.759919872494237 ] ] ] ] } },
{ "type": "Feature", "properties": { "emd_cd": "51150111", "emd_nm": "포남동" }, "geometry": { "type": "MultiPolygon", "coordinates": [ [ [ [ 128.896070859026338, 37.780612883577234 ], [ 128.899549706007008, 37.782288939556494 ], [ 128.898754604759006, 37.784741902038782 ], [ 128.907487880739524, 37.788326338877773 ], [ 128.913500578740582, 37.780740434477707 ], [ 128.916401041170758, 37.782835161795525 ], [ 128.919747137223766, 37.7829516016604 ], [ 128.914130728424709, 37.775115286137805 ], [ 128.920526660011433, 37.768873085708911 ], [ 128.913422891085986, 37.765491459034536 ], [ 128.907679325134353, 37.757494401828346 ], [ 128.903928678800696, 37.760413464112894 ], [ 128.905006746821016, 37.761397388373261 ], [ 128.903041176204766, 37.763880606535025 ], [ 128.900759267568276, 37.76419975211514 ], [ 128.903118128683786, 37.767455817544814 ], [ 128.898926960532748, 37.774248462802674 ], [ 128.8998869341861, 37.776708149900024 ], [ 128.896070859026338, 37.780612883577234 ] ] ] ] } },
{ "type": "Feature", "properties": { "emd_cd": "51150112", "emd_nm": "초당동" }, "geometry": { "type": "MultiPolygon", "coordinates": [ [ [ [ 128.92027566965271, 37.783893646184978 ], [ 128.913500578737057, 37.780740434477863 ], [ 128.909780852095196, 37.786789081279181 ], [ 128.907791294863472, 37.787497341744427 ], [ 128.906083116777637, 37.792206854848189 ], [ 128.90410444150487, 37.790620375574072 ], [ 128.906447129363698, 37.793443861894971 ], [ 128.901373544218245, 37.7973042362378 ], [ 128.906934800460846, 37.800909726168314 ], [ 128.908018054138665, 37.798619854642517 ], [ 128.914075347990234, 37.796724648036296 ], [ 128.913954282303393, 37.793953224186168 ], [ 128.917639024632905, 37.79047936593188 ], [ 128.92027566965271, 37.783893646184978 ] ] ] ] } },
{ "type": "Feature", "properties": { "emd_cd": "51150113", "emd_nm": "강문동" }, "geometry": { "type": "MultiPolygon", "coordinates": [ [ [ [ 128.90670020502165, 37.804220998052195 ], [ 128.907921248705378, 37.805619000212261 ], [ 128.916862394810749, 37.79695092216798 ], [ 128.917592979622071, 37.797331368021943 ], [ 128.91791503532022, 37.79738339283994 ], [ 128.917637435172622, 37.79620290122584 ], [ 128.92698626410683, 37.788323773213733 ], [ 128.925304102629326, 37.786634946832841 ], [ 128.927972011509866, 37.786106781727156 ], [ 128.922232989195095, 37.782503840918388 ], [ 128.92027566965271, 37.783893646184978 ], [ 128.917639024632905, 37.79047936593188 ], [ 128.913954282303393, 37.793953224186168 ], [ 128.914075347990234, 37.796724648036296 ], [ 128.908018054138665, 37.798619854642517 ], [ 128.90670020502165, 37.804220998052195 ] ] ] ] } },
{ "type": "Feature", "properties": { "emd_cd": "51150114", "emd_nm": "송정동" }, "geometry": { "type": "MultiPolygon", "coordinates": [ [ [ [ 128.928715230473586, 37.770652433587692 ], [ 128.919419455046437, 37.767617807513552 ], [ 128.920526660007965, 37.768873085709032 ], [ 128.914130728421242, 37.775115286137883 ], [ 128.92027566965271, 37.783893646184978 ], [ 128.922232989195095, 37.782503840918388 ], [ 128.927972011509866, 37.786106781727156 ], [ 128.925304102629326, 37.786634946832841 ], [ 128.92698626410683, 37.788323773213733 ], [ 128.940212111421687, 37.778131064774492 ], [ 128.934276237779926, 37.773272092003168 ], [ 128.9370271830457, 37.769899057133728 ], [ 128.928715230473586, 37.770652433587692 ] ] ] ] } },
{ "type": "Feature", "properties": { "emd_cd": "51150115", "emd_nm": "견소동" }, "geometry": { "type": "MultiPolygon", "coordinates": [ [ [ [ 128.934276237779926, 37.773272092003168 ], [ 128.940212111421687, 37.778131064774492 ], [ 128.949427599383824, 37.771132404630954 ], [ 128.951326800795812, 37.772964091951543 ], [ 128.954583109429677, 37.773030924798483 ], [ 128.957049413289383, 37.771077199942724 ], [ 128.951937231377428, 37.772846829532632 ], [ 128.951137274426031, 37.772142662154359 ], [ 128.953354692468963, 37.769853814376816 ], [ 128.955214921414012, 37.771018003058977 ], [ 128.954476772808675, 37.769405437503877 ], [ 128.9500207487811, 37.768503544020227 ], [ 128.942737255327927, 37.770564923871191 ], [ 128.937736873247303, 37.769706458260522 ], [ 128.934276237779926, 37.773272092003168 ] ] ] ] } },
{ "type": "Feature", "properties": { "emd_cd": "51150116", "emd_nm": "내곡동" }, "geometry": { "type": "MultiPolygon", "coordinates": [ [ [ [ 128.895331420508967, 37.749436654956746 ], [ 128.893167050105063, 37.748335359694273 ], [ 128.893510999467821, 37.744821413245596 ], [ 128.888820351794209, 37.738976635371635 ], [ 128.889424152557694, 37.733738707541598 ], [ 128.884911770564202, 37.727998462973439 ], [ 128.881881804651016, 37.727120257476919 ], [ 128.869073994042878, 37.730867186023424 ], [ 128.867899842061291, 37.735426508781352 ], [ 128.879315654646064, 37.742088754687451 ], [ 128.879422697876066, 37.745377852606104 ], [ 128.895331420508967, 37.749436654956746 ] ] ] ] } },
{ "type": "Feature", "properties": { "emd_cd": "51150117", "emd_nm": "회산동" }, "geometry": { "type": "MultiPolygon", "coordinates": [ [ [ [ 128.879422697872883, 37.745377852606168 ], [ 128.879315654642909, 37.742088754687501 ], [ 128.867899842058222, 37.735426508781444 ], [ 128.868952850962785, 37.733476932979855 ], [ 128.867072510569471, 37.730090271939439 ], [ 128.859465791803871, 37.730117831047288 ], [ 128.858987703732879, 37.732777591074367 ], [ 128.855467920878823, 37.734517033197854 ], [ 128.858597906514916, 37.737717124142385 ], [ 128.860093156707762, 37.744747852420218 ], [ 128.863658408290235, 37.745336989321189 ], [ 128.873016483728463, 37.743218988057713 ], [ 128.879422697872883, 37.745377852606168 ] ] ] ] } },
{ "type": "Feature", "properties": { "emd_cd": "51150118", "emd_nm": "장현동" }, "geometry": { "type": "MultiPolygon", "coordinates": [ [ [ [ 128.889698557423571, 37.73473642435814 ], [ 128.900594075284715, 37.734080039466605 ], [ 128.904720618131222, 37.730027038368185 ], [ 128.902228759602082, 37.72863980588977 ], [ 128.902916818912331, 37.726437435908053 ], [ 128.89943839129711, 37.72668283493185 ], [ 128.892923848128817, 37.721648576986205 ], [ 128.8875792612927, 37.724911953357847 ], [ 128.888326938943351, 37.726250200286152 ], [ 128.886798111147669, 37.727870926352438 ], [ 128.883559146789423, 37.727095189180424 ], [ 128.889698557423571, 37.73473642435814 ] ] ] ] } },
{ "type": "Feature", "properties": { "emd_cd": "51150119", "emd_nm": "박월동" }, "geometry": { "type": "MultiPolygon", "coordinates": [ [ [ [ 128.905810626017995, 37.712248993166995 ], [ 128.907954650506582, 37.71918536865401 ], [ 128.905796907456306, 37.723502115566546 ], [ 128.906221895873813, 37.726974173647356 ], [ 128.902522504906443, 37.729216201378392 ], [ 128.904720618134547, 37.730027038368121 ], [ 128.903366024525496, 37.733190111266651 ], [ 128.905171523350361, 37.734726697993878 ], [ 128.912589829790591, 37.734411154568328 ], [ 128.913611705851594, 37.732114978041395 ], [ 128.917169445079423, 37.731627939904023 ], [ 128.917094506579815, 37.729729609604611 ], [ 128.918927866618247, 37.730138576562474 ], [ 128.917189707722258, 37.725604234498654 ], [ 128.918456106030533, 37.721796403738452 ], [ 128.917579776841876, 37.718354932983154 ], [ 128.912211017610986, 37.717691039757561 ], [ 128.908487432768226, 37.711377639603988 ], [ 128.905810626017995, 37.712248993166995 ] ] ] ] } },
{ "type": "Feature", "properties": { "emd_cd": "51150120", "emd_nm": "담산동" }, "geometry": { "type": "MultiPolygon", "coordinates": [ [ [ [ 128.905810626014613, 37.712248993167016 ], [ 128.901290042940133, 37.711907842819727 ], [ 128.898177683084299, 37.713519219203654 ], [ 128.898578762420641, 37.716686087389519 ], [ 128.896642745286613, 37.716433435045161 ], [ 128.895031100257938, 37.720277914917148 ], [ 128.893127344463267, 37.720760655950798 ], [ 128.89943839129711, 37.72668283493185 ], [ 128.902916818912331, 37.726437435908053 ], [ 128.902574112986628, 37.729186215580192 ], [ 128.906221895870402, 37.726974173647406 ], [ 128.905796907452981, 37.723502115566589 ], [ 128.907954650503115, 37.719185368654109 ], [ 128.905810626014613, 37.712248993167016 ] ] ] ] } },
{ "type": "Feature", "properties": { "emd_cd": "51150121", "emd_nm": "노암동" }, "geometry": { "type": "MultiPolygon", "coordinates": [ [ [ [ 128.889698557426811, 37.734736424358104 ], [ 128.888820351794209, 37.738976635371635 ], [ 128.893510999467821, 37.744821413245596 ], [ 128.893167050105063, 37.748335359694273 ], [ 128.904152398820003, 37.75406035224151 ], [ 128.908006103303933, 37.748576091709054 ], [ 128.915172020470607, 37.744456895479985 ], [ 128.913607813213531, 37.740769795767093 ], [ 128.900508874799101, 37.739735786997208 ], [ 128.895176240729057, 37.733815798847587 ], [ 128.889698557426811, 37.734736424358104 ] ] ] ] } },
{ "type": "Feature", "properties": { "emd_cd": "51150122", "emd_nm": "유산동" }, "geometry": { "type": "MultiPolygon", "coordinates": [ [ [ [ 128.915172020467082, 37.744456895480035 ], [ 128.920448731940667, 37.741047429887239 ], [ 128.93008697652229, 37.739791669294696 ], [ 128.930254378487263, 37.738084797890394 ], [ 128.924217176792212, 37.73360864856452 ], [ 128.922233399691208, 37.735233776769405 ], [ 128.920344295638216, 37.730534281761201 ], [ 128.917484299524176, 37.729659279587189 ], [ 128.917169445075814, 37.731627939904136 ], [ 128.913611705848211, 37.732114978041508 ], [ 128.912589829787066, 37.734411154568477 ], [ 128.905171523347008, 37.734726697993928 ], [ 128.903238589372904, 37.732653391311402 ], [ 128.896812055843213, 37.734528042065442 ], [ 128.900508874795747, 37.739735786997301 ], [ 128.91360781321012, 37.740769795767186 ], [ 128.915172020467082, 37.744456895480035 ] ] ] ] } },
{ "type": "Feature", "properties": { "emd_cd": "51150123", "emd_nm": "월호평동" }, "geometry": { "type": "MultiPolygon", "coordinates": [ [ [ [ 128.941354125739394, 37.753545928450954 ], [ 128.943142136894295, 37.747859800732876 ], [ 128.946203450012433, 37.750714233705274 ], [ 128.947227465341314, 37.749346546638478 ], [ 128.95199121593177, 37.749240484641454 ], [ 128.948400486052179, 37.746033021093808 ], [ 128.948308944895302, 37.741390043614309 ], [ 128.933453756093002, 37.73410927941417 ], [ 128.934471918594852, 37.736382002025444 ], [ 128.930113428660576, 37.739702390932955 ], [ 128.936737458839531, 37.744131077328497 ], [ 128.934201330322054, 37.747110127048842 ], [ 128.937670812613703, 37.748140306841542 ], [ 128.938345202227396, 37.751853539278279 ], [ 128.941354125739394, 37.753545928450954 ] ] ] ] } },
{ "type": "Feature", "properties": { "emd_cd": "51150124", "emd_nm": "신석동" }, "geometry": { "type": "MultiPolygon", "coordinates": [ [ [ [ 128.929596373329701, 37.73751728719342 ], [ 128.927667661754811, 37.734774319910201 ], [ 128.926804115400387, 37.734112117277938 ], [ 128.929230635601328, 37.732722750078537 ], [ 128.926690298939434, 37.729364885446145 ], [ 128.92447208465893, 37.728889116871258 ], [ 128.922151786526513, 37.725403494182693 ], [ 128.917227667337073, 37.72482863020435 ], [ 128.922233399691208, 37.735233776769405 ], [ 128.924217176792212, 37.73360864856452 ], [ 128.929596373329701, 37.73751728719342 ] ] ] ] } },
{ "type": "Feature", "properties": { "emd_cd": "51150125", "emd_nm": "입암동" }, "geometry": { "type": "MultiPolygon", "coordinates": [ [ [ [ 128.925262546796461, 37.753719806825849 ], [ 128.917064072499215, 37.746684470218391 ], [ 128.910197233952204, 37.747457969296896 ], [ 128.904152398816649, 37.754060352241581 ], [ 128.91342289108249, 37.7654914590346 ], [ 128.928241440156938, 37.771040641849829 ], [ 128.930030848923451, 37.76992341829115 ], [ 128.929555126035723, 37.767668445296884 ], [ 128.921773465680303, 37.764987463546177 ], [ 128.920307190057514, 37.76180649211711 ], [ 128.921345786900503, 37.760192783614549 ], [ 128.927522472672052, 37.759343327165006 ], [ 128.925262546796461, 37.753719806825849 ] ] ] ] } },
{ "type": "Feature", "properties": { "emd_cd": "51150126", "emd_nm": "청량동" }, "geometry": { "type": "MultiPolygon", "coordinates": [ [ [ [ 128.922330821807662, 37.75033828028419 ], [ 128.931696202257683, 37.748760780115376 ], [ 128.935429365040392, 37.750152908334094 ], [ 128.933648790912429, 37.747625060911922 ], [ 128.93699135841581, 37.74452236917886 ], [ 128.930176492554608, 37.739352261035769 ], [ 128.916850367485125, 37.742469429090185 ], [ 128.910197233952204, 37.747457969296896 ], [ 128.917064072499215, 37.746684470218391 ], [ 128.922330821807662, 37.75033828028419 ] ] ] ] } },
{ "type": "Feature", "properties": { "emd_cd": "51150127", "emd_nm": "두산동" }, "geometry": { "type": "MultiPolygon", "coordinates": [ [ [ [ 128.920307190061038, 37.761806492116996 ], [ 128.921773465683827, 37.764987463546078 ], [ 128.929555126039361, 37.767668445296806 ], [ 128.929101331418195, 37.769432909802973 ], [ 128.937295451927184, 37.769396126790951 ], [ 128.937685016945579, 37.767381751136817 ], [ 128.93355223265678, 37.760586408978213 ], [ 128.927522472675605, 37.759343327164906 ], [ 128.921345786903998, 37.760192783614507 ], [ 128.920307190061038, 37.761806492116996 ] ] ] ] } },
{ "type": "Feature", "properties": { "emd_cd": "51150128", "emd_nm": "학동" }, "geometry": { "type": "MultiPolygon", "coordinates": [ [ [ [ 128.934209113705094, 37.761237729062785 ], [ 128.938815802091966, 37.758223930288224 ], [ 128.937802107065465, 37.756220048332416 ], [ 128.939883120962833, 37.756201261955553 ], [ 128.937670812613703, 37.748140306841542 ], [ 128.934201330322054, 37.747110127048842 ], [ 128.935518304782619, 37.749714956022643 ], [ 128.934501263536532, 37.750327161608361 ], [ 128.931696202257683, 37.748760780115376 ], [ 128.921738832709167, 37.749979424758095 ], [ 128.925262546796461, 37.753719806825849 ], [ 128.927356788948543, 37.759217719360663 ], [ 128.934209113705094, 37.761237729062785 ] ] ] ] } },
{ "type": "Feature", "properties": { "emd_cd": "51150129", "emd_nm": "병산동" }, "geometry": { "type": "MultiPolygon", "coordinates": [ [ [ [ 128.961061380397012, 37.752346487631677 ], [ 128.95905249546874, 37.750150229353544 ], [ 128.953371202894914, 37.751864555602381 ], [ 128.953413763110177, 37.749888567612985 ], [ 128.951787946418278, 37.748993310447794 ], [ 128.947227465345122, 37.749346546638421 ], [ 128.946203450016242, 37.750714233705111 ], [ 128.943142136897933, 37.747859800732805 ], [ 128.941354125743061, 37.75354592845089 ], [ 128.938441511829694, 37.753315687638171 ], [ 128.939883120966641, 37.756201261955454 ], [ 128.937802107069132, 37.756220048332295 ], [ 128.93910083288759, 37.757817226228802 ], [ 128.93404987729545, 37.761643204758741 ], [ 128.937685016945579, 37.767381751136817 ], [ 128.937295451927184, 37.769396126790951 ], [ 128.93006987483389, 37.769576077663977 ], [ 128.92871523047711, 37.770652433587635 ], [ 128.937736873250941, 37.769706458260444 ], [ 128.940427435598082, 37.77077378917032 ], [ 128.949322562886266, 37.76907056108449 ], [ 128.951354643594073, 37.766899476794372 ], [ 128.948081692260473, 37.765812995590792 ], [ 128.946573074003027, 37.76121036593635 ], [ 128.947894680869382, 37.761426439192334 ], [ 128.947721762588912, 37.759092425072275 ], [ 128.949316951677048, 37.760908035242302 ], [ 128.949678956267434, 37.756892906399479 ], [ 128.961061380397012, 37.752346487631677 ] ] ] ] } },
{ "type": "Feature", "properties": { "emd_cd": "51150130", "emd_nm": "남항진동" }, "geometry": { "type": "MultiPolygon", "coordinates": [ [ [ [ 128.951354643594073, 37.766899476794372 ], [ 128.958263865871857, 37.761922832907807 ], [ 128.967223524219719, 37.753196768782395 ], [ 128.961061380397012, 37.752346487631677 ], [ 128.949678956267434, 37.756892906399479 ], [ 128.949316951677048, 37.760908035242302 ], [ 128.948012606256896, 37.758808079505386 ], [ 128.947894680869382, 37.761426439192334 ], [ 128.946579309037048, 37.76129606808572 ], [ 128.948081692260473, 37.765812995590792 ], [ 128.951354643594073, 37.766899476794372 ] ] ] ] } },
{ "type": "Feature", "properties": { "emd_cd": "51150131", "emd_nm": "유천동" }, "geometry": { "type": "MultiPolygon", "coordinates": [ [ [ [ 128.875462330688975, 37.770054004382224 ], [ 128.872298309597227, 37.762497846624775 ], [ 128.873214509376339, 37.758171028590979 ], [ 128.85924668229859, 37.758446310443901 ], [ 128.850900431596585, 37.763790363023141 ], [ 128.84751820066586, 37.773282884262535 ], [ 128.852972993734028, 37.776214850994812 ], [ 128.862379051993969, 37.774868249465335 ], [ 128.867284259892244, 37.765772144506819 ], [ 128.873725558623988, 37.770510973268017 ], [ 128.875462330688975, 37.770054004382224 ] ] ] ] } },
{ "type": "Feature", "properties": { "emd_cd": "51150132", "emd_nm": "지변동" }, "geometry": { "type": "MultiPolygon", "coordinates": [ [ [ [ 128.875462330688975, 37.770054004382224 ], [ 128.873725558623988, 37.770510973268017 ], [ 128.868816117521874, 37.766040526988654 ], [ 128.866661705957114, 37.766149349549316 ], [ 128.866419285719786, 37.768900398541795 ], [ 128.86414645288923, 37.769507647037166 ], [ 128.863974668539129, 37.772151341553489 ], [ 128.862059744428677, 37.773419971581326 ], [ 128.862627001464574, 37.774682584548295 ], [ 128.859299465346766, 37.77482518303237 ], [ 128.860296806149705, 37.780196450400005 ], [ 128.864700408068444, 37.781810031939678 ], [ 128.86731308477809, 37.780793272131632 ], [ 128.872586799288769, 37.781874694672815 ], [ 128.875743668864516, 37.777773847194005 ], [ 128.883804211437393, 37.774523163419843 ], [ 128.879652525199049, 37.771476564180105 ], [ 128.875549134804373, 37.771806639305161 ], [ 128.875462330688975, 37.770054004382224 ] ] ] ] } },
{ "type": "Feature", "properties": { "emd_cd": "51150133", "emd_nm": "죽헌동" }, "geometry": { "type": "MultiPolygon", "coordinates": [ [ [ [ 128.859359808934784, 37.775931675402191 ], [ 128.852972993734028, 37.776214850994812 ], [ 128.846657290994671, 37.772998026739877 ], [ 128.843956886183634, 37.774904528791346 ], [ 128.843764458308442, 37.777800151533377 ], [ 128.845725701363591, 37.780451795958854 ], [ 128.850228962702232, 37.780718292461039 ], [ 128.854269262128412, 37.785693376911347 ], [ 128.858821429416992, 37.785952371551609 ], [ 128.862404203785104, 37.783409061703765 ], [ 128.864658596773694, 37.784138718639575 ], [ 128.866879806070102, 37.787139935071338 ], [ 128.866883047672218, 37.791247335759373 ], [ 128.877457204548563, 37.784135294217847 ], [ 128.88960664648468, 37.783575227723105 ], [ 128.883804211437393, 37.774523163419843 ], [ 128.875743668864516, 37.777773847194005 ], [ 128.872586799288769, 37.781874694672815 ], [ 128.860394561500215, 37.780293600450754 ], [ 128.859359808934784, 37.775931675402191 ] ] ] ] } },
{ "type": "Feature", "properties": { "emd_cd": "51150134", "emd_nm": "대전동" }, "geometry": { "type": "MultiPolygon", "coordinates": [ [ [ [ 128.838758124187876, 37.787417408228556 ], [ 128.840552457422973, 37.790427159102968 ], [ 128.839303244143849, 37.793547691714899 ], [ 128.842912652756297, 37.795880975646824 ], [ 128.844437488828333, 37.800290461575585 ], [ 128.854991661000639, 37.803675659038774 ], [ 128.858290347140297, 37.806586907220229 ], [ 128.862934948631079, 37.802064304986104 ], [ 128.864392730908691, 37.794189933929026 ], [ 128.866883047675259, 37.791247335759358 ], [ 128.866879806073115, 37.787139935071252 ], [ 128.864658596776707, 37.784138718639475 ], [ 128.862404203788145, 37.783409061703658 ], [ 128.858821429419947, 37.785952371551495 ], [ 128.854269262131396, 37.785693376911262 ], [ 128.850228962705188, 37.780718292460996 ], [ 128.84572570136649, 37.780451795958818 ], [ 128.843910272673241, 37.778672192609768 ], [ 128.840701970279412, 37.779884102684306 ], [ 128.838758124187876, 37.787417408228556 ] ] ] ] } },
{ "type": "Feature", "properties": { "emd_cd": "51150135", "emd_nm": "운정동" }, "geometry": { "type": "MultiPolygon", "coordinates": [ [ [ [ 128.889080538612063, 37.782025596807166 ], [ 128.889580385270193, 37.783675839499303 ], [ 128.883769536130103, 37.783932569834143 ], [ 128.880176614607024, 37.786809313874542 ], [ 128.886731331438568, 37.789097333874203 ], [ 128.885514174829694, 37.794638829616709 ], [ 128.888744576524573, 37.791264199551783 ], [ 128.887889068202981, 37.789496065413147 ], [ 128.896353442299301, 37.79178815071063 ], [ 128.901373544218245, 37.7973042362378 ], [ 128.906447129363698, 37.793443861894971 ], [ 128.90410444150487, 37.790620375574072 ], [ 128.906083116777637, 37.792206854848189 ], [ 128.90748788073617, 37.788326338877823 ], [ 128.898754604755737, 37.784741902038846 ], [ 128.899549706003683, 37.782288939556572 ], [ 128.895152087626229, 37.780497302979931 ], [ 128.892129070676333, 37.78416810080963 ], [ 128.889080538612063, 37.782025596807166 ] ] ] ] } },
{ "type": "Feature", "properties": { "emd_cd": "51150136", "emd_nm": "난곡동" }, "geometry": { "type": "MultiPolygon", "coordinates": [ [ [ [ 128.885514174829694, 37.794638829616758 ], [ 128.886731331438568, 37.789097333874153 ], [ 128.880299231932895, 37.78723343845099 ], [ 128.883769536130075, 37.783932569834143 ], [ 128.880892076751365, 37.783276772731554 ], [ 128.868103948169733, 37.789474106089536 ], [ 128.864392730905621, 37.794189933929069 ], [ 128.864422747719232, 37.798270395265206 ], [ 128.872344858116065, 37.794560807250491 ], [ 128.875483003566927, 37.794237087963545 ], [ 128.881290508348712, 37.796559356112198 ], [ 128.885514174829694, 37.794638829616758 ] ] ] ] } },
{ "type": "Feature", "properties": { "emd_cd": "51150137", "emd_nm": "저동" }, "geometry": { "type": "MultiPolygon", "coordinates": [ [ [ [ 128.880146062693399, 37.796214802248407 ], [ 128.886224361196128, 37.803320813037487 ], [ 128.885929319206411, 37.806056616534256 ], [ 128.889671232105286, 37.806675957402391 ], [ 128.897108479705508, 37.80605410891711 ], [ 128.904910956206606, 37.800274389561679 ], [ 128.896353442299386, 37.791788150710651 ], [ 128.887889068202981, 37.789496065413147 ], [ 128.888744576524545, 37.791264199551847 ], [ 128.885347376487431, 37.794799692713134 ], [ 128.880146062693399, 37.796214802248407 ] ] ] ] } },
{ "type": "Feature", "properties": { "emd_cd": "51150138", "emd_nm": "안현동" }, "geometry": { "type": "MultiPolygon", "coordinates": [ [ [ [ 128.861930017366973, 37.803035813634786 ], [ 128.866995722243502, 37.806138270220075 ], [ 128.87094496241761, 37.803974699057918 ], [ 128.874121729950701, 37.804327152184904 ], [ 128.879270242496062, 37.810787241513516 ], [ 128.878542549228911, 37.811920222877625 ], [ 128.886508625742948, 37.812506221159452 ], [ 128.891158847315637, 37.8189645116015 ], [ 128.907921248708817, 37.805619000212147 ], [ 128.906934800464313, 37.800909726168207 ], [ 128.904910956210017, 37.800274389561594 ], [ 128.896824172967428, 37.806168169372071 ], [ 128.885929319209566, 37.806056616534107 ], [ 128.886247173913546, 37.803371567990567 ], [ 128.882766635356319, 37.798195795167267 ], [ 128.874938987344507, 37.794183006092467 ], [ 128.867588631939981, 37.795775747763727 ], [ 128.861930017366973, 37.803035813634786 ] ] ], [ [ [ 128.910287569513571, 37.807300483590531 ], [ 128.910208141158932, 37.807564752331601 ], [ 128.910416474526841, 37.807497387296316 ], [ 128.910287569513571, 37.807300483590531 ] ] ], [ [ [ 128.912592857816605, 37.809748871105562 ], [ 128.913059238179045, 37.810146181530072 ], [ 128.913236058772299, 37.810044488645829 ], [ 128.912592857816605, 37.809748871105562 ] ] ], [ [ [ 128.912330461216243, 37.810509120849922 ], [ 128.912897307548889, 37.810511629888765 ], [ 128.912910122490558, 37.810364667315021 ], [ 128.912330461216243, 37.810509120849922 ] ] ] ] } },
{ "type": "Feature", "properties": { "emd_cd": "51150139", "emd_nm": "운산동" }, "geometry": { "type": "MultiPolygon", "coordinates": [ [ [ [ 128.921131672671521, 37.719168151426466 ], [ 128.917117849096911, 37.724704804126659 ], [ 128.923164364205661, 37.725979716775768 ], [ 128.924472084662483, 37.728889116871102 ], [ 128.92917862424801, 37.732406209667182 ], [ 128.926804115403854, 37.734112117277832 ], [ 128.930445277078093, 37.739310735886669 ], [ 128.934471918598518, 37.73638200202533 ], [ 128.933453756096611, 37.734109279414099 ], [ 128.937372832806773, 37.736726892403631 ], [ 128.943220653269464, 37.735928748552858 ], [ 128.947805591483927, 37.730131325521889 ], [ 128.944741654702995, 37.725352742015424 ], [ 128.941920297398042, 37.724630496353356 ], [ 128.939657015366265, 37.719614368635305 ], [ 128.930202996554186, 37.715658788553085 ], [ 128.92341052139156, 37.71935920144486 ], [ 128.921131672671521, 37.719168151426466 ] ] ] ] } },
{ "type": "Feature", "properties": { "emd_cd": "51150250", "emd_nm": "주문진읍" }, "geometry": { "type": "MultiPolygon", "coordinates": [ [ [ [ 128.661283190714272, 37.873209544017712 ], [ 128.667079363830283, 37.882039617244878 ], [ 128.666815887093009, 37.885877560813874 ], [ 128.671332504736284, 37.886467338088345 ], [ 128.676339775973446, 37.889819180990443 ], [ 128.682828389181964, 37.889905937432218 ], [ 128.702164857200557, 37.898405176753926 ], [ 128.708811795290956, 37.897285921839945 ], [ 128.713369134834124, 37.898754744377854 ], [ 128.718607997924892, 37.903483027157378 ], [ 128.72331051865882, 37.901890995418782 ], [ 128.727047987601452, 37.902673447774369 ], [ 128.73241054760453, 37.899876984478894 ], [ 128.736380226301833, 37.903414560070701 ], [ 128.744660274595816, 37.90420858030182 ], [ 128.746943804222781, 37.909513307373238 ], [ 128.753699243793108, 37.912251825650543 ], [ 128.762424794867542, 37.90982208147684 ], [ 128.773142812241389, 37.911063213707727 ], [ 128.775534711936359, 37.91011552480748 ], [ 128.778317750444415, 37.913410678522972 ], [ 128.783011946946544, 37.914690606232469 ], [ 128.793148855708409, 37.912205482566428 ], [ 128.803428629118343, 37.913009208771115 ], [ 128.809589047716202, 37.91736315394585 ], [ 128.823489423065098, 37.907421617131746 ], [ 128.830459707107025, 37.90614249857596 ], [ 128.831869715009248, 37.903818655551646 ], [ 128.829516194858513, 37.904560998749247 ], [ 128.830789166678983, 37.903832778431457 ], [ 128.829249403464416, 37.903704962363548 ], [ 128.82978050089369, 37.902418552579157 ], [ 128.834446777251912, 37.899543739338654 ], [ 128.834381193141496, 37.8948291849604 ], [ 128.832476033647112, 37.891418621332541 ], [ 128.834768723184339, 37.885950328443585 ], [ 128.832974985195335, 37.887767995003124 ], [ 128.832360798418705, 37.891400671270816 ], [ 128.833003624267604, 37.894489621469226 ], [ 128.829797382204561, 37.893322840951768 ], [ 128.830758246682507, 37.891566094126603 ], [ 128.828455732597462, 37.888805986072775 ], [ 128.831420575443389, 37.887894656502326 ], [ 128.83024559597996, 37.885883246352044 ], [ 128.831976790844493, 37.887099101022272 ], [ 128.831606895813167, 37.885737789396394 ], [ 128.829540103953093, 37.885631738708447 ], [ 128.83156798004984, 37.884834622755051 ], [ 128.830112675847886, 37.884431036200176 ], [ 128.831114977416888, 37.882969095388667 ], [ 128.836103876855503, 37.886660548467276 ], [ 128.83713459926858, 37.884559830828465 ], [ 128.831215861961709, 37.882963772673243 ], [ 128.836462506280128, 37.876642538004226 ], [ 128.829880000872095, 37.87496142992822 ], [ 128.836286471720655, 37.870523775093808 ], [ 128.832036576026894, 37.869657397879848 ], [ 128.83000561236986, 37.866565469602861 ], [ 128.826833865951357, 37.865172986280186 ], [ 128.827467468061286, 37.863964787905495 ], [ 128.826849997261434, 37.86493969319433 ], [ 128.824678077460931, 37.862890365874769 ], [ 128.821158175887916, 37.865511165456198 ], [ 128.815605951356162, 37.863476193305871 ], [ 128.813348039686048, 37.866907646357646 ], [ 128.804771406150337, 37.863761889736161 ], [ 128.801139777840433, 37.86451718755341 ], [ 128.794797095574239, 37.862702194216659 ], [ 128.792817823672664, 37.860818418014951 ], [ 128.790186486137657, 37.861232798073395 ], [ 128.787478680406622, 37.858360017683168 ], [ 128.781411642393522, 37.858379843520567 ], [ 128.774602215739776, 37.864420356967635 ], [ 128.770949291348671, 37.86440292661144 ], [ 128.766231031329937, 37.866855937382702 ], [ 128.765071475130924, 37.86931535445477 ], [ 128.755680988862736, 37.866719611424308 ], [ 128.749648065702218, 37.869314984698029 ], [ 128.744558615809893, 37.867912818082026 ], [ 128.739317106497339, 37.869083034854206 ], [ 128.73068819555877, 37.866523544504432 ], [ 128.725321812835006, 37.871688925206598 ], [ 128.7142355198757, 37.870734536831314 ], [ 128.711381787398238, 37.873378760327199 ], [ 128.705530457997384, 37.87387499192144 ], [ 128.694439596688142, 37.869993487333424 ], [ 128.678322059216526, 37.872146863757465 ], [ 128.671137091569591, 37.870481942801597 ], [ 128.665862756173254, 37.867224879259169 ], [ 128.663225261100308, 37.867412582416222 ], [ 128.661283190714272, 37.873209544017712 ] ] ] ] } },
{ "type": "Feature", "properties": { "emd_cd": "51150310", "emd_nm": "성산면" }, "geometry": { "type": "MultiPolygon", "coordinates": [ [ [ [ 128.859246682301603, 37.758446310443809 ], [ 128.859397887197701, 37.755300964706933 ], [ 128.855552443854066, 37.75413290076856 ], [ 128.854236639747654, 37.751717529320693 ], [ 128.856515261240531, 37.748173562233475 ], [ 128.852773149207394, 37.747478655125157 ], [ 128.853918928012376, 37.746470217623454 ], [ 128.853002582208148, 37.74567462627396 ], [ 128.860093156710775, 37.744747852420204 ], [ 128.858597906517872, 37.737717124142335 ], [ 128.853918091692321, 37.733663945270322 ], [ 128.845942324273466, 37.731376595189204 ], [ 128.83818965822914, 37.725694336720892 ], [ 128.835230563709644, 37.721548629945424 ], [ 128.838875783875608, 37.716982273513764 ], [ 128.847832387562391, 37.714847000037679 ], [ 128.852314848989153, 37.709866856653548 ], [ 128.850425766932773, 37.70561418535079 ], [ 128.853711967595444, 37.702310629037974 ], [ 128.852699672638607, 37.700814974647066 ], [ 128.853815316141493, 37.694229172427178 ], [ 128.851813645774598, 37.689602216575061 ], [ 128.846137543462191, 37.687255803924117 ], [ 128.84576063472457, 37.683510694594389 ], [ 128.838664663318809, 37.685843541752739 ], [ 128.834279562681843, 37.690280085927839 ], [ 128.827262215551372, 37.692021202130391 ], [ 128.824450834097973, 37.696659488852731 ], [ 128.819531399928763, 37.695627409331216 ], [ 128.822033915605715, 37.69473187120731 ], [ 128.817977072949901, 37.692172389935308 ], [ 128.816021074413214, 37.686848232618473 ], [ 128.812993770391643, 37.685516177686651 ], [ 128.813986380489837, 37.691373294795682 ], [ 128.804438441613939, 37.696500235738981 ], [ 128.803760433152405, 37.698243103971095 ], [ 128.800345082163915, 37.698332955506331 ], [ 128.797211624415553, 37.697524670891731 ], [ 128.790179373849696, 37.689678133999351 ], [ 128.78516435259786, 37.68707268201787 ], [ 128.7735597946957, 37.68564776991132 ], [ 128.763954486490007, 37.68070128498433 ], [ 128.760711409851382, 37.682836249380465 ], [ 128.7611936137165, 37.685902681247732 ], [ 128.759271779839622, 37.686542185184344 ], [ 128.758584618526015, 37.694173404401958 ], [ 128.754560237026737, 37.699645231514438 ], [ 128.754935030898849, 37.707551956842735 ], [ 128.75318237965422, 37.71070752192211 ], [ 128.747825410331444, 37.714096646046904 ], [ 128.746908528738942, 37.718346913213168 ], [ 128.748479949223821, 37.719953137455619 ], [ 128.744554393018007, 37.723439428616665 ], [ 128.745671319371212, 37.726767815187166 ], [ 128.744026764385012, 37.728792732922535 ], [ 128.744995589990054, 37.731763478021861 ], [ 128.743799055409312, 37.741432087513623 ], [ 128.749490238585224, 37.742751650146282 ], [ 128.752164856815568, 37.746032507243221 ], [ 128.752768977415428, 37.750214261242107 ], [ 128.759288473210631, 37.75290206574202 ], [ 128.761017682070417, 37.755253099030305 ], [ 128.760110536666417, 37.761045411834047 ], [ 128.762391379321002, 37.765228691393013 ], [ 128.768016081675682, 37.768780377917238 ], [ 128.785489218000862, 37.768003041611934 ], [ 128.789519819287648, 37.770399166491366 ], [ 128.797414974177968, 37.764044961506514 ], [ 128.802009578025064, 37.766222316526282 ], [ 128.804911007724485, 37.763380410596476 ], [ 128.810432404457202, 37.764336353930481 ], [ 128.81010852633662, 37.765468340883636 ], [ 128.813936767589837, 37.766529328440861 ], [ 128.819814744874236, 37.783979884096198 ], [ 128.828003805257907, 37.788610060807926 ], [ 128.836989747164978, 37.788275219310528 ], [ 128.839882497251665, 37.785917902820898 ], [ 128.840701970279412, 37.779884102684306 ], [ 128.843910272673241, 37.778672192609768 ], [ 128.843956886186504, 37.774904528791289 ], [ 128.848072930382386, 37.772572735071222 ], [ 128.850900431599484, 37.763790363023098 ], [ 128.859246682301603, 37.758446310443809 ] ] ] ] } },
{ "type": "Feature", "properties": { "emd_cd": "51150320", "emd_nm": "왕산면" }, "geometry": { "type": "MultiPolygon", "coordinates": [ [ [ [ 128.678877866051323, 37.567060862205622 ], [ 128.681434885005416, 37.573825137641471 ], [ 128.683955699009488, 37.593847075519321 ], [ 128.691971298109422, 37.592037654735826 ], [ 128.698922688760092, 37.593516036419835 ], [ 128.703442113634765, 37.589999577868006 ], [ 128.712077210975679, 37.58863655447194 ], [ 128.712071134588598, 37.590866489796817 ], [ 128.71634577245888, 37.593382157199898 ], [ 128.716652113518677, 37.604268446210661 ], [ 128.72302447903644, 37.611316453663015 ], [ 128.736560033493816, 37.609749892849003 ], [ 128.735834509200089, 37.62870397877132 ], [ 128.728697375180019, 37.636804337324335 ], [ 128.733769371924268, 37.64683518723897 ], [ 128.731767508978777, 37.649784137299996 ], [ 128.733469948776559, 37.65489681689531 ], [ 128.743667445584663, 37.658828121106168 ], [ 128.745759036826598, 37.665027804926943 ], [ 128.751886143300453, 37.667576562563092 ], [ 128.752466064412459, 37.669779708413877 ], [ 128.765027931673444, 37.672917166582351 ], [ 128.763299939694519, 37.678954840204568 ], [ 128.76560661015165, 37.68256133742409 ], [ 128.7735597946957, 37.68564776991132 ], [ 128.78516435259786, 37.687072682017877 ], [ 128.790179373849696, 37.689678133999344 ], [ 128.798212906291326, 37.698239517298646 ], [ 128.803760433152405, 37.698243103971116 ], [ 128.804438441613939, 37.696500235738981 ], [ 128.813986380489837, 37.691373294795689 ], [ 128.812993770391643, 37.685516177686665 ], [ 128.816021074413243, 37.686848232618473 ], [ 128.817977072949901, 37.692172389935308 ], [ 128.822033915605715, 37.694731871207317 ], [ 128.819531399928763, 37.695627409331223 ], [ 128.824450834097973, 37.696659488852731 ], [ 128.827262215551372, 37.692021202130377 ], [ 128.834279562681843, 37.690280085927839 ], [ 128.838664663318809, 37.685843541752739 ], [ 128.846063034153701, 37.683372443246974 ], [ 128.851580609196645, 37.67647559015419 ], [ 128.854495543953334, 37.676574997087947 ], [ 128.861734435777038, 37.671752309143812 ], [ 128.869162608781522, 37.672994111711176 ], [ 128.873776586980426, 37.669137396234277 ], [ 128.873293203759431, 37.666720398764959 ], [ 128.881292718265371, 37.663301384960135 ], [ 128.882469554820148, 37.659745334301391 ], [ 128.886564266477478, 37.65946007486928 ], [ 128.893483718837501, 37.655205733598663 ], [ 128.895383168804244, 37.642419748912808 ], [ 128.887249280557654, 37.63067965971328 ], [ 128.904626186921689, 37.617249963697283 ], [ 128.89652322669167, 37.613315446996971 ], [ 128.891164720676414, 37.607720134988227 ], [ 128.88555256655161, 37.599559306867697 ], [ 128.884479556058352, 37.592915741368344 ], [ 128.877709118621652, 37.588493790827407 ], [ 128.873538721160543, 37.589674444763119 ], [ 128.869376059530936, 37.580108668277191 ], [ 128.86379315477717, 37.575215694150614 ], [ 128.861946399641653, 37.570463320205661 ], [ 128.86254971441295, 37.564652980794605 ], [ 128.858792440664416, 37.561221442210993 ], [ 128.859183671349456, 37.555903569954943 ], [ 128.861978273999569, 37.553071227453337 ], [ 128.859157009311531, 37.547775348162602 ], [ 128.859500333562977, 37.540727490382423 ], [ 128.855271868686032, 37.536392491304419 ], [ 128.855893748099163, 37.533013462247602 ], [ 128.853591602697747, 37.529302605576092 ], [ 128.85453059199213, 37.524910402226844 ], [ 128.848383286222713, 37.521800177457074 ], [ 128.850117880265685, 37.519779615681138 ], [ 128.84907518862704, 37.51554737766525 ], [ 128.84311273157698, 37.512566009557595 ], [ 128.833963735214326, 37.513138907847534 ], [ 128.830490469724168, 37.510089318075792 ], [ 128.813753736380448, 37.503295798357669 ], [ 128.814497152160698, 37.506317445655753 ], [ 128.811685491865688, 37.509933166660417 ], [ 128.797617163435945, 37.518449737639187 ], [ 128.79814954065796, 37.527449896622237 ], [ 128.793696351600033, 37.529780700535369 ], [ 128.792028296587034, 37.53276298707349 ], [ 128.792101286412901, 37.538244015949033 ], [ 128.777362063490301, 37.544171674321873 ], [ 128.774144486981498, 37.542772969257527 ], [ 128.767030961295632, 37.543631533002447 ], [ 128.762006709389851, 37.541503237994689 ], [ 128.748686398908177, 37.546903352399859 ], [ 128.742366075565599, 37.545893885830083 ], [ 128.737648473692786, 37.547514455253896 ], [ 128.722892309582051, 37.534887678347822 ], [ 128.720856219891488, 37.529181759801254 ], [ 128.707096441284051, 37.532191899968367 ], [ 128.694053670223951, 37.541245207785323 ], [ 128.689044928701975, 37.552548624128619 ], [ 128.683496494659238, 37.557148749783238 ], [ 128.683576447648704, 37.563414660222001 ], [ 128.678877866051323, 37.567060862205622 ] ] ] ] } },
{ "type": "Feature", "properties": { "emd_cd": "51150330", "emd_nm": "구정면" }, "geometry": { "type": "MultiPolygon", "coordinates": [ [ [ [ 128.938506530904533, 37.718947251909775 ], [ 128.939509868333232, 37.716967145631024 ], [ 128.938474075144256, 37.715796088105606 ], [ 128.943286594711083, 37.711511143056065 ], [ 128.941541475959127, 37.708074592133258 ], [ 128.93584360628077, 37.70474732756896 ], [ 128.930231207641725, 37.697742290878686 ], [ 128.923469148413062, 37.694673740596933 ], [ 128.920415015396628, 37.690702124270253 ], [ 128.921491755265066, 37.688504934250176 ], [ 128.91770730733765, 37.685633696225011 ], [ 128.91443921941169, 37.680149243281221 ], [ 128.90385887116625, 37.674873550347471 ], [ 128.902862945138764, 37.671818001155707 ], [ 128.904468480540118, 37.667959294295137 ], [ 128.900365503642206, 37.661864029652335 ], [ 128.901603544813781, 37.659687105256282 ], [ 128.893483718837501, 37.655205733598685 ], [ 128.886564266477478, 37.659460074869294 ], [ 128.882469554820148, 37.659745334301384 ], [ 128.881292718265343, 37.663301384960121 ], [ 128.873293203759431, 37.666720398764959 ], [ 128.873776586980426, 37.669137396234269 ], [ 128.869162608781522, 37.672994111711191 ], [ 128.861734435777038, 37.671752309143827 ], [ 128.849552503247878, 37.678347114071485 ], [ 128.84576063472457, 37.683510694594389 ], [ 128.846137543462191, 37.687255803924117 ], [ 128.851813645774598, 37.689602216575061 ], [ 128.853815316141493, 37.694229172427178 ], [ 128.852699672638607, 37.700814974647066 ], [ 128.853711967595444, 37.702310629037974 ], [ 128.850425766932773, 37.70561418535079 ], [ 128.852314848989153, 37.709866856653548 ], [ 128.847832387562391, 37.714847000037679 ], [ 128.838875783875608, 37.716982273513764 ], [ 128.835230563709644, 37.721548629945424 ], [ 128.83818965822914, 37.725694336720892 ], [ 128.845942324273466, 37.731376595189204 ], [ 128.855467920881779, 37.734517033197747 ], [ 128.858987703735892, 37.732777591074296 ], [ 128.859376427596914, 37.73015831172841 ], [ 128.862135338071909, 37.729340531042652 ], [ 128.867072510572541, 37.730090271939332 ], [ 128.868656972414584, 37.732694311676092 ], [ 128.869073994042878, 37.730867186023424 ], [ 128.876017731223726, 37.728255060069763 ], [ 128.886798111150853, 37.727870926352331 ], [ 128.888326938946619, 37.72625020028611 ], [ 128.887579261295969, 37.724911953357797 ], [ 128.892774991497674, 37.722593651099736 ], [ 128.896642745289938, 37.716433435045126 ], [ 128.898578762423995, 37.716686087389419 ], [ 128.898177683087624, 37.713519219203548 ], [ 128.901290042943515, 37.711907842819635 ], [ 128.908487432768226, 37.711377639603988 ], [ 128.912211017610986, 37.717691039757561 ], [ 128.917439533755726, 37.717983148646809 ], [ 128.918456106030533, 37.721796403738452 ], [ 128.929022260448619, 37.715622660401877 ], [ 128.938506530904533, 37.718947251909775 ] ] ] ] } },
{ "type": "Feature", "properties": { "emd_cd": "51150340", "emd_nm": "강동면" }, "geometry": { "type": "MultiPolygon", "coordinates": [ [ [ [ 128.948400486055846, 37.746033021093744 ], [ 128.953371202894914, 37.751864555602396 ], [ 128.959052495468768, 37.75015022935353 ], [ 128.961188495925427, 37.75240091319241 ], [ 128.967586760662073, 37.75325101266791 ], [ 128.973313903147613, 37.75063348402356 ], [ 128.984877121571969, 37.741265602267696 ], [ 128.986356241276013, 37.742387833413112 ], [ 128.985276773348318, 37.740454512521822 ], [ 128.989276587568384, 37.740199185878744 ], [ 128.988806158009567, 37.736993429191145 ], [ 128.989653500801296, 37.737009671877182 ], [ 128.991876391802293, 37.735993759624051 ], [ 128.988926225380652, 37.736829917288937 ], [ 128.990754352038834, 37.735798513753217 ], [ 128.989447343877856, 37.734906964897519 ], [ 128.995541546941297, 37.725901800317359 ], [ 128.999170128025213, 37.724415228587247 ], [ 128.998979469236303, 37.722969220620101 ], [ 129.004037790904448, 37.719695148966586 ], [ 129.008972376291894, 37.713744158046353 ], [ 129.011589615111205, 37.713066499901721 ], [ 129.015411067239427, 37.705503085664894 ], [ 129.034437023595075, 37.690716102850971 ], [ 129.035069757573808, 37.691309907185513 ], [ 129.035542624888421, 37.691555700546878 ], [ 129.034494143627512, 37.690665578510007 ], [ 129.040569208697917, 37.686024491529281 ], [ 129.043612935545013, 37.686682468866813 ], [ 129.042355564275567, 37.685564490627598 ], [ 129.043616966897162, 37.684487143580945 ], [ 129.045509847968475, 37.685416966802869 ], [ 129.050047357473346, 37.678820824116997 ], [ 129.055268382034569, 37.676724935920831 ], [ 129.055303860778508, 37.673188170007421 ], [ 129.057917411371648, 37.673012611298532 ], [ 129.056763001916636, 37.672967622351905 ], [ 129.057077688440614, 37.67024842796571 ], [ 129.054670000890383, 37.666653751760947 ], [ 129.055658698184772, 37.665030188618012 ], [ 129.053150504746128, 37.665476394081821 ], [ 129.055009688160936, 37.664921394703669 ], [ 129.055051246410926, 37.66130225187247 ], [ 129.056414333035463, 37.661343592949692 ], [ 129.056879374532116, 37.65876622722466 ], [ 129.052136768656936, 37.659941219295455 ], [ 129.044877556954674, 37.658729839120561 ], [ 129.041711508441495, 37.661723584082004 ], [ 129.030160436335763, 37.663250113735202 ], [ 129.028794460863992, 37.664600340166984 ], [ 129.025698295539399, 37.657199083803178 ], [ 129.027930472022831, 37.651697688710925 ], [ 129.024807722288188, 37.643275239719863 ], [ 129.013366937381875, 37.643218775302671 ], [ 128.999247897528903, 37.634358055380872 ], [ 128.981886446051249, 37.638678986360681 ], [ 128.979095600655313, 37.641974121962555 ], [ 128.976756124987645, 37.642260417150879 ], [ 128.966956132669623, 37.640924865974952 ], [ 128.965676723389947, 37.639467954214069 ], [ 128.958014290320364, 37.640922366602538 ], [ 128.94736283729344, 37.636967060671637 ], [ 128.937288020493099, 37.640152278980096 ], [ 128.929427138714459, 37.628671683440061 ], [ 128.925141265515151, 37.628725307122458 ], [ 128.917455025880599, 37.621803690095817 ], [ 128.904626186921689, 37.617249963697283 ], [ 128.887249280557654, 37.63067965971328 ], [ 128.895383168804244, 37.642419748912808 ], [ 128.893215634147282, 37.654741827873409 ], [ 128.901603544813781, 37.659687105256282 ], [ 128.900365503642206, 37.661864029652335 ], [ 128.904468480540118, 37.667959294295159 ], [ 128.902862945138764, 37.671818001155692 ], [ 128.90385887116625, 37.674873550347456 ], [ 128.91443921941169, 37.680149243281221 ], [ 128.91770730733765, 37.685633696225018 ], [ 128.921491755265095, 37.688504934250162 ], [ 128.920415015396657, 37.690702124270246 ], [ 128.923469148413062, 37.694673740596919 ], [ 128.930231207641725, 37.697742290878686 ], [ 128.93584360628077, 37.70474732756896 ], [ 128.941541475959127, 37.708074592133251 ], [ 128.943286594711083, 37.711511143056086 ], [ 128.938474075144285, 37.715796088105606 ], [ 128.939509868333232, 37.716967145631024 ], [ 128.938506530904533, 37.718947251909775 ], [ 128.940798971919634, 37.720638396163139 ], [ 128.941920297398042, 37.724630496353356 ], [ 128.944741654702995, 37.725352742015438 ], [ 128.947805591483927, 37.730131325521889 ], [ 128.944273161912776, 37.735447960922521 ], [ 128.938954284595383, 37.736309389313952 ], [ 128.940519804022671, 37.738364216113631 ], [ 128.948308944899111, 37.741390043614189 ], [ 128.948400486055846, 37.746033021093744 ] ] ] ] } },
{ "type": "Feature", "properties": { "emd_cd": "51150350", "emd_nm": "옥계면" }, "geometry": { "type": "MultiPolygon", "coordinates": [ [ [ [ 128.884346147362464, 37.593393707536258 ], [ 128.886810801258719, 37.602001048646628 ], [ 128.89652322669167, 37.613315446996964 ], [ 128.906060877084911, 37.618362177831855 ], [ 128.917455025880571, 37.621803690095824 ], [ 128.925141265515123, 37.628725307122451 ], [ 128.929427138714459, 37.628671683440047 ], [ 128.937288020493099, 37.640152278980096 ], [ 128.94736283729344, 37.636967060671623 ], [ 128.958014290320364, 37.640922366602538 ], [ 128.965676723389947, 37.639467954214069 ], [ 128.966956132669623, 37.640924865974959 ], [ 128.976756124987645, 37.642260417150901 ], [ 128.984579794446347, 37.637774713654608 ], [ 129.000351676668743, 37.63455440385043 ], [ 129.013366937381875, 37.643218775302671 ], [ 129.024807722288188, 37.643275239719884 ], [ 129.027930472022831, 37.651697688710932 ], [ 129.025698295539399, 37.657199083803164 ], [ 129.028794460863992, 37.664600340166984 ], [ 129.030160436335734, 37.663250113735202 ], [ 129.041711508441495, 37.661723584082004 ], [ 129.044877556954674, 37.658729839120561 ], [ 129.052136768656908, 37.659941219295455 ], [ 129.056424773406491, 37.658391561938657 ], [ 129.055202293936645, 37.653143293435114 ], [ 129.052609535622963, 37.652887450167746 ], [ 129.052510796469562, 37.65019726813744 ], [ 129.050669177548343, 37.647764638016739 ], [ 129.052212151244532, 37.652030694248381 ], [ 129.048023035658758, 37.65052503228182 ], [ 129.049792284977912, 37.64869038414426 ], [ 129.047752722719764, 37.649617152495317 ], [ 129.04636218601496, 37.647770056350332 ], [ 129.043421596766109, 37.642452416560538 ], [ 129.043750296592208, 37.639095634323795 ], [ 129.050247885916804, 37.626080352299212 ], [ 129.057737771562159, 37.626068318780163 ], [ 129.064348576703054, 37.622885244963662 ], [ 129.057989416461282, 37.625836376466275 ], [ 129.053928774260044, 37.625782568939712 ], [ 129.053921389459504, 37.621232350510041 ], [ 129.059789741514891, 37.620294462087742 ], [ 129.059783258192482, 37.622873072202751 ], [ 129.059987377837558, 37.622871439593013 ], [ 129.059853492191564, 37.618237851116888 ], [ 129.062278029437465, 37.617874082052388 ], [ 129.064441803667449, 37.612589942972541 ], [ 129.074451262552316, 37.604537037609084 ], [ 129.068637727321601, 37.598917005200988 ], [ 129.055722706508334, 37.597094012821991 ], [ 129.055000513134758, 37.594689271609205 ], [ 129.058669746808107, 37.591621833288123 ], [ 129.059595566879239, 37.588481455647241 ], [ 129.057005910344003, 37.586120685179068 ], [ 129.055990806968964, 37.581233963315292 ], [ 129.051000205687785, 37.576393650546684 ], [ 129.051372605031787, 37.570809826975328 ], [ 129.0487754763559, 37.564736363556015 ], [ 129.048227797920362, 37.558294989255202 ], [ 129.050323295813484, 37.553947987192096 ], [ 129.047130746086168, 37.546639535231968 ], [ 129.040911467202648, 37.547127912738532 ], [ 129.037988377543911, 37.549733250185824 ], [ 129.026202590198466, 37.545699856251048 ], [ 129.022437356151357, 37.540437279715313 ], [ 129.018748572701242, 37.538336416114056 ], [ 128.998550253826608, 37.542831410944935 ], [ 128.991215807267906, 37.53886812371794 ], [ 128.987643974044971, 37.53388968523609 ], [ 128.980561553481692, 37.533145518361366 ], [ 128.973345886737008, 37.53377851547485 ], [ 128.972161482124392, 37.536349078547538 ], [ 128.962781802149664, 37.543155424322883 ], [ 128.961234309633767, 37.548747006085513 ], [ 128.959542997693035, 37.548400571128397 ], [ 128.959729830966324, 37.546023648721125 ], [ 128.955125908306599, 37.54143875063987 ], [ 128.949247060550647, 37.539674537497731 ], [ 128.945632662037553, 37.541220482232347 ], [ 128.937259042056297, 37.537770706747388 ], [ 128.931975038115382, 37.53938406838018 ], [ 128.931407069379702, 37.542306779345317 ], [ 128.928058274992281, 37.543087508063088 ], [ 128.924763698415489, 37.547238482884957 ], [ 128.916215222041785, 37.548013830835153 ], [ 128.912920122650661, 37.552852981357312 ], [ 128.905739942606658, 37.55262020846228 ], [ 128.904170594586162, 37.563563542083429 ], [ 128.905729193253535, 37.567100028093179 ], [ 128.904065336151973, 37.571441169866858 ], [ 128.901017237706355, 37.571892162764371 ], [ 128.897762995645309, 37.586690599073847 ], [ 128.890246483998396, 37.588545621510896 ], [ 128.888789901444113, 37.592229494043139 ], [ 128.884346147362464, 37.593393707536258 ] ] ] ] } },
{ "type": "Feature", "properties": { "emd_cd": "51150360", "emd_nm": "사천면" }, "geometry": { "type": "MultiPolygon", "coordinates": [ [ [ [ 128.713892537545945, 37.76284182239872 ], [ 128.718954764618871, 37.766010819988999 ], [ 128.735044719187499, 37.781919547887853 ], [ 128.744770290529829, 37.78470227508042 ], [ 128.746015562936662, 37.787005737206144 ], [ 128.749179629238483, 37.786343381928063 ], [ 128.766102892996372, 37.791275702373881 ], [ 128.775351803859536, 37.797527202756832 ], [ 128.784692109874726, 37.798846935834696 ], [ 128.786899420470519, 37.809976209501379 ], [ 128.791608870585094, 37.816788983199885 ], [ 128.791480933868058, 37.82036827035089 ], [ 128.788595044213594, 37.82291906170618 ], [ 128.789293294069466, 37.824930985725103 ], [ 128.792069390803817, 37.825617431976269 ], [ 128.796182931060116, 37.829951890264233 ], [ 128.799899857836891, 37.830126257234404 ], [ 128.801489002526893, 37.835473257729511 ], [ 128.80445055469292, 37.837685839316045 ], [ 128.818117757714106, 37.843563586747351 ], [ 128.834802884743141, 37.842754771401687 ], [ 128.861220887879597, 37.850096064978224 ], [ 128.859659684865932, 37.851365697993273 ], [ 128.860680030851768, 37.853200354074694 ], [ 128.875757344926939, 37.841125589114235 ], [ 128.876374784492555, 37.840739200255605 ], [ 128.877482480944934, 37.841278282274473 ], [ 128.877866524788658, 37.841078477826031 ], [ 128.876591903244673, 37.838008697241982 ], [ 128.877969668288756, 37.838102750051661 ], [ 128.876697248473135, 37.837926975933208 ], [ 128.878863731362657, 37.836320926551267 ], [ 128.87923088219668, 37.834280148979822 ], [ 128.875878811976406, 37.837490290531825 ], [ 128.87558683733215, 37.834620650897719 ], [ 128.876846926655759, 37.834561673143448 ], [ 128.877560883516736, 37.834054454541409 ], [ 128.874381123865334, 37.833952320944682 ], [ 128.891135575258204, 37.818926938197642 ], [ 128.886508625742948, 37.812506221159452 ], [ 128.878542549228911, 37.811920222877625 ], [ 128.879270242496062, 37.810787241513516 ], [ 128.874121729950701, 37.804327152184904 ], [ 128.87094496241761, 37.803974699057918 ], [ 128.866995722243502, 37.806138270220075 ], [ 128.860974204142281, 37.8027911317986 ], [ 128.859550084770973, 37.806333363709562 ], [ 128.857317541522832, 37.806274756965095 ], [ 128.854991661000639, 37.803675659038774 ], [ 128.844437488828333, 37.800290461575578 ], [ 128.842912652756326, 37.795880975646831 ], [ 128.839303244143849, 37.793547691714899 ], [ 128.840552457422973, 37.790427159102968 ], [ 128.839471911875563, 37.787771908555506 ], [ 128.828003805257907, 37.788610060807919 ], [ 128.819814744874293, 37.783979884096183 ], [ 128.813936767589837, 37.766529328440832 ], [ 128.81010852633662, 37.765468340883636 ], [ 128.810432404457202, 37.764336353930481 ], [ 128.804911007724485, 37.763380410596469 ], [ 128.802009578025064, 37.766222316526282 ], [ 128.797414974177997, 37.764044961506492 ], [ 128.791058385008512, 37.770345091980907 ], [ 128.78548921800089, 37.768003041611919 ], [ 128.768016081675682, 37.768780377917246 ], [ 128.762391379321031, 37.765228691393013 ], [ 128.760110536666417, 37.76104541183404 ], [ 128.761017682070417, 37.755253099030305 ], [ 128.759288473210631, 37.752902065742042 ], [ 128.752768977415428, 37.750214261242093 ], [ 128.752164856815568, 37.746032507243221 ], [ 128.749490238585253, 37.742751650146296 ], [ 128.73966294120757, 37.74162729155529 ], [ 128.73188328964315, 37.747698985235168 ], [ 128.725362853402089, 37.74949585167213 ], [ 128.723133665926213, 37.751322940602648 ], [ 128.722363242349161, 37.75513388178527 ], [ 128.718055620526741, 37.756072596822321 ], [ 128.713892537545945, 37.76284182239872 ] ] ], [ [ [ 128.87698708850462, 37.831895998296737 ], [ 128.878867980615041, 37.832423440955523 ], [ 128.87891832422801, 37.83240365450267 ], [ 128.87698708850462, 37.831895998296737 ] ] ] ] } },
{ "type": "Feature", "properties": { "emd_cd": "51150370", "emd_nm": "연곡면" }, "geometry": { "type": "MultiPolygon", "coordinates": [ [ [ [ 128.580345474322996, 37.827993207970692 ], [ 128.582324455789063, 37.832405300361351 ], [ 128.581628109590952, 37.837689717682423 ], [ 128.583005047001961, 37.842131960873068 ], [ 128.586071866699427, 37.845227423797368 ], [ 128.584933782543288, 37.848139467376647 ], [ 128.587292248991247, 37.851985483441354 ], [ 128.587897522469461, 37.862043545572917 ], [ 128.591971449551011, 37.865597416743455 ], [ 128.597698261751134, 37.865958399758405 ], [ 128.60117511507471, 37.870708058494849 ], [ 128.620766004649312, 37.872351421176198 ], [ 128.623511433983168, 37.874955344654602 ], [ 128.624355769379633, 37.881645414751063 ], [ 128.634795740655505, 37.887616744110936 ], [ 128.638825658561359, 37.891789079926951 ], [ 128.637425455533617, 37.89199529694298 ], [ 128.642937909486164, 37.894885820160638 ], [ 128.647772622112484, 37.890928974959259 ], [ 128.659764734968689, 37.891772953821018 ], [ 128.664831413694316, 37.890503703217817 ], [ 128.667079363830283, 37.882039617244878 ], [ 128.661283190714272, 37.873209544017712 ], [ 128.663225261100308, 37.867412582416222 ], [ 128.678322059216526, 37.872146863757465 ], [ 128.694439596688142, 37.869993487333424 ], [ 128.700299590208857, 37.872757922030424 ], [ 128.709957290402713, 37.873670776380152 ], [ 128.7142355198757, 37.870734536831314 ], [ 128.725321812835006, 37.871688925206598 ], [ 128.73068819555877, 37.866523544504432 ], [ 128.739317106497339, 37.869083034854206 ], [ 128.744558615809893, 37.867912818082026 ], [ 128.749648065702218, 37.869314984698029 ], [ 128.755680988862736, 37.866719611424308 ], [ 128.765071475130924, 37.86931535445477 ], [ 128.766231031329937, 37.866855937382702 ], [ 128.770949291348671, 37.86440292661144 ], [ 128.774602215739776, 37.864420356967635 ], [ 128.781411642393522, 37.858379843520567 ], [ 128.787478680406622, 37.858360017683168 ], [ 128.790186486137657, 37.861232798073395 ], [ 128.792817823672664, 37.860818418014951 ], [ 128.794797095574239, 37.862702194216659 ], [ 128.801139777840433, 37.86451718755341 ], [ 128.804771406150337, 37.863761889736161 ], [ 128.813348039686048, 37.866907646357646 ], [ 128.815605951356162, 37.863476193305871 ], [ 128.821158175887916, 37.865511165456198 ], [ 128.824678077460931, 37.862890365874769 ], [ 128.826849997261434, 37.86493969319433 ], [ 128.826946575266135, 37.8643313039411 ], [ 128.827467468061286, 37.863964787905495 ], [ 128.826833865951357, 37.865172986280186 ], [ 128.833630590114211, 37.870780101601319 ], [ 128.836286471720655, 37.870523775093808 ], [ 128.829880000872095, 37.87496142992822 ], [ 128.836462506280128, 37.876642538004226 ], [ 128.845058551794295, 37.869155120125413 ], [ 128.848440979929336, 37.868311383694575 ], [ 128.849546924428978, 37.867331447222035 ], [ 128.850233669995873, 37.865972007904617 ], [ 128.848584080977133, 37.867555535117688 ], [ 128.849317982553771, 37.866330700171851 ], [ 128.846848016686295, 37.865717480308106 ], [ 128.847327073844212, 37.86240829762081 ], [ 128.850616767436634, 37.861882426857953 ], [ 128.860680030851768, 37.853200354074694 ], [ 128.859659684865932, 37.851365697993273 ], [ 128.861220887879597, 37.850096064978224 ], [ 128.834802884743141, 37.842754771401687 ], [ 128.818117757714106, 37.843563586747351 ], [ 128.806981977836614, 37.839254694030849 ], [ 128.801489002526893, 37.835473257729511 ], [ 128.799899857836891, 37.830126257234404 ], [ 128.796182931060116, 37.829951890264233 ], [ 128.788697964056979, 37.82411166158564 ], [ 128.791480933868058, 37.82036827035089 ], [ 128.791608870585094, 37.816788983199885 ], [ 128.786899420470519, 37.809976209501379 ], [ 128.784692109874726, 37.798846935834696 ], [ 128.775351803859536, 37.797527202756832 ], [ 128.766102892996372, 37.791275702373881 ], [ 128.749179629238483, 37.786343381928063 ], [ 128.746015562936662, 37.787005737206144 ], [ 128.744770290529829, 37.78470227508042 ], [ 128.735044719187499, 37.781919547887853 ], [ 128.718954764618871, 37.766010819988999 ], [ 128.713580413370579, 37.762525590423429 ], [ 128.710098132077121, 37.763726870912876 ], [ 128.711532393721853, 37.765045966532981 ], [ 128.708900022878737, 37.768049795420559 ], [ 128.704072113759963, 37.768378224692754 ], [ 128.698371819284461, 37.771333723697659 ], [ 128.696756477225762, 37.769838909823065 ], [ 128.695968969122674, 37.770824091655747 ], [ 128.69097226081945, 37.769720541829493 ], [ 128.684853291463668, 37.773051285300021 ], [ 128.67926269401292, 37.772904797632393 ], [ 128.670847323503722, 37.766876543746903 ], [ 128.667375241157202, 37.769794986966623 ], [ 128.655695061775361, 37.77142515312584 ], [ 128.643331816782592, 37.777185791956761 ], [ 128.639472124903705, 37.780205988555231 ], [ 128.638983815232621, 37.782436441697797 ], [ 128.633864213524447, 37.780271043955238 ], [ 128.63047090438647, 37.772945865706497 ], [ 128.627061284766995, 37.772736889070927 ], [ 128.623624840959792, 37.769586333144794 ], [ 128.614025705042849, 37.770539046393502 ], [ 128.610400988983486, 37.76620639046601 ], [ 128.602444530813585, 37.769348222779698 ], [ 128.598792793800584, 37.774501327155548 ], [ 128.601410217193006, 37.781333263322118 ], [ 128.599786091820476, 37.791610223205481 ], [ 128.601586865619964, 37.793768968544818 ], [ 128.600939090432121, 37.801738933228087 ], [ 128.598149297952773, 37.804377865903014 ], [ 128.599963798530041, 37.808816046672497 ], [ 128.5919184049705, 37.816037905855474 ], [ 128.584836166446649, 37.819171589428912 ], [ 128.581704707240505, 37.822832601165665 ], [ 128.580345474322996, 37.827993207970692 ] ] ] ] } },
{ "type": "Feature", "properties": { "emd_cd": "51170101", "emd_nm": "천곡동" }, "geometry": { "type": "MultiPolygon", "coordinates": [ [ [ [ 129.125861018795263, 37.516367567201662 ], [ 129.117186657037905, 37.510776277495744 ], [ 129.110810444869003, 37.512733557404729 ], [ 129.109107212059058, 37.511065257476659 ], [ 129.105944017006266, 37.513795054330494 ], [ 129.08842026332826, 37.512162438278629 ], [ 129.072653403206175, 37.516061625396652 ], [ 129.069973255163916, 37.521061595387444 ], [ 129.081663454280772, 37.52944150108975 ], [ 129.08481490193526, 37.527526490414381 ], [ 129.089690238721346, 37.529523610953127 ], [ 129.099164512463744, 37.527893953412452 ], [ 129.101301594333449, 37.528951746339196 ], [ 129.104140276710382, 37.526793791900737 ], [ 129.110343984259373, 37.529603235303028 ], [ 129.118922449058857, 37.526512410460072 ], [ 129.120186788989884, 37.529598919139886 ], [ 129.125668671500051, 37.525286168675613 ], [ 129.12452114567364, 37.525706187802776 ], [ 129.121633828031065, 37.520661953589105 ], [ 129.125861018795263, 37.516367567201662 ] ] ] ] } },
{ "type": "Feature", "properties": { "emd_cd": "51170102", "emd_nm": "평릉동" }, "geometry": { "type": "MultiPolygon", "coordinates": [ [ [ [ 129.079463061398599, 37.528889609585121 ], [ 129.082963550435494, 37.536759604344198 ], [ 129.086462490207197, 37.537067784323526 ], [ 129.090121761028541, 37.534926037564759 ], [ 129.099829878374862, 37.536443972466927 ], [ 129.103423866254246, 37.534555299437905 ], [ 129.10940953231605, 37.534423609908664 ], [ 129.114678375357329, 37.536164102403518 ], [ 129.116423484819705, 37.532866122642268 ], [ 129.120319374100859, 37.530764312270307 ], [ 129.118922449058857, 37.526512410460072 ], [ 129.110343984259373, 37.529603235303028 ], [ 129.104140276710382, 37.526793791900737 ], [ 129.101301594333449, 37.528951746339196 ], [ 129.099164512463744, 37.527893953412452 ], [ 129.094285927537413, 37.529485618875569 ], [ 129.087144023026895, 37.529065589433614 ], [ 129.08481490193526, 37.527526490414381 ], [ 129.082615741967828, 37.529410352427639 ], [ 129.079463061398599, 37.528889609585121 ] ] ] ] } },
{ "type": "Feature", "properties": { "emd_cd": "51170103", "emd_nm": "송정동" }, "geometry": { "type": "MultiPolygon", "coordinates": [ [ [ [ 129.113914497139035, 37.492049839982975 ], [ 129.115545858406932, 37.497303313950773 ], [ 129.117268827752071, 37.497193293320343 ], [ 129.123893073523107, 37.502885463811964 ], [ 129.127490492634024, 37.50276850830695 ], [ 129.133467853851869, 37.506711040834261 ], [ 129.135705730130923, 37.504727108245937 ], [ 129.142597489916085, 37.503100228675464 ], [ 129.158660352989301, 37.506270866510057 ], [ 129.168003722413943, 37.503338520371756 ], [ 129.165941406492976, 37.500225350859779 ], [ 129.156444979579533, 37.502830223098734 ], [ 129.146520758964925, 37.497153436358573 ], [ 129.134750383213429, 37.503814901584974 ], [ 129.131199524612668, 37.501423097427434 ], [ 129.133460356283763, 37.49841377136871 ], [ 129.137536614628345, 37.500405483340018 ], [ 129.134272259466798, 37.498598945235827 ], [ 129.13620886663324, 37.496438472507279 ], [ 129.124425368285614, 37.490684539531181 ], [ 129.126784805918646, 37.48760913570554 ], [ 129.142170359529075, 37.49490606162361 ], [ 129.14374722519716, 37.494432743849949 ], [ 129.144498083043004, 37.496280012961755 ], [ 129.143785300291455, 37.494260345769661 ], [ 129.137206652105874, 37.488690000580824 ], [ 129.121148972953335, 37.483933926507575 ], [ 129.116023260714258, 37.483096829481291 ], [ 129.117406905874219, 37.484977970160806 ], [ 129.115134988501552, 37.484379920340615 ], [ 129.115893026765292, 37.488513964629028 ], [ 129.113914497139035, 37.492049839982975 ] ] ] ] } },
{ "type": "Feature", "properties": { "emd_cd": "51170104", "emd_nm": "용정동" }, "geometry": { "type": "MultiPolygon", "coordinates": [ [ [ [ 129.108814081804553, 37.507488932432054 ], [ 129.110810444869003, 37.512733557404729 ], [ 129.11771334814361, 37.510867941672259 ], [ 129.125861018795263, 37.516367567201662 ], [ 129.133467853851869, 37.506711040834261 ], [ 129.127490492634024, 37.50276850830695 ], [ 129.123893073523107, 37.502885463811964 ], [ 129.115594184928028, 37.497195363594635 ], [ 129.111202612612459, 37.503201356634051 ], [ 129.106678465334596, 37.506332457474748 ], [ 129.108814081804553, 37.507488932432054 ] ] ], [ [ [ 129.127972633333883, 37.514444427792213 ], [ 129.128129332430632, 37.514642812607178 ], [ 129.128196736763471, 37.514456360150525 ], [ 129.127972633333883, 37.514444427792213 ] ] ] ] } },
{ "type": "Feature", "properties": { "emd_cd": "51170105", "emd_nm": "지흥동" }, "geometry": { "type": "MultiPolygon", "coordinates": [ [ [ [ 129.106678465334596, 37.506332457474748 ], [ 129.102095475050703, 37.505313814962285 ], [ 129.106220722479293, 37.499877064094996 ], [ 129.10616936329447, 37.497149937524227 ], [ 129.103250214619493, 37.496843155900045 ], [ 129.105130892202965, 37.494027266416666 ], [ 129.101915512101101, 37.493797268967072 ], [ 129.096622982955893, 37.49559441250198 ], [ 129.090449388148812, 37.500391114894313 ], [ 129.074461180922384, 37.500687459163842 ], [ 129.071180126706821, 37.503619416178225 ], [ 129.070408241079974, 37.510641375637228 ], [ 129.072653403206175, 37.516061625396652 ], [ 129.08842026332826, 37.512162438278629 ], [ 129.106908210540894, 37.51368408721715 ], [ 129.109403188873614, 37.508897790910979 ], [ 129.106678465334596, 37.506332457474748 ] ] ] ] } },
{ "type": "Feature", "properties": { "emd_cd": "51170106", "emd_nm": "효가동" }, "geometry": { "type": "MultiPolygon", "coordinates": [ [ [ [ 129.110023925211607, 37.490402925054902 ], [ 129.103250214619493, 37.496843155900045 ], [ 129.10616936329447, 37.497149937524227 ], [ 129.106220722479293, 37.499877064094996 ], [ 129.102095475050703, 37.505313814962285 ], [ 129.106678465334596, 37.506332457474748 ], [ 129.111202612612459, 37.503201356634051 ], [ 129.114315920755871, 37.499660283562129 ], [ 129.113886096959902, 37.498340756220472 ], [ 129.115553895505002, 37.498201134141269 ], [ 129.114603258720138, 37.496047505616914 ], [ 129.115816900214668, 37.495040299408771 ], [ 129.113914497139035, 37.492049839982975 ], [ 129.114822412672055, 37.489563977297969 ], [ 129.110023925211607, 37.490402925054902 ] ] ] ] } },
{ "type": "Feature", "properties": { "emd_cd": "51170107", "emd_nm": "동회동" }, "geometry": { "type": "MultiPolygon", "coordinates": [ [ [ [ 129.085694465964139, 37.498828715447871 ], [ 129.087660926429578, 37.50073046096086 ], [ 129.090449388148812, 37.500391114894313 ], [ 129.096622982955893, 37.49559441250198 ], [ 129.103984779552121, 37.493552402693922 ], [ 129.10539352157312, 37.494665376341473 ], [ 129.110023925211607, 37.490402925054902 ], [ 129.114649320161305, 37.489121346328893 ], [ 129.108212193635865, 37.486205604044308 ], [ 129.103417884041505, 37.486287502145089 ], [ 129.103130976433079, 37.4877505246818 ], [ 129.106681467643966, 37.489117299908941 ], [ 129.097880780817633, 37.489826126029044 ], [ 129.094250962308507, 37.494433818763312 ], [ 129.088359120602973, 37.494899635187515 ], [ 129.085694465964139, 37.498828715447871 ] ] ] ] } },
{ "type": "Feature", "properties": { "emd_cd": "51170108", "emd_nm": "나안동" }, "geometry": { "type": "MultiPolygon", "coordinates": [ [ [ [ 129.108280930314805, 37.482393097895738 ], [ 129.110385746149746, 37.487765416839743 ], [ 129.114668924269694, 37.48936700343986 ], [ 129.115893026765292, 37.488513964629028 ], [ 129.115134988501552, 37.484379920340615 ], [ 129.117406905874219, 37.484977970160806 ], [ 129.115818651997984, 37.482919917667871 ], [ 129.108280930314805, 37.482393097895738 ] ] ] ] } },
{ "type": "Feature", "properties": { "emd_cd": "51170109", "emd_nm": "쇄운동" }, "geometry": { "type": "MultiPolygon", "coordinates": [ [ [ [ 129.047105896864423, 37.460357650232943 ], [ 129.053992795460175, 37.473755208481684 ], [ 129.058501552367261, 37.476379896428007 ], [ 129.063818563366112, 37.476837084922259 ], [ 129.067642139150848, 37.479830733319595 ], [ 129.070914300857794, 37.479748748895311 ], [ 129.072081072937152, 37.481467774149294 ], [ 129.074086284424709, 37.480390222374744 ], [ 129.078134571285375, 37.492479899324657 ], [ 129.075954370552779, 37.500023500470057 ], [ 129.0860467678568, 37.49964315662595 ], [ 129.088359120602973, 37.494899635187515 ], [ 129.094250962308507, 37.494433818763312 ], [ 129.099115984590213, 37.489322750179255 ], [ 129.106681467643966, 37.489117299908941 ], [ 129.103001536594945, 37.486599156410016 ], [ 129.10966536375318, 37.485710065712425 ], [ 129.108280930314805, 37.482393097895738 ], [ 129.095716820795531, 37.482472275853553 ], [ 129.085829916070509, 37.478197009373169 ], [ 129.082407219642988, 37.478179300442768 ], [ 129.081413594165809, 37.477350999806404 ], [ 129.082511990810588, 37.47408490881606 ], [ 129.080441070756933, 37.471024060168446 ], [ 129.064901047258331, 37.465219911279704 ], [ 129.064594265802413, 37.459930301010111 ], [ 129.055220051547423, 37.458936536634468 ], [ 129.050630747448338, 37.456044014834553 ], [ 129.048200795471956, 37.456952655135318 ], [ 129.047105896864423, 37.460357650232943 ] ] ] ] } },
{ "type": "Feature", "properties": { "emd_cd": "51170110", "emd_nm": "부곡동" }, "geometry": { "type": "MultiPolygon", "coordinates": [ [ [ [ 129.059987240336255, 37.535322649059964 ], [ 129.060913367207064, 37.538664035901895 ], [ 129.071996233220688, 37.543810739889551 ], [ 129.07320377359045, 37.545733406878966 ], [ 129.081196903680336, 37.544054015458315 ], [ 129.084312133901705, 37.54565826107973 ], [ 129.087880664759325, 37.542784404483584 ], [ 129.092881819556908, 37.542295024433145 ], [ 129.099543627860243, 37.539152173169775 ], [ 129.11125569908063, 37.541607997428336 ], [ 129.115489318579876, 37.540186194455131 ], [ 129.11548276417588, 37.536310371118553 ], [ 129.114177265305699, 37.537248422567792 ], [ 129.114478948089726, 37.536088537768613 ], [ 129.10940953231605, 37.534423609908664 ], [ 129.103423866254246, 37.534555299437905 ], [ 129.099829878374862, 37.536443972466927 ], [ 129.090121761028541, 37.534926037564759 ], [ 129.087841411634344, 37.536825876871276 ], [ 129.082963550435494, 37.536759604344198 ], [ 129.07926710285227, 37.528331752552752 ], [ 129.070242331835743, 37.521958551957212 ], [ 129.059987240336255, 37.535322649059964 ] ] ] ] } },
{ "type": "Feature", "properties": { "emd_cd": "51170111", "emd_nm": "발한동" }, "geometry": { "type": "MultiPolygon", "coordinates": [ [ [ [ 129.073203773585249, 37.545733406879073 ], [ 129.076126950646113, 37.552744303941523 ], [ 129.091625709713497, 37.564544720768687 ], [ 129.104490521282003, 37.563725988204425 ], [ 129.106304641502788, 37.562151525839148 ], [ 129.107005380287603, 37.557536616847003 ], [ 129.112824903762856, 37.550198912051641 ], [ 129.1121263055513, 37.5494563225391 ], [ 129.111689479465412, 37.548561658764712 ], [ 129.112616344436219, 37.548820717534014 ], [ 129.114229055788456, 37.548384199589329 ], [ 129.111535807778637, 37.54743133665621 ], [ 129.112460733478628, 37.544421274940376 ], [ 129.115266535603155, 37.543394627998929 ], [ 129.113780335295928, 37.542973115196531 ], [ 129.113790489688824, 37.540500763501349 ], [ 129.116717636825427, 37.540636292050181 ], [ 129.112405934916694, 37.5401900667365 ], [ 129.111255699075087, 37.541607997428414 ], [ 129.0995436278547, 37.539152173169882 ], [ 129.092881819551479, 37.542295024433251 ], [ 129.087880664753897, 37.542784404483676 ], [ 129.08431213389639, 37.545658261079929 ], [ 129.081196903675163, 37.544054015458499 ], [ 129.073203773585249, 37.545733406879073 ] ] ] ] } },
{ "type": "Feature", "properties": { "emd_cd": "51170112", "emd_nm": "북평동" }, "geometry": { "type": "MultiPolygon", "coordinates": [ [ [ [ 129.113291284595874, 37.482470555052238 ], [ 129.125405824261748, 37.485786512905726 ], [ 129.127252298732344, 37.482699794852508 ], [ 129.122729209484305, 37.480743022064914 ], [ 129.12224423367789, 37.478005201561921 ], [ 129.118808088406553, 37.479588596760522 ], [ 129.118918059977943, 37.47854789295728 ], [ 129.118328647147564, 37.478406965629212 ], [ 129.113291284595874, 37.482470555052238 ] ] ] ] } },
{ "type": "Feature", "properties": { "emd_cd": "51170113", "emd_nm": "구미동" }, "geometry": { "type": "MultiPolygon", "coordinates": [ [ [ [ 129.125405824261748, 37.485786512905726 ], [ 129.134742515543479, 37.487671484225082 ], [ 129.142227346703692, 37.491864839798943 ], [ 129.146057924240267, 37.490151009417815 ], [ 129.131850500216046, 37.48215937431528 ], [ 129.135285581321995, 37.477866585747378 ], [ 129.132183817212052, 37.476645954292238 ], [ 129.132621098415513, 37.475604721810129 ], [ 129.126231467434167, 37.477141450347844 ], [ 129.127246418155664, 37.479864708536191 ], [ 129.124292637616492, 37.481512854881856 ], [ 129.127252298732344, 37.482699794852508 ], [ 129.125405824261748, 37.485786512905726 ] ] ] ] } },
{ "type": "Feature", "properties": { "emd_cd": "51170114", "emd_nm": "추암동" }, "geometry": { "type": "MultiPolygon", "coordinates": [ [ [ [ 129.142221813870378, 37.470076244062817 ], [ 129.155682867991487, 37.479659777294316 ], [ 129.152340401347089, 37.482688302860971 ], [ 129.153225886767643, 37.483354631137466 ], [ 129.155336121822785, 37.483638124052575 ], [ 129.158519036767984, 37.479581611302429 ], [ 129.160695607332457, 37.479076210624612 ], [ 129.158363828104569, 37.47860654590319 ], [ 129.160368099119637, 37.475874552765177 ], [ 129.158173775532276, 37.476383548117688 ], [ 129.155172278928092, 37.474194430824454 ], [ 129.150809141118941, 37.465694425133762 ], [ 129.148363749816554, 37.465165923539026 ], [ 129.14840060724967, 37.467174918473937 ], [ 129.144031453776108, 37.46773778217829 ], [ 129.142221813870378, 37.470076244062817 ] ] ], [ [ [ 129.160873569900247, 37.478389010834867 ], [ 129.161189762078237, 37.478956116132615 ], [ 129.161389269333881, 37.478821371844724 ], [ 129.160873569900247, 37.478389010834867 ] ] ] ] } },
{ "type": "Feature", "properties": { "emd_cd": "51170115", "emd_nm": "구호동" }, "geometry": { "type": "MultiPolygon", "coordinates": [ [ [ [ 129.131850500216046, 37.48215937431528 ], [ 129.145793460473243, 37.489336179538888 ], [ 129.145575634359432, 37.490983401897111 ], [ 129.157360339981551, 37.499966501857195 ], [ 129.166940756961253, 37.491096067214848 ], [ 129.157119986580653, 37.481935454677895 ], [ 129.155336121829009, 37.483638124052462 ], [ 129.152340401353342, 37.482688302860851 ], [ 129.155682867997712, 37.479659777294223 ], [ 129.141871396485584, 37.469825785342344 ], [ 129.13358921201467, 37.473898135502125 ], [ 129.132183817212052, 37.476645954292238 ], [ 129.135285581321995, 37.477866585747378 ], [ 129.131850500216046, 37.48215937431528 ] ] ] ] } },
{ "type": "Feature", "properties": { "emd_cd": "51170116", "emd_nm": "단봉동" }, "geometry": { "type": "MultiPolygon", "coordinates": [ [ [ [ 129.122729209484305, 37.480743022064914 ], [ 129.127246418155664, 37.479864708536191 ], [ 129.126231467434167, 37.477141450347844 ], [ 129.129190267951628, 37.476609942758635 ], [ 129.124109775489984, 37.471270185013424 ], [ 129.127007499264579, 37.46764959554416 ], [ 129.117339317179642, 37.465681194326052 ], [ 129.116517346390168, 37.463615002493228 ], [ 129.117894460742093, 37.460507457992485 ], [ 129.114643282271743, 37.459708656876948 ], [ 129.112565357093303, 37.45709769344262 ], [ 129.108172541466246, 37.455706567535401 ], [ 129.104842216613378, 37.457337039767069 ], [ 129.104117788832383, 37.459697071090105 ], [ 129.107580606878912, 37.460641889891392 ], [ 129.107399188520731, 37.463010578587465 ], [ 129.112021756411025, 37.46516349620336 ], [ 129.110550559421938, 37.469470833706986 ], [ 129.114866742373977, 37.472635295963279 ], [ 129.11329060603353, 37.476162061837137 ], [ 129.118808088406553, 37.479588596760522 ], [ 129.122612944929813, 37.478098186168616 ], [ 129.122729209484305, 37.480743022064914 ] ] ] ] } },
{ "type": "Feature", "properties": { "emd_cd": "51170117", "emd_nm": "지가동" }, "geometry": { "type": "MultiPolygon", "coordinates": [ [ [ [ 129.112977669778502, 37.475746886987032 ], [ 129.114866742368179, 37.47263529596345 ], [ 129.110550559416168, 37.469470833707092 ], [ 129.111827352652057, 37.464737583761043 ], [ 129.107399188515217, 37.463010578587635 ], [ 129.107340754162635, 37.460478482341266 ], [ 129.10252967920735, 37.458530564736549 ], [ 129.098665262451988, 37.460634354342368 ], [ 129.09851660718283, 37.467381911990493 ], [ 129.10002288442513, 37.471182821696992 ], [ 129.106064065300558, 37.473783450764778 ], [ 129.106936540908094, 37.476001909251451 ], [ 129.112977669778502, 37.475746886987032 ] ] ] ] } },
{ "type": "Feature", "properties": { "emd_cd": "51170118", "emd_nm": "이도동" }, "geometry": { "type": "MultiPolygon", "coordinates": [ [ [ [ 129.118290319060264, 37.478441989434359 ], [ 129.113030431725974, 37.475754820095453 ], [ 129.106936540913665, 37.476001909251352 ], [ 129.106397121637542, 37.474051852821347 ], [ 129.101278411414341, 37.471046906272576 ], [ 129.098897490362873, 37.474063433497655 ], [ 129.100458060142103, 37.478281686951782 ], [ 129.097012002559438, 37.477582280524459 ], [ 129.092927006597421, 37.481135019185118 ], [ 129.095716820795531, 37.482472275853553 ], [ 129.113291284595874, 37.482470555052238 ], [ 129.118290319060264, 37.478441989434359 ] ] ] ] } },
{ "type": "Feature", "properties": { "emd_cd": "51170119", "emd_nm": "귀운동" }, "geometry": { "type": "MultiPolygon", "coordinates": [ [ [ [ 129.100317107392897, 37.471199902385926 ], [ 129.098328189794785, 37.4627328736603 ], [ 129.095845842106087, 37.463431204605726 ], [ 129.088077117515496, 37.46052901144585 ], [ 129.083298112034896, 37.460423411224632 ], [ 129.077650626771543, 37.456570392873104 ], [ 129.074055246278647, 37.456283557276016 ], [ 129.064299462538941, 37.46130643750832 ], [ 129.064901047253215, 37.465219911279782 ], [ 129.078609521371874, 37.469875489041939 ], [ 129.082511990805273, 37.474084908816167 ], [ 129.081413594160523, 37.477350999806568 ], [ 129.089840919242135, 37.48079558897448 ], [ 129.095120841995879, 37.480293135202409 ], [ 129.097012002553925, 37.47758228052458 ], [ 129.10045806013656, 37.478281686951981 ], [ 129.098897490357473, 37.474063433497754 ], [ 129.100317107392897, 37.471199902385926 ] ] ] ] } },
{ "type": "Feature", "properties": { "emd_cd": "51170120", "emd_nm": "대구동" }, "geometry": { "type": "MultiPolygon", "coordinates": [ [ [ [ 129.148363749816554, 37.465165923539026 ], [ 129.141764024461111, 37.466501587294893 ], [ 129.138122745761621, 37.462257688696788 ], [ 129.131865149596678, 37.466793312276778 ], [ 129.131645777489155, 37.468822912208189 ], [ 129.127730790285, 37.467282513109915 ], [ 129.124109775484101, 37.47127018501353 ], [ 129.129160268096825, 37.476652502489678 ], [ 129.132151636112127, 37.476317691557703 ], [ 129.133892685627075, 37.473605420475749 ], [ 129.139419392902482, 37.471989278138004 ], [ 129.144031453776108, 37.46773778217829 ], [ 129.14840060724967, 37.467174918473937 ], [ 129.148363749816554, 37.465165923539026 ] ] ] ] } },
{ "type": "Feature", "properties": { "emd_cd": "51170121", "emd_nm": "호현동" }, "geometry": { "type": "MultiPolygon", "coordinates": [ [ [ [ 129.116517346384398, 37.46361500249342 ], [ 129.118066135025799, 37.466002273496152 ], [ 129.131645777489155, 37.468822912208189 ], [ 129.131638531996202, 37.467036022201306 ], [ 129.135387684618166, 37.463991305855942 ], [ 129.122941990268629, 37.462377137141694 ], [ 129.119816942987057, 37.459790971116661 ], [ 129.116517346384398, 37.46361500249342 ] ] ] ] } },
{ "type": "Feature", "properties": { "emd_cd": "51170122", "emd_nm": "내동" }, "geometry": { "type": "MultiPolygon", "coordinates": [ [ [ [ 129.119816942987057, 37.459790971116661 ], [ 129.121086704273864, 37.461716672964968 ], [ 129.127875993036497, 37.463637254858121 ], [ 129.131627872198635, 37.462593388527978 ], [ 129.136266557928508, 37.463951491791278 ], [ 129.138122745761621, 37.462257688696788 ], [ 129.134783203444726, 37.453177717763445 ], [ 129.131085297327274, 37.454326863894359 ], [ 129.130446699583302, 37.456031598595978 ], [ 129.123167219444923, 37.456977054907391 ], [ 129.119816942987057, 37.459790971116661 ] ] ] ] } },
{ "type": "Feature", "properties": { "emd_cd": "51170123", "emd_nm": "묵호진동" }, "geometry": { "type": "MultiPolygon", "coordinates": [ [ [ [ 129.120163660313835, 37.559716805735498 ], [ 129.121771231226859, 37.558230690405153 ], [ 129.121264641099145, 37.555811631775896 ], [ 129.117538486862713, 37.549547048954459 ], [ 129.117889804014283, 37.543803573504647 ], [ 129.120338874151827, 37.539384054250242 ], [ 129.117818335338882, 37.543672405355963 ], [ 129.117648882004943, 37.545165300070394 ], [ 129.117240436565936, 37.54515442959336 ], [ 129.117118063109785, 37.5517171384611 ], [ 129.113913357234253, 37.551678101724569 ], [ 129.113795370096227, 37.550109119572014 ], [ 129.111492911431867, 37.550992086356565 ], [ 129.106538089934332, 37.559029055158639 ], [ 129.109802092317551, 37.561130918743977 ], [ 129.112215383331602, 37.559270866904512 ], [ 129.114631178008381, 37.560322195142085 ], [ 129.115151262069077, 37.558831503444701 ], [ 129.120163660313835, 37.559716805735498 ] ] ] ] } },
{ "type": "Feature", "properties": { "emd_cd": "51170124", "emd_nm": "삼화동" }, "geometry": { "type": "MultiPolygon", "coordinates": [ [ [ [ 128.957613504962438, 37.446732163434071 ], [ 128.964338000479216, 37.454747567480624 ], [ 128.965389959260392, 37.460416681255595 ], [ 128.97377536616824, 37.463385949103767 ], [ 128.97736584543938, 37.468621818439068 ], [ 128.990638017932895, 37.470793800685563 ], [ 128.991767405098301, 37.472258300994611 ], [ 128.990545809146255, 37.474182908863796 ], [ 128.996438745145468, 37.482595991196007 ], [ 129.002841585708353, 37.48098044279989 ], [ 129.009000578678837, 37.482197143394956 ], [ 129.019414699966262, 37.478666005478772 ], [ 129.024235189644742, 37.479236160721761 ], [ 129.030489311117748, 37.485227701535159 ], [ 129.034580562033852, 37.483471295750483 ], [ 129.041464653897464, 37.484436728203328 ], [ 129.048512980963977, 37.489100233051055 ], [ 129.051846140594876, 37.489220081107021 ], [ 129.052923318197543, 37.487739650778252 ], [ 129.057146539441362, 37.487907369595433 ], [ 129.057774247612628, 37.483544845887479 ], [ 129.061799981529191, 37.484882245111564 ], [ 129.065313367791305, 37.478307354813296 ], [ 129.063818563361025, 37.476837084922323 ], [ 129.058501552362316, 37.476379896428178 ], [ 129.052312252435598, 37.472354386559296 ], [ 129.047105896859563, 37.460357650233099 ], [ 129.048200795467125, 37.456952655135488 ], [ 129.037219630230879, 37.452800166323186 ], [ 129.035559717715529, 37.449535082177462 ], [ 129.010202990530018, 37.435928635837882 ], [ 129.004737957418513, 37.42667387914252 ], [ 128.999530226074711, 37.429739693808472 ], [ 128.984628879644248, 37.433926461385376 ], [ 128.975894550533155, 37.433015600594111 ], [ 128.972735851267828, 37.434482501329015 ], [ 128.970834213256808, 37.438667481310837 ], [ 128.95912537072445, 37.443922471790515 ], [ 128.957613504962438, 37.446732163434071 ] ] ] ] } },
{ "type": "Feature", "properties": { "emd_cd": "51170125", "emd_nm": "이기동" }, "geometry": { "type": "MultiPolygon", "coordinates": [ [ [ [ 128.984712973163312, 37.470414738785351 ], [ 128.988098309391091, 37.479322194221091 ], [ 128.985704389943578, 37.482769971345469 ], [ 128.989565201168318, 37.483774375744524 ], [ 128.986534085308421, 37.492529258632281 ], [ 128.988771086251944, 37.494927885504126 ], [ 129.001373759212925, 37.492728375394094 ], [ 129.002257154377901, 37.487818683316192 ], [ 129.00983483407893, 37.491019623397975 ], [ 129.016342087873397, 37.491470018450016 ], [ 129.027503133318447, 37.48842694242137 ], [ 129.030284683044897, 37.486170857068309 ], [ 129.026388798844494, 37.481861554860131 ], [ 129.026766684911962, 37.48028416182111 ], [ 129.019414699966262, 37.478666005478772 ], [ 129.009000578678837, 37.482197143394892 ], [ 129.002841585708296, 37.480980442799925 ], [ 128.996438745145468, 37.482595991196007 ], [ 128.990545809146255, 37.474182908863796 ], [ 128.991767405098301, 37.472258300994561 ], [ 128.990638017932866, 37.47079380068552 ], [ 128.984712973163312, 37.470414738785351 ] ] ] ] } },
{ "type": "Feature", "properties": { "emd_cd": "51170126", "emd_nm": "이로동" }, "geometry": { "type": "MultiPolygon", "coordinates": [ [ [ [ 129.034580562033909, 37.483471295750483 ], [ 129.027503133318447, 37.48842694242137 ], [ 129.020864784400004, 37.490103032692758 ], [ 129.02688714321701, 37.49662003772481 ], [ 129.027481520048724, 37.499814799907007 ], [ 129.037097983555327, 37.50554365000756 ], [ 129.039840725836996, 37.510921715739521 ], [ 129.041441882817622, 37.51105818224265 ], [ 129.042256320525127, 37.508517026775678 ], [ 129.048564921205497, 37.507012394536382 ], [ 129.063022624495915, 37.517691736651898 ], [ 129.070409839269985, 37.520994956181582 ], [ 129.072653403201031, 37.516061625396738 ], [ 129.070408241074887, 37.510641375637313 ], [ 129.071180126701705, 37.503619416178317 ], [ 129.075954370547606, 37.500023500470213 ], [ 129.078049378670499, 37.495815953073624 ], [ 129.077983326137229, 37.491022646792487 ], [ 129.074086284419565, 37.48039022237483 ], [ 129.072081072932008, 37.48146777414938 ], [ 129.070914300852735, 37.479748748895446 ], [ 129.065313367791248, 37.478307354813268 ], [ 129.061799981529191, 37.484882245111528 ], [ 129.057774247612713, 37.483544845887508 ], [ 129.057146539441362, 37.487907369595433 ], [ 129.0529233181976, 37.487739650778309 ], [ 129.051846140594876, 37.489220081107042 ], [ 129.04851298096392, 37.489100233051033 ], [ 129.041464653897407, 37.484436728203349 ], [ 129.034580562033909, 37.483471295750483 ] ] ] ] } },
{ "type": "Feature", "properties": { "emd_cd": "51170127", "emd_nm": "어달동" }, "geometry": { "type": "MultiPolygon", "coordinates": [ [ [ [ 129.106881700186563, 37.568233788413131 ], [ 129.116801000571655, 37.572953411216126 ], [ 129.116747336042067, 37.569222489552267 ], [ 129.119965340585253, 37.566211309450082 ], [ 129.119428092698712, 37.564022362610977 ], [ 129.122438095891226, 37.560601243721557 ], [ 129.120344960870511, 37.562474624955449 ], [ 129.121728021718695, 37.560225463117725 ], [ 129.116256669516446, 37.558699836015137 ], [ 129.114310678600731, 37.560414492782584 ], [ 129.112215383331602, 37.559270866904512 ], [ 129.11040529592097, 37.561017704289533 ], [ 129.106743086189994, 37.56034704808269 ], [ 129.104917388288726, 37.563644841478578 ], [ 129.106881700186563, 37.568233788413131 ] ] ] ] } },
{ "type": "Feature", "properties": { "emd_cd": "51170128", "emd_nm": "대진동" }, "geometry": { "type": "MultiPolygon", "coordinates": [ [ [ [ 129.105859033352516, 37.572671929100942 ], [ 129.107614385666039, 37.578899954780489 ], [ 129.11203049654182, 37.582380280757597 ], [ 129.112651551271085, 37.582586528223707 ], [ 129.114014864701318, 37.582531105750093 ], [ 129.11493546790615, 37.582036250086695 ], [ 129.111447198466607, 37.581594246049377 ], [ 129.113674508439772, 37.580068744783119 ], [ 129.113365171756953, 37.58172471843482 ], [ 129.113848459524945, 37.581518591383222 ], [ 129.116823723875086, 37.572956182089278 ], [ 129.106881700186563, 37.568233788413131 ], [ 129.105859033352516, 37.572671929100942 ] ] ], [ [ [ 129.117203352771128, 37.576369842075039 ], [ 129.117085662727163, 37.576690222295248 ], [ 129.117210279751049, 37.576639888225124 ], [ 129.117203352771128, 37.576369842075039 ] ] ], [ [ [ 129.116707977673428, 37.576697258692796 ], [ 129.116883905643277, 37.57677581518967 ], [ 129.11684926603067, 37.576659036026548 ], [ 129.116707977673428, 37.576697258692796 ] ] ], [ [ [ 129.11639348548448, 37.578113313348254 ], [ 129.116316289751268, 37.578268159997286 ], [ 129.116468513737033, 37.578249866005507 ], [ 129.11639348548448, 37.578113313348254 ] ] ] ] } },
{ "type": "Feature", "properties": { "emd_cd": "51170129", "emd_nm": "망상동" }, "geometry": { "type": "MultiPolygon", "coordinates": [ [ [ [ 129.055029833298619, 37.594711260374183 ], [ 129.055614525016296, 37.597130507268744 ], [ 129.068772970036065, 37.59886910398577 ], [ 129.074451262552344, 37.604537037609084 ], [ 129.109967106021315, 37.581084521230743 ], [ 129.106690942991634, 37.577849779510487 ], [ 129.106504121032714, 37.573182244475461 ], [ 129.102480526499988, 37.572063951437194 ], [ 129.100294778351525, 37.576192684924422 ], [ 129.096890585889923, 37.576783900759445 ], [ 129.096456161424953, 37.578557628180249 ], [ 129.093162727176434, 37.578398422255489 ], [ 129.093204027177478, 37.579858980401909 ], [ 129.088513411473059, 37.579238154813609 ], [ 129.097265794390495, 37.581799283940065 ], [ 129.092291301220399, 37.584206919347857 ], [ 129.09350856360129, 37.58582457183924 ], [ 129.092555361317977, 37.586285651529593 ], [ 129.085375622731164, 37.583902139807833 ], [ 129.073053253565263, 37.589229211486675 ], [ 129.067894461368866, 37.585677249371351 ], [ 129.066182822467567, 37.587425391551434 ], [ 129.059625166212385, 37.588514408154744 ], [ 129.058656800409381, 37.591645544479725 ], [ 129.055029833298619, 37.594711260374183 ] ] ] ] } },
{ "type": "Feature", "properties": { "emd_cd": "51170130", "emd_nm": "심곡동" }, "geometry": { "type": "MultiPolygon", "coordinates": [ [ [ [ 129.067647345931817, 37.581011601891944 ], [ 129.067894461368866, 37.585677249371351 ], [ 129.073053253565263, 37.589229211486675 ], [ 129.085375622731164, 37.583902139807833 ], [ 129.09209713685982, 37.586488077130987 ], [ 129.09350856360129, 37.58582457183924 ], [ 129.092291301220399, 37.584206919347857 ], [ 129.097265794390495, 37.581799283940065 ], [ 129.090686985123369, 37.580229249751369 ], [ 129.085502661385675, 37.576653978623362 ], [ 129.078365920274621, 37.575171254695078 ], [ 129.071906171854835, 37.57149880034482 ], [ 129.070201460893429, 37.575947946330828 ], [ 129.070892959041913, 37.57811421891639 ], [ 129.067647345931817, 37.581011601891944 ] ] ] ] } },
{ "type": "Feature", "properties": { "emd_cd": "51170131", "emd_nm": "초구동" }, "geometry": { "type": "MultiPolygon", "coordinates": [ [ [ [ 129.07548899375567, 37.573074592003024 ], [ 129.093204027172078, 37.579858980402115 ], [ 129.093162727171034, 37.578398422255574 ], [ 129.096456161419553, 37.578557628180434 ], [ 129.096890585884381, 37.576783900759544 ], [ 129.100294778345983, 37.576192684924628 ], [ 129.102189543781151, 37.57224289287317 ], [ 129.105293502606827, 37.572156377592485 ], [ 129.106881700180935, 37.568233788413316 ], [ 129.10491738828307, 37.563644841478769 ], [ 129.091802200308024, 37.564581625628335 ], [ 129.089665430318092, 37.561868207074944 ], [ 129.086318953624811, 37.561242974156592 ], [ 129.085523576934889, 37.565965295525011 ], [ 129.080250668102224, 37.566284383440703 ], [ 129.076060132927324, 37.569011892105642 ], [ 129.07548899375567, 37.573074592003024 ] ] ] ] } },
{ "type": "Feature", "properties": { "emd_cd": "51170132", "emd_nm": "괴란동" }, "geometry": { "type": "MultiPolygon", "coordinates": [ [ [ [ 129.059625166207439, 37.588514408154914 ], [ 129.066182822462565, 37.58742539155152 ], [ 129.06789446136375, 37.585677249371471 ], [ 129.067667480210417, 37.580953639131479 ], [ 129.070892959036826, 37.578114218916546 ], [ 129.071656202753189, 37.568737653233917 ], [ 129.060120345754001, 37.556871311101844 ], [ 129.051125077831074, 37.553425681879048 ], [ 129.047635010237343, 37.556804947663863 ], [ 129.051407061628652, 37.570843491376259 ], [ 129.051043312914715, 37.576409336690233 ], [ 129.05598110736554, 37.581268664798358 ], [ 129.057260838009881, 37.586687798958934 ], [ 129.059625166207439, 37.588514408154914 ] ] ] ] } },
{ "type": "Feature", "properties": { "emd_cd": "51170133", "emd_nm": "만우동" }, "geometry": { "type": "MultiPolygon", "coordinates": [ [ [ [ 129.047056241291955, 37.546991788901032 ], [ 129.050297463886494, 37.553938059931767 ], [ 129.055015720066649, 37.553964659351621 ], [ 129.063435900087285, 37.559361542735516 ], [ 129.072865006998626, 37.571927816117004 ], [ 129.07548899375567, 37.573074592003024 ], [ 129.076060132927324, 37.569011892105642 ], [ 129.080250668102224, 37.566284383440703 ], [ 129.085523576934889, 37.565965295525011 ], [ 129.086318953624811, 37.561242974156592 ], [ 129.075954341735667, 37.552557763510912 ], [ 129.075285089345869, 37.5485396707695 ], [ 129.0719962332156, 37.543810739889643 ], [ 129.064231968707531, 37.540982756623769 ], [ 129.060092589541711, 37.537062118729104 ], [ 129.055093329746626, 37.536738764869227 ], [ 129.052917718212086, 37.541379154272818 ], [ 129.047056241291955, 37.546991788901032 ] ] ] ] } },
{ "type": "Feature", "properties": { "emd_cd": "51170134", "emd_nm": "신흥동" }, "geometry": { "type": "MultiPolygon", "coordinates": [ [ [ [ 128.960981598663722, 37.512578196247802 ], [ 128.967756321041946, 37.520568998636563 ], [ 128.967289867060771, 37.525976101338372 ], [ 128.968728857531346, 37.530234775103061 ], [ 128.973791172490877, 37.533835527677439 ], [ 128.987645531282908, 37.533850717413863 ], [ 128.991164558775949, 37.538815257940101 ], [ 128.998481786119982, 37.542795630769696 ], [ 129.018511710588655, 37.538182930110338 ], [ 129.019514279006671, 37.534181197045847 ], [ 129.024256981684744, 37.529722672404056 ], [ 129.027208527239537, 37.530024198062705 ], [ 129.036987583652774, 37.516791712772452 ], [ 129.027223048140655, 37.50942579292407 ], [ 129.017464983370814, 37.510543047445815 ], [ 129.012309078333146, 37.509254951246206 ], [ 129.009823670914955, 37.506321321163284 ], [ 128.993209662919639, 37.498855875482917 ], [ 128.98678712800421, 37.493116193276308 ], [ 128.979676385424739, 37.494313675374336 ], [ 128.972511606296024, 37.491636017346444 ], [ 128.970022019857169, 37.49473091140117 ], [ 128.9743908580854, 37.503438877816713 ], [ 128.972514797314545, 37.50572206760836 ], [ 128.965142015794896, 37.505406939098997 ], [ 128.960981598663722, 37.512578196247802 ] ] ] ] } },
{ "type": "Feature", "properties": { "emd_cd": "51170135", "emd_nm": "비천동" }, "geometry": { "type": "MultiPolygon", "coordinates": [ [ [ [ 129.018511710584107, 37.53818293011043 ], [ 129.021326036060771, 37.539552857942148 ], [ 129.025923816859574, 37.545637205098913 ], [ 129.034459880655191, 37.547054880714541 ], [ 129.038671673863206, 37.549758949742341 ], [ 129.040186169850898, 37.547218197588649 ], [ 129.049434010157285, 37.545064003820045 ], [ 129.055093329746626, 37.536738764869227 ], [ 129.060092589541711, 37.537062118729104 ], [ 129.065847840296698, 37.526347488443641 ], [ 129.068119543093673, 37.525675681607893 ], [ 129.070218592882355, 37.521668237807631 ], [ 129.059351969662828, 37.51512510074366 ], [ 129.053004727058664, 37.509070531455272 ], [ 129.046849764295047, 37.506630095684628 ], [ 129.039784601136091, 37.510940222406859 ], [ 129.036452342140706, 37.515293901578438 ], [ 129.035181128117472, 37.520141002728657 ], [ 129.030626201482704, 37.524010846968558 ], [ 129.027208527234905, 37.530024198062797 ], [ 129.024256981680253, 37.529722672404134 ], [ 129.019514279002181, 37.534181197045932 ], [ 129.018511710584107, 37.53818293011043 ] ] ] ] } },
{ "type": "Feature", "properties": { "emd_cd": "51170136", "emd_nm": "달방동" }, "geometry": { "type": "MultiPolygon", "coordinates": [ [ [ [ 128.990627806155032, 37.495350262035117 ], [ 128.993209662919639, 37.498855875482917 ], [ 129.009823670914955, 37.506321321163284 ], [ 129.013157567449923, 37.509641867435271 ], [ 129.027223048140655, 37.50942579292407 ], [ 129.036987583652774, 37.516791712772452 ], [ 129.036452342145452, 37.515293901578268 ], [ 129.039764005302345, 37.511296213308988 ], [ 129.037097983560045, 37.505543650007432 ], [ 129.0274815200533, 37.499814799906929 ], [ 129.026887143221614, 37.496620037724696 ], [ 129.020864784404523, 37.490103032692602 ], [ 129.009834834083421, 37.491019623397861 ], [ 129.002257154382249, 37.487818683316107 ], [ 129.001373759217245, 37.492728375393966 ], [ 128.990627806155032, 37.495350262035117 ] ] ] ] } },
{ "type": "Feature", "properties": { "emd_cd": "51190101", "emd_nm": "황지동" }, "geometry": { "type": "MultiPolygon", "coordinates": [ [ [ [ 128.967131399313928, 37.211939862591656 ], [ 128.972655465983451, 37.212213569416825 ], [ 128.979975890963686, 37.216515085773899 ], [ 128.988461496414317, 37.215786092302956 ], [ 128.991834154434514, 37.210269965630005 ], [ 129.001344184250428, 37.205907459035714 ], [ 129.001320422012981, 37.203309692476424 ], [ 128.998168222167379, 37.200937778859078 ], [ 128.997363614577523, 37.195393284658003 ], [ 128.994813706041725, 37.191070666953216 ], [ 129.001528393151943, 37.180776655881743 ], [ 129.004931737902211, 37.179981845624035 ], [ 129.006776168575982, 37.169467422587346 ], [ 129.003866612092025, 37.162434589118014 ], [ 129.005546277260436, 37.158451697209763 ], [ 129.00197351728383, 37.152130215170473 ], [ 129.001956729061391, 37.145653551204454 ], [ 128.997465287541758, 37.142822551050173 ], [ 128.996871333572471, 37.137321013101655 ], [ 128.994676864328028, 37.136431105805237 ], [ 128.985939924564718, 37.135843386779335 ], [ 128.980348441577405, 37.142950518926796 ], [ 128.973963266343247, 37.141687244292093 ], [ 128.966306328962872, 37.136994578368331 ], [ 128.963523620194252, 37.137314260713261 ], [ 128.960175179009781, 37.139147337028966 ], [ 128.959727720663864, 37.144316817961396 ], [ 128.954001832774765, 37.146792370274497 ], [ 128.949294937263858, 37.146789002684898 ], [ 128.936301194796442, 37.155713992314574 ], [ 128.928588297567302, 37.158084725056348 ], [ 128.924514610443737, 37.157532272768918 ], [ 128.920664529688594, 37.161108902241786 ], [ 128.917600589610061, 37.161158889416235 ], [ 128.91591566211892, 37.169387890061309 ], [ 128.912694612330654, 37.173677444611613 ], [ 128.911852456739723, 37.177264274150836 ], [ 128.914855556456985, 37.180783498893319 ], [ 128.912754428466883, 37.186111416381756 ], [ 128.91298494897319, 37.194832991585507 ], [ 128.917629740051979, 37.194126959391753 ], [ 128.92192753556472, 37.189297629163704 ], [ 128.930180270579683, 37.188878942242908 ], [ 128.954327191060173, 37.175302408987626 ], [ 128.960042354917562, 37.173600355918936 ], [ 128.962454434096514, 37.17339023973603 ], [ 128.964382738027837, 37.175847381662827 ], [ 128.973148559818242, 37.175443980359923 ], [ 128.980423851393255, 37.17919343897708 ], [ 128.978046941693805, 37.184714562369543 ], [ 128.971876015011532, 37.186379532362672 ], [ 128.972490072363399, 37.1940916380955 ], [ 128.969133723847818, 37.198870836005895 ], [ 128.967131399313928, 37.211939862591656 ] ] ] ] } },
{ "type": "Feature", "properties": { "emd_cd": "51190102", "emd_nm": "장성동" }, "geometry": { "type": "MultiPolygon", "coordinates": [ [ [ [ 129.032680721475145, 37.105407843172209 ], [ 129.030525625186556, 37.103610928117376 ], [ 129.029809391317315, 37.100162994500671 ], [ 129.031996410412688, 37.097240770814501 ], [ 129.033529675513137, 37.09733262641636 ], [ 129.032710360352866, 37.093462776175159 ], [ 129.02535123752827, 37.090780436083072 ], [ 129.013341507390038, 37.092207722737598 ], [ 129.013078670714236, 37.089291388293255 ], [ 129.00978673182621, 37.08815418024605 ], [ 129.006936389809198, 37.089061742072658 ], [ 129.002683507465775, 37.087034334049989 ], [ 128.999196594499807, 37.098124742446885 ], [ 129.001688058049922, 37.100778695925584 ], [ 129.001279920723107, 37.105373140061303 ], [ 128.991883519426949, 37.103199139899147 ], [ 128.989614462052856, 37.103608538040717 ], [ 128.988634877485111, 37.105909103719846 ], [ 128.99562225595929, 37.113493567483147 ], [ 128.995608264363938, 37.117055775780109 ], [ 128.999277365976184, 37.116754317414902 ], [ 129.000515099991333, 37.1151635605531 ], [ 129.005778276778102, 37.117346725489746 ], [ 129.005556298549124, 37.113459359336652 ], [ 129.008492027490774, 37.110169212668858 ], [ 129.010913867693631, 37.109724309444289 ], [ 129.013954693176203, 37.112364168917907 ], [ 129.015392887465794, 37.11768529208463 ], [ 129.021241687029033, 37.11957387367967 ], [ 129.022764936346363, 37.119142760532547 ], [ 129.022404890534403, 37.115808539583874 ], [ 129.032680721475145, 37.105407843172209 ] ] ] ] } },
{ "type": "Feature", "properties": { "emd_cd": "51190103", "emd_nm": "금천동" }, "geometry": { "type": "MultiPolygon", "coordinates": [ [ [ [ 128.99124267909059, 37.082559512756141 ], [ 128.988613653290912, 37.084374358290987 ], [ 128.9833963750321, 37.084620513588256 ], [ 128.977522660716915, 37.081542222196937 ], [ 128.971854026132462, 37.081651627070265 ], [ 128.969969987862584, 37.079806978761361 ], [ 128.959274026779553, 37.07757656441381 ], [ 128.953300607411762, 37.081254944263954 ], [ 128.953438680061993, 37.084958731385818 ], [ 128.945699469541722, 37.093835735993821 ], [ 128.952843550530588, 37.095863063553878 ], [ 128.958380343766265, 37.100502211086024 ], [ 128.965874025911461, 37.097526918219941 ], [ 128.976429553684227, 37.096526973217522 ], [ 128.977483202924873, 37.098948261847013 ], [ 128.985989095748636, 37.103264238279763 ], [ 128.991883519426949, 37.103199139899147 ], [ 129.000763038332508, 37.105733706135588 ], [ 129.001892259601846, 37.101739018948429 ], [ 128.999196594499807, 37.098124742446885 ], [ 129.002683507465775, 37.087034334049989 ], [ 128.995149573368252, 37.085357137857223 ], [ 128.99124267909059, 37.082559512756141 ] ] ] ] } },
{ "type": "Feature", "properties": { "emd_cd": "51190104", "emd_nm": "철암동" }, "geometry": { "type": "MultiPolygon", "coordinates": [ [ [ [ 129.08869951700467, 37.143937147353228 ], [ 129.093447834804209, 37.142158149917783 ], [ 129.095369228026527, 37.138429414413665 ], [ 129.089060806852359, 37.12357429731312 ], [ 129.091955029321667, 37.119468457339835 ], [ 129.08791419599919, 37.114206426216789 ], [ 129.094596060475027, 37.103684673790539 ], [ 129.092335474386942, 37.102342396343914 ], [ 129.084494268124416, 37.107433842103568 ], [ 129.074510424904986, 37.110141595428537 ], [ 129.067493446762001, 37.109229888995273 ], [ 129.056228872631152, 37.110395069189003 ], [ 129.057073903323129, 37.113494157010784 ], [ 129.054700223336567, 37.114423128767825 ], [ 129.049514323615711, 37.111852764587397 ], [ 129.043126762878018, 37.112603525982763 ], [ 129.036265437107858, 37.110596653078368 ], [ 129.032680721475202, 37.105407843172216 ], [ 129.022404890534403, 37.115808539583874 ], [ 129.02276493634642, 37.119142760532583 ], [ 129.020871136978684, 37.119804281209078 ], [ 129.015935600176505, 37.130645493835267 ], [ 129.016362920323161, 37.133154377560217 ], [ 129.025766468455259, 37.133065595332511 ], [ 129.032717519639334, 37.136987489579049 ], [ 129.035399472362826, 37.135089842449851 ], [ 129.041051368291932, 37.135301498062226 ], [ 129.04609279997166, 37.140902784947691 ], [ 129.054490497649766, 37.141980450525232 ], [ 129.057596911194196, 37.140989870921359 ], [ 129.062716284375455, 37.14464213145358 ], [ 129.071898296507953, 37.143637171322041 ], [ 129.077393696064917, 37.140735692976897 ], [ 129.083125652991242, 37.140000436208751 ], [ 129.087611594757817, 37.141785738759381 ], [ 129.08869951700467, 37.143937147353228 ] ] ] ] } },
{ "type": "Feature", "properties": { "emd_cd": "51190105", "emd_nm": "문곡동" }, "geometry": { "type": "MultiPolygon", "coordinates": [ [ [ [ 128.958380343770102, 37.100502211085953 ], [ 128.959466850339368, 37.101357221297171 ], [ 128.95925480404739, 37.110018612061943 ], [ 128.963386108536469, 37.112703717763317 ], [ 128.972454198693868, 37.112863782634975 ], [ 128.977373773804032, 37.11653121264245 ], [ 128.978267433595676, 37.122489005936522 ], [ 128.976809986672777, 37.124577046718038 ], [ 128.980303463164717, 37.128115128181086 ], [ 128.98164996854419, 37.132286819495583 ], [ 128.986327774640387, 37.135679544112449 ], [ 128.996871333576735, 37.137321013101513 ], [ 128.997465287546135, 37.142822551050024 ], [ 129.001956729065768, 37.145653551204376 ], [ 129.002230279022484, 37.15252929923885 ], [ 129.010579636107479, 37.146327238523 ], [ 129.009908690049059, 37.135655448925952 ], [ 129.016362920327708, 37.133154377560153 ], [ 129.016535092719408, 37.128924239526988 ], [ 129.021241687033523, 37.119573873679485 ], [ 129.015392887470256, 37.117685292084495 ], [ 129.012346821939133, 37.110041405114359 ], [ 129.008492027495208, 37.110169212668772 ], [ 129.006911723699517, 37.111714719942974 ], [ 129.005778276782479, 37.117346725489625 ], [ 129.000515099995624, 37.115163560552979 ], [ 128.999277365980447, 37.116754317414781 ], [ 128.995608264368229, 37.117055775779995 ], [ 128.995622255963525, 37.113493567483083 ], [ 128.989296593915185, 37.108074537684516 ], [ 128.989364605561889, 37.103896383475323 ], [ 128.977483202928852, 37.09894826184685 ], [ 128.976429553688234, 37.096526973217401 ], [ 128.965874025915326, 37.097526918219849 ], [ 128.958380343770102, 37.100502211085953 ] ] ] ] } },
{ "type": "Feature", "properties": { "emd_cd": "51190106", "emd_nm": "동점동" }, "geometry": { "type": "MultiPolygon", "coordinates": [ [ [ [ 129.029853248608987, 37.10196612372058 ], [ 129.036265437107858, 37.110596653078368 ], [ 129.043126762878018, 37.112603525982763 ], [ 129.049514323615654, 37.111852764587397 ], [ 129.054700223336567, 37.114423128767775 ], [ 129.057073903323186, 37.113494157010727 ], [ 129.056228872631152, 37.110395069189032 ], [ 129.067493446761915, 37.109229888995301 ], [ 129.074510424904929, 37.110141595428537 ], [ 129.084494268124416, 37.107433842103568 ], [ 129.092335474386942, 37.102342396343857 ], [ 129.094578277153659, 37.103649888808548 ], [ 129.09566014736825, 37.100312687769723 ], [ 129.091203767426578, 37.097154148303993 ], [ 129.076857917228551, 37.092919995755892 ], [ 129.070359890204998, 37.088198199128655 ], [ 129.070794268091078, 37.083814518389453 ], [ 129.065604710518784, 37.07875226012365 ], [ 129.06736509881523, 37.074453795445784 ], [ 129.063982122346516, 37.068069965517488 ], [ 129.062131120884544, 37.068269259445451 ], [ 129.059381456123305, 37.065117028168359 ], [ 129.056119511560809, 37.065205347297898 ], [ 129.056800297816466, 37.068080072054684 ], [ 129.053215291787325, 37.07036833191092 ], [ 129.051319786241095, 37.06782889493158 ], [ 129.048325463020944, 37.070086184506806 ], [ 129.041880161666938, 37.071040627817425 ], [ 129.036689640661081, 37.076178513083171 ], [ 129.032407896148783, 37.074922828659922 ], [ 129.030436234509239, 37.077031988206805 ], [ 129.024349321900928, 37.078347077265065 ], [ 129.020382397144147, 37.076559053875727 ], [ 129.015172937054388, 37.079529441999675 ], [ 129.009580988223888, 37.078549560530227 ], [ 128.99124267909059, 37.082559512756141 ], [ 129.004276815663189, 37.088329459228262 ], [ 129.013078670714236, 37.089291388293255 ], [ 129.013341507390038, 37.092207722737598 ], [ 129.02535123752827, 37.090780436083072 ], [ 129.031592632168241, 37.092818706544158 ], [ 129.033731509675505, 37.096663029093783 ], [ 129.030152384570357, 37.099371672517179 ], [ 129.029853248608987, 37.10196612372058 ] ] ] ] } },
{ "type": "Feature", "properties": { "emd_cd": "51190107", "emd_nm": "소도동" }, "geometry": { "type": "MultiPolygon", "coordinates": [ [ [ [ 128.924514610443737, 37.157532272768918 ], [ 128.928588297567273, 37.158084725056327 ], [ 128.936301194796442, 37.155713992314574 ], [ 128.949294937263943, 37.146789002684862 ], [ 128.954001832774765, 37.146792370274518 ], [ 128.959727720663807, 37.144316817961339 ], [ 128.960175179009724, 37.139147337028966 ], [ 128.963523620194252, 37.137314260713261 ], [ 128.966306328962872, 37.136994578368295 ], [ 128.973963266343247, 37.141687244292044 ], [ 128.980348441577405, 37.142950518926824 ], [ 128.985911021624503, 37.136947112703893 ], [ 128.986281184945852, 37.134706614417176 ], [ 128.98164996854004, 37.132286819495683 ], [ 128.980303463160624, 37.128115128181228 ], [ 128.976809986668684, 37.12457704671813 ], [ 128.978267433591611, 37.122489005936579 ], [ 128.977373773799997, 37.116531212642577 ], [ 128.972454198689888, 37.112863782635067 ], [ 128.963386108532546, 37.112703717763459 ], [ 128.959254804043525, 37.110018612062106 ], [ 128.959466850335474, 37.101357221297285 ], [ 128.952843550530588, 37.095863063553878 ], [ 128.932086867248813, 37.090868948042115 ], [ 128.921959488321562, 37.091595069995662 ], [ 128.916280479588238, 37.096162030064455 ], [ 128.915731675916163, 37.099791351161187 ], [ 128.923537458499652, 37.100969461650315 ], [ 128.933448673061065, 37.108814110190117 ], [ 128.933296538983058, 37.11556901785999 ], [ 128.936501396687675, 37.117879689787635 ], [ 128.942563322412894, 37.118564184412129 ], [ 128.942456663688347, 37.127229653263775 ], [ 128.938013580272809, 37.131798244061386 ], [ 128.938623740542738, 37.137566090107313 ], [ 128.929550341881452, 37.14704619244398 ], [ 128.924729231783488, 37.150000829886352 ], [ 128.924514610443737, 37.157532272768918 ] ] ] ] } },
{ "type": "Feature", "properties": { "emd_cd": "51190108", "emd_nm": "혈동" }, "geometry": { "type": "MultiPolygon", "coordinates": [ [ [ [ 128.867129615070922, 37.108857796909341 ], [ 128.869361326610573, 37.109606724087584 ], [ 128.870339207106838, 37.113564294530185 ], [ 128.875832187885663, 37.114510651146297 ], [ 128.879513185495739, 37.118885391691215 ], [ 128.882863425214055, 37.119492878388762 ], [ 128.88902487421899, 37.124508247471937 ], [ 128.886734924477679, 37.13653555229422 ], [ 128.888153757394377, 37.14161669296049 ], [ 128.894867593489124, 37.146619265867471 ], [ 128.911940738676378, 37.149259768477172 ], [ 128.917600589613414, 37.161158889416178 ], [ 128.920664529692203, 37.161108902241722 ], [ 128.924514610447318, 37.157532272768869 ], [ 128.924729231787012, 37.150000829886238 ], [ 128.938416418796521, 37.137862751417444 ], [ 128.938013580276532, 37.131798244061287 ], [ 128.942456663692042, 37.127229653263669 ], [ 128.942563322416532, 37.118564184412008 ], [ 128.936501396691312, 37.1178796897876 ], [ 128.933296538986724, 37.115569017859883 ], [ 128.93344867306476, 37.108814110190004 ], [ 128.923537458503205, 37.100969461650244 ], [ 128.915731675919659, 37.099791351161123 ], [ 128.916280479591649, 37.096162030064349 ], [ 128.921959488325058, 37.091595069995606 ], [ 128.915011337427671, 37.083679543928902 ], [ 128.916874879984789, 37.07860773844714 ], [ 128.910188518267915, 37.070235358963565 ], [ 128.910297420970039, 37.068312515335499 ], [ 128.90511527781436, 37.065971639226866 ], [ 128.89875917562199, 37.066657178371514 ], [ 128.891622913706499, 37.062036946862456 ], [ 128.886617574672783, 37.062489306946901 ], [ 128.885701092527711, 37.065946787765895 ], [ 128.876405573749423, 37.072024890727796 ], [ 128.874822255483849, 37.075471529414941 ], [ 128.874536256877889, 37.078595824563649 ], [ 128.880919846511517, 37.080563758922501 ], [ 128.884998265362327, 37.084031044155289 ], [ 128.885646106575308, 37.089356543259086 ], [ 128.888560550414212, 37.091709594244826 ], [ 128.886551312563824, 37.09725672328954 ], [ 128.887347511753916, 37.101873886545469 ], [ 128.878803736204247, 37.104473057147246 ], [ 128.875282760645689, 37.108188267690181 ], [ 128.868788919114394, 37.107105664219048 ], [ 128.867129615070922, 37.108857796909341 ] ] ] ] } },
{ "type": "Feature", "properties": { "emd_cd": "51190109", "emd_nm": "화전동" }, "geometry": { "type": "MultiPolygon", "coordinates": [ [ [ [ 128.91298494897319, 37.194832991585507 ], [ 128.911505536422936, 37.196893794394072 ], [ 128.915549324321319, 37.20461514155555 ], [ 128.91607278457235, 37.211847299817286 ], [ 128.930272515453765, 37.220202357306391 ], [ 128.949734043970665, 37.22133531522784 ], [ 128.954416660093642, 37.222999196756149 ], [ 128.960272815060591, 37.220337827604233 ], [ 128.961725179230115, 37.216341370891698 ], [ 128.967131399313928, 37.211939862591656 ], [ 128.969133723847818, 37.198870836005895 ], [ 128.972490072363399, 37.1940916380955 ], [ 128.971876015011532, 37.186379532362672 ], [ 128.978046941693805, 37.184714562369543 ], [ 128.980499691410841, 37.179282115648633 ], [ 128.973148559818242, 37.175443980359923 ], [ 128.964382738027837, 37.175847381662827 ], [ 128.962454434096514, 37.17339023973603 ], [ 128.960042354917562, 37.173600355918936 ], [ 128.954327191060173, 37.175302408987626 ], [ 128.930180270579683, 37.188878942242908 ], [ 128.92192753556472, 37.189297629163704 ], [ 128.917629740051979, 37.194126959391753 ], [ 128.91298494897319, 37.194832991585507 ] ] ] ] } },
{ "type": "Feature", "properties": { "emd_cd": "51190110", "emd_nm": "적각동" }, "geometry": { "type": "MultiPolygon", "coordinates": [ [ [ [ 129.000331302021976, 37.208992989939404 ], [ 128.997080026910425, 37.207153475850845 ], [ 128.991834154434599, 37.210269965629998 ], [ 128.98846149641426, 37.215786092302949 ], [ 128.979975890963743, 37.216515085773857 ], [ 128.992217978290938, 37.224252750439199 ], [ 128.994365193363564, 37.231203649649217 ], [ 128.992431621799568, 37.232154592700383 ], [ 128.993354944906571, 37.23523299248869 ], [ 129.000858613777353, 37.235768390473275 ], [ 129.004909355323349, 37.23513322743559 ], [ 129.00788803276285, 37.232757006974779 ], [ 129.005475879294494, 37.230802953089778 ], [ 129.008124399747004, 37.229176410803717 ], [ 129.004393877139705, 37.227067610022637 ], [ 129.010653778540103, 37.220893046709627 ], [ 129.000143188883214, 37.217991430447555 ], [ 129.001339330546671, 37.215096431899291 ], [ 129.000331302021976, 37.208992989939404 ] ] ] ] } },
{ "type": "Feature", "properties": { "emd_cd": "51190111", "emd_nm": "창죽동" }, "geometry": { "type": "MultiPolygon", "coordinates": [ [ [ [ 128.992217978290938, 37.224252750439199 ], [ 128.972655465983451, 37.212213569416797 ], [ 128.967131399313843, 37.211939862591599 ], [ 128.961725179230058, 37.216341370891698 ], [ 128.960272815060648, 37.220337827604233 ], [ 128.954416660093585, 37.222999196756163 ], [ 128.949734043970665, 37.22133531522779 ], [ 128.930272515453851, 37.220202357306441 ], [ 128.91607278457235, 37.211847299817286 ], [ 128.911651466712499, 37.213217687078497 ], [ 128.907853631442435, 37.216616236524914 ], [ 128.917070289282663, 37.225531218814183 ], [ 128.918110550271791, 37.240050589487083 ], [ 128.923889958233048, 37.242745651825643 ], [ 128.929604576982086, 37.240718687178635 ], [ 128.935379701348666, 37.24536078111435 ], [ 128.946219813974182, 37.248473947697029 ], [ 128.95506730613792, 37.248351576032526 ], [ 128.95587417236186, 37.251290219343737 ], [ 128.970108367698515, 37.2537140726564 ], [ 128.982547230187606, 37.252990932788911 ], [ 128.98521756867234, 37.254553539960249 ], [ 128.985348498780411, 37.256272105969764 ], [ 128.989815363491431, 37.256890869042564 ], [ 128.99135754745916, 37.256291064947206 ], [ 128.992873688165332, 37.244163188065698 ], [ 128.989974279773662, 37.240794406381042 ], [ 128.993354944906571, 37.23523299248869 ], [ 128.992431621799568, 37.232154592700383 ], [ 128.994365193363564, 37.231203649649217 ], [ 128.992217978290938, 37.224252750439199 ] ] ] ] } },
{ "type": "Feature", "properties": { "emd_cd": "51190112", "emd_nm": "통동" }, "geometry": { "type": "MultiPolygon", "coordinates": [ [ [ [ 128.994813706041725, 37.191070666953216 ], [ 128.997363614577523, 37.195393284658003 ], [ 128.998168222167436, 37.200937778859071 ], [ 129.000748710246825, 37.20281934140111 ], [ 129.007131338588692, 37.200966841681527 ], [ 129.009005805009366, 37.198505666922124 ], [ 129.0070331354394, 37.194588900650793 ], [ 129.011340895965589, 37.186532332864182 ], [ 129.015443186868282, 37.184470774673159 ], [ 129.016547723767786, 37.181421672700999 ], [ 129.025701416722711, 37.177510588292826 ], [ 129.027224213202572, 37.174980238554056 ], [ 129.036550716876121, 37.175888646661726 ], [ 129.045062862822107, 37.171705981318787 ], [ 129.048192898306809, 37.172674310300692 ], [ 129.051283214293903, 37.169941763133203 ], [ 129.058406980850748, 37.171306044784316 ], [ 129.071832487576444, 37.169920700978295 ], [ 129.0745250239261, 37.165958659108924 ], [ 129.074073000802883, 37.161847900705297 ], [ 129.068161442911162, 37.157782637876451 ], [ 129.055904106529454, 37.153631513514298 ], [ 129.047724282090513, 37.153863807280935 ], [ 129.043067028469238, 37.149275675835582 ], [ 129.039980610269339, 37.149583183945182 ], [ 129.037539097642593, 37.146921202918634 ], [ 129.033401223474726, 37.146524987611194 ], [ 129.032972814159791, 37.148171930819061 ], [ 129.017695622371974, 37.150202821854919 ], [ 129.012755278190184, 37.153789557221806 ], [ 129.00850770788324, 37.154385164477162 ], [ 129.007414914303666, 37.157999407894572 ], [ 129.005546277260521, 37.158451697209721 ], [ 129.003866612091969, 37.162434589118021 ], [ 129.006776168575982, 37.169467422587381 ], [ 129.004931737902155, 37.179981845624077 ], [ 129.001528393151943, 37.180776655881694 ], [ 128.994813706041725, 37.191070666953216 ] ] ] ] } },
{ "type": "Feature", "properties": { "emd_cd": "51190113", "emd_nm": "백산동" }, "geometry": { "type": "MultiPolygon", "coordinates": [ [ [ [ 129.016362920323161, 37.133154377560217 ], [ 129.009908690044682, 37.135655448926023 ], [ 129.01057963610296, 37.146327238523142 ], [ 129.002562237229256, 37.152718391716654 ], [ 129.005546277260436, 37.158451697209763 ], [ 129.00741491430361, 37.157999407894529 ], [ 129.008507707883297, 37.154385164477162 ], [ 129.012755278190156, 37.153789557221842 ], [ 129.017695622372031, 37.150202821854919 ], [ 129.032972814159905, 37.148171930819053 ], [ 129.033401223474726, 37.146524987611159 ], [ 129.037539097642536, 37.146921202918605 ], [ 129.039980610269339, 37.149583183945182 ], [ 129.043067028469238, 37.149275675835639 ], [ 129.047724282090485, 37.153863807280892 ], [ 129.055904106529454, 37.153631513514263 ], [ 129.071921485175437, 37.160188605689108 ], [ 129.084748345847828, 37.160351446298179 ], [ 129.088570670268496, 37.158212460127721 ], [ 129.087904627073129, 37.152444023846371 ], [ 129.089527129959521, 37.14513836135567 ], [ 129.085070613763406, 37.140282102434682 ], [ 129.0794305418909, 37.14017211361903 ], [ 129.071898296507953, 37.143637171322041 ], [ 129.062716284375455, 37.14464213145358 ], [ 129.057596911194196, 37.140989870921359 ], [ 129.054490497649766, 37.141980450525232 ], [ 129.04609279997166, 37.140902784947691 ], [ 129.041051368291932, 37.135301498062226 ], [ 129.035399472362826, 37.135089842449851 ], [ 129.032978318075948, 37.137029725182906 ], [ 129.025766468455259, 37.133065595332511 ], [ 129.016362920323161, 37.133154377560217 ] ] ] ] } },
{ "type": "Feature", "properties": { "emd_cd": "51190114", "emd_nm": "원동" }, "geometry": { "type": "MultiPolygon", "coordinates": [ [ [ [ 128.941543020479685, 37.288886737435405 ], [ 128.956330955572156, 37.291457804231705 ], [ 128.962616413371194, 37.287571859098527 ], [ 128.965357557821221, 37.283997945159257 ], [ 128.968676316476007, 37.283399986860623 ], [ 128.975714050595514, 37.269943564426043 ], [ 128.98008268450468, 37.265640875524518 ], [ 128.980115899112036, 37.260532737733449 ], [ 128.98384620456622, 37.258228727052902 ], [ 128.98521756867234, 37.254553539960249 ], [ 128.982547230187606, 37.252990932788911 ], [ 128.970108367698515, 37.2537140726564 ], [ 128.961477017516899, 37.252480228264524 ], [ 128.95587417236186, 37.251290219343737 ], [ 128.95506730613792, 37.248351576032526 ], [ 128.946219813974182, 37.248473947697029 ], [ 128.935379701348666, 37.24536078111435 ], [ 128.933213734897862, 37.253146375031058 ], [ 128.934990850365324, 37.257182113145802 ], [ 128.932204625474725, 37.257225611927481 ], [ 128.931085937000177, 37.258867739615688 ], [ 128.929037956403874, 37.267604982278492 ], [ 128.924360820696506, 37.272954902141905 ], [ 128.926179440778327, 37.274141852238358 ], [ 128.933964301223767, 37.273122371558216 ], [ 128.936576399951036, 37.274124197276826 ], [ 128.937330562523186, 37.276660928812895 ], [ 128.941044500651145, 37.279372670245202 ], [ 128.939592988067403, 37.283890960500266 ], [ 128.941620025042027, 37.286320853453695 ], [ 128.941543020479685, 37.288886737435405 ] ] ] ] } },
{ "type": "Feature", "properties": { "emd_cd": "51190115", "emd_nm": "상사미동" }, "geometry": { "type": "MultiPolygon", "coordinates": [ [ [ [ 128.985348498780411, 37.256272105969764 ], [ 128.980115899112036, 37.260532737733449 ], [ 128.98008268450468, 37.265640875524518 ], [ 128.975714050595514, 37.269943564426043 ], [ 128.968618444177082, 37.283222908839583 ], [ 128.968727918232418, 37.289168085774001 ], [ 128.971238208967605, 37.294691428646651 ], [ 128.973741575032079, 37.294461955227767 ], [ 128.979477592643718, 37.297574313616806 ], [ 128.989196780352188, 37.290020081902291 ], [ 128.998248936633217, 37.292984531125377 ], [ 129.005610071897138, 37.292145942513287 ], [ 129.003854536589472, 37.288373298110741 ], [ 129.005756885078881, 37.286521966463404 ], [ 129.006033893251413, 37.282807115825392 ], [ 129.009269486062692, 37.282299648548872 ], [ 129.014156112237771, 37.278691445392504 ], [ 129.013250544326837, 37.27734487175379 ], [ 129.01513013875163, 37.274176121425015 ], [ 129.010255856722239, 37.269958856859532 ], [ 129.00794535611638, 37.270409918764436 ], [ 129.005108656944515, 37.263735088047866 ], [ 129.009929478634746, 37.259558541006527 ], [ 129.010449801895902, 37.255479356159455 ], [ 129.007285735608292, 37.255964382658064 ], [ 129.007977318505226, 37.253511948885937 ], [ 129.006501246029273, 37.250585188716869 ], [ 129.001624090711459, 37.250563010989481 ], [ 129.002485957622326, 37.249058255619985 ], [ 129.000526438388675, 37.247125987990856 ], [ 129.001770318416021, 37.244659506864309 ], [ 128.998505967865384, 37.243157941697213 ], [ 128.992873688165332, 37.244163188065698 ], [ 128.99135754745916, 37.256291064947206 ], [ 128.985348498780411, 37.256272105969764 ] ] ] ] } },
{ "type": "Feature", "properties": { "emd_cd": "51190116", "emd_nm": "하사미동" }, "geometry": { "type": "MultiPolygon", "coordinates": [ [ [ [ 128.942312632564267, 37.297653266037692 ], [ 128.943284019377899, 37.305536290775933 ], [ 128.948515714808821, 37.30808585037466 ], [ 128.954331752026945, 37.306303932043122 ], [ 128.960339403040024, 37.306982820530621 ], [ 128.965175044640489, 37.310966942590888 ], [ 128.967008356280502, 37.315574088045885 ], [ 128.970235702895167, 37.318623548945887 ], [ 128.977098522813236, 37.32200585383525 ], [ 128.980304914027357, 37.32139498109337 ], [ 128.984611914804447, 37.32328761484532 ], [ 128.990326656144759, 37.334123768966833 ], [ 128.999324229790432, 37.338501104443296 ], [ 129.002363621215864, 37.343738638900199 ], [ 129.008307976615043, 37.345542115767536 ], [ 129.009831257338647, 37.340084463905065 ], [ 129.014283751057377, 37.338392682574643 ], [ 129.011349052029516, 37.334484146556186 ], [ 129.008804049725626, 37.333859298596423 ], [ 129.008541234470442, 37.332027584280574 ], [ 129.006488562218749, 37.332104996296259 ], [ 129.004262998264551, 37.327559430266533 ], [ 128.997995890327786, 37.324562416131364 ], [ 128.999425810798982, 37.321517970797395 ], [ 128.998437253649996, 37.318990829297867 ], [ 129.002801574653887, 37.317923910755667 ], [ 129.006371280588581, 37.312996745310741 ], [ 129.01101822082191, 37.311670410990907 ], [ 129.018436532558667, 37.303518594348326 ], [ 129.006087402644482, 37.292369534020239 ], [ 128.998248936633217, 37.292984531125377 ], [ 128.989196780352188, 37.290020081902291 ], [ 128.983510194744525, 37.293290332255964 ], [ 128.980595151321126, 37.297636570400883 ], [ 128.97771581630164, 37.297163706189572 ], [ 128.973741575032079, 37.294461955227767 ], [ 128.971238208967605, 37.294691428646651 ], [ 128.968727918232418, 37.289168085774001 ], [ 128.968676316476007, 37.283399986860623 ], [ 128.965357557821221, 37.283997945159257 ], [ 128.962616413371194, 37.287571859098527 ], [ 128.956330955572156, 37.291457804231705 ], [ 128.946446669421931, 37.290228846321533 ], [ 128.942312632564267, 37.297653266037692 ] ] ] ] } },
{ "type": "Feature", "properties": { "emd_cd": "51190117", "emd_nm": "조탄동" }, "geometry": { "type": "MultiPolygon", "coordinates": [ [ [ [ 128.950973534766717, 37.307792748571906 ], [ 128.957997431159356, 37.322311585474175 ], [ 128.967775518017447, 37.331937501548943 ], [ 128.969321511390774, 37.336910364607775 ], [ 128.971027634133378, 37.334418600093372 ], [ 128.978107574979333, 37.336412486635503 ], [ 128.987929587001133, 37.335714971235312 ], [ 128.990326656144759, 37.334123768966833 ], [ 128.984611914804447, 37.32328761484532 ], [ 128.980304914027357, 37.32139498109337 ], [ 128.977098522813236, 37.32200585383525 ], [ 128.970235702895167, 37.318623548945887 ], [ 128.967008356280502, 37.315574088045885 ], [ 128.965175044640489, 37.310966942590888 ], [ 128.960339403040024, 37.306982820530621 ], [ 128.954331752026945, 37.306303932043122 ], [ 128.950973534766717, 37.307792748571906 ] ] ] ] } },
{ "type": "Feature", "properties": { "emd_cd": "51210101", "emd_nm": "영랑동" }, "geometry": { "type": "MultiPolygon", "coordinates": [ [ [ [ 128.597693905030411, 38.214210809309009 ], [ 128.594325861144824, 38.212536890821411 ], [ 128.592382110472045, 38.214011176942762 ], [ 128.588095110010613, 38.21234447702809 ], [ 128.588051181109847, 38.215876624515111 ], [ 128.585544504441401, 38.216381533650249 ], [ 128.590043641396562, 38.217541557150895 ], [ 128.59101800697826, 38.221306137120912 ], [ 128.594442250900101, 38.217859139247985 ], [ 128.595962775723507, 38.219282239384242 ], [ 128.596649225718068, 38.21856212761508 ], [ 128.596620053788058, 38.218112215941318 ], [ 128.594492816501571, 38.217805450770022 ], [ 128.597617094382116, 38.214809668930243 ], [ 128.60218384186291, 38.214219700317365 ], [ 128.599693205632462, 38.21269931960466 ], [ 128.597693905030411, 38.214210809309009 ] ] ], [ [ [ 128.591365207874958, 38.221487031844156 ], [ 128.592826477202266, 38.222183718187068 ], [ 128.593825979732202, 38.221753049467765 ], [ 128.592826577738379, 38.222088179930616 ], [ 128.591365207874958, 38.221487031844156 ] ] ] ] } },
{ "type": "Feature", "properties": { "emd_cd": "51210102", "emd_nm": "동명동" }, "geometry": { "type": "MultiPolygon", "coordinates": [ [ [ [ 128.597427115453456, 38.214247530193205 ], [ 128.601300309929712, 38.212515443653125 ], [ 128.602210595957672, 38.212175910095056 ], [ 128.601624703847079, 38.211561251254707 ], [ 128.602898044968526, 38.207432709434514 ], [ 128.602463585261916, 38.205495032676602 ], [ 128.603261848683644, 38.203499425795165 ], [ 128.603054617493285, 38.203448029792256 ], [ 128.602232724539789, 38.205400204298854 ], [ 128.602771857465513, 38.207464559620952 ], [ 128.601225968394061, 38.211349761006772 ], [ 128.594449975080579, 38.21069026515012 ], [ 128.593836181975007, 38.206848411277193 ], [ 128.589506265234377, 38.206987905195405 ], [ 128.583740760945858, 38.210713046870069 ], [ 128.5854513047056, 38.216754457335611 ], [ 128.588051181109847, 38.215876624515111 ], [ 128.588095110010613, 38.21234447702809 ], [ 128.592382110472045, 38.214011176942762 ], [ 128.594325861144824, 38.212536890821411 ], [ 128.597427115453456, 38.214247530193205 ] ], [ [ 128.586636420233845, 38.20998284313292 ], [ 128.58653642373892, 38.209884230241627 ], [ 128.586678103213529, 38.209876821210592 ], [ 128.586636420233845, 38.20998284313292 ] ] ], [ [ [ 128.603188320360971, 38.212741293480086 ], [ 128.603165558969948, 38.212930708263954 ], [ 128.6032561028955, 38.212901889882119 ], [ 128.603188320360971, 38.212741293480086 ] ] ] ] } },
{ "type": "Feature", "properties": { "emd_cd": "51210103", "emd_nm": "중앙동" }, "geometry": { "type": "MultiPolygon", "coordinates": [ [ [ [ 128.583647343067327, 38.210574671902172 ], [ 128.585788168130705, 38.210513120785514 ], [ 128.589552923752592, 38.206970393571979 ], [ 128.594259020464307, 38.206901886962363 ], [ 128.592209323884703, 38.201436212862255 ], [ 128.583647343067327, 38.210574671902172 ] ] ], [ [ [ 128.586515415627417, 38.20995651501147 ], [ 128.586678103213529, 38.209876821210621 ], [ 128.58653642373892, 38.209884230241656 ], [ 128.586515415627417, 38.20995651501147 ] ] ] ] } },
{ "type": "Feature", "properties": { "emd_cd": "51210104", "emd_nm": "금호동" }, "geometry": { "type": "MultiPolygon", "coordinates": [ [ [ [ 128.583668102252688, 38.209777589350928 ], [ 128.58968729429327, 38.204692652751326 ], [ 128.591018406524881, 38.201391280827238 ], [ 128.588539238973453, 38.200747813233129 ], [ 128.58531204612126, 38.203799608016425 ], [ 128.585901454008024, 38.205700635834809 ], [ 128.58195523690847, 38.205779210242582 ], [ 128.57981908390181, 38.20904995672516 ], [ 128.572145766221752, 38.208831191485849 ], [ 128.567424539864447, 38.210065985610719 ], [ 128.573940863699789, 38.215897707079556 ], [ 128.576650235906413, 38.214479959585212 ], [ 128.578133816054901, 38.215932480581088 ], [ 128.583515872582041, 38.215991199967597 ], [ 128.58381317989901, 38.214856955904594 ], [ 128.580797675532921, 38.213534807185674 ], [ 128.583548852418403, 38.212682894404168 ], [ 128.583668102252688, 38.209777589350928 ] ] ] ] } },
{ "type": "Feature", "properties": { "emd_cd": "51210105", "emd_nm": "청학동" }, "geometry": { "type": "MultiPolygon", "coordinates": [ [ [ [ 128.584538192157481, 38.199682193310217 ], [ 128.580412771739645, 38.202112733782691 ], [ 128.583376219587308, 38.204488618067025 ], [ 128.582120869771927, 38.205909736686301 ], [ 128.585862837806872, 38.205729363476401 ], [ 128.585312046119924, 38.203799608016425 ], [ 128.588335128176283, 38.202030163576374 ], [ 128.588539238972061, 38.200747813233185 ], [ 128.584538192157481, 38.199682193310217 ] ] ] ] } },
{ "type": "Feature", "properties": { "emd_cd": "51210106", "emd_nm": "교동" }, "geometry": { "type": "MultiPolygon", "coordinates": [ [ [ [ 128.56008372685082, 38.204724873914714 ], [ 128.562341958783918, 38.205613516316411 ], [ 128.56507223290356, 38.209982274415864 ], [ 128.568308351182026, 38.210966476514855 ], [ 128.567494560669644, 38.209995606203329 ], [ 128.57214576622178, 38.208831191485849 ], [ 128.57981908390181, 38.209049956725188 ], [ 128.583376219588672, 38.204488618067018 ], [ 128.580545835612071, 38.20181465754883 ], [ 128.583062739543522, 38.201619532686756 ], [ 128.582361757623914, 38.200550041234855 ], [ 128.584538192158789, 38.199682193310231 ], [ 128.583061844223465, 38.194557159055769 ], [ 128.582134805018114, 38.193318510514601 ], [ 128.57153270829204, 38.192673730757747 ], [ 128.571483214108582, 38.197885347363531 ], [ 128.568849984397076, 38.196694197310762 ], [ 128.568654681757636, 38.199968917504947 ], [ 128.56739442041291, 38.19927722205535 ], [ 128.565397397078016, 38.204244084643314 ], [ 128.56008372685082, 38.204724873914714 ] ] ] ] } },
{ "type": "Feature", "properties": { "emd_cd": "51210107", "emd_nm": "노학동" }, "geometry": { "type": "MultiPolygon", "coordinates": [ [ [ [ 128.571532708290761, 38.192673730757832 ], [ 128.562999913359505, 38.192293673487491 ], [ 128.5621416267538, 38.17872445128971 ], [ 128.557878139599836, 38.174930625779389 ], [ 128.552071541330804, 38.175106569997013 ], [ 128.549221097639048, 38.172203619366904 ], [ 128.544245544148936, 38.171732338566684 ], [ 128.521448985217773, 38.1755881589674 ], [ 128.505949337861324, 38.1817695116899 ], [ 128.49578220442325, 38.181787468317118 ], [ 128.476753508160499, 38.186798521107207 ], [ 128.477204650217487, 38.188886227949524 ], [ 128.481120961469117, 38.187331264691473 ], [ 128.485941745103446, 38.188520807519993 ], [ 128.4920958909116, 38.195704112986917 ], [ 128.497760723432407, 38.197931765105146 ], [ 128.499237261680236, 38.202210953346984 ], [ 128.506845351459134, 38.203902322070469 ], [ 128.513992567965374, 38.207741989604827 ], [ 128.527274816659769, 38.206957232269119 ], [ 128.532160448841154, 38.20377231575025 ], [ 128.537860065500439, 38.203043518232484 ], [ 128.544796803523838, 38.203142950271364 ], [ 128.553829905466699, 38.206848639169365 ], [ 128.565397397076708, 38.204244084643378 ], [ 128.567394420411603, 38.1992772220554 ], [ 128.568654681756357, 38.199968917504982 ], [ 128.56813262615276, 38.197377179747612 ], [ 128.569571112089307, 38.196456883545956 ], [ 128.571483214107332, 38.197885347363588 ], [ 128.571532708290761, 38.192673730757832 ] ] ] ] } },
{ "type": "Feature", "properties": { "emd_cd": "51210108", "emd_nm": "조양동" }, "geometry": { "type": "MultiPolygon", "coordinates": [ [ [ [ 128.600801461357634, 38.194189211922932 ], [ 128.604039086340151, 38.192276002609248 ], [ 128.603065499574683, 38.19035252367469 ], [ 128.606683206699273, 38.18650551978434 ], [ 128.603938450698536, 38.185441074469232 ], [ 128.601852910385986, 38.180939766004535 ], [ 128.60051122394654, 38.181356447578324 ], [ 128.600408772963959, 38.179325538230003 ], [ 128.597055470230714, 38.177191224985897 ], [ 128.584504283103115, 38.178761888539434 ], [ 128.581753480742606, 38.176489044818297 ], [ 128.577338223436357, 38.175881195616704 ], [ 128.572078359879754, 38.178405125718783 ], [ 128.565927839682701, 38.177314152941769 ], [ 128.564452645335081, 38.17413140721257 ], [ 128.55787813960103, 38.174930625779368 ], [ 128.562141626754993, 38.178724451289661 ], [ 128.562999913360755, 38.192293673487519 ], [ 128.582134805018114, 38.193318510514601 ], [ 128.583356472264654, 38.192082211354631 ], [ 128.591728375671892, 38.192299834092644 ], [ 128.595940770738878, 38.190309481198057 ], [ 128.600935123460459, 38.192340758955027 ], [ 128.600801461357634, 38.194189211922932 ] ] ] ] } },
{ "type": "Feature", "properties": { "emd_cd": "51210109", "emd_nm": "청호동" }, "geometry": { "type": "MultiPolygon", "coordinates": [ [ [ [ 128.593846225745409, 38.190696852322212 ], [ 128.593418984493439, 38.200594266770182 ], [ 128.600564981784231, 38.202060333385354 ], [ 128.59559715468302, 38.200099925191132 ], [ 128.600935123460459, 38.192340758955027 ], [ 128.593846225745409, 38.190696852322212 ] ] ], [ [ [ 128.612568919476331, 38.198422512426468 ], [ 128.614256472467133, 38.198608619568859 ], [ 128.614333724577676, 38.197547980898342 ], [ 128.612568919476331, 38.198422512426468 ] ] ], [ [ [ 128.593909565166939, 38.204841178550971 ], [ 128.596080071938928, 38.206872596112746 ], [ 128.599481208340535, 38.206569163015274 ], [ 128.599327847492901, 38.205493016696877 ], [ 128.595334683344845, 38.205849172523102 ], [ 128.594585741822925, 38.20264359778286 ], [ 128.595853466368851, 38.202355935853419 ], [ 128.593255916219874, 38.201517882663779 ], [ 128.593909565166939, 38.204841178550971 ] ] ] ] } },
{ "type": "Feature", "properties": { "emd_cd": "51210110", "emd_nm": "대포동" }, "geometry": { "type": "MultiPolygon", "coordinates": [ [ [ [ 128.581753480741355, 38.176489044818325 ], [ 128.584504283101751, 38.178761888539462 ], [ 128.597055470229321, 38.177191224985918 ], [ 128.600408772962481, 38.179325538230103 ], [ 128.600511223945176, 38.181356447578345 ], [ 128.60185291038448, 38.180939766004556 ], [ 128.603938450697143, 38.18544107446926 ], [ 128.606683206697767, 38.186505519784347 ], [ 128.608830743403331, 38.1829945253292 ], [ 128.614257506216774, 38.181247021240026 ], [ 128.612866066124838, 38.179463410327585 ], [ 128.609194027802403, 38.179227012969626 ], [ 128.612068742228644, 38.169890546108839 ], [ 128.610212195260999, 38.173628603211789 ], [ 128.607807248883745, 38.173620564846942 ], [ 128.608814274797368, 38.169105797726139 ], [ 128.610472902175388, 38.170331526469347 ], [ 128.607868307210083, 38.168201126734488 ], [ 128.608891087856989, 38.163948395837444 ], [ 128.610718212558993, 38.162586602326677 ], [ 128.605808285332159, 38.159434659568412 ], [ 128.603524720440873, 38.16734713529867 ], [ 128.600174924791503, 38.16931167777058 ], [ 128.594900506242112, 38.169546765219785 ], [ 128.592228884564321, 38.167047079590503 ], [ 128.586618483649602, 38.169745425090291 ], [ 128.584990280178431, 38.174104294113711 ], [ 128.581753480741355, 38.176489044818325 ] ] ] ] } },
{ "type": "Feature", "properties": { "emd_cd": "51210111", "emd_nm": "도문동" }, "geometry": { "type": "MultiPolygon", "coordinates": [ [ [ [ 128.605808285332159, 38.159434659568412 ], [ 128.551977380697991, 38.162326881649101 ], [ 128.543483315747949, 38.165835046556879 ], [ 128.532781268549002, 38.167647723687253 ], [ 128.518583840053196, 38.166997540004147 ], [ 128.521807891352893, 38.169108482524223 ], [ 128.521448985217773, 38.1755881589674 ], [ 128.544245544148936, 38.171732338566621 ], [ 128.549221097638963, 38.172203619366911 ], [ 128.552071541330804, 38.175106569996949 ], [ 128.56445264533383, 38.174131407212528 ], [ 128.56592783968145, 38.17731415294179 ], [ 128.572078359878475, 38.178405125718889 ], [ 128.57572418549185, 38.17612190068489 ], [ 128.581753480741355, 38.176489044818325 ], [ 128.584990280178431, 38.174104294113711 ], [ 128.586618483649602, 38.169745425090291 ], [ 128.592228884564321, 38.167047079590503 ], [ 128.594900506242112, 38.169546765219785 ], [ 128.600209865962, 38.169297229770741 ], [ 128.603857796688629, 38.16702849220048 ], [ 128.605808285332159, 38.159434659568412 ] ] ] ] } },
{ "type": "Feature", "properties": { "emd_cd": "51210112", "emd_nm": "설악동" }, "geometry": { "type": "MultiPolygon", "coordinates": [ [ [ [ 128.569844730921318, 38.161890864975405 ], [ 128.570297019798716, 38.154339430930342 ], [ 128.561281256349758, 38.148903465760533 ], [ 128.53586073595352, 38.148896445344874 ], [ 128.535454360266215, 38.145040157533415 ], [ 128.531711825052469, 38.142435631445522 ], [ 128.529869153304759, 38.136085307658242 ], [ 128.525073263538047, 38.138164153529537 ], [ 128.515884746811196, 38.135532078752128 ], [ 128.508806099537196, 38.136531908466623 ], [ 128.499277385929815, 38.134989982308397 ], [ 128.491292975813252, 38.136490677486172 ], [ 128.481284612557857, 38.130677147022261 ], [ 128.466930748599481, 38.118953095362983 ], [ 128.464856741967338, 38.119213016407471 ], [ 128.465820465684999, 38.121311480436184 ], [ 128.464241911247143, 38.128669049913107 ], [ 128.466007323808071, 38.131595931392432 ], [ 128.464548635425899, 38.13527017457514 ], [ 128.465961376807229, 38.136915850759003 ], [ 128.449186696038623, 38.147463132226939 ], [ 128.443062829377681, 38.149597994729746 ], [ 128.437921376987674, 38.15486880492891 ], [ 128.437484648892024, 38.159590693016604 ], [ 128.439030090276333, 38.162583473522723 ], [ 128.433773233654392, 38.166316820728035 ], [ 128.433186961151023, 38.168605487459317 ], [ 128.421140173490585, 38.176688333211736 ], [ 128.426505690955395, 38.189148612149523 ], [ 128.438448552122111, 38.192563773960842 ], [ 128.441410749309966, 38.203129121146148 ], [ 128.444263693102556, 38.203582714510937 ], [ 128.454461792800032, 38.19811871406781 ], [ 128.462604949016026, 38.196939552311612 ], [ 128.466632495059798, 38.198616062023433 ], [ 128.477114363021656, 38.192802291473427 ], [ 128.476753508160499, 38.186798521107242 ], [ 128.478453158579839, 38.185480561068204 ], [ 128.483891785611888, 38.185437275912783 ], [ 128.495782204423165, 38.181787468317097 ], [ 128.505949337861324, 38.1817695116899 ], [ 128.520930505656793, 38.176151660546836 ], [ 128.521807891352893, 38.169108482524223 ], [ 128.518583840053196, 38.166997540004147 ], [ 128.532781268549002, 38.167647723687253 ], [ 128.543483315747949, 38.165835046556879 ], [ 128.551977380697991, 38.162326881649101 ], [ 128.569844730921318, 38.161890864975405 ] ] ] ] } },
{ "type": "Feature", "properties": { "emd_cd": "51210113", "emd_nm": "장사동" }, "geometry": { "type": "MultiPolygon", "coordinates": [ [ [ [ 128.590774590076137, 38.221817554558363 ], [ 128.590043641395198, 38.217541557150902 ], [ 128.585163504806786, 38.216664177410628 ], [ 128.583832435142313, 38.211234489505472 ], [ 128.582174058682341, 38.213802492634059 ], [ 128.580797675531585, 38.213534807185695 ], [ 128.583813179897618, 38.2148569559047 ], [ 128.58351587258079, 38.215991199967597 ], [ 128.578133816053651, 38.215932480581088 ], [ 128.576650235905191, 38.214479959585304 ], [ 128.573940863698539, 38.215897707079577 ], [ 128.572770683717522, 38.213525872809107 ], [ 128.56507223290231, 38.209982274415864 ], [ 128.562341958782639, 38.205613516316518 ], [ 128.560085916618618, 38.204753611352686 ], [ 128.553829905466642, 38.20684863916933 ], [ 128.544796803523838, 38.203142950271364 ], [ 128.537860065500382, 38.203043518232484 ], [ 128.522209107639497, 38.207623330685351 ], [ 128.53759858932645, 38.21736501017439 ], [ 128.545259387178049, 38.216462910768463 ], [ 128.555041554900271, 38.217869351097221 ], [ 128.561230792632387, 38.220952439354477 ], [ 128.567326215139843, 38.22006741474955 ], [ 128.574316788292833, 38.221790109610481 ], [ 128.582569962790274, 38.229084747083171 ], [ 128.584443101216578, 38.228713579145662 ], [ 128.584905436602867, 38.230751338852549 ], [ 128.586771007742385, 38.227476683267234 ], [ 128.589910101808982, 38.227222549405219 ], [ 128.591815508898605, 38.22467699867282 ], [ 128.588602689545752, 38.226862217284832 ], [ 128.589209208363286, 38.224397446040008 ], [ 128.59070277890828, 38.224787161277661 ], [ 128.589094724972512, 38.224328234473042 ], [ 128.590663208204688, 38.221792255360945 ], [ 128.592428880775145, 38.223498486581363 ], [ 128.592826477200902, 38.222183718187082 ], [ 128.590774590076137, 38.221817554558363 ] ] ], [ [ [ 128.595491495882328, 38.22840593707663 ], [ 128.595398366344114, 38.228560953933084 ], [ 128.595527746352104, 38.228522816742604 ], [ 128.595491495882328, 38.22840593707663 ] ] ], [ [ [ 128.593546705343044, 38.228264782118657 ], [ 128.593515640351825, 38.228720835592739 ], [ 128.593737481334671, 38.228548114701837 ], [ 128.593546705343044, 38.228264782118657 ] ] ] ] } },
{ "type": "Feature", "properties": { "emd_cd": "51230101", "emd_nm": "성내동" }, "geometry": { "type": "MultiPolygon", "coordinates": [ [ [ [ 129.162203317424797, 37.441015195339681 ], [ 129.160410237365767, 37.439733358615129 ], [ 129.159331877080632, 37.440988015025908 ], [ 129.161811910578479, 37.444290186164892 ], [ 129.162203317424797, 37.441015195339681 ] ] ] ] } },
{ "type": "Feature", "properties": { "emd_cd": "51230102", "emd_nm": "성북동" }, "geometry": { "type": "MultiPolygon", "coordinates": [ [ [ [ 129.15860449285924, 37.446143097486505 ], [ 129.160123352788361, 37.440046718000247 ], [ 129.154753940612522, 37.440862184697103 ], [ 129.153728242359279, 37.446502320626763 ], [ 129.15860449285924, 37.446143097486505 ] ] ] ] } },
{ "type": "Feature", "properties": { "emd_cd": "51230103", "emd_nm": "읍상동" }, "geometry": { "type": "MultiPolygon", "coordinates": [ [ [ [ 129.162285912811029, 37.438761355929209 ], [ 129.160410237365767, 37.439733358615129 ], [ 129.162203317424797, 37.441015195339681 ], [ 129.163397377797935, 37.440559737569252 ], [ 129.162285912811029, 37.438761355929209 ] ] ] ] } },
{ "type": "Feature", "properties": { "emd_cd": "51230104", "emd_nm": "읍중동" }, "geometry": { "type": "MultiPolygon", "coordinates": [ [ [ [ 129.16385798747595, 37.441450148459403 ], [ 129.162127696802571, 37.441083414294368 ], [ 129.162988376859857, 37.442305638898155 ], [ 129.16385798747595, 37.441450148459403 ] ] ] ] } },
{ "type": "Feature", "properties": { "emd_cd": "51230105", "emd_nm": "당저동" }, "geometry": { "type": "MultiPolygon", "coordinates": [ [ [ [ 129.171122257475332, 37.447342104015995 ], [ 129.163994982006585, 37.445032140280453 ], [ 129.163335382013571, 37.442174067781885 ], [ 129.162110023686324, 37.444261480887057 ], [ 129.159268526492497, 37.443602877603851 ], [ 129.158060738273775, 37.449865913598508 ], [ 129.160657624972856, 37.450512377639711 ], [ 129.16327617120794, 37.446542664233689 ], [ 129.169985478405891, 37.449511470248957 ], [ 129.171122257475332, 37.447342104015995 ] ] ] ] } },
{ "type": "Feature", "properties": { "emd_cd": "51230106", "emd_nm": "교동" }, "geometry": { "type": "MultiPolygon", "coordinates": [ [ [ [ 129.189808997534868, 37.450507096542339 ], [ 129.189983940298191, 37.450695082909753 ], [ 129.190047441628508, 37.450667482938954 ], [ 129.189808997534868, 37.450507096542339 ] ] ], [ [ [ 129.158498147461529, 37.451197840722578 ], [ 129.157887544904213, 37.455164769999691 ], [ 129.164354953633136, 37.4553677008279 ], [ 129.169394957195948, 37.460284597226973 ], [ 129.166174907551209, 37.465581806814342 ], [ 129.171472707728867, 37.466436504404584 ], [ 129.1757681737827, 37.464008873252062 ], [ 129.176739642842847, 37.463972622114127 ], [ 129.178652764403466, 37.464850879941558 ], [ 129.17890561531749, 37.46475575112121 ], [ 129.177327972319034, 37.463710547298717 ], [ 129.186672072028216, 37.456278244248374 ], [ 129.187841679087569, 37.453599924960812 ], [ 129.186601089942485, 37.452520009718071 ], [ 129.189321524421246, 37.452044942974702 ], [ 129.189746801400787, 37.450212116155917 ], [ 129.18524320888676, 37.446488018009198 ], [ 129.182096594717478, 37.447261290512017 ], [ 129.181334534588814, 37.449119669736305 ], [ 129.172055030669924, 37.446662240800514 ], [ 129.174888334754996, 37.442760344683606 ], [ 129.170590880159239, 37.441633390533305 ], [ 129.173136736558263, 37.443674296628281 ], [ 129.170284868315804, 37.449444657003681 ], [ 129.16327617120794, 37.446542664233689 ], [ 129.161066916596099, 37.450144981144888 ], [ 129.158498147461529, 37.451197840722578 ] ] ], [ [ [ 129.186041660947865, 37.457256604356878 ], [ 129.186024074059105, 37.457385304327943 ], [ 129.186223738954766, 37.457337671682808 ], [ 129.186041660947865, 37.457256604356878 ] ] ], [ [ [ 129.175303961659665, 37.464730729385195 ], [ 129.175265772871597, 37.465075239329593 ], [ 129.175540636859637, 37.46494593729453 ], [ 129.175303961659665, 37.464730729385195 ] ] ] ] } },
{ "type": "Feature", "properties": { "emd_cd": "51230107", "emd_nm": "갈천동" }, "geometry": { "type": "MultiPolygon", "coordinates": [ [ [ [ 129.163176005911509, 37.455583803580801 ], [ 129.16045796114841, 37.461268867566652 ], [ 129.158665120040155, 37.460621154099066 ], [ 129.159573621906418, 37.462755927155065 ], [ 129.157893539640213, 37.4625877280968 ], [ 129.154552521580769, 37.465855971413724 ], [ 129.165637798231899, 37.473548810705125 ], [ 129.165038904970885, 37.471496228392382 ], [ 129.171472707728867, 37.466436504404584 ], [ 129.166174907551209, 37.465581806814342 ], [ 129.169394957195948, 37.460284597226973 ], [ 129.163176005911509, 37.455583803580801 ] ] ] ] } },
{ "type": "Feature", "properties": { "emd_cd": "51230108", "emd_nm": "증산동" }, "geometry": { "type": "MultiPolygon", "coordinates": [ [ [ [ 129.151015603034466, 37.46711931813617 ], [ 129.155206896110087, 37.474217163156403 ], [ 129.158166991039792, 37.476377502375755 ], [ 129.164928174499266, 37.473458252235631 ], [ 129.154552521580769, 37.465855971413724 ], [ 129.151015603034466, 37.46711931813617 ] ] ] ] } },
{ "type": "Feature", "properties": { "emd_cd": "51230109", "emd_nm": "우지동" }, "geometry": { "type": "MultiPolygon", "coordinates": [ [ [ [ 129.134674674275885, 37.45327459912972 ], [ 129.138195430656907, 37.462981057346468 ], [ 129.141298854795366, 37.466279779609614 ], [ 129.149106080047062, 37.464837474799317 ], [ 129.151015603034466, 37.46711931813617 ], [ 129.155903794849934, 37.465621187236671 ], [ 129.158140100146056, 37.462204420633746 ], [ 129.154273002397673, 37.456597923944138 ], [ 129.154485350388939, 37.454300166117889 ], [ 129.148824923528508, 37.450901571343543 ], [ 129.14812426960836, 37.447967179249922 ], [ 129.140650339875293, 37.449430987571631 ], [ 129.13955043562072, 37.451074289512171 ], [ 129.136821390120076, 37.449603830771458 ], [ 129.134674674275885, 37.45327459912972 ] ] ] ] } },
{ "type": "Feature", "properties": { "emd_cd": "51230110", "emd_nm": "마달동" }, "geometry": { "type": "MultiPolygon", "coordinates": [ [ [ [ 129.157893539640213, 37.4625877280968 ], [ 129.159573621906418, 37.462755927155065 ], [ 129.158665120040155, 37.460621154099066 ], [ 129.16045796114841, 37.461268867566652 ], [ 129.163176005911509, 37.455583803580801 ], [ 129.15783007467644, 37.455078367500548 ], [ 129.15860449285924, 37.446143097486505 ], [ 129.154591833829926, 37.446893521854662 ], [ 129.15441138124396, 37.445571608703531 ], [ 129.152025401252899, 37.445621892632637 ], [ 129.148637672493948, 37.448231076944403 ], [ 129.148824923528508, 37.450901571343543 ], [ 129.154485350388939, 37.454300166117889 ], [ 129.154273002397673, 37.456597923944138 ], [ 129.157893539640213, 37.4625877280968 ] ] ] ] } },
{ "type": "Feature", "properties": { "emd_cd": "51230111", "emd_nm": "자원동" }, "geometry": { "type": "MultiPolygon", "coordinates": [ [ [ [ 129.145664805630958, 37.448616586456126 ], [ 129.14462555186546, 37.445423572243179 ], [ 129.147904056660082, 37.440953452294714 ], [ 129.144555689413352, 37.436338820776697 ], [ 129.137274332820311, 37.43789965555537 ], [ 129.131950783009984, 37.437056286582013 ], [ 129.131508942120945, 37.44008741420474 ], [ 129.134481366420829, 37.444403972164253 ], [ 129.137336793205208, 37.4451070434557 ], [ 129.140650339875293, 37.449430987571631 ], [ 129.145664805630958, 37.448616586456126 ] ] ] ] } },
{ "type": "Feature", "properties": { "emd_cd": "51230112", "emd_nm": "평전동" }, "geometry": { "type": "MultiPolygon", "coordinates": [ [ [ [ 129.140650339875293, 37.449430987571631 ], [ 129.136510412483858, 37.444452101746521 ], [ 129.133772507757101, 37.444056753246244 ], [ 129.128902552539444, 37.444987436447505 ], [ 129.124571135076536, 37.450464174255217 ], [ 129.130441958318556, 37.456048074152768 ], [ 129.131117704565241, 37.454316322634099 ], [ 129.136110428529776, 37.452241825375879 ], [ 129.136821390120076, 37.449603830771458 ], [ 129.13955043562072, 37.451074289512171 ], [ 129.140650339875293, 37.449430987571631 ] ] ] ] } },
{ "type": "Feature", "properties": { "emd_cd": "51230113", "emd_nm": "등봉동" }, "geometry": { "type": "MultiPolygon", "coordinates": [ [ [ [ 129.108714046806625, 37.455868799331832 ], [ 129.113258079277671, 37.457544146619007 ], [ 129.116265496691085, 37.460686431652732 ], [ 129.123156636468224, 37.456967641280073 ], [ 129.127927642583757, 37.456830646504429 ], [ 129.128785574113834, 37.455331254121141 ], [ 129.124673718192838, 37.449478420111561 ], [ 129.128902552539444, 37.444987436447505 ], [ 129.134358546553983, 37.444087334030705 ], [ 129.131508942120945, 37.44008741420474 ], [ 129.132320913181985, 37.438988793118149 ], [ 129.128476341852036, 37.437436888975384 ], [ 129.124535187412732, 37.441181457118049 ], [ 129.12113959928206, 37.442054144534914 ], [ 129.114264221737983, 37.44754107377512 ], [ 129.112702738380335, 37.4528067751897 ], [ 129.108908342872894, 37.453417724072033 ], [ 129.108714046806625, 37.455868799331832 ] ] ] ] } },
{ "type": "Feature", "properties": { "emd_cd": "51230114", "emd_nm": "도경동" }, "geometry": { "type": "MultiPolygon", "coordinates": [ [ [ [ 129.1209683217796, 37.430776552222888 ], [ 129.118953150264872, 37.429494974584294 ], [ 129.116096912382204, 37.431264423311035 ], [ 129.106609383421187, 37.432139234435674 ], [ 129.105387521684548, 37.435089732523629 ], [ 129.092967590113943, 37.441885913039762 ], [ 129.092157651915556, 37.444039387470596 ], [ 129.084987372176442, 37.446127284486614 ], [ 129.082141049735753, 37.452531447389362 ], [ 129.078227243204225, 37.453122382493532 ], [ 129.076858550521962, 37.456347757259088 ], [ 129.083445777410219, 37.460447879374385 ], [ 129.088259135020792, 37.460505199578634 ], [ 129.095737308439254, 37.463405180058508 ], [ 129.098506605824213, 37.462702003109548 ], [ 129.098869625043704, 37.460594866314707 ], [ 129.108714046806625, 37.455868799331832 ], [ 129.108908342872894, 37.453417724072033 ], [ 129.112702738380335, 37.4528067751897 ], [ 129.11305524018627, 37.449655145345794 ], [ 129.116265078456422, 37.445807277135721 ], [ 129.124535187412732, 37.441181457118049 ], [ 129.124797929163691, 37.435831751829397 ], [ 129.11952998660243, 37.434888302582159 ], [ 129.1209683217796, 37.430776552222888 ] ] ] ] } },
{ "type": "Feature", "properties": { "emd_cd": "51230115", "emd_nm": "마평동" }, "geometry": { "type": "MultiPolygon", "coordinates": [ [ [ [ 129.139740897383092, 37.421314686382821 ], [ 129.135769687312944, 37.411258015073265 ], [ 129.136017139726874, 37.407973199725198 ], [ 129.130635111047042, 37.405659891807105 ], [ 129.128013972656049, 37.41317494718362 ], [ 129.12875250075848, 37.421360503950467 ], [ 129.130962562022717, 37.425219251409395 ], [ 129.122151246660337, 37.429558023761494 ], [ 129.119852339647451, 37.435542626479645 ], [ 129.124797929163691, 37.435831751829397 ], [ 129.125169828739786, 37.440102261157939 ], [ 129.128476341852036, 37.437436888975384 ], [ 129.131536398078083, 37.438028309637822 ], [ 129.140843422118792, 37.43337626806057 ], [ 129.144739520239341, 37.43475095769724 ], [ 129.141653591772155, 37.430538248280037 ], [ 129.14216721758109, 37.429263853946289 ], [ 129.13976867922247, 37.427626926279366 ], [ 129.138410883856892, 37.423938283392708 ], [ 129.139740897383092, 37.421314686382821 ] ] ] ] } },
{ "type": "Feature", "properties": { "emd_cd": "51230116", "emd_nm": "오사동" }, "geometry": { "type": "MultiPolygon", "coordinates": [ [ [ [ 129.134483404204474, 37.436831177174817 ], [ 129.137274332820311, 37.43789965555537 ], [ 129.144555689413352, 37.436338820776697 ], [ 129.141844916161347, 37.433266583973356 ], [ 129.134483404204474, 37.436831177174817 ] ] ] ] } },
{ "type": "Feature", "properties": { "emd_cd": "51230117", "emd_nm": "건지동" }, "geometry": { "type": "MultiPolygon", "coordinates": [ [ [ [ 129.152142326969681, 37.43654342305728 ], [ 129.150635400890707, 37.434433945792065 ], [ 129.153324181940064, 37.425930427045323 ], [ 129.155468886892379, 37.424248404826443 ], [ 129.154563646568931, 37.419942208300455 ], [ 129.152104738617282, 37.418995997295163 ], [ 129.146787353736187, 37.428894952849348 ], [ 129.141607196372036, 37.424829909389686 ], [ 129.141133812438085, 37.422101118905708 ], [ 129.138995715378115, 37.42153314037617 ], [ 129.13976867922247, 37.427626926279366 ], [ 129.144114704262137, 37.432647676707866 ], [ 129.144870781915927, 37.437210056762495 ], [ 129.147484915159765, 37.438060464117498 ], [ 129.152142326969681, 37.43654342305728 ] ] ] ] } },
{ "type": "Feature", "properties": { "emd_cd": "51230118", "emd_nm": "원당동" }, "geometry": { "type": "MultiPolygon", "coordinates": [ [ [ [ 129.145664805630958, 37.448616586456126 ], [ 129.154170978393296, 37.445458572719588 ], [ 129.153959843882461, 37.441284099217654 ], [ 129.157587743212133, 37.440333117540682 ], [ 129.153805653005747, 37.437044820558263 ], [ 129.14597599507232, 37.437930365025643 ], [ 129.147904056660082, 37.440953452294714 ], [ 129.144487119153325, 37.446540303871124 ], [ 129.145664805630958, 37.448616586456126 ] ] ] ] } },
{ "type": "Feature", "properties": { "emd_cd": "51230119", "emd_nm": "성남동" }, "geometry": { "type": "MultiPolygon", "coordinates": [ [ [ [ 129.150635400890707, 37.434433945792065 ], [ 129.157847965773271, 37.440473159720661 ], [ 129.162285912811029, 37.438761355929209 ], [ 129.163080305407476, 37.437806844077208 ], [ 129.160212154894737, 37.430935996293563 ], [ 129.161850741183997, 37.426884242767933 ], [ 129.155990062518583, 37.424281810236728 ], [ 129.153533120891723, 37.425521928882112 ], [ 129.150635400890707, 37.434433945792065 ] ] ] ] } },
{ "type": "Feature", "properties": { "emd_cd": "51230120", "emd_nm": "남양동" }, "geometry": { "type": "MultiPolygon", "coordinates": [ [ [ [ 129.154563646568931, 37.419942208300455 ], [ 129.154321088662954, 37.423192981577465 ], [ 129.161850741183997, 37.426884242767933 ], [ 129.160226707467388, 37.431251834569089 ], [ 129.163080305407476, 37.437806844077208 ], [ 129.163421193432185, 37.439807516574511 ], [ 129.162154383925184, 37.439892281744847 ], [ 129.163840499704719, 37.441159354230415 ], [ 129.163501787004407, 37.44446444385084 ], [ 129.171122257475332, 37.447342104015995 ], [ 129.173144631555658, 37.443182722650583 ], [ 129.168174163042266, 37.43835028836024 ], [ 129.169934037955784, 37.43611053666573 ], [ 129.166684487640907, 37.434480719102382 ], [ 129.166219359399435, 37.427072585189279 ], [ 129.162078605455036, 37.42414241203565 ], [ 129.160180890460111, 37.418679091386373 ], [ 129.156753117604552, 37.418223711446913 ], [ 129.154563646568931, 37.419942208300455 ] ] ] ] } },
{ "type": "Feature", "properties": { "emd_cd": "51230121", "emd_nm": "사직동" }, "geometry": { "type": "MultiPolygon", "coordinates": [ [ [ [ 129.177426726253202, 37.424496689372354 ], [ 129.166748947037888, 37.416860395729017 ], [ 129.162334193556518, 37.415924412306275 ], [ 129.160156059937492, 37.418453889925985 ], [ 129.162078605455036, 37.42414241203565 ], [ 129.166219359399435, 37.427072585189279 ], [ 129.166805974371101, 37.434711883275654 ], [ 129.169979375387555, 37.436430321025824 ], [ 129.174239521135831, 37.433457881995601 ], [ 129.18274651383976, 37.431442240042372 ], [ 129.177426726253202, 37.424496689372354 ] ] ] ] } },
{ "type": "Feature", "properties": { "emd_cd": "51230122", "emd_nm": "오분동" }, "geometry": { "type": "MultiPolygon", "coordinates": [ [ [ [ 129.177229579064885, 37.425224277842467 ], [ 129.18033060664547, 37.427011772782031 ], [ 129.18274651383976, 37.431442240042372 ], [ 129.190203183256301, 37.432312282907986 ], [ 129.192530292910305, 37.429293130145304 ], [ 129.192072943847705, 37.424582156072908 ], [ 129.195058595988172, 37.42334073302937 ], [ 129.195789461187417, 37.419836217103331 ], [ 129.197416386751087, 37.419695317581926 ], [ 129.190701005999841, 37.412181188209644 ], [ 129.187988245398657, 37.413093744437887 ], [ 129.191493536320479, 37.417729444712471 ], [ 129.189135485861556, 37.422393849687751 ], [ 129.185608265720845, 37.421322371734604 ], [ 129.177229579064885, 37.425224277842467 ] ] ] ] } },
{ "type": "Feature", "properties": { "emd_cd": "51230123", "emd_nm": "적노동" }, "geometry": { "type": "MultiPolygon", "coordinates": [ [ [ [ 129.163424164782697, 37.415787628864791 ], [ 129.177426726253202, 37.424496689372354 ], [ 129.185608265720845, 37.421322371734604 ], [ 129.189135485861556, 37.422393849687751 ], [ 129.191493536320479, 37.417729444712471 ], [ 129.18706770801839, 37.410538814610561 ], [ 129.182788088310673, 37.409842663480013 ], [ 129.182712837014009, 37.408425387244705 ], [ 129.172069732551336, 37.402274882396881 ], [ 129.170043054770275, 37.403194542340103 ], [ 129.168906528650041, 37.411286459007279 ], [ 129.164596345495113, 37.412592138244271 ], [ 129.163424164782697, 37.415787628864791 ] ] ] ] } },
{ "type": "Feature", "properties": { "emd_cd": "51230124", "emd_nm": "조비동" }, "geometry": { "type": "MultiPolygon", "coordinates": [ [ [ [ 129.138203043416297, 37.389011221415146 ], [ 129.139427681896706, 37.394603475253263 ], [ 129.135621607575757, 37.403896419208102 ], [ 129.136017139726874, 37.407973199725198 ], [ 129.141832048967501, 37.407842093619237 ], [ 129.144869403879682, 37.413653630458271 ], [ 129.150325841277805, 37.414394756140936 ], [ 129.152104738617282, 37.418995997295163 ], [ 129.154563646568931, 37.419942208300455 ], [ 129.156753117604552, 37.418223711446913 ], [ 129.160051004726682, 37.4188948595692 ], [ 129.164292235401632, 37.415193976781694 ], [ 129.164596345495113, 37.412592138244271 ], [ 129.168640566935551, 37.411674072241432 ], [ 129.170801526345116, 37.402377266862992 ], [ 129.168779057642269, 37.399049970720192 ], [ 129.169920285797332, 37.394643823122856 ], [ 129.167215564674194, 37.391612781928934 ], [ 129.168457138992608, 37.388751338893108 ], [ 129.164117221848926, 37.383606384345995 ], [ 129.154018337111268, 37.377367165999701 ], [ 129.146085204403818, 37.382631987424283 ], [ 129.147821908631784, 37.389531231372942 ], [ 129.144407639394814, 37.391792981691488 ], [ 129.138203043416297, 37.389011221415146 ] ] ] ] } },
{ "type": "Feature", "properties": { "emd_cd": "51230125", "emd_nm": "정상동" }, "geometry": { "type": "MultiPolygon", "coordinates": [ [ [ [ 129.177029057343788, 37.432421073126029 ], [ 129.168152586296372, 37.438021468843139 ], [ 129.170232691237572, 37.441341885762341 ], [ 129.174888334754996, 37.442760344683606 ], [ 129.172055030669924, 37.446662240800514 ], [ 129.181334534588814, 37.449119669736305 ], [ 129.182232292571655, 37.443749787550054 ], [ 129.185811283030063, 37.441615208745169 ], [ 129.18471056490003, 37.437229462731892 ], [ 129.187056536582048, 37.431323558762848 ], [ 129.177029057343788, 37.432421073126029 ] ] ] ] } },
{ "type": "Feature", "properties": { "emd_cd": "51230126", "emd_nm": "정하동" }, "geometry": { "type": "MultiPolygon", "coordinates": [ [ [ [ 129.182232292571655, 37.443749787550054 ], [ 129.182096594717478, 37.447261290512017 ], [ 129.185959263004293, 37.446792317045862 ], [ 129.189746801400787, 37.450212116155917 ], [ 129.189499409869399, 37.445481082283358 ], [ 129.193362270779915, 37.440887849234109 ], [ 129.194464202828101, 37.434568936650159 ], [ 129.197247837592585, 37.432277186573366 ], [ 129.194203173283029, 37.434498507114021 ], [ 129.192561886460055, 37.437688523182622 ], [ 129.188290331004481, 37.438734049254904 ], [ 129.1872341749052, 37.437507945894673 ], [ 129.191158499948074, 37.437660815386543 ], [ 129.189439412484091, 37.437142633992131 ], [ 129.189228145047025, 37.434399669987371 ], [ 129.192238248050529, 37.434073029798633 ], [ 129.193865838718523, 37.432391057001595 ], [ 129.190632846330999, 37.433932492773451 ], [ 129.190203183256301, 37.432312282907986 ], [ 129.187056536582048, 37.431323558762848 ], [ 129.18471056490003, 37.437229462731892 ], [ 129.185811283030063, 37.441615208745169 ], [ 129.182232292571655, 37.443749787550054 ] ] ], [ [ [ 129.190498246436675, 37.448444278384642 ], [ 129.190510447185886, 37.448626712637576 ], [ 129.190647977681692, 37.448656460121541 ], [ 129.190498246436675, 37.448444278384642 ] ] ] ] } },
{ "type": "Feature", "properties": { "emd_cd": "51230127", "emd_nm": "근산동" }, "geometry": { "type": "MultiPolygon", "coordinates": [ [ [ [ 129.136017139726874, 37.407973199725198 ], [ 129.136026445178118, 37.412129542967037 ], [ 129.13937164969397, 37.417712928492968 ], [ 129.138433106348458, 37.420072641591382 ], [ 129.141133812438085, 37.422101118905708 ], [ 129.141607196372036, 37.424829909389686 ], [ 129.146997017914686, 37.428786123352275 ], [ 129.152104738617282, 37.418995997295163 ], [ 129.151588808037104, 37.416629380965745 ], [ 129.150325841277805, 37.414394756140936 ], [ 129.144869403879682, 37.413653630458271 ], [ 129.141832048967501, 37.407842093619237 ], [ 129.136017139726874, 37.407973199725198 ] ] ] ] } },
{ "type": "Feature", "properties": { "emd_cd": "51230250", "emd_nm": "도계읍" }, "geometry": { "type": "MultiPolygon", "coordinates": [ [ [ [ 128.989987586898422, 37.241404897845406 ], [ 128.99289691320871, 37.244293362837006 ], [ 128.998591286476909, 37.243113162195719 ], [ 129.001859119498903, 37.244634773124979 ], [ 129.000451940257506, 37.246907269283959 ], [ 129.002555140060451, 37.249012139902575 ], [ 129.001674158801876, 37.250610441565208 ], [ 129.006529900219249, 37.250615876855889 ], [ 129.007944426676005, 37.253508112256974 ], [ 129.007020309396324, 37.255691002633981 ], [ 129.008369342729566, 37.25672015074376 ], [ 129.010419971098884, 37.255441253547282 ], [ 129.009928348921449, 37.25953665491064 ], [ 129.005180594540064, 37.263769144997219 ], [ 129.007932431862997, 37.270365921935365 ], [ 129.010210080709726, 37.269941398173835 ], [ 129.015111399598368, 37.274175664050844 ], [ 129.013306756149433, 37.277439672938634 ], [ 129.014182894658433, 37.278707291709686 ], [ 129.005909469751884, 37.282793713138815 ], [ 129.005721946998193, 37.286479168673409 ], [ 129.00377239466826, 37.288397186064699 ], [ 129.008296487102683, 37.295165012644532 ], [ 129.01830049459349, 37.303531210112993 ], [ 129.033464519843989, 37.300370591098101 ], [ 129.045362316824537, 37.307149435456566 ], [ 129.046408305389519, 37.311191193709064 ], [ 129.049725244018987, 37.313590120342198 ], [ 129.057167988116277, 37.314481377128978 ], [ 129.059511235160102, 37.316297805329825 ], [ 129.068811919021329, 37.314697756619054 ], [ 129.068699372187922, 37.310189309636243 ], [ 129.065420546872275, 37.308603359719157 ], [ 129.062367586988699, 37.303384207161258 ], [ 129.072077030366557, 37.295573832248905 ], [ 129.071759383270546, 37.29339419302439 ], [ 129.087353562234227, 37.295712454979046 ], [ 129.098635815258831, 37.293897565455168 ], [ 129.102994274704855, 37.295109724058975 ], [ 129.105065091307466, 37.286175790677163 ], [ 129.109099873102195, 37.283228078783118 ], [ 129.10839987955174, 37.27789153480375 ], [ 129.11151287286603, 37.274475072852418 ], [ 129.111519317958908, 37.270829735382762 ], [ 129.118830830706713, 37.262081650200322 ], [ 129.122617461426302, 37.260071447530514 ], [ 129.12631512272165, 37.260660002978319 ], [ 129.130313145715775, 37.256302996574881 ], [ 129.128012936056791, 37.248361744565145 ], [ 129.121998061025153, 37.242487004107453 ], [ 129.119941209477929, 37.242255475536055 ], [ 129.118879431394276, 37.239495614314428 ], [ 129.119033433426608, 37.236293690462325 ], [ 129.123468362301082, 37.228278545442954 ], [ 129.12643685155291, 37.228491530336711 ], [ 129.131360766611465, 37.225489778204071 ], [ 129.136447070804451, 37.229268554493615 ], [ 129.143187438412298, 37.228080879455348 ], [ 129.144315309804881, 37.224099654430148 ], [ 129.148410529429725, 37.220506654411722 ], [ 129.151522918539314, 37.211396522233784 ], [ 129.160950366276097, 37.208048078581157 ], [ 129.165641821331178, 37.208381419150925 ], [ 129.165094396180848, 37.204308485739048 ], [ 129.169081693287893, 37.203131231458627 ], [ 129.167093264693079, 37.197242493038623 ], [ 129.168601546172454, 37.190746639493163 ], [ 129.164859596145533, 37.18469618481128 ], [ 129.160183587822985, 37.183744644404783 ], [ 129.151942204712384, 37.174043555378546 ], [ 129.146736906423854, 37.177063389448783 ], [ 129.137608144142462, 37.17552146616714 ], [ 129.131068627609721, 37.172190796876748 ], [ 129.12528988471098, 37.174674435151509 ], [ 129.120935812805243, 37.172307756038961 ], [ 129.109177024976162, 37.169882385924353 ], [ 129.099967101064209, 37.171615599077079 ], [ 129.095534139469862, 37.16838350177801 ], [ 129.095101288552002, 37.166420852242702 ], [ 129.088979921032774, 37.164551757291079 ], [ 129.089107748487152, 37.162157894852008 ], [ 129.086167765388097, 37.159473069074622 ], [ 129.071901446526851, 37.160165073114612 ], [ 129.074703336020093, 37.164643961133827 ], [ 129.072489937285127, 37.16957917148401 ], [ 129.058282119658941, 37.171197681327214 ], [ 129.051330904176467, 37.169864910549236 ], [ 129.048197401010952, 37.172635644482824 ], [ 129.045101668057924, 37.171713040293348 ], [ 129.036468850208422, 37.175905250145782 ], [ 129.027276867531128, 37.17508371264374 ], [ 129.025690188876069, 37.177684141637634 ], [ 129.016575326612781, 37.181316309598614 ], [ 129.0155130836838, 37.184386130996877 ], [ 129.012325685281155, 37.185407162812282 ], [ 129.007152455622361, 37.194564044170306 ], [ 129.008938251413213, 37.198685871329843 ], [ 129.007085910041781, 37.201115119866607 ], [ 129.000538796794132, 37.202935295363538 ], [ 129.001198866812103, 37.206112626615003 ], [ 128.998632004158907, 37.207928773400056 ], [ 129.000118411134167, 37.208941384820456 ], [ 129.001170156692012, 37.215168884420635 ], [ 129.000157588749829, 37.217930781418453 ], [ 129.010723018003119, 37.220919793295579 ], [ 129.004561794091529, 37.227098232219895 ], [ 129.008071696987201, 37.229166394155754 ], [ 129.005429881581392, 37.230813037266934 ], [ 129.007872440115079, 37.232529450007554 ], [ 129.004082075928125, 37.235243905010464 ], [ 128.993187644739493, 37.235312065143006 ], [ 128.989987586898422, 37.241404897845406 ] ] ] ] } },
{ "type": "Feature", "properties": { "emd_cd": "51230253", "emd_nm": "원덕읍" }, "geometry": { "type": "MultiPolygon", "coordinates": [ [ [ [ 129.169304133514231, 37.203472907914637 ], [ 129.181893019259093, 37.2052761938264 ], [ 129.184383971331044, 37.210636753623412 ], [ 129.184154644351224, 37.216383513976652 ], [ 129.182027120932418, 37.219542277228733 ], [ 129.184745906195758, 37.220879510043176 ], [ 129.184318614721377, 37.223919237310014 ], [ 129.192867421551853, 37.223315949990344 ], [ 129.194874924969128, 37.221659820580705 ], [ 129.199017287942922, 37.222929031042653 ], [ 129.206810413144154, 37.218408305079492 ], [ 129.213930899711897, 37.219848832224365 ], [ 129.214041933679084, 37.225301964586514 ], [ 129.217406858776883, 37.227425495916812 ], [ 129.217254666833924, 37.230963605555019 ], [ 129.220315601742044, 37.234196747732184 ], [ 129.219551054950273, 37.238114268636544 ], [ 129.222911027230225, 37.238388717507377 ], [ 129.231378666203909, 37.228417757850877 ], [ 129.236028281101881, 37.226723681278578 ], [ 129.248301558656692, 37.230786299395817 ], [ 129.252703058016635, 37.234968820736043 ], [ 129.257734831921539, 37.236919979556816 ], [ 129.260099984440473, 37.240427947381384 ], [ 129.267504273750433, 37.240045106230369 ], [ 129.26745352355303, 37.244946219245307 ], [ 129.270519601894733, 37.245366385304806 ], [ 129.27094703542619, 37.248052230348321 ], [ 129.280689794418748, 37.250999645864226 ], [ 129.281719676731882, 37.249676314006685 ], [ 129.288067980148554, 37.24976225448296 ], [ 129.298054752261152, 37.25919135257341 ], [ 129.303575521726742, 37.256173496249033 ], [ 129.312778805625101, 37.257329880058172 ], [ 129.313421755654588, 37.261497204710103 ], [ 129.31097509968194, 37.263064402181755 ], [ 129.312304816561863, 37.267537940638825 ], [ 129.316175223983009, 37.268663495077334 ], [ 129.321859385314269, 37.273277100607743 ], [ 129.321822011713522, 37.274885189842806 ], [ 129.319650873999819, 37.275826178405872 ], [ 129.318807261179245, 37.280758238620592 ], [ 129.319968223576979, 37.282088852144817 ], [ 129.324490830696448, 37.280796462250365 ], [ 129.325786650940358, 37.28167932551942 ], [ 129.326651446054314, 37.279752102404885 ], [ 129.327871067062404, 37.280320711006262 ], [ 129.327835342289575, 37.281299561650052 ], [ 129.329207375077829, 37.27818328242644 ], [ 129.327340303545355, 37.275036948086971 ], [ 129.329177072020514, 37.272070768361267 ], [ 129.328645598103265, 37.271417098616389 ], [ 129.328683421716391, 37.270111003892417 ], [ 129.327527763194666, 37.268180398674538 ], [ 129.329105361180183, 37.264850237691917 ], [ 129.328419549874241, 37.266259941152391 ], [ 129.326791581969104, 37.265651984596666 ], [ 129.328243718137173, 37.264938135467204 ], [ 129.327137386639521, 37.263642462864496 ], [ 129.333756702406816, 37.260004474575872 ], [ 129.336933250757426, 37.255663083389564 ], [ 129.340551704955715, 37.254596001725801 ], [ 129.341404939358284, 37.248984370001125 ], [ 129.348439176086202, 37.247659166022373 ], [ 129.349877746856265, 37.238805711125721 ], [ 129.355658259663954, 37.235354928107427 ], [ 129.346508065046379, 37.229842833217049 ], [ 129.345241283165535, 37.224789436486013 ], [ 129.346096505696437, 37.229418228359748 ], [ 129.343422130228589, 37.229587174265141 ], [ 129.342447916100497, 37.226403221627741 ], [ 129.343639883741503, 37.225432539033619 ], [ 129.342491658813941, 37.225099429705907 ], [ 129.341361892827194, 37.225168965979911 ], [ 129.342592416033114, 37.225184918378616 ], [ 129.342063428393232, 37.229007982666637 ], [ 129.340875169170232, 37.226012678380599 ], [ 129.339993769990571, 37.221113698831545 ], [ 129.343535699940816, 37.219702473217247 ], [ 129.347782797862379, 37.210635972284138 ], [ 129.345218282357564, 37.206193861851602 ], [ 129.345518978943602, 37.204099953082498 ], [ 129.345883327097994, 37.203464534865553 ], [ 129.346338273198398, 37.203033252920221 ], [ 129.346483892398112, 37.202690226234672 ], [ 129.344721020084478, 37.201477201992958 ], [ 129.345289211684673, 37.199836605740899 ], [ 129.344604665200137, 37.201298817506597 ], [ 129.342979689708415, 37.200787963467704 ], [ 129.342765908297423, 37.195940452996823 ], [ 129.341137145741698, 37.193253026173181 ], [ 129.340475390932795, 37.194771907070283 ], [ 129.339401658880604, 37.193208683118783 ], [ 129.340840701550349, 37.188283371976638 ], [ 129.342549202550487, 37.18844241161856 ], [ 129.342229536205139, 37.192543616728337 ], [ 129.345236280881551, 37.192698020883419 ], [ 129.347506659374261, 37.176579401856166 ], [ 129.345831382925695, 37.175360085699701 ], [ 129.34277388121879, 37.176130592476007 ], [ 129.345090472617869, 37.174967965858862 ], [ 129.344113080665323, 37.171420027907757 ], [ 129.344404794516976, 37.171250157050714 ], [ 129.345019192247833, 37.171216120305914 ], [ 129.352166795262008, 37.175305574616537 ], [ 129.349865970714603, 37.173854649827817 ], [ 129.351156399905051, 37.171759253030793 ], [ 129.356340082437981, 37.165868036062484 ], [ 129.357668424476429, 37.166616785508538 ], [ 129.358453701556073, 37.166585319188385 ], [ 129.355652902652508, 37.165591397872539 ], [ 129.353563479855922, 37.165248737883879 ], [ 129.347269713762955, 37.165872571689924 ], [ 129.347827348339905, 37.163791102694283 ], [ 129.358509054694792, 37.15749103182155 ], [ 129.36188211191012, 37.148756066156082 ], [ 129.3637425137413, 37.148176265262983 ], [ 129.363397006630152, 37.146000900068877 ], [ 129.356637349476642, 37.144830039904903 ], [ 129.34783556080626, 37.146447624143072 ], [ 129.340994524154723, 37.144603016067336 ], [ 129.339505723709749, 37.146829682644615 ], [ 129.338345635790802, 37.143457003392335 ], [ 129.336435065806484, 37.141976359812865 ], [ 129.334079170161232, 37.142603546110394 ], [ 129.333241062943159, 37.140707345024452 ], [ 129.32482956507036, 37.142286213406031 ], [ 129.318146974143474, 37.132952319467947 ], [ 129.314453337031182, 37.131339602089795 ], [ 129.31180089450217, 37.132212845897342 ], [ 129.308885245687918, 37.127939971644942 ], [ 129.303865412678874, 37.128240577194738 ], [ 129.299781800621986, 37.124401620141384 ], [ 129.297775671144279, 37.124432005745568 ], [ 129.295230288535294, 37.120297949177044 ], [ 129.2945913335748, 37.114365109221772 ], [ 129.285385171399582, 37.117248430430543 ], [ 129.281996517418378, 37.11609832329917 ], [ 129.276738543478388, 37.118553505276203 ], [ 129.272018852513071, 37.117008126939311 ], [ 129.26919200212896, 37.11021210866857 ], [ 129.270242867873719, 37.106922793078837 ], [ 129.266895197875215, 37.103185690300869 ], [ 129.249029883878961, 37.096151365862148 ], [ 129.240459150773177, 37.085035119089561 ], [ 129.237252423169764, 37.083812497527276 ], [ 129.230498441524702, 37.076590876840037 ], [ 129.218186152320186, 37.093851727070721 ], [ 129.219178927668622, 37.101707319516976 ], [ 129.214246698166647, 37.107386226255329 ], [ 129.213600075331755, 37.113105695079881 ], [ 129.216621904294328, 37.118497059341657 ], [ 129.214807458247037, 37.124090948330839 ], [ 129.216078011366392, 37.126602564216199 ], [ 129.221798591193334, 37.127714580476351 ], [ 129.224958784374991, 37.133155477627589 ], [ 129.236648862461067, 37.141674905957629 ], [ 129.237246421009303, 37.147914693952487 ], [ 129.239661905351767, 37.15069357350103 ], [ 129.238398615707467, 37.156098543685097 ], [ 129.236900174865156, 37.15900801929741 ], [ 129.227887441926612, 37.158818947373881 ], [ 129.224219764155919, 37.160911421011022 ], [ 129.224768154423401, 37.168864265785523 ], [ 129.228674638537655, 37.172672357908041 ], [ 129.224842861293126, 37.17916802093287 ], [ 129.222997088307721, 37.186128113785607 ], [ 129.219458275601511, 37.186998346279964 ], [ 129.213874931999214, 37.185347487100564 ], [ 129.210436733633031, 37.187408128506917 ], [ 129.198488917233448, 37.186725308242643 ], [ 129.192636351367184, 37.192274054569985 ], [ 129.187933906891345, 37.200224014466947 ], [ 129.181716813487469, 37.202493669142108 ], [ 129.175478567888263, 37.200852956309987 ], [ 129.169174861645416, 37.202194256959146 ], [ 129.169304133514231, 37.203472907914637 ] ] ], [ [ [ 129.331386794894541, 37.261859541469562 ], [ 129.331665759547036, 37.261864656702166 ], [ 129.331372609491297, 37.261825062445936 ], [ 129.331386794894541, 37.261859541469562 ] ] ], [ [ [ 129.327546649851143, 37.263826714949879 ], [ 129.327930312471636, 37.264057853809526 ], [ 129.328022014691811, 37.263956910646598 ], [ 129.327546649851143, 37.263826714949879 ] ] ], [ [ [ 129.328821061909139, 37.266860793026233 ], [ 129.329055215583423, 37.267031503654628 ], [ 129.329120927011786, 37.266882201144568 ], [ 129.328821061909139, 37.266860793026233 ] ] ], [ [ [ 129.329220767678663, 37.267051129542949 ], [ 129.329506458288733, 37.26712359231351 ], [ 129.329552174572314, 37.267009359039427 ], [ 129.329220767678663, 37.267051129542949 ] ] ], [ [ [ 129.329044666421794, 37.271056547068611 ], [ 129.329292141414726, 37.271248944078899 ], [ 129.329392093482056, 37.271124910735097 ], [ 129.329044666421794, 37.271056547068611 ] ] ], [ [ [ 129.328844293295759, 37.271425766984812 ], [ 129.329006741008726, 37.271450096091712 ], [ 129.329033726051733, 37.271378371477041 ], [ 129.328844293295759, 37.271425766984812 ] ] ], [ [ [ 129.32847264964397, 37.273999146146991 ], [ 129.328683718081436, 37.273949997516588 ], [ 129.328510497339096, 37.273896945862539 ], [ 129.32847264964397, 37.273999146146991 ] ] ], [ [ [ 129.327260486833381, 37.280335854037858 ], [ 129.327419445011316, 37.280553393581989 ], [ 129.327552888551281, 37.280407996445867 ], [ 129.327260486833381, 37.280335854037858 ] ] ], [ [ [ 129.328414388828776, 37.280707663745105 ], [ 129.328560725934437, 37.280728037301778 ], [ 129.328691297799736, 37.280656873624011 ], [ 129.328414388828776, 37.280707663745105 ] ] ], [ [ [ 129.323972218203977, 37.281309849934665 ], [ 129.324182880745269, 37.281469208645888 ], [ 129.323975650614358, 37.281228964187022 ], [ 129.323972218203977, 37.281309849934665 ] ] ], [ [ [ 129.32204676016255, 37.282228055955144 ], [ 129.322264897985804, 37.282161698993292 ], [ 129.322201232268725, 37.281994135859172 ], [ 129.32204676016255, 37.282228055955144 ] ] ], [ [ [ 129.32241512553145, 37.282165896122898 ], [ 129.32242212416935, 37.282374807819764 ], [ 129.322531318032333, 37.282349787525021 ], [ 129.32241512553145, 37.282165896122898 ] ] ], [ [ [ 129.327443972034274, 37.282755720866213 ], [ 129.327758505128543, 37.282984103292627 ], [ 129.327779464593874, 37.282902394276817 ], [ 129.327443972034274, 37.282755720866213 ] ] ], [ [ [ 129.328046958590676, 37.283113434608758 ], [ 129.328408305386631, 37.283105093959598 ], [ 129.327991977682586, 37.282957338807549 ], [ 129.328046958590676, 37.283113434608758 ] ] ], [ [ [ 129.326224133881198, 37.283386540693733 ], [ 129.327156857976462, 37.284410232533958 ], [ 129.327249840100649, 37.283799700847325 ], [ 129.326224133881198, 37.283386540693733 ] ] ], [ [ [ 129.325160561024376, 37.284632224426808 ], [ 129.325653282191354, 37.285109196461597 ], [ 129.326217638064151, 37.284869399795575 ], [ 129.325160561024376, 37.284632224426808 ] ] ], [ [ [ 129.326086007531416, 37.285384239180992 ], [ 129.326363150340967, 37.285281185191913 ], [ 129.326049861985553, 37.28534393615228 ], [ 129.326086007531416, 37.285384239180992 ] ] ], [ [ [ 129.339947400513751, 37.19281689301733 ], [ 129.340104708036819, 37.192804108306845 ], [ 129.339922483743209, 37.192760621997749 ], [ 129.339947400513751, 37.19281689301733 ] ] ], [ [ [ 129.340171381892304, 37.255169228006906 ], [ 129.340284484618337, 37.255418049106481 ], [ 129.34050733542631, 37.255402967773279 ], [ 129.340171381892304, 37.255169228006906 ] ] ], [ [ [ 129.337597865099497, 37.255895161119312 ], [ 129.337745277469253, 37.256063758387093 ], [ 129.337810354412454, 37.25598816613676 ], [ 129.337597865099497, 37.255895161119312 ] ] ], [ [ [ 129.339591426112037, 37.255990554921766 ], [ 129.339816631181719, 37.256095701990276 ], [ 129.339876513181935, 37.256041081475338 ], [ 129.339591426112037, 37.255990554921766 ] ] ], [ [ [ 129.338519695542942, 37.255965569840484 ], [ 129.338738862051514, 37.256084467889679 ], [ 129.338736709613642, 37.255978377396261 ], [ 129.338519695542942, 37.255965569840484 ] ] ], [ [ [ 129.336447914788977, 37.257409820933113 ], [ 129.33619754409645, 37.257863838425109 ], [ 129.336705275636234, 37.257765829550742 ], [ 129.336447914788977, 37.257409820933113 ] ] ], [ [ [ 129.334990894771551, 37.258425630835042 ], [ 129.335366835504061, 37.258698710632416 ], [ 129.335613174757725, 37.258621653310385 ], [ 129.334990894771551, 37.258425630835042 ] ] ], [ [ [ 129.335236236842235, 37.25946674947599 ], [ 129.334931867148811, 37.259516803300428 ], [ 129.335206855532391, 37.259550069659149 ], [ 129.335236236842235, 37.25946674947599 ] ] ], [ [ [ 129.335751636487316, 37.259708502410739 ], [ 129.335857319112591, 37.259805434450151 ], [ 129.335844572949213, 37.259699076535114 ], [ 129.335751636487316, 37.259708502410739 ] ] ], [ [ [ 129.334923002456065, 37.259930176886222 ], [ 129.334769695766283, 37.260128105754298 ], [ 129.335141969966685, 37.260112523750358 ], [ 129.334923002456065, 37.259930176886222 ] ] ], [ [ [ 129.334196522099433, 37.260247545569079 ], [ 129.334535138367784, 37.260562783951436 ], [ 129.334599743349003, 37.260508972787157 ], [ 129.334196522099433, 37.260247545569079 ] ] ], [ [ [ 129.333507165183448, 37.26047935180025 ], [ 129.333768056004971, 37.260536168949315 ], [ 129.333539169589443, 37.260384455436586 ], [ 129.333507165183448, 37.26047935180025 ] ] ], [ [ [ 129.334179709633503, 37.2605694866077 ], [ 129.334384533120499, 37.260842284168319 ], [ 129.334517237285382, 37.26082917944089 ], [ 129.334179709633503, 37.2605694866077 ] ] ], [ [ [ 129.333810609289202, 37.260733303528546 ], [ 129.333624149257929, 37.260824542597987 ], [ 129.333707745433912, 37.260985304540597 ], [ 129.333810609289202, 37.260733303528546 ] ] ], [ [ [ 129.332820694641441, 37.26066848206046 ], [ 129.333199982137415, 37.261143588716848 ], [ 129.333316415228552, 37.261160219925628 ], [ 129.332820694641441, 37.26066848206046 ] ] ], [ [ [ 129.332615492023933, 37.260778981995088 ], [ 129.332799175935236, 37.26132259259159 ], [ 129.333006400551994, 37.261333662964766 ], [ 129.332615492023933, 37.260778981995088 ] ] ], [ [ [ 129.332060268506922, 37.261453216949057 ], [ 129.332141621065659, 37.261230227611172 ], [ 129.331865227914591, 37.261312632593985 ], [ 129.332060268506922, 37.261453216949057 ] ] ], [ [ [ 129.33141646129377, 37.274124025812533 ], [ 129.331765237801989, 37.274249810356388 ], [ 129.331886753572093, 37.274132337388622 ], [ 129.33141646129377, 37.274124025812533 ] ] ], [ [ [ 129.364147541854322, 37.148559594409214 ], [ 129.364299753739203, 37.148659505458816 ], [ 129.364488489687744, 37.148605675679832 ], [ 129.364147541854322, 37.148559594409214 ] ] ], [ [ [ 129.361673422974405, 37.153295154794307 ], [ 129.361614887919984, 37.153497203436039 ], [ 129.361695433562517, 37.15347857732128 ], [ 129.361673422974405, 37.153295154794307 ] ] ], [ [ [ 129.344904429678138, 37.171944281530585 ], [ 129.34501958077368, 37.171287031475465 ], [ 129.34424267953554, 37.171764086883165 ], [ 129.344904429678138, 37.171944281530585 ] ] ], [ [ [ 129.365448435630725, 37.170505849752068 ], [ 129.357702772731983, 37.179308803549951 ], [ 129.3656527113246, 37.170558564127866 ], [ 129.365671618564676, 37.165159350296349 ], [ 129.365448435630725, 37.170505849752068 ] ] ], [ [ [ 129.344134359793173, 37.199116658164975 ], [ 129.34441067687348, 37.199321990005359 ], [ 129.344534139327919, 37.199279608037379 ], [ 129.344134359793173, 37.199116658164975 ] ] ], [ [ [ 129.343970929522413, 37.199482340792443 ], [ 129.344225610096913, 37.19947349497965 ], [ 129.344180432361497, 37.199416517652331 ], [ 129.343970929522413, 37.199482340792443 ] ] ], [ [ [ 129.343910160359286, 37.199694171055434 ], [ 129.344075354124982, 37.19985570976997 ], [ 129.344171009383246, 37.199751534071872 ], [ 129.343910160359286, 37.199694171055434 ] ] ], [ [ [ 129.345706524407461, 37.20379036941835 ], [ 129.345900424995364, 37.203932801073904 ], [ 129.345872700096322, 37.203748663896619 ], [ 129.345706524407461, 37.20379036941835 ] ] ], [ [ [ 129.348262881153829, 37.210213368028988 ], [ 129.348246832862458, 37.210448361088268 ], [ 129.348355867837313, 37.210450051216924 ], [ 129.348262881153829, 37.210213368028988 ] ] ], [ [ [ 129.34393632343631, 37.219584622293794 ], [ 129.344154085077008, 37.219613699819838 ], [ 129.344014190319626, 37.219467892912405 ], [ 129.34393632343631, 37.219584622293794 ] ] ], [ [ [ 129.343782365235171, 37.219754876940307 ], [ 129.343966706564714, 37.219932785763746 ], [ 129.34391675202167, 37.219686622345719 ], [ 129.343782365235171, 37.219754876940307 ] ] ], [ [ [ 129.342302257263498, 37.221071524715711 ], [ 129.342390492567745, 37.221259984251326 ], [ 129.342547925452863, 37.221121879491442 ], [ 129.342302257263498, 37.221071524715711 ] ] ], [ [ [ 129.349328170100364, 37.243081187415534 ], [ 129.349553036942694, 37.243289810074735 ], [ 129.349594226646161, 37.243073386653002 ], [ 129.349328170100364, 37.243081187415534 ] ] ], [ [ [ 129.34889336900676, 37.248291333439148 ], [ 129.349105220089143, 37.248394276619265 ], [ 129.349114779529998, 37.248065785688631 ], [ 129.34889336900676, 37.248291333439148 ] ] ], [ [ [ 129.342170115663095, 37.2536781507985 ], [ 129.342378634125765, 37.253783115787385 ], [ 129.34241595990008, 37.253734064215138 ], [ 129.342170115663095, 37.2536781507985 ] ] ], [ [ [ 129.341276604171156, 37.254454101674959 ], [ 129.341278564970196, 37.254735119247165 ], [ 129.341747778560404, 37.254713138333408 ], [ 129.341276604171156, 37.254454101674959 ] ] ], [ [ [ 129.340516588686938, 37.255141065061025 ], [ 129.341050330797145, 37.255268203312696 ], [ 129.341223551849112, 37.255185802593601 ], [ 129.340516588686938, 37.255141065061025 ] ] ] ] } },
{ "type": "Feature", "properties": { "emd_cd": "51230310", "emd_nm": "근덕면" }, "geometry": { "type": "MultiPolygon", "coordinates": [ [ [ [ 129.164117221848926, 37.383606384345995 ], [ 129.168724539173667, 37.389342252641107 ], [ 129.167215564674194, 37.391612781928934 ], [ 129.169920285797332, 37.394643823122856 ], [ 129.168555596303463, 37.396116619988561 ], [ 129.169869974414382, 37.401480124006554 ], [ 129.177848439543453, 37.405187122118775 ], [ 129.182788088310673, 37.409842663480013 ], [ 129.18706770801839, 37.410538814610561 ], [ 129.187988245398657, 37.413093744437887 ], [ 129.191454957704593, 37.412150246082845 ], [ 129.197416386751087, 37.419695317581926 ], [ 129.197780093116791, 37.415087133834298 ], [ 129.217740164064566, 37.398556557633555 ], [ 129.238893354606347, 37.385580343643461 ], [ 129.240556496683723, 37.386340009421069 ], [ 129.25106831197715, 37.380158234490644 ], [ 129.256763125989607, 37.380128259480223 ], [ 129.254653887530395, 37.375525906553179 ], [ 129.254820729438478, 37.378415585805165 ], [ 129.253646043665185, 37.378536002688506 ], [ 129.253653057113866, 37.376226088693237 ], [ 129.251826561510171, 37.376312897738302 ], [ 129.250676769334376, 37.36236931462053 ], [ 129.256084661745888, 37.357838065075406 ], [ 129.25630136957696, 37.354885706087529 ], [ 129.260586297436248, 37.352354527114741 ], [ 129.259975034439861, 37.349141123490533 ], [ 129.260614840438734, 37.349332623459063 ], [ 129.26359539680945, 37.3469109991997 ], [ 129.260700352723177, 37.34838273363745 ], [ 129.261808794986251, 37.345499908278967 ], [ 129.265800011653738, 37.343256735253568 ], [ 129.267714870239757, 37.338039014862659 ], [ 129.266068505905764, 37.331398045321698 ], [ 129.26947665932002, 37.329204999015246 ], [ 129.26953902253473, 37.328315818091959 ], [ 129.271387398137421, 37.327087090146946 ], [ 129.271797801524542, 37.326330978576877 ], [ 129.27005036527035, 37.327794182614554 ], [ 129.268610255761871, 37.32633272903378 ], [ 129.270563150270107, 37.325663151235965 ], [ 129.26755286660773, 37.326082617114132 ], [ 129.26743445338866, 37.322937922124794 ], [ 129.286552409531055, 37.309921371431379 ], [ 129.290126224681302, 37.308651634486495 ], [ 129.292535211541463, 37.310800934991811 ], [ 129.294413516370668, 37.309861153929191 ], [ 129.292320868630327, 37.311711002064385 ], [ 129.297662759573114, 37.310683011655875 ], [ 129.302024800512896, 37.301048471410709 ], [ 129.300028977110372, 37.297556157825767 ], [ 129.300597660711759, 37.291858478138508 ], [ 129.303439268161327, 37.289546595767838 ], [ 129.309377374384098, 37.291023205790395 ], [ 129.309849274288155, 37.286596701882097 ], [ 129.312973276293008, 37.285495377321375 ], [ 129.314626278462811, 37.285819693989723 ], [ 129.315126104697356, 37.286916941260387 ], [ 129.31462602347662, 37.287078233694885 ], [ 129.315034729654229, 37.288515590042032 ], [ 129.314825583325643, 37.287242377687093 ], [ 129.317592705663657, 37.286706550161391 ], [ 129.317421065656731, 37.288350574579511 ], [ 129.314658465086723, 37.289480767502987 ], [ 129.317816502352827, 37.288518984049098 ], [ 129.318576451007829, 37.289638704230853 ], [ 129.320134754000236, 37.287525185651134 ], [ 129.318816641535648, 37.278490709005261 ], [ 129.321859385314269, 37.273277100607743 ], [ 129.316175223983009, 37.268663495077334 ], [ 129.312304816561863, 37.267537940638825 ], [ 129.31097509968194, 37.263064402181755 ], [ 129.313421755654588, 37.261497204710103 ], [ 129.312778805625101, 37.257329880058172 ], [ 129.303575521726742, 37.256173496249033 ], [ 129.298054752261152, 37.25919135257341 ], [ 129.288067980148554, 37.24976225448296 ], [ 129.281719676731882, 37.249676314006685 ], [ 129.280689794418748, 37.250999645864226 ], [ 129.27094703542619, 37.248052230348321 ], [ 129.270519601894733, 37.245366385304806 ], [ 129.26745352355303, 37.244946219245307 ], [ 129.267504273750433, 37.240045106230369 ], [ 129.260099984440473, 37.240427947381384 ], [ 129.257734831921539, 37.236919979556816 ], [ 129.244906300319911, 37.229087262192614 ], [ 129.241713452713469, 37.229611463257534 ], [ 129.23522749350974, 37.226621806726797 ], [ 129.231378666203909, 37.228417757850877 ], [ 129.222911027230225, 37.238388717507377 ], [ 129.228371589258984, 37.246479519469823 ], [ 129.225551303330349, 37.252163813695795 ], [ 129.22567448919051, 37.257002510297333 ], [ 129.22330291497525, 37.259082429013482 ], [ 129.227521701121702, 37.271395151551097 ], [ 129.219280862169711, 37.279705247258583 ], [ 129.216399336868619, 37.285583083193274 ], [ 129.217644766367982, 37.288732710966073 ], [ 129.199890383360412, 37.2924294751651 ], [ 129.190734175776498, 37.297295123525224 ], [ 129.189716084430103, 37.296123750388233 ], [ 129.17697794964667, 37.301577002879988 ], [ 129.177844179873063, 37.306285851450987 ], [ 129.187762480554738, 37.31759129148638 ], [ 129.189617151669381, 37.322872821048222 ], [ 129.193199110429617, 37.325994108260787 ], [ 129.197781790424727, 37.325835503388468 ], [ 129.198785049001884, 37.330436358806651 ], [ 129.201808334433679, 37.332166400019339 ], [ 129.19908134766473, 37.338828872074529 ], [ 129.190927358680483, 37.343690501209807 ], [ 129.189713964936914, 37.347095570815874 ], [ 129.181684793956975, 37.350519185212384 ], [ 129.174922347563381, 37.359576043519674 ], [ 129.173592233069513, 37.362078631376107 ], [ 129.175844742515295, 37.363120885485195 ], [ 129.176387263049918, 37.367579165538721 ], [ 129.181145762188038, 37.3733318218069 ], [ 129.180702573557767, 37.378232128172939 ], [ 129.172360831412703, 37.37988711587257 ], [ 129.169883910342634, 37.38299839179313 ], [ 129.165109676565265, 37.383008632880397 ], [ 129.164117221848926, 37.383606384345995 ] ] ], [ [ [ 129.257014839407191, 37.357348040762467 ], [ 129.257141652986974, 37.357394484647763 ], [ 129.257153054274539, 37.357368150251723 ], [ 129.257014839407191, 37.357348040762467 ] ] ], [ [ [ 129.257485731930757, 37.35741906829147 ], [ 129.257489896087066, 37.357914070160945 ], [ 129.257570459875126, 37.35790886812277 ], [ 129.257485731930757, 37.35741906829147 ] ] ], [ [ [ 129.257750073456378, 37.357665177035543 ], [ 129.257818193702434, 37.357735011619546 ], [ 129.257888289096769, 37.357685285661852 ], [ 129.257750073456378, 37.357665177035543 ] ] ], [ [ [ 129.256402798182933, 37.357607313823337 ], [ 129.256548879959098, 37.357914111342737 ], [ 129.256558087875987, 37.35757303774222 ], [ 129.256402798182933, 37.357607313823337 ] ] ], [ [ [ 129.257087220766437, 37.357812702153076 ], [ 129.256995283592289, 37.358215494070144 ], [ 129.257273458084285, 37.358103635159907 ], [ 129.257087220766437, 37.357812702153076 ] ] ], [ [ [ 129.256104713967858, 37.358571631622326 ], [ 129.256128148485459, 37.358802638488974 ], [ 129.256210632084702, 37.358770672981343 ], [ 129.256104713967858, 37.358571631622326 ] ] ], [ [ [ 129.254217426078611, 37.360315239331243 ], [ 129.254028229360841, 37.360338556247001 ], [ 129.254428083038903, 37.360511220233249 ], [ 129.254217426078611, 37.360315239331243 ] ] ], [ [ [ 129.253724060212193, 37.360427730224608 ], [ 129.25387721505794, 37.360687599781023 ], [ 129.254355665383429, 37.360660899092153 ], [ 129.253724060212193, 37.360427730224608 ] ] ], [ [ [ 129.253601868327308, 37.361409659524448 ], [ 129.253734032737412, 37.361643669666094 ], [ 129.253856133688629, 37.361585762100844 ], [ 129.253601868327308, 37.361409659524448 ] ] ], [ [ [ 129.25225952650996, 37.361547611179688 ], [ 129.252634662981649, 37.362425335509634 ], [ 129.252825584881748, 37.362362507498062 ], [ 129.25225952650996, 37.361547611179688 ] ] ], [ [ [ 129.252209889518269, 37.368740525408562 ], [ 129.252207645978132, 37.36890090226489 ], [ 129.252333934754859, 37.36899498909316 ], [ 129.252209889518269, 37.368740525408562 ] ] ], [ [ [ 129.251918734686342, 37.371601619695362 ], [ 129.252032252781561, 37.371524027010352 ], [ 129.251914067436104, 37.371539071960925 ], [ 129.251918734686342, 37.371601619695362 ] ] ], [ [ [ 129.2576189814408, 37.378324981460828 ], [ 129.25796587607303, 37.378521678443647 ], [ 129.25793987014049, 37.378305013472115 ], [ 129.2576189814408, 37.378324981460828 ] ] ], [ [ [ 129.258418534741082, 37.380036754238162 ], [ 129.258925240983444, 37.379054689696012 ], [ 129.257722592115073, 37.378802151323995 ], [ 129.258418534741082, 37.380036754238162 ] ] ], [ [ [ 129.239774763661302, 37.388743935681305 ], [ 129.239100477645934, 37.38741640354786 ], [ 129.237338557249046, 37.388210831756311 ], [ 129.238012446196166, 37.388772422062353 ], [ 129.239774763661302, 37.388743935681305 ] ] ], [ [ [ 129.240274622887739, 37.388748153479057 ], [ 129.240203469988558, 37.388950809151503 ], [ 129.240287469056682, 37.388960460649116 ], [ 129.240274622887739, 37.388748153479057 ] ] ], [ [ [ 129.239114061713337, 37.389058908098455 ], [ 129.239277257957468, 37.389098810418858 ], [ 129.239146225184925, 37.388970526023634 ], [ 129.239114061713337, 37.389058908098455 ] ] ], [ [ [ 129.298447637389785, 37.310097099428162 ], [ 129.29895657502604, 37.310401323164697 ], [ 129.29885519886642, 37.309639490483193 ], [ 129.298447637389785, 37.310097099428162 ] ] ], [ [ [ 129.297674028116404, 37.310740378781205 ], [ 129.297771216499825, 37.310687650803239 ], [ 129.297699271169989, 37.310676459934477 ], [ 129.297674028116404, 37.310740378781205 ] ] ], [ [ [ 129.29822887029718, 37.310746827966547 ], [ 129.298398614987263, 37.310763206405127 ], [ 129.298332900342444, 37.310652608172802 ], [ 129.29822887029718, 37.310746827966547 ] ] ], [ [ [ 129.295755425051169, 37.311972424033698 ], [ 129.295941023488439, 37.311995163852743 ], [ 129.295877998035166, 37.311887945441001 ], [ 129.295755425051169, 37.311972424033698 ] ] ], [ [ [ 129.295405149788479, 37.312554744015856 ], [ 129.295549364209791, 37.312772478961151 ], [ 129.295504338800868, 37.31252809762163 ], [ 129.295405149788479, 37.312554744015856 ] ] ], [ [ [ 129.283829523253132, 37.31266716916678 ], [ 129.283945780266919, 37.312847538376992 ], [ 129.284018048956824, 37.312806450324359 ], [ 129.283829523253132, 37.31266716916678 ] ] ], [ [ [ 129.270135269288517, 37.328161724588149 ], [ 129.270256008450417, 37.328500523545003 ], [ 129.27041347708635, 37.328266710667272 ], [ 129.270135269288517, 37.328161724588149 ] ] ], [ [ [ 129.271520540708025, 37.328315025503706 ], [ 129.271706901778487, 37.328308347019458 ], [ 129.271532411983571, 37.32825553087585 ], [ 129.271520540708025, 37.328315025503706 ] ] ], [ [ [ 129.272360731715253, 37.329961500264723 ], [ 129.272480698704783, 37.329930861132219 ], [ 129.272337672636439, 37.329937468696535 ], [ 129.272360731715253, 37.329961500264723 ] ] ], [ [ [ 129.26878266444831, 37.329893346445402 ], [ 129.268970239493257, 37.330011524298413 ], [ 129.269034472647746, 37.329940720864137 ], [ 129.26878266444831, 37.329893346445402 ] ] ], [ [ [ 129.272586338278842, 37.330111346378999 ], [ 129.272508936527032, 37.330426052778236 ], [ 129.272913756408911, 37.330383795050729 ], [ 129.272586338278842, 37.330111346378999 ] ] ], [ [ [ 129.266573753773287, 37.332665041212884 ], [ 129.266802609564138, 37.332799654718869 ], [ 129.266665015028508, 37.33253940536774 ], [ 129.266573753773287, 37.332665041212884 ] ] ], [ [ [ 129.268141485672572, 37.335236983766315 ], [ 129.268354595951109, 37.335479076582665 ], [ 129.268436701525957, 37.335470124444633 ], [ 129.268141485672572, 37.335236983766315 ] ] ], [ [ [ 129.261717395471862, 37.350956184667048 ], [ 129.261886231982544, 37.351172589614727 ], [ 129.261895327773232, 37.350904272862628 ], [ 129.261717395471862, 37.350956184667048 ] ] ], [ [ [ 129.262027277580927, 37.351279905951422 ], [ 129.2617436705942, 37.351741077462698 ], [ 129.26206399865859, 37.351712783193015 ], [ 129.262027277580927, 37.351279905951422 ] ] ], [ [ [ 129.260706850813705, 37.352659997104041 ], [ 129.260739498853468, 37.353039498170126 ], [ 129.260883824283468, 37.352662645678357 ], [ 129.260706850813705, 37.352659997104041 ] ] ], [ [ [ 129.260404824490138, 37.353056197097487 ], [ 129.260533968011231, 37.353085846291791 ], [ 129.260463496974467, 37.353017883470216 ], [ 129.260404824490138, 37.353056197097487 ] ] ], [ [ [ 129.25949101595441, 37.353380136662338 ], [ 129.259657793459951, 37.353621777743577 ], [ 129.259536658261993, 37.353313713063102 ], [ 129.25949101595441, 37.353380136662338 ] ] ], [ [ [ 129.320786639347659, 37.283264419110978 ], [ 129.320618592054927, 37.283358795493967 ], [ 129.320698110600517, 37.283441052316256 ], [ 129.320786639347659, 37.283264419110978 ] ] ], [ [ [ 129.321167256663074, 37.286087072500003 ], [ 129.321364649347373, 37.286293307385641 ], [ 129.321407046272981, 37.286145892652364 ], [ 129.321167256663074, 37.286087072500003 ] ] ], [ [ [ 129.312263093130127, 37.287239220876181 ], [ 129.312227271234747, 37.286968871120798 ], [ 129.312056956547366, 37.287067674339688 ], [ 129.312263093130127, 37.287239220876181 ] ] ], [ [ [ 129.320563523465239, 37.287692721356393 ], [ 129.320800300554964, 37.287760750332914 ], [ 129.320763576126183, 37.287623064105361 ], [ 129.320563523465239, 37.287692721356393 ] ] ], [ [ [ 129.320488342316366, 37.28804063985725 ], [ 129.320803466914782, 37.28829664647337 ], [ 129.320868658894966, 37.288171038451772 ], [ 129.320488342316366, 37.28804063985725 ] ] ], [ [ [ 129.320857713544228, 37.288569764027237 ], [ 129.321343835009316, 37.288857249199928 ], [ 129.321306445808631, 37.288690750079972 ], [ 129.320857713544228, 37.288569764027237 ] ] ], [ [ [ 129.319786449177712, 37.288854851242142 ], [ 129.320016555838237, 37.289027869499371 ], [ 129.320157398535912, 37.288731466615715 ], [ 129.319786449177712, 37.288854851242142 ] ] ], [ [ [ 129.317738462337815, 37.289337650675762 ], [ 129.317796287391417, 37.289837702028585 ], [ 129.318110066139411, 37.289764780969442 ], [ 129.318295689777727, 37.289837258639949 ], [ 129.317738462337815, 37.289337650675762 ] ] ], [ [ [ 129.319033405167005, 37.28938079447672 ], [ 129.319212144310541, 37.289567350346537 ], [ 129.319661808767478, 37.289480391801973 ], [ 129.319033405167005, 37.28938079447672 ] ] ], [ [ [ 129.318124203736119, 37.289828391790643 ], [ 129.318114059601214, 37.290166142310078 ], [ 129.31832797719531, 37.290203187900026 ], [ 129.318124203736119, 37.289828391790643 ] ] ], [ [ [ 129.317518922608258, 37.289967280819923 ], [ 129.317658978886527, 37.290148635225165 ], [ 129.317722590931282, 37.290010355715367 ], [ 129.317518922608258, 37.289967280819923 ] ] ], [ [ [ 129.319014400369156, 37.290247093964986 ], [ 129.319157092883557, 37.29029001456086 ], [ 129.31914559996369, 37.290222639486082 ], [ 129.319014400369156, 37.290247093964986 ] ] ], [ [ [ 129.307788863449218, 37.290901263672467 ], [ 129.307994347198701, 37.290967254747038 ], [ 129.307785550641739, 37.290804564876751 ], [ 129.307788863449218, 37.290901263672467 ] ] ], [ [ [ 129.309217290810096, 37.291333458600882 ], [ 129.309829022157942, 37.29186237419583 ], [ 129.309872518686205, 37.291256878106466 ], [ 129.309217290810096, 37.291333458600882 ] ] ], [ [ [ 129.300800482471971, 37.298251298424901 ], [ 129.300938428998535, 37.298367551488063 ], [ 129.301020255276285, 37.298307849632259 ], [ 129.300800482471971, 37.298251298424901 ] ] ], [ [ [ 129.298909120161454, 37.309416495321067 ], [ 129.299282118213142, 37.309560992010397 ], [ 129.299025684619238, 37.309249044079408 ], [ 129.298909120161454, 37.309416495321067 ] ] ] ] } },
{ "type": "Feature", "properties": { "emd_cd": "51230320", "emd_nm": "하장면" }, "geometry": { "type": "MultiPolygon", "coordinates": [ [ [ [ 128.846002017526558, 37.339732409481677 ], [ 128.849397177994263, 37.351450718100359 ], [ 128.849144857096064, 37.356051692084975 ], [ 128.851988665570332, 37.358748867865984 ], [ 128.851575206454328, 37.365531141062171 ], [ 128.854504027986252, 37.366681832977228 ], [ 128.85368683782454, 37.368541923435316 ], [ 128.858370326379429, 37.376998082619295 ], [ 128.857894040398463, 37.380889008237496 ], [ 128.861609438571804, 37.382289956986135 ], [ 128.865408276218091, 37.390472428321353 ], [ 128.868788134279868, 37.391274371668544 ], [ 128.868064855607599, 37.394359922663405 ], [ 128.87063354207973, 37.395180662966567 ], [ 128.870730346226168, 37.400282936525329 ], [ 128.875111580108694, 37.400933908570934 ], [ 128.884728425247289, 37.406271213415678 ], [ 128.889052128887045, 37.40465600422278 ], [ 128.895388096581456, 37.409535595484286 ], [ 128.897846734423325, 37.415119045358296 ], [ 128.897747140647994, 37.430253573493111 ], [ 128.90413498249373, 37.438059199045171 ], [ 128.910744216042445, 37.436485161919059 ], [ 128.918745598264991, 37.441246289115384 ], [ 128.922466317337893, 37.44626998220761 ], [ 128.92752491242203, 37.448505710412313 ], [ 128.934208346868417, 37.447576829577294 ], [ 128.937009269857981, 37.451107528485231 ], [ 128.943819157077712, 37.44933979547779 ], [ 128.954981761344243, 37.44946888565304 ], [ 128.958587892319599, 37.444310765438956 ], [ 128.969156609282578, 37.4398796926938 ], [ 128.972953493858171, 37.436026010379514 ], [ 128.97273585127175, 37.434482501328951 ], [ 128.976129991976023, 37.432823348868723 ], [ 128.984882171445236, 37.433705876069126 ], [ 128.999530226079003, 37.429739693808315 ], [ 129.004447530114987, 37.426546348605527 ], [ 129.000537828468339, 37.42218090949936 ], [ 129.001314530544931, 37.418341251570197 ], [ 129.008182129855129, 37.413438429897582 ], [ 129.00897473738334, 37.411272617572571 ], [ 129.004334704566844, 37.40345556934254 ], [ 129.004500453153355, 37.400987983673986 ], [ 129.009822203881015, 37.390665848653903 ], [ 129.012320011780588, 37.391766959100195 ], [ 129.016853040047039, 37.390865423954381 ], [ 129.012731247090301, 37.386029949742856 ], [ 129.012212663323282, 37.383013716218407 ], [ 129.015354425042943, 37.380093795569032 ], [ 129.016539786917633, 37.375806380617739 ], [ 129.015275072864938, 37.372550774810044 ], [ 129.015980133036521, 37.367169657807672 ], [ 129.012551329438111, 37.361240051527098 ], [ 129.015144542569487, 37.353391550824313 ], [ 129.011152549818291, 37.350455989129259 ], [ 129.009500816024797, 37.345540356382152 ], [ 129.002369071850126, 37.343719014567796 ], [ 128.999314107860215, 37.338488354760379 ], [ 128.990339350755789, 37.334122806069871 ], [ 128.987878468596222, 37.335782668355598 ], [ 128.978115601739688, 37.336473595715326 ], [ 128.971027372037895, 37.334424952251609 ], [ 128.968991437286348, 37.336740755567725 ], [ 128.967768156808376, 37.331947068338401 ], [ 128.957951345650542, 37.32232718331062 ], [ 128.950857322102735, 37.307835002196057 ], [ 128.943308077082833, 37.305524102673431 ], [ 128.942298914274915, 37.297643492004674 ], [ 128.946449910502906, 37.29026915097468 ], [ 128.94154690127354, 37.288913355881682 ], [ 128.941625936791695, 37.286317459553132 ], [ 128.939554662868915, 37.283859188058173 ], [ 128.941031424348949, 37.279325881916513 ], [ 128.937403664084798, 37.276657102988089 ], [ 128.936603866565179, 37.274070853101264 ], [ 128.9262155878817, 37.274108464892869 ], [ 128.924343250077584, 37.272616795623584 ], [ 128.929029205150641, 37.267701802144764 ], [ 128.932115927608834, 37.257256672771064 ], [ 128.934984684561329, 37.257117748632389 ], [ 128.933191287007503, 37.253751750971816 ], [ 128.935390121252539, 37.245418696675479 ], [ 128.929643800159766, 37.240584447141686 ], [ 128.923856394111993, 37.242757694730543 ], [ 128.918096379945894, 37.2400440199415 ], [ 128.917086459021533, 37.225520670135452 ], [ 128.909510059222498, 37.21705065683814 ], [ 128.90552967628264, 37.217944594446202 ], [ 128.903596977256854, 37.224916212266194 ], [ 128.904430121156167, 37.227851634281301 ], [ 128.898665644073873, 37.235903150669962 ], [ 128.900834718038226, 37.242892347916623 ], [ 128.897937735220864, 37.248695734106697 ], [ 128.886812496866412, 37.261759486186662 ], [ 128.883488030428509, 37.261962393978195 ], [ 128.879953500487517, 37.264776679790415 ], [ 128.882112960511222, 37.271852584288929 ], [ 128.887673416527662, 37.273091171593848 ], [ 128.888705246540297, 37.275848655599468 ], [ 128.87710377150546, 37.278617521655043 ], [ 128.873131838186538, 37.281790835718553 ], [ 128.871746670096684, 37.284389037632693 ], [ 128.872239660560979, 37.290419145053143 ], [ 128.865906585723479, 37.29321382356769 ], [ 128.85883703415584, 37.300182684098857 ], [ 128.859728734143602, 37.307295153452166 ], [ 128.867485314022503, 37.312606957972086 ], [ 128.867062122122491, 37.314846468271412 ], [ 128.870143803314875, 37.319004528802523 ], [ 128.878501981215749, 37.323936251929517 ], [ 128.86992497639261, 37.329484712412246 ], [ 128.866824760052964, 37.338916669740691 ], [ 128.84917902811361, 37.341485870102566 ], [ 128.846002017526558, 37.339732409481677 ] ] ] ] } },
{ "type": "Feature", "properties": { "emd_cd": "51230330", "emd_nm": "노곡면" }, "geometry": { "type": "MultiPolygon", "coordinates": [ [ [ [ 129.164117221848926, 37.383606384345995 ], [ 129.166824757097885, 37.382048188124649 ], [ 129.169883910342634, 37.38299839179313 ], [ 129.172360831412703, 37.37988711587257 ], [ 129.180702573557767, 37.378232128172939 ], [ 129.181145762188038, 37.3733318218069 ], [ 129.176387263049918, 37.367579165538721 ], [ 129.175844742515295, 37.363120885485195 ], [ 129.173592233069513, 37.362078631376107 ], [ 129.181684793956975, 37.350519185212384 ], [ 129.189713964936914, 37.347095570815874 ], [ 129.190927358680483, 37.343690501209807 ], [ 129.19908134766473, 37.338828872074529 ], [ 129.201808334433679, 37.332166400019339 ], [ 129.198785049001884, 37.330436358806651 ], [ 129.197781790424727, 37.325835503388468 ], [ 129.193199110429617, 37.325994108260787 ], [ 129.189617151669381, 37.322872821048222 ], [ 129.187762480554738, 37.31759129148638 ], [ 129.177844179873063, 37.306285851450987 ], [ 129.17697794964667, 37.301577002879988 ], [ 129.189716084430103, 37.296123750388233 ], [ 129.190734175776498, 37.297295123525224 ], [ 129.199890383360412, 37.2924294751651 ], [ 129.217644766367982, 37.288732710966073 ], [ 129.216399336868619, 37.285583083193274 ], [ 129.219280862169711, 37.279705247258583 ], [ 129.227300355069247, 37.2723945579096 ], [ 129.225369464566711, 37.262334446372918 ], [ 129.22330291497525, 37.259082429013482 ], [ 129.225078349613483, 37.258327203648747 ], [ 129.225976556743916, 37.25059252979176 ], [ 129.228341551310592, 37.248242878407964 ], [ 129.223784297684404, 37.239009077264889 ], [ 129.219551054950273, 37.238114268636544 ], [ 129.220315601742044, 37.234196747732184 ], [ 129.217254666833924, 37.230963605555019 ], [ 129.217406858776883, 37.227425495916812 ], [ 129.214041933679084, 37.225301964586514 ], [ 129.213930899711897, 37.219848832224365 ], [ 129.206810413144154, 37.218408305079492 ], [ 129.199017287942922, 37.222929031042653 ], [ 129.194874924969128, 37.221659820580705 ], [ 129.192867421551853, 37.223315949990344 ], [ 129.184318614721377, 37.223919237310014 ], [ 129.184745906195758, 37.220879510043176 ], [ 129.182027120932418, 37.219542277228733 ], [ 129.184154644351224, 37.216383513976652 ], [ 129.184383971331044, 37.210636753623412 ], [ 129.181893019259093, 37.2052761938264 ], [ 129.168467604709235, 37.20301492666264 ], [ 129.165094396180848, 37.204308485739048 ], [ 129.165641821331178, 37.208381419150925 ], [ 129.160950366276097, 37.208048078581157 ], [ 129.151522918539314, 37.211396522233784 ], [ 129.148410529429725, 37.220506654411722 ], [ 129.144315309804881, 37.224099654430148 ], [ 129.14221089803516, 37.228761148749619 ], [ 129.135795952988872, 37.229083923414159 ], [ 129.131360766611465, 37.225489778204071 ], [ 129.12643685155291, 37.228491530336711 ], [ 129.123468362301082, 37.228278545442954 ], [ 129.119033433426608, 37.236293690462325 ], [ 129.118879431394276, 37.239495614314428 ], [ 129.119941209477929, 37.242255475536055 ], [ 129.121998061025153, 37.242487004107453 ], [ 129.128012936056791, 37.248361744565145 ], [ 129.130313145715775, 37.256302996574881 ], [ 129.12631512272165, 37.260660002978319 ], [ 129.122617461426302, 37.260071447530514 ], [ 129.118830830706713, 37.262081650200322 ], [ 129.111519317958908, 37.270829735382762 ], [ 129.11151287286603, 37.274475072852418 ], [ 129.10839987955174, 37.27789153480375 ], [ 129.109099873102195, 37.283228078783118 ], [ 129.105065091307466, 37.286175790677163 ], [ 129.102716225593781, 37.294168213781816 ], [ 129.103583278525463, 37.295946941827246 ], [ 129.100841408193673, 37.299917492695194 ], [ 129.101329254722884, 37.305287903113339 ], [ 129.107239071704328, 37.308615713347535 ], [ 129.106994147048965, 37.313074174502262 ], [ 129.111169228025602, 37.317132446252579 ], [ 129.112942063947287, 37.32318144628119 ], [ 129.109589616324399, 37.325832653163857 ], [ 129.110236969969634, 37.328077605513045 ], [ 129.116601222284231, 37.333017989752562 ], [ 129.112337824366875, 37.337453297762416 ], [ 129.106881908022757, 37.34019762907392 ], [ 129.105811234348096, 37.350823358846313 ], [ 129.101801653305671, 37.35876714982367 ], [ 129.09955779228639, 37.36009498198375 ], [ 129.100628621873938, 37.365568625920858 ], [ 129.108816398155994, 37.370929152253254 ], [ 129.120230466551618, 37.373834097162856 ], [ 129.123936739842293, 37.376946526732517 ], [ 129.128260408643172, 37.377019000662941 ], [ 129.138203043416297, 37.389011221415146 ], [ 129.144407639394814, 37.391792981691488 ], [ 129.148057757388244, 37.389356484689451 ], [ 129.146223384942374, 37.382378542593926 ], [ 129.153589383053003, 37.377503051136912 ], [ 129.164117221848926, 37.383606384345995 ] ] ] ] } },
{ "type": "Feature", "properties": { "emd_cd": "51230340", "emd_nm": "미로면" }, "geometry": { "type": "MultiPolygon", "coordinates": [ [ [ [ 129.000537828468339, 37.42218090949936 ], [ 129.010206533413793, 37.435884675328438 ], [ 129.035587942191199, 37.449546498818123 ], [ 129.036300471047412, 37.45226851297052 ], [ 129.048236234821672, 37.456999196118367 ], [ 129.053880499457478, 37.457052818927011 ], [ 129.055163876248741, 37.459030203674537 ], [ 129.065642590713026, 37.46035111916995 ], [ 129.076858550521962, 37.456347757259088 ], [ 129.078227243204225, 37.453122382493532 ], [ 129.082141049735753, 37.452531447389362 ], [ 129.084987372176442, 37.446127284486614 ], [ 129.092157651915556, 37.444039387470596 ], [ 129.092967590113943, 37.441885913039762 ], [ 129.105387521684548, 37.435089732523629 ], [ 129.106609383421187, 37.432139234435674 ], [ 129.116096912382204, 37.431264423311035 ], [ 129.118953150264872, 37.429494974584294 ], [ 129.1209683217796, 37.430776552222888 ], [ 129.126497291166118, 37.426408389253893 ], [ 129.130831859114721, 37.425422455171223 ], [ 129.12875250075848, 37.421360503950467 ], [ 129.128088536428322, 37.412651352159415 ], [ 129.130635111047042, 37.405659891807105 ], [ 129.135515434165967, 37.407140602483572 ], [ 129.137070339179388, 37.399354899980537 ], [ 129.139018641368096, 37.397437219885305 ], [ 129.138203043416297, 37.389011221415146 ], [ 129.128260408643172, 37.377019000662941 ], [ 129.123936739842293, 37.376946526732517 ], [ 129.120230466551618, 37.373834097162856 ], [ 129.108816398155994, 37.370929152253254 ], [ 129.100628621873938, 37.365568625920858 ], [ 129.099817055559868, 37.359492110078548 ], [ 129.096616372747945, 37.35889821454159 ], [ 129.093683761943396, 37.361108955650749 ], [ 129.088822106079107, 37.360092913368796 ], [ 129.090853354049131, 37.361349221714164 ], [ 129.086113978106567, 37.363650353105719 ], [ 129.081516225586313, 37.358785832725104 ], [ 129.072056023876513, 37.356379899045969 ], [ 129.070302286713456, 37.358412969057461 ], [ 129.066965789329487, 37.355948352087175 ], [ 129.06164198176873, 37.356920271276749 ], [ 129.058121336878486, 37.355704448804531 ], [ 129.054345975746344, 37.358334005952756 ], [ 129.047055107194467, 37.357400930040193 ], [ 129.032073669214782, 37.364670823758125 ], [ 129.013666384163088, 37.359984802044004 ], [ 129.012551329438111, 37.361240051527098 ], [ 129.015980133036521, 37.367169657807672 ], [ 129.015275072864938, 37.372550774810044 ], [ 129.016539786917633, 37.375806380617739 ], [ 129.012285053446988, 37.384131142475738 ], [ 129.016853040047039, 37.390865423954381 ], [ 129.012320011780588, 37.391766959100195 ], [ 129.009822203881015, 37.390665848653903 ], [ 129.004500453153355, 37.400987983673986 ], [ 129.004334704566844, 37.40345556934254 ], [ 129.00897473738334, 37.411272617572571 ], [ 129.008182129855129, 37.413438429897582 ], [ 129.001314530544931, 37.418341251570197 ], [ 129.000537828468339, 37.42218090949936 ] ] ] ] } },
{ "type": "Feature", "properties": { "emd_cd": "51230350", "emd_nm": "가곡면" }, "geometry": { "type": "MultiPolygon", "coordinates": [ [ [ [ 129.230498441524702, 37.076590876840037 ], [ 129.225377428152854, 37.073720107449205 ], [ 129.230861407228559, 37.06890212437564 ], [ 129.230470413160162, 37.067218944439595 ], [ 129.233074712616855, 37.063881934023847 ], [ 129.228520544359071, 37.05723470364304 ], [ 129.22953902637795, 37.054738294071051 ], [ 129.23205986893268, 37.054427870790626 ], [ 129.231129854722241, 37.052219431231919 ], [ 129.232927718559324, 37.049697078878296 ], [ 129.232666792386311, 37.044219270850107 ], [ 129.238208972475661, 37.040787963589501 ], [ 129.238012156670521, 37.038665295431016 ], [ 129.225313853448654, 37.044559977682482 ], [ 129.213409198223246, 37.042987206126384 ], [ 129.205045818270378, 37.044972473689739 ], [ 129.195938441484003, 37.042490877940914 ], [ 129.194751939455898, 37.040629775956248 ], [ 129.185409208466751, 37.041719066686653 ], [ 129.183680967090396, 37.048861201485472 ], [ 129.177053502606356, 37.05671605290263 ], [ 129.170397363860786, 37.060356119754807 ], [ 129.166778292416808, 37.06521633847268 ], [ 129.166183821816929, 37.069216325770661 ], [ 129.161692053974093, 37.06888363073562 ], [ 129.157996840291361, 37.071315039811424 ], [ 129.155152757449713, 37.070239588645428 ], [ 129.154256735700443, 37.072288540995515 ], [ 129.148045243629269, 37.076130071152747 ], [ 129.14427263168821, 37.076580067539723 ], [ 129.139471559138769, 37.082273215879653 ], [ 129.133548861120573, 37.081749933671375 ], [ 129.127188019817225, 37.084443561498844 ], [ 129.126689194745666, 37.08892743316909 ], [ 129.122551401512339, 37.089951135731219 ], [ 129.122976607156204, 37.091416548408318 ], [ 129.107779219046449, 37.093497363980731 ], [ 129.104575566603529, 37.097724889003487 ], [ 129.095786562888776, 37.10040109851883 ], [ 129.087876553196594, 37.114289098725514 ], [ 129.091943637655419, 37.119483495670686 ], [ 129.089102011516758, 37.123542828998531 ], [ 129.095373437822104, 37.138457136534612 ], [ 129.093487468547039, 37.142179645356954 ], [ 129.088741736228855, 37.143965913976452 ], [ 129.089147317986573, 37.1503717443792 ], [ 129.087874080335155, 37.152368808210731 ], [ 129.089133107923146, 37.154699997188082 ], [ 129.088564178658373, 37.158216051081702 ], [ 129.086634531588572, 37.159663937902131 ], [ 129.089107748487152, 37.162157894852008 ], [ 129.088979921032774, 37.164551757291079 ], [ 129.095101288552002, 37.166420852242702 ], [ 129.095534139469862, 37.16838350177801 ], [ 129.101059125644213, 37.171793707341905 ], [ 129.109177024976162, 37.169882385924353 ], [ 129.120935812805243, 37.172307756038961 ], [ 129.12528988471098, 37.174674435151509 ], [ 129.131068627609721, 37.172190796876748 ], [ 129.137608144142462, 37.17552146616714 ], [ 129.146736906423854, 37.177063389448783 ], [ 129.151942204712384, 37.174043555378546 ], [ 129.155621442047931, 37.179824332837327 ], [ 129.160183587822985, 37.183744644404783 ], [ 129.164859596145533, 37.18469618481128 ], [ 129.167629330137515, 37.188270210477974 ], [ 129.168601546172454, 37.190746639493163 ], [ 129.167093264693079, 37.197242493038623 ], [ 129.169174861645416, 37.202194256959146 ], [ 129.175478567888263, 37.200852956309987 ], [ 129.181716813487469, 37.202493669142108 ], [ 129.187933906891345, 37.200224014466947 ], [ 129.192636351367184, 37.192274054569985 ], [ 129.198488917233448, 37.186725308242643 ], [ 129.210436733633031, 37.187408128506917 ], [ 129.213874931999214, 37.185347487100564 ], [ 129.219458275601511, 37.186998346279964 ], [ 129.222997088307721, 37.186128113785607 ], [ 129.224842861293126, 37.17916802093287 ], [ 129.228674638537655, 37.172672357908041 ], [ 129.224768154423401, 37.168864265785523 ], [ 129.224219764155919, 37.160911421011022 ], [ 129.227887441926612, 37.158818947373881 ], [ 129.236900174865156, 37.15900801929741 ], [ 129.239661905351767, 37.15069357350103 ], [ 129.237246421009303, 37.147914693952487 ], [ 129.235925019530839, 37.140564792012299 ], [ 129.224958784374991, 37.133155477627589 ], [ 129.220760181744339, 37.126959438946251 ], [ 129.216078011366392, 37.126602564216199 ], [ 129.214807458247037, 37.124090948330839 ], [ 129.216621904294328, 37.118497059341657 ], [ 129.21336573846969, 37.109789780720888 ], [ 129.219178927668622, 37.101707319516976 ], [ 129.218186152320186, 37.093851727070721 ], [ 129.220727884701034, 37.091362075952262 ], [ 129.220463855716105, 37.088993684162062 ], [ 129.226454996401316, 37.083402362755173 ], [ 129.230498441524702, 37.076590876840037 ] ] ] ] } },
{ "type": "Feature", "properties": { "emd_cd": "51230360", "emd_nm": "신기면" }, "geometry": { "type": "MultiPolygon", "coordinates": [ [ [ [ 128.998034209529976, 37.32448230699832 ], [ 129.004265956922865, 37.327628376710287 ], [ 129.006420696855969, 37.332195570195061 ], [ 129.008519715748747, 37.332140583145062 ], [ 129.00876604375145, 37.333958981334199 ], [ 129.01135229561234, 37.334609550942126 ], [ 129.014338272669704, 37.338293266658688 ], [ 129.00983157166587, 37.340171845201603 ], [ 129.008243662650386, 37.345576898939761 ], [ 129.009500816024797, 37.345540356382152 ], [ 129.011152549818291, 37.350455989129259 ], [ 129.015144542569487, 37.353391550824313 ], [ 129.013666384163088, 37.359984802044004 ], [ 129.032073669214782, 37.364670823758125 ], [ 129.047055107194467, 37.357400930040193 ], [ 129.054345975746344, 37.358334005952756 ], [ 129.058121336878486, 37.355704448804531 ], [ 129.06164198176873, 37.356920271276749 ], [ 129.066965789329487, 37.355948352087175 ], [ 129.070302286713456, 37.358412969057461 ], [ 129.072056023876513, 37.356379899045969 ], [ 129.081516225586313, 37.358785832725104 ], [ 129.086113978106567, 37.363650353105719 ], [ 129.090853354049131, 37.361349221714164 ], [ 129.088822106079107, 37.360092913368796 ], [ 129.093683761943396, 37.361108955650749 ], [ 129.096616372747945, 37.35889821454159 ], [ 129.101801653305671, 37.35876714982367 ], [ 129.105811234348096, 37.350823358846313 ], [ 129.106881908022757, 37.34019762907392 ], [ 129.112337824366875, 37.337453297762416 ], [ 129.116601222284231, 37.333017989752562 ], [ 129.110236969969634, 37.328077605513045 ], [ 129.109589616324399, 37.325832653163857 ], [ 129.112942063947287, 37.32318144628119 ], [ 129.111169228025602, 37.317132446252579 ], [ 129.106994147048965, 37.313074174502262 ], [ 129.107239071704328, 37.308615713347535 ], [ 129.101329254722884, 37.305287903113339 ], [ 129.100975890477685, 37.298935824689956 ], [ 129.103583278525463, 37.295946941827246 ], [ 129.100491130960307, 37.293907778108796 ], [ 129.087353562234227, 37.295712454979046 ], [ 129.071759383270546, 37.29339419302439 ], [ 129.072077030366557, 37.295573832248905 ], [ 129.069270891439288, 37.298469257621782 ], [ 129.062501131289338, 37.302946859719725 ], [ 129.065420546872275, 37.308603359719157 ], [ 129.068132791318476, 37.309600249068559 ], [ 129.069363769223685, 37.311989771076135 ], [ 129.068811919021329, 37.314697756619054 ], [ 129.063545710259518, 37.316050085271797 ], [ 129.049725244018987, 37.313590120342198 ], [ 129.046408305389519, 37.311191193709064 ], [ 129.045362316824537, 37.307149435456566 ], [ 129.033464519843989, 37.300370591098101 ], [ 129.025996078866456, 37.301066597053023 ], [ 129.01830049459349, 37.303531210112993 ], [ 129.011022095022724, 37.311620097249012 ], [ 129.006377184569715, 37.312885405002675 ], [ 129.002356101300677, 37.318019477730999 ], [ 128.998528320926198, 37.318956907952511 ], [ 128.999519002999449, 37.321435366254157 ], [ 128.998034209529976, 37.32448230699832 ] ] ] ] } },
{ "type": "Feature", "properties": { "emd_cd": "51720250", "emd_nm": "홍천읍" }, "geometry": { "type": "MultiPolygon", "coordinates": [ [ [ [ 127.903854910796142, 37.748481988682698 ], [ 127.909670503704731, 37.745722363499802 ], [ 127.916869449137394, 37.737415575124565 ], [ 127.919045746916368, 37.737284056667569 ], [ 127.923196885129059, 37.733245221908689 ], [ 127.928240570311786, 37.731622738936835 ], [ 127.931363401335645, 37.73433851579621 ], [ 127.934786252352993, 37.729486249412595 ], [ 127.939635026245853, 37.731408012748815 ], [ 127.94813522391587, 37.731995939714324 ], [ 127.952477352125626, 37.730771851408541 ], [ 127.953713477486559, 37.727026608200923 ], [ 127.959497318936656, 37.720895931621179 ], [ 127.963263537344133, 37.708428869047943 ], [ 127.965412076729663, 37.707767426186876 ], [ 127.964582937448498, 37.706631185636013 ], [ 127.959864456932564, 37.707432993739353 ], [ 127.94919598737124, 37.705813031724077 ], [ 127.944889742601447, 37.709462839738592 ], [ 127.94060269994003, 37.710030597041779 ], [ 127.932649093612525, 37.705130776988675 ], [ 127.927858031739675, 37.706918675212108 ], [ 127.921417082327835, 37.70472423550023 ], [ 127.919120043823241, 37.701625247617081 ], [ 127.922458112291721, 37.701053975818922 ], [ 127.924119955379126, 37.698940807101245 ], [ 127.922838489045688, 37.692749031571566 ], [ 127.915754310213046, 37.689439875049644 ], [ 127.913021815354497, 37.689810321892914 ], [ 127.912746056442913, 37.686369687257034 ], [ 127.90976048177582, 37.684850757003851 ], [ 127.908272010753777, 37.681843875105379 ], [ 127.902532790764766, 37.682912323471548 ], [ 127.89187124530558, 37.675984134404231 ], [ 127.893065527259168, 37.673682750189307 ], [ 127.89213416576338, 37.670621259268458 ], [ 127.89620167024691, 37.66663217401932 ], [ 127.894675607718128, 37.660476855656952 ], [ 127.897129998901491, 37.6576408967072 ], [ 127.896650312629006, 37.655961839571646 ], [ 127.90107376650559, 37.646479776360501 ], [ 127.896932961452336, 37.643222905873941 ], [ 127.900742881428386, 37.635883987937973 ], [ 127.899517795355848, 37.633580940813033 ], [ 127.904759253104388, 37.628198658020374 ], [ 127.908001625282054, 37.627712506322489 ], [ 127.907937928179152, 37.624155592161614 ], [ 127.910052847632258, 37.622378058083278 ], [ 127.913650796175034, 37.613656479692651 ], [ 127.922531372727519, 37.609716113819587 ], [ 127.922610294824892, 37.60570184499138 ], [ 127.907520030183719, 37.598423714465468 ], [ 127.895039185518044, 37.598312093147676 ], [ 127.884898524528793, 37.594528370633846 ], [ 127.880469931036075, 37.595672763490235 ], [ 127.877516809414587, 37.59383991780286 ], [ 127.872897986452458, 37.593980420577566 ], [ 127.871319140614034, 37.597375161395952 ], [ 127.865371907344212, 37.599517349983508 ], [ 127.861859556836663, 37.598219228751645 ], [ 127.857853877371554, 37.598957684082109 ], [ 127.856123025218537, 37.602091146966274 ], [ 127.853138447965918, 37.602923132128723 ], [ 127.851897040078384, 37.606190845947104 ], [ 127.845596087109385, 37.609142477391089 ], [ 127.844999596010737, 37.613213750865917 ], [ 127.838435539530707, 37.619092195455451 ], [ 127.835362636264207, 37.619730833989315 ], [ 127.834900715333561, 37.618430233467784 ], [ 127.829075371174895, 37.617181420454095 ], [ 127.826202377538138, 37.619676371347651 ], [ 127.822049827288325, 37.619473412737719 ], [ 127.811840089481024, 37.624418952169876 ], [ 127.809227534567242, 37.629621417823579 ], [ 127.808242004066486, 37.628847932057525 ], [ 127.801376458694037, 37.631866386395565 ], [ 127.796408360398019, 37.645492043291476 ], [ 127.796905828762817, 37.65383773805106 ], [ 127.800049873739781, 37.6564845788848 ], [ 127.800720077568471, 37.660122589777444 ], [ 127.805807185822303, 37.664400327342165 ], [ 127.805172179479214, 37.671254491775336 ], [ 127.813083866836479, 37.672292090014238 ], [ 127.815707812435889, 37.675650312346747 ], [ 127.814609511993709, 37.680923661873962 ], [ 127.819020722653377, 37.684924727068328 ], [ 127.826930319340377, 37.684674128176752 ], [ 127.832415796010821, 37.68837867883795 ], [ 127.840985898225213, 37.686079135717137 ], [ 127.849451943196598, 37.687282864967081 ], [ 127.852328153327704, 37.681231402248891 ], [ 127.856656726705666, 37.679970215320097 ], [ 127.865346195237592, 37.682453681542412 ], [ 127.873751780335709, 37.687868201911478 ], [ 127.875483008002305, 37.692057022543686 ], [ 127.873196258278398, 37.697126703445043 ], [ 127.876120538967541, 37.702887833494451 ], [ 127.874117551760946, 37.70818696104083 ], [ 127.876197881942502, 37.709064108305547 ], [ 127.875890664530459, 37.711176928904052 ], [ 127.881191340025509, 37.713766171052498 ], [ 127.882520989903469, 37.719956502044347 ], [ 127.881186267151577, 37.721960244308221 ], [ 127.883457536448546, 37.725939293107785 ], [ 127.882274069689487, 37.727877497441895 ], [ 127.887308967683026, 37.730233110999905 ], [ 127.889048451609668, 37.732910402505311 ], [ 127.891511276002149, 37.74395630397116 ], [ 127.898124067222767, 37.746377087627302 ], [ 127.902801586944236, 37.745970229123955 ], [ 127.903854910796142, 37.748481988682698 ] ] ] ] } },
{ "type": "Feature", "properties": { "emd_cd": "51720310", "emd_nm": "화촌면" }, "geometry": { "type": "MultiPolygon", "coordinates": [ [ [ [ 127.956464124041347, 37.871416036757104 ], [ 127.962818010739383, 37.866416618705948 ], [ 127.963362434857487, 37.862872852652096 ], [ 127.96165625155453, 37.860145753675845 ], [ 127.96487328424125, 37.852434424593028 ], [ 127.968746149931107, 37.847501890251266 ], [ 127.974204880137322, 37.846590250068616 ], [ 127.977535417811353, 37.842591107266529 ], [ 127.973974757172073, 37.833373396579091 ], [ 127.96800779919262, 37.831440949612848 ], [ 127.962419166666919, 37.825260532238083 ], [ 127.965857783367568, 37.822799592593014 ], [ 127.968076762957793, 37.811010819801567 ], [ 127.972612392608895, 37.810848919812386 ], [ 127.974032969387721, 37.807479295799837 ], [ 127.980846256729762, 37.804208102917478 ], [ 127.980602086134709, 37.795430939374441 ], [ 127.99085416191491, 37.794053015180666 ], [ 128.002046820187928, 37.787104748420042 ], [ 128.007770048995752, 37.787622597278336 ], [ 128.009653247136441, 37.784806169745437 ], [ 128.021375454809942, 37.783889866808927 ], [ 128.027531946715101, 37.781384566098552 ], [ 128.037689572856664, 37.779981958792291 ], [ 128.044258850793483, 37.780429691915366 ], [ 128.05275912578756, 37.77606002545506 ], [ 128.057352152133774, 37.770274523580611 ], [ 128.063736362493444, 37.769706777941572 ], [ 128.066154720974396, 37.772440681911007 ], [ 128.072605074288646, 37.774766324453566 ], [ 128.077282649579388, 37.771302391103283 ], [ 128.079039320004171, 37.767226627047911 ], [ 128.087801871746734, 37.768812243681722 ], [ 128.086962420164269, 37.767596443726468 ], [ 128.089525971192671, 37.761526116098942 ], [ 128.097322076112562, 37.75737966264078 ], [ 128.099324965218784, 37.754643133477529 ], [ 128.106060844526979, 37.753091520178707 ], [ 128.10533839575325, 37.750311298909374 ], [ 128.110380833974375, 37.74596334246786 ], [ 128.111584009232729, 37.74132760096262 ], [ 128.117475540103101, 37.739120303557371 ], [ 128.118441832383297, 37.733854737634161 ], [ 128.124936677674498, 37.732582992385289 ], [ 128.121297658779667, 37.725284307926543 ], [ 128.116268301974884, 37.722364339585184 ], [ 128.116287085483577, 37.715845090393692 ], [ 128.11384414416753, 37.712919354002388 ], [ 128.113137131619169, 37.708392395120974 ], [ 128.110199793487027, 37.706652079027215 ], [ 128.097037525009227, 37.705074164955562 ], [ 128.092159833946084, 37.697541872360141 ], [ 128.081982214924096, 37.691992696512507 ], [ 128.075678281854749, 37.693503847565992 ], [ 128.070297486636804, 37.692450452986748 ], [ 128.062528423310994, 37.695472689162713 ], [ 128.055072765236645, 37.695207275789365 ], [ 128.046014988923559, 37.69824705258921 ], [ 128.033922081249187, 37.697617130906231 ], [ 128.030738766393256, 37.70327064361372 ], [ 128.027988830388324, 37.70504215084631 ], [ 128.02670991555857, 37.709516937503601 ], [ 128.021864827843046, 37.712874840385446 ], [ 128.011188905444158, 37.713901285341109 ], [ 128.010049552075827, 37.715336579420587 ], [ 128.001726186832343, 37.711259148008367 ], [ 127.998676269851146, 37.705731635989451 ], [ 127.994196736615422, 37.706740189804634 ], [ 127.989489357440931, 37.705517880943049 ], [ 127.982131366667147, 37.707741996062296 ], [ 127.970126267100284, 37.702256155511307 ], [ 127.963263537344133, 37.708428869047943 ], [ 127.959497318936656, 37.720895931621179 ], [ 127.953713477486559, 37.727026608200923 ], [ 127.952477352125626, 37.730771851408541 ], [ 127.94813522391587, 37.731995939714324 ], [ 127.939635026245853, 37.731408012748815 ], [ 127.934786252352993, 37.729486249412595 ], [ 127.931363401335645, 37.73433851579621 ], [ 127.928240570311786, 37.731622738936835 ], [ 127.923196885129059, 37.733245221908689 ], [ 127.919045746916368, 37.737284056667569 ], [ 127.916869449137394, 37.737415575124565 ], [ 127.909670503704731, 37.745722363499802 ], [ 127.903854910796142, 37.748481988682698 ], [ 127.904832187199062, 37.749837613522352 ], [ 127.899955858072616, 37.755498322867844 ], [ 127.902424087726232, 37.762298087742437 ], [ 127.90216802750453, 37.768312041193965 ], [ 127.899520537505722, 37.771911728320219 ], [ 127.891684052180153, 37.772724993141665 ], [ 127.890387731465026, 37.77793539259892 ], [ 127.885104711268681, 37.779714639621581 ], [ 127.883710542714553, 37.777380958057172 ], [ 127.882001234960896, 37.777504286660552 ], [ 127.881191654804823, 37.779569046811524 ], [ 127.882547901224243, 37.780843548765624 ], [ 127.877647593638798, 37.782987990113241 ], [ 127.880359303147372, 37.788744728283305 ], [ 127.880388190971658, 37.793761958122182 ], [ 127.879559355138795, 37.797383377294132 ], [ 127.874680371130438, 37.799143110830265 ], [ 127.875646815807002, 37.810365803218012 ], [ 127.872650946641897, 37.813419517486842 ], [ 127.863749454276586, 37.816079762542358 ], [ 127.859721316561377, 37.82426452586877 ], [ 127.856562162878731, 37.825468342043948 ], [ 127.854637914305272, 37.834833156517064 ], [ 127.871631366266087, 37.837466287452109 ], [ 127.872716180826885, 37.844647522852384 ], [ 127.8781980632928, 37.849521716617005 ], [ 127.878806555896148, 37.852040207653964 ], [ 127.876452149555561, 37.856418618904755 ], [ 127.880723746134592, 37.860703638126175 ], [ 127.890615004900823, 37.863132112382779 ], [ 127.896000600445291, 37.859395675457435 ], [ 127.908353359472258, 37.855420225458047 ], [ 127.905686595392581, 37.849422428285095 ], [ 127.918542070535224, 37.844209418158734 ], [ 127.920986647949533, 37.84023370854748 ], [ 127.92449662843849, 37.838319551093363 ], [ 127.932063276256031, 37.824383524558911 ], [ 127.936094280817869, 37.828733768040195 ], [ 127.934959026111898, 37.83160291577277 ], [ 127.937492052553736, 37.835989651362375 ], [ 127.94413405189033, 37.838421766900495 ], [ 127.946036992871782, 37.841150530961883 ], [ 127.945547854958193, 37.845859394309905 ], [ 127.942964439334943, 37.847716861464725 ], [ 127.944687374804232, 37.853022344781643 ], [ 127.956464124041347, 37.871416036757104 ] ] ] ] } },
{ "type": "Feature", "properties": { "emd_cd": "51720320", "emd_nm": "두촌면" }, "geometry": { "type": "MultiPolygon", "coordinates": [ [ [ [ 127.956464124041347, 37.871416036757104 ], [ 127.957452268127781, 37.873734709174265 ], [ 127.972792079094233, 37.882467072870369 ], [ 127.973044871695549, 37.886957272546198 ], [ 127.969903925341825, 37.892622920448865 ], [ 127.971339620281782, 37.896132202850609 ], [ 127.970552695161828, 37.898102478358759 ], [ 127.974847289582385, 37.904415362013204 ], [ 127.985532033274652, 37.912889605172261 ], [ 127.984003458486683, 37.913818863563542 ], [ 127.983283183084666, 37.923323442539257 ], [ 127.992518195957445, 37.930123057570917 ], [ 127.991932956613411, 37.933239510661764 ], [ 127.994517632759013, 37.939161765690109 ], [ 127.993046040043481, 37.941645788834201 ], [ 127.99703638984505, 37.940908494423887 ], [ 128.001819425758356, 37.93730956461431 ], [ 128.004135207162136, 37.938601742278443 ], [ 128.012719299744873, 37.938323691972776 ], [ 128.016135959915488, 37.942691465339927 ], [ 128.026102890389438, 37.945519853063985 ], [ 128.030106926123665, 37.944459879496236 ], [ 128.034110433644514, 37.940817719976174 ], [ 128.034517540590798, 37.93676038788977 ], [ 128.03673524887418, 37.935838560882068 ], [ 128.039410750714211, 37.927750080790453 ], [ 128.042909090008465, 37.926374405771405 ], [ 128.045489634772395, 37.922515703034456 ], [ 128.049734146476709, 37.921967885199216 ], [ 128.05304443907724, 37.917329995555214 ], [ 128.055821500730246, 37.91765019349932 ], [ 128.064418310002907, 37.910751543565823 ], [ 128.077224046544302, 37.906697467469293 ], [ 128.082614037455329, 37.901708192945421 ], [ 128.091896452207152, 37.898084294906511 ], [ 128.097145199967883, 37.896828263576261 ], [ 128.107254346737221, 37.900120020712507 ], [ 128.126025459003188, 37.895119152490096 ], [ 128.129321817280925, 37.895771394181779 ], [ 128.131070681527149, 37.898362353698907 ], [ 128.133172223713046, 37.894225260094146 ], [ 128.144951013975799, 37.892860808060995 ], [ 128.14961764962294, 37.895306534465512 ], [ 128.157694406283412, 37.895124956066731 ], [ 128.151896318708822, 37.882511860848403 ], [ 128.143630684957344, 37.87991398025212 ], [ 128.141902145582577, 37.876952193646225 ], [ 128.136649363249433, 37.876203412708563 ], [ 128.129661665877677, 37.867817812800226 ], [ 128.118933949771957, 37.8660620108854 ], [ 128.113865523002175, 37.862066221929084 ], [ 128.110717253466248, 37.864399346302775 ], [ 128.104653466574916, 37.862801810116892 ], [ 128.099773178488704, 37.859449139840848 ], [ 128.09462251590071, 37.859547790189531 ], [ 128.092176156182774, 37.86233876991583 ], [ 128.089631383915787, 37.862792676065048 ], [ 128.074301864408483, 37.861283700524005 ], [ 128.071163044324123, 37.859575133082785 ], [ 128.071819133162535, 37.857153755640454 ], [ 128.068537204395994, 37.855164973500614 ], [ 128.065836318799342, 37.857201138905282 ], [ 128.070404752058607, 37.848036555689959 ], [ 128.070506310966437, 37.844691108364046 ], [ 128.069686682025917, 37.842709973755923 ], [ 128.064880398904961, 37.841760941035758 ], [ 128.064628577635659, 37.837315612076189 ], [ 128.059877876821503, 37.832563222898699 ], [ 128.045912459869555, 37.829031907559937 ], [ 128.046433302953943, 37.823075507405179 ], [ 128.045305917157691, 37.821806659062453 ], [ 128.041030805032847, 37.820082642100338 ], [ 128.03669551429698, 37.821232098581952 ], [ 128.028575883751984, 37.81686374683278 ], [ 128.021281357543188, 37.81505817686989 ], [ 128.016014251809793, 37.816315928865599 ], [ 128.010338045005881, 37.810641161442888 ], [ 128.004803920901111, 37.808345231301679 ], [ 128.001748502550271, 37.803071476977216 ], [ 128.002852848181362, 37.799657526074917 ], [ 128.014026478204073, 37.797501085446498 ], [ 128.023395077822357, 37.793473997500847 ], [ 128.024247061062255, 37.787786676070787 ], [ 128.022280297499066, 37.783478059101007 ], [ 128.009653247136441, 37.784806169745437 ], [ 128.007770048995752, 37.787622597278336 ], [ 128.002046820187928, 37.787104748420042 ], [ 127.99085416191491, 37.794053015180666 ], [ 127.981415842440498, 37.794997317843126 ], [ 127.979958320782927, 37.79697803258896 ], [ 127.981578370353446, 37.798370813000581 ], [ 127.980175950039936, 37.801072888124395 ], [ 127.980846256729762, 37.804208102917478 ], [ 127.974032969387721, 37.807479295799837 ], [ 127.972612392608895, 37.810848919812386 ], [ 127.968076762957793, 37.811010819801567 ], [ 127.965857783367568, 37.822799592593014 ], [ 127.962419166666919, 37.825260532238083 ], [ 127.96800779919262, 37.831440949612848 ], [ 127.973974757172073, 37.833373396579091 ], [ 127.977535417811353, 37.842591107266529 ], [ 127.974204880137322, 37.846590250068616 ], [ 127.968746149931107, 37.847501890251266 ], [ 127.96487328424125, 37.852434424593028 ], [ 127.96165625155453, 37.860145753675845 ], [ 127.963362434857487, 37.862872852652096 ], [ 127.962818010739383, 37.866416618705948 ], [ 127.956464124041347, 37.871416036757104 ] ] ] ] } },
{ "type": "Feature", "properties": { "emd_cd": "51720330", "emd_nm": "내촌면" }, "geometry": { "type": "MultiPolygon", "coordinates": [ [ [ [ 128.18334815948549, 37.832874887434585 ], [ 128.186192511710345, 37.818721448619449 ], [ 128.184377824342874, 37.817497523059281 ], [ 128.184966964606758, 37.814763763425972 ], [ 128.180326472671993, 37.811418576221932 ], [ 128.183174803021814, 37.809374086081263 ], [ 128.187823545653629, 37.809722136167323 ], [ 128.190067252854305, 37.80821374945338 ], [ 128.188093299359963, 37.804659676181601 ], [ 128.189464570434126, 37.797619434696927 ], [ 128.18837878118174, 37.796728933381161 ], [ 128.188799871833822, 37.786442025145696 ], [ 128.186496239968903, 37.783924299747838 ], [ 128.186448552668679, 37.781129445002804 ], [ 128.181938299739386, 37.779590921535785 ], [ 128.179796857482501, 37.774570151792304 ], [ 128.174364574843423, 37.772280542144088 ], [ 128.170746580712006, 37.775857342814462 ], [ 128.158348463930395, 37.780286517177643 ], [ 128.158715365699237, 37.777274956578665 ], [ 128.147840692068854, 37.775233482931995 ], [ 128.146487870554608, 37.771847857109655 ], [ 128.147637980433785, 37.768932586515895 ], [ 128.144820957012485, 37.767506329603478 ], [ 128.144770399082347, 37.763920015721375 ], [ 128.136884257263631, 37.764332660188835 ], [ 128.135441023394833, 37.761883727728737 ], [ 128.134976044141666, 37.759285188930271 ], [ 128.139043805187811, 37.754006545816964 ], [ 128.13895580711096, 37.750674729250626 ], [ 128.135060913535511, 37.745919740588413 ], [ 128.138009798580555, 37.745789088723129 ], [ 128.13884386725033, 37.740261667210163 ], [ 128.130352569792052, 37.737701172943595 ], [ 128.129705728766055, 37.733508454988346 ], [ 128.126824597989639, 37.732665797356383 ], [ 128.118441832383297, 37.733854737634161 ], [ 128.117475540103101, 37.739120303557371 ], [ 128.111584009232729, 37.74132760096262 ], [ 128.110380833974375, 37.74596334246786 ], [ 128.10533839575325, 37.750311298909374 ], [ 128.106060844526979, 37.753091520178707 ], [ 128.099324965218784, 37.754643133477529 ], [ 128.097322076112562, 37.75737966264078 ], [ 128.089525971192671, 37.761526116098942 ], [ 128.086962420164269, 37.767596443726468 ], [ 128.087801871746734, 37.768812243681722 ], [ 128.079039320004171, 37.767226627047911 ], [ 128.077282649579388, 37.771302391103283 ], [ 128.072605074288646, 37.774766324453566 ], [ 128.066154720974396, 37.772440681911007 ], [ 128.063736362493444, 37.769706777941572 ], [ 128.060309587971716, 37.769566442928294 ], [ 128.057352152133774, 37.770274523580611 ], [ 128.05275912578756, 37.77606002545506 ], [ 128.044258850793483, 37.780429691915366 ], [ 128.037689572856664, 37.779981958792291 ], [ 128.02330512936868, 37.782440686660365 ], [ 128.022280297499066, 37.783478059101007 ], [ 128.024247061062255, 37.787786676070787 ], [ 128.023395077822357, 37.793473997500847 ], [ 128.014026478204073, 37.797501085446498 ], [ 128.003666454712715, 37.799219158173379 ], [ 128.001748502550271, 37.803071476977216 ], [ 128.004803920901111, 37.808345231301679 ], [ 128.010338045005881, 37.810641161442888 ], [ 128.016014251809793, 37.816315928865599 ], [ 128.021281357543188, 37.81505817686989 ], [ 128.028575883751984, 37.81686374683278 ], [ 128.03669551429698, 37.821232098581952 ], [ 128.041030805032847, 37.820082642100338 ], [ 128.046323567811271, 37.822461698648716 ], [ 128.045912459869555, 37.829031907559937 ], [ 128.059877876821503, 37.832563222898699 ], [ 128.064628577635659, 37.837315612076189 ], [ 128.064880398904961, 37.841760941035758 ], [ 128.069686682025917, 37.842709973755923 ], [ 128.070506310966437, 37.844691108364046 ], [ 128.070404752058607, 37.848036555689959 ], [ 128.065836318799342, 37.857201138905282 ], [ 128.068537204395994, 37.855164973500614 ], [ 128.071819133162535, 37.857153755640454 ], [ 128.071163044324123, 37.859575133082785 ], [ 128.074301864408483, 37.861283700524005 ], [ 128.089631383915787, 37.862792676065048 ], [ 128.092176156182774, 37.86233876991583 ], [ 128.09462251590071, 37.859547790189531 ], [ 128.099773178488704, 37.859449139840848 ], [ 128.104653466574916, 37.862801810116892 ], [ 128.110717253466248, 37.864399346302775 ], [ 128.113865523002175, 37.862066221929084 ], [ 128.118933949771957, 37.8660620108854 ], [ 128.129661665877677, 37.867817812800226 ], [ 128.136649363249433, 37.876203412708563 ], [ 128.141902145582577, 37.876952193646225 ], [ 128.143630684957344, 37.87991398025212 ], [ 128.151896318708822, 37.882511860848403 ], [ 128.158150832308053, 37.895305425200249 ], [ 128.160736157410241, 37.895233866701822 ], [ 128.164225862623823, 37.88706852948161 ], [ 128.174256558081368, 37.884920395683928 ], [ 128.173918091470398, 37.876405097870368 ], [ 128.168827020251911, 37.870760230229486 ], [ 128.168439416120634, 37.862793575138269 ], [ 128.171690000947365, 37.856961520225902 ], [ 128.168701499066287, 37.851252552902942 ], [ 128.178192436781615, 37.846372524151853 ], [ 128.181140013477119, 37.842797998954282 ], [ 128.180105145024271, 37.83501351047655 ], [ 128.18334815948549, 37.832874887434585 ] ] ] ] } },
{ "type": "Feature", "properties": { "emd_cd": "51720340", "emd_nm": "서석면" }, "geometry": { "type": "MultiPolygon", "coordinates": [ [ [ [ 128.184554036315262, 37.829988008427136 ], [ 128.186609605451793, 37.829982927805439 ], [ 128.191311893111532, 37.824183180189799 ], [ 128.196258693957873, 37.822043015571182 ], [ 128.2015004375572, 37.816230992495697 ], [ 128.215904302636858, 37.81076706766342 ], [ 128.218978825213213, 37.801038123331004 ], [ 128.219496278295253, 37.785786708003897 ], [ 128.236467941739477, 37.786603100688765 ], [ 128.238146195193508, 37.78121539762472 ], [ 128.235672097419751, 37.775225195129231 ], [ 128.2399343346585, 37.772100554680719 ], [ 128.239478998420253, 37.768724695686338 ], [ 128.253394380723989, 37.7605475627415 ], [ 128.255876758682035, 37.754133659949488 ], [ 128.268961315148232, 37.753658078778123 ], [ 128.273415408893442, 37.757360553995881 ], [ 128.287733496131551, 37.748771259867333 ], [ 128.294510327584703, 37.750749271640082 ], [ 128.299901145558493, 37.749665858688502 ], [ 128.307629546583598, 37.746183702212193 ], [ 128.312483182101971, 37.741928277535663 ], [ 128.318817372857666, 37.725150320208506 ], [ 128.317242266126243, 37.71915518434696 ], [ 128.318579604388106, 37.716808888477416 ], [ 128.310872052317563, 37.710707141610293 ], [ 128.312553380886413, 37.702715697458302 ], [ 128.309769998337003, 37.701384711963712 ], [ 128.304445894393069, 37.691204920986436 ], [ 128.297798685672348, 37.687633817818835 ], [ 128.295073497719869, 37.68349630586156 ], [ 128.292184100519648, 37.682993724465916 ], [ 128.284435496292588, 37.674524280435804 ], [ 128.280377385486617, 37.673039052961407 ], [ 128.279070871457691, 37.669832710848418 ], [ 128.276576635245647, 37.668879416332892 ], [ 128.278826934274235, 37.663958767209046 ], [ 128.273110639609911, 37.652535182823279 ], [ 128.273705479657366, 37.644276077865904 ], [ 128.275737836245838, 37.639665486515931 ], [ 128.271510780986517, 37.636904609040158 ], [ 128.270344524761867, 37.632664087481231 ], [ 128.266311550603177, 37.633532366665655 ], [ 128.247148211552286, 37.625060981895537 ], [ 128.242042952532216, 37.626688686116708 ], [ 128.235829988280415, 37.625221642331745 ], [ 128.228543595488844, 37.628750533770265 ], [ 128.219495412978375, 37.639426655957891 ], [ 128.215700973444427, 37.640873015415188 ], [ 128.215260522834654, 37.643820960786229 ], [ 128.210694405395742, 37.645748803919879 ], [ 128.208722234577039, 37.649065487510171 ], [ 128.199557276074671, 37.651672415587434 ], [ 128.186510125199618, 37.64440903697696 ], [ 128.185768746715041, 37.649643570593597 ], [ 128.181571603248244, 37.651544334193375 ], [ 128.181281956739326, 37.653476745978558 ], [ 128.176926823365392, 37.655253065930246 ], [ 128.175309224165829, 37.65418121458255 ], [ 128.169806936210193, 37.65859263198849 ], [ 128.165910797083143, 37.659290005437732 ], [ 128.164100256762566, 37.66469846911135 ], [ 128.154243115622535, 37.661689180253333 ], [ 128.152555020808649, 37.659144598332531 ], [ 128.146171367799155, 37.672493779184329 ], [ 128.141588329911201, 37.675355548473469 ], [ 128.139965090047014, 37.674474446446148 ], [ 128.136689785157529, 37.679933469507432 ], [ 128.126064155575079, 37.677469789177344 ], [ 128.118721928661842, 37.67862113508528 ], [ 128.111682199229932, 37.671492885474613 ], [ 128.102917185666513, 37.677192359885318 ], [ 128.101711341304281, 37.681229146207514 ], [ 128.096830852459732, 37.682903725655152 ], [ 128.101631894320036, 37.693394665531905 ], [ 128.092448225046098, 37.699248082692982 ], [ 128.096706516757394, 37.702892585196786 ], [ 128.097037525009227, 37.705074164955562 ], [ 128.110199793487027, 37.706652079027215 ], [ 128.113137131619169, 37.708392395120974 ], [ 128.11384414416753, 37.712919354002388 ], [ 128.116287085483577, 37.715845090393692 ], [ 128.116922150407476, 37.723505027866629 ], [ 128.121297658779667, 37.725284307926543 ], [ 128.124936677674498, 37.732582992385289 ], [ 128.129705728766055, 37.733508454988346 ], [ 128.130352569792052, 37.737701172943595 ], [ 128.13884386725033, 37.740261667210163 ], [ 128.138009798580555, 37.745789088723129 ], [ 128.135060913535511, 37.745919740588413 ], [ 128.13895580711096, 37.750674729250626 ], [ 128.138875716156576, 37.754782054085567 ], [ 128.134976044141666, 37.759285188930271 ], [ 128.136884257263631, 37.764332660188835 ], [ 128.144770399082347, 37.763920015721375 ], [ 128.144820957012485, 37.767506329603478 ], [ 128.147637980433785, 37.768932586515895 ], [ 128.146487870554608, 37.771847857109655 ], [ 128.147840692068854, 37.775233482931995 ], [ 128.158715365699237, 37.777274956578665 ], [ 128.158348463930395, 37.780286517177643 ], [ 128.170746580712006, 37.775857342814462 ], [ 128.173876973471891, 37.772236024589674 ], [ 128.179796857482501, 37.774570151792304 ], [ 128.181138985637432, 37.779005498576453 ], [ 128.186448552668679, 37.781129445002804 ], [ 128.186496239968903, 37.783924299747838 ], [ 128.188799871833822, 37.786442025145696 ], [ 128.18837878118174, 37.796728933381161 ], [ 128.189464570434126, 37.797619434696927 ], [ 128.188093299359963, 37.804659676181601 ], [ 128.190067252854305, 37.80821374945338 ], [ 128.187823545653629, 37.809722136167323 ], [ 128.183174803021814, 37.809374086081263 ], [ 128.180326472671993, 37.811418576221932 ], [ 128.184966964606758, 37.814763763425972 ], [ 128.184377824342874, 37.817497523059281 ], [ 128.186192511710345, 37.818721448619449 ], [ 128.184554036315262, 37.829988008427136 ] ] ] ] } },
{ "type": "Feature", "properties": { "emd_cd": "51720352", "emd_nm": "영귀미면" }, "geometry": { "type": "MultiPolygon", "coordinates": [ [ [ [ 127.89187124530558, 37.675984134404231 ], [ 127.902532790764766, 37.682912323471548 ], [ 127.908272010753777, 37.681843875105379 ], [ 127.90976048177582, 37.684850757003851 ], [ 127.912746056442913, 37.686369687257034 ], [ 127.913021815354497, 37.689810321892914 ], [ 127.915754310213046, 37.689439875049644 ], [ 127.922838489045688, 37.692749031571566 ], [ 127.924119955379126, 37.698940807101245 ], [ 127.922458112291721, 37.701053975818922 ], [ 127.919120043823241, 37.701625247617081 ], [ 127.921417082327835, 37.70472423550023 ], [ 127.926719603162894, 37.706807608853026 ], [ 127.9323699655274, 37.70506243753637 ], [ 127.938963590662851, 37.709807235145732 ], [ 127.943522459395794, 37.709965232009417 ], [ 127.94919598737124, 37.705813031724077 ], [ 127.959864456932564, 37.707432993739353 ], [ 127.965919701354821, 37.706703505824215 ], [ 127.971538572507029, 37.702066160342 ], [ 127.982131366667147, 37.707741996062296 ], [ 127.989489357440931, 37.705517880943049 ], [ 127.994196736615422, 37.706740189804634 ], [ 127.998676269851146, 37.705731635989451 ], [ 128.001726186832343, 37.711259148008367 ], [ 128.010049552075827, 37.715336579420587 ], [ 128.011188905444158, 37.713901285341109 ], [ 128.021864827843046, 37.712874840385446 ], [ 128.02670991555857, 37.709516937503601 ], [ 128.027988830388324, 37.70504215084631 ], [ 128.030738766393256, 37.70327064361372 ], [ 128.033922081249187, 37.697617130906231 ], [ 128.046014988923559, 37.69824705258921 ], [ 128.055072765236645, 37.695207275789365 ], [ 128.062528423310994, 37.695472689162713 ], [ 128.070297486636804, 37.692450452986748 ], [ 128.075678281854749, 37.693503847565992 ], [ 128.0814955432011, 37.69199580331788 ], [ 128.092458753592865, 37.698256605381957 ], [ 128.097520303551079, 37.697107563552322 ], [ 128.101631894320036, 37.693394665531905 ], [ 128.096830852459732, 37.682903725655152 ], [ 128.101711341304281, 37.681229146207514 ], [ 128.102917185666513, 37.677192359885318 ], [ 128.111682199229932, 37.671492885474613 ], [ 128.112473233292405, 37.664879098605262 ], [ 128.105593313627196, 37.659405495177332 ], [ 128.10809925651202, 37.656244247472451 ], [ 128.114123510290483, 37.654539504858548 ], [ 128.104081781082897, 37.649779836111477 ], [ 128.093278733930447, 37.653080609731909 ], [ 128.0795404208842, 37.649179061208663 ], [ 128.075564129748358, 37.644243066251356 ], [ 128.067073043674554, 37.641014167457797 ], [ 128.066279980838829, 37.636434924043627 ], [ 128.064623978884697, 37.635422337646723 ], [ 128.049984633274136, 37.631039543582801 ], [ 128.049964173694349, 37.627607593149278 ], [ 128.031450764627607, 37.622707713637979 ], [ 128.020117603730796, 37.613171304332134 ], [ 128.014440909309087, 37.614716007019808 ], [ 128.012922107091782, 37.622005694044041 ], [ 128.014209382663068, 37.623690589983745 ], [ 128.012153995896398, 37.626244819527322 ], [ 127.999583888177256, 37.626081316854346 ], [ 127.992437471828254, 37.627708058723059 ], [ 127.979279547939342, 37.6318462253764 ], [ 127.977077913326426, 37.636242591222121 ], [ 127.97120710243189, 37.63807522008964 ], [ 127.967489166064439, 37.626935614381544 ], [ 127.959197827349556, 37.625633581964827 ], [ 127.956521525436173, 37.61950071784792 ], [ 127.952360622874437, 37.6178033265873 ], [ 127.951222728461985, 37.611137805642819 ], [ 127.945238633473934, 37.608777210728071 ], [ 127.933191023323573, 37.609818396415612 ], [ 127.927536871469471, 37.606211520729282 ], [ 127.92699798318101, 37.604149593571563 ], [ 127.922610294824892, 37.60570184499138 ], [ 127.922531372727519, 37.609716113819587 ], [ 127.91432016204233, 37.612851799082044 ], [ 127.907937928179152, 37.624155592161614 ], [ 127.908001625282054, 37.627712506322489 ], [ 127.904759253104388, 37.628198658020374 ], [ 127.899680755706299, 37.633208869380255 ], [ 127.900742881428386, 37.635883987937973 ], [ 127.896932961452336, 37.643222905873941 ], [ 127.90107376650559, 37.646479776360501 ], [ 127.896650312629006, 37.655961839571646 ], [ 127.897129998901491, 37.6576408967072 ], [ 127.894675607718128, 37.660476855656952 ], [ 127.89620167024691, 37.66663217401932 ], [ 127.89213416576338, 37.670621259268458 ], [ 127.893065527259168, 37.673682750189307 ], [ 127.89187124530558, 37.675984134404231 ] ] ] ] } },
{ "type": "Feature", "properties": { "emd_cd": "51720360", "emd_nm": "남면" }, "geometry": { "type": "MultiPolygon", "coordinates": [ [ [ [ 127.758870121033596, 37.696006467833506 ], [ 127.764073269457441, 37.694931890325591 ], [ 127.769429043291623, 37.690267340667731 ], [ 127.775006435890532, 37.692335416757714 ], [ 127.773163045405781, 37.690739389969224 ], [ 127.776946784992987, 37.687098612923471 ], [ 127.793028268518185, 37.682726597075821 ], [ 127.79263445782955, 37.678062772653796 ], [ 127.789836552313602, 37.677414263471306 ], [ 127.788175104634988, 37.666450604838047 ], [ 127.785567631415546, 37.661104417243038 ], [ 127.79175964555364, 37.658592596364606 ], [ 127.796905828762817, 37.65383773805106 ], [ 127.796408360398019, 37.645492043291476 ], [ 127.801376458694037, 37.631866386395565 ], [ 127.808242004066486, 37.628847932057525 ], [ 127.809227534567242, 37.629621417823579 ], [ 127.811840089481024, 37.624418952169876 ], [ 127.822049827288325, 37.619473412737719 ], [ 127.826202377538138, 37.619676371347651 ], [ 127.829075371174895, 37.617181420454095 ], [ 127.834900715333561, 37.618430233467784 ], [ 127.835362636264207, 37.619730833989315 ], [ 127.838435539530707, 37.619092195455451 ], [ 127.844999596010737, 37.613213750865917 ], [ 127.845596087109385, 37.609142477391089 ], [ 127.851897040078384, 37.606190845947104 ], [ 127.853138447965918, 37.602923132128723 ], [ 127.856123025218537, 37.602091146966274 ], [ 127.857853877371554, 37.598957684082109 ], [ 127.861859556836663, 37.598219228751645 ], [ 127.865371907344212, 37.599517349983508 ], [ 127.871319140614034, 37.597375161395952 ], [ 127.874238629568708, 37.593760051702844 ], [ 127.89261638572502, 37.596541922911264 ], [ 127.894263197858464, 37.592891146740968 ], [ 127.893792284608409, 37.585085031687605 ], [ 127.889070856732019, 37.580930720910622 ], [ 127.889021116932284, 37.576902457306822 ], [ 127.884265600556205, 37.575336208129137 ], [ 127.884146264433269, 37.571267464040076 ], [ 127.872411957658656, 37.56217354180675 ], [ 127.873736611982437, 37.557445781890408 ], [ 127.866274710375293, 37.556298964570601 ], [ 127.859552494278518, 37.557719724837995 ], [ 127.85520343493414, 37.553994138597155 ], [ 127.851372717904127, 37.5541225009352 ], [ 127.848095293598774, 37.552262757691956 ], [ 127.836362513211057, 37.560408586067567 ], [ 127.832320014804637, 37.561566280641472 ], [ 127.826229380144227, 37.560710539390513 ], [ 127.822810007977168, 37.56323140032989 ], [ 127.817505845458101, 37.562812920794464 ], [ 127.813868274095938, 37.564412713210359 ], [ 127.809612963927151, 37.573447152484221 ], [ 127.805632419949461, 37.574091313479656 ], [ 127.804076944272282, 37.579310012462273 ], [ 127.79407993267381, 37.585254543355276 ], [ 127.787861212019692, 37.57890910735447 ], [ 127.784437871954012, 37.578118470072532 ], [ 127.766570674731511, 37.582668638285945 ], [ 127.761284160211702, 37.587591240097325 ], [ 127.757984108457208, 37.586812287764729 ], [ 127.754105405850396, 37.592064750772018 ], [ 127.739395687007942, 37.587094645824344 ], [ 127.723125032883232, 37.590626205341032 ], [ 127.707894709367167, 37.586353234178034 ], [ 127.706348374649735, 37.588404701429475 ], [ 127.698198050591074, 37.590888583453719 ], [ 127.698227107818667, 37.593677717328205 ], [ 127.700835390529491, 37.596117517953672 ], [ 127.696189257549889, 37.600794212660716 ], [ 127.700370526552007, 37.604562775115781 ], [ 127.701425382832809, 37.610664436561486 ], [ 127.698717394512812, 37.618661656220091 ], [ 127.705098777509718, 37.622685592642313 ], [ 127.706843073341503, 37.62741108700385 ], [ 127.71856287415892, 37.633382112822538 ], [ 127.71467533914624, 37.638284643122027 ], [ 127.715906453975876, 37.643022097573812 ], [ 127.714537219096627, 37.646522226425979 ], [ 127.717602831178837, 37.64985648435411 ], [ 127.718981341155541, 37.655480353665908 ], [ 127.723132027553916, 37.657838967638192 ], [ 127.725856281092589, 37.66283392832672 ], [ 127.729106458661278, 37.663358012465615 ], [ 127.736946662590157, 37.660934474863197 ], [ 127.742543387365146, 37.664894372087751 ], [ 127.746529699281879, 37.66384568799058 ], [ 127.753090714043253, 37.664933682617665 ], [ 127.753779652267468, 37.66788405799501 ], [ 127.755625197168527, 37.668748810648708 ], [ 127.753554496169883, 37.674942836689574 ], [ 127.755259047053528, 37.677405609573533 ], [ 127.749832623063114, 37.681512735405292 ], [ 127.751669258241805, 37.684334018406794 ], [ 127.751851932849547, 37.694769642226149 ], [ 127.758870121033596, 37.696006467833506 ] ] ] ] } },
{ "type": "Feature", "properties": { "emd_cd": "51720370", "emd_nm": "서면" }, "geometry": { "type": "MultiPolygon", "coordinates": [ [ [ [ 127.572119152426694, 37.733005514138334 ], [ 127.589221687933119, 37.725411251285067 ], [ 127.593466915935494, 37.721253470160498 ], [ 127.594338881723573, 37.718047462913098 ], [ 127.59163941666958, 37.71146836627149 ], [ 127.593675793177056, 37.705485458698313 ], [ 127.596105173535918, 37.703134083928276 ], [ 127.604870189766316, 37.704579290817293 ], [ 127.609541211805166, 37.700660019726016 ], [ 127.610592885842436, 37.694821175723455 ], [ 127.607957256455649, 37.687657828501393 ], [ 127.607787261702256, 37.680408515518664 ], [ 127.607837267660599, 37.676788567390489 ], [ 127.609362716057532, 37.675722539606504 ], [ 127.618905548873641, 37.677168475315803 ], [ 127.623038911695488, 37.681241710163221 ], [ 127.623362747249473, 37.691217918716227 ], [ 127.626134662513408, 37.69480952483913 ], [ 127.635562715799438, 37.698269600579195 ], [ 127.638182646571821, 37.698495138592953 ], [ 127.641464245533342, 37.694569035625634 ], [ 127.641307002309318, 37.683881043104861 ], [ 127.642595103609295, 37.680316081083518 ], [ 127.645186472154336, 37.678867914298074 ], [ 127.649435062749632, 37.680229601906838 ], [ 127.652185431472276, 37.685956793336288 ], [ 127.651040089836584, 37.698308166880047 ], [ 127.658394314274489, 37.700033929337799 ], [ 127.670327157326639, 37.695707239053903 ], [ 127.672717464226793, 37.696985714966324 ], [ 127.677819274813814, 37.695155291304602 ], [ 127.684250974582952, 37.701878254102731 ], [ 127.682830061834025, 37.705261616521149 ], [ 127.684196793192342, 37.707357702319001 ], [ 127.680580529672838, 37.707939786167557 ], [ 127.679574339529722, 37.711365404928713 ], [ 127.687394521886574, 37.716283505690249 ], [ 127.700457941354287, 37.716451756507745 ], [ 127.695888296702165, 37.708036049987349 ], [ 127.697311109631002, 37.706660921289199 ], [ 127.695970702307278, 37.702854378669315 ], [ 127.700833833797404, 37.702552739960247 ], [ 127.706898055829953, 37.704568173714193 ], [ 127.712552109530506, 37.703688313335483 ], [ 127.714875909113658, 37.706799221597976 ], [ 127.71939576611409, 37.706795305227551 ], [ 127.720818820345457, 37.703239685414296 ], [ 127.718924327091571, 37.698261314819213 ], [ 127.72462115504932, 37.694751643518245 ], [ 127.721197820009564, 37.690433874608424 ], [ 127.723093958065931, 37.685396058101929 ], [ 127.719934160763344, 37.68177324771213 ], [ 127.720305816648136, 37.679664194653313 ], [ 127.713730506633524, 37.673290102548293 ], [ 127.713944600219406, 37.666209105104627 ], [ 127.711421777252852, 37.66296916165426 ], [ 127.718981341155541, 37.655480353665908 ], [ 127.717602831178837, 37.64985648435411 ], [ 127.714537219096627, 37.646522226425979 ], [ 127.715906453975876, 37.643022097573812 ], [ 127.71467533914624, 37.638284643122027 ], [ 127.71856287415892, 37.633382112822538 ], [ 127.706843073341503, 37.62741108700385 ], [ 127.705098777509718, 37.622685592642313 ], [ 127.69942020363905, 37.61980001351278 ], [ 127.701322161083624, 37.607250662190395 ], [ 127.697476218257819, 37.601329102685945 ], [ 127.691678963391169, 37.601335124824743 ], [ 127.683377199713661, 37.608229190557296 ], [ 127.667520719178341, 37.617250922135248 ], [ 127.66345010084018, 37.624032683563399 ], [ 127.656467823560078, 37.62236233369498 ], [ 127.651531354117026, 37.622938677247653 ], [ 127.647360668297125, 37.629002816949232 ], [ 127.646987637323562, 37.632736741484479 ], [ 127.639432469249613, 37.632642865108252 ], [ 127.637707187145665, 37.635749514084864 ], [ 127.633708876557264, 37.6359638111389 ], [ 127.634153033481866, 37.639938283802692 ], [ 127.630888623532684, 37.639355160102205 ], [ 127.626439033025619, 37.643083212845795 ], [ 127.621570718069663, 37.639565859157848 ], [ 127.621801534069348, 37.642826134308962 ], [ 127.619026225506914, 37.643243153032479 ], [ 127.617957698488752, 37.646017851440327 ], [ 127.615503515596572, 37.647031168529892 ], [ 127.612787274631771, 37.645609047704795 ], [ 127.606605748754134, 37.650814334079044 ], [ 127.602193512378122, 37.651536659801259 ], [ 127.598823844125164, 37.646884706100721 ], [ 127.584860913473705, 37.64230244076618 ], [ 127.583255616799775, 37.640134085284053 ], [ 127.583485977423933, 37.635590460058509 ], [ 127.580654555487939, 37.633398375362233 ], [ 127.571416938844933, 37.632000725647657 ], [ 127.564680557674009, 37.633157296225185 ], [ 127.559460857514651, 37.628485618664897 ], [ 127.548257334585585, 37.633207959863299 ], [ 127.547250132604617, 37.63770727944474 ], [ 127.543716181818311, 37.637859257721402 ], [ 127.537936685364514, 37.641478371980156 ], [ 127.53545491993269, 37.645767329305279 ], [ 127.535654841323279, 37.650694708670301 ], [ 127.543854066227937, 37.651730351156729 ], [ 127.546218666164293, 37.657859981802567 ], [ 127.552815660422809, 37.661528242814008 ], [ 127.549048985216672, 37.668614110898154 ], [ 127.550800290497094, 37.677247542911445 ], [ 127.550639197633402, 37.687042272175525 ], [ 127.556573341779526, 37.701687318495203 ], [ 127.555795427236347, 37.70436249505866 ], [ 127.558629895843197, 37.706043476286958 ], [ 127.558044757795912, 37.713914736702208 ], [ 127.561811176875437, 37.719625168400711 ], [ 127.559347298924223, 37.724927883152183 ], [ 127.559914676092532, 37.728585229308266 ], [ 127.564292813777811, 37.727840765810413 ], [ 127.567534782872926, 37.732707055549298 ], [ 127.572119152426694, 37.733005514138334 ] ] ] ] } },
{ "type": "Feature", "properties": { "emd_cd": "51720380", "emd_nm": "북방면" }, "geometry": { "type": "MultiPolygon", "coordinates": [ [ [ [ 127.822254235692782, 37.84567489334286 ], [ 127.825217645750186, 37.843720823479011 ], [ 127.832293909901324, 37.843653639848853 ], [ 127.836348175190807, 37.840028397424135 ], [ 127.854637914305272, 37.834833156517064 ], [ 127.856562162878731, 37.825468342043948 ], [ 127.859721316561377, 37.82426452586877 ], [ 127.863749454276586, 37.816079762542358 ], [ 127.872650946641897, 37.813419517486842 ], [ 127.875646815807002, 37.810365803218012 ], [ 127.874680371130438, 37.799143110830265 ], [ 127.879559355138795, 37.797383377294132 ], [ 127.880388190971658, 37.793761958122182 ], [ 127.880359303147372, 37.788744728283305 ], [ 127.877647593638798, 37.782987990113241 ], [ 127.882547901224243, 37.780843548765624 ], [ 127.881191654804823, 37.779569046811524 ], [ 127.882001234960896, 37.777504286660552 ], [ 127.883710542714553, 37.777380958057172 ], [ 127.885104711268681, 37.779714639621581 ], [ 127.890387731465026, 37.77793539259892 ], [ 127.891684052180153, 37.772724993141665 ], [ 127.899520537505722, 37.771911728320219 ], [ 127.90216802750453, 37.768312041193965 ], [ 127.902424087726232, 37.762298087742437 ], [ 127.899955858072616, 37.755498322867844 ], [ 127.904832187199062, 37.749837613522352 ], [ 127.902801586944236, 37.745970229123955 ], [ 127.893952564804081, 37.745596734596042 ], [ 127.891190245470227, 37.743647544919526 ], [ 127.889048451609668, 37.732910402505311 ], [ 127.887308967683026, 37.730233110999905 ], [ 127.882274069689487, 37.727877497441895 ], [ 127.883457536448546, 37.725939293107785 ], [ 127.881186267151577, 37.721960244308221 ], [ 127.882520989903469, 37.719956502044347 ], [ 127.881191340025509, 37.713766171052498 ], [ 127.875890664530459, 37.711176928904052 ], [ 127.876197881942502, 37.709064108305547 ], [ 127.874117551760946, 37.70818696104083 ], [ 127.876120538967541, 37.702887833494451 ], [ 127.873196258278398, 37.697126703445043 ], [ 127.875483008002305, 37.692057022543686 ], [ 127.874914465189946, 37.689808066626746 ], [ 127.865346195237592, 37.682453681542412 ], [ 127.857292020503252, 37.680012726732699 ], [ 127.852328153327704, 37.681231402248891 ], [ 127.849451943196598, 37.687282864967081 ], [ 127.840985898225213, 37.686079135717137 ], [ 127.832415796010821, 37.68837867883795 ], [ 127.826930319340377, 37.684674128176752 ], [ 127.819020722653377, 37.684924727068328 ], [ 127.814609511993709, 37.680923661873962 ], [ 127.815707812435889, 37.675650312346747 ], [ 127.813083866836479, 37.672292090014238 ], [ 127.805172179479214, 37.671254491775336 ], [ 127.805807185822303, 37.664400327342165 ], [ 127.800720077568471, 37.660122589777444 ], [ 127.800049873739781, 37.6564845788848 ], [ 127.796905828762817, 37.65383773805106 ], [ 127.79175964555364, 37.658592596364606 ], [ 127.785567631415546, 37.661104417243038 ], [ 127.788175104634988, 37.666450604838047 ], [ 127.789836552313602, 37.677414263471306 ], [ 127.79263445782955, 37.678062772653796 ], [ 127.793028268518185, 37.682726597075821 ], [ 127.776946784992987, 37.687098612923471 ], [ 127.773163045405781, 37.690739389969224 ], [ 127.775006435890532, 37.692335416757714 ], [ 127.769429043291623, 37.690267340667731 ], [ 127.762238211028816, 37.695899558794764 ], [ 127.751851932849547, 37.694769642226149 ], [ 127.751669258241805, 37.684334018406794 ], [ 127.749832623063114, 37.681512735405292 ], [ 127.755259047053528, 37.677405609573533 ], [ 127.753554496169883, 37.674942836689574 ], [ 127.755625197168527, 37.668748810648708 ], [ 127.753779652267468, 37.66788405799501 ], [ 127.753090714043253, 37.664933682617665 ], [ 127.746529699281879, 37.66384568799058 ], [ 127.742543387365146, 37.664894372087751 ], [ 127.736946662590157, 37.660934474863197 ], [ 127.729106458661278, 37.663358012465615 ], [ 127.725856281092589, 37.66283392832672 ], [ 127.723132027553916, 37.657838967638192 ], [ 127.718981341155541, 37.655480353665908 ], [ 127.711421777252852, 37.66296916165426 ], [ 127.713944600219406, 37.666209105104627 ], [ 127.713730506633524, 37.673290102548293 ], [ 127.720305816648136, 37.679664194653313 ], [ 127.719934160763344, 37.68177324771213 ], [ 127.723093958065931, 37.685396058101929 ], [ 127.721197820009564, 37.690433874608424 ], [ 127.72462115504932, 37.694751643518245 ], [ 127.718924327091571, 37.698261314819213 ], [ 127.720818820345457, 37.703239685414296 ], [ 127.718756182508457, 37.707053355155502 ], [ 127.714875909113658, 37.706799221597976 ], [ 127.711419223591832, 37.703502876446052 ], [ 127.706898055829953, 37.704568173714193 ], [ 127.700833833797404, 37.702552739960247 ], [ 127.695398049231386, 37.703412555344961 ], [ 127.697311109631002, 37.706660921289199 ], [ 127.696117915032673, 37.707158974028381 ], [ 127.696468099224177, 37.709709662383602 ], [ 127.700989289314009, 37.71654825034647 ], [ 127.700992765810014, 37.719089444660149 ], [ 127.707459720017127, 37.72125741139395 ], [ 127.710730084881405, 37.72680806861873 ], [ 127.715087062744672, 37.727872102644056 ], [ 127.715370456268445, 37.729388931487719 ], [ 127.720856138892273, 37.731429022442143 ], [ 127.721530795801897, 37.733308059339699 ], [ 127.72730713945252, 37.732118797342274 ], [ 127.74300517587271, 37.741670928428022 ], [ 127.74641887929856, 37.741955725857572 ], [ 127.749014053767269, 37.740233723286828 ], [ 127.751252216792977, 37.73419337242445 ], [ 127.754677102494739, 37.732242080341429 ], [ 127.759295648736725, 37.736272671820451 ], [ 127.771456368948009, 37.737710517161865 ], [ 127.781819753931615, 37.742339247367838 ], [ 127.787743762486144, 37.738855317330064 ], [ 127.787469359620644, 37.736711826802164 ], [ 127.79491011047169, 37.735011097843852 ], [ 127.800997755722477, 37.73713015316649 ], [ 127.801435438163452, 37.741538095478418 ], [ 127.806300819708852, 37.74259439351011 ], [ 127.806689369893775, 37.746341087010528 ], [ 127.813899550244571, 37.74836944680748 ], [ 127.81975562730554, 37.747167450582978 ], [ 127.825729774931688, 37.741722813208916 ], [ 127.832305869450011, 37.741331408371593 ], [ 127.835991711911603, 37.745688702894078 ], [ 127.844834016769425, 37.749401414385616 ], [ 127.845258057899315, 37.752201731053162 ], [ 127.841681759955804, 37.753927523811733 ], [ 127.840443894622311, 37.756328414613357 ], [ 127.848139115226772, 37.758433919288521 ], [ 127.856273838250999, 37.765352751264345 ], [ 127.85743434745531, 37.768511736833119 ], [ 127.851921141650607, 37.777089422183145 ], [ 127.846635951288448, 37.780629365909377 ], [ 127.843245020054894, 37.78971817036814 ], [ 127.837338861330863, 37.790435282620152 ], [ 127.82488429538904, 37.798252506365046 ], [ 127.827165302919539, 37.808647135359891 ], [ 127.825092808056652, 37.811764888461141 ], [ 127.825023235022385, 37.815694409004628 ], [ 127.827616155186718, 37.820462876312661 ], [ 127.825598287195874, 37.82434288409938 ], [ 127.822033514401937, 37.824621110682884 ], [ 127.81723919499089, 37.828220274996546 ], [ 127.818432761817064, 37.829365457664913 ], [ 127.813569170670092, 37.833652628419962 ], [ 127.815540523744374, 37.841018130530315 ], [ 127.819507461802871, 37.84212751992461 ], [ 127.819446710030704, 37.84371419740279 ], [ 127.822254235692782, 37.84567489334286 ] ] ] ] } },
{ "type": "Feature", "properties": { "emd_cd": "51720390", "emd_nm": "내면" }, "geometry": { "type": "MultiPolygon", "coordinates": [ [ [ [ 128.400591675049867, 37.861237546230086 ], [ 128.402720260908922, 37.867158013374713 ], [ 128.409661492202019, 37.872145855973329 ], [ 128.412871637490582, 37.879928795326705 ], [ 128.412271091748607, 37.884672510827528 ], [ 128.414433374513294, 37.88531583359697 ], [ 128.421529092369951, 37.882880974251776 ], [ 128.424325185193339, 37.877781970177686 ], [ 128.428384943049537, 37.875101384718491 ], [ 128.431712100880389, 37.866696951887043 ], [ 128.440432141699603, 37.863981588945776 ], [ 128.444234820032136, 37.864892857537818 ], [ 128.44766876235937, 37.873479717287452 ], [ 128.454019196488048, 37.875297052373178 ], [ 128.458461961163778, 37.879447134279204 ], [ 128.466320047698616, 37.880959011642751 ], [ 128.470729116050194, 37.885729373905107 ], [ 128.475360647741553, 37.885287973490236 ], [ 128.481424559310597, 37.893002025730013 ], [ 128.493926257615016, 37.887765102530942 ], [ 128.497189897902558, 37.883762489465227 ], [ 128.498665965275876, 37.886121823659131 ], [ 128.505933231921034, 37.886874442643595 ], [ 128.511759731826828, 37.880062548753934 ], [ 128.525216347981257, 37.88259036209589 ], [ 128.529976252205074, 37.88884737305937 ], [ 128.541013485625143, 37.891092332848785 ], [ 128.544066665021063, 37.887197675615411 ], [ 128.55745683129129, 37.880028431834212 ], [ 128.559486192157976, 37.875599996226008 ], [ 128.567743253047638, 37.875403759832452 ], [ 128.572135228437588, 37.870522049756595 ], [ 128.573758941884051, 37.864639932394773 ], [ 128.587970753496478, 37.862094791292854 ], [ 128.588819533057404, 37.859911022701809 ], [ 128.587414612101327, 37.852156180126372 ], [ 128.585030490215672, 37.84924318055797 ], [ 128.586080192427971, 37.845132578919618 ], [ 128.583021315577327, 37.842074023702885 ], [ 128.581576861835259, 37.837775047514583 ], [ 128.582305184897422, 37.832451628895988 ], [ 128.580481736612342, 37.826148342303661 ], [ 128.582728113080094, 37.82137975039651 ], [ 128.576967269620326, 37.817060016668364 ], [ 128.57083993862102, 37.807996227912135 ], [ 128.556383239872815, 37.809458183445443 ], [ 128.55125472754213, 37.804276769968141 ], [ 128.544371298371743, 37.800903107006292 ], [ 128.54252162888514, 37.788342320156822 ], [ 128.539590923249875, 37.78321951642522 ], [ 128.53320115249835, 37.779786290598139 ], [ 128.533225930130385, 37.770960000180828 ], [ 128.523950412375115, 37.764014633576281 ], [ 128.524057276587598, 37.755350131903022 ], [ 128.527106830305144, 37.752810480612553 ], [ 128.524062476104746, 37.742631346003861 ], [ 128.527704167964316, 37.73652365379224 ], [ 128.527997061300908, 37.732965971429493 ], [ 128.522217847502532, 37.729706599861707 ], [ 128.516064239222004, 37.73220848876246 ], [ 128.51306814447463, 37.730365183660687 ], [ 128.509617521369137, 37.730554066905576 ], [ 128.478697605361219, 37.734661700803017 ], [ 128.47112850788659, 37.732789952998985 ], [ 128.466192773474262, 37.728485503001181 ], [ 128.462881431742176, 37.728347687130984 ], [ 128.457806264995497, 37.730812452893254 ], [ 128.45249768246066, 37.727065082954908 ], [ 128.444920067549134, 37.717656767386977 ], [ 128.446137322935158, 37.710994705011146 ], [ 128.444656337416092, 37.708855382508013 ], [ 128.443948891298419, 37.700731031144002 ], [ 128.435925097500728, 37.695267057845975 ], [ 128.435257471257756, 37.69239041452537 ], [ 128.424860077641199, 37.691411883240391 ], [ 128.415488107877991, 37.687984016260472 ], [ 128.408524710420693, 37.69078776182009 ], [ 128.404431394442355, 37.688326174261498 ], [ 128.395524055694466, 37.691808845255345 ], [ 128.376080968924555, 37.691613953477393 ], [ 128.359893852302235, 37.699348781039632 ], [ 128.346160427262163, 37.695598976587767 ], [ 128.336900146906117, 37.695550252939682 ], [ 128.323371817930365, 37.690043546440172 ], [ 128.32138666998128, 37.690820655101355 ], [ 128.310956994614145, 37.706628242111137 ], [ 128.310872052317563, 37.710707141610293 ], [ 128.318579604388106, 37.716808888477416 ], [ 128.317242266126243, 37.71915518434696 ], [ 128.318817372857666, 37.725150320208506 ], [ 128.312483182101971, 37.741928277535663 ], [ 128.309599581719738, 37.74492716744647 ], [ 128.294510327584703, 37.750749271640082 ], [ 128.287733496131551, 37.748771259867333 ], [ 128.273415408893442, 37.757360553995881 ], [ 128.268961315148232, 37.753658078778123 ], [ 128.255876758682035, 37.754133659949488 ], [ 128.253394380723989, 37.7605475627415 ], [ 128.239478998420253, 37.768724695686338 ], [ 128.2399343346585, 37.772100554680719 ], [ 128.235672097419751, 37.775225195129231 ], [ 128.238146195193508, 37.78121539762472 ], [ 128.236467941739477, 37.786603100688765 ], [ 128.219496278295253, 37.785786708003897 ], [ 128.218978825213213, 37.801038123331004 ], [ 128.216768386724596, 37.80957139999559 ], [ 128.214366083399625, 37.81235615843562 ], [ 128.224330574683449, 37.820505550312568 ], [ 128.234707648331209, 37.822171585429814 ], [ 128.238689302293665, 37.825236030514759 ], [ 128.242599798597183, 37.832094847326303 ], [ 128.247012402951469, 37.832687988847752 ], [ 128.247540288456861, 37.836073821461866 ], [ 128.256103738580038, 37.839622241551055 ], [ 128.256107075141983, 37.843500728451886 ], [ 128.260814511700687, 37.849586992871664 ], [ 128.26136400070439, 37.856379774407209 ], [ 128.267531105329141, 37.861012392318962 ], [ 128.273081251080185, 37.860705108254514 ], [ 128.275968905664229, 37.864681485510616 ], [ 128.284939639141328, 37.866262118874893 ], [ 128.287518418441067, 37.864861118403233 ], [ 128.291069111602013, 37.869301214546901 ], [ 128.295903272165219, 37.86860556294355 ], [ 128.297852124930898, 37.864648873351172 ], [ 128.305116297362815, 37.857609236003519 ], [ 128.307017189775223, 37.8513244030053 ], [ 128.305405683756703, 37.849590304439403 ], [ 128.307426193930411, 37.843684218312738 ], [ 128.309558694514067, 37.841145901685621 ], [ 128.311757420091084, 37.841010738875667 ], [ 128.320120408622898, 37.830698531149494 ], [ 128.328349197186981, 37.833880475051593 ], [ 128.332467330230685, 37.831988537824991 ], [ 128.336065086494614, 37.827929865911351 ], [ 128.346811402796391, 37.826246454713278 ], [ 128.353555480694297, 37.83071527458857 ], [ 128.365160702749449, 37.833556187261792 ], [ 128.366360365254309, 37.836407640080054 ], [ 128.362805306971325, 37.838634783271473 ], [ 128.366142450908114, 37.847045805723226 ], [ 128.378177006062316, 37.852337217838546 ], [ 128.382403566332272, 37.858623788190492 ], [ 128.39040006640252, 37.858845036761295 ], [ 128.397148063481723, 37.862301092768959 ], [ 128.400591675049867, 37.861237546230086 ] ] ] ] } },
{ "type": "Feature", "properties": { "emd_cd": "51730250", "emd_nm": "횡성읍" }, "geometry": { "type": "MultiPolygon", "coordinates": [ [ [ [ 128.047264179165069, 37.51681964270815 ], [ 128.045406620431777, 37.513682065599909 ], [ 128.047658685954616, 37.511013540140397 ], [ 128.046735539093589, 37.503310478923943 ], [ 128.047794250519871, 37.500120520991217 ], [ 128.043993691847248, 37.495619219403203 ], [ 128.043935335640242, 37.492004042948238 ], [ 128.045836801717087, 37.490312840002318 ], [ 128.044856288850951, 37.487761970741701 ], [ 128.046267162972839, 37.486350101578886 ], [ 128.044113843219009, 37.484793215135682 ], [ 128.040793606378315, 37.486429659649772 ], [ 128.038921536381253, 37.485663555084777 ], [ 128.039598466449661, 37.48269847818721 ], [ 128.035579748226723, 37.479289120296109 ], [ 128.033418015561523, 37.473523604079723 ], [ 128.037288367958865, 37.470728364003755 ], [ 128.037230513408929, 37.464635975975206 ], [ 128.043924759437544, 37.456657865237212 ], [ 128.040467365319358, 37.449861998607034 ], [ 128.036935828276143, 37.448229345207857 ], [ 128.03836268248395, 37.447123736152314 ], [ 128.037161859476299, 37.446351089088971 ], [ 128.027377633746937, 37.448541841945961 ], [ 128.014232614272061, 37.445260789173986 ], [ 128.012034404844798, 37.449747939074776 ], [ 128.00696934264397, 37.449803581391265 ], [ 128.007150920155937, 37.45286490189681 ], [ 128.00249027666186, 37.456992736465935 ], [ 127.992465384606319, 37.456538894622085 ], [ 127.982618722778739, 37.460172714421013 ], [ 127.974273574197426, 37.457650960927992 ], [ 127.968844027192489, 37.452320194360489 ], [ 127.965016413329209, 37.450931798774889 ], [ 127.963702871153856, 37.453542581945811 ], [ 127.958132714604403, 37.452978590119088 ], [ 127.95472864332848, 37.455468878644162 ], [ 127.949254559974364, 37.454353919860466 ], [ 127.948572516505848, 37.458341959948633 ], [ 127.941454369725065, 37.466947482204411 ], [ 127.938956661455663, 37.475532943111787 ], [ 127.936923766067153, 37.476293905253549 ], [ 127.93845195532414, 37.48244770640342 ], [ 127.932970029184631, 37.486992100058409 ], [ 127.932544666687477, 37.490445760890218 ], [ 127.935799515590418, 37.492450480250312 ], [ 127.935709652482387, 37.494816882229209 ], [ 127.938049490328353, 37.496240662020959 ], [ 127.939634112607166, 37.501148912764926 ], [ 127.929137895563997, 37.506911113604403 ], [ 127.931172234981304, 37.513071434797347 ], [ 127.934397416430045, 37.516343945723705 ], [ 127.942277132153578, 37.513095886830193 ], [ 127.954519528096711, 37.51460384897991 ], [ 127.963449234257098, 37.51296952418442 ], [ 127.96289969767669, 37.515691602139768 ], [ 127.964673111139575, 37.517718412322587 ], [ 127.972657959033668, 37.515245403536092 ], [ 127.985814269437213, 37.505533181162143 ], [ 127.990731556511619, 37.511110263756734 ], [ 127.995946049752447, 37.511427565328077 ], [ 128.00045495493228, 37.516677727706266 ], [ 127.996471461388126, 37.521838772428644 ], [ 127.997342269792739, 37.523586692593973 ], [ 128.013457452382255, 37.53502357089836 ], [ 128.015330989948723, 37.540572394251605 ], [ 128.013814363227993, 37.540585531668874 ], [ 128.015273299531714, 37.54616861709939 ], [ 128.01383366990521, 37.548363631277873 ], [ 128.016245758471513, 37.551329005731723 ], [ 128.024855236558835, 37.546076358675805 ], [ 128.026806727371934, 37.542022143420603 ], [ 128.033308076347907, 37.536943798648743 ], [ 128.038805776876558, 37.537189183628072 ], [ 128.041243247806989, 37.529475544586674 ], [ 128.047608349953691, 37.526399258730322 ], [ 128.045686470537902, 37.519930623540382 ], [ 128.047264179165069, 37.51681964270815 ] ] ] ] } },
{ "type": "Feature", "properties": { "emd_cd": "51730310", "emd_nm": "우천면" }, "geometry": { "type": "MultiPolygon", "coordinates": [ [ [ [ 128.15238844357998, 37.477718587859897 ], [ 128.147845675111512, 37.478511949185545 ], [ 128.145712722256206, 37.480801608084555 ], [ 128.138560385136657, 37.474055936259845 ], [ 128.131760394089298, 37.475508581548802 ], [ 128.132045032123926, 37.470095331096616 ], [ 128.120328702848582, 37.471327598602251 ], [ 128.122011637677474, 37.463983207451705 ], [ 128.127858877017303, 37.459778249082653 ], [ 128.130696827170226, 37.459987405310663 ], [ 128.135439277941771, 37.456303929192089 ], [ 128.140648337316719, 37.454812296595925 ], [ 128.139471003188504, 37.449847225160006 ], [ 128.14130054368232, 37.443010955338245 ], [ 128.138844534889529, 37.442040792093032 ], [ 128.136305425418072, 37.437040598016132 ], [ 128.130199820056646, 37.434604646006719 ], [ 128.122964273884634, 37.426762566304404 ], [ 128.124956590975557, 37.420056766226509 ], [ 128.113950863109437, 37.41675135482042 ], [ 128.114287606412489, 37.40832094964729 ], [ 128.108903696384573, 37.405239022203432 ], [ 128.104847622946608, 37.407254291560193 ], [ 128.09751737406026, 37.406243290525687 ], [ 128.095899022327956, 37.410275074754949 ], [ 128.091088472670435, 37.411646590420041 ], [ 128.088520934843132, 37.414309138252257 ], [ 128.08600784600975, 37.422076650460625 ], [ 128.083628643930979, 37.424475487524354 ], [ 128.084234889483156, 37.426764143130676 ], [ 128.071279903290019, 37.430796028142112 ], [ 128.067842986391611, 37.434037079837687 ], [ 128.062098506490599, 37.435888483955821 ], [ 128.062656302941349, 37.44075544274645 ], [ 128.059205105080935, 37.443143795079912 ], [ 128.058885832142892, 37.445149781228565 ], [ 128.054071210668894, 37.443339242010723 ], [ 128.042693338062577, 37.443252584382584 ], [ 128.041766039019365, 37.445524748244033 ], [ 128.036935828276143, 37.448229345207857 ], [ 128.040467365319358, 37.449861998607034 ], [ 128.043924759437544, 37.456657865237212 ], [ 128.037230513408929, 37.464635975975206 ], [ 128.037288367958865, 37.470728364003755 ], [ 128.033418015561523, 37.473523604079723 ], [ 128.035579748226723, 37.479289120296109 ], [ 128.039598466449661, 37.48269847818721 ], [ 128.038921536381253, 37.485663555084777 ], [ 128.040793606378315, 37.486429659649772 ], [ 128.044113843219009, 37.484793215135682 ], [ 128.046267162972839, 37.486350101578886 ], [ 128.044856288850951, 37.487761970741701 ], [ 128.045836801717087, 37.490312840002318 ], [ 128.043935335640242, 37.492004042948238 ], [ 128.043993691847248, 37.495619219403203 ], [ 128.04767560032073, 37.499707788052412 ], [ 128.046739448563414, 37.503499240354159 ], [ 128.048168818168733, 37.507648428268091 ], [ 128.045458039844704, 37.514927788918023 ], [ 128.050524746070693, 37.520172920166274 ], [ 128.05378679199859, 37.519123541632403 ], [ 128.060950756524335, 37.521557243583217 ], [ 128.062183560501637, 37.519959631717335 ], [ 128.063751469270557, 37.521357031312043 ], [ 128.070492227868954, 37.520549383478262 ], [ 128.074738087123308, 37.516238278726931 ], [ 128.078706996043564, 37.518642410887267 ], [ 128.080971723924421, 37.525756775230136 ], [ 128.087580218113885, 37.523809194719171 ], [ 128.090205477964844, 37.519702632937459 ], [ 128.098527167555318, 37.522183633640068 ], [ 128.105489021126857, 37.522084796186384 ], [ 128.107763588663545, 37.526670176671836 ], [ 128.111710654389924, 37.52772472940449 ], [ 128.111729350278154, 37.531598604393778 ], [ 128.120363270109038, 37.527922482482325 ], [ 128.125608642576168, 37.531973656706619 ], [ 128.134309511003238, 37.529674982206565 ], [ 128.135309502318393, 37.527436528698203 ], [ 128.137548346602671, 37.527621519542691 ], [ 128.141535470994967, 37.52481935682146 ], [ 128.137748692635824, 37.519153326876456 ], [ 128.138568462650596, 37.512862822731805 ], [ 128.145697301481761, 37.507674489082383 ], [ 128.145338937350374, 37.503039637416869 ], [ 128.152804026884525, 37.498004988757785 ], [ 128.16104837494521, 37.485442731775336 ], [ 128.15238844357998, 37.477718587859897 ] ] ] ] } },
{ "type": "Feature", "properties": { "emd_cd": "51730320", "emd_nm": "안흥면" }, "geometry": { "type": "MultiPolygon", "coordinates": [ [ [ [ 128.09794592121537, 37.405920058401918 ], [ 128.104847622946608, 37.407254291560193 ], [ 128.108903696384544, 37.405239022203446 ], [ 128.113267929146389, 37.406775732572797 ], [ 128.115050344561183, 37.410454981509972 ], [ 128.11314698053593, 37.414053095961592 ], [ 128.113950863109437, 37.416751354820413 ], [ 128.124956590975557, 37.420056766226509 ], [ 128.122964273884634, 37.426762566304419 ], [ 128.130199820056646, 37.434604646006719 ], [ 128.136305425418044, 37.437040598016154 ], [ 128.1388445348895, 37.44204079209306 ], [ 128.141125858675451, 37.442733621277135 ], [ 128.139471003188504, 37.449847225160035 ], [ 128.140648337316691, 37.454812296595918 ], [ 128.135439277941771, 37.456303929192089 ], [ 128.130696827170198, 37.459987405310628 ], [ 128.127858877017275, 37.459778249082653 ], [ 128.122011637677474, 37.463983207451697 ], [ 128.120710923541054, 37.466515553275002 ], [ 128.121698209170631, 37.468924560466206 ], [ 128.119965624531602, 37.470652055688262 ], [ 128.121371126380723, 37.472114296627019 ], [ 128.132045032123898, 37.470095331096609 ], [ 128.131760394089298, 37.475508581548802 ], [ 128.138560385136657, 37.474055936259845 ], [ 128.145712722256206, 37.480801608084569 ], [ 128.147845675111483, 37.478511949185545 ], [ 128.15238844357998, 37.477718587859897 ], [ 128.154095890920388, 37.474543826321991 ], [ 128.152237715528457, 37.472377112288669 ], [ 128.153300594531572, 37.470718827076205 ], [ 128.158039279615707, 37.470343555738324 ], [ 128.15868785857819, 37.47217665892596 ], [ 128.161649120699593, 37.473263506697329 ], [ 128.164842112547092, 37.471785025885708 ], [ 128.166892007205888, 37.475740519938633 ], [ 128.170738793147933, 37.477060296610333 ], [ 128.175900167733289, 37.475596754091178 ], [ 128.182619820978374, 37.469121067127112 ], [ 128.18045998672298, 37.464983950432917 ], [ 128.180901161907201, 37.456732422903045 ], [ 128.187357834270813, 37.455209205673796 ], [ 128.198035677593424, 37.449283351543563 ], [ 128.204638709339918, 37.449226152091875 ], [ 128.217776220126296, 37.454143228712788 ], [ 128.219756118295749, 37.45305224162238 ], [ 128.225655770180595, 37.454310026266633 ], [ 128.23263918023892, 37.452329453183118 ], [ 128.237153741764445, 37.452613290392399 ], [ 128.239745628500344, 37.455064775792366 ], [ 128.244746877053984, 37.454532410462285 ], [ 128.247668767283557, 37.442011265274921 ], [ 128.25772881336718, 37.438502357251792 ], [ 128.256203849599729, 37.429583857758402 ], [ 128.254090450009045, 37.427955339063516 ], [ 128.257878060348474, 37.424029365603204 ], [ 128.259202594293299, 37.416879355433394 ], [ 128.26513541457669, 37.408380322498232 ], [ 128.259145346917279, 37.405067097508109 ], [ 128.257251252937095, 37.398098246947718 ], [ 128.253792039075108, 37.393242562495935 ], [ 128.244701210067888, 37.395622137380265 ], [ 128.236177095094263, 37.387941818189347 ], [ 128.228691766824966, 37.389893801991704 ], [ 128.220746526391167, 37.394231712683116 ], [ 128.213948040913095, 37.392859387540923 ], [ 128.208111813657098, 37.394989598496032 ], [ 128.200614256479554, 37.390972561598467 ], [ 128.193300418668315, 37.389741602209156 ], [ 128.185591896821563, 37.392855989764833 ], [ 128.17981423817082, 37.387232668970441 ], [ 128.180701384320088, 37.380981976658383 ], [ 128.175538784693799, 37.378074359275537 ], [ 128.166393367595418, 37.376553397897496 ], [ 128.15838574118456, 37.383946147708727 ], [ 128.140969113085049, 37.381292487962895 ], [ 128.131980145074039, 37.387455002169581 ], [ 128.129914300708123, 37.390697493405597 ], [ 128.124272507037773, 37.392806877336575 ], [ 128.120654284931192, 37.390006140443226 ], [ 128.110511729646504, 37.391914849361918 ], [ 128.10240926691975, 37.396619735311255 ], [ 128.09794592121537, 37.405920058401918 ] ] ] ] } },
{ "type": "Feature", "properties": { "emd_cd": "51730330", "emd_nm": "둔내면" }, "geometry": { "type": "MultiPolygon", "coordinates": [ [ [ [ 128.253888804159004, 37.627364625098167 ], [ 128.274489782489667, 37.620781349099744 ], [ 128.283041799734491, 37.620561256956755 ], [ 128.283668162440421, 37.618971405106677 ], [ 128.280041710253158, 37.614667530495559 ], [ 128.279376140976836, 37.610542273796369 ], [ 128.280813444765499, 37.605411773059323 ], [ 128.285993092916129, 37.601866388219172 ], [ 128.280113349077851, 37.598544172826031 ], [ 128.279294251102982, 37.591869457441042 ], [ 128.281674093468069, 37.586481727188094 ], [ 128.284764247024043, 37.585407229489483 ], [ 128.284325777712411, 37.578309115011315 ], [ 128.294922913248115, 37.568801301355897 ], [ 128.295371965281788, 37.559219191630483 ], [ 128.297857153290153, 37.554998583936666 ], [ 128.294684901475364, 37.550384009027773 ], [ 128.293885117019187, 37.54500369628704 ], [ 128.302266426664886, 37.537961606813731 ], [ 128.299582113787324, 37.534399494639537 ], [ 128.301993118522944, 37.530374820821102 ], [ 128.300821306198173, 37.524092863383096 ], [ 128.296316732289228, 37.517841255698229 ], [ 128.297563105371779, 37.511832634955681 ], [ 128.290994530998177, 37.511240658170742 ], [ 128.289816923717297, 37.507001549341204 ], [ 128.285697961053557, 37.507330362390384 ], [ 128.282868458211482, 37.503914521786662 ], [ 128.276816672274407, 37.50251521497092 ], [ 128.274800457773921, 37.497575241676913 ], [ 128.273240359631131, 37.49767805190497 ], [ 128.268431336719971, 37.492600123666165 ], [ 128.266988792369261, 37.487322392123438 ], [ 128.263861977569945, 37.484629165579975 ], [ 128.24362774678292, 37.479984568218235 ], [ 128.244976076694485, 37.471679409833911 ], [ 128.24355388012367, 37.468349481723287 ], [ 128.246669492302829, 37.466221859211309 ], [ 128.244746877053984, 37.454532410462285 ], [ 128.239745628500344, 37.455064775792366 ], [ 128.237153741764445, 37.452613290392399 ], [ 128.23263918023892, 37.452329453183118 ], [ 128.225655770180595, 37.454310026266633 ], [ 128.219756118295749, 37.45305224162238 ], [ 128.217776220126296, 37.454143228712788 ], [ 128.212898900750389, 37.451360395751742 ], [ 128.210024239616871, 37.451883757812233 ], [ 128.201333297079969, 37.448723445293453 ], [ 128.194099192771006, 37.450552233838998 ], [ 128.187357834270813, 37.455209205673796 ], [ 128.180901161907201, 37.456732422903045 ], [ 128.18045998672298, 37.464983950432917 ], [ 128.182619820978374, 37.469121067127112 ], [ 128.175900167733289, 37.475596754091178 ], [ 128.170738793147933, 37.477060296610333 ], [ 128.166892007205888, 37.475740519938633 ], [ 128.164842112547092, 37.471785025885708 ], [ 128.161649120699593, 37.473263506697329 ], [ 128.15868785857819, 37.47217665892596 ], [ 128.158039279615707, 37.470343555738324 ], [ 128.153300594531572, 37.470718827076205 ], [ 128.152237715528457, 37.472377112288669 ], [ 128.154095890920388, 37.474543826321991 ], [ 128.152414121903576, 37.477817677004026 ], [ 128.161048374945182, 37.485442731775336 ], [ 128.152804026884525, 37.498004988757806 ], [ 128.145338937350374, 37.503039637416869 ], [ 128.145697301481732, 37.507674489082397 ], [ 128.138568462650596, 37.51286282273179 ], [ 128.138575142320036, 37.521957218774418 ], [ 128.140029368563972, 37.52217722133819 ], [ 128.142029975192827, 37.516964818393369 ], [ 128.145917798743199, 37.514151258719934 ], [ 128.148776476790601, 37.515846348314561 ], [ 128.151658852891842, 37.512129656144388 ], [ 128.159234086812404, 37.510629192355808 ], [ 128.159134620153367, 37.50921977587619 ], [ 128.164924634859489, 37.509263559133387 ], [ 128.170313339481993, 37.506074488463014 ], [ 128.176187855886951, 37.50829592785005 ], [ 128.177551412596131, 37.506894826738126 ], [ 128.18456427422484, 37.507603204343255 ], [ 128.185256057173149, 37.511868376487655 ], [ 128.194542561718805, 37.519004073832974 ], [ 128.194377242082169, 37.522337104804024 ], [ 128.190799445247961, 37.524977639397974 ], [ 128.191690061078731, 37.532596779727591 ], [ 128.197834640612058, 37.534258104020182 ], [ 128.199990567564868, 37.537969278898871 ], [ 128.209924880479377, 37.542821873302003 ], [ 128.208070738929365, 37.545203604350931 ], [ 128.207784192513202, 37.550507968285771 ], [ 128.212025315286439, 37.552137380240559 ], [ 128.214064488632147, 37.555412349395901 ], [ 128.215960514625408, 37.554996790923582 ], [ 128.218119564673941, 37.566220247816624 ], [ 128.221651817606329, 37.570330988355551 ], [ 128.228195114201441, 37.570532131163702 ], [ 128.231175570876275, 37.581411771065845 ], [ 128.237098502914989, 37.582555735215209 ], [ 128.243863532081974, 37.580951716848126 ], [ 128.250714849780479, 37.581570888542956 ], [ 128.257176141289193, 37.584630827723721 ], [ 128.257847780838091, 37.588451920356277 ], [ 128.251426920082139, 37.595361598508994 ], [ 128.246323609700113, 37.592723729479268 ], [ 128.242985415896953, 37.593212293192245 ], [ 128.250602107996798, 37.602655347616221 ], [ 128.252812867751999, 37.603366507629374 ], [ 128.256056388613302, 37.612043844220274 ], [ 128.256327989943543, 37.621469141398521 ], [ 128.253888804159004, 37.627364625098167 ] ] ] ] } },
{ "type": "Feature", "properties": { "emd_cd": "51730340", "emd_nm": "갑천면" }, "geometry": { "type": "MultiPolygon", "coordinates": [ [ [ [ 128.193380443526706, 37.53622021630536 ], [ 128.190799445247961, 37.524977639397974 ], [ 128.194377242082169, 37.522337104804024 ], [ 128.194542561718805, 37.519004073832974 ], [ 128.185256057173149, 37.511868376487655 ], [ 128.183766723940977, 37.507128462093831 ], [ 128.177551412596131, 37.506894826738126 ], [ 128.176187855886951, 37.50829592785005 ], [ 128.170313339481993, 37.506074488463014 ], [ 128.164924634859489, 37.509263559133387 ], [ 128.153905479859759, 37.510902602289306 ], [ 128.148776476790601, 37.515846348314561 ], [ 128.145917798743199, 37.514151258719934 ], [ 128.142029975192827, 37.516964818393369 ], [ 128.139959177456376, 37.520835600551337 ], [ 128.141343132591089, 37.525149464998719 ], [ 128.135309502318393, 37.527436528698203 ], [ 128.134309511003181, 37.529674982206593 ], [ 128.12560864257614, 37.531973656706612 ], [ 128.120799078650265, 37.527894036143017 ], [ 128.111729350278154, 37.531598604393814 ], [ 128.111710654389924, 37.527724729404504 ], [ 128.107763588663545, 37.526670176671857 ], [ 128.105489021126857, 37.522084796186377 ], [ 128.098527167555289, 37.522183633640068 ], [ 128.090205477964844, 37.519702632937474 ], [ 128.087580218113885, 37.523809194719171 ], [ 128.083099917285864, 37.526021581526031 ], [ 128.08026575637075, 37.525111494124396 ], [ 128.078706996043564, 37.518642410887267 ], [ 128.074738087123308, 37.516238278726931 ], [ 128.072422156271955, 37.51717712144837 ], [ 128.072254467003035, 37.519914067709429 ], [ 128.063751469270557, 37.521357031312064 ], [ 128.062183560501637, 37.51995963171732 ], [ 128.060950756524335, 37.521557243583231 ], [ 128.05378679199859, 37.51912354163241 ], [ 128.050524746070693, 37.520172920166253 ], [ 128.04726417916504, 37.516819642708157 ], [ 128.045686470537902, 37.519930623540382 ], [ 128.047608349953691, 37.526399258730322 ], [ 128.04124324780696, 37.52947554458666 ], [ 128.038805776876529, 37.537189183628072 ], [ 128.033308076347907, 37.536943798648743 ], [ 128.027835887913085, 37.541143465968212 ], [ 128.024855236558835, 37.546076358675805 ], [ 128.014165563004383, 37.552953915294822 ], [ 128.011069014669914, 37.559113200017691 ], [ 128.014389268786886, 37.560825791390414 ], [ 128.013269546275524, 37.565129577069015 ], [ 128.016398150210506, 37.569622790788273 ], [ 128.017323403794364, 37.574389604285621 ], [ 128.021010814423505, 37.5755122222929 ], [ 128.021874763974949, 37.579496435213123 ], [ 128.025512129703401, 37.581076105585311 ], [ 128.027689160003632, 37.585118190783696 ], [ 128.022831874238364, 37.589120501418769 ], [ 128.0244247388502, 37.594333673622643 ], [ 128.030565820874926, 37.59661100369469 ], [ 128.034532003715213, 37.606084918116522 ], [ 128.037619425064776, 37.606954814814543 ], [ 128.037421227479484, 37.610792784622063 ], [ 128.042067114516698, 37.617799213984377 ], [ 128.046130398859873, 37.620881554973913 ], [ 128.051432614274916, 37.621825252265957 ], [ 128.050475811410763, 37.62522658923622 ], [ 128.054188805071448, 37.628145984945448 ], [ 128.052420981597351, 37.630700971541387 ], [ 128.052977490281648, 37.63242167348583 ], [ 128.066241993376224, 37.636461033701288 ], [ 128.067138179461466, 37.64100870505964 ], [ 128.075280202260871, 37.644030264039849 ], [ 128.07962800854736, 37.649143754945896 ], [ 128.094954045326887, 37.652935538205554 ], [ 128.101885735077389, 37.650258627919776 ], [ 128.105597733004998, 37.646402869638287 ], [ 128.100326024626327, 37.640107935104261 ], [ 128.097244520510628, 37.628034024089203 ], [ 128.117005866299479, 37.617412287600139 ], [ 128.114640835038585, 37.613417683535957 ], [ 128.114248232501211, 37.607783567103446 ], [ 128.119356431568292, 37.601394069220042 ], [ 128.120331406995916, 37.596791994095611 ], [ 128.114368651046732, 37.594759088332687 ], [ 128.114068109068739, 37.589797052381464 ], [ 128.111451097528658, 37.58761352856893 ], [ 128.113354323321431, 37.584598136911865 ], [ 128.111962720040538, 37.582904608943231 ], [ 128.114096132251149, 37.577945353030337 ], [ 128.113571477979235, 37.573882960799033 ], [ 128.118869814369816, 37.56968908356292 ], [ 128.122021130746418, 37.569449068939939 ], [ 128.122819673395497, 37.563292552172086 ], [ 128.132146527256822, 37.555884433435381 ], [ 128.139430093798126, 37.553505265832698 ], [ 128.14653585400427, 37.563366639391425 ], [ 128.14863854828431, 37.563121991194649 ], [ 128.155678460019146, 37.558048443610538 ], [ 128.155863597504975, 37.556264523676774 ], [ 128.165677499319429, 37.552528399689628 ], [ 128.168658808511793, 37.547436568308228 ], [ 128.172172175133454, 37.546366188712696 ], [ 128.177114765191959, 37.541329397880041 ], [ 128.182933331205817, 37.539359631740595 ], [ 128.186046185453193, 37.539905572179428 ], [ 128.193380443526706, 37.53622021630536 ] ] ] ] } },
{ "type": "Feature", "properties": { "emd_cd": "51730350", "emd_nm": "청일면" }, "geometry": { "type": "MultiPolygon", "coordinates": [ [ [ [ 128.192552644401928, 37.533120360183993 ], [ 128.193380443526706, 37.53622021630536 ], [ 128.186046185453193, 37.539905572179428 ], [ 128.182933331205817, 37.539359631740595 ], [ 128.177114765191959, 37.541329397880041 ], [ 128.172172175133454, 37.546366188712696 ], [ 128.168658808511793, 37.547436568308228 ], [ 128.165677499319429, 37.552528399689628 ], [ 128.155863597504975, 37.556264523676774 ], [ 128.155678460019146, 37.558048443610538 ], [ 128.14863854828431, 37.563121991194649 ], [ 128.14653585400427, 37.563366639391425 ], [ 128.139430093798126, 37.553505265832698 ], [ 128.132146527256822, 37.555884433435381 ], [ 128.122819673395497, 37.563292552172086 ], [ 128.122021130746418, 37.569449068939939 ], [ 128.118869814369816, 37.56968908356292 ], [ 128.113571477979235, 37.573882960799033 ], [ 128.114096132251149, 37.577945353030337 ], [ 128.111962720040538, 37.582904608943231 ], [ 128.113354323321431, 37.584598136911865 ], [ 128.111451097528658, 37.58761352856893 ], [ 128.114068109068739, 37.589797052381464 ], [ 128.114368651046732, 37.594759088332687 ], [ 128.120331406995916, 37.596791994095611 ], [ 128.119356431568292, 37.601394069220042 ], [ 128.114248232501211, 37.607783567103446 ], [ 128.114640835038585, 37.613417683535957 ], [ 128.117005866299479, 37.617412287600139 ], [ 128.102477206948691, 37.62415428655779 ], [ 128.097146405546965, 37.628939547952754 ], [ 128.100326024626327, 37.640107935104261 ], [ 128.105621668260767, 37.645813092664731 ], [ 128.101885735077389, 37.650258627919776 ], [ 128.108027324476723, 37.650838066818153 ], [ 128.114192620042104, 37.654660082359598 ], [ 128.108010692305101, 37.656185896054737 ], [ 128.105572293230125, 37.659359672340138 ], [ 128.112460905278368, 37.664853421086697 ], [ 128.111687856740048, 37.671575924940178 ], [ 128.118826469260995, 37.678623784457777 ], [ 128.126096192567246, 37.677499322405055 ], [ 128.134244238832537, 37.680127998004068 ], [ 128.137440155270042, 37.679626533200995 ], [ 128.139953312161396, 37.674644997456831 ], [ 128.141339500423356, 37.675306213390591 ], [ 128.145611296800325, 37.672980776849364 ], [ 128.148152330360659, 37.669949653673136 ], [ 128.15242784348078, 37.658844758171647 ], [ 128.154195459496265, 37.661467729519707 ], [ 128.164175218974691, 37.664530914694161 ], [ 128.165945050361501, 37.659121392167272 ], [ 128.169790125740406, 37.658426730671138 ], [ 128.17522265862118, 37.654160841111178 ], [ 128.176867329580659, 37.655037283210703 ], [ 128.181278322251046, 37.653602263369756 ], [ 128.181572293295488, 37.65166455596458 ], [ 128.185762873659115, 37.649732532999209 ], [ 128.186476981910943, 37.644536526789331 ], [ 128.19955987943365, 37.651698335793618 ], [ 128.208679720528579, 37.64907103082664 ], [ 128.210646406220491, 37.645749250865748 ], [ 128.215259314864312, 37.643915921706437 ], [ 128.21573749610161, 37.640875567518158 ], [ 128.219443299977712, 37.639480898134295 ], [ 128.228475977759928, 37.628675261871173 ], [ 128.235726557788098, 37.62520231834101 ], [ 128.241925936816983, 37.626619599170269 ], [ 128.24704910601983, 37.625128579481071 ], [ 128.253888804159004, 37.627364625098167 ], [ 128.256327989943543, 37.621469141398521 ], [ 128.256056388613302, 37.612043844220274 ], [ 128.252812867751999, 37.603366507629374 ], [ 128.250602107996798, 37.602655347616221 ], [ 128.242985415896953, 37.593212293192245 ], [ 128.246323609700113, 37.592723729479268 ], [ 128.251426920082139, 37.595361598508994 ], [ 128.257847780838091, 37.588451920356277 ], [ 128.257176141289193, 37.584630827723721 ], [ 128.250714849780479, 37.581570888542956 ], [ 128.231613782122423, 37.581811859016206 ], [ 128.228195114201441, 37.570532131163702 ], [ 128.221651817606329, 37.570330988355551 ], [ 128.218119564673941, 37.566220247816624 ], [ 128.215960514625408, 37.554996790923582 ], [ 128.214064488632147, 37.555412349395901 ], [ 128.212025315286439, 37.552137380240559 ], [ 128.207784192513202, 37.550507968285771 ], [ 128.208070738929365, 37.545203604350931 ], [ 128.209924880479377, 37.542821873302003 ], [ 128.199990567564868, 37.537969278898871 ], [ 128.197834640612058, 37.534258104020182 ], [ 128.192552644401928, 37.533120360183993 ] ] ] ] } },
{ "type": "Feature", "properties": { "emd_cd": "51730360", "emd_nm": "공근면" }, "geometry": { "type": "MultiPolygon", "coordinates": [ [ [ [ 127.874262142119946, 37.555940155082268 ], [ 127.872491802569272, 37.562155780463783 ], [ 127.884266149686127, 37.571290704386357 ], [ 127.884370487813257, 37.575327324132324 ], [ 127.889115536926298, 37.576912838211236 ], [ 127.889066341174541, 37.580940377099822 ], [ 127.893767845326593, 37.585103352702667 ], [ 127.894270583741928, 37.592880072179014 ], [ 127.892587541145204, 37.597236588516878 ], [ 127.907501040784354, 37.598429311010513 ], [ 127.917573996519366, 37.602450610289843 ], [ 127.920718950995109, 37.605435178765234 ], [ 127.927004167025544, 37.604162455729963 ], [ 127.927527502988994, 37.606222234486239 ], [ 127.933172766623656, 37.609842857224656 ], [ 127.945256227152385, 37.608798305442996 ], [ 127.95121718209208, 37.611152292506645 ], [ 127.952414212055785, 37.61777966830018 ], [ 127.956480170083012, 37.619466014654719 ], [ 127.959727971270738, 37.626166206452453 ], [ 127.96748974835451, 37.627047128776539 ], [ 127.971221614782564, 37.638130094470363 ], [ 127.977578533795139, 37.636191520483827 ], [ 127.979143704504992, 37.631889974745427 ], [ 127.991910015175293, 37.627435563869092 ], [ 127.998817277163184, 37.62592281794803 ], [ 128.012144416452628, 37.626249271153775 ], [ 128.014167249341909, 37.623472923187428 ], [ 128.012923883288295, 37.621879294377159 ], [ 128.014444727845415, 37.614718641039794 ], [ 128.020302873084034, 37.613291314526933 ], [ 128.031334869987262, 37.622703815039351 ], [ 128.049342993874717, 37.62748633089398 ], [ 128.048646898139083, 37.631372320461693 ], [ 128.053871077847958, 37.629093554068042 ], [ 128.050475811410763, 37.625226589236235 ], [ 128.051432614274916, 37.621825252265964 ], [ 128.046130398859873, 37.620881554973913 ], [ 128.042067114516698, 37.617799213984377 ], [ 128.037421227479484, 37.610792784622049 ], [ 128.037619425064776, 37.606954814814522 ], [ 128.034532003715213, 37.606084918116515 ], [ 128.029557050762946, 37.595351559084996 ], [ 128.0244247388502, 37.594333673622643 ], [ 128.023473291183763, 37.592633601991118 ], [ 128.022831874238364, 37.58912050141879 ], [ 128.027689160003632, 37.585118190783696 ], [ 128.025512129703401, 37.581076105585311 ], [ 128.021874763974949, 37.579496435213102 ], [ 128.021010814423533, 37.575512222292886 ], [ 128.017323403794364, 37.574389604285635 ], [ 128.016398150210506, 37.569622790788273 ], [ 128.013269546275524, 37.565129577069023 ], [ 128.014389268786886, 37.560825791390421 ], [ 128.011069014669914, 37.559113200017677 ], [ 128.011590613674912, 37.556486116327449 ], [ 128.016245758471513, 37.551329005731723 ], [ 128.01383366990521, 37.548363631277873 ], [ 128.015273299531714, 37.54616861709939 ], [ 128.013682822140254, 37.54154816864466 ], [ 128.015330989948723, 37.540572394251605 ], [ 128.014293833471953, 37.53649457372817 ], [ 128.008555677535071, 37.530680350108661 ], [ 127.997342269792739, 37.523586692593973 ], [ 127.996471461388126, 37.521838772428644 ], [ 128.00045495493228, 37.516677727706266 ], [ 127.995946049752447, 37.511427565328077 ], [ 127.990731556511619, 37.511110263756734 ], [ 127.985814269437213, 37.505533181162143 ], [ 127.972657959033668, 37.515245403536092 ], [ 127.964673111139575, 37.517718412322587 ], [ 127.96289969767669, 37.515691602139768 ], [ 127.963449234257098, 37.51296952418442 ], [ 127.954519528096711, 37.51460384897991 ], [ 127.942277132153578, 37.513095886830193 ], [ 127.935527243990052, 37.516333935506232 ], [ 127.931516212196271, 37.513597666050003 ], [ 127.924239409068306, 37.517668324557526 ], [ 127.916185470919501, 37.514694721676712 ], [ 127.91157139476357, 37.521354638084276 ], [ 127.900217895595091, 37.520106206488528 ], [ 127.896080769375899, 37.522880634914621 ], [ 127.897526920695867, 37.525485169438859 ], [ 127.89545846030002, 37.532625439465463 ], [ 127.895492618746886, 37.536241519805785 ], [ 127.900402191102401, 37.540566260686894 ], [ 127.884621560899603, 37.551935766432386 ], [ 127.874262142119946, 37.555940155082268 ] ] ] ] } },
{ "type": "Feature", "properties": { "emd_cd": "51730370", "emd_nm": "서원면" }, "geometry": { "type": "MultiPolygon", "coordinates": [ [ [ [ 127.929137895563997, 37.506911113604403 ], [ 127.922618606308603, 37.501612641936511 ], [ 127.921473956667953, 37.498605758547427 ], [ 127.918754144031467, 37.497892879379641 ], [ 127.919158470738495, 37.492925730957936 ], [ 127.909758443714423, 37.486412914139727 ], [ 127.906128001257073, 37.473270682665408 ], [ 127.895843345604547, 37.472296436259057 ], [ 127.897143594707174, 37.468633829550598 ], [ 127.894412418778387, 37.469625002031478 ], [ 127.888968385536998, 37.466136712547993 ], [ 127.887297217532293, 37.468526719045464 ], [ 127.884268215687911, 37.467703180441895 ], [ 127.884575012561882, 37.470161659892753 ], [ 127.877082456039631, 37.46688788501941 ], [ 127.875400567273289, 37.456555169334543 ], [ 127.865646183995011, 37.446834394236504 ], [ 127.866047121143495, 37.440320507627007 ], [ 127.863387178452669, 37.436146350596012 ], [ 127.865066211762894, 37.431881334165126 ], [ 127.863975535296206, 37.425304012228914 ], [ 127.871309659060316, 37.415657493335857 ], [ 127.868004537980596, 37.399504876843842 ], [ 127.856582653972893, 37.398547366856278 ], [ 127.85175871609411, 37.395164243424055 ], [ 127.847662804716776, 37.400646983483945 ], [ 127.851229807056953, 37.408483915418692 ], [ 127.848136299621203, 37.413480742910259 ], [ 127.847531272165426, 37.417737349322799 ], [ 127.845615236888193, 37.419232806237716 ], [ 127.844869524751019, 37.423800591444873 ], [ 127.841073920181245, 37.428798602659356 ], [ 127.839991654844198, 37.433822675207395 ], [ 127.834454703928856, 37.43398918456959 ], [ 127.8202554771661, 37.446656076840455 ], [ 127.813471219147544, 37.44527031478404 ], [ 127.810483664322547, 37.441381998818962 ], [ 127.799937832874676, 37.438648894787626 ], [ 127.798406765908425, 37.44256007809107 ], [ 127.799366471661145, 37.451752227728761 ], [ 127.796239892605243, 37.463023368953344 ], [ 127.80076981757405, 37.467832754208636 ], [ 127.799792806214356, 37.472388139111651 ], [ 127.789625824165824, 37.474776601300334 ], [ 127.784812319591992, 37.478708213946021 ], [ 127.781933189247781, 37.482109805909893 ], [ 127.780232665173386, 37.488631268763328 ], [ 127.776090975248195, 37.488548052633512 ], [ 127.774719523126407, 37.491758196336193 ], [ 127.770115639584219, 37.492704938517043 ], [ 127.760149878048622, 37.492235315382146 ], [ 127.759421105796662, 37.49540252918063 ], [ 127.759929782915961, 37.503340317183309 ], [ 127.765418126384006, 37.502722732977873 ], [ 127.771804429019099, 37.505175086229265 ], [ 127.781161742661993, 37.513071855248675 ], [ 127.783698569127367, 37.512126881121411 ], [ 127.785452728472151, 37.513285312366776 ], [ 127.788718837880609, 37.51851478423503 ], [ 127.796370235655758, 37.523140916286756 ], [ 127.795004385568163, 37.524910114617526 ], [ 127.79633829057758, 37.52859272597388 ], [ 127.80648985177956, 37.53118219551871 ], [ 127.806246457776965, 37.534912827996791 ], [ 127.809587998395997, 37.537862887399513 ], [ 127.81630331007436, 37.536985925285137 ], [ 127.82247355963645, 37.538436557365799 ], [ 127.828226666429501, 37.536599872349406 ], [ 127.83357821768557, 37.539186096710509 ], [ 127.842053444050222, 37.538897356392489 ], [ 127.843034191752864, 37.541915748299253 ], [ 127.845933971245543, 37.544107939946407 ], [ 127.845132717443647, 37.547759824417135 ], [ 127.847626702463586, 37.54956696762887 ], [ 127.848059936069419, 37.552300338189582 ], [ 127.851348256360467, 37.554123956369622 ], [ 127.855158201652642, 37.553973265931802 ], [ 127.859480203070902, 37.557709168316435 ], [ 127.866188759743224, 37.55629622444367 ], [ 127.87376863832786, 37.557434986009113 ], [ 127.874262142119946, 37.555940155082268 ], [ 127.884621560899603, 37.551935766432386 ], [ 127.893973442409546, 37.545694070713921 ], [ 127.900402191102401, 37.540566260686894 ], [ 127.895492618746886, 37.536241519805785 ], [ 127.895988015063438, 37.52807870653195 ], [ 127.897526920695867, 37.525485169438859 ], [ 127.896080769375899, 37.522880634914621 ], [ 127.900217895595091, 37.520106206488528 ], [ 127.91157139476357, 37.521354638084276 ], [ 127.916185470919501, 37.514694721676712 ], [ 127.924239409068306, 37.517668324557526 ], [ 127.930118975057425, 37.514990578663131 ], [ 127.931516212196271, 37.513597666050003 ], [ 127.929137895563997, 37.506911113604403 ] ] ] ] } },
{ "type": "Feature", "properties": { "emd_cd": "51730380", "emd_nm": "강림면" }, "geometry": { "type": "MultiPolygon", "coordinates": [ [ [ [ 128.180320950883072, 37.38093475683133 ], [ 128.180206959127105, 37.378270544633715 ], [ 128.178076991674743, 37.37652838168858 ], [ 128.178320333029063, 37.373611573046624 ], [ 128.182031442883073, 37.36346734289269 ], [ 128.185401284147503, 37.359380361854271 ], [ 128.183078681382, 37.355262233264796 ], [ 128.186418156622381, 37.341392336483693 ], [ 128.183903543580186, 37.339297445570566 ], [ 128.176043621836271, 37.337526936038799 ], [ 128.169186212923421, 37.339106094080051 ], [ 128.167612761946998, 37.337629015348234 ], [ 128.172229894007103, 37.329531497000211 ], [ 128.172903715025882, 37.324981443634826 ], [ 128.166701107340174, 37.321867648713088 ], [ 128.158392047780325, 37.323644748685112 ], [ 128.152623986142856, 37.327306167067405 ], [ 128.146607057806705, 37.322956132519579 ], [ 128.143784651157489, 37.324855286122109 ], [ 128.136273175054612, 37.325903252775099 ], [ 128.131302773481025, 37.32937776300956 ], [ 128.119733561715975, 37.323730862430423 ], [ 128.119135954834633, 37.320790599922383 ], [ 128.115464016083166, 37.317498397945549 ], [ 128.11398781144149, 37.310206906472821 ], [ 128.117478891154946, 37.303678615443445 ], [ 128.108534376089438, 37.298727318799848 ], [ 128.104493824471319, 37.300833390912125 ], [ 128.101641543035697, 37.299451213253796 ], [ 128.098109114824013, 37.301189787596279 ], [ 128.086829711606015, 37.300884609111222 ], [ 128.073590919416915, 37.3044009347092 ], [ 128.066501885657317, 37.30883662131923 ], [ 128.051943414395254, 37.30837063331326 ], [ 128.040084478284655, 37.319130369772203 ], [ 128.037234475666651, 37.327614129291746 ], [ 128.035687980846006, 37.327635306102444 ], [ 128.033649648724861, 37.33245418919855 ], [ 128.037742864808138, 37.33763487892962 ], [ 128.039457454631361, 37.343482524908715 ], [ 128.036628608239454, 37.346643418468808 ], [ 128.038082100248545, 37.354588800829234 ], [ 128.045686038700239, 37.359231242788312 ], [ 128.046086995612768, 37.363382817239085 ], [ 128.049635477622132, 37.365928750077323 ], [ 128.055512344662276, 37.363946465223506 ], [ 128.060471071387951, 37.365959458810003 ], [ 128.065480911083171, 37.364304368270361 ], [ 128.072638025713673, 37.367246917661561 ], [ 128.072787245291664, 37.369698377901798 ], [ 128.076722238862828, 37.373786926140511 ], [ 128.074845475445159, 37.375584897517584 ], [ 128.074442870601388, 37.379669169555008 ], [ 128.076466298442824, 37.382796585164655 ], [ 128.071936636204839, 37.391904099771644 ], [ 128.078821117741256, 37.400054764389843 ], [ 128.081735566447179, 37.401215708598464 ], [ 128.088365957674654, 37.401351078453779 ], [ 128.09751737406026, 37.406243290525687 ], [ 128.101220755741934, 37.398384706073699 ], [ 128.104847568831417, 37.394818725783082 ], [ 128.110511729646504, 37.391914849361918 ], [ 128.116219713651986, 37.391847572677847 ], [ 128.119735771251811, 37.390001802082175 ], [ 128.124272507037773, 37.392806877336575 ], [ 128.129914300708123, 37.390697493405597 ], [ 128.131980145074039, 37.387455002169581 ], [ 128.140969113085049, 37.381292487962895 ], [ 128.15838574118456, 37.383946147708727 ], [ 128.166393367595418, 37.376553397897496 ], [ 128.175538784693799, 37.378074359275537 ], [ 128.180320950883072, 37.38093475683133 ] ] ] ] } },
{ "type": "Feature", "properties": { "emd_cd": "51750250", "emd_nm": "영월읍" }, "geometry": { "type": "MultiPolygon", "coordinates": [ [ [ [ 128.50303732534158, 37.129053832006193 ], [ 128.491086503482819, 37.123836810533696 ], [ 128.482479385344874, 37.114979825942918 ], [ 128.48148436669436, 37.112194812398187 ], [ 128.477688916187304, 37.110028068540473 ], [ 128.460640950119569, 37.110379710034231 ], [ 128.45942541303836, 37.111883180400895 ], [ 128.461692288135595, 37.113003514133943 ], [ 128.459271345052656, 37.113612640815987 ], [ 128.458673476259349, 37.117075513470283 ], [ 128.455287476669923, 37.119034318735494 ], [ 128.453150751737269, 37.117357573435548 ], [ 128.451692425325973, 37.120358873564022 ], [ 128.44434871413921, 37.122894130293581 ], [ 128.447283420484609, 37.135934108684118 ], [ 128.442368655044419, 37.139069699524704 ], [ 128.444500657808817, 37.143505028189203 ], [ 128.443280047741808, 37.147191910077012 ], [ 128.447668736130282, 37.148832850110715 ], [ 128.449088901888075, 37.151226886444121 ], [ 128.448730691302927, 37.153663019655696 ], [ 128.443092426000049, 37.1592005865676 ], [ 128.445972056538665, 37.169831408379949 ], [ 128.444366299681121, 37.172543608929125 ], [ 128.447740519247162, 37.175466101251892 ], [ 128.446412454418152, 37.177358355653034 ], [ 128.444414276730242, 37.177298105848138 ], [ 128.439880265707757, 37.174086715512537 ], [ 128.433048232353542, 37.177925056813621 ], [ 128.427840472163552, 37.186415442330357 ], [ 128.427974693010867, 37.19565528241418 ], [ 128.431679313569646, 37.197712279007121 ], [ 128.431591797638532, 37.204849761613161 ], [ 128.43345182390442, 37.206160047637518 ], [ 128.435700130101139, 37.206526769269431 ], [ 128.438003086486361, 37.20474284399171 ], [ 128.439588334896797, 37.207340698987871 ], [ 128.449321957034329, 37.206635639072644 ], [ 128.450653767272371, 37.20864516918536 ], [ 128.459522774126583, 37.211299038420833 ], [ 128.456436503490551, 37.215438834927248 ], [ 128.461465262729689, 37.22671373209927 ], [ 128.469787406458664, 37.227983517970131 ], [ 128.470006267860441, 37.230988571905094 ], [ 128.472529596842293, 37.232818310014224 ], [ 128.475387973252964, 37.240069139316802 ], [ 128.489726733321135, 37.244439001045791 ], [ 128.485209634516252, 37.248602327774961 ], [ 128.48908323689443, 37.268584951663186 ], [ 128.495695417438725, 37.272510229515056 ], [ 128.495601507923396, 37.286709873575028 ], [ 128.497410686097197, 37.288099238136354 ], [ 128.509847870283835, 37.289565741554227 ], [ 128.513072327548514, 37.287417797611504 ], [ 128.519324064158155, 37.287555137830822 ], [ 128.522096004985087, 37.289727384321381 ], [ 128.525603643143342, 37.288602446884433 ], [ 128.529576520872581, 37.291964096274477 ], [ 128.535911144561425, 37.283848070709354 ], [ 128.542654966913233, 37.28583225802106 ], [ 128.545467625547104, 37.288308041934158 ], [ 128.555802050826372, 37.28839047452049 ], [ 128.565975857094571, 37.278325414027087 ], [ 128.570551696082106, 37.280115875902695 ], [ 128.574021249723927, 37.279649902532313 ], [ 128.578323070325268, 37.272301965916576 ], [ 128.577824408784579, 37.269719494103448 ], [ 128.574990514488547, 37.268637194302997 ], [ 128.570857258239158, 37.270908004692899 ], [ 128.568451217641922, 37.270373829923528 ], [ 128.566030550608303, 37.266696181106255 ], [ 128.564946016170751, 37.257015081962905 ], [ 128.565781763558931, 37.253293878986163 ], [ 128.569449138391292, 37.249314246519162 ], [ 128.576801825662983, 37.244681791489448 ], [ 128.575540763706101, 37.235811795129429 ], [ 128.580040713480741, 37.209959862685537 ], [ 128.577618890220833, 37.206331402141345 ], [ 128.577024914135222, 37.201677584648564 ], [ 128.579317327472637, 37.195882093698387 ], [ 128.583869997048282, 37.193426920647624 ], [ 128.583696410460817, 37.189576127439011 ], [ 128.58016115990435, 37.184567030455732 ], [ 128.583736889955901, 37.18034383172072 ], [ 128.584092683433425, 37.169908126655926 ], [ 128.587146145901244, 37.16553037063602 ], [ 128.586661942972313, 37.16257762959598 ], [ 128.577454187202932, 37.1591052490812 ], [ 128.564511219580794, 37.164460678202317 ], [ 128.549843907731429, 37.159873104471615 ], [ 128.537036017708203, 37.161180231633736 ], [ 128.524178874254432, 37.146402482995875 ], [ 128.521302961638042, 37.139870252673433 ], [ 128.508064111063049, 37.134777054358288 ], [ 128.50303732534158, 37.129053832006193 ] ] ] ] } },
{ "type": "Feature", "properties": { "emd_cd": "51750253", "emd_nm": "상동읍" }, "geometry": { "type": "MultiPolygon", "coordinates": [ [ [ [ 128.708482883670854, 37.116917769874171 ], [ 128.713770596578371, 37.119729207091822 ], [ 128.719375773802994, 37.120281156650492 ], [ 128.726023260220671, 37.127365505655405 ], [ 128.728656115166075, 37.123224951883323 ], [ 128.730804635748314, 37.12376130983165 ], [ 128.727868342607252, 37.12606764752293 ], [ 128.739991897447965, 37.132774485092703 ], [ 128.741882933730182, 37.148838038728918 ], [ 128.765488732447892, 37.150946204481166 ], [ 128.771367567248376, 37.147296288500684 ], [ 128.771834479668968, 37.144434543323634 ], [ 128.774470842160582, 37.144101015732552 ], [ 128.780085506793029, 37.149821539057363 ], [ 128.784201085235708, 37.14950369593344 ], [ 128.785274547343249, 37.159758048842534 ], [ 128.79272079656522, 37.164749330490196 ], [ 128.79785623820527, 37.171420775134287 ], [ 128.806832578382824, 37.172080516118633 ], [ 128.810675612459647, 37.175477204200554 ], [ 128.816785890805534, 37.174287204065578 ], [ 128.820181020108834, 37.176311011821305 ], [ 128.826420050374225, 37.174733675670112 ], [ 128.832435312448894, 37.17594538217751 ], [ 128.839823148106547, 37.167565584641544 ], [ 128.845070692302357, 37.166459723254356 ], [ 128.86544299585691, 37.16935276152126 ], [ 128.872147070849763, 37.167216095055807 ], [ 128.885067206479363, 37.168667038106513 ], [ 128.891889978231319, 37.160615008893068 ], [ 128.893126270615937, 37.15239404815317 ], [ 128.897552584506315, 37.151055084204074 ], [ 128.900526893542548, 37.147062999186936 ], [ 128.894030614500167, 37.146302321278696 ], [ 128.888024799810324, 37.140249030679421 ], [ 128.887017927277299, 37.134521517569944 ], [ 128.889292050844432, 37.124621204821665 ], [ 128.882665659777132, 37.119607907544591 ], [ 128.879416243315603, 37.119141840977569 ], [ 128.875634502034984, 37.114524642127385 ], [ 128.870236487695507, 37.113575245849184 ], [ 128.869361326607617, 37.109606724087634 ], [ 128.866947231149993, 37.109234593098726 ], [ 128.868550939959505, 37.107127131173698 ], [ 128.875275227488686, 37.108199063369149 ], [ 128.878429420037406, 37.104167921843654 ], [ 128.887402671226823, 37.101714001458866 ], [ 128.886729500471375, 37.098929453759915 ], [ 128.888982116737026, 37.091949343986585 ], [ 128.881429557805802, 37.080894065199836 ], [ 128.874539563360827, 37.078602468941654 ], [ 128.874503479048798, 37.075356681310119 ], [ 128.876362230206581, 37.072034936932198 ], [ 128.885747957383614, 37.066072991701063 ], [ 128.886650650866926, 37.062699800991069 ], [ 128.888472339386254, 37.061801691933205 ], [ 128.895704575342393, 37.063941167979877 ], [ 128.89884983629031, 37.06683351430339 ], [ 128.90537106545429, 37.06590423081596 ], [ 128.910600939920613, 37.06826789328057 ], [ 128.910682369455031, 37.066120004437913 ], [ 128.898147652756109, 37.057577449007461 ], [ 128.89685598513762, 37.055068772853026 ], [ 128.897855010102205, 37.045971862865571 ], [ 128.89641156736181, 37.044461591108622 ], [ 128.889226048235315, 37.049790307940384 ], [ 128.878619535385326, 37.053252448587493 ], [ 128.876871724628472, 37.046130548135913 ], [ 128.872503311716969, 37.043982299731454 ], [ 128.863755914728443, 37.048677224424701 ], [ 128.846874255894619, 37.051674685151006 ], [ 128.843962566652579, 37.054687140725896 ], [ 128.84397929235783, 37.057277612531422 ], [ 128.840602600142887, 37.059342514857207 ], [ 128.835778523295204, 37.066060517268838 ], [ 128.831524704982201, 37.067540624585718 ], [ 128.83195805118001, 37.075168347603153 ], [ 128.82837198139319, 37.078933306406299 ], [ 128.819487422774955, 37.077054642676273 ], [ 128.812382488399635, 37.078669423122228 ], [ 128.808085228297443, 37.075734426344546 ], [ 128.799592069265231, 37.07928979722422 ], [ 128.801251626611219, 37.085448306266727 ], [ 128.799574467209965, 37.086817094481532 ], [ 128.785681636598895, 37.087917935395602 ], [ 128.780546153231398, 37.09245185151665 ], [ 128.770495440026053, 37.085545903338151 ], [ 128.76260041719442, 37.084308028042273 ], [ 128.756531146594853, 37.085349357302 ], [ 128.740194593829528, 37.09191482657554 ], [ 128.73716124740875, 37.095219695126652 ], [ 128.732655964625877, 37.093882748990119 ], [ 128.72748991012034, 37.095815797680714 ], [ 128.722441053636288, 37.102978059248713 ], [ 128.714503516353119, 37.104554877508157 ], [ 128.713032227841552, 37.110567049417625 ], [ 128.708482883670854, 37.116917769874171 ] ] ] ] } },
{ "type": "Feature", "properties": { "emd_cd": "51750312", "emd_nm": "산솔면" }, "geometry": { "type": "MultiPolygon", "coordinates": [ [ [ [ 128.820181020111562, 37.176311011821213 ], [ 128.816785890808262, 37.174287204065521 ], [ 128.810675612462234, 37.175477204200526 ], [ 128.806832578385354, 37.172080516118562 ], [ 128.797856238207885, 37.171420775134202 ], [ 128.792720796567664, 37.164749330490125 ], [ 128.785274547345693, 37.159758048842477 ], [ 128.784201085238038, 37.149503695933376 ], [ 128.780085506795444, 37.149821539057314 ], [ 128.774470842162941, 37.144101015732467 ], [ 128.771834479671327, 37.144434543323655 ], [ 128.771367567250735, 37.147296288500556 ], [ 128.765488732450166, 37.150946204481137 ], [ 128.741882933732313, 37.148838038728933 ], [ 128.739991897450068, 37.132774485092682 ], [ 128.727868342609355, 37.126067647522895 ], [ 128.730804635750331, 37.123761309831622 ], [ 128.728656115168206, 37.123224951883294 ], [ 128.726023260222775, 37.127365505655384 ], [ 128.719375773805012, 37.120281156650456 ], [ 128.713770596580389, 37.119729207091694 ], [ 128.708482883672815, 37.116917769874142 ], [ 128.701549971876943, 37.117292761909255 ], [ 128.69673325000204, 37.120140939187706 ], [ 128.689208746869184, 37.119901744652402 ], [ 128.687343760838758, 37.122454179806873 ], [ 128.680931027517346, 37.124585801167115 ], [ 128.679558878633856, 37.130656881370925 ], [ 128.672046372313872, 37.135561732979312 ], [ 128.673955414222036, 37.139663732840297 ], [ 128.668491255812256, 37.142158177250728 ], [ 128.654672575840522, 37.139689382760643 ], [ 128.648026739958993, 37.135874707980626 ], [ 128.642058104331483, 37.137680279228533 ], [ 128.63149740936899, 37.132267822534388 ], [ 128.630234780576444, 37.134799773567948 ], [ 128.632327530185535, 37.139654598053014 ], [ 128.629841606277694, 37.146192239697136 ], [ 128.619674696191964, 37.148896687660752 ], [ 128.617616404197889, 37.151098146648614 ], [ 128.617255025366148, 37.154185179892437 ], [ 128.620074261854739, 37.161650464030842 ], [ 128.600511476300909, 37.164575376345958 ], [ 128.596927793045694, 37.16296194062194 ], [ 128.586661942973677, 37.162577629595958 ], [ 128.587146145902665, 37.165530370635992 ], [ 128.584092683434733, 37.169908126655891 ], [ 128.583736889957294, 37.180343831720762 ], [ 128.580161159905629, 37.184567030455732 ], [ 128.583696410462153, 37.189576127439025 ], [ 128.583869997049561, 37.193426920647646 ], [ 128.579317327473944, 37.19588209369833 ], [ 128.577024914136587, 37.201677584648515 ], [ 128.577618890222141, 37.206331402141217 ], [ 128.580040713481992, 37.209959862685523 ], [ 128.579231420008369, 37.220026884132217 ], [ 128.586205976116048, 37.221174972980727 ], [ 128.600283247749701, 37.212707271632141 ], [ 128.604295206226055, 37.218189854402254 ], [ 128.614595083949268, 37.218072247348509 ], [ 128.615916780845708, 37.216878691172212 ], [ 128.619104285245214, 37.218557340029989 ], [ 128.622545811876563, 37.213291013566632 ], [ 128.617530767538, 37.205987939589683 ], [ 128.622249726576086, 37.204231688534819 ], [ 128.622805374673391, 37.201189600608942 ], [ 128.627207561243466, 37.199804329368675 ], [ 128.629064098306429, 37.195738665818027 ], [ 128.631532744625588, 37.197401549613474 ], [ 128.6333918065354, 37.19657210259561 ], [ 128.63563999104241, 37.191544389432664 ], [ 128.63542472599201, 37.187774422135917 ], [ 128.643784211051923, 37.182205171721918 ], [ 128.6466275456429, 37.181873235117351 ], [ 128.660076134074615, 37.186678044634235 ], [ 128.668074673266176, 37.185419187738148 ], [ 128.671484027603299, 37.187082526090812 ], [ 128.676517317286851, 37.186952091233373 ], [ 128.682727921157863, 37.184845680122891 ], [ 128.69457554147391, 37.184584446982619 ], [ 128.699612217168038, 37.1900515326084 ], [ 128.710174013345068, 37.191006886219 ], [ 128.716317974996002, 37.19588221592349 ], [ 128.725276666252569, 37.198240973051789 ], [ 128.731896110493949, 37.197460005970179 ], [ 128.740038513873202, 37.206033692324958 ], [ 128.750047770715554, 37.21209849538576 ], [ 128.762905162684063, 37.208298158826537 ], [ 128.767689495204422, 37.203273888809505 ], [ 128.779859803205255, 37.200111869964871 ], [ 128.783143797313812, 37.200578744158207 ], [ 128.785435456558702, 37.19792616383198 ], [ 128.795320827993351, 37.196595691634457 ], [ 128.806501570284951, 37.189916468593573 ], [ 128.809320518690328, 37.190445275959682 ], [ 128.811370364184512, 37.186596936053014 ], [ 128.815166181048454, 37.185173888744636 ], [ 128.820181020111562, 37.176311011821213 ] ] ] ] } },
{ "type": "Feature", "properties": { "emd_cd": "51750325", "emd_nm": "김삿갓면" }, "geometry": { "type": "MultiPolygon", "coordinates": [ [ [ [ 128.753943008058002, 37.027912656607903 ], [ 128.749256011053916, 37.028911416645968 ], [ 128.735760494629091, 37.039563442476656 ], [ 128.725899652319299, 37.042175245292825 ], [ 128.718754929339468, 37.043571947113321 ], [ 128.712823857861082, 37.042564464864682 ], [ 128.709153028063099, 37.039268890648103 ], [ 128.700489383749897, 37.040712201082279 ], [ 128.688992399664642, 37.053071368740063 ], [ 128.683667391095526, 37.051468763611304 ], [ 128.673695639647747, 37.058932731902097 ], [ 128.663733654176554, 37.060945153473163 ], [ 128.657803534303156, 37.060487844058969 ], [ 128.656000763385236, 37.064438504197447 ], [ 128.650606288615336, 37.065882426031521 ], [ 128.642691690944048, 37.070754349359902 ], [ 128.639011084339728, 37.070717010231064 ], [ 128.637356211178059, 37.072343031727272 ], [ 128.634321370701798, 37.070758010584321 ], [ 128.628244380798321, 37.075225979045968 ], [ 128.62829772355812, 37.081385659284955 ], [ 128.622676405615493, 37.087398978755488 ], [ 128.60641424792405, 37.07667441543142 ], [ 128.604486076530122, 37.079121667010867 ], [ 128.601380361293394, 37.078911862796801 ], [ 128.601358108856829, 37.083146137070678 ], [ 128.595012109663514, 37.081556033263382 ], [ 128.593150011459244, 37.078411830054414 ], [ 128.590927348971007, 37.078231063949161 ], [ 128.581795028096565, 37.081683399157164 ], [ 128.574394641485384, 37.081446872839869 ], [ 128.570378003189546, 37.084623044696031 ], [ 128.570946624298898, 37.08619894880232 ], [ 128.561738257476037, 37.090661302527778 ], [ 128.550533696613826, 37.086218212880048 ], [ 128.536957588126114, 37.089991394733758 ], [ 128.534627953148942, 37.098435344659656 ], [ 128.532256021676631, 37.099718578848844 ], [ 128.521813682303247, 37.103230115063781 ], [ 128.514064021043538, 37.100767097523189 ], [ 128.510749954833585, 37.113963470385492 ], [ 128.506548492797606, 37.115556749187029 ], [ 128.496600729015483, 37.125766461712139 ], [ 128.50303732534158, 37.129053832006193 ], [ 128.508064111063049, 37.134777054358288 ], [ 128.521302961638042, 37.139870252673433 ], [ 128.524178874254432, 37.146402482995875 ], [ 128.537036017708203, 37.161180231633736 ], [ 128.549843907731429, 37.159873104471615 ], [ 128.564511219580794, 37.164460678202317 ], [ 128.577454187202932, 37.1591052490812 ], [ 128.586661942972313, 37.16257762959598 ], [ 128.596927793044273, 37.162961940621962 ], [ 128.600511476299459, 37.164575376345979 ], [ 128.620074261853262, 37.161650464030913 ], [ 128.617255025364756, 37.154185179892458 ], [ 128.617616404196411, 37.151098146648664 ], [ 128.61967469619043, 37.148896687660731 ], [ 128.629841606276244, 37.1461922396972 ], [ 128.632327530184, 37.139654598053085 ], [ 128.630234780574852, 37.13479977356797 ], [ 128.631497409367455, 37.132267822534409 ], [ 128.642058104329863, 37.13768027922859 ], [ 128.648026739957402, 37.135874707980641 ], [ 128.654672575838902, 37.139689382760722 ], [ 128.668491255810522, 37.142158177250785 ], [ 128.673955414220359, 37.139663732840333 ], [ 128.672046372312138, 37.135561732979347 ], [ 128.679558878632065, 37.130656881370996 ], [ 128.680931027515612, 37.124585801167129 ], [ 128.687343760836967, 37.122454179806894 ], [ 128.689208746867365, 37.119901744652481 ], [ 128.696733250000108, 37.120140939187735 ], [ 128.701549971875068, 37.117292761909283 ], [ 128.708482883670854, 37.116917769874171 ], [ 128.713032227841552, 37.110567049417625 ], [ 128.714503516353119, 37.104554877508157 ], [ 128.722441053636288, 37.102978059248713 ], [ 128.727824478756929, 37.095598721287288 ], [ 128.732655964625877, 37.093882748990119 ], [ 128.73716124740875, 37.095219695126652 ], [ 128.740194593829528, 37.09191482657554 ], [ 128.76213237446629, 37.084360292015582 ], [ 128.770495440026053, 37.085545903338151 ], [ 128.773481958567601, 37.087579781658434 ], [ 128.777589809723537, 37.083223678634724 ], [ 128.77792782309416, 37.078931900760473 ], [ 128.770049842667589, 37.075121199618984 ], [ 128.768573516656289, 37.068024888134005 ], [ 128.765128101869976, 37.063917393704877 ], [ 128.757173754069129, 37.070008011349955 ], [ 128.752539898340132, 37.057953907497101 ], [ 128.752919480162035, 37.053752837808496 ], [ 128.755221229830312, 37.05012327891869 ], [ 128.761371024175162, 37.04432739252794 ], [ 128.762496778637143, 37.037983634869832 ], [ 128.762141506817954, 37.036296587415812 ], [ 128.754696697433786, 37.031989789831208 ], [ 128.753943008058002, 37.027912656607903 ] ] ] ] } },
{ "type": "Feature", "properties": { "emd_cd": "51750330", "emd_nm": "북면" }, "geometry": { "type": "MultiPolygon", "coordinates": [ [ [ [ 128.406351944147843, 37.229813836092795 ], [ 128.388061106875114, 37.239296724653151 ], [ 128.370685054159253, 37.245587188457648 ], [ 128.371759392400293, 37.252177043995381 ], [ 128.370783768637921, 37.257096451912695 ], [ 128.372486786863448, 37.258849141945845 ], [ 128.371193263375005, 37.262907410274472 ], [ 128.365370339846152, 37.265620731450056 ], [ 128.361091199210421, 37.265026307294796 ], [ 128.355152780639429, 37.271146567686884 ], [ 128.359959838849676, 37.280876937146431 ], [ 128.364685192401197, 37.282444832446515 ], [ 128.366811611821134, 37.287216526825617 ], [ 128.37141645645039, 37.291623008553422 ], [ 128.382714569812322, 37.288992173975039 ], [ 128.397151749646866, 37.297346236031338 ], [ 128.406118329666072, 37.294007611327189 ], [ 128.408795356594197, 37.294537798866976 ], [ 128.408476114264829, 37.298653733492053 ], [ 128.405618366083644, 37.301624701962574 ], [ 128.406559615725513, 37.305453477568037 ], [ 128.41060269225153, 37.308709732710255 ], [ 128.407339725225967, 37.311269876886193 ], [ 128.404520993136515, 37.31962649585504 ], [ 128.406476996334021, 37.324725975804952 ], [ 128.411948255425017, 37.330339850939119 ], [ 128.41121004614422, 37.334078273105902 ], [ 128.412933368280733, 37.337052710402183 ], [ 128.41174239143055, 37.338525303670004 ], [ 128.420588050003431, 37.343661808660038 ], [ 128.425748215519462, 37.342774795904155 ], [ 128.430627941253704, 37.339757383758545 ], [ 128.43746481144197, 37.339607774598079 ], [ 128.442520589432831, 37.337264511654112 ], [ 128.448233601885619, 37.337569138614626 ], [ 128.452821451260377, 37.335770015112693 ], [ 128.454031917095989, 37.332109757098202 ], [ 128.464570990558173, 37.323179966564155 ], [ 128.46448185246237, 37.316424722435492 ], [ 128.460955461062298, 37.311067067089873 ], [ 128.464195261536815, 37.306775089318954 ], [ 128.470661305120927, 37.306913652509373 ], [ 128.481347102033766, 37.30258940805372 ], [ 128.497135025946704, 37.303198714641901 ], [ 128.500359919308153, 37.295260849318908 ], [ 128.500968325086831, 37.289266878421955 ], [ 128.495601507923396, 37.286709873575028 ], [ 128.49523406150152, 37.271113930316069 ], [ 128.490934212957285, 37.270484975251243 ], [ 128.48908323689443, 37.268584951663186 ], [ 128.485209634516252, 37.248602327774961 ], [ 128.489726733321135, 37.244439001045791 ], [ 128.475387973252964, 37.240069139316802 ], [ 128.472529596842293, 37.232818310014224 ], [ 128.470006267860441, 37.230988571905094 ], [ 128.469787406458664, 37.227983517970131 ], [ 128.461465262729689, 37.22671373209927 ], [ 128.456436503490551, 37.215438834927248 ], [ 128.459522774126583, 37.211299038420833 ], [ 128.450653767272371, 37.20864516918536 ], [ 128.449321957034329, 37.206635639072644 ], [ 128.439157736337791, 37.206755804729617 ], [ 128.435072474562674, 37.208540946959559 ], [ 128.433801228543416, 37.21105867006419 ], [ 128.430381016262913, 37.209977246015598 ], [ 128.42990821183551, 37.208382076328334 ], [ 128.414150564282949, 37.208713540015403 ], [ 128.413784791673578, 37.211911350058379 ], [ 128.411715312649221, 37.213010296020542 ], [ 128.412273637138071, 37.216154669918772 ], [ 128.409613807318578, 37.218010793414649 ], [ 128.40768044303465, 37.225276205170907 ], [ 128.405502216417915, 37.226758583421123 ], [ 128.406351944147843, 37.229813836092795 ] ] ] ] } },
{ "type": "Feature", "properties": { "emd_cd": "51750340", "emd_nm": "남면" }, "geometry": { "type": "MultiPolygon", "coordinates": [ [ [ [ 128.439157736337791, 37.206755804729617 ], [ 128.438540857446668, 37.204835044550393 ], [ 128.435215298612718, 37.206550195113358 ], [ 128.431591797638532, 37.204849761613161 ], [ 128.431679313569646, 37.197712279007121 ], [ 128.427974693010867, 37.19565528241418 ], [ 128.427840472163552, 37.186415442330357 ], [ 128.431936492314634, 37.179126233345194 ], [ 128.436374668946513, 37.175197201832489 ], [ 128.439880265707757, 37.174086715512537 ], [ 128.44538028070906, 37.177402135954509 ], [ 128.447740519247162, 37.175466101251892 ], [ 128.444366299681121, 37.172543608929125 ], [ 128.445972056538665, 37.169831408379949 ], [ 128.443092426000049, 37.1592005865676 ], [ 128.448730691302927, 37.153663019655696 ], [ 128.449088901888075, 37.151226886444121 ], [ 128.447668736130282, 37.148832850110715 ], [ 128.443280047741808, 37.147191910077012 ], [ 128.444500657808817, 37.143505028189203 ], [ 128.442368655044419, 37.139069699524704 ], [ 128.447283420484609, 37.135934108684118 ], [ 128.44434871413921, 37.122894130293581 ], [ 128.451692425325973, 37.120358873564022 ], [ 128.453150751737269, 37.117357573435548 ], [ 128.455287476669923, 37.119034318735494 ], [ 128.458673476259349, 37.117075513470283 ], [ 128.459271345052656, 37.113612640815987 ], [ 128.461692288135595, 37.113003514133943 ], [ 128.45942541303836, 37.111883180400895 ], [ 128.460640950119569, 37.110379710034231 ], [ 128.450333397804059, 37.112249467262608 ], [ 128.444808211325523, 37.10627157745791 ], [ 128.442711029474424, 37.109233729332033 ], [ 128.436137302876404, 37.111979387966777 ], [ 128.435618407519456, 37.109469109456235 ], [ 128.430731117203266, 37.106747057146229 ], [ 128.430184709352346, 37.103674268013165 ], [ 128.423114748840305, 37.103244704969349 ], [ 128.422157566225792, 37.110183924786661 ], [ 128.423560779495602, 37.112275127273648 ], [ 128.421068212365668, 37.113661663630943 ], [ 128.418420408480017, 37.119742334257182 ], [ 128.410925639827411, 37.122201329895027 ], [ 128.405190279803861, 37.128217299360038 ], [ 128.396445719098864, 37.129036136936556 ], [ 128.400794229968085, 37.133387453394455 ], [ 128.401821771795284, 37.138567906205907 ], [ 128.40368113921437, 37.139653231414229 ], [ 128.400919907156748, 37.146898246007233 ], [ 128.396395556490091, 37.148624603856575 ], [ 128.393235768526182, 37.151768456113651 ], [ 128.392839940068939, 37.154844120025736 ], [ 128.388794940213245, 37.154636105351926 ], [ 128.384353785346633, 37.158117514799514 ], [ 128.381851184227799, 37.155227272182657 ], [ 128.378613971236888, 37.154677789811494 ], [ 128.377030360574594, 37.151629417431664 ], [ 128.37588608621823, 37.153342230283073 ], [ 128.367898536366738, 37.154473607829374 ], [ 128.364435787752228, 37.157663854611997 ], [ 128.359757118144842, 37.150306982716053 ], [ 128.351445431804279, 37.157366137587367 ], [ 128.342572296449816, 37.155868704226897 ], [ 128.34029534580938, 37.158212132317161 ], [ 128.337181345638243, 37.157909819994288 ], [ 128.330783656590341, 37.150336812941681 ], [ 128.327506468753199, 37.152913025465047 ], [ 128.324477579379476, 37.147966718124586 ], [ 128.322079251976362, 37.149201524338537 ], [ 128.320104350633187, 37.147345703675263 ], [ 128.31115392628783, 37.145831782977751 ], [ 128.305828991279611, 37.139725234182265 ], [ 128.306341287471071, 37.137452058790075 ], [ 128.296345167619307, 37.133983250892108 ], [ 128.292607234072193, 37.139257509350244 ], [ 128.284734824703975, 37.143125076003116 ], [ 128.28000444561971, 37.142444244341355 ], [ 128.27350123118481, 37.147421520148747 ], [ 128.270531404425668, 37.154128128478341 ], [ 128.266145796929123, 37.155944231480369 ], [ 128.264537740631738, 37.160431534598324 ], [ 128.270468551247291, 37.161778636370073 ], [ 128.270829868552312, 37.166357407917985 ], [ 128.276287228497722, 37.172676852070779 ], [ 128.281081720997378, 37.173318383390502 ], [ 128.282417627688602, 37.171699759500818 ], [ 128.289614993437795, 37.170041826346321 ], [ 128.303287007802766, 37.171164943225293 ], [ 128.304334435925512, 37.169616406792962 ], [ 128.314202489442067, 37.167380130021137 ], [ 128.318412225527823, 37.163103298022961 ], [ 128.327095649643013, 37.166221411214458 ], [ 128.33062557629512, 37.163541904096277 ], [ 128.332848059933951, 37.163909255769092 ], [ 128.33278915207103, 37.165402342363308 ], [ 128.336755823517791, 37.165934806421326 ], [ 128.33562870178568, 37.168569607150459 ], [ 128.345033879291208, 37.171572489677125 ], [ 128.3498237988656, 37.176179025550425 ], [ 128.347931147035609, 37.178546040135608 ], [ 128.349119124822579, 37.180344308180921 ], [ 128.346466656410826, 37.183712464771212 ], [ 128.351224962558291, 37.1856104514479 ], [ 128.359170004346993, 37.183038569850872 ], [ 128.361341405303676, 37.183916042430766 ], [ 128.370838474090277, 37.182156976878225 ], [ 128.373884849210299, 37.185843880208303 ], [ 128.379031377369415, 37.187306077887484 ], [ 128.378015895800417, 37.188716549371776 ], [ 128.380406738963757, 37.19138048498241 ], [ 128.387569041116222, 37.190875933891391 ], [ 128.389227010080134, 37.194040569429646 ], [ 128.385467690127115, 37.193090549845266 ], [ 128.374896032444838, 37.197425557047282 ], [ 128.375829969335484, 37.206112111885545 ], [ 128.377569584176769, 37.210794855815109 ], [ 128.382763452535329, 37.211848659848364 ], [ 128.381602640393652, 37.21600288501233 ], [ 128.386442629069052, 37.221615276222913 ], [ 128.3865006630202, 37.226978836613839 ], [ 128.39371670438203, 37.229723538834996 ], [ 128.397907869496493, 37.23358194257812 ], [ 128.406351944147843, 37.229813836092795 ], [ 128.405502216417915, 37.226758583421123 ], [ 128.40768044303465, 37.225276205170907 ], [ 128.409613807318578, 37.218010793414649 ], [ 128.412273637138071, 37.216154669918772 ], [ 128.411715312649221, 37.213010296020542 ], [ 128.413784791673578, 37.211911350058379 ], [ 128.414150564282949, 37.208713540015403 ], [ 128.42990821183551, 37.208382076328334 ], [ 128.430381016262913, 37.209977246015598 ], [ 128.433801228543416, 37.21105867006419 ], [ 128.435072474562674, 37.208540946959559 ], [ 128.439157736337791, 37.206755804729617 ] ] ] ] } },
{ "type": "Feature", "properties": { "emd_cd": "51750355", "emd_nm": "한반도면" }, "geometry": { "type": "MultiPolygon", "coordinates": [ [ [ [ 128.342464076316929, 37.289601577700246 ], [ 128.34845574599322, 37.289640408657796 ], [ 128.359811074744755, 37.282622393246228 ], [ 128.358664150993206, 37.276454459756835 ], [ 128.355155671328987, 37.269889103071037 ], [ 128.361091199210421, 37.265026307294796 ], [ 128.365370339846152, 37.265620731450056 ], [ 128.371193263375005, 37.262907410274472 ], [ 128.372486786863448, 37.258849141945845 ], [ 128.370783768637921, 37.257096451912695 ], [ 128.371759392400293, 37.252177043995381 ], [ 128.370685054159253, 37.245587188457648 ], [ 128.388061106875114, 37.239296724653151 ], [ 128.397907869496493, 37.23358194257812 ], [ 128.39371670438203, 37.229723538834996 ], [ 128.3865006630202, 37.226978836613839 ], [ 128.386442629069052, 37.221615276222913 ], [ 128.381602640393652, 37.21600288501233 ], [ 128.382763452535329, 37.211848659848364 ], [ 128.377569584176769, 37.210794855815109 ], [ 128.374672354283149, 37.201028497438458 ], [ 128.374896032444838, 37.197425557047282 ], [ 128.376944409752213, 37.196094845716289 ], [ 128.385467690127115, 37.193090549845266 ], [ 128.38976961194075, 37.193550579650349 ], [ 128.386779871794459, 37.190599306599808 ], [ 128.380406738963757, 37.19138048498241 ], [ 128.378015895800417, 37.188716549371776 ], [ 128.379031377369415, 37.187306077887484 ], [ 128.373884849210299, 37.185843880208303 ], [ 128.370838474090277, 37.182156976878225 ], [ 128.361341405303676, 37.183916042430766 ], [ 128.359170004346993, 37.183038569850872 ], [ 128.351224962558291, 37.1856104514479 ], [ 128.346466656410826, 37.183712464771212 ], [ 128.349984321968492, 37.176412771270016 ], [ 128.345159488978197, 37.171646908031768 ], [ 128.33562870178568, 37.168569607150459 ], [ 128.336755823517791, 37.165934806421326 ], [ 128.33278915207103, 37.165402342363308 ], [ 128.332848059933951, 37.163909255769092 ], [ 128.33062557629512, 37.163541904096277 ], [ 128.327095649643013, 37.166221411214458 ], [ 128.318412225527823, 37.163103298022961 ], [ 128.314202489442067, 37.167380130021137 ], [ 128.304334435925512, 37.169616406792962 ], [ 128.303287007802766, 37.171164943225293 ], [ 128.298724573827997, 37.171051753629754 ], [ 128.295610639705245, 37.183251432457979 ], [ 128.299889277634009, 37.183565156758796 ], [ 128.302598398419576, 37.18660582446639 ], [ 128.307606965153298, 37.186033212925572 ], [ 128.310403800400849, 37.187385461960147 ], [ 128.311047369058116, 37.189851105651073 ], [ 128.314166020785876, 37.190070880245216 ], [ 128.312985168237873, 37.191222323907873 ], [ 128.313433716905109, 37.19677532047433 ], [ 128.321739357662324, 37.195575540669012 ], [ 128.32245890638842, 37.198340292812034 ], [ 128.32640714899, 37.197284244861329 ], [ 128.329580939907402, 37.202185520614037 ], [ 128.328717374690285, 37.20613652850993 ], [ 128.333430797511596, 37.216897887033213 ], [ 128.321322455885621, 37.219218720019398 ], [ 128.316649988944107, 37.223290035072047 ], [ 128.308876875669341, 37.217299901897839 ], [ 128.301295790739431, 37.216841803771018 ], [ 128.303276129220109, 37.225018907575929 ], [ 128.302068552210841, 37.228122492919212 ], [ 128.310945500165616, 37.23122085302338 ], [ 128.310018320476047, 37.234382681950258 ], [ 128.312053674443973, 37.237105724616448 ], [ 128.310375411348389, 37.23813999240928 ], [ 128.309402571324938, 37.243082216047597 ], [ 128.307549047468143, 37.243936519877444 ], [ 128.311507824011841, 37.255798102487745 ], [ 128.307454383677452, 37.25805383650868 ], [ 128.306425631725944, 37.262476279658742 ], [ 128.300024089048947, 37.268511822168001 ], [ 128.300306431749647, 37.271257234271147 ], [ 128.302503350690301, 37.276252358359777 ], [ 128.313345984689022, 37.277144016707261 ], [ 128.326141358751414, 37.274800980320826 ], [ 128.328448866694401, 37.281490061121936 ], [ 128.336355082972972, 37.282293802214134 ], [ 128.33841611330098, 37.285738300476396 ], [ 128.341102222329511, 37.286318479344409 ], [ 128.342464076316929, 37.289601577700246 ] ] ] ] } },
{ "type": "Feature", "properties": { "emd_cd": "51750360", "emd_nm": "주천면" }, "geometry": { "type": "MultiPolygon", "coordinates": [ [ [ [ 128.203431731522386, 37.290394349653035 ], [ 128.205370740220303, 37.292351242311128 ], [ 128.204469938749497, 37.295875057159492 ], [ 128.197682617186615, 37.299175458583022 ], [ 128.197397058184009, 37.300956339868968 ], [ 128.204239030899771, 37.302493811488887 ], [ 128.210157716667936, 37.300363342674466 ], [ 128.214285315591326, 37.302383401239233 ], [ 128.220495354253615, 37.29957462229607 ], [ 128.224617730848962, 37.301351249595754 ], [ 128.228007388745766, 37.300744647091001 ], [ 128.233672298902263, 37.298230473464763 ], [ 128.245066214284122, 37.286687200455745 ], [ 128.250396837870568, 37.286357290469574 ], [ 128.254379790148818, 37.288913302960339 ], [ 128.253825613640998, 37.284480178903266 ], [ 128.257332746257447, 37.283867255023104 ], [ 128.259934442825113, 37.286008727704655 ], [ 128.263128491838245, 37.286101487639321 ], [ 128.270183078555903, 37.27984904056536 ], [ 128.289253598721047, 37.28599457236048 ], [ 128.295919132981027, 37.284069047211432 ], [ 128.300113498985581, 37.287092828742722 ], [ 128.302638524897361, 37.29307932148982 ], [ 128.297323967951684, 37.303203977078375 ], [ 128.298318213368503, 37.306608808963411 ], [ 128.296387645199331, 37.313982146278882 ], [ 128.29707552209689, 37.321601463994782 ], [ 128.292703538081355, 37.324012619517966 ], [ 128.290628320044021, 37.327121765362072 ], [ 128.293898514484027, 37.330792717122669 ], [ 128.293884433461017, 37.334104508459085 ], [ 128.296729782939821, 37.335644652147948 ], [ 128.295741529817207, 37.345145397867427 ], [ 128.291801613683219, 37.350439951873355 ], [ 128.29497477763806, 37.354894749691859 ], [ 128.295511775272701, 37.359824343240049 ], [ 128.294033892379133, 37.3620668751594 ], [ 128.297027442041696, 37.367633977294581 ], [ 128.294609765948564, 37.380418751317642 ], [ 128.297114427294389, 37.390034515171827 ], [ 128.306960547495322, 37.386829480774423 ], [ 128.316791216522631, 37.377936091547113 ], [ 128.319364470099543, 37.37964150976903 ], [ 128.325825253011885, 37.377992635568418 ], [ 128.327048040198605, 37.376030782372958 ], [ 128.320217514476894, 37.366683036402868 ], [ 128.319741908781737, 37.36123475816003 ], [ 128.317710790134583, 37.359279154419895 ], [ 128.316446628941407, 37.353484797471879 ], [ 128.321268196596435, 37.347490328317178 ], [ 128.321284129034865, 37.337965590917683 ], [ 128.324221993086127, 37.329505725087714 ], [ 128.323545381609847, 37.323843323591383 ], [ 128.324816059403531, 37.320901970293654 ], [ 128.330428564701606, 37.322616145922161 ], [ 128.342699013063822, 37.311868482411903 ], [ 128.357595468226179, 37.308571294778609 ], [ 128.357631465599098, 37.305933115165878 ], [ 128.360353468654154, 37.30503941832449 ], [ 128.364116468063656, 37.298816558303471 ], [ 128.36887464370534, 37.29630762875513 ], [ 128.371416456450476, 37.291623008553444 ], [ 128.362614547661508, 37.281478974513021 ], [ 128.360259703962441, 37.281208370455374 ], [ 128.351754057237116, 37.287892162671262 ], [ 128.344445452290103, 37.29027355107965 ], [ 128.342464076317015, 37.289601577700246 ], [ 128.341102222329567, 37.286318479344409 ], [ 128.338416113301065, 37.285738300476424 ], [ 128.336355082972943, 37.28229380221417 ], [ 128.328448866694401, 37.281490061121936 ], [ 128.326141358751471, 37.274800980320826 ], [ 128.313345984688937, 37.277144016707268 ], [ 128.302503350690301, 37.276252358359777 ], [ 128.300024089048947, 37.268511822167952 ], [ 128.306425631725944, 37.262476279658706 ], [ 128.307454383677481, 37.258053836508722 ], [ 128.311507824011812, 37.255798102487688 ], [ 128.3075490474682, 37.243936519877444 ], [ 128.309402571324938, 37.243082216047618 ], [ 128.310375411348417, 37.23813999240928 ], [ 128.312039281664113, 37.237270509845246 ], [ 128.31001832047599, 37.234382681950258 ], [ 128.310945500165531, 37.23122085302338 ], [ 128.302068552210784, 37.228122492919212 ], [ 128.303276129220109, 37.225018907575929 ], [ 128.301259980629482, 37.216569410557959 ], [ 128.288168628617967, 37.21509547278626 ], [ 128.283939469058254, 37.210253935463371 ], [ 128.272838260793066, 37.209861520305878 ], [ 128.268473820435474, 37.207927314119246 ], [ 128.259845201138404, 37.216415880855223 ], [ 128.257886564122316, 37.221247296640108 ], [ 128.255356282540333, 37.22183876240355 ], [ 128.257075808160323, 37.222350478160372 ], [ 128.250904190373433, 37.229544586925094 ], [ 128.244327601012969, 37.226531827178704 ], [ 128.237410537954446, 37.229313766776272 ], [ 128.233000564238523, 37.227019196948305 ], [ 128.229218748323063, 37.227567203960156 ], [ 128.228687901027143, 37.230190535411268 ], [ 128.22438860182163, 37.232877567016118 ], [ 128.220363654764697, 37.240329683074791 ], [ 128.214838996340887, 37.241868412495634 ], [ 128.214750153937757, 37.246064402056227 ], [ 128.21210027234477, 37.245359751246745 ], [ 128.208911525974798, 37.246825855474292 ], [ 128.207837204784369, 37.248857259566869 ], [ 128.208897230897804, 37.254469190748679 ], [ 128.212563358524193, 37.262127763728017 ], [ 128.210626034395574, 37.275126799674332 ], [ 128.21841633410645, 37.278610088793151 ], [ 128.213580731539167, 37.288259513105743 ], [ 128.206083369043967, 37.287775253433502 ], [ 128.203431731522386, 37.290394349653035 ] ] ] ] } },
{ "type": "Feature", "properties": { "emd_cd": "51750380", "emd_nm": "무릉도원면" }, "geometry": { "type": "MultiPolygon", "coordinates": [ [ [ [ 128.297114427294389, 37.390034515171827 ], [ 128.294609765948564, 37.380418751317642 ], [ 128.297027442041696, 37.367633977294581 ], [ 128.294033892379133, 37.3620668751594 ], [ 128.295511775272701, 37.359824343240049 ], [ 128.29497477763806, 37.354894749691859 ], [ 128.291801613683219, 37.350439951873355 ], [ 128.295741529817207, 37.345145397867427 ], [ 128.296729782939821, 37.335644652147948 ], [ 128.293884433461017, 37.334104508459085 ], [ 128.293898514484027, 37.330792717122669 ], [ 128.290628320044021, 37.327121765362072 ], [ 128.292703538081355, 37.324012619517966 ], [ 128.29707552209689, 37.321601463994782 ], [ 128.296387645199331, 37.313982146278882 ], [ 128.298318213368503, 37.306608808963411 ], [ 128.297323967951684, 37.303203977078375 ], [ 128.302638524897361, 37.29307932148982 ], [ 128.300113498985581, 37.287092828742722 ], [ 128.295919132981027, 37.284069047211432 ], [ 128.289253598721047, 37.28599457236048 ], [ 128.270183078555903, 37.27984904056536 ], [ 128.263128491838245, 37.286101487639321 ], [ 128.259934442825113, 37.286008727704655 ], [ 128.257332746257447, 37.283867255023104 ], [ 128.253825613640998, 37.284480178903266 ], [ 128.254379790148818, 37.288913302960339 ], [ 128.250396837870568, 37.286357290469574 ], [ 128.245066214284122, 37.286687200455745 ], [ 128.233672298902263, 37.298230473464763 ], [ 128.228007388745766, 37.300744647091001 ], [ 128.224617730848962, 37.301351249595754 ], [ 128.220495354253615, 37.29957462229607 ], [ 128.214285315591326, 37.302383401239233 ], [ 128.209417794443084, 37.300347103373568 ], [ 128.202914744750217, 37.302508993963507 ], [ 128.197338017751804, 37.300399855746292 ], [ 128.204469938749497, 37.295875057159492 ], [ 128.204519376257451, 37.290579447036222 ], [ 128.202928545254451, 37.290469073228564 ], [ 128.198143748365311, 37.295693892128348 ], [ 128.194359324634377, 37.296823622567501 ], [ 128.190173609970202, 37.295340743213025 ], [ 128.188163474160177, 37.292790261938833 ], [ 128.178519986104618, 37.291937293722341 ], [ 128.17780632384995, 37.279503781715768 ], [ 128.170202563360164, 37.277929816915467 ], [ 128.163536089636011, 37.274057864759413 ], [ 128.142685478241162, 37.271236635641657 ], [ 128.125669907961253, 37.275292171936385 ], [ 128.121593422238675, 37.272323555718117 ], [ 128.11679740260638, 37.272287063084732 ], [ 128.114574642248925, 37.273596674434138 ], [ 128.115087435909487, 37.276669535931333 ], [ 128.110590437771179, 37.279062298093791 ], [ 128.106981368579056, 37.293015578495748 ], [ 128.108960763403303, 37.296412926285512 ], [ 128.108556636315512, 37.298766887697944 ], [ 128.11802261502396, 37.304044218679543 ], [ 128.114726531905546, 37.310051077354515 ], [ 128.114926519664607, 37.315651745053465 ], [ 128.115882973009207, 37.318226068427251 ], [ 128.119633594943537, 37.320758972602967 ], [ 128.119954799333783, 37.323629918732571 ], [ 128.131538503797969, 37.328851649437667 ], [ 128.136251294098571, 37.325864763325555 ], [ 128.143852817230851, 37.324823266129933 ], [ 128.146672553565594, 37.322952752157022 ], [ 128.152675331277777, 37.327268074498591 ], [ 128.158408603680982, 37.323627480328206 ], [ 128.167841881046144, 37.322099807920559 ], [ 128.17300146945044, 37.325009817183528 ], [ 128.16802723269933, 37.338051344704624 ], [ 128.169183318307745, 37.339149196480534 ], [ 128.17592996902755, 37.33757698506335 ], [ 128.183871611355045, 37.339324780651886 ], [ 128.186543190215417, 37.341429153900137 ], [ 128.18306180016998, 37.355244515148293 ], [ 128.185438379421612, 37.35937562537984 ], [ 128.182058181302608, 37.363451725957006 ], [ 128.178040782438273, 37.375061550226057 ], [ 128.180338029219968, 37.381216658208693 ], [ 128.178740930223171, 37.385733117526478 ], [ 128.185201810626012, 37.392158412336876 ], [ 128.193444682460353, 37.389383821199203 ], [ 128.201274008547699, 37.390927575017635 ], [ 128.208118345908161, 37.394853522669976 ], [ 128.215185547190885, 37.392539001069053 ], [ 128.222176229425145, 37.393836093584525 ], [ 128.23639655023868, 37.387801888155579 ], [ 128.245916216801248, 37.394063548708097 ], [ 128.255538658221099, 37.393942849312786 ], [ 128.258583654531606, 37.397738532090415 ], [ 128.260294520590378, 37.405133639994695 ], [ 128.271545180542461, 37.408100087540795 ], [ 128.278379518024991, 37.405727977481547 ], [ 128.282838335285845, 37.405870806089943 ], [ 128.294145058333328, 37.400649720355922 ], [ 128.293501025184696, 37.396552214196646 ], [ 128.297114427294389, 37.390034515171827 ] ] ] ] } },
{ "type": "Feature", "properties": { "emd_cd": "51760250", "emd_nm": "평창읍" }, "geometry": { "type": "MultiPolygon", "coordinates": [ [ [ [ 128.452821279419084, 37.335689697962451 ], [ 128.448704207297823, 37.337624128730859 ], [ 128.444017652142492, 37.336931920277713 ], [ 128.429707316679412, 37.339815369094531 ], [ 128.425751601063837, 37.342774794359961 ], [ 128.41898883353025, 37.343366252471512 ], [ 128.411723107959943, 37.338568384013541 ], [ 128.412872892603815, 37.337024225894396 ], [ 128.411207696695385, 37.334090118703692 ], [ 128.411963514652399, 37.33038406758233 ], [ 128.40468741579727, 37.320849740924672 ], [ 128.407346094573114, 37.31130336356658 ], [ 128.410757625997462, 37.308729553669856 ], [ 128.406630165883456, 37.305419521503929 ], [ 128.405658679567466, 37.3015972166788 ], [ 128.408095221946155, 37.299405345190713 ], [ 128.408848708480633, 37.294659045707014 ], [ 128.406094394225306, 37.294013834091587 ], [ 128.397153218448238, 37.297269783222205 ], [ 128.382713141628528, 37.288954503969784 ], [ 128.373717372323028, 37.290464804537663 ], [ 128.37120725604467, 37.291618083438763 ], [ 128.371652542377205, 37.293347324236997 ], [ 128.368969613959678, 37.296297197997511 ], [ 128.363817673240504, 37.299105688436967 ], [ 128.360440080526615, 37.305179274403109 ], [ 128.357629649479946, 37.305937096777072 ], [ 128.357590924195932, 37.308567116382441 ], [ 128.343129414351097, 37.311713696057197 ], [ 128.330384607800539, 37.322613842320479 ], [ 128.324819707312571, 37.320873852609857 ], [ 128.323522776855299, 37.333720088747334 ], [ 128.321145049231291, 37.339212911454233 ], [ 128.322768947035598, 37.343739652838416 ], [ 128.321645941619948, 37.347355195470286 ], [ 128.316481021313649, 37.353493276870616 ], [ 128.31773078298562, 37.359283838081645 ], [ 128.319773938255196, 37.361222869313693 ], [ 128.320249912901375, 37.366658058000624 ], [ 128.32721425241138, 37.376110198366668 ], [ 128.325937525701477, 37.378069231371505 ], [ 128.319422587266445, 37.379653467879372 ], [ 128.316847275805372, 37.37791714367939 ], [ 128.307011960020958, 37.386830521536986 ], [ 128.297511640109121, 37.388703583223858 ], [ 128.293409869486993, 37.396777665443452 ], [ 128.294019670308018, 37.400538562072271 ], [ 128.296609133131511, 37.402536363787021 ], [ 128.300902020662932, 37.402473661729879 ], [ 128.305656829763961, 37.407277426042931 ], [ 128.313777987122279, 37.411491896703637 ], [ 128.331618339501176, 37.413148283379776 ], [ 128.329309719288858, 37.417264048387629 ], [ 128.333001756720279, 37.42196457347945 ], [ 128.337068417737328, 37.424151762307098 ], [ 128.354052855900278, 37.426510232842993 ], [ 128.358695115586954, 37.425457390591966 ], [ 128.370304797701152, 37.428311308068352 ], [ 128.377299045695054, 37.425474538874859 ], [ 128.377254432107179, 37.420906239132009 ], [ 128.380461398322552, 37.418199359421486 ], [ 128.388128161454915, 37.417537030214355 ], [ 128.389520648275948, 37.419399627435965 ], [ 128.38849656210175, 37.420920702519673 ], [ 128.389967526562572, 37.421155957915481 ], [ 128.394071679816847, 37.419481969828624 ], [ 128.399756225879514, 37.414073115116061 ], [ 128.409718256684698, 37.416627953424801 ], [ 128.415241490571276, 37.420967699704121 ], [ 128.429276128874506, 37.417903625685177 ], [ 128.437743078995766, 37.412820186188803 ], [ 128.443245168401063, 37.425085458713497 ], [ 128.44804056342312, 37.428054320812926 ], [ 128.464566743352265, 37.425078699107694 ], [ 128.468437019686036, 37.426938328083899 ], [ 128.474731781369627, 37.426123443372504 ], [ 128.479539175244895, 37.428559251342243 ], [ 128.484271350549221, 37.425449397579762 ], [ 128.504579050583544, 37.419864507182091 ], [ 128.507999709476337, 37.414738548925747 ], [ 128.508402824198299, 37.410289757469549 ], [ 128.504197176485405, 37.409478303747115 ], [ 128.496313169291909, 37.403559842478465 ], [ 128.491327927184386, 37.405671070412403 ], [ 128.48401777601245, 37.402976437918149 ], [ 128.478015555811965, 37.395875578269717 ], [ 128.474118460184229, 37.395908961111758 ], [ 128.473521178579148, 37.393473166541639 ], [ 128.465936200382373, 37.38599858608076 ], [ 128.468624786257863, 37.373555023049867 ], [ 128.4639494815859, 37.367925194901879 ], [ 128.46437796644247, 37.364776410678516 ], [ 128.461531194465095, 37.361187791737109 ], [ 128.461132802697847, 37.355840682719105 ], [ 128.463801483784067, 37.350775779364504 ], [ 128.463515277564142, 37.34812429563236 ], [ 128.459521018145551, 37.346474123770271 ], [ 128.452821279419084, 37.335689697962451 ] ] ] ] } },
{ "type": "Feature", "properties": { "emd_cd": "51760310", "emd_nm": "미탄면" }, "geometry": { "type": "MultiPolygon", "coordinates": [ [ [ [ 128.452821279419084, 37.335689697962451 ], [ 128.459521018145551, 37.346474123770271 ], [ 128.463515277564142, 37.34812429563236 ], [ 128.463801483784067, 37.350775779364504 ], [ 128.461132802697847, 37.355840682719105 ], [ 128.461531194465095, 37.361187791737109 ], [ 128.46437796644247, 37.364776410678516 ], [ 128.4639494815859, 37.367925194901879 ], [ 128.468624786257863, 37.373555023049867 ], [ 128.465936200382373, 37.38599858608076 ], [ 128.473521178579148, 37.393473166541639 ], [ 128.474118460184229, 37.395908961111758 ], [ 128.478015555811965, 37.395875578269717 ], [ 128.48401777601245, 37.402976437918149 ], [ 128.488825253559156, 37.405192110446499 ], [ 128.498290110783984, 37.404163494521754 ], [ 128.505898667521762, 37.410318228518186 ], [ 128.510686509604568, 37.408922551800899 ], [ 128.515315320215734, 37.403320016276837 ], [ 128.520948821213892, 37.403414261771609 ], [ 128.529980569531375, 37.399692003268846 ], [ 128.538927477298415, 37.399706511062682 ], [ 128.542496310020482, 37.387412458397705 ], [ 128.545352844143679, 37.385945495638282 ], [ 128.54567639174499, 37.379737938240417 ], [ 128.553767372098235, 37.370484816367089 ], [ 128.552661736726435, 37.361072287217475 ], [ 128.549108068327769, 37.359129391347899 ], [ 128.5472707739859, 37.354985849863752 ], [ 128.556683569933085, 37.352859769556474 ], [ 128.56627019713261, 37.34526355546565 ], [ 128.566249762176852, 37.340532962729213 ], [ 128.569986950482559, 37.335840457956159 ], [ 128.56856485250799, 37.334515812209489 ], [ 128.570975164598877, 37.325276199189986 ], [ 128.573532836978018, 37.324475289620317 ], [ 128.580758715457591, 37.311759858188573 ], [ 128.584053715015017, 37.310552372075733 ], [ 128.584259174466723, 37.304895756088101 ], [ 128.57967429916161, 37.298697771504514 ], [ 128.582991303941697, 37.294010525064166 ], [ 128.586460076083569, 37.293380876161628 ], [ 128.59340350311416, 37.286717851205289 ], [ 128.5966096494721, 37.282558135911394 ], [ 128.596231515346119, 37.279990041335488 ], [ 128.585041646088968, 37.27500613236699 ], [ 128.582024400941719, 37.270583119338418 ], [ 128.581952106977553, 37.2667491041829 ], [ 128.576772833760714, 37.266977843463643 ], [ 128.575708339460107, 37.268182190891672 ], [ 128.578998481181145, 37.271159442097613 ], [ 128.574741204861851, 37.279722023385936 ], [ 128.572124749663516, 37.280729496507767 ], [ 128.564528737381579, 37.279268402434454 ], [ 128.556425793146673, 37.288519127103093 ], [ 128.549387880522772, 37.289163817123921 ], [ 128.54322632187052, 37.2856182975652 ], [ 128.541336734367718, 37.286479050036171 ], [ 128.535926577524378, 37.283883559697713 ], [ 128.532695690075457, 37.28955434207608 ], [ 128.529022894322139, 37.292481615811205 ], [ 128.52719783763385, 37.290265872766007 ], [ 128.522507404481786, 37.289850931246377 ], [ 128.519815997615865, 37.287622185570861 ], [ 128.512934032969326, 37.287397827857326 ], [ 128.509701410827233, 37.289526272013859 ], [ 128.50087582354675, 37.289286562014937 ], [ 128.500075640444805, 37.295789968615075 ], [ 128.496685618937164, 37.303397455821568 ], [ 128.481351380154564, 37.302590562140672 ], [ 128.470603168343388, 37.306907354902002 ], [ 128.464706842396623, 37.306676812100228 ], [ 128.462472127516691, 37.308490469129268 ], [ 128.461149126634552, 37.31126196765846 ], [ 128.464430424449887, 37.316536890913021 ], [ 128.463771404159075, 37.32225287533101 ], [ 128.454006112320542, 37.332103447727846 ], [ 128.452821279419084, 37.335689697962451 ] ] ] ] } },
{ "type": "Feature", "properties": { "emd_cd": "51760320", "emd_nm": "방림면" }, "geometry": { "type": "MultiPolygon", "coordinates": [ [ [ [ 128.44804056342312, 37.428054320812926 ], [ 128.443245168401063, 37.425085458713497 ], [ 128.437743078995766, 37.412820186188803 ], [ 128.429276128874506, 37.417903625685177 ], [ 128.415241490571276, 37.420967699704121 ], [ 128.409718256684698, 37.416627953424801 ], [ 128.399756225879514, 37.414073115116061 ], [ 128.394071679816847, 37.419481969828624 ], [ 128.389967526562572, 37.421155957915481 ], [ 128.38849656210175, 37.420920702519673 ], [ 128.389520648275948, 37.419399627435965 ], [ 128.388128161454915, 37.417537030214355 ], [ 128.380461398322552, 37.418199359421486 ], [ 128.377254432107179, 37.420906239132009 ], [ 128.377299045695054, 37.425474538874859 ], [ 128.370304797701152, 37.428311308068352 ], [ 128.358695115586954, 37.425457390591966 ], [ 128.354052855900278, 37.426510232842993 ], [ 128.340144086085729, 37.424731022920497 ], [ 128.333001756720279, 37.42196457347945 ], [ 128.329309719288858, 37.417264048387629 ], [ 128.331618339501176, 37.413148283379776 ], [ 128.313777987122279, 37.411491896703637 ], [ 128.305656829763961, 37.407277426042931 ], [ 128.300902020662932, 37.402473661729879 ], [ 128.296943799355205, 37.402630160969835 ], [ 128.294329928724267, 37.401005070933081 ], [ 128.28282203870765, 37.406655816065005 ], [ 128.278441368187998, 37.406523474639087 ], [ 128.271464378126666, 37.408961380460255 ], [ 128.265481505501299, 37.408444336626417 ], [ 128.259441626477468, 37.417131760805468 ], [ 128.258468711901003, 37.42345543126342 ], [ 128.254196140562755, 37.427993583927339 ], [ 128.256315991355194, 37.429671158216976 ], [ 128.257654809776312, 37.438467985954837 ], [ 128.254242751647382, 37.440638577865016 ], [ 128.248789504257701, 37.441026367726572 ], [ 128.246459343455655, 37.44600657976418 ], [ 128.246377733853848, 37.453198219204431 ], [ 128.244963322871541, 37.454539886206263 ], [ 128.246945694932577, 37.460686720199689 ], [ 128.243677420640466, 37.468404647399794 ], [ 128.244969478350896, 37.477550587068677 ], [ 128.243522387266268, 37.479862845847435 ], [ 128.263914041582723, 37.484601510497399 ], [ 128.267002388151411, 37.487252600343062 ], [ 128.268432869316314, 37.492476429524487 ], [ 128.273309017388726, 37.497507391477015 ], [ 128.274874102502849, 37.497400144277833 ], [ 128.277180188884188, 37.502405477216278 ], [ 128.283193360159004, 37.503796908922112 ], [ 128.286073954371687, 37.507245583919826 ], [ 128.290179551050926, 37.506878254060503 ], [ 128.291398043624412, 37.511109694519952 ], [ 128.307548881508609, 37.511571447369469 ], [ 128.315121001051494, 37.508685683221785 ], [ 128.318683391863345, 37.505226693837095 ], [ 128.341599329248169, 37.499652466991336 ], [ 128.344980662616393, 37.491572897400545 ], [ 128.354236952569863, 37.49023307616789 ], [ 128.353244486286883, 37.483303023197855 ], [ 128.356122481627636, 37.476961952027068 ], [ 128.360530409202966, 37.475912265447981 ], [ 128.361592413946227, 37.471613962767854 ], [ 128.36004973479524, 37.467535388476222 ], [ 128.365683293908006, 37.464968208703674 ], [ 128.372340732614703, 37.457122782393533 ], [ 128.376146000519213, 37.458483366988894 ], [ 128.386248409897348, 37.456636390163148 ], [ 128.388993137520345, 37.453133550124612 ], [ 128.396369925336415, 37.450805172934693 ], [ 128.399986890123728, 37.451665453523667 ], [ 128.412435831054154, 37.446288095904208 ], [ 128.416435006509914, 37.448204338636117 ], [ 128.419089179243059, 37.452699247881185 ], [ 128.42845844775394, 37.454510637358396 ], [ 128.434425352436989, 37.448940346463523 ], [ 128.442213854668466, 37.448073147814547 ], [ 128.44616921407615, 37.442773287694948 ], [ 128.445933181210563, 37.434943734321614 ], [ 128.44804056342312, 37.428054320812926 ] ] ] ] } },
{ "type": "Feature", "properties": { "emd_cd": "51760330", "emd_nm": "대화면" }, "geometry": { "type": "MultiPolygon", "coordinates": [ [ [ [ 128.492919356498248, 37.591378014009692 ], [ 128.50083580172344, 37.58897537490013 ], [ 128.502384796432693, 37.586063670118634 ], [ 128.501330134863792, 37.582862807772216 ], [ 128.498893627053832, 37.581265872651926 ], [ 128.499696655885344, 37.578401024943851 ], [ 128.504712359133833, 37.572627331604089 ], [ 128.503414952183874, 37.57104753811852 ], [ 128.506066855546464, 37.563734132339185 ], [ 128.510227819809387, 37.558508853106652 ], [ 128.509121731728072, 37.549971338128714 ], [ 128.515734745066425, 37.539735375633661 ], [ 128.514150959841146, 37.531830036760333 ], [ 128.504978583056214, 37.519977380718643 ], [ 128.51029893157812, 37.510163148446665 ], [ 128.500514648579781, 37.504798605645917 ], [ 128.49804913737816, 37.499373128484976 ], [ 128.49785522036268, 37.492894681803072 ], [ 128.494509293494332, 37.48940540812503 ], [ 128.49369922438791, 37.482930840369775 ], [ 128.499573888630749, 37.480425746928752 ], [ 128.501814634837245, 37.475352125616475 ], [ 128.507174279466483, 37.470915159915414 ], [ 128.518715076332455, 37.471166464740762 ], [ 128.523818343547106, 37.463016214071949 ], [ 128.522156072517049, 37.460298184810625 ], [ 128.513241204156628, 37.455088954432668 ], [ 128.513028745595761, 37.449879199147567 ], [ 128.515213859583866, 37.443331810867491 ], [ 128.517830816830724, 37.440503092644619 ], [ 128.51901549952359, 37.434402772271916 ], [ 128.513855646190109, 37.428280314384722 ], [ 128.513540906132533, 37.422816031777735 ], [ 128.506207708228033, 37.418149164646927 ], [ 128.492162077626602, 37.424062382841299 ], [ 128.484271350549221, 37.425449397579762 ], [ 128.479539175244895, 37.428559251342243 ], [ 128.474731781369627, 37.426123443372504 ], [ 128.468437019686036, 37.426938328083899 ], [ 128.464566743352265, 37.425078699107694 ], [ 128.44804056342312, 37.428054320812926 ], [ 128.445933181210563, 37.434943734321614 ], [ 128.44616921407615, 37.442773287694948 ], [ 128.44422839415185, 37.446641988649809 ], [ 128.439184019378757, 37.44900515951565 ], [ 128.434425352436989, 37.448940346463523 ], [ 128.42845844775394, 37.454510637358396 ], [ 128.419089179243059, 37.452699247881185 ], [ 128.416435006509914, 37.448204338636117 ], [ 128.410499497774879, 37.446584542427978 ], [ 128.399986890123728, 37.451665453523667 ], [ 128.396369925336415, 37.450805172934693 ], [ 128.388993137520345, 37.453133550124612 ], [ 128.386248409897348, 37.456636390163148 ], [ 128.376146000519213, 37.458483366988894 ], [ 128.372340732614703, 37.457122782393533 ], [ 128.365683293908006, 37.464968208703674 ], [ 128.36004973479524, 37.467535388476222 ], [ 128.361592413946227, 37.471613962767854 ], [ 128.360530409202966, 37.475912265447981 ], [ 128.356122481627636, 37.476961952027068 ], [ 128.353244486286883, 37.483303023197855 ], [ 128.354236952569863, 37.49023307616789 ], [ 128.344980662616393, 37.491572897400545 ], [ 128.342238028790604, 37.496394281534677 ], [ 128.341599329248169, 37.499652466991336 ], [ 128.349208306013878, 37.502931250180417 ], [ 128.345313046983051, 37.508035117337151 ], [ 128.34520311745942, 37.514696296936123 ], [ 128.351829275247013, 37.519262406774892 ], [ 128.36567057484109, 37.521919448496739 ], [ 128.371534396124957, 37.520074188327612 ], [ 128.391454435907178, 37.51936324091222 ], [ 128.397351512438689, 37.52166627337197 ], [ 128.397005224814507, 37.524351871894545 ], [ 128.407009974542717, 37.523215285622513 ], [ 128.415205624634353, 37.519582402569128 ], [ 128.421520580183881, 37.519971767176592 ], [ 128.423490243453017, 37.522667598965093 ], [ 128.423889131195438, 37.527555188111208 ], [ 128.417947569483772, 37.540028141722075 ], [ 128.414859414509294, 37.541373186658973 ], [ 128.412473440458314, 37.554552759670521 ], [ 128.431801569250496, 37.554303578838834 ], [ 128.434466286136427, 37.555863207555255 ], [ 128.44325445366934, 37.555382553304057 ], [ 128.446256201602637, 37.55620932825186 ], [ 128.44647703566207, 37.557728949777008 ], [ 128.450312272030601, 37.556725880960293 ], [ 128.451390032214249, 37.559207268142075 ], [ 128.453694817973997, 37.558954330635331 ], [ 128.458976657397017, 37.566588993630425 ], [ 128.459221683004358, 37.581793097483093 ], [ 128.461457275242992, 37.582654850226653 ], [ 128.477669065028209, 37.580399627976711 ], [ 128.481226954099128, 37.585473619141361 ], [ 128.492919356498248, 37.591378014009692 ] ] ] ] } },
{ "type": "Feature", "properties": { "emd_cd": "51760340", "emd_nm": "봉평면" }, "geometry": { "type": "MultiPolygon", "coordinates": [ [ [ [ 128.341599329248169, 37.499652466991336 ], [ 128.318683391863345, 37.505226693837095 ], [ 128.315121001051494, 37.508685683221785 ], [ 128.307548881508609, 37.511571447369469 ], [ 128.298050922111827, 37.51156929627475 ], [ 128.296498419846131, 37.517507053396322 ], [ 128.300805087558189, 37.524005870029917 ], [ 128.302053849437556, 37.530272355223026 ], [ 128.299611591542003, 37.534360490336127 ], [ 128.302322889011236, 37.537930222774442 ], [ 128.293884673029993, 37.544877222008374 ], [ 128.294794549071298, 37.550377307432989 ], [ 128.297938953460459, 37.554916882778578 ], [ 128.295424733210439, 37.559138960351923 ], [ 128.294865889458578, 37.568827343170121 ], [ 128.284293187200632, 37.578282799999634 ], [ 128.284778944181568, 37.585022796862631 ], [ 128.281578492850997, 37.586419371575936 ], [ 128.279177076516362, 37.591840505691792 ], [ 128.280659802117754, 37.597799281946187 ], [ 128.285452321246481, 37.601764432727485 ], [ 128.280989032944831, 37.605102436422314 ], [ 128.2788062449753, 37.614838448156199 ], [ 128.271096593199758, 37.624011886806372 ], [ 128.269259485832634, 37.623134974048313 ], [ 128.260771848727956, 37.626307815984134 ], [ 128.256112608076648, 37.625657217355666 ], [ 128.254783555285883, 37.631435499341244 ], [ 128.262460731971458, 37.63194817334216 ], [ 128.267138463287921, 37.634414684284174 ], [ 128.271187348533971, 37.633625321142439 ], [ 128.272240184360129, 37.637854046006083 ], [ 128.276378736825535, 37.640716036014815 ], [ 128.274234700128062, 37.645288439443213 ], [ 128.273408720747341, 37.653518683911798 ], [ 128.273706220068448, 37.656064425685912 ], [ 128.277817745801173, 37.65989426291172 ], [ 128.278845101024586, 37.664072744934543 ], [ 128.276673060540901, 37.668868545888891 ], [ 128.279170593234028, 37.669844646009601 ], [ 128.280424882710349, 37.672995094294471 ], [ 128.28450571824996, 37.67442218259248 ], [ 128.29205428094528, 37.682950665875417 ], [ 128.294981834161575, 37.683422438544056 ], [ 128.297725137652151, 37.687560847784809 ], [ 128.304485353713744, 37.691267985625217 ], [ 128.309586094020517, 37.701461479324969 ], [ 128.312394377774723, 37.703236915836953 ], [ 128.316736177493084, 37.699682539078196 ], [ 128.320387906612325, 37.692053615919953 ], [ 128.323440641628139, 37.690023484610336 ], [ 128.33700017690029, 37.695584581312396 ], [ 128.346147060288359, 37.695654591892158 ], [ 128.358068908219082, 37.699367301199267 ], [ 128.365053244765164, 37.69769244586422 ], [ 128.369199541227601, 37.693876943878742 ], [ 128.376162990266067, 37.691601232230639 ], [ 128.395593944203085, 37.691711203245532 ], [ 128.404537955666427, 37.688134563849573 ], [ 128.408561636925413, 37.690722206163095 ], [ 128.415353732507555, 37.687948181249553 ], [ 128.424826290231749, 37.691316419814342 ], [ 128.435214607643559, 37.692399784197086 ], [ 128.439385194971692, 37.689572960104663 ], [ 128.441485481310792, 37.685930444713392 ], [ 128.440221290746052, 37.678693741581824 ], [ 128.441792848781347, 37.675926943694712 ], [ 128.440517408742522, 37.673130227776596 ], [ 128.436160527780686, 37.670060659891185 ], [ 128.433490110031244, 37.664740981653338 ], [ 128.421499605005863, 37.658467997638681 ], [ 128.423139307653003, 37.653383162262799 ], [ 128.425209171478883, 37.651977922462535 ], [ 128.421927962904505, 37.64755867158371 ], [ 128.41276184442188, 37.641086043067105 ], [ 128.418932781306808, 37.635843717555446 ], [ 128.418641305257211, 37.631538359290083 ], [ 128.421762196733511, 37.628730859624213 ], [ 128.421275425552608, 37.62326586105511 ], [ 128.418807887508365, 37.619175466630402 ], [ 128.415354875637348, 37.617688731535296 ], [ 128.413885978027821, 37.614209306425828 ], [ 128.411910024099228, 37.61383607164786 ], [ 128.409653778130888, 37.609349335848243 ], [ 128.400272331932797, 37.601982349771056 ], [ 128.398374154409453, 37.596207439624528 ], [ 128.388562214195844, 37.594955194464539 ], [ 128.38538313465088, 37.591123982404639 ], [ 128.382847899753756, 37.590934671615543 ], [ 128.379532488137897, 37.5824963548949 ], [ 128.374628748628936, 37.581270039850111 ], [ 128.372770107143339, 37.579088692723339 ], [ 128.384389859044632, 37.574278884338064 ], [ 128.384868709334029, 37.570987314906191 ], [ 128.387839115912385, 37.569944948874621 ], [ 128.392683641614042, 37.562859267838441 ], [ 128.397090453683916, 37.563910005658279 ], [ 128.399326064893359, 37.562345467974474 ], [ 128.396089381492743, 37.553267487581394 ], [ 128.391227188143802, 37.545497032979675 ], [ 128.395934277926699, 37.540133434663844 ], [ 128.399492572869264, 37.540133131195113 ], [ 128.396385741901383, 37.533456779297389 ], [ 128.400111152789947, 37.527317076211823 ], [ 128.395929023650524, 37.526519329958958 ], [ 128.397351512438689, 37.52166627337197 ], [ 128.391454435907178, 37.51936324091222 ], [ 128.371534396124957, 37.520074188327612 ], [ 128.366447937226354, 37.521994015531902 ], [ 128.350320316797166, 37.518653584009897 ], [ 128.344714096650193, 37.513928942558117 ], [ 128.345313046983051, 37.508035117337151 ], [ 128.349208306013878, 37.502931250180417 ], [ 128.341599329248169, 37.499652466991336 ] ] ] ] } },
{ "type": "Feature", "properties": { "emd_cd": "51760350", "emd_nm": "용평면" }, "geometry": { "type": "MultiPolygon", "coordinates": [ [ [ [ 128.478508306182334, 37.734214170058337 ], [ 128.488370614103417, 37.73350507238348 ], [ 128.489064847856213, 37.731318547603863 ], [ 128.494116232154425, 37.728882601408635 ], [ 128.498460515060202, 37.724099359481897 ], [ 128.499439088388726, 37.720849348549208 ], [ 128.498163855629343, 37.710794064718556 ], [ 128.493075584743281, 37.707035310366457 ], [ 128.492338959996374, 37.693859139468223 ], [ 128.496819977597539, 37.688162398655621 ], [ 128.506590355228354, 37.686546261876799 ], [ 128.510681828341319, 37.684112770434375 ], [ 128.509179282890472, 37.678453261692503 ], [ 128.510802253289199, 37.666195520434627 ], [ 128.508518452532684, 37.66424724578453 ], [ 128.508238810117774, 37.657136651845796 ], [ 128.506766117932301, 37.655845976229742 ], [ 128.516022483589637, 37.648833136491596 ], [ 128.517338841378916, 37.647125931462469 ], [ 128.516003538368466, 37.646089582565054 ], [ 128.516786002676014, 37.64431299019968 ], [ 128.510703773873246, 37.637517149969725 ], [ 128.511835383000744, 37.634996739297705 ], [ 128.500910771789449, 37.628256855555733 ], [ 128.486779858181251, 37.60972037993097 ], [ 128.489873927948025, 37.605045410787831 ], [ 128.492210904656446, 37.591329586132439 ], [ 128.481226954099128, 37.585473619141361 ], [ 128.477669065028209, 37.580399627976711 ], [ 128.461457275242992, 37.582654850226653 ], [ 128.459221683004358, 37.581793097483093 ], [ 128.458976657397017, 37.566588993630425 ], [ 128.453694817973997, 37.558954330635331 ], [ 128.451390032214249, 37.559207268142075 ], [ 128.450312272030601, 37.556725880960293 ], [ 128.44647703566207, 37.557728949777008 ], [ 128.446256201602637, 37.55620932825186 ], [ 128.44325445366934, 37.555382553304057 ], [ 128.434466286136427, 37.555863207555255 ], [ 128.431801569250496, 37.554303578838834 ], [ 128.412473440458314, 37.554552759670521 ], [ 128.414859414509294, 37.541373186658973 ], [ 128.417947569483772, 37.540028141722075 ], [ 128.423889131195438, 37.527555188111208 ], [ 128.422123573273751, 37.520508911202036 ], [ 128.415205624634353, 37.519582402569128 ], [ 128.407009974542717, 37.523215285622513 ], [ 128.396877540214632, 37.524307223321188 ], [ 128.395929023650524, 37.526519329958958 ], [ 128.400279195949082, 37.527667774184103 ], [ 128.396385741901383, 37.533456779297389 ], [ 128.399492572869264, 37.540133131195113 ], [ 128.395349605817216, 37.540521072897171 ], [ 128.391208328631507, 37.546347450720688 ], [ 128.396089381492743, 37.553267487581394 ], [ 128.399326064893359, 37.562345467974474 ], [ 128.397090453683916, 37.563910005658279 ], [ 128.392683641614042, 37.562859267838441 ], [ 128.387839115912385, 37.569944948874621 ], [ 128.384868709334029, 37.570987314906191 ], [ 128.384389859044632, 37.574278884338064 ], [ 128.372770107143339, 37.579088692723339 ], [ 128.374628748628936, 37.581270039850111 ], [ 128.379532488137897, 37.5824963548949 ], [ 128.382847899753756, 37.590934671615543 ], [ 128.38538313465088, 37.591123982404639 ], [ 128.388562214195844, 37.594955194464539 ], [ 128.398374154409453, 37.596207439624528 ], [ 128.400272331932797, 37.601982349771056 ], [ 128.409653778130888, 37.609349335848243 ], [ 128.411910024099228, 37.61383607164786 ], [ 128.413885978027821, 37.614209306425828 ], [ 128.415354875637348, 37.617688731535296 ], [ 128.418807887508365, 37.619175466630402 ], [ 128.421275425552608, 37.62326586105511 ], [ 128.421762196733511, 37.628730859624213 ], [ 128.418641305257211, 37.631538359290083 ], [ 128.418932781306808, 37.635843717555446 ], [ 128.41276184442188, 37.641086043067105 ], [ 128.421927962904505, 37.64755867158371 ], [ 128.425209171478883, 37.651977922462535 ], [ 128.423139307653003, 37.653383162262799 ], [ 128.421499605005863, 37.658467997638681 ], [ 128.433490110031244, 37.664740981653338 ], [ 128.436160527780686, 37.670060659891185 ], [ 128.440517408742522, 37.673130227776596 ], [ 128.441792848781347, 37.675926943694712 ], [ 128.440221290746052, 37.678693741581824 ], [ 128.441485481310792, 37.685930444713392 ], [ 128.439385194971692, 37.689572960104663 ], [ 128.435214607643559, 37.692399784197086 ], [ 128.435927778977515, 37.695252974234016 ], [ 128.444056677388829, 37.700816924477031 ], [ 128.446006643918082, 37.711019256462798 ], [ 128.444731917579645, 37.717456779389828 ], [ 128.453741499823934, 37.728711813677968 ], [ 128.457949502495524, 37.730773212893574 ], [ 128.462943411902558, 37.728244577934618 ], [ 128.466306885826583, 37.728346117208531 ], [ 128.471130323915474, 37.732716164647336 ], [ 128.478508306182334, 37.734214170058337 ] ] ] ] } },
{ "type": "Feature", "properties": { "emd_cd": "51760360", "emd_nm": "진부면" }, "geometry": { "type": "MultiPolygon", "coordinates": [ [ [ [ 128.492210904656446, 37.591329586132439 ], [ 128.489873927948025, 37.605045410787831 ], [ 128.486779858181251, 37.60972037993097 ], [ 128.500910771789449, 37.628256855555733 ], [ 128.511835383000744, 37.634996739297705 ], [ 128.510703773873246, 37.637517149969725 ], [ 128.51305868285138, 37.638868953165897 ], [ 128.517338841378916, 37.647125931462469 ], [ 128.506766117932301, 37.655845976229742 ], [ 128.508238810117774, 37.657136651845796 ], [ 128.508518452532684, 37.66424724578453 ], [ 128.510802253289199, 37.666195520434627 ], [ 128.509179282890472, 37.678453261692503 ], [ 128.510225979309212, 37.685003392937816 ], [ 128.496819977597539, 37.688162398655621 ], [ 128.492864780072154, 37.691998086817215 ], [ 128.492682275229896, 37.705825968809819 ], [ 128.497528841079742, 37.709108100813971 ], [ 128.499439088388726, 37.720849348549208 ], [ 128.495980472239495, 37.726995838094716 ], [ 128.489064847856213, 37.731318547603863 ], [ 128.488370614103417, 37.73350507238348 ], [ 128.509741761653856, 37.730548790222997 ], [ 128.516377815576163, 37.732242450529206 ], [ 128.522232321472558, 37.729763948451392 ], [ 128.528030965688401, 37.73299427066604 ], [ 128.52772986183686, 37.736552591906069 ], [ 128.525208881543989, 37.738798432868172 ], [ 128.524119586828789, 37.742639642380055 ], [ 128.52710804048499, 37.752813364132415 ], [ 128.520957549089076, 37.759146420923457 ], [ 128.523523321438319, 37.763686045084604 ], [ 128.533215712955922, 37.770879965780942 ], [ 128.533242494424911, 37.779754442539982 ], [ 128.539630202122083, 37.783189754007253 ], [ 128.542573506915573, 37.78840137435953 ], [ 128.543849464397965, 37.800286439508348 ], [ 128.551422756576045, 37.804202512857032 ], [ 128.556458309830219, 37.809414981230333 ], [ 128.570869678127565, 37.807943109381306 ], [ 128.577005015938937, 37.816989433562959 ], [ 128.582761312514805, 37.821306010035251 ], [ 128.584725336659318, 37.814995201703518 ], [ 128.600098724623336, 37.805680356419693 ], [ 128.598405813895482, 37.803530808571033 ], [ 128.600948137177028, 37.80173106267862 ], [ 128.601654985445236, 37.793821779118382 ], [ 128.599838231546357, 37.791596481308773 ], [ 128.601397169282507, 37.781308920378699 ], [ 128.596643131030191, 37.770749325956309 ], [ 128.597905050348032, 37.763968291919184 ], [ 128.596752945193515, 37.75639170739997 ], [ 128.599057676481578, 37.751064668284172 ], [ 128.605749606950781, 37.749600814838203 ], [ 128.61105283074437, 37.741009872925844 ], [ 128.607447191504463, 37.730817276779909 ], [ 128.608718999473268, 37.72778776777168 ], [ 128.605949477936832, 37.724314796790665 ], [ 128.605954752624825, 37.707982378410684 ], [ 128.603941718880577, 37.704608865468529 ], [ 128.608599088505713, 37.694734205823607 ], [ 128.612860013183706, 37.692875662463052 ], [ 128.614982650615474, 37.690023337187782 ], [ 128.613119244664773, 37.687684634209788 ], [ 128.607308689223288, 37.685529895785905 ], [ 128.606514729387953, 37.67953751878909 ], [ 128.595912933710423, 37.669629633006402 ], [ 128.594097927583675, 37.664593463091542 ], [ 128.589997433483035, 37.662658932100449 ], [ 128.590270251519286, 37.658085610702884 ], [ 128.598013057858168, 37.657095911676215 ], [ 128.602434236046065, 37.658392715903474 ], [ 128.603060645395004, 37.660396471994915 ], [ 128.605895103213186, 37.660446663976273 ], [ 128.610004696165134, 37.658153604743653 ], [ 128.611373346277759, 37.655564552973964 ], [ 128.614648276434309, 37.65514479172105 ], [ 128.615173650077026, 37.651634746268087 ], [ 128.6112808076889, 37.646687440588387 ], [ 128.611621889519284, 37.643891816826994 ], [ 128.617569577604513, 37.638345843866752 ], [ 128.615865000761659, 37.636064867964599 ], [ 128.613383066644474, 37.621685360242438 ], [ 128.619453537171239, 37.617907170080102 ], [ 128.626724143092417, 37.61887369045273 ], [ 128.629801042633176, 37.613440631315491 ], [ 128.633817490809918, 37.612544028708072 ], [ 128.633746329483728, 37.606191381499912 ], [ 128.640529121443194, 37.604275380807401 ], [ 128.646417538614799, 37.607426163601474 ], [ 128.664712990117835, 37.602828262384669 ], [ 128.669571656895499, 37.60474487834805 ], [ 128.673803327202535, 37.600122730346264 ], [ 128.683184417097095, 37.594748943542342 ], [ 128.684236742639229, 37.591311802165507 ], [ 128.681417077845794, 37.573939054886047 ], [ 128.678853608128435, 37.569737776267409 ], [ 128.66732977110189, 37.568987399695985 ], [ 128.667984761934747, 37.561507612641954 ], [ 128.673094597165004, 37.559553443780977 ], [ 128.673781052978995, 37.556060675835312 ], [ 128.6682246881156, 37.557387683034285 ], [ 128.660364737847686, 37.555427897325345 ], [ 128.653791624281666, 37.555838538653873 ], [ 128.645068239490399, 37.553200719790915 ], [ 128.641563927241293, 37.545143597004305 ], [ 128.641809258399036, 37.54147481789223 ], [ 128.636963268644507, 37.540017772360464 ], [ 128.634464877997658, 37.539662639254111 ], [ 128.632320386361897, 37.542512087236148 ], [ 128.631655463980678, 37.550268436514791 ], [ 128.626919242985394, 37.55507311683575 ], [ 128.626232773983162, 37.563606583633913 ], [ 128.624277428427973, 37.567873072028704 ], [ 128.624930418997053, 37.57327240863637 ], [ 128.615355684485962, 37.575710855515318 ], [ 128.600809965421604, 37.569698361520231 ], [ 128.589549223792972, 37.560242751157794 ], [ 128.587090129967891, 37.54819030957313 ], [ 128.589464102805039, 37.540516211218637 ], [ 128.587597386674389, 37.537812829806015 ], [ 128.5831405391028, 37.535768389013718 ], [ 128.583437120963964, 37.530445374424389 ], [ 128.581082185659795, 37.527616577705636 ], [ 128.577353408996174, 37.511045769310485 ], [ 128.577471343587348, 37.498885942026149 ], [ 128.575441566252437, 37.493830552577279 ], [ 128.583411336530304, 37.490873545279321 ], [ 128.584455594589798, 37.487288780784475 ], [ 128.579786552073358, 37.49042259854923 ], [ 128.572707513212492, 37.490098609230209 ], [ 128.570118589710404, 37.497434562872613 ], [ 128.565084538516487, 37.502416780564978 ], [ 128.561443843986098, 37.494830791078641 ], [ 128.556454056297412, 37.489011133069106 ], [ 128.56348738214129, 37.461350052524431 ], [ 128.552201575241241, 37.456441642562233 ], [ 128.546194952624433, 37.459493284009881 ], [ 128.523596874109472, 37.46362448259616 ], [ 128.518715076332455, 37.471166464740762 ], [ 128.507174279466483, 37.470915159915414 ], [ 128.501814634837245, 37.475352125616475 ], [ 128.499573888630749, 37.480425746928752 ], [ 128.49369922438791, 37.482930840369775 ], [ 128.494509293494332, 37.48940540812503 ], [ 128.49785522036268, 37.492894681803072 ], [ 128.49804913737816, 37.499373128484976 ], [ 128.500514648579781, 37.504798605645917 ], [ 128.51029893157812, 37.510163148446665 ], [ 128.504978583056214, 37.519977380718643 ], [ 128.514150959841146, 37.531830036760333 ], [ 128.515734745066425, 37.539735375633661 ], [ 128.509121731728072, 37.549971338128714 ], [ 128.510227819809387, 37.558508853106652 ], [ 128.506066855546464, 37.563734132339185 ], [ 128.503414952183874, 37.57104753811852 ], [ 128.504712359133833, 37.572627331604089 ], [ 128.499696655885344, 37.578401024943851 ], [ 128.498893627053832, 37.581265872651926 ], [ 128.501330134863792, 37.582862807772216 ], [ 128.502384796432693, 37.586063670118634 ], [ 128.499227458470756, 37.589834668853847 ], [ 128.492210904656446, 37.591329586132439 ] ] ] ] } },
{ "type": "Feature", "properties": { "emd_cd": "51760380", "emd_nm": "대관령면" }, "geometry": { "type": "MultiPolygon", "coordinates": [ [ [ [ 128.59878193108861, 37.774557878800678 ], [ 128.602449532942103, 37.769471291807832 ], [ 128.610422866181494, 37.766314928822645 ], [ 128.614186889824339, 37.770555487105788 ], [ 128.623633646152967, 37.769586766808601 ], [ 128.627095239829913, 37.772737843856937 ], [ 128.630536398052897, 37.772963505340563 ], [ 128.633849790336541, 37.780233483326086 ], [ 128.639047920164415, 37.782410502309716 ], [ 128.643141703879394, 37.777185060765497 ], [ 128.655804567992107, 37.771463927127385 ], [ 128.66762376521433, 37.769745012708043 ], [ 128.670803419892792, 37.766961623826951 ], [ 128.679943481008678, 37.773104461790076 ], [ 128.68496107313544, 37.773120669041447 ], [ 128.690969365700369, 37.769834748217178 ], [ 128.696829883838035, 37.769947745768341 ], [ 128.698425832641846, 37.771537063914543 ], [ 128.704089599503817, 37.768438722913274 ], [ 128.708840447421551, 37.768079036638582 ], [ 128.711512643392552, 37.765037998531902 ], [ 128.710122147736399, 37.76370336128781 ], [ 128.713644455378216, 37.762469608291369 ], [ 128.718109689986477, 37.756117837782625 ], [ 128.72240036524812, 37.755189937186294 ], [ 128.723082879176417, 37.751382878506654 ], [ 128.725319423137847, 37.749540320323455 ], [ 128.731889443172662, 37.747691692535604 ], [ 128.73956388192542, 37.741592348461467 ], [ 128.743782582022931, 37.741432015457136 ], [ 128.744989972616168, 37.731708182798002 ], [ 128.744011811247532, 37.728763923535517 ], [ 128.745650569310015, 37.726729199956608 ], [ 128.744495317057101, 37.723404189318607 ], [ 128.748461996433093, 37.719845875266181 ], [ 128.746996965928304, 37.718312606266188 ], [ 128.747881578295278, 37.714005111789724 ], [ 128.75311850990488, 37.710656077430997 ], [ 128.754801317594172, 37.707480014346579 ], [ 128.754468479620016, 37.699727639933649 ], [ 128.758561603491131, 37.69415551782982 ], [ 128.760656825191205, 37.682821965668623 ], [ 128.763801048354281, 37.680904504873276 ], [ 128.763171716427763, 37.678225579270041 ], [ 128.76495935933076, 37.672826427435105 ], [ 128.752395841490113, 37.669672786021891 ], [ 128.751821037988492, 37.667377400146634 ], [ 128.745877641692658, 37.664949587385649 ], [ 128.743717819431424, 37.658782488819504 ], [ 128.733469447251707, 37.65485664136358 ], [ 128.73178476698348, 37.649802908006812 ], [ 128.73369622942289, 37.647128792917563 ], [ 128.728486532542803, 37.638024185187597 ], [ 128.735873359789053, 37.628657792052408 ], [ 128.736412258288823, 37.609746930127542 ], [ 128.723975018370993, 37.610683114818414 ], [ 128.717892079670634, 37.603555324096362 ], [ 128.716855658604572, 37.592718706307508 ], [ 128.712656221667203, 37.590815575982845 ], [ 128.712178367249294, 37.588272976559843 ], [ 128.705508134776323, 37.589226706429123 ], [ 128.698979848434163, 37.593540887863291 ], [ 128.691991573253546, 37.592090541484886 ], [ 128.684011285251756, 37.593918672886375 ], [ 128.673803327202535, 37.600122730346264 ], [ 128.669571656895499, 37.60474487834805 ], [ 128.663362584290013, 37.602892596185896 ], [ 128.646417538614799, 37.607426163601474 ], [ 128.640529121443194, 37.604275380807401 ], [ 128.635914865353016, 37.604934217406893 ], [ 128.633746329483728, 37.606191381499912 ], [ 128.633817490809918, 37.612544028708072 ], [ 128.629801042633176, 37.613440631315491 ], [ 128.626724143092417, 37.61887369045273 ], [ 128.619453537171239, 37.617907170080102 ], [ 128.613383066644474, 37.621685360242438 ], [ 128.615865000761659, 37.636064867964599 ], [ 128.617569577604513, 37.638345843866752 ], [ 128.611621889519284, 37.643891816826994 ], [ 128.6112808076889, 37.646687440588387 ], [ 128.615173650077026, 37.651634746268087 ], [ 128.614648276434309, 37.65514479172105 ], [ 128.611373346277759, 37.655564552973964 ], [ 128.610004696165134, 37.658153604743653 ], [ 128.605895103213186, 37.660446663976273 ], [ 128.603060645395004, 37.660396471994915 ], [ 128.602434236046065, 37.658392715903474 ], [ 128.598013057858168, 37.657095911676215 ], [ 128.590270251519286, 37.658085610702884 ], [ 128.589997433483035, 37.662658932100449 ], [ 128.594097927583675, 37.664593463091542 ], [ 128.595912933710423, 37.669629633006402 ], [ 128.606514729387953, 37.67953751878909 ], [ 128.607308689223288, 37.685529895785905 ], [ 128.613119244664773, 37.687684634209788 ], [ 128.614982650615474, 37.690023337187782 ], [ 128.612860013183706, 37.692875662463052 ], [ 128.608599088505713, 37.694734205823607 ], [ 128.607409861328421, 37.699088361150601 ], [ 128.604336632517061, 37.702174696090566 ], [ 128.603996997600859, 37.705203939297526 ], [ 128.605954752624825, 37.707982378410684 ], [ 128.605949477936832, 37.724314796790665 ], [ 128.608718999473268, 37.72778776777168 ], [ 128.607447191504463, 37.730817276779909 ], [ 128.61105283074437, 37.741009872925844 ], [ 128.605749606950781, 37.749600814838203 ], [ 128.599811601863877, 37.750694713224661 ], [ 128.597487427055, 37.753568239435836 ], [ 128.596643131030191, 37.770749325956309 ], [ 128.59878193108861, 37.774557878800678 ] ] ] ] } },
{ "type": "Feature", "properties": { "emd_cd": "51770250", "emd_nm": "정선읍" }, "geometry": { "type": "MultiPolygon", "coordinates": [ [ [ [ 128.523803223348096, 37.463623289673414 ], [ 128.546276205919355, 37.45940219977269 ], [ 128.552193659913883, 37.456449829578993 ], [ 128.563432155046883, 37.461365687366538 ], [ 128.568747162790231, 37.458994487969541 ], [ 128.57225385546792, 37.454309889360871 ], [ 128.594855925125984, 37.446612811210017 ], [ 128.599373721637079, 37.441967636697413 ], [ 128.598153688647614, 37.439415795418732 ], [ 128.59905253883494, 37.435968909125158 ], [ 128.615160590676084, 37.432721366758905 ], [ 128.619345104805404, 37.434070041415055 ], [ 128.629963688004324, 37.427312306906281 ], [ 128.635290994922599, 37.418384278878051 ], [ 128.634856402134517, 37.411495422125483 ], [ 128.640174693590666, 37.405896366176066 ], [ 128.646401545659103, 37.40944240243735 ], [ 128.65256594138657, 37.407241516344655 ], [ 128.656665108059883, 37.407875040987051 ], [ 128.659706578995213, 37.412656625345292 ], [ 128.658403535678161, 37.42138725822057 ], [ 128.665039355279049, 37.420412915735866 ], [ 128.669898962381268, 37.41776982654455 ], [ 128.679448729043798, 37.408788100744388 ], [ 128.682937040666928, 37.409258048116477 ], [ 128.689150673627836, 37.413530103909544 ], [ 128.697091794346022, 37.414412569588769 ], [ 128.706308742552636, 37.411304050418508 ], [ 128.707045545708695, 37.408141621003352 ], [ 128.708897878783887, 37.407300639282106 ], [ 128.717378852669754, 37.40588310302855 ], [ 128.728308197277983, 37.412935023838116 ], [ 128.730908652396806, 37.408508888288964 ], [ 128.745287058939567, 37.405549049823605 ], [ 128.747938554534812, 37.402549323528994 ], [ 128.747164408830514, 37.397328446735656 ], [ 128.745024104143226, 37.394710489333391 ], [ 128.751924619728953, 37.392609386951101 ], [ 128.757775785044402, 37.387436651174895 ], [ 128.758227214745432, 37.378303456673301 ], [ 128.754593782800555, 37.374213845542712 ], [ 128.755641297678949, 37.372411561503107 ], [ 128.75373226717565, 37.363191708755203 ], [ 128.743620722705572, 37.360428225011901 ], [ 128.7294109042125, 37.361991951038149 ], [ 128.724227876364864, 37.360189132649751 ], [ 128.721311737993375, 37.356932630274912 ], [ 128.721251579522743, 37.351876807201094 ], [ 128.718236889889141, 37.350419084697641 ], [ 128.716494110447911, 37.344174308335042 ], [ 128.717451363996759, 37.339787630118565 ], [ 128.715656053174087, 37.336301840675738 ], [ 128.709603501722938, 37.336757882742404 ], [ 128.706067704770192, 37.340198233331932 ], [ 128.697771972403757, 37.339641074713946 ], [ 128.691364351157375, 37.337202471545815 ], [ 128.688003139570128, 37.339502145182614 ], [ 128.680046735521813, 37.338600813321726 ], [ 128.671675706754399, 37.34004011075141 ], [ 128.667586573268011, 37.343232774633258 ], [ 128.65261099574235, 37.33878407861642 ], [ 128.651486300990001, 37.340068683146953 ], [ 128.643801050064894, 37.340558449237463 ], [ 128.640657271938267, 37.337290212563637 ], [ 128.637981421952333, 37.339001022266935 ], [ 128.639125691200604, 37.329267271130739 ], [ 128.644080650872155, 37.317483208347561 ], [ 128.643583743536141, 37.315776106103279 ], [ 128.647602977774199, 37.309795197771003 ], [ 128.655256794851311, 37.303452116368604 ], [ 128.655409395380588, 37.297996852323948 ], [ 128.658496568221722, 37.295186068238017 ], [ 128.657945520490387, 37.29026794441252 ], [ 128.660791477627185, 37.284797380744536 ], [ 128.657394676566099, 37.282875780297211 ], [ 128.656372708334203, 37.277391107867849 ], [ 128.647420982560618, 37.281437195305024 ], [ 128.645960868764746, 37.28434290555434 ], [ 128.642158812933076, 37.285932235730485 ], [ 128.6415891235591, 37.289095795900899 ], [ 128.63766186004213, 37.289383254793556 ], [ 128.635874953169946, 37.286958788390244 ], [ 128.632834048572164, 37.287469249176425 ], [ 128.628970992985586, 37.291979064863632 ], [ 128.614176598328214, 37.301179267874915 ], [ 128.609687560699399, 37.300465107894958 ], [ 128.609225551053811, 37.296519810272123 ], [ 128.604239932137602, 37.300744709756486 ], [ 128.597010718577877, 37.302911793372537 ], [ 128.594909622999381, 37.305447074798927 ], [ 128.58460782896438, 37.306558119559732 ], [ 128.583224352999565, 37.308613074757524 ], [ 128.583959563277318, 37.310596262093448 ], [ 128.580687260187148, 37.311718130087229 ], [ 128.573584750723427, 37.324377221172341 ], [ 128.570963382031124, 37.325197722573222 ], [ 128.568601036124278, 37.334514539016034 ], [ 128.569912516974483, 37.335874569303243 ], [ 128.566588367572308, 37.339575318528468 ], [ 128.566205666894206, 37.345314297549038 ], [ 128.556698424647323, 37.352830830755579 ], [ 128.547209602394105, 37.354900919626054 ], [ 128.548985869457653, 37.359035245555361 ], [ 128.552514765809121, 37.36104805081375 ], [ 128.553699097027987, 37.370529941868668 ], [ 128.545590870993522, 37.379781658988406 ], [ 128.545314534559793, 37.386006517391344 ], [ 128.542531303735899, 37.387480953774471 ], [ 128.538884791963966, 37.399691026948425 ], [ 128.529932884496503, 37.399663656644378 ], [ 128.519724046831584, 37.403743019235534 ], [ 128.515521734659188, 37.40346848561736 ], [ 128.508091186244911, 37.410897914688611 ], [ 128.5063194275493, 37.418221613777895 ], [ 128.513533528097952, 37.422837075775895 ], [ 128.513904123060598, 37.428282478534605 ], [ 128.518994357808253, 37.434447006217738 ], [ 128.517857061092457, 37.440554818330178 ], [ 128.513114031727497, 37.449626046657507 ], [ 128.513207708461294, 37.455104069934698 ], [ 128.522014485108429, 37.460301304510239 ], [ 128.523803223348096, 37.463623289673414 ] ] ] ] } },
{ "type": "Feature", "properties": { "emd_cd": "51770253", "emd_nm": "고한읍" }, "geometry": { "type": "MultiPolygon", "coordinates": [ [ [ [ 128.816429050018257, 37.183573032162741 ], [ 128.817739021515024, 37.193139431977684 ], [ 128.822761414345564, 37.203128960331263 ], [ 128.82108976004065, 37.206480642278912 ], [ 128.82648841885009, 37.211401984871479 ], [ 128.824748562666144, 37.214806729359836 ], [ 128.83343975159849, 37.21876336631712 ], [ 128.830523235411277, 37.220378138463523 ], [ 128.833467436997495, 37.224298213456841 ], [ 128.845075329713239, 37.223024930739875 ], [ 128.848991154750877, 37.225955600557285 ], [ 128.854630763257518, 37.223854355653629 ], [ 128.857944832754811, 37.225404965759004 ], [ 128.862296960563981, 37.224836765546264 ], [ 128.864668305685711, 37.227562636639668 ], [ 128.868798044094433, 37.228717532331181 ], [ 128.877440050997052, 37.228330938160873 ], [ 128.882946578385173, 37.226478082571781 ], [ 128.884194179128826, 37.221490249686568 ], [ 128.886496368107316, 37.219662374203153 ], [ 128.892724546374751, 37.218454959579937 ], [ 128.895674982772107, 37.215438527208867 ], [ 128.905983935405402, 37.217712600816355 ], [ 128.911325633093128, 37.215063667796429 ], [ 128.912004855721108, 37.212999028139564 ], [ 128.916421314296485, 37.211825637302702 ], [ 128.915860999968885, 37.204650471999521 ], [ 128.911533482122024, 37.196911989713776 ], [ 128.912924731680619, 37.194836595813292 ], [ 128.912731998210489, 37.185569635779451 ], [ 128.914832894640057, 37.18058041307021 ], [ 128.911851346579141, 37.177069763909174 ], [ 128.917820076866235, 37.162335799440854 ], [ 128.914894510106365, 37.153945806963428 ], [ 128.911897504821098, 37.149286578170241 ], [ 128.909158552075581, 37.147935662346647 ], [ 128.900572419204707, 37.147067002597282 ], [ 128.897559792089766, 37.150847073499868 ], [ 128.893166779887451, 37.152089349245479 ], [ 128.891876768478085, 37.160586577520448 ], [ 128.884847032339138, 37.168841679303696 ], [ 128.872016255692557, 37.167305958071736 ], [ 128.865209625815112, 37.169526161639119 ], [ 128.850391258995273, 37.166890057436142 ], [ 128.841550502914401, 37.167095886836179 ], [ 128.83348508552325, 37.175726352774355 ], [ 128.826416673647543, 37.17471357730394 ], [ 128.820336594148557, 37.176160189082893 ], [ 128.816429050018257, 37.183573032162741 ] ] ] ] } },
{ "type": "Feature", "properties": { "emd_cd": "51770256", "emd_nm": "사북읍" }, "geometry": { "type": "MultiPolygon", "coordinates": [ [ [ [ 128.762894128965826, 37.208435743758905 ], [ 128.771664328500918, 37.220560737669736 ], [ 128.779946844792818, 37.225166175484098 ], [ 128.789398965575657, 37.225865440648434 ], [ 128.789599962848513, 37.230149414738115 ], [ 128.792621839742139, 37.229994938539036 ], [ 128.793850785953367, 37.227372470513167 ], [ 128.798002718406082, 37.228910011992568 ], [ 128.806362138137814, 37.236479482737224 ], [ 128.803128008661986, 37.23924389217688 ], [ 128.802771491160883, 37.246638902192238 ], [ 128.807744046624947, 37.248943102022253 ], [ 128.808313465525032, 37.251602396332572 ], [ 128.813590111124512, 37.254398351193139 ], [ 128.815718857000974, 37.258911844103316 ], [ 128.813861089601716, 37.26435121879544 ], [ 128.814483314853476, 37.268962596310764 ], [ 128.812831501945993, 37.273220583673108 ], [ 128.809224663713849, 37.275370987985681 ], [ 128.809045947681426, 37.278211679819698 ], [ 128.811564371468933, 37.282350510806111 ], [ 128.816103227690661, 37.282760386724135 ], [ 128.819890992777175, 37.286328738487093 ], [ 128.82543507125186, 37.286879391440827 ], [ 128.830538858618922, 37.285244626431634 ], [ 128.837761997805416, 37.278414257490546 ], [ 128.842933047183863, 37.268394795942243 ], [ 128.844518454010711, 37.259757615646677 ], [ 128.851832186970739, 37.25324207208962 ], [ 128.861440960489517, 37.250478301190356 ], [ 128.865711722167987, 37.251414092303101 ], [ 128.874556553944501, 37.247439193635827 ], [ 128.876138956565768, 37.24844850092007 ], [ 128.881647545602306, 37.246238850340404 ], [ 128.882946578385173, 37.226478082571781 ], [ 128.870876459558616, 37.229082953286316 ], [ 128.864668305685711, 37.227562636639668 ], [ 128.861390117904449, 37.224665723835216 ], [ 128.857944832754811, 37.225404965759004 ], [ 128.854630763257518, 37.223854355653629 ], [ 128.848991154750877, 37.225955600557285 ], [ 128.845075329713239, 37.223024930739875 ], [ 128.833068211606331, 37.223914947321944 ], [ 128.830523235411277, 37.220378138463523 ], [ 128.83343975159849, 37.21876336631712 ], [ 128.824748562666144, 37.214806729359836 ], [ 128.82648841885009, 37.211401984871479 ], [ 128.82108976004065, 37.206480642278912 ], [ 128.822761414345564, 37.203128960331263 ], [ 128.817739021515024, 37.193139431977684 ], [ 128.816519929260551, 37.183167153364025 ], [ 128.811452097504031, 37.18665327444824 ], [ 128.809362524892293, 37.190588727481114 ], [ 128.80647569245545, 37.190011531371319 ], [ 128.795331714204508, 37.196543882500038 ], [ 128.785308015758233, 37.197864344972764 ], [ 128.783044824786828, 37.200600610232456 ], [ 128.779778073204938, 37.20016917658613 ], [ 128.76774747087282, 37.203362323455536 ], [ 128.762894128965826, 37.208435743758905 ] ] ] ] } },
{ "type": "Feature", "properties": { "emd_cd": "51770259", "emd_nm": "신동읍" }, "geometry": { "type": "MultiPolygon", "coordinates": [ [ [ [ 128.592740428911384, 37.304857712836103 ], [ 128.594909622999381, 37.305447074798927 ], [ 128.597010718577877, 37.302911793372537 ], [ 128.604239932137602, 37.300744709756486 ], [ 128.609225551053811, 37.296519810272123 ], [ 128.609687560699399, 37.300465107894958 ], [ 128.614176598328214, 37.301179267874915 ], [ 128.628970992985586, 37.291979064863632 ], [ 128.632834048572164, 37.287469249176425 ], [ 128.635874953169946, 37.286958788390244 ], [ 128.63766186004213, 37.289383254793556 ], [ 128.6415891235591, 37.289095795900899 ], [ 128.642158812933076, 37.285932235730485 ], [ 128.645960868764746, 37.28434290555434 ], [ 128.647420982560618, 37.281437195305024 ], [ 128.656372708334203, 37.277391107867849 ], [ 128.652881478242847, 37.272575273124687 ], [ 128.6552805308431, 37.270281487904349 ], [ 128.676644343793072, 37.273929364054517 ], [ 128.67725441891065, 37.268957671554105 ], [ 128.67616691806532, 37.267902527068401 ], [ 128.684454866312421, 37.2600304306319 ], [ 128.683382032251501, 37.256204272317518 ], [ 128.685310946399568, 37.253194211689937 ], [ 128.701931420356317, 37.253124392535277 ], [ 128.704885195776058, 37.254469440663293 ], [ 128.716961877457692, 37.250228056748902 ], [ 128.720319057630888, 37.246890640889774 ], [ 128.723564222034724, 37.246065547089025 ], [ 128.721449990100837, 37.243147787486926 ], [ 128.723645783146196, 37.236727416015007 ], [ 128.721313980535143, 37.231110666567929 ], [ 128.718490894237846, 37.228781898218067 ], [ 128.722775644235043, 37.224042477622859 ], [ 128.733268350319008, 37.217913117759579 ], [ 128.734382725044583, 37.214616755989631 ], [ 128.746746148619849, 37.210840011478076 ], [ 128.737972469407282, 37.204554684959021 ], [ 128.731890423986698, 37.197662268218224 ], [ 128.725283084396693, 37.198451787013383 ], [ 128.716028290254712, 37.195604889005807 ], [ 128.709678683556319, 37.190793426380374 ], [ 128.699178425439584, 37.190010933778368 ], [ 128.69439300212693, 37.184573179489412 ], [ 128.682508901098458, 37.184921373069301 ], [ 128.676762839668925, 37.187073125803479 ], [ 128.671678359451505, 37.18722099893273 ], [ 128.668171909474353, 37.185521189146421 ], [ 128.66638800501687, 37.186858234398123 ], [ 128.660304123341348, 37.186772608105159 ], [ 128.646469598324614, 37.181863057731142 ], [ 128.642043758997659, 37.182438113465828 ], [ 128.635523066181094, 37.187781510781598 ], [ 128.635736291101296, 37.191597190470034 ], [ 128.633162617992411, 37.196906135991739 ], [ 128.63121575804297, 37.197419436109755 ], [ 128.629081082217624, 37.195761821898159 ], [ 128.627208049602331, 37.199808079239375 ], [ 128.62278938786207, 37.200948962814223 ], [ 128.62226411962078, 37.204216534074931 ], [ 128.617535073675469, 37.205987349850702 ], [ 128.622523884065117, 37.213386498507056 ], [ 128.619264571549223, 37.218634157216336 ], [ 128.616115649123486, 37.216957476328112 ], [ 128.614749335461966, 37.21818467793473 ], [ 128.604369490495884, 37.218281594763255 ], [ 128.600225988708502, 37.212776538663412 ], [ 128.586205736950348, 37.221154888053228 ], [ 128.578844716050753, 37.220184853062442 ], [ 128.577349843146692, 37.222274327020791 ], [ 128.578026598634239, 37.226715571718735 ], [ 128.575653822822687, 37.235145491120171 ], [ 128.576740640232458, 37.245113148309642 ], [ 128.565877993414659, 37.253260183116218 ], [ 128.564923132504219, 37.26060720367542 ], [ 128.568255434121085, 37.2708802750968 ], [ 128.575786819653558, 37.268870804669142 ], [ 128.575913454835842, 37.267123255898539 ], [ 128.582025271492597, 37.266723152504539 ], [ 128.582153215945681, 37.270840395740379 ], [ 128.585084625204132, 37.275098503727044 ], [ 128.596094794751224, 37.280084919888466 ], [ 128.595144362057056, 37.284519686641431 ], [ 128.586366699166717, 37.293374124392351 ], [ 128.583029073050199, 37.293953614733248 ], [ 128.579574004881096, 37.298718867389681 ], [ 128.58460782896438, 37.306558119559732 ], [ 128.58875782950156, 37.306872985462171 ], [ 128.592740428911384, 37.304857712836103 ] ] ] ] } },
{ "type": "Feature", "properties": { "emd_cd": "51770320", "emd_nm": "남면" }, "geometry": { "type": "MultiPolygon", "coordinates": [ [ [ [ 128.667586573268011, 37.343232774633258 ], [ 128.680046735521813, 37.338600813321726 ], [ 128.688003139570128, 37.339502145182614 ], [ 128.691364351157375, 37.337202471545815 ], [ 128.697771972403757, 37.339641074713946 ], [ 128.706067704770192, 37.340198233331932 ], [ 128.709603501722938, 37.336757882742404 ], [ 128.715656053174087, 37.336301840675738 ], [ 128.727159760114205, 37.330305658885152 ], [ 128.734912176342931, 37.333651838799852 ], [ 128.741442239748437, 37.325353072493392 ], [ 128.743875167245193, 37.315338595079602 ], [ 128.747762965267469, 37.315159203409273 ], [ 128.751334210928462, 37.311421801064725 ], [ 128.759180549646459, 37.309088899338612 ], [ 128.76149002042871, 37.304412436728057 ], [ 128.770790380286911, 37.305584950335799 ], [ 128.774728897185128, 37.30335270708261 ], [ 128.777515180850259, 37.301438553169653 ], [ 128.777960437417249, 37.294035723074039 ], [ 128.779952124118836, 37.291209018753001 ], [ 128.786988393036836, 37.289869921303101 ], [ 128.79985277674885, 37.292075867447586 ], [ 128.80989535039194, 37.286595867985241 ], [ 128.811669628006484, 37.282043499947946 ], [ 128.80886843607928, 37.275994797408757 ], [ 128.812831501945993, 37.273220583673108 ], [ 128.815718857000974, 37.258911844103316 ], [ 128.813590111124512, 37.254398351193139 ], [ 128.808313465525032, 37.251602396332572 ], [ 128.807744046624947, 37.248943102022253 ], [ 128.802771491160883, 37.246638902192238 ], [ 128.803128008661986, 37.23924389217688 ], [ 128.806362138137814, 37.236479482737224 ], [ 128.798002718406082, 37.228910011992568 ], [ 128.793850785953367, 37.227372470513167 ], [ 128.792621839742139, 37.229994938539036 ], [ 128.789599962848513, 37.230149414738115 ], [ 128.789398965575657, 37.225865440648434 ], [ 128.779946844792818, 37.225166175484098 ], [ 128.771664328500918, 37.220560737669736 ], [ 128.76502697651361, 37.213083233296224 ], [ 128.762894128965826, 37.208435743758905 ], [ 128.763549899155379, 37.206351050774401 ], [ 128.754312649293638, 37.211575055563671 ], [ 128.748755006635264, 37.211949180715045 ], [ 128.746028621611714, 37.210586444884314 ], [ 128.734804823345826, 37.214392104531704 ], [ 128.733268350319008, 37.217913117759579 ], [ 128.722775644235043, 37.224042477622859 ], [ 128.718490894237846, 37.228781898218067 ], [ 128.721313980535143, 37.231110666567929 ], [ 128.723645783146196, 37.236727416015007 ], [ 128.721449990100837, 37.243147787486926 ], [ 128.723564222034724, 37.246065547089025 ], [ 128.720319057630888, 37.246890640889774 ], [ 128.716961877457692, 37.250228056748902 ], [ 128.704885195776058, 37.254469440663293 ], [ 128.701931420356317, 37.253124392535277 ], [ 128.685310946399568, 37.253194211689937 ], [ 128.683382032251501, 37.256204272317518 ], [ 128.684454866312421, 37.2600304306319 ], [ 128.67616691806532, 37.267902527068401 ], [ 128.67725441891065, 37.268957671554105 ], [ 128.676644343793072, 37.273929364054517 ], [ 128.6552805308431, 37.270281487904349 ], [ 128.652881478242847, 37.272575273124687 ], [ 128.656787259635536, 37.277720299373712 ], [ 128.657394676566099, 37.282875780297211 ], [ 128.660791477627185, 37.284797380744536 ], [ 128.657945520490387, 37.29026794441252 ], [ 128.658496568221722, 37.295186068238017 ], [ 128.655409395380588, 37.297996852323948 ], [ 128.655256794851311, 37.303452116368604 ], [ 128.647602977774199, 37.309795197771003 ], [ 128.643583743536141, 37.315776106103279 ], [ 128.644080650872155, 37.317483208347561 ], [ 128.639125691200604, 37.329267271130739 ], [ 128.637981421952333, 37.339001022266935 ], [ 128.640657271938267, 37.337290212563637 ], [ 128.643801050064894, 37.340558449237463 ], [ 128.651486300990001, 37.340068683146953 ], [ 128.65261099574235, 37.33878407861642 ], [ 128.667586573268011, 37.343232774633258 ] ] ] ] } },
{ "type": "Feature", "properties": { "emd_cd": "51770340", "emd_nm": "북평면" }, "geometry": { "type": "MultiPolygon", "coordinates": [ [ [ [ 128.556590621257669, 37.485730388485052 ], [ 128.556590483928119, 37.489027098955987 ], [ 128.565538482598697, 37.502435233210036 ], [ 128.565503421045435, 37.500354730358168 ], [ 128.570049616582082, 37.497704392692903 ], [ 128.572113659533869, 37.490233881051438 ], [ 128.57534246721309, 37.489188723386 ], [ 128.58067888473613, 37.49024900524865 ], [ 128.584458543486846, 37.487295278358786 ], [ 128.583347990424329, 37.49085766180373 ], [ 128.575331822369236, 37.493751130571169 ], [ 128.577334018656046, 37.498826713287123 ], [ 128.577170733459639, 37.511127725107443 ], [ 128.581168057877363, 37.528044808016517 ], [ 128.583401811688503, 37.530455538715159 ], [ 128.583177418791593, 37.535799594724764 ], [ 128.587631205224312, 37.537829301257247 ], [ 128.589389953975626, 37.540487823653287 ], [ 128.587014013751514, 37.548033721353875 ], [ 128.588434594620566, 37.549631651379691 ], [ 128.588041520407614, 37.556381907407705 ], [ 128.589603873601931, 37.56028465739265 ], [ 128.600907012207415, 37.569591545961885 ], [ 128.61546523847764, 37.575505384361335 ], [ 128.625165932344544, 37.573166059790786 ], [ 128.62451535247979, 37.567640044690698 ], [ 128.62637700973346, 37.563531079989666 ], [ 128.626882997279097, 37.555063460399168 ], [ 128.631740485722105, 37.550247502572219 ], [ 128.631610854282286, 37.544616628774257 ], [ 128.634622342009919, 37.539705051567765 ], [ 128.633591142723418, 37.534719446747637 ], [ 128.631186144404012, 37.532907806642932 ], [ 128.632193033903974, 37.530402883594597 ], [ 128.634705697942366, 37.527740999257091 ], [ 128.640818482141839, 37.526266740246861 ], [ 128.641234870717938, 37.522985259323747 ], [ 128.648060877145696, 37.514277072022786 ], [ 128.653921444811914, 37.512384547131091 ], [ 128.658188174422833, 37.513800196351553 ], [ 128.668480583574905, 37.512229174643451 ], [ 128.676826415324257, 37.508380000310417 ], [ 128.67972820661609, 37.503625227854499 ], [ 128.681227679933869, 37.496162074805596 ], [ 128.68597671837324, 37.494713077417686 ], [ 128.6900075421444, 37.489442966595611 ], [ 128.689698490174607, 37.482508907617131 ], [ 128.703205452955956, 37.47661619576462 ], [ 128.706715674979193, 37.476690841501451 ], [ 128.709572342590633, 37.469882721008446 ], [ 128.708893411105919, 37.465423833018072 ], [ 128.697265709407077, 37.459966518093374 ], [ 128.702399934943429, 37.451102158054582 ], [ 128.70298072062775, 37.447236444909045 ], [ 128.696571351296285, 37.441297265140001 ], [ 128.69689323346114, 37.438891023335756 ], [ 128.700987819840918, 37.434927843181164 ], [ 128.709302962832112, 37.432940545302372 ], [ 128.710895804693621, 37.427731938527238 ], [ 128.717634886141809, 37.425764762818233 ], [ 128.728308197277983, 37.412935023838116 ], [ 128.717378852669754, 37.40588310302855 ], [ 128.708897878783887, 37.407300639282106 ], [ 128.707045545708695, 37.408141621003352 ], [ 128.706308742552636, 37.411304050418508 ], [ 128.697091794346022, 37.414412569588769 ], [ 128.689150673627836, 37.413530103909544 ], [ 128.682937040666928, 37.409258048116477 ], [ 128.679448729043798, 37.408788100744388 ], [ 128.669898962381268, 37.41776982654455 ], [ 128.665039355279049, 37.420412915735866 ], [ 128.658403535678161, 37.42138725822057 ], [ 128.659706578995213, 37.412656625345292 ], [ 128.656665108059883, 37.407875040987051 ], [ 128.65256594138657, 37.407241516344655 ], [ 128.646401545659103, 37.40944240243735 ], [ 128.639087184786547, 37.406208724357846 ], [ 128.634856402134517, 37.411495422125483 ], [ 128.634720655425241, 37.42007982777789 ], [ 128.63112719302859, 37.42606372220493 ], [ 128.625650220594764, 37.431047042130665 ], [ 128.619345104805404, 37.434070041415055 ], [ 128.615160590676084, 37.432721366758905 ], [ 128.59905253883494, 37.435968909125158 ], [ 128.598153688647614, 37.439415795418732 ], [ 128.599373721637079, 37.441967636697413 ], [ 128.594855925125984, 37.446612811210017 ], [ 128.57225385546792, 37.454309889360871 ], [ 128.568747162790231, 37.458994487969541 ], [ 128.563432155046883, 37.461365687366538 ], [ 128.561282359439161, 37.46617853361461 ], [ 128.560462370063874, 37.477433268515611 ], [ 128.556590621257669, 37.485730388485052 ] ] ] ] } },
{ "type": "Feature", "properties": { "emd_cd": "51770350", "emd_nm": "임계면" }, "geometry": { "type": "MultiPolygon", "coordinates": [ [ [ [ 128.890283593634337, 37.588602049168657 ], [ 128.897835885673999, 37.586732027380563 ], [ 128.900971515956087, 37.571952093600935 ], [ 128.90396494918906, 37.57150509315764 ], [ 128.905664083813974, 37.567040131565449 ], [ 128.904174955585802, 37.563552238262005 ], [ 128.905832163804178, 37.552478250991442 ], [ 128.912971463329171, 37.552684102050769 ], [ 128.9163041501576, 37.547839571130822 ], [ 128.924654433911456, 37.547180568119039 ], [ 128.927879265132958, 37.542984485175843 ], [ 128.93132264619635, 37.54222228813849 ], [ 128.931889583995115, 37.539328147428755 ], [ 128.937205497138478, 37.537696697014347 ], [ 128.941700782928137, 37.538451884831453 ], [ 128.945608129641386, 37.54113124527246 ], [ 128.949211305204841, 37.539577872107635 ], [ 128.95523274652129, 37.541400986896797 ], [ 128.959689818137548, 37.546023751681986 ], [ 128.959553104654958, 37.548438065 ], [ 128.961230722935483, 37.548745977730974 ], [ 128.962805847977506, 37.543176109995265 ], [ 128.968342522652364, 37.539640460359998 ], [ 128.973380027899822, 37.5336698366688 ], [ 128.968696671113321, 37.530208204832881 ], [ 128.967262630047372, 37.525942152939784 ], [ 128.967757820168458, 37.520580901226936 ], [ 128.960961993434722, 37.512605841132583 ], [ 128.961852619736675, 37.509563266833325 ], [ 128.965272697923268, 37.505433216353424 ], [ 128.972527041809428, 37.505732287939189 ], [ 128.974401714629778, 37.503408922093023 ], [ 128.969995986614663, 37.494655022209407 ], [ 128.97094985432048, 37.492607551047946 ], [ 128.972488551220749, 37.4915745814479 ], [ 128.979701826747998, 37.494280730490992 ], [ 128.986833603961173, 37.493112468921439 ], [ 128.989730784646127, 37.484345204182446 ], [ 128.985823252813987, 37.48277036561889 ], [ 128.988226613526933, 37.479350274962442 ], [ 128.984906730155132, 37.470418352183053 ], [ 128.977383399088325, 37.468627101911402 ], [ 128.973712556284426, 37.46340862165026 ], [ 128.965242319006791, 37.460513503135751 ], [ 128.96425616139706, 37.454885954314804 ], [ 128.957633732083281, 37.446753930281126 ], [ 128.95518588819516, 37.449371846281004 ], [ 128.943874301442548, 37.449258884907756 ], [ 128.937201638405014, 37.451074728553998 ], [ 128.934373827638069, 37.447614225409346 ], [ 128.927593587007181, 37.448622929378153 ], [ 128.922571582205308, 37.446261078529339 ], [ 128.918730921642918, 37.441254622173936 ], [ 128.910475462976336, 37.436195073600068 ], [ 128.904001558756022, 37.438084290262459 ], [ 128.90233411849195, 37.436936270117428 ], [ 128.897962551227408, 37.430330474368027 ], [ 128.897880585442522, 37.41514610540127 ], [ 128.895421944207214, 37.409562656251616 ], [ 128.88991092950576, 37.405022584452809 ], [ 128.884735710292659, 37.406220322361904 ], [ 128.870713717480129, 37.40031782342313 ], [ 128.870646851954433, 37.395456181049397 ], [ 128.867900589350086, 37.394378180951563 ], [ 128.869050519120179, 37.391439452608296 ], [ 128.865326878242655, 37.390236511771889 ], [ 128.861347147252104, 37.382039830465132 ], [ 128.858061841427769, 37.380968816747817 ], [ 128.858400559585988, 37.377189513377253 ], [ 128.853585589747098, 37.368522659211592 ], [ 128.85444496922625, 37.366714277344244 ], [ 128.851574341351835, 37.365443966342248 ], [ 128.852174026551552, 37.359463358872887 ], [ 128.848950134221298, 37.356088473069555 ], [ 128.849450467131021, 37.351392112089918 ], [ 128.845940815589131, 37.340380182723976 ], [ 128.844099389167184, 37.340311233544263 ], [ 128.841397510885344, 37.341802828527349 ], [ 128.841478887750554, 37.344674687059253 ], [ 128.834730274212546, 37.352981183622113 ], [ 128.825341763579644, 37.360848962071138 ], [ 128.816809560083811, 37.363410358035672 ], [ 128.819899575357425, 37.365620116658398 ], [ 128.819949148123271, 37.369895715345898 ], [ 128.823159518376627, 37.373249963324859 ], [ 128.825074487046237, 37.378989757487723 ], [ 128.822194921251281, 37.384373820744223 ], [ 128.826766249158595, 37.388083415493298 ], [ 128.825884038466626, 37.394651193311262 ], [ 128.828235686819113, 37.398962817331856 ], [ 128.817922456365665, 37.397412134255674 ], [ 128.811659436619465, 37.403822461119418 ], [ 128.800245466085215, 37.405998558471993 ], [ 128.794676448024944, 37.402201504875343 ], [ 128.787883939102215, 37.4019289722903 ], [ 128.784568002418922, 37.404506363538168 ], [ 128.781261503151683, 37.413416347383524 ], [ 128.774690991710514, 37.414948347369865 ], [ 128.769914362399447, 37.419505208838196 ], [ 128.775215535506049, 37.429923419657818 ], [ 128.788391074794106, 37.436381384968058 ], [ 128.785068577438125, 37.441034870727677 ], [ 128.787479372171163, 37.445656540863766 ], [ 128.785524295439075, 37.446581579252467 ], [ 128.786922892936587, 37.455958807911252 ], [ 128.784755985924818, 37.458758643941657 ], [ 128.785357410141842, 37.461421320172626 ], [ 128.783216906463934, 37.462677403167902 ], [ 128.78182466044052, 37.466437727951437 ], [ 128.775374769106833, 37.469953914244414 ], [ 128.771781089649778, 37.476218188729064 ], [ 128.772236776906084, 37.478925176412702 ], [ 128.768911855512499, 37.482616492110658 ], [ 128.766733073723174, 37.482971420599711 ], [ 128.784000565768565, 37.487356787468549 ], [ 128.788119689899702, 37.492225614414338 ], [ 128.787554230938781, 37.495989838521737 ], [ 128.795187858025002, 37.500367005586007 ], [ 128.795529441976953, 37.50546409423351 ], [ 128.801006671241879, 37.504975807156335 ], [ 128.804224127287227, 37.506520334993823 ], [ 128.81389682962299, 37.503148289105617 ], [ 128.830311327167777, 37.510008905883744 ], [ 128.833455668631672, 37.512980097226475 ], [ 128.840188910888401, 37.511950942439256 ], [ 128.849237727548626, 37.515604638409101 ], [ 128.84996830064452, 37.519920916210154 ], [ 128.848534760832962, 37.521609443826208 ], [ 128.854651224315148, 37.525069046307621 ], [ 128.853613112176816, 37.530080370685347 ], [ 128.855704462857176, 37.537246284709092 ], [ 128.859582806259681, 37.540860116527867 ], [ 128.859139470445569, 37.547721240499321 ], [ 128.860899539326596, 37.54894391360353 ], [ 128.862062257486144, 37.553641662748291 ], [ 128.859206285694626, 37.555920184443401 ], [ 128.858861678410335, 37.561129868237543 ], [ 128.862598206603849, 37.564602519415303 ], [ 128.861993340324346, 37.570403360880519 ], [ 128.863831698181173, 37.575198332036479 ], [ 128.869387281264494, 37.580043107034292 ], [ 128.87350106551753, 37.589613344165208 ], [ 128.877685170461262, 37.588426417048758 ], [ 128.882486522177402, 37.592359020960096 ], [ 128.885664486795946, 37.592792430325375 ], [ 128.888778004135219, 37.592174982103387 ], [ 128.890283593634337, 37.588602049168657 ] ] ] ] } },
{ "type": "Feature", "properties": { "emd_cd": "51770360", "emd_nm": "화암면" }, "geometry": { "type": "MultiPolygon", "coordinates": [ [ [ [ 128.772927958906081, 37.416736503205108 ], [ 128.774690991710514, 37.414948347369865 ], [ 128.781261503151683, 37.413416347383524 ], [ 128.784568002418922, 37.404506363538168 ], [ 128.787883939102215, 37.4019289722903 ], [ 128.794676448024944, 37.402201504875343 ], [ 128.800245466085215, 37.405998558471993 ], [ 128.811659436619465, 37.403822461119418 ], [ 128.817922456365665, 37.397412134255674 ], [ 128.828235686819113, 37.398962817331856 ], [ 128.825884038466626, 37.394651193311262 ], [ 128.826766249158595, 37.388083415493298 ], [ 128.822194921251281, 37.384373820744223 ], [ 128.825074487046237, 37.378989757487723 ], [ 128.823159518376627, 37.373249963324859 ], [ 128.819949148123271, 37.369895715345898 ], [ 128.819899575357425, 37.365620116658398 ], [ 128.816809560083811, 37.363410358035672 ], [ 128.825341763579644, 37.360848962071138 ], [ 128.834730274212546, 37.352981183622113 ], [ 128.841478887750554, 37.344674687059253 ], [ 128.841397510885344, 37.341802828527349 ], [ 128.844099389167184, 37.340311233544263 ], [ 128.851774857929797, 37.34149951865102 ], [ 128.863436922000091, 37.338434555284699 ], [ 128.866872220202112, 37.339000645097251 ], [ 128.870029364090158, 37.329319274103653 ], [ 128.878310241058301, 37.323967822628582 ], [ 128.870116868132754, 37.319014320089053 ], [ 128.86697106620889, 37.314875341823836 ], [ 128.867494849421234, 37.312439936263601 ], [ 128.859725938704571, 37.307161924045651 ], [ 128.858747254555965, 37.300158635487414 ], [ 128.865783683523574, 37.293217998638625 ], [ 128.872227805954964, 37.290347824504799 ], [ 128.871639002376071, 37.284506810584901 ], [ 128.873128168582696, 37.281813609838707 ], [ 128.877090918322494, 37.278760727332973 ], [ 128.888770873943997, 37.276011372677758 ], [ 128.887583308896524, 37.27303067960289 ], [ 128.882030352076129, 37.271844806117457 ], [ 128.879943319773872, 37.264784093866929 ], [ 128.88349580711332, 37.261963555055374 ], [ 128.886811094894711, 37.261762187935439 ], [ 128.897931309068724, 37.248688637319091 ], [ 128.900761772661411, 37.24293744593642 ], [ 128.898627741511746, 37.235988932768606 ], [ 128.90436509105092, 37.227826712230254 ], [ 128.903498619750451, 37.224900326649866 ], [ 128.905983935405402, 37.217712600816355 ], [ 128.895674982772107, 37.215438527208867 ], [ 128.892724546374751, 37.218454959579937 ], [ 128.884194179128826, 37.221490249686568 ], [ 128.881647545602306, 37.246238850340404 ], [ 128.876138956565768, 37.24844850092007 ], [ 128.874556553944501, 37.247439193635827 ], [ 128.865711722167987, 37.251414092303101 ], [ 128.861440960489517, 37.250478301190356 ], [ 128.851832186970739, 37.25324207208962 ], [ 128.844518454010711, 37.259757615646677 ], [ 128.840462090115864, 37.273668851086533 ], [ 128.831031041272098, 37.284988839657871 ], [ 128.82543507125186, 37.286879391440827 ], [ 128.819890992777175, 37.286328738487093 ], [ 128.816103227690661, 37.282760386724135 ], [ 128.811564371468933, 37.282350510806111 ], [ 128.80989535039194, 37.286595867985241 ], [ 128.79985277674885, 37.292075867447586 ], [ 128.786988393036836, 37.289869921303101 ], [ 128.779952124118836, 37.291209018753001 ], [ 128.777960437417249, 37.294035723074039 ], [ 128.777515180850259, 37.301438553169653 ], [ 128.774728897185128, 37.30335270708261 ], [ 128.770790380286911, 37.305584950335799 ], [ 128.76149002042871, 37.304412436728057 ], [ 128.759180549646459, 37.309088899338612 ], [ 128.751334210928462, 37.311421801064725 ], [ 128.747762965267469, 37.315159203409273 ], [ 128.743875167245193, 37.315338595079602 ], [ 128.741442239748437, 37.325353072493392 ], [ 128.734912176342931, 37.333651838799852 ], [ 128.727159760114205, 37.330305658885152 ], [ 128.715656053174087, 37.336301840675738 ], [ 128.717451363996759, 37.339787630118565 ], [ 128.716494110447911, 37.344174308335042 ], [ 128.718236889889141, 37.350419084697641 ], [ 128.721251579522743, 37.351876807201094 ], [ 128.721311737993375, 37.356932630274912 ], [ 128.724227876364864, 37.360189132649751 ], [ 128.7294109042125, 37.361991951038149 ], [ 128.743620722705572, 37.360428225011901 ], [ 128.75373226717565, 37.363191708755203 ], [ 128.755641297678949, 37.372411561503107 ], [ 128.754593782800555, 37.374213845542712 ], [ 128.758227214745432, 37.378303456673301 ], [ 128.757775785044402, 37.387436651174895 ], [ 128.751924619728953, 37.392609386951101 ], [ 128.745361262948876, 37.39429391582923 ], [ 128.747164408830514, 37.397328446735656 ], [ 128.74667750697563, 37.400099661321519 ], [ 128.747938554534812, 37.402549323528994 ], [ 128.751884131011479, 37.403803395259295 ], [ 128.753494726020136, 37.406090849586271 ], [ 128.761861189370563, 37.409070079499159 ], [ 128.763392013549577, 37.411732065467547 ], [ 128.772927958906081, 37.416736503205108 ] ] ] ] } },
{ "type": "Feature", "properties": { "emd_cd": "51770370", "emd_nm": "여량면" }, "geometry": { "type": "MultiPolygon", "coordinates": [ [ [ [ 128.631186144404012, 37.532907806642932 ], [ 128.633591142723418, 37.534719446747637 ], [ 128.634622342009919, 37.539705051567765 ], [ 128.641902323755716, 37.541493913972417 ], [ 128.641601264628605, 37.545186841100467 ], [ 128.645107769560354, 37.55312936383519 ], [ 128.650048006555039, 37.555297404241955 ], [ 128.668194362996559, 37.557515970012723 ], [ 128.673867984049622, 37.555917840351121 ], [ 128.672988925285921, 37.559612128376557 ], [ 128.667868630909112, 37.5613518464137 ], [ 128.667315094403563, 37.56873307317975 ], [ 128.676482306171721, 37.570606965894228 ], [ 128.678933376118891, 37.569861041775781 ], [ 128.678843717773219, 37.567073743072328 ], [ 128.6835957809798, 37.563331740469557 ], [ 128.683532665334383, 37.557146072159242 ], [ 128.68893234839669, 37.552608494127952 ], [ 128.694003254417737, 37.54122216434267 ], [ 128.707030477025114, 37.532144352365478 ], [ 128.717153906393861, 37.530998790977073 ], [ 128.720821424140667, 37.52916263013406 ], [ 128.722847995165665, 37.534871680303304 ], [ 128.737641379423621, 37.54752383672367 ], [ 128.743067080140634, 37.545833893552334 ], [ 128.74867969428152, 37.546864802702096 ], [ 128.762010842488536, 37.541530573436347 ], [ 128.767026045907073, 37.543632964827388 ], [ 128.780004470518207, 37.543775917805526 ], [ 128.791993294757731, 37.538189116161277 ], [ 128.792027978173707, 37.532719072114695 ], [ 128.793630126523823, 37.529763203821972 ], [ 128.795971447902701, 37.529622836533392 ], [ 128.797845170006525, 37.527198130006653 ], [ 128.79765879001539, 37.51842488796359 ], [ 128.808097913615143, 37.51313711945582 ], [ 128.814410661476501, 37.506024691799141 ], [ 128.813601776848458, 37.503239911111351 ], [ 128.804224127287227, 37.506520334993823 ], [ 128.801006671241879, 37.504975807156335 ], [ 128.795529441976953, 37.50546409423351 ], [ 128.795187858025002, 37.500367005586007 ], [ 128.787554230938781, 37.495989838521737 ], [ 128.788119689899702, 37.492225614414338 ], [ 128.784000565768565, 37.487356787468549 ], [ 128.766733073723174, 37.482971420599711 ], [ 128.768911855512499, 37.482616492110658 ], [ 128.772236776906084, 37.478925176412702 ], [ 128.771781089649778, 37.476218188729064 ], [ 128.775374769106833, 37.469953914244414 ], [ 128.78182466044052, 37.466437727951437 ], [ 128.783216906463934, 37.462677403167902 ], [ 128.785357410141842, 37.461421320172626 ], [ 128.784755985924818, 37.458758643941657 ], [ 128.786922892936587, 37.455958807911252 ], [ 128.785524295439075, 37.446581579252467 ], [ 128.787479372171163, 37.445656540863766 ], [ 128.785068577438125, 37.441034870727677 ], [ 128.788391074794106, 37.436381384968058 ], [ 128.775215535506049, 37.429923419657818 ], [ 128.769914362399447, 37.419505208838196 ], [ 128.771301274762521, 37.416977061229446 ], [ 128.769705115805408, 37.415186544941733 ], [ 128.763392013549577, 37.411732065467547 ], [ 128.761861189370563, 37.409070079499159 ], [ 128.747938554534812, 37.402549323528994 ], [ 128.745287058939567, 37.405549049823605 ], [ 128.730314079516262, 37.408822204063625 ], [ 128.728225358680987, 37.413608526654762 ], [ 128.724102794905718, 37.416680207749152 ], [ 128.717634886141809, 37.425764762818233 ], [ 128.712482636148195, 37.426462632972708 ], [ 128.710547047576085, 37.428134894180211 ], [ 128.709302962832112, 37.432940545302372 ], [ 128.700987819840918, 37.434927843181164 ], [ 128.69689323346114, 37.438891023335756 ], [ 128.696571351296285, 37.441297265140001 ], [ 128.70298072062775, 37.447236444909045 ], [ 128.702399934943429, 37.451102158054582 ], [ 128.697265709407077, 37.459966518093374 ], [ 128.708893411105919, 37.465423833018072 ], [ 128.709572342590633, 37.469882721008446 ], [ 128.706715674979193, 37.476690841501451 ], [ 128.703205452955956, 37.47661619576462 ], [ 128.689698490174607, 37.482508907617131 ], [ 128.6900075421444, 37.489442966595611 ], [ 128.68597671837324, 37.494713077417686 ], [ 128.681227679933869, 37.496162074805596 ], [ 128.67972820661609, 37.503625227854499 ], [ 128.676826415324257, 37.508380000310417 ], [ 128.668480583574905, 37.512229174643451 ], [ 128.658188174422833, 37.513800196351553 ], [ 128.653921444811914, 37.512384547131091 ], [ 128.648060877145696, 37.514277072022786 ], [ 128.641234870717938, 37.522985259323747 ], [ 128.640818482141839, 37.526266740246861 ], [ 128.634705697942366, 37.527740999257091 ], [ 128.631186144404012, 37.532907806642932 ] ] ] ] } },
{ "type": "Feature", "properties": { "emd_cd": "51780250", "emd_nm": "철원읍" }, "geometry": { "type": "MultiPolygon", "coordinates": [ [ [ [ 127.095127049247992, 38.281385479267108 ], [ 127.096585467930595, 38.285774391841343 ], [ 127.100556993115291, 38.285951003747158 ], [ 127.104484827047344, 38.288326776577229 ], [ 127.103706285750832, 38.289001754347545 ], [ 127.111065221838999, 38.295661275339199 ], [ 127.119871009142315, 38.298889092288249 ], [ 127.127469162599425, 38.298981657382477 ], [ 127.126332177560599, 38.301348857952398 ], [ 127.128786584857451, 38.300900486768597 ], [ 127.129164075523647, 38.303323582408737 ], [ 127.128896064286181, 38.30336271035064 ], [ 127.128882338260425, 38.303410985089229 ], [ 127.128776031232888, 38.303347534737036 ], [ 127.128409516387151, 38.303333463621115 ], [ 127.128205828963502, 38.303125743889964 ], [ 127.12771095996176, 38.303169014625034 ], [ 127.129482185897999, 38.303832626296227 ], [ 127.128823419776126, 38.305513815496276 ], [ 127.130774116447398, 38.307806821088334 ], [ 127.131954758558166, 38.314151724466626 ], [ 127.139003949257443, 38.314951353157767 ], [ 127.13828297690236, 38.316518677706107 ], [ 127.147491432096913, 38.310621469502216 ], [ 127.152316083368746, 38.304443231111421 ], [ 127.155764225164035, 38.303748508215172 ], [ 127.157629980350123, 38.305643686488644 ], [ 127.161792371278224, 38.305586481489115 ], [ 127.16171691502845, 38.308472028279589 ], [ 127.162512493863062, 38.306173063415024 ], [ 127.165819360572144, 38.30623554936291 ], [ 127.166429562725412, 38.308586153001436 ], [ 127.169843486916449, 38.308380482211845 ], [ 127.168349399230877, 38.309936784444247 ], [ 127.170535975121226, 38.308582282246228 ], [ 127.176017257660448, 38.31013765105579 ], [ 127.175494239926593, 38.311515060450205 ], [ 127.176956491592875, 38.309878492622744 ], [ 127.17744161662155, 38.311645251515124 ], [ 127.178201171289246, 38.31054183834285 ], [ 127.180911466472153, 38.312221825801736 ], [ 127.185930212462523, 38.312130236359209 ], [ 127.188626233034654, 38.314490342878301 ], [ 127.189116238179039, 38.313266734555185 ], [ 127.19901580159781, 38.316142006840707 ], [ 127.195174937802662, 38.319398772058555 ], [ 127.196466499597378, 38.318554885840825 ], [ 127.196175926297684, 38.319700231540573 ], [ 127.199200978587839, 38.315929900028934 ], [ 127.200339714639384, 38.317598371745063 ], [ 127.200809546766962, 38.316835140002958 ], [ 127.207152923846564, 38.318286676283932 ], [ 127.20559086133639, 38.319171681124729 ], [ 127.206746552836236, 38.319990160388087 ], [ 127.208825189536256, 38.319056302232156 ], [ 127.209618714532539, 38.320596350577638 ], [ 127.211221194746457, 38.319048998824002 ], [ 127.210506130270673, 38.319816150332109 ], [ 127.211112199222256, 38.320932644425582 ], [ 127.211998130290922, 38.319508493064077 ], [ 127.21564493854342, 38.319456984995256 ], [ 127.215768499820129, 38.3230886374566 ], [ 127.217369989929836, 38.319883025572302 ], [ 127.216547451843937, 38.321856352919085 ], [ 127.219169589793765, 38.326400470195971 ], [ 127.222656284622133, 38.325379722850393 ], [ 127.223716286514346, 38.32804604184588 ], [ 127.228533406452087, 38.330265424783711 ], [ 127.234871181194208, 38.331601327557578 ], [ 127.234827810910758, 38.330120214186913 ], [ 127.23847219213043, 38.331708581982376 ], [ 127.237012582546924, 38.324080860894256 ], [ 127.234880193934686, 38.321862891880663 ], [ 127.231491373361521, 38.311913472014929 ], [ 127.23238989695713, 38.311188253057374 ], [ 127.227767815350489, 38.305940784043784 ], [ 127.220847667837035, 38.287899628030999 ], [ 127.217478913740877, 38.285983893535892 ], [ 127.219126313330264, 38.28362495963875 ], [ 127.217404453833979, 38.279543483682041 ], [ 127.220626714705205, 38.275710863938798 ], [ 127.219885385323877, 38.272833373388089 ], [ 127.21431359214786, 38.269599140010222 ], [ 127.214476575730743, 38.266568927414916 ], [ 127.210181983682133, 38.259913113600085 ], [ 127.214367072517064, 38.256302698496512 ], [ 127.216575754704166, 38.251130074409744 ], [ 127.214524551809262, 38.244623527727413 ], [ 127.212601062104582, 38.244094760905654 ], [ 127.214557513897262, 38.240209601369187 ], [ 127.217190969521184, 38.238684957449941 ], [ 127.218337790717257, 38.235845133604293 ], [ 127.217465008248126, 38.233178729234844 ], [ 127.219072356524549, 38.231367407353844 ], [ 127.216241122481193, 38.231147840204464 ], [ 127.213552821540816, 38.227136671515012 ], [ 127.215587326529814, 38.226664528119301 ], [ 127.215698653957645, 38.221838235625121 ], [ 127.220229850112517, 38.216696550543752 ], [ 127.219621410449037, 38.213824267302719 ], [ 127.222266169228902, 38.212391337299955 ], [ 127.208658087771738, 38.20788579262819 ], [ 127.20483320727466, 38.208622638692312 ], [ 127.2023912071528, 38.211780427121006 ], [ 127.201027457206763, 38.210624012284541 ], [ 127.195747704122681, 38.211410790343891 ], [ 127.191593990267904, 38.208035293182384 ], [ 127.192514689310485, 38.203905755677454 ], [ 127.191341362624286, 38.198148199330348 ], [ 127.192820212316889, 38.193814589162592 ], [ 127.190025996108758, 38.19022677800902 ], [ 127.190569978082536, 38.188985934772553 ], [ 127.183248959523752, 38.186009486157857 ], [ 127.180545641462103, 38.186138141418482 ], [ 127.16975780667633, 38.197611111485877 ], [ 127.175151877378624, 38.20556785402183 ], [ 127.171174563739669, 38.213516927525468 ], [ 127.160711300808359, 38.218177267753433 ], [ 127.161849117751672, 38.223639012454015 ], [ 127.160081442064936, 38.226064265432647 ], [ 127.162945368131545, 38.232436424836756 ], [ 127.161537635396655, 38.234753499979675 ], [ 127.163322957561462, 38.238339356462475 ], [ 127.157781709424611, 38.238917329987558 ], [ 127.148710173731814, 38.242629236767769 ], [ 127.143009991555658, 38.236670798281693 ], [ 127.14004933439206, 38.237722742534629 ], [ 127.134973902963623, 38.236498121678402 ], [ 127.134492543329202, 38.233685970196738 ], [ 127.131112816483252, 38.232855331664609 ], [ 127.126732483147734, 38.234085829468384 ], [ 127.123141261324278, 38.232950705599222 ], [ 127.116801571768576, 38.236991282984256 ], [ 127.113589643859484, 38.236828846401416 ], [ 127.109900640606853, 38.241797669391119 ], [ 127.109625940317272, 38.244772848140528 ], [ 127.111565819254082, 38.247387679414473 ], [ 127.108069325708655, 38.258298644001208 ], [ 127.10933324670755, 38.265759612467591 ], [ 127.10809332849422, 38.26841237734056 ], [ 127.110545835544798, 38.269362012509987 ], [ 127.110729462162169, 38.270975263148351 ], [ 127.101404750057341, 38.273678765796191 ], [ 127.101016983516828, 38.275598552982864 ], [ 127.104515348909004, 38.279113411850979 ], [ 127.103640723389248, 38.280589454229627 ], [ 127.095127049247992, 38.281385479267108 ] ] ], [ [ [ 127.203777706959016, 38.317892485004542 ], [ 127.203642799658823, 38.317752307707075 ], [ 127.20363261846002, 38.317878465253848 ], [ 127.203777706959016, 38.317892485004542 ] ] ], [ [ [ 127.213296938803566, 38.320978854216264 ], [ 127.213650451424655, 38.321690732135075 ], [ 127.213433156416556, 38.320582495356042 ], [ 127.213296938803566, 38.320978854216264 ] ] ], [ [ [ 127.235383215035768, 38.330919413142119 ], [ 127.235935436648035, 38.331493713814417 ], [ 127.236243426122471, 38.331187108816565 ], [ 127.235383215035768, 38.330919413142119 ] ] ], [ [ [ 127.238104940723105, 38.331965043866745 ], [ 127.237885036007043, 38.331797466172006 ], [ 127.237893967860586, 38.332047367166432 ], [ 127.238104940723105, 38.331965043866745 ] ] ] ] } },
{ "type": "Feature", "properties": { "emd_cd": "51780253", "emd_nm": "김화읍" }, "geometry": { "type": "MultiPolygon", "coordinates": [ [ [ [ 127.343838743932153, 38.288758243327145 ], [ 127.35600482168411, 38.298399803853641 ], [ 127.35699038375283, 38.300315435018575 ], [ 127.354906466793366, 38.303013992886342 ], [ 127.358646364144846, 38.302886897401869 ], [ 127.362538565448602, 38.304892304732689 ], [ 127.368458967196858, 38.31008521758082 ], [ 127.373367935730869, 38.311497764597256 ], [ 127.37334734820017, 38.312401149384186 ], [ 127.374105900975636, 38.313493613804148 ], [ 127.374310694478837, 38.310609794604652 ], [ 127.379053093817902, 38.311205958628065 ], [ 127.379073015502897, 38.308701252533695 ], [ 127.381957764029991, 38.307191417811019 ], [ 127.380812231740123, 38.304490418135991 ], [ 127.382102293806412, 38.303343270256605 ], [ 127.388517015767661, 38.302749134298573 ], [ 127.390784104936515, 38.29222218180206 ], [ 127.39333810325013, 38.291958643954864 ], [ 127.396707805371733, 38.287753414227048 ], [ 127.405147208276901, 38.287997750020807 ], [ 127.411129070827471, 38.290544117247052 ], [ 127.410601646128157, 38.292486191045157 ], [ 127.417438044866316, 38.288888606883312 ], [ 127.420394354202514, 38.294979942285131 ], [ 127.423571486503349, 38.295349084240698 ], [ 127.428156588639837, 38.300597626387969 ], [ 127.428170412340165, 38.30297960077624 ], [ 127.435898729963355, 38.302240050138614 ], [ 127.439650659315902, 38.313213068138268 ], [ 127.444613414672659, 38.311623919333961 ], [ 127.45391946058993, 38.318212517833835 ], [ 127.4506872976756, 38.324370995693954 ], [ 127.451560659692305, 38.326539967076727 ], [ 127.454554210638776, 38.32712052770465 ], [ 127.458754375490983, 38.326339504242242 ], [ 127.462034210770227, 38.321779521401169 ], [ 127.464388782647447, 38.320959889575718 ], [ 127.465359737683627, 38.316915536654804 ], [ 127.468205938838082, 38.318312913748038 ], [ 127.47165102751984, 38.316387898518904 ], [ 127.476435720763092, 38.316321996422531 ], [ 127.476724055491658, 38.313705056463945 ], [ 127.481742748224136, 38.306727767536671 ], [ 127.488643500013083, 38.307649325825622 ], [ 127.493654850124841, 38.301649743387927 ], [ 127.49796789705016, 38.300665139179465 ], [ 127.496569970786439, 38.299552312828453 ], [ 127.501718566840424, 38.300777987090079 ], [ 127.496973460843137, 38.297470262539498 ], [ 127.488562579497696, 38.296177257538737 ], [ 127.487379709245204, 38.293055345693737 ], [ 127.492643912210696, 38.290753283966239 ], [ 127.496636214569875, 38.283483847202255 ], [ 127.502577834913566, 38.281050923931915 ], [ 127.502577222901593, 38.278231228778402 ], [ 127.494240780603363, 38.270931534171922 ], [ 127.492228301750302, 38.273375924751889 ], [ 127.488685884474577, 38.274404021255172 ], [ 127.483418748583532, 38.27401279197089 ], [ 127.478162524474143, 38.276565790908016 ], [ 127.475143388373297, 38.275709638053712 ], [ 127.465854522857413, 38.277288262040173 ], [ 127.464281728886917, 38.274823283367709 ], [ 127.456406518443941, 38.273387013076359 ], [ 127.450848924605495, 38.268801511328938 ], [ 127.44692297088595, 38.269239077609996 ], [ 127.43971189609934, 38.265197606479937 ], [ 127.43525422100906, 38.262254413423271 ], [ 127.434201950919174, 38.25937066744509 ], [ 127.435819183350276, 38.257205276627047 ], [ 127.4326167266168, 38.250272351788539 ], [ 127.426359836017369, 38.24889744593677 ], [ 127.422738263695763, 38.244056495969048 ], [ 127.419815331895094, 38.24486396491826 ], [ 127.416968457382197, 38.248222009293258 ], [ 127.418596417507786, 38.24008329410465 ], [ 127.421837623583855, 38.236086368751231 ], [ 127.413224556258825, 38.224828065296364 ], [ 127.414844239187772, 38.221163181130393 ], [ 127.412931963590921, 38.216194882340474 ], [ 127.404875749641064, 38.214614228715462 ], [ 127.403129166542698, 38.211314991144704 ], [ 127.398744230034083, 38.208870449386239 ], [ 127.380896584213161, 38.207706568365829 ], [ 127.374596993865723, 38.203415872764992 ], [ 127.366949672485504, 38.209204544788882 ], [ 127.36513651538516, 38.215193120680226 ], [ 127.365812775836588, 38.220045500152608 ], [ 127.363373761040393, 38.224270032392774 ], [ 127.359179576207666, 38.228315317226986 ], [ 127.355170142024718, 38.228679772273992 ], [ 127.351319621827031, 38.234614932703778 ], [ 127.349722506310243, 38.234415334041728 ], [ 127.350988444287054, 38.237133918672384 ], [ 127.350308226049592, 38.240832895922303 ], [ 127.352804344936587, 38.241412655372706 ], [ 127.354517445648952, 38.257627215963687 ], [ 127.350854666990159, 38.25771230850512 ], [ 127.35366606539516, 38.262625986723627 ], [ 127.347371949508798, 38.268903050336526 ], [ 127.349346690896425, 38.277484217011086 ], [ 127.352366055380443, 38.281475030882717 ], [ 127.350380135482965, 38.284189015655159 ], [ 127.350732072920408, 38.286585076815811 ], [ 127.348025553173287, 38.287454795126678 ], [ 127.348655326606902, 38.289933155028301 ], [ 127.343838743932153, 38.288758243327145 ] ] ] ] } },
{ "type": "Feature", "properties": { "emd_cd": "51780256", "emd_nm": "갈말읍" }, "geometry": { "type": "MultiPolygon", "coordinates": [ [ [ [ 127.342162882359958, 38.289416397904461 ], [ 127.34520941056671, 38.288113400193389 ], [ 127.348690821191767, 38.289950680099231 ], [ 127.348005192920155, 38.287432405481994 ], [ 127.350740374358963, 38.286583403510733 ], [ 127.350381642812309, 38.284186344586807 ], [ 127.352368287484708, 38.281478123216623 ], [ 127.349346686814044, 38.277483361191898 ], [ 127.347300394532795, 38.268903261191383 ], [ 127.353670849256901, 38.262622864342944 ], [ 127.350852729161602, 38.257710854850544 ], [ 127.354519229610773, 38.257629913232037 ], [ 127.352754123604967, 38.241408805748854 ], [ 127.350308226049592, 38.240832895922303 ], [ 127.350988444287054, 38.237133918672384 ], [ 127.349740027704314, 38.234381931428331 ], [ 127.351319621827031, 38.234614932703778 ], [ 127.355170142024718, 38.228679772273992 ], [ 127.359179576207666, 38.228315317226986 ], [ 127.364129327471318, 38.223210550941694 ], [ 127.366327429692987, 38.217464356745083 ], [ 127.365334944758231, 38.213942402783893 ], [ 127.368945085876831, 38.20714284853441 ], [ 127.374542497380517, 38.203403847912782 ], [ 127.380914428253135, 38.207726095948907 ], [ 127.39874549316599, 38.208867571291535 ], [ 127.402687324205189, 38.204345412546608 ], [ 127.402851346849531, 38.199731544195004 ], [ 127.40641380304767, 38.193365211058001 ], [ 127.404161956427075, 38.19014571581085 ], [ 127.404664580151405, 38.188607068653489 ], [ 127.402015902586456, 38.187049380193834 ], [ 127.402196288162401, 38.173363174803313 ], [ 127.397961987657581, 38.174658591429484 ], [ 127.391209629032971, 38.170913397408725 ], [ 127.388615813431272, 38.16662628415078 ], [ 127.384743617534625, 38.167196832015875 ], [ 127.379109763874553, 38.16346110875098 ], [ 127.370422327778556, 38.161281339990524 ], [ 127.371795884230224, 38.153242926015167 ], [ 127.379013671772213, 38.139711696717249 ], [ 127.378884388649354, 38.133547154365829 ], [ 127.381462483026965, 38.12570284264126 ], [ 127.378697191146756, 38.118356584512846 ], [ 127.372306371730588, 38.113749158468686 ], [ 127.371878835274231, 38.110479050666569 ], [ 127.3660141357404, 38.106958281434771 ], [ 127.357365388648731, 38.106569933620079 ], [ 127.351524854458219, 38.104452455151772 ], [ 127.348136333536303, 38.10520940920339 ], [ 127.339626871578758, 38.101348240376979 ], [ 127.337887415161774, 38.096380626935691 ], [ 127.339108058283799, 38.09201828554091 ], [ 127.338064641970703, 38.090132685966509 ], [ 127.333269520207821, 38.090857465754063 ], [ 127.330211991427632, 38.093357488565495 ], [ 127.320965353416511, 38.094537854196886 ], [ 127.316360648752294, 38.098609895907913 ], [ 127.316398705431098, 38.10197941457379 ], [ 127.312558013880718, 38.107896886718528 ], [ 127.311786421472604, 38.11492687651625 ], [ 127.309642828216596, 38.118292200825408 ], [ 127.307674998506656, 38.119017713508171 ], [ 127.3048096560793, 38.115428019154962 ], [ 127.297265120587767, 38.115965439278042 ], [ 127.292537843265961, 38.114138854102841 ], [ 127.288573620856567, 38.116405326742019 ], [ 127.286082135235432, 38.114287764221402 ], [ 127.282711001759225, 38.116488051956097 ], [ 127.283118876016744, 38.122155155384668 ], [ 127.280638847107667, 38.125547313121928 ], [ 127.277334327619158, 38.125765990393248 ], [ 127.27787829757446, 38.133157194479551 ], [ 127.275299179255796, 38.135955288599952 ], [ 127.284395704754147, 38.146599020922046 ], [ 127.286458777001044, 38.153712797632231 ], [ 127.284812720444435, 38.158300686164999 ], [ 127.286900424753668, 38.160960433404782 ], [ 127.288532650001656, 38.169381577265234 ], [ 127.297825350378048, 38.174242734723101 ], [ 127.297400993742016, 38.175991895173965 ], [ 127.287955215097526, 38.178181587305367 ], [ 127.287011571000463, 38.183173254814484 ], [ 127.291135020800454, 38.185275945102546 ], [ 127.294548931942131, 38.182676217747975 ], [ 127.299804762839386, 38.186247115476391 ], [ 127.300290610085554, 38.18868842725923 ], [ 127.295908931952056, 38.190645640137987 ], [ 127.286140320932972, 38.190122945633846 ], [ 127.28268051027294, 38.191400003199952 ], [ 127.277894598510031, 38.20094149970641 ], [ 127.274774905025126, 38.200730380628833 ], [ 127.270777497233411, 38.202978178109198 ], [ 127.266690466521069, 38.207853065672012 ], [ 127.266733487974577, 38.210789266084277 ], [ 127.263479659860153, 38.213420953059554 ], [ 127.261152933291456, 38.21990466364587 ], [ 127.264118479209642, 38.222273027214527 ], [ 127.253835643149046, 38.230440475865016 ], [ 127.256744157091305, 38.234840699237019 ], [ 127.25896211457227, 38.246373818257169 ], [ 127.269307958383166, 38.242326883134766 ], [ 127.272985060531781, 38.246765747145879 ], [ 127.272128378659573, 38.249756398222232 ], [ 127.273741226424335, 38.252124786521406 ], [ 127.282937333317179, 38.255519388137657 ], [ 127.285013245588942, 38.253396297651982 ], [ 127.28491239662273, 38.249426100227112 ], [ 127.287200104310784, 38.249273864087392 ], [ 127.288750162125794, 38.258246061318701 ], [ 127.294763745576233, 38.260527224447479 ], [ 127.303596877962804, 38.268709630976076 ], [ 127.317346740215456, 38.272847159082772 ], [ 127.325104853682191, 38.278783956572177 ], [ 127.326463333447776, 38.281707335043286 ], [ 127.342162882359958, 38.289416397904461 ] ] ], [ [ [ 127.342138304073032, 38.289635822904152 ], [ 127.324906942581578, 38.285157984600197 ], [ 127.322960007106445, 38.289382938283474 ], [ 127.323808108575705, 38.290592935548787 ], [ 127.316232982364653, 38.297077641486943 ], [ 127.312665197521113, 38.305432791542998 ], [ 127.314308076130857, 38.306847367440504 ], [ 127.313776470905339, 38.311046292536446 ], [ 127.311869191384517, 38.312156983004215 ], [ 127.31244335773664, 38.317575979681976 ], [ 127.320889350223268, 38.319507365561364 ], [ 127.324647137348819, 38.318694796794219 ], [ 127.32389136604796, 38.320009928912363 ], [ 127.320683581497377, 38.319735088747315 ], [ 127.32398434644405, 38.320526763138069 ], [ 127.324659539084138, 38.319788660976265 ], [ 127.323254856570131, 38.322768127749661 ], [ 127.325505514187995, 38.31902332749474 ], [ 127.328426007589286, 38.318295178529802 ], [ 127.337669973507985, 38.325043161453401 ], [ 127.339774857826328, 38.324618702519352 ], [ 127.344779407823737, 38.32737818827632 ], [ 127.344246285186813, 38.328611638232744 ], [ 127.347240524348379, 38.328676434167718 ], [ 127.346411689105764, 38.329384856677962 ], [ 127.343938891833787, 38.330168504707991 ], [ 127.343880994501561, 38.330376503729973 ], [ 127.348713032760415, 38.328809115802279 ], [ 127.350213661613893, 38.327527117655414 ], [ 127.355304084279894, 38.327584421783229 ], [ 127.361961399789621, 38.324061293454164 ], [ 127.363833046530857, 38.326127954746113 ], [ 127.361838673225904, 38.322270934680965 ], [ 127.365945112170422, 38.320875921481758 ], [ 127.366688912514419, 38.318053422586246 ], [ 127.364453115062361, 38.315559612886574 ], [ 127.358195711197482, 38.313878684963498 ], [ 127.35946059817536, 38.310541372169411 ], [ 127.353199943753467, 38.30369546758331 ], [ 127.356590911371953, 38.299084991239027 ], [ 127.342138304073032, 38.289635822904152 ] ] ] ] } },
{ "type": "Feature", "properties": { "emd_cd": "51780259", "emd_nm": "동송읍" }, "geometry": { "type": "MultiPolygon", "coordinates": [ [ [ [ 127.186073993438157, 38.174076277393738 ], [ 127.189167883797595, 38.18818535400942 ], [ 127.192820212316889, 38.193814589162592 ], [ 127.191341362624286, 38.198148199330348 ], [ 127.192514689310485, 38.203905755677454 ], [ 127.191593990267904, 38.208035293182384 ], [ 127.196839725821832, 38.211884701700704 ], [ 127.197945028190702, 38.210509787576839 ], [ 127.2023912071528, 38.211780427121006 ], [ 127.20483320727466, 38.208622638692312 ], [ 127.208658087771738, 38.20788579262819 ], [ 127.222266169228902, 38.212391337299955 ], [ 127.219621410449037, 38.213824267302719 ], [ 127.220229850112517, 38.216696550543752 ], [ 127.215698653957645, 38.221838235625121 ], [ 127.215587326529814, 38.226664528119301 ], [ 127.213552821540816, 38.227136671515012 ], [ 127.216241122481193, 38.231147840204464 ], [ 127.219072356524549, 38.231367407353844 ], [ 127.217465008248126, 38.233178729234844 ], [ 127.218337790717257, 38.235845133604293 ], [ 127.217190969521184, 38.238684957449941 ], [ 127.214557513897262, 38.240209601369187 ], [ 127.212601062104582, 38.244094760905654 ], [ 127.214524551809262, 38.244623527727413 ], [ 127.216575754704166, 38.251130074409744 ], [ 127.214367072517064, 38.256302698496512 ], [ 127.210181983682133, 38.259913113600085 ], [ 127.214476575730743, 38.266568927414916 ], [ 127.21431359214786, 38.269599140010222 ], [ 127.219885385323877, 38.272833373388089 ], [ 127.220626714705205, 38.275710863938798 ], [ 127.217404453833979, 38.279543483682041 ], [ 127.219126313330264, 38.28362495963875 ], [ 127.217478913740877, 38.285983893535892 ], [ 127.220847667837035, 38.287899628030999 ], [ 127.227767815350489, 38.305940784043784 ], [ 127.23238989695713, 38.311188253057374 ], [ 127.231491373361521, 38.311913472014929 ], [ 127.234880193934686, 38.321862891880663 ], [ 127.237012582546924, 38.324080860894256 ], [ 127.237760155902848, 38.330631074625856 ], [ 127.238940964372077, 38.33403538829625 ], [ 127.238524270259177, 38.33175606065543 ], [ 127.242651747691866, 38.33402781862403 ], [ 127.24315550263097, 38.331995747019505 ], [ 127.245035724975367, 38.332460787803527 ], [ 127.245414805985746, 38.330307662814377 ], [ 127.247203885513656, 38.329184617687723 ], [ 127.247657569404936, 38.330415001187987 ], [ 127.248550417596974, 38.328196923637257 ], [ 127.252772527381154, 38.330034169886886 ], [ 127.253997669207862, 38.326761456923478 ], [ 127.256056768638544, 38.328162254652298 ], [ 127.261045491043703, 38.326525921433266 ], [ 127.260749070633594, 38.3279331938204 ], [ 127.263004378639678, 38.327895315364955 ], [ 127.262784827645277, 38.329001711160281 ], [ 127.263297518875461, 38.327006377697948 ], [ 127.263007972947634, 38.329290545945391 ], [ 127.263830576864024, 38.327322617102446 ], [ 127.270052495298899, 38.326741675923074 ], [ 127.271871340745506, 38.328016605723668 ], [ 127.27416766923011, 38.325442111721586 ], [ 127.278657179181749, 38.327247994833471 ], [ 127.278708300086606, 38.325242170495599 ], [ 127.281155883850715, 38.324944020318178 ], [ 127.284016003209047, 38.326920430139246 ], [ 127.287652463372055, 38.325642733520439 ], [ 127.287908458438736, 38.323721771427131 ], [ 127.29161361334215, 38.322501835916945 ], [ 127.297433914840752, 38.316516163149849 ], [ 127.297272463408461, 38.31956870830227 ], [ 127.298096448123914, 38.321082557112213 ], [ 127.297724149082271, 38.321854813058536 ], [ 127.298212390822613, 38.323125579400909 ], [ 127.298132329299122, 38.32037180654968 ], [ 127.297492833125943, 38.319125798493232 ], [ 127.299430657858181, 38.312914736052562 ], [ 127.306384819614848, 38.317363645702692 ], [ 127.31244335773664, 38.317575979681976 ], [ 127.311869191384517, 38.312156983004215 ], [ 127.313776470905339, 38.311046292536446 ], [ 127.314308076130857, 38.306847367440504 ], [ 127.312665197521113, 38.305432791542998 ], [ 127.316232982364653, 38.297077641486943 ], [ 127.323808108575705, 38.290592935548787 ], [ 127.322960007106445, 38.289382938283474 ], [ 127.324906942581578, 38.285157984600197 ], [ 127.33123134593265, 38.285845282248232 ], [ 127.342100875571461, 38.289893869593485 ], [ 127.326463333447776, 38.281707335043286 ], [ 127.325104853682191, 38.278783956572177 ], [ 127.317346740215456, 38.272847159082772 ], [ 127.303596877962804, 38.268709630976076 ], [ 127.294763745576233, 38.260527224447479 ], [ 127.288750162125794, 38.258246061318701 ], [ 127.287200104310784, 38.249273864087392 ], [ 127.28491239662273, 38.249426100227112 ], [ 127.285013245588942, 38.253396297651982 ], [ 127.282937333317179, 38.255519388137657 ], [ 127.273741226424335, 38.252124786521406 ], [ 127.272128378659573, 38.249756398222232 ], [ 127.272985060531781, 38.246765747145879 ], [ 127.269307958383166, 38.242326883134766 ], [ 127.26074228161869, 38.246729730516257 ], [ 127.25833926178835, 38.245481607165125 ], [ 127.256744157091305, 38.234840699237019 ], [ 127.253968531676222, 38.229817354896717 ], [ 127.264118479209642, 38.222273027214527 ], [ 127.261152933291456, 38.21990466364587 ], [ 127.263479659860153, 38.213420953059554 ], [ 127.266733487974577, 38.210789266084277 ], [ 127.266690466521069, 38.207853065672012 ], [ 127.270777497233411, 38.202978178109198 ], [ 127.274774905025126, 38.200730380628833 ], [ 127.277894598510031, 38.20094149970641 ], [ 127.279151836857196, 38.196439009742321 ], [ 127.284446587082144, 38.19024501002152 ], [ 127.296206062728658, 38.190598399979478 ], [ 127.300111665602103, 38.189015707159399 ], [ 127.299804762839386, 38.186247115476391 ], [ 127.294548931942131, 38.182676217747975 ], [ 127.291135020800454, 38.185275945102546 ], [ 127.288852963226944, 38.185183732079828 ], [ 127.286519324833051, 38.180041016066106 ], [ 127.284428652275665, 38.180465552955049 ], [ 127.2831369173404, 38.182900288853418 ], [ 127.274701421081048, 38.181057197855218 ], [ 127.270548856729931, 38.182048980541069 ], [ 127.266018079654913, 38.180246146764659 ], [ 127.264639658574907, 38.178013049294158 ], [ 127.266448769122107, 38.175763769808015 ], [ 127.264354138330603, 38.171566784514241 ], [ 127.258828191033544, 38.169544308011943 ], [ 127.256044183588969, 38.16299333421744 ], [ 127.239410763307603, 38.15664821236026 ], [ 127.237178358928276, 38.15427304052659 ], [ 127.238402483285626, 38.15349471760014 ], [ 127.237205497877042, 38.152970740565635 ], [ 127.2377981826195, 38.151149937271306 ], [ 127.234983819268152, 38.145834451756713 ], [ 127.231281994040941, 38.147769967770728 ], [ 127.2240054265514, 38.147259327467474 ], [ 127.2242782394664, 38.1416163521219 ], [ 127.222037092738475, 38.137418734878274 ], [ 127.212513155369066, 38.143646254137991 ], [ 127.211459510460472, 38.147315498752633 ], [ 127.208191041240298, 38.147245168394228 ], [ 127.203078286531365, 38.153613953573434 ], [ 127.190838398003521, 38.159714331778957 ], [ 127.186073993438157, 38.174076277393738 ] ] ], [ [ [ 127.23879631919965, 38.332474971394376 ], [ 127.23921022183336, 38.332411009545396 ], [ 127.238813050380259, 38.332057195757926 ], [ 127.23879631919965, 38.332474971394376 ] ] ] ] } },
{ "type": "Feature", "properties": { "emd_cd": "51780310", "emd_nm": "서면" }, "geometry": { "type": "MultiPolygon", "coordinates": [ [ [ [ 127.370044266202953, 38.160023826714841 ], [ 127.37107712023581, 38.16193611327909 ], [ 127.379109763874553, 38.16346110875098 ], [ 127.384743617534625, 38.167196832015875 ], [ 127.388615813431272, 38.16662628415078 ], [ 127.391209629032971, 38.170913397408725 ], [ 127.397961987657581, 38.174658591429484 ], [ 127.402319202456965, 38.173518546275844 ], [ 127.402015902586456, 38.187049380193834 ], [ 127.404664580151405, 38.188607068653489 ], [ 127.406369834325304, 38.194116305649679 ], [ 127.402851346849531, 38.199731544195004 ], [ 127.402687324205189, 38.204345412546608 ], [ 127.39874549316599, 38.208867571291535 ], [ 127.403101893903397, 38.211305499025379 ], [ 127.404838481477242, 38.214600077745459 ], [ 127.413147116256866, 38.216768684265602 ], [ 127.4148059501468, 38.221157234973234 ], [ 127.413221588887211, 38.224840552912809 ], [ 127.421838488370085, 38.23606992460158 ], [ 127.419318796608835, 38.238418179584933 ], [ 127.416740031734349, 38.246583931296897 ], [ 127.422944477698167, 38.244098772710622 ], [ 127.427274640460539, 38.248655398603233 ], [ 127.433850913590263, 38.251695477018238 ], [ 127.435818924540726, 38.257207863098841 ], [ 127.434204912340803, 38.259367188155629 ], [ 127.434904767287918, 38.26187698545624 ], [ 127.44692297088595, 38.269239077609996 ], [ 127.452143135804633, 38.268602464562029 ], [ 127.453243292358707, 38.261264829766006 ], [ 127.452219484520313, 38.259233887432082 ], [ 127.455861318970506, 38.25284286225169 ], [ 127.463842272576215, 38.249739978616766 ], [ 127.464157123911519, 38.247695333928981 ], [ 127.462470385140932, 38.241844422110077 ], [ 127.458641064311834, 38.240068245270763 ], [ 127.458104989397, 38.237601114727617 ], [ 127.460463168795911, 38.232045208051602 ], [ 127.458583671864503, 38.228451644792941 ], [ 127.459809698948945, 38.224481073837829 ], [ 127.456945530206568, 38.223405262759897 ], [ 127.453936330941502, 38.219368708303641 ], [ 127.453788024541396, 38.211690685045987 ], [ 127.450947608898787, 38.207325337458826 ], [ 127.452204255848599, 38.202570756126256 ], [ 127.449308020944414, 38.19831281656267 ], [ 127.450812826578286, 38.191540267745928 ], [ 127.454118225369157, 38.188417464238967 ], [ 127.454848070504909, 38.183475079855747 ], [ 127.446066207712875, 38.176830237206907 ], [ 127.448470956510135, 38.173037090924048 ], [ 127.448262342870677, 38.169803991052085 ], [ 127.445105800262255, 38.165267841617656 ], [ 127.444347424596444, 38.160667793858991 ], [ 127.440607494055911, 38.158065755232144 ], [ 127.443937041404723, 38.147766473628209 ], [ 127.439649387854374, 38.141463498590284 ], [ 127.441338603763228, 38.124331488878632 ], [ 127.432864098433328, 38.118289311319671 ], [ 127.422622083505459, 38.106703709664927 ], [ 127.414303801257276, 38.10218409306615 ], [ 127.411122597880208, 38.102527458376159 ], [ 127.404286312653554, 38.106941886482119 ], [ 127.40273795619386, 38.113299894143921 ], [ 127.385435031148248, 38.114644311177287 ], [ 127.383350261312998, 38.116999811259753 ], [ 127.378697191146756, 38.118356584512846 ], [ 127.381462483026965, 38.12570284264126 ], [ 127.378884388649354, 38.133547154365829 ], [ 127.379013671772213, 38.139711696717249 ], [ 127.371795884230224, 38.153242926015167 ], [ 127.370044266202953, 38.160023826714841 ] ] ] ] } },
{ "type": "Feature", "properties": { "emd_cd": "51780320", "emd_nm": "근남면" }, "geometry": { "type": "MultiPolygon", "coordinates": [ [ [ [ 127.441338603763228, 38.124331488878632 ], [ 127.439649387854374, 38.141463498590284 ], [ 127.443937041404723, 38.147766473628209 ], [ 127.440607494055911, 38.158065755232144 ], [ 127.444347424596444, 38.160667793858991 ], [ 127.445105800262255, 38.165267841617656 ], [ 127.448262342870677, 38.169803991052085 ], [ 127.448470956510135, 38.173037090924048 ], [ 127.446066207712875, 38.176830237206907 ], [ 127.454848070504909, 38.183475079855747 ], [ 127.454118225369157, 38.188417464238967 ], [ 127.450812826578286, 38.191540267745928 ], [ 127.449308020944414, 38.19831281656267 ], [ 127.452204255848599, 38.202570756126256 ], [ 127.450947608898787, 38.207325337458826 ], [ 127.453788024541396, 38.211690685045987 ], [ 127.453936330941502, 38.219368708303641 ], [ 127.456945530206568, 38.223405262759897 ], [ 127.459809698948945, 38.224481073837829 ], [ 127.458583671864503, 38.228451644792941 ], [ 127.460463168795911, 38.232045208051602 ], [ 127.458104989397, 38.237601114727617 ], [ 127.458641064311834, 38.240068245270763 ], [ 127.462470385140932, 38.241844422110077 ], [ 127.464157123911519, 38.247695333928981 ], [ 127.463455903388649, 38.249976619601725 ], [ 127.456020075826999, 38.25266164894969 ], [ 127.452219484520313, 38.259233887432082 ], [ 127.453243292358707, 38.261264829766006 ], [ 127.451254871962476, 38.269089470096745 ], [ 127.452602657122483, 38.271273942322452 ], [ 127.459685107274197, 38.274539906407234 ], [ 127.464280235178649, 38.274822010019342 ], [ 127.465853143695171, 38.277287042311592 ], [ 127.475143362826344, 38.275709223755698 ], [ 127.478162928453798, 38.276566401859903 ], [ 127.483417659405177, 38.274013985594785 ], [ 127.488686436365384, 38.274404523452205 ], [ 127.495009952305054, 38.271095530979323 ], [ 127.502231015467345, 38.277551332946466 ], [ 127.502596819831069, 38.281092724323024 ], [ 127.506301441754175, 38.286428832260277 ], [ 127.515219858499123, 38.289046301425131 ], [ 127.521198587682733, 38.288610582374638 ], [ 127.524931912460772, 38.291491116677626 ], [ 127.533765478946918, 38.292801327108378 ], [ 127.544885449984861, 38.291220394541831 ], [ 127.5485608175903, 38.285989292227697 ], [ 127.552451739509777, 38.284727195712549 ], [ 127.564879936949836, 38.287759752087943 ], [ 127.57413481291114, 38.293825148661185 ], [ 127.58138474935059, 38.287112843445271 ], [ 127.585671821397497, 38.286294329128594 ], [ 127.595780139201111, 38.28027869566953 ], [ 127.593913779398463, 38.275832982470668 ], [ 127.598566750398604, 38.269938568129326 ], [ 127.597334753709319, 38.262631041719324 ], [ 127.591102816499799, 38.260347522697032 ], [ 127.589276285081709, 38.257551607565077 ], [ 127.578931036447401, 38.256162045274969 ], [ 127.578481280312417, 38.253816558514579 ], [ 127.569961915171334, 38.248887304853916 ], [ 127.569082863374817, 38.243002873712051 ], [ 127.56644447127583, 38.23824292286033 ], [ 127.558647307030441, 38.23248627293745 ], [ 127.543071208669559, 38.230840762031576 ], [ 127.539096655903009, 38.222032044114528 ], [ 127.542453416243404, 38.216821610221295 ], [ 127.537672050872544, 38.211149156539186 ], [ 127.531613375107113, 38.210624914985729 ], [ 127.524531826023846, 38.20059963366046 ], [ 127.508637921848347, 38.199184375674861 ], [ 127.503835394181692, 38.184894153285903 ], [ 127.50420899895569, 38.173538518394309 ], [ 127.490740542391194, 38.159119632988642 ], [ 127.495140238337697, 38.153080633391816 ], [ 127.500162066409359, 38.151342452114484 ], [ 127.50288193770767, 38.148454583768469 ], [ 127.500560899021323, 38.141694557676082 ], [ 127.498255782163227, 38.141690417598923 ], [ 127.496040344626095, 38.138127835117132 ], [ 127.495416429641566, 38.133002838763232 ], [ 127.482788287784828, 38.124644003557812 ], [ 127.467520328950144, 38.125164585157272 ], [ 127.457187775728002, 38.122733711690849 ], [ 127.454292331782852, 38.12063084392765 ], [ 127.453926366876289, 38.117461871973511 ], [ 127.445983002780366, 38.117162720586961 ], [ 127.447303227373922, 38.119968517755204 ], [ 127.444612031190275, 38.123796669840708 ], [ 127.441338603763228, 38.124331488878632 ] ] ] ] } },
{ "type": "Feature", "properties": { "emd_cd": "51780330", "emd_nm": "근북면" }, "geometry": { "type": "MultiPolygon", "coordinates": [ [ [ [ 127.353235699754961, 38.303888651254553 ], [ 127.35946059817536, 38.310541372169411 ], [ 127.358195711197482, 38.313878684963498 ], [ 127.364453115062361, 38.315559612886574 ], [ 127.366688912514419, 38.318053422586246 ], [ 127.365945112170422, 38.320875921481758 ], [ 127.361838673225904, 38.322270934680965 ], [ 127.363563864889585, 38.326727790473107 ], [ 127.369351859445842, 38.328818424014692 ], [ 127.370947410542996, 38.332234107361813 ], [ 127.374394992603285, 38.331663814465344 ], [ 127.380765294644306, 38.337145030349063 ], [ 127.383954395418442, 38.335726650083117 ], [ 127.383724850591477, 38.33433847111786 ], [ 127.38851264363079, 38.335155982264716 ], [ 127.389908214405722, 38.333067028194129 ], [ 127.39595703936611, 38.332748007823064 ], [ 127.395519708089566, 38.331604711842068 ], [ 127.401410892327632, 38.334077153799754 ], [ 127.403119024095602, 38.33151438291145 ], [ 127.406060354473055, 38.333834489168794 ], [ 127.406293030783658, 38.332217993869349 ], [ 127.408608767630511, 38.331733070467308 ], [ 127.408666912525874, 38.33236268152767 ], [ 127.40780231063053, 38.333198078907003 ], [ 127.407760110333371, 38.333796768788645 ], [ 127.408969076909941, 38.33208895839757 ], [ 127.408680779735477, 38.331396788758454 ], [ 127.409973062483118, 38.331544208656148 ], [ 127.409483129369633, 38.330405364158594 ], [ 127.414071209190453, 38.328457383584478 ], [ 127.417119036532256, 38.329298032212215 ], [ 127.427553433582119, 38.326799505138837 ], [ 127.432060558671083, 38.321605556454308 ], [ 127.437841203750708, 38.321011660613195 ], [ 127.435600254959866, 38.319335435753054 ], [ 127.438330893321194, 38.318995474156061 ], [ 127.439967162546864, 38.320936051534787 ], [ 127.439643586719285, 38.318299316860241 ], [ 127.445316386191919, 38.318943534345259 ], [ 127.444164517319493, 38.316962376965478 ], [ 127.452787149496004, 38.317718132711136 ], [ 127.444613414672659, 38.311623919333961 ], [ 127.439650659315902, 38.313213068138268 ], [ 127.435889042755988, 38.30225469810113 ], [ 127.432078270139201, 38.303053149975476 ], [ 127.428076970097024, 38.3014048967379 ], [ 127.423583295807873, 38.295357140585033 ], [ 127.419903439311156, 38.294425217067435 ], [ 127.416881272517912, 38.288684126418744 ], [ 127.410569851962507, 38.292458753250784 ], [ 127.411101917007613, 38.290526663060788 ], [ 127.405147208276901, 38.287997750020807 ], [ 127.396696263633203, 38.287732796096719 ], [ 127.393320663724523, 38.291986953529673 ], [ 127.390784104936515, 38.29222218180206 ], [ 127.388517015767661, 38.302749134298573 ], [ 127.38208790731484, 38.30333365058641 ], [ 127.380775104447096, 38.304484934749247 ], [ 127.381927696194339, 38.30716314692453 ], [ 127.379080976864557, 38.308697578390117 ], [ 127.379053468467745, 38.311207651056378 ], [ 127.37430954113853, 38.310610077539124 ], [ 127.374105900975636, 38.313493613804148 ], [ 127.373367935730869, 38.311497764597256 ], [ 127.368585679978466, 38.310161485178959 ], [ 127.358647952780743, 38.302889135734631 ], [ 127.354939301678257, 38.302326105979546 ], [ 127.353235699754961, 38.303888651254553 ] ] ], [ [ [ 127.385506023670402, 38.336317421841706 ], [ 127.385507422084075, 38.336792641612959 ], [ 127.385831289126912, 38.336681873528022 ], [ 127.385506023670402, 38.336317421841706 ] ] ] ] } },
{ "type": "Feature", "properties": { "emd_cd": "51780340", "emd_nm": "근동면" }, "geometry": { "type": "MultiPolygon", "coordinates": [ [ [ [ 127.550702595687952, 38.327511729331064 ], [ 127.573506444909214, 38.331372735511124 ], [ 127.575158424713706, 38.327960190190275 ], [ 127.568184821459738, 38.322158912126405 ], [ 127.568091371163845, 38.319343521171753 ], [ 127.570415390094738, 38.316532356812921 ], [ 127.567246853966722, 38.307767064668688 ], [ 127.570871931759285, 38.303160614731695 ], [ 127.57413481291114, 38.293825148661185 ], [ 127.564879936949836, 38.287759752087943 ], [ 127.552451739509777, 38.284727195712549 ], [ 127.5485608175903, 38.285989292227697 ], [ 127.544128922780359, 38.291534676901421 ], [ 127.532796956801604, 38.292712062533738 ], [ 127.524931912460772, 38.291491116677626 ], [ 127.521198587682733, 38.288610582374638 ], [ 127.51956367222401, 38.28963067675388 ], [ 127.507910568697994, 38.287268886902027 ], [ 127.502585671452451, 38.281040413346531 ], [ 127.496636214569875, 38.283483847202255 ], [ 127.492641623186358, 38.290768112845171 ], [ 127.48737733153348, 38.293055328513802 ], [ 127.489410841191827, 38.296596456636323 ], [ 127.496057295218264, 38.297198516323114 ], [ 127.501718566840424, 38.300777987090079 ], [ 127.514614718680733, 38.303887841651758 ], [ 127.518396958371383, 38.308600244498635 ], [ 127.525491510164244, 38.309868449844686 ], [ 127.532676201164762, 38.315933820553163 ], [ 127.53507714361541, 38.316134663618733 ], [ 127.543497485189619, 38.32074775020218 ], [ 127.545650738107966, 38.322480239086438 ], [ 127.54539091063738, 38.324077520054338 ], [ 127.550702595687952, 38.327511729331064 ] ] ], [ [ [ 127.533742072804543, 38.316740730885819 ], [ 127.534386124553464, 38.317663390420954 ], [ 127.535165523617238, 38.316924625440826 ], [ 127.533742072804543, 38.316740730885819 ] ] ] ] } },
{ "type": "Feature", "properties": { "emd_cd": "51780350", "emd_nm": "원동면" }, "geometry": { "type": "MultiPolygon", "coordinates": [ [ [ [ 127.810492501122084, 38.286987093996963 ], [ 127.810730667243917, 38.286977415953345 ], [ 127.810737261637797, 38.286947516087409 ], [ 127.810492501122084, 38.286987093996963 ] ] ], [ [ [ 127.677803584458005, 38.316710391620489 ], [ 127.684594912534976, 38.324388812080734 ], [ 127.692401120076241, 38.326134066430122 ], [ 127.696191619710646, 38.333590616253581 ], [ 127.700406116806406, 38.336157967355845 ], [ 127.714006989113741, 38.334309907989791 ], [ 127.715075532002587, 38.32931630935834 ], [ 127.732475689108838, 38.33734113589103 ], [ 127.735141499127081, 38.339899433160987 ], [ 127.732846140792972, 38.342425894187045 ], [ 127.735730552095973, 38.340202811370368 ], [ 127.745594724445098, 38.342921228460696 ], [ 127.742680697688414, 38.340267394845036 ], [ 127.744627894902948, 38.341158320809697 ], [ 127.743958794113937, 38.339630606247198 ], [ 127.751044706088805, 38.333872232419907 ], [ 127.760871705916401, 38.338164285018408 ], [ 127.769340018875369, 38.335238091916324 ], [ 127.77238775413106, 38.336886295220658 ], [ 127.771218910251875, 38.337983578143643 ], [ 127.772536666841191, 38.33866782961185 ], [ 127.772155266414373, 38.340655990921491 ], [ 127.775506380323236, 38.341640244111233 ], [ 127.779304989438003, 38.347654532759236 ], [ 127.782420039963, 38.348999094066485 ], [ 127.785397074076087, 38.346935990414686 ], [ 127.790462695275465, 38.334462714164431 ], [ 127.797336937478107, 38.323055496465884 ], [ 127.819085451713377, 38.307769375440849 ], [ 127.821739771480935, 38.303875250281934 ], [ 127.821299324634296, 38.299019781576732 ], [ 127.819395681639591, 38.293661344516636 ], [ 127.814709488689388, 38.291048963127956 ], [ 127.812577808741139, 38.287926361720338 ], [ 127.806528454839977, 38.285229086212652 ], [ 127.801556553156715, 38.277175516479168 ], [ 127.794173207493785, 38.278746834071583 ], [ 127.782252013284449, 38.288057263711423 ], [ 127.760384746720263, 38.283373213878484 ], [ 127.750601371002347, 38.283349139841107 ], [ 127.737459505112156, 38.277982104946766 ], [ 127.731555738542795, 38.278041191084696 ], [ 127.727206483663707, 38.283058087424813 ], [ 127.720234626502815, 38.283967133502067 ], [ 127.702937390714354, 38.291551629931575 ], [ 127.698218524998481, 38.295243511727676 ], [ 127.698050566400013, 38.299568305271265 ], [ 127.685811181226015, 38.30290669097883 ], [ 127.682722417623182, 38.308013110334592 ], [ 127.682732352305422, 38.311301116420204 ], [ 127.677803584458005, 38.316710391620489 ] ] ], [ [ [ 127.719028910615933, 38.342998199542755 ], [ 127.719069421108927, 38.343696941063939 ], [ 127.719262211388752, 38.342774603713636 ], [ 127.719028910615933, 38.342998199542755 ] ] ] ] } },
{ "type": "Feature", "properties": { "emd_cd": "51780360", "emd_nm": "원남면" }, "geometry": { "type": "MultiPolygon", "coordinates": [ [ [ [ 127.567246853966722, 38.307767064668688 ], [ 127.570415390094738, 38.316532356812921 ], [ 127.568091371163845, 38.319343521171753 ], [ 127.568184821459738, 38.322158912126405 ], [ 127.575158424713706, 38.327960190190275 ], [ 127.573506444909214, 38.331372735511124 ], [ 127.570815393114742, 38.331504408305165 ], [ 127.572442257658807, 38.333104689001161 ], [ 127.570881904362324, 38.333706634307049 ], [ 127.57416580997689, 38.334282736993707 ], [ 127.571200510254698, 38.33554472394205 ], [ 127.574685066576166, 38.334681605656179 ], [ 127.577835502375677, 38.336655364123402 ], [ 127.579042344536333, 38.334967487377455 ], [ 127.591613276996156, 38.336877893763912 ], [ 127.594824622389197, 38.33429436221504 ], [ 127.599547754277921, 38.333591379417179 ], [ 127.600595608443129, 38.336310111255528 ], [ 127.612816793863104, 38.3360042688699 ], [ 127.613119412150979, 38.334085061547199 ], [ 127.615441039732829, 38.334069040543085 ], [ 127.615229680434709, 38.331824586057444 ], [ 127.617179969271433, 38.329616585243706 ], [ 127.6160937252683, 38.32640143143702 ], [ 127.619394732093895, 38.3249049500415 ], [ 127.629756931679069, 38.325511408074703 ], [ 127.635787343640743, 38.322482633855806 ], [ 127.646280767428806, 38.326121906108504 ], [ 127.658206553400419, 38.323531224683435 ], [ 127.662962776751641, 38.325190950929667 ], [ 127.663619685616126, 38.327039731858754 ], [ 127.669548469673671, 38.32262659650204 ], [ 127.682368378703273, 38.325782203343636 ], [ 127.684022793007344, 38.324011007967414 ], [ 127.683210232282875, 38.321870585291464 ], [ 127.678613002011474, 38.319285131068931 ], [ 127.677803584458005, 38.316710391620489 ], [ 127.682732352305422, 38.311301116420204 ], [ 127.682722417623182, 38.308013110334592 ], [ 127.685811181226015, 38.30290669097883 ], [ 127.698050566400013, 38.299568305271265 ], [ 127.698218524998481, 38.295243511727676 ], [ 127.702937390714354, 38.291551629931575 ], [ 127.718350908648659, 38.285817387079753 ], [ 127.719609750553559, 38.283409578688229 ], [ 127.727215168633649, 38.283056826555118 ], [ 127.731555738542795, 38.278041191084696 ], [ 127.72330124135766, 38.270660617827971 ], [ 127.720854505170053, 38.264992146406485 ], [ 127.71221072690318, 38.259324121472474 ], [ 127.713078797837468, 38.250418132773397 ], [ 127.709939850481632, 38.250680995349448 ], [ 127.704632284445921, 38.248108270498193 ], [ 127.689649420611005, 38.24938316428068 ], [ 127.680989885220285, 38.253300340728366 ], [ 127.671969909314242, 38.263853284173649 ], [ 127.659851364166101, 38.263838599147348 ], [ 127.646959389374729, 38.259808038805076 ], [ 127.64526402931746, 38.261724146340484 ], [ 127.639806236449246, 38.262554928769504 ], [ 127.635952067794761, 38.261182671230443 ], [ 127.6270797665793, 38.263842494849833 ], [ 127.619695362751997, 38.269482017647334 ], [ 127.619284583014746, 38.2734439084063 ], [ 127.614537510968887, 38.275016331567556 ], [ 127.609438592039609, 38.279402974097835 ], [ 127.607405269908682, 38.284734692813203 ], [ 127.599353324739681, 38.282951992600218 ], [ 127.595780139201111, 38.28027869566953 ], [ 127.579379143965866, 38.288589322027583 ], [ 127.572153713269969, 38.296630953009824 ], [ 127.570871931759285, 38.303160614731695 ], [ 127.567246853966722, 38.307767064668688 ] ] ], [ [ [ 127.670634571751094, 38.323380387372019 ], [ 127.670326795079802, 38.323139793979884 ], [ 127.670232667810836, 38.323217939528966 ], [ 127.670634571751094, 38.323380387372019 ] ] ], [ [ [ 127.668297570652101, 38.325566401701195 ], [ 127.668827050125785, 38.325479421661541 ], [ 127.668235117534621, 38.325521200356754 ], [ 127.668297570652101, 38.325566401701195 ] ] ], [ [ [ 127.664889152215736, 38.326369807289133 ], [ 127.666207125879168, 38.326552336647957 ], [ 127.666479517517743, 38.325529562819838 ], [ 127.664889152215736, 38.326369807289133 ] ] ], [ [ [ 127.664603510733102, 38.326480768503266 ], [ 127.664903984239302, 38.326293231605113 ], [ 127.665272921209223, 38.326020256580598 ], [ 127.664603510733102, 38.326480768503266 ] ] ], [ [ [ 127.666909477691135, 38.326982945901406 ], [ 127.667172949772876, 38.326515077176133 ], [ 127.666628854687943, 38.326903397314595 ], [ 127.666909477691135, 38.326982945901406 ] ] ], [ [ [ 127.664290545403688, 38.327209340018761 ], [ 127.664533941885708, 38.326954859572346 ], [ 127.664419073429997, 38.326818668608055 ], [ 127.664290545403688, 38.327209340018761 ] ] ], [ [ [ 127.664049532596295, 38.327473346568439 ], [ 127.664248530955916, 38.326879197022357 ], [ 127.663749551305202, 38.327250709178998 ], [ 127.664049532596295, 38.327473346568439 ] ] ] ] } },
{ "type": "Feature", "properties": { "emd_cd": "51780370", "emd_nm": "임남면" }, "geometry": { "type": "MultiPolygon", "coordinates": [ [ [ [ 127.812410254648128, 38.283538024108495 ], [ 127.81289292726143, 38.289196335919108 ], [ 127.820336804531408, 38.295064203351373 ], [ 127.821738785066756, 38.303787649190411 ], [ 127.839466542037641, 38.307697771742433 ], [ 127.849603395472045, 38.314246933846519 ], [ 127.852595112951846, 38.314415804248007 ], [ 127.857952632897607, 38.311731914418779 ], [ 127.874864175818146, 38.31689279131762 ], [ 127.879452539836365, 38.312168720641402 ], [ 127.888467750249546, 38.30876527386188 ], [ 127.878755162460308, 38.298311693634041 ], [ 127.875168152352074, 38.292121881376076 ], [ 127.865711301332951, 38.287208646117904 ], [ 127.861096687154486, 38.281403875302331 ], [ 127.848441958149678, 38.281032403219932 ], [ 127.844905088988838, 38.278829144562451 ], [ 127.840920353724712, 38.280550688429031 ], [ 127.824010528051275, 38.280805148396482 ], [ 127.820427663393076, 38.28312243919963 ], [ 127.812410254648128, 38.283538024108495 ] ] ] ] } },
{ "type": "Feature", "properties": { "emd_cd": "51790250", "emd_nm": "화천읍" }, "geometry": { "type": "MultiPolygon", "coordinates": [ [ [ [ 127.734811351635116, 38.086946233579482 ], [ 127.715025734305868, 38.100518586925951 ], [ 127.715175469308377, 38.101749364699778 ], [ 127.71114514743995, 38.102662968319756 ], [ 127.708905979967184, 38.100993922607401 ], [ 127.69953426301376, 38.099552540636928 ], [ 127.696186344277564, 38.096236191497802 ], [ 127.694069633622405, 38.090639481616307 ], [ 127.687001383497972, 38.091852838795845 ], [ 127.688683649850603, 38.093939723096831 ], [ 127.686974057016698, 38.095543762997536 ], [ 127.692126638099225, 38.102243637867431 ], [ 127.688623913632782, 38.102210487190611 ], [ 127.688577437517139, 38.103652597975881 ], [ 127.683580137838987, 38.105158801227368 ], [ 127.677998717593198, 38.10876377112573 ], [ 127.675970293040848, 38.111910428960357 ], [ 127.680076670537986, 38.114259026192514 ], [ 127.68521966612451, 38.113198109180622 ], [ 127.683209959619106, 38.115484512466566 ], [ 127.685036442883629, 38.117786716337271 ], [ 127.691086211543364, 38.119532610946507 ], [ 127.691562837001115, 38.122661675947796 ], [ 127.688447222542308, 38.133446554897269 ], [ 127.685153811394457, 38.138241063008074 ], [ 127.676874275577106, 38.138958689727488 ], [ 127.674026518165036, 38.141773600188095 ], [ 127.666973417650169, 38.142852460315545 ], [ 127.662622418766347, 38.147854913114323 ], [ 127.663659864651663, 38.149802772888783 ], [ 127.672235312198822, 38.150137275057801 ], [ 127.672450185192119, 38.152458490179782 ], [ 127.676849642523422, 38.154003193441099 ], [ 127.676921221103399, 38.155452978321669 ], [ 127.674557021753856, 38.156269172733921 ], [ 127.67499116992191, 38.159561887630417 ], [ 127.680578082919268, 38.161619540676988 ], [ 127.684852847930969, 38.160111040680832 ], [ 127.688432286704213, 38.163927627663881 ], [ 127.696215583796985, 38.165966098673316 ], [ 127.696313183351208, 38.17081976045003 ], [ 127.701083165111655, 38.174708881245635 ], [ 127.701180994539129, 38.179766686199898 ], [ 127.704400319669801, 38.18383096877492 ], [ 127.704197507239513, 38.186733412333339 ], [ 127.706660381294483, 38.191572895270347 ], [ 127.7053723090836, 38.197898509289374 ], [ 127.706990756343387, 38.201646966696543 ], [ 127.705128065589747, 38.20824445250738 ], [ 127.708406136065051, 38.215192319713275 ], [ 127.707891024516144, 38.223885400295103 ], [ 127.717482539484706, 38.229816242517359 ], [ 127.729187550684074, 38.230136441760159 ], [ 127.72633522355919, 38.237253871434895 ], [ 127.719120184107396, 38.246919138139873 ], [ 127.713078797837468, 38.250418132773397 ], [ 127.71221072690318, 38.259324121472474 ], [ 127.720854505170053, 38.264992146406485 ], [ 127.72330124135766, 38.270660617827971 ], [ 127.72886697939812, 38.276373862502652 ], [ 127.732887062601904, 38.278663044163153 ], [ 127.737436229683155, 38.277987025493829 ], [ 127.750615172347651, 38.283339754852783 ], [ 127.760409935877917, 38.283380843395193 ], [ 127.782239701447665, 38.28805708438928 ], [ 127.794206441709917, 38.278742681811131 ], [ 127.801554910767919, 38.277150817130355 ], [ 127.806536519194339, 38.285213130756276 ], [ 127.811483099546763, 38.287957292393408 ], [ 127.83082250489457, 38.286144344964328 ], [ 127.837571352561199, 38.287286180380427 ], [ 127.845736738694285, 38.283590833425116 ], [ 127.852283853007194, 38.284646711119706 ], [ 127.859697144193461, 38.28256268272682 ], [ 127.862603861374566, 38.283265420992102 ], [ 127.863782037967169, 38.27667396186304 ], [ 127.860064516392114, 38.272792724298924 ], [ 127.858536827846635, 38.263416676145333 ], [ 127.853394551736741, 38.258056545573872 ], [ 127.855341395981512, 38.253963786078188 ], [ 127.853864724036271, 38.245665304580569 ], [ 127.856102439798008, 38.244983692859293 ], [ 127.858172732912379, 38.235204933026736 ], [ 127.852664300949087, 38.230071515378548 ], [ 127.851770635642239, 38.218383491794562 ], [ 127.854334238454726, 38.213782187405045 ], [ 127.851717305230252, 38.208917179068521 ], [ 127.858571745249719, 38.203334004324525 ], [ 127.867636445577219, 38.20519727331822 ], [ 127.878191806700329, 38.19767260766929 ], [ 127.87528590092613, 38.191392569514512 ], [ 127.875562786117442, 38.188214788065274 ], [ 127.877433768800159, 38.186227476924891 ], [ 127.877314114372822, 38.181628111688724 ], [ 127.881275325923411, 38.169322595935483 ], [ 127.875584612007827, 38.158973336637267 ], [ 127.878016351569002, 38.149326981965928 ], [ 127.875955004173193, 38.147632631455245 ], [ 127.873798888820161, 38.139213457049877 ], [ 127.876902852712405, 38.133789500649257 ], [ 127.875011950913844, 38.127157835777581 ], [ 127.876278523587132, 38.120139331652382 ], [ 127.878554588214428, 38.118576771538386 ], [ 127.87364673530702, 38.102766029058529 ], [ 127.870652637496335, 38.101486854298777 ], [ 127.863275928989978, 38.101950085511987 ], [ 127.850756135406286, 38.112849831194211 ], [ 127.832954771268064, 38.115107732152232 ], [ 127.827261781947101, 38.113390665220308 ], [ 127.811358312416942, 38.103769003671928 ], [ 127.795320053451704, 38.100887369153106 ], [ 127.781949391946583, 38.101544443693406 ], [ 127.776064465601422, 38.103701373470074 ], [ 127.773442680458956, 38.106733089299993 ], [ 127.774386034363488, 38.112317493983895 ], [ 127.779039965048085, 38.119093842850816 ], [ 127.778514310059705, 38.122700853635209 ], [ 127.769872488581285, 38.132098734124817 ], [ 127.765051874119749, 38.130047548761283 ], [ 127.760967402347291, 38.124627616880474 ], [ 127.763326710082765, 38.118927593252323 ], [ 127.763586806970181, 38.105714061902511 ], [ 127.754122244237365, 38.086855516324349 ], [ 127.749392321794886, 38.083846260470303 ], [ 127.744198173958509, 38.083547625457676 ], [ 127.734811351635116, 38.086946233579482 ] ] ] ] } },
{ "type": "Feature", "properties": { "emd_cd": "51790310", "emd_nm": "간동면" }, "geometry": { "type": "MultiPolygon", "coordinates": [ [ [ [ 127.750744983694887, 38.051060947263871 ], [ 127.750237986320428, 38.060420806088729 ], [ 127.738864277601692, 38.062866303340471 ], [ 127.73428297820216, 38.068268819645624 ], [ 127.736602948566301, 38.071517197864523 ], [ 127.73768605372328, 38.079757015607719 ], [ 127.727947966532241, 38.087254430971235 ], [ 127.726657314084264, 38.091966050736879 ], [ 127.727791590917562, 38.092755838658384 ], [ 127.734811351635116, 38.086946233579482 ], [ 127.745107462007809, 38.08336936439661 ], [ 127.749392321794886, 38.083846260470303 ], [ 127.75395139202287, 38.086696378060168 ], [ 127.763586806970181, 38.105714061902511 ], [ 127.763326710082765, 38.118927593252323 ], [ 127.760967402347291, 38.124627616880474 ], [ 127.765051874119749, 38.130047548761283 ], [ 127.769872488581285, 38.132098734124817 ], [ 127.778514310059705, 38.122700853635209 ], [ 127.779039965048085, 38.119093842850816 ], [ 127.774386034363488, 38.112317493983895 ], [ 127.773442680458956, 38.106733089299993 ], [ 127.776064465601422, 38.103701373470074 ], [ 127.784397129095865, 38.10106640346919 ], [ 127.795320053451704, 38.100887369153106 ], [ 127.811358312416942, 38.103769003671928 ], [ 127.827261781947101, 38.113390665220308 ], [ 127.832954771268064, 38.115107732152232 ], [ 127.850756135406286, 38.112849831194211 ], [ 127.86239061822171, 38.102264892529547 ], [ 127.871654545530532, 38.101591464023549 ], [ 127.874253577722655, 38.103689908192067 ], [ 127.87812833887692, 38.118391209621947 ], [ 127.886355079572539, 38.116716851858861 ], [ 127.887826461780065, 38.115300490791405 ], [ 127.887017491799654, 38.111732436030508 ], [ 127.884005452984567, 38.109455423211358 ], [ 127.886412307041454, 38.103479957767654 ], [ 127.884989551347573, 38.101726496713518 ], [ 127.887649673517643, 38.100307309117923 ], [ 127.888323209656733, 38.093520567363896 ], [ 127.9006238744239, 38.090916739338169 ], [ 127.906422937117057, 38.078813611332286 ], [ 127.903829016879726, 38.073056875226321 ], [ 127.904451661781849, 38.070069231156957 ], [ 127.913650329268407, 38.058600379111006 ], [ 127.90478789320197, 38.05338224326583 ], [ 127.902693706472277, 38.050600756075596 ], [ 127.888249888115624, 38.05014555648372 ], [ 127.879030687176027, 38.047280972888267 ], [ 127.874879238938519, 38.049236195539542 ], [ 127.859125564377663, 38.049953691541639 ], [ 127.855094337957595, 38.05233998378182 ], [ 127.851224178602493, 38.045550146503459 ], [ 127.851784526010789, 38.042195870495519 ], [ 127.849172492099541, 38.036298223863376 ], [ 127.850737127711227, 38.030892847103367 ], [ 127.855529878237007, 38.02866211638819 ], [ 127.854067854299245, 38.025337510611806 ], [ 127.85821441893772, 38.018790134007595 ], [ 127.849868382170513, 38.016700962893132 ], [ 127.847386979210583, 38.014323014766859 ], [ 127.839787326931841, 38.014508514800859 ], [ 127.837129102825614, 38.013075774444452 ], [ 127.832168256952258, 38.007005071346896 ], [ 127.831832963971095, 38.004313583085953 ], [ 127.827015887578298, 38.000776043415726 ], [ 127.820381314238844, 38.003924030999833 ], [ 127.813381760884852, 38.003738595757973 ], [ 127.790484728352823, 37.994301302111722 ], [ 127.788142092462408, 37.99430356977733 ], [ 127.78453912585411, 38.006702004105293 ], [ 127.776594768325282, 38.013560247111769 ], [ 127.774390829641575, 38.023160643298326 ], [ 127.767985925349066, 38.029247188619372 ], [ 127.759504592624651, 38.030969758827055 ], [ 127.758472606404439, 38.034771213458285 ], [ 127.750688568770215, 38.03554021121527 ], [ 127.748069268321331, 38.038169159618789 ], [ 127.746921178319923, 38.044412588256797 ], [ 127.750744983694887, 38.051060947263871 ] ] ] ] } },
{ "type": "Feature", "properties": { "emd_cd": "51790320", "emd_nm": "하남면" }, "geometry": { "type": "MultiPolygon", "coordinates": [ [ [ [ 127.554641668375027, 38.102271714737341 ], [ 127.555798026819232, 38.106382142835585 ], [ 127.560186289333004, 38.110227083468956 ], [ 127.562159613113792, 38.115411906726344 ], [ 127.558392563447043, 38.128034707782177 ], [ 127.564697263652079, 38.133787322633516 ], [ 127.584872533854323, 38.13227659409808 ], [ 127.603844522939553, 38.133927420756287 ], [ 127.6202684591766, 38.120827545131242 ], [ 127.636510639058002, 38.127124778490646 ], [ 127.645057651414362, 38.12435866940379 ], [ 127.64577477422111, 38.125883097204749 ], [ 127.651350279298441, 38.126079540994922 ], [ 127.654311969791294, 38.123680317104217 ], [ 127.661465748653143, 38.124333404991873 ], [ 127.663337779772348, 38.121521219644833 ], [ 127.673588678901396, 38.119154980868082 ], [ 127.673178977165165, 38.117076153505415 ], [ 127.677998717593198, 38.10876377112573 ], [ 127.688577437517139, 38.103652597975881 ], [ 127.688623913632782, 38.102210487190611 ], [ 127.692126638099225, 38.102243637867431 ], [ 127.686974057016698, 38.095543762997536 ], [ 127.688683649850603, 38.093939723096831 ], [ 127.687184957814196, 38.091754075138219 ], [ 127.694069633622405, 38.090639481616307 ], [ 127.696186344277564, 38.096236191497802 ], [ 127.69953426301376, 38.099552540636928 ], [ 127.708905979967184, 38.100993922607401 ], [ 127.71114514743995, 38.102662968319756 ], [ 127.715175469308377, 38.101749364699778 ], [ 127.715025734305868, 38.100518586925951 ], [ 127.727791590917562, 38.092755838658384 ], [ 127.726661278502036, 38.091701560915112 ], [ 127.727947966532241, 38.087254430971235 ], [ 127.73768605372328, 38.079757015607719 ], [ 127.736602948566301, 38.071517197864523 ], [ 127.73428297820216, 38.068268819645624 ], [ 127.738864277601692, 38.062866303340471 ], [ 127.750237986320428, 38.060420806088729 ], [ 127.750744983694887, 38.051060947263871 ], [ 127.746921178319923, 38.044412588256797 ], [ 127.748019541859449, 38.03825280836827 ], [ 127.738522798347645, 38.03888037813968 ], [ 127.733446354352111, 38.036217332666851 ], [ 127.728969809768827, 38.032454168221136 ], [ 127.728538027258764, 38.029280456437618 ], [ 127.725385353302997, 38.025110063906858 ], [ 127.723313686368073, 38.024654276588919 ], [ 127.713523654991675, 38.023878441566332 ], [ 127.709359539021833, 38.032382779440638 ], [ 127.700170190112544, 38.038182250193678 ], [ 127.687213406796275, 38.034342683271063 ], [ 127.681586166992176, 38.03413272615046 ], [ 127.678586396483951, 38.036303372440209 ], [ 127.670952076917033, 38.034825032378428 ], [ 127.665386384071141, 38.030404817372101 ], [ 127.654618897581116, 38.02760488524175 ], [ 127.655555839620177, 38.024054693842125 ], [ 127.654113199795248, 38.023807789303568 ], [ 127.6507508270237, 38.027002196034601 ], [ 127.648098564403838, 38.033401367487393 ], [ 127.648938705638031, 38.044565414342941 ], [ 127.652787482617825, 38.047549129118011 ], [ 127.653393376482057, 38.049989057510182 ], [ 127.65151668375627, 38.055004144754939 ], [ 127.645443260047969, 38.056460927091941 ], [ 127.641159369715794, 38.052039841942943 ], [ 127.631162676325019, 38.050122069800508 ], [ 127.623605081558352, 38.051564880853498 ], [ 127.616454382383083, 38.058302257956271 ], [ 127.611498336981882, 38.056683025254983 ], [ 127.608204833715561, 38.060288049285077 ], [ 127.605380366144928, 38.061033835118216 ], [ 127.608311460856257, 38.068402461129132 ], [ 127.607852659084273, 38.071681388781883 ], [ 127.598100389790943, 38.076889682974524 ], [ 127.596754056504253, 38.079866877720121 ], [ 127.585649103921014, 38.080220402589333 ], [ 127.575561506308972, 38.084798450740124 ], [ 127.566071047454528, 38.083851829577718 ], [ 127.556612249555528, 38.096910477221826 ], [ 127.554641668375027, 38.102271714737341 ] ] ] ] } },
{ "type": "Feature", "properties": { "emd_cd": "51790330", "emd_nm": "상서면" }, "geometry": { "type": "MultiPolygon", "coordinates": [ [ [ [ 127.661465748653143, 38.124333404991873 ], [ 127.654311969791294, 38.123680317104217 ], [ 127.651350279298441, 38.126079540994922 ], [ 127.64577477422111, 38.125883097204749 ], [ 127.645057651414362, 38.12435866940379 ], [ 127.636510639058002, 38.127124778490646 ], [ 127.6202684591766, 38.120827545131242 ], [ 127.609628720018833, 38.128508204680855 ], [ 127.606631079285904, 38.132537154776067 ], [ 127.599210407236626, 38.134350858284847 ], [ 127.584872533854323, 38.13227659409808 ], [ 127.566930457518495, 38.13417169960028 ], [ 127.556577743293886, 38.127845306754665 ], [ 127.549265479730266, 38.132996393701838 ], [ 127.5490235498971, 38.153425650110528 ], [ 127.540208395966758, 38.156573319514052 ], [ 127.536039090907451, 38.156260191129675 ], [ 127.502801653280727, 38.148485484612429 ], [ 127.500100600074759, 38.151341244573096 ], [ 127.495157624728819, 38.152965417548778 ], [ 127.490695312943487, 38.159191225859331 ], [ 127.504224454080884, 38.173507416691798 ], [ 127.503784863983597, 38.184860730369657 ], [ 127.508570187990344, 38.199152749917026 ], [ 127.524506720255829, 38.200618591937356 ], [ 127.531622753413714, 38.210600314648715 ], [ 127.536707949394923, 38.210619558698745 ], [ 127.542418044312484, 38.216806656448327 ], [ 127.539079483164812, 38.222027708447591 ], [ 127.543152626098475, 38.230935870310631 ], [ 127.558739095558479, 38.232542637482013 ], [ 127.566511606847669, 38.238286724572838 ], [ 127.569146605687536, 38.243001745674668 ], [ 127.570072799278179, 38.248971503875083 ], [ 127.578558390713255, 38.253827431304231 ], [ 127.578998366965664, 38.256161029332084 ], [ 127.589258807133803, 38.257431356759746 ], [ 127.591111550388234, 38.26037355901726 ], [ 127.597333246185386, 38.262656309762619 ], [ 127.598578758306957, 38.269892265446579 ], [ 127.596306014189594, 38.271238606043902 ], [ 127.593973249145705, 38.277922857593481 ], [ 127.598545494064155, 38.282481997653413 ], [ 127.607404275261501, 38.284729157623168 ], [ 127.609447185086708, 38.279406938435095 ], [ 127.614532555279311, 38.275030401977226 ], [ 127.619318865941864, 38.273453358188576 ], [ 127.619691296563488, 38.269460661472287 ], [ 127.62707719849773, 38.263852147831699 ], [ 127.635971063481193, 38.261178127255256 ], [ 127.639799308491789, 38.262549263954909 ], [ 127.645255192544354, 38.261733978240756 ], [ 127.646953263894929, 38.259820792753821 ], [ 127.659870222635519, 38.263829070282497 ], [ 127.671969909314242, 38.263853284173649 ], [ 127.680989885220285, 38.253300340728366 ], [ 127.689649420611005, 38.24938316428068 ], [ 127.704632284445921, 38.248108270498193 ], [ 127.711555525382252, 38.250666961771067 ], [ 127.716520980223066, 38.248962204273788 ], [ 127.72841899152192, 38.232775894033132 ], [ 127.729187550684074, 38.230136441760159 ], [ 127.717482539484706, 38.229816242517359 ], [ 127.707891024516144, 38.223885400295103 ], [ 127.708406136065051, 38.215192319713275 ], [ 127.705128065589747, 38.20824445250738 ], [ 127.706990756343387, 38.201646966696543 ], [ 127.7053723090836, 38.197898509289374 ], [ 127.706660381294483, 38.191572895270347 ], [ 127.704197507239513, 38.186733412333339 ], [ 127.704400319669801, 38.18383096877492 ], [ 127.701180994539129, 38.179766686199898 ], [ 127.701083165111655, 38.174708881245635 ], [ 127.696313183351208, 38.17081976045003 ], [ 127.696215583796985, 38.165966098673316 ], [ 127.688432286704213, 38.163927627663881 ], [ 127.684852847930969, 38.160111040680832 ], [ 127.680578082919268, 38.161619540676988 ], [ 127.676854297606823, 38.160523079544781 ], [ 127.674399620653659, 38.158701755182527 ], [ 127.674615035575087, 38.156106303002716 ], [ 127.676921221103399, 38.155452978321669 ], [ 127.676849642523422, 38.154003193441099 ], [ 127.672450185192119, 38.152458490179782 ], [ 127.673075260217047, 38.15062116037884 ], [ 127.662606687694947, 38.148953459262991 ], [ 127.664719354539869, 38.1441704823172 ], [ 127.666973417650169, 38.142852460315545 ], [ 127.674026518165036, 38.141773600188095 ], [ 127.676874275577106, 38.138958689727488 ], [ 127.685153811394457, 38.138241063008074 ], [ 127.689323914695208, 38.131133950336142 ], [ 127.691086211543364, 38.119532610946507 ], [ 127.685036442883629, 38.117786716337271 ], [ 127.683209959619106, 38.115484512466566 ], [ 127.68521966612451, 38.113198109180622 ], [ 127.681152867081622, 38.114406119462089 ], [ 127.676468255312514, 38.112073747696492 ], [ 127.673178977165165, 38.117076153505415 ], [ 127.673588678901396, 38.119154980868082 ], [ 127.663337779772348, 38.121521219644833 ], [ 127.661465748653143, 38.124333404991873 ] ] ] ] } },
{ "type": "Feature", "properties": { "emd_cd": "51790340", "emd_nm": "사내면" }, "geometry": { "type": "MultiPolygon", "coordinates": [ [ [ [ 127.430666781812832, 38.115509889631639 ], [ 127.441316716691048, 38.124334958177862 ], [ 127.444542510747823, 38.123779742895906 ], [ 127.447235422980583, 38.119925730137908 ], [ 127.44591325614239, 38.117116885483362 ], [ 127.453839581995453, 38.117436953946729 ], [ 127.454173443948335, 38.120573113100171 ], [ 127.457226392348602, 38.122732219585686 ], [ 127.467508988902082, 38.125151404990326 ], [ 127.484283982185943, 38.125220908532093 ], [ 127.495287213167771, 38.132990868507193 ], [ 127.495968674690502, 38.138064894135319 ], [ 127.498170540026408, 38.141712750762565 ], [ 127.500398097123224, 38.14168620420449 ], [ 127.502801653280727, 38.148485484612429 ], [ 127.505155496476078, 38.149607087873974 ], [ 127.509797391252462, 38.149164234264177 ], [ 127.522738584446515, 38.154094660306917 ], [ 127.536039090907451, 38.156260191129675 ], [ 127.540208395966758, 38.156573319514052 ], [ 127.5490235498971, 38.153425650110528 ], [ 127.549265479730266, 38.132996393701838 ], [ 127.552459280179676, 38.129560125571608 ], [ 127.558392563447043, 38.128034707782177 ], [ 127.562119084550147, 38.116901880747236 ], [ 127.560186289333004, 38.110227083468956 ], [ 127.555798026819232, 38.106382142835585 ], [ 127.554786929060043, 38.101367693468106 ], [ 127.556612249555528, 38.096910477221826 ], [ 127.560703353364516, 38.092947576910596 ], [ 127.563423865923568, 38.085996265945688 ], [ 127.566071047454528, 38.083851829577718 ], [ 127.566644181681369, 38.07927773505795 ], [ 127.56411641709127, 38.071799835690001 ], [ 127.565733943583041, 38.067702534696103 ], [ 127.575068139839161, 38.063247153717363 ], [ 127.576887538802865, 38.061594361000374 ], [ 127.576943018432203, 38.057646356417138 ], [ 127.579597249914968, 38.055722485125848 ], [ 127.574106620144889, 38.050924643964741 ], [ 127.573994636145159, 38.047161413197671 ], [ 127.578637248324, 38.039808725315567 ], [ 127.574097844060788, 38.035519313821979 ], [ 127.567001800178076, 38.031936752429651 ], [ 127.563867844569074, 38.021987010970356 ], [ 127.544738853998837, 38.019545109657322 ], [ 127.539428221445803, 37.999003171064629 ], [ 127.540313858063882, 37.996251955847846 ], [ 127.530399802465169, 37.998926969880984 ], [ 127.514146730009188, 37.998191587267854 ], [ 127.508637575076946, 37.999333674354887 ], [ 127.503692027474443, 37.997265963372271 ], [ 127.496256508764262, 38.003703258219311 ], [ 127.471553704927899, 38.006455434307178 ], [ 127.461496290030652, 38.012898638663607 ], [ 127.456853883066444, 38.018529326399495 ], [ 127.45601650130601, 38.027743384449074 ], [ 127.453414915659835, 38.03080065088362 ], [ 127.451014466385899, 38.038067247483504 ], [ 127.452891829156471, 38.047229186490206 ], [ 127.446184344508254, 38.051252118902894 ], [ 127.4466656123749, 38.054285255435694 ], [ 127.444545560530386, 38.057323004045998 ], [ 127.44670484845976, 38.071247744153268 ], [ 127.444452019201222, 38.074842294378541 ], [ 127.447087152707326, 38.0808339450153 ], [ 127.44475778982202, 38.087989835461833 ], [ 127.445124826497107, 38.097475163490742 ], [ 127.442110583631973, 38.102000687581878 ], [ 127.440429493232173, 38.10884307350004 ], [ 127.433511981633245, 38.111014810623374 ], [ 127.430666781812832, 38.115509889631639 ] ] ] ] } },
{ "type": "Feature", "properties": { "emd_cd": "51800250", "emd_nm": "양구읍" }, "geometry": { "type": "MultiPolygon", "coordinates": [ [ [ [ 128.007879008752241, 38.199788641129075 ], [ 128.008560111563639, 38.197861612861274 ], [ 128.017215633397228, 38.193298203403913 ], [ 128.018539330253191, 38.189662834095465 ], [ 128.021077305760571, 38.188079671201073 ], [ 128.020590580089248, 38.185972679051879 ], [ 128.022727648380965, 38.184622561159912 ], [ 128.021833496041694, 38.182034290987154 ], [ 128.02453396801215, 38.173502421968003 ], [ 128.022294466316822, 38.172289360967739 ], [ 128.02254963039033, 38.170640512291172 ], [ 128.024571795448594, 38.167026043093706 ], [ 128.0263246384703, 38.16735109681261 ], [ 128.026330421144223, 38.164350743685119 ], [ 128.028193186617216, 38.163211774615007 ], [ 128.029677418911604, 38.147415575152003 ], [ 128.037303325960352, 38.138824413341027 ], [ 128.038849944183966, 38.134240827990119 ], [ 128.029918463226068, 38.130002108104371 ], [ 128.028552633047184, 38.125759890525046 ], [ 128.025237101334596, 38.124191968298938 ], [ 128.026588984764487, 38.123054419270694 ], [ 128.023878864195922, 38.117818392881631 ], [ 128.020403099728867, 38.118284473024453 ], [ 128.018046390578064, 38.114883699203659 ], [ 128.01064139822563, 38.109991338540546 ], [ 128.01204864464512, 38.106500996833724 ], [ 128.011228308775856, 38.104523644422393 ], [ 128.008605070983663, 38.103817243483967 ], [ 128.010742261958029, 38.09694308438128 ], [ 128.008271993970737, 38.09576587846847 ], [ 128.008706124410651, 38.093945014848501 ], [ 128.004916385524837, 38.093312050042293 ], [ 128.005195084125063, 38.087791731850125 ], [ 127.998178271790863, 38.08861425811881 ], [ 127.996478687915854, 38.086353282393283 ], [ 127.991157391154516, 38.087139761362359 ], [ 127.993464090369869, 38.082512791006749 ], [ 127.990921371913615, 38.079205034271467 ], [ 127.990970690146881, 38.06681233693557 ], [ 127.984057296580104, 38.059882538051866 ], [ 127.982889985315694, 38.054765979052334 ], [ 127.980684291237324, 38.053237018229844 ], [ 127.978798258497307, 38.048555521816382 ], [ 127.980531238270785, 38.03878131136139 ], [ 127.977078978366208, 38.037154174318566 ], [ 127.979347495436215, 38.034892108241976 ], [ 127.981511750492999, 38.02839668902412 ], [ 127.968881250710254, 38.030980955823452 ], [ 127.953536128454473, 38.038571610533431 ], [ 127.951516818264068, 38.038173528315767 ], [ 127.947052885977911, 38.032915111502959 ], [ 127.946308400639523, 38.020790558642659 ], [ 127.94074019641549, 38.015139553332368 ], [ 127.934754427842748, 38.013886567710621 ], [ 127.931700306336737, 38.017753415677873 ], [ 127.913342656199546, 38.022868875301015 ], [ 127.904059281920169, 38.030315405033171 ], [ 127.901859858534834, 38.038201646359177 ], [ 127.903706079792798, 38.041847020191753 ], [ 127.902713887937054, 38.050587223191698 ], [ 127.903751137342894, 38.052529948338687 ], [ 127.913638004121992, 38.058539124465263 ], [ 127.904352465498718, 38.070127929005835 ], [ 127.904319284175429, 38.074895633311982 ], [ 127.907762295749535, 38.080431275957352 ], [ 127.903798529337564, 38.084706838606031 ], [ 127.901105558439397, 38.090884017638992 ], [ 127.888255247267168, 38.093512134460561 ], [ 127.887628144515546, 38.100325777358975 ], [ 127.884993012828019, 38.102038589710496 ], [ 127.886347232830332, 38.103518906376799 ], [ 127.884010341729009, 38.109452359539212 ], [ 127.8870026861197, 38.11172630452127 ], [ 127.887830380766005, 38.115302082809137 ], [ 127.882049311360348, 38.118726321373849 ], [ 127.876198034856657, 38.119108578484095 ], [ 127.875045762307423, 38.127112576556009 ], [ 127.876883497751592, 38.133762798768529 ], [ 127.873807823426063, 38.139202237867146 ], [ 127.877678257371059, 38.153160369291868 ], [ 127.875542537005586, 38.158956425074592 ], [ 127.880554649742521, 38.166165774057092 ], [ 127.881037655677716, 38.170527839816614 ], [ 127.886744408118403, 38.167241126798821 ], [ 127.890759362593343, 38.167284360130701 ], [ 127.898431334944334, 38.172832363037543 ], [ 127.900532872375791, 38.171839382578852 ], [ 127.898966247727159, 38.167331244076635 ], [ 127.902154379302374, 38.165621563225926 ], [ 127.907230950266324, 38.169552977466907 ], [ 127.916488022012359, 38.170267840224525 ], [ 127.921041586111144, 38.176426477394592 ], [ 127.928047747570574, 38.17763099068894 ], [ 127.934041183609637, 38.174789377391519 ], [ 127.943899930879041, 38.17529771642662 ], [ 127.950160091617605, 38.170565179571469 ], [ 127.953473537768843, 38.171710771959482 ], [ 127.964291548869895, 38.170167827490083 ], [ 127.983574799814278, 38.179233249212913 ], [ 127.981951122631969, 38.186839103938908 ], [ 127.983361162533839, 38.191671874406794 ], [ 127.990442658440685, 38.194117232175508 ], [ 127.995067486297657, 38.19762963719176 ], [ 128.007879008752241, 38.199788641129075 ] ] ] ] } },
{ "type": "Feature", "properties": { "emd_cd": "51800315", "emd_nm": "국토정중앙면" }, "geometry": { "type": "MultiPolygon", "coordinates": [ [ [ [ 128.097367742707632, 38.174595661946604 ], [ 128.095591255965019, 38.160792956257943 ], [ 128.086341442326045, 38.152190434163437 ], [ 128.089211287173612, 38.149271897744917 ], [ 128.090339880057712, 38.143092339495077 ], [ 128.087725439100268, 38.138398526971443 ], [ 128.091729733360864, 38.136037432638993 ], [ 128.093411111264771, 38.13086029009915 ], [ 128.10001985440843, 38.129744316328434 ], [ 128.098101563739789, 38.124139774170281 ], [ 128.104166987720333, 38.115039584263037 ], [ 128.105014047979409, 38.108712490229394 ], [ 128.101054278917303, 38.105802648369156 ], [ 128.101287550607537, 38.102741124554576 ], [ 128.097394347853367, 38.101036818229048 ], [ 128.090193990835587, 38.101200973346117 ], [ 128.088054599305508, 38.095853955503337 ], [ 128.099927777837593, 38.078345022314622 ], [ 128.112951416148377, 38.070984920583122 ], [ 128.11532397774252, 38.062584040834388 ], [ 128.113720888848889, 38.055651644155091 ], [ 128.117945849970454, 38.047326195417916 ], [ 128.112518186278095, 38.041849305216211 ], [ 128.113488665785411, 38.03683611320627 ], [ 128.102854346059388, 38.029173931166618 ], [ 128.094210227852699, 38.028251178651871 ], [ 128.088301998803558, 38.033079744794136 ], [ 128.085012807995497, 38.032308178004428 ], [ 128.080102760020281, 38.034177242779997 ], [ 128.078738235097916, 38.038115102417116 ], [ 128.069838832596645, 38.043671924156577 ], [ 128.068852848439349, 38.046799329061287 ], [ 128.061067959766149, 38.047311165007514 ], [ 128.0601266482862, 38.041056463701075 ], [ 128.058020791778461, 38.039117564071553 ], [ 128.059155731480985, 38.035061259809147 ], [ 128.056623034889896, 38.030957852353708 ], [ 128.059353404210299, 38.027753481650961 ], [ 128.061935989953525, 38.018935540054116 ], [ 128.06037254842343, 38.014991298684336 ], [ 128.055507721866093, 38.015401636827889 ], [ 128.052813422735852, 38.018398857152874 ], [ 128.04512893208485, 38.020463207255567 ], [ 128.03084923472889, 38.014124265278738 ], [ 128.024929116162042, 38.019417148344289 ], [ 128.01435837135233, 38.019148151753768 ], [ 128.007948814510428, 38.015594429177199 ], [ 127.997935168946597, 38.002773408046615 ], [ 127.993275227121501, 38.001611787713465 ], [ 127.991024272885014, 38.002644239515718 ], [ 127.98377472151887, 38.010287009560223 ], [ 127.987633682591877, 38.023891373030118 ], [ 127.985507752586059, 38.026819530555528 ], [ 127.981511750492999, 38.02839668902412 ], [ 127.979347495436215, 38.034892108241976 ], [ 127.977078978366208, 38.037154174318566 ], [ 127.980531238270785, 38.03878131136139 ], [ 127.978798258497307, 38.048555521816382 ], [ 127.980684291237324, 38.053237018229844 ], [ 127.982889985315694, 38.054765979052334 ], [ 127.984057296580104, 38.059882538051866 ], [ 127.990970690146881, 38.06681233693557 ], [ 127.990921371913615, 38.079205034271467 ], [ 127.993464090369869, 38.082512791006749 ], [ 127.991157391154516, 38.087139761362359 ], [ 127.996478687915854, 38.086353282393283 ], [ 127.998178271790863, 38.08861425811881 ], [ 128.005195084125063, 38.087791731850125 ], [ 128.004916385524837, 38.093312050042293 ], [ 128.008706124410651, 38.093945014848501 ], [ 128.008271993970737, 38.09576587846847 ], [ 128.010742261958029, 38.09694308438128 ], [ 128.008605070983663, 38.103817243483967 ], [ 128.011228308775856, 38.104523644422393 ], [ 128.01204864464512, 38.106500996833724 ], [ 128.01064139822563, 38.109991338540546 ], [ 128.018046390578064, 38.114883699203659 ], [ 128.020403099728867, 38.118284473024453 ], [ 128.023878864195922, 38.117818392881631 ], [ 128.026588984764487, 38.123054419270694 ], [ 128.025237101334596, 38.124191968298938 ], [ 128.028552633047184, 38.125759890525046 ], [ 128.029918463226068, 38.130002108104371 ], [ 128.038849944183966, 38.134240827990119 ], [ 128.037303325960352, 38.138824413341027 ], [ 128.029677418911604, 38.147415575152003 ], [ 128.029010305949981, 38.156746299236438 ], [ 128.031824047312142, 38.157362109045415 ], [ 128.036462643806999, 38.162289409077715 ], [ 128.043483093056722, 38.161770154432745 ], [ 128.046887956285985, 38.16484948853023 ], [ 128.053129629541303, 38.164609240228941 ], [ 128.055269293017204, 38.162962188626352 ], [ 128.060526565708841, 38.164826866718002 ], [ 128.063782659028817, 38.163467682848712 ], [ 128.070952976684254, 38.164937130989685 ], [ 128.077292344243375, 38.171519880057957 ], [ 128.092346854836762, 38.179660905593977 ], [ 128.09977506951796, 38.188987284979277 ], [ 128.105358295565054, 38.184864576061571 ], [ 128.103660989477476, 38.182866679169159 ], [ 128.103891072223519, 38.177533199847076 ], [ 128.097367742707632, 38.174595661946604 ] ] ] ] } },
{ "type": "Feature", "properties": { "emd_cd": "51800320", "emd_nm": "동면" }, "geometry": { "type": "MultiPolygon", "coordinates": [ [ [ [ 128.037024059604761, 38.29077073073141 ], [ 128.043751479893473, 38.289177050972121 ], [ 128.056398561444752, 38.290076480379206 ], [ 128.065684537503273, 38.287376394509486 ], [ 128.080581968222702, 38.288348280844104 ], [ 128.08592662283246, 38.290305187957472 ], [ 128.088766638326462, 38.2822854544698 ], [ 128.086617528990928, 38.279038343881197 ], [ 128.084865460298204, 38.270013966733579 ], [ 128.087481638434667, 38.260936014755401 ], [ 128.098076384135112, 38.249449040394175 ], [ 128.096318284407687, 38.239730000894866 ], [ 128.111674461543203, 38.226741543858786 ], [ 128.116707300256252, 38.225085923123089 ], [ 128.117281516703827, 38.218149203112262 ], [ 128.121477109481617, 38.213384238539348 ], [ 128.113358827248959, 38.203474024744622 ], [ 128.107191607426955, 38.201280133360221 ], [ 128.10466650929709, 38.196721966903233 ], [ 128.098957457552245, 38.192302322272063 ], [ 128.09977506951796, 38.188987284979277 ], [ 128.092346854836762, 38.179660905593977 ], [ 128.077292344243375, 38.171519880057957 ], [ 128.070952976684254, 38.164937130989685 ], [ 128.063782659028817, 38.163467682848712 ], [ 128.060526565708841, 38.164826866718002 ], [ 128.055269293017204, 38.162962188626352 ], [ 128.053129629541303, 38.164609240228941 ], [ 128.046887956285985, 38.16484948853023 ], [ 128.043483093056722, 38.161770154432745 ], [ 128.036462643806999, 38.162289409077715 ], [ 128.031824047312142, 38.157362109045415 ], [ 128.029010305949981, 38.156746299236438 ], [ 128.026597784848036, 38.166777971963228 ], [ 128.024571795448594, 38.167026043093706 ], [ 128.02254963039033, 38.170640512291172 ], [ 128.022294466316822, 38.172289360967739 ], [ 128.02453396801215, 38.173502421968003 ], [ 128.021833496041694, 38.182034290987154 ], [ 128.022727648380965, 38.184622561159912 ], [ 128.020486177713224, 38.186147090602887 ], [ 128.021077305760571, 38.188079671201073 ], [ 128.018539330253191, 38.189662834095465 ], [ 128.017215633397228, 38.193298203403913 ], [ 128.008560111563639, 38.197861612861274 ], [ 128.007879008752241, 38.199788641129075 ], [ 128.012556086343466, 38.204884146867187 ], [ 128.013621605235898, 38.211547267295373 ], [ 128.016820508707298, 38.217044464371249 ], [ 128.008050593213198, 38.22334670647593 ], [ 128.009626280516187, 38.225138947254777 ], [ 128.009207277054514, 38.229949888409813 ], [ 128.013716946988325, 38.233871451507916 ], [ 128.013281274487213, 38.237313554071157 ], [ 128.009663874807387, 38.24146687207633 ], [ 128.010986424218999, 38.247280218856332 ], [ 128.009423616119363, 38.249543210128337 ], [ 128.010764984793127, 38.253538456589844 ], [ 128.007954494366743, 38.25787271745093 ], [ 128.009013463711028, 38.263494575632521 ], [ 128.002029975522618, 38.275174536174681 ], [ 128.006239125707026, 38.277803165371971 ], [ 128.01078036967769, 38.28608015693635 ], [ 128.015965584606874, 38.289886726591988 ], [ 128.025380245487327, 38.289163279342851 ], [ 128.037024059604761, 38.29077073073141 ] ] ], [ [ [ 128.03041574009643, 38.291393548301222 ], [ 128.029491280485956, 38.290605181042338 ], [ 128.029288055659407, 38.291278738225166 ], [ 128.03041574009643, 38.291393548301222 ] ] ], [ [ [ 128.043655977342269, 38.295406599185526 ], [ 128.044084422851796, 38.292444969112921 ], [ 128.043180457268392, 38.29251858930639 ], [ 128.043655977342269, 38.295406599185526 ] ] ], [ [ [ 128.027916676431033, 38.312211472426178 ], [ 128.026483467318059, 38.311538510565072 ], [ 128.028083580655874, 38.312444158133204 ], [ 128.027916676431033, 38.312211472426178 ] ] ], [ [ [ 128.044020024116406, 38.337305935845087 ], [ 128.043975758554154, 38.333884569320958 ], [ 128.04660224637621, 38.334027010092562 ], [ 128.043179871275782, 38.333081798880571 ], [ 128.044192027205838, 38.329592163463765 ], [ 128.043338052395768, 38.327936763499515 ], [ 128.045874278385327, 38.327975652745295 ], [ 128.041123315343611, 38.323403468739151 ], [ 128.044652493171725, 38.322950803100312 ], [ 128.04636411697291, 38.324580279723492 ], [ 128.051323004114977, 38.325575401248237 ], [ 128.046887551450624, 38.324336911747658 ], [ 128.044945568821959, 38.322974311423955 ], [ 128.043300818015496, 38.322510569588388 ], [ 128.040854911779007, 38.323251516049524 ], [ 128.042587535739614, 38.32020877699356 ], [ 128.040268716073825, 38.317124786644172 ], [ 128.045210323828826, 38.316935920391479 ], [ 128.039884567687579, 38.31530935004357 ], [ 128.040674454943399, 38.313300015427593 ], [ 128.039531944588134, 38.311300692864613 ], [ 128.044654979179455, 38.310690986818734 ], [ 128.043900891637804, 38.305520539050626 ], [ 128.045331745709831, 38.305230311761228 ], [ 128.044103400339054, 38.3043981214973 ], [ 128.044184438780292, 38.302338152673393 ], [ 128.045273710380684, 38.302657912016215 ], [ 128.044128202053741, 38.301756466413828 ], [ 128.045872845816177, 38.301254565557983 ], [ 128.04421829031179, 38.29930261372138 ], [ 128.046279704490928, 38.298113549215131 ], [ 128.049600715049678, 38.29928603402324 ], [ 128.05080575407635, 38.299086814795757 ], [ 128.058914654881931, 38.304139248396453 ], [ 128.061380812591977, 38.303526843611422 ], [ 128.050359478320786, 38.29883699392726 ], [ 128.050111246090296, 38.297544732230051 ], [ 128.039656315332735, 38.298615680774191 ], [ 128.040137927280995, 38.299968372628896 ], [ 128.035847803953686, 38.303113395380095 ], [ 128.037188876960442, 38.309138994090603 ], [ 128.028537088826113, 38.311400835170261 ], [ 128.028317069728843, 38.312312438546456 ], [ 128.03043263493376, 38.314034304307647 ], [ 128.030471196063132, 38.316381057786415 ], [ 128.027934840879936, 38.318112541679909 ], [ 128.028503995177914, 38.321301015004714 ], [ 128.029949851552715, 38.321781681238214 ], [ 128.030304695572312, 38.319048199776937 ], [ 128.032483264645236, 38.32018173869443 ], [ 128.035585935721997, 38.320210511665827 ], [ 128.031462492699887, 38.319226575263208 ], [ 128.033636133765469, 38.315949206473576 ], [ 128.030734093345359, 38.311583132357562 ], [ 128.032933072576384, 38.310922536310727 ], [ 128.034827452040417, 38.312619981041216 ], [ 128.037518382006311, 38.3105668248798 ], [ 128.039099775768648, 38.311618278814024 ], [ 128.038232802229317, 38.315308529573478 ], [ 128.040535227825899, 38.320099759141137 ], [ 128.040057754042351, 38.324971276319573 ], [ 128.038293354295007, 38.325557756113305 ], [ 128.040713455665411, 38.32554673350014 ], [ 128.039990789878431, 38.326625598944858 ], [ 128.04192270654903, 38.328017944245374 ], [ 128.040921730642481, 38.328759992513447 ], [ 128.042744101269193, 38.327856458606391 ], [ 128.041649434276252, 38.330427898590997 ], [ 128.04342679572116, 38.329710064345015 ], [ 128.043724353632314, 38.329918495425275 ], [ 128.042660120541854, 38.332894869461036 ], [ 128.044020024116406, 38.337305935845087 ] ] ], [ [ [ 128.034811548486033, 38.321354671607125 ], [ 128.033196736560228, 38.320844508789726 ], [ 128.031412328091108, 38.320089685790947 ], [ 128.032419487935641, 38.321057418689314 ], [ 128.034811548486033, 38.321354671607125 ] ] ] ] } },
{ "type": "Feature", "properties": { "emd_cd": "51800330", "emd_nm": "방산면" }, "geometry": { "type": "MultiPolygon", "coordinates": [ [ [ [ 127.894904770452086, 38.312914667601945 ], [ 127.903983420875377, 38.309725940911072 ], [ 127.907649013585825, 38.31096301316385 ], [ 127.91491344335293, 38.310745393412923 ], [ 127.918690089149052, 38.308747475027026 ], [ 127.926791422786181, 38.30938097289323 ], [ 127.931547335687128, 38.306391450168022 ], [ 127.942227560570657, 38.306384598877159 ], [ 127.948741176857254, 38.304407985303072 ], [ 127.958224036233219, 38.300219579078082 ], [ 127.963139962012576, 38.293641231684326 ], [ 127.966915044866454, 38.293079664777935 ], [ 127.976460103998903, 38.28737394439036 ], [ 127.977264618310386, 38.284905619486935 ], [ 127.982467944688878, 38.280641094035403 ], [ 127.982573500634544, 38.277391141689549 ], [ 127.985803864340923, 38.273476666004463 ], [ 127.989752605383813, 38.275376082387027 ], [ 127.988929555438162, 38.277315672438817 ], [ 127.991756859940736, 38.278748434231744 ], [ 128.000011541015681, 38.278030587486562 ], [ 128.005794722688591, 38.270456904782428 ], [ 128.009013463711028, 38.263494575632521 ], [ 128.008354586105895, 38.256328832883163 ], [ 128.010764984793127, 38.253538456589844 ], [ 128.009663874807387, 38.24146687207633 ], [ 128.013281274487213, 38.237313554071157 ], [ 128.013716946988325, 38.233871451507916 ], [ 128.009207277054514, 38.229949888409813 ], [ 128.009626280516187, 38.225138947254777 ], [ 128.008050593213198, 38.22334670647593 ], [ 128.016820508707298, 38.217044464371249 ], [ 128.013621605235898, 38.211547267295373 ], [ 128.012556086343466, 38.204884146867187 ], [ 128.007879008752241, 38.199788641129075 ], [ 127.995067486297657, 38.19762963719176 ], [ 127.990442658440685, 38.194117232175508 ], [ 127.983361162533839, 38.191671874406794 ], [ 127.981951122631969, 38.186839103938908 ], [ 127.983574799814278, 38.179233249212913 ], [ 127.961423665532521, 38.169729610458781 ], [ 127.953473537768843, 38.171710771959482 ], [ 127.950160091617605, 38.170565179571469 ], [ 127.943899930879041, 38.17529771642662 ], [ 127.934041183609637, 38.174789377391519 ], [ 127.928047747570574, 38.17763099068894 ], [ 127.921041586111144, 38.176426477394592 ], [ 127.916488022012359, 38.170267840224525 ], [ 127.907230950266324, 38.169552977466907 ], [ 127.902154379302374, 38.165621563225926 ], [ 127.898966247727159, 38.167331244076635 ], [ 127.900532872375791, 38.171839382578852 ], [ 127.898431334944334, 38.172832363037543 ], [ 127.892464108737855, 38.167669534261627 ], [ 127.886744408118403, 38.167241126798821 ], [ 127.881037655677716, 38.170527839816614 ], [ 127.879058307782486, 38.174184387216648 ], [ 127.879429462074228, 38.177885042730892 ], [ 127.875296278810509, 38.191237957484056 ], [ 127.878155120217102, 38.197672881588517 ], [ 127.867636210208886, 38.205194752630355 ], [ 127.858559707978145, 38.203325849265042 ], [ 127.851745096179016, 38.208901563989627 ], [ 127.854335609589768, 38.213780312653554 ], [ 127.851762945552267, 38.218373232591645 ], [ 127.852659732996017, 38.230059783232342 ], [ 127.85815397291357, 38.235206376192401 ], [ 127.856111091608653, 38.245001647070588 ], [ 127.853835876862647, 38.245686504121892 ], [ 127.855378340194122, 38.254001659663274 ], [ 127.853395747654233, 38.258063077125982 ], [ 127.858537377287888, 38.263413843440134 ], [ 127.860102987627883, 38.272802027915418 ], [ 127.863801253898927, 38.276658965547462 ], [ 127.862350131503533, 38.280892774635923 ], [ 127.863271595153648, 38.284666679785317 ], [ 127.875168152352074, 38.292121881376076 ], [ 127.878755162460308, 38.298311693634041 ], [ 127.888467750249546, 38.30876527386188 ], [ 127.891930715331, 38.309505102668062 ], [ 127.894904770452086, 38.312914667601945 ] ] ] ] } },
{ "type": "Feature", "properties": { "emd_cd": "51800340", "emd_nm": "해안면" }, "geometry": { "type": "MultiPolygon", "coordinates": [ [ [ [ 128.154901066282036, 38.329328812432081 ], [ 128.161881679720693, 38.320788262923294 ], [ 128.164908617207658, 38.320608721204465 ], [ 128.170664687251872, 38.315727084950382 ], [ 128.16818432094297, 38.311307511765541 ], [ 128.169000356116868, 38.306524116763576 ], [ 128.167783502405655, 38.302438259422587 ], [ 128.171332778627402, 38.299724601413381 ], [ 128.168265567548445, 38.288871170634032 ], [ 128.172424163214913, 38.281326630562575 ], [ 128.169019948118006, 38.280080145503916 ], [ 128.164568536294155, 38.27505781535698 ], [ 128.163241604308013, 38.27106233009097 ], [ 128.16001111152022, 38.268901886038897 ], [ 128.159684786923208, 38.263422105736659 ], [ 128.16103418420127, 38.262005670085408 ], [ 128.158109209096352, 38.258658698482812 ], [ 128.146921550882496, 38.254057978068317 ], [ 128.145518138732569, 38.25015545208975 ], [ 128.138169905387741, 38.247335026705024 ], [ 128.135880647134201, 38.244315698933555 ], [ 128.129635391181068, 38.243858074806987 ], [ 128.124862633623906, 38.241339838376263 ], [ 128.124749397764788, 38.237374289390502 ], [ 128.120019360653458, 38.232924334961233 ], [ 128.118571969752878, 38.225803058167777 ], [ 128.113589297847028, 38.225603340755235 ], [ 128.096318284407687, 38.239730000894866 ], [ 128.098076384135112, 38.249449040394175 ], [ 128.087481638434667, 38.260936014755401 ], [ 128.084865460298204, 38.270013966733579 ], [ 128.086617528990928, 38.279038343881197 ], [ 128.088766638326462, 38.2822854544698 ], [ 128.082405678284374, 38.299604897821375 ], [ 128.084799831086627, 38.307258191200454 ], [ 128.090364867299115, 38.314261363806473 ], [ 128.112991305644584, 38.327699421612628 ], [ 128.122823903122082, 38.32608918572447 ], [ 128.12785433060148, 38.328480756971992 ], [ 128.136983174319425, 38.324401267361552 ], [ 128.141530012026635, 38.324306361475962 ], [ 128.144658593777223, 38.324460354220797 ], [ 128.147877999455915, 38.32702928344203 ], [ 128.151026640806094, 38.325699675985682 ], [ 128.154901066282036, 38.329328812432081 ] ] ] ] } },
{ "type": "Feature", "properties": { "emd_cd": "51810250", "emd_nm": "인제읍" }, "geometry": { "type": "MultiPolygon", "coordinates": [ [ [ [ 128.423970769019661, 38.053893830932658 ], [ 128.428040429840934, 38.046122244549593 ], [ 128.428624910179082, 38.040914144319721 ], [ 128.427727291995183, 38.036281491295128 ], [ 128.42455563634087, 38.032389506286599 ], [ 128.43303161589688, 38.027276047945833 ], [ 128.438223245400849, 38.026602722981814 ], [ 128.439869565598656, 38.021713640500153 ], [ 128.435592385593878, 38.015079038384997 ], [ 128.430857351622137, 38.012893215902487 ], [ 128.429376076147548, 38.007516271265672 ], [ 128.42407765329304, 38.004505892573896 ], [ 128.415278908565796, 38.004065329414104 ], [ 128.409261685845564, 38.006295085340284 ], [ 128.400806022377481, 38.002543683813919 ], [ 128.394665229511105, 38.003144460175463 ], [ 128.393646231547734, 38.000338062077986 ], [ 128.389665211433055, 37.999847197108643 ], [ 128.383826208654199, 38.002347743443543 ], [ 128.36931704446144, 38.003385435106964 ], [ 128.366113199767966, 38.004458150289352 ], [ 128.362158934976691, 38.009467648036242 ], [ 128.359258874259865, 38.009794730204931 ], [ 128.353502902903671, 38.015801053918537 ], [ 128.363125432207568, 38.024163497435417 ], [ 128.360007065604464, 38.027016501278261 ], [ 128.356771741636749, 38.0279298172495 ], [ 128.348376375251775, 38.026701179725578 ], [ 128.344024875162432, 38.022874580246643 ], [ 128.342538929669558, 38.024406645818786 ], [ 128.337211257180854, 38.023657060416696 ], [ 128.335328376209134, 38.026762498059036 ], [ 128.330523997955794, 38.024596236059892 ], [ 128.325270918009181, 38.025289143045647 ], [ 128.321490967490689, 38.020852510708465 ], [ 128.317610667293167, 38.020824771499441 ], [ 128.314003179295298, 38.018674529629372 ], [ 128.310025509526355, 38.018098654274709 ], [ 128.307167801232197, 38.019727206055357 ], [ 128.30325338639804, 38.017310578574289 ], [ 128.291949761888816, 38.016252116750955 ], [ 128.279864438787826, 38.010106916217083 ], [ 128.276684395413724, 38.003803230719384 ], [ 128.264711875926622, 38.001222370551027 ], [ 128.260944431263965, 38.001351175539838 ], [ 128.25996364439672, 38.002992477568846 ], [ 128.255761764917878, 38.001043081936032 ], [ 128.257909058491322, 37.998747779555934 ], [ 128.262785118519105, 37.997960370950345 ], [ 128.264669860713155, 37.993966501896296 ], [ 128.259156894933426, 37.981950968061838 ], [ 128.260460309122038, 37.978121440695283 ], [ 128.256923312869162, 37.97298550858919 ], [ 128.24951833976084, 37.9706006560194 ], [ 128.245826880669341, 37.972247885973424 ], [ 128.240451623756456, 37.968655116109872 ], [ 128.235960626424031, 37.970314185446085 ], [ 128.232760210681363, 37.968634698835871 ], [ 128.225930811126688, 37.96962499423644 ], [ 128.217957454482416, 37.967147022333556 ], [ 128.20891239410733, 37.970735285687596 ], [ 128.198245677323229, 37.968338180853664 ], [ 128.193434087932815, 37.971770449567302 ], [ 128.197401965932784, 37.980425473898343 ], [ 128.196008064321404, 37.982725879653586 ], [ 128.199460982537005, 37.985206076371789 ], [ 128.193684117008019, 37.990186423065587 ], [ 128.194835534582836, 37.994832302601715 ], [ 128.190699113496407, 38.000570549954283 ], [ 128.192057177710183, 38.001577201790496 ], [ 128.190544828652776, 38.007399818948265 ], [ 128.197386163057558, 38.014663702632227 ], [ 128.196550291716619, 38.019057618164737 ], [ 128.192540231964728, 38.019907634666005 ], [ 128.189577616135409, 38.026106969410023 ], [ 128.181535855197069, 38.023806975487005 ], [ 128.174274518242413, 38.024600061955688 ], [ 128.173279611858902, 38.028697005231017 ], [ 128.175256102100917, 38.033889362394397 ], [ 128.173998335955844, 38.037777161723277 ], [ 128.17041248913381, 38.035232788268793 ], [ 128.159723082077448, 38.03578346168603 ], [ 128.147592079540203, 38.046313984497111 ], [ 128.13882258137906, 38.049810724119943 ], [ 128.138823731836368, 38.055843384978516 ], [ 128.136578934429963, 38.059713069269435 ], [ 128.137723356433099, 38.063419008439766 ], [ 128.132770169736489, 38.067665833834845 ], [ 128.13016709895561, 38.067477612361905 ], [ 128.128618015574517, 38.072219517829339 ], [ 128.121470088658214, 38.07558875640477 ], [ 128.119925469662491, 38.079626466744969 ], [ 128.115862128211461, 38.08229686408152 ], [ 128.115425080213242, 38.084625190861587 ], [ 128.112311023245866, 38.086387525470528 ], [ 128.105905166691826, 38.095616645489507 ], [ 128.104848485383144, 38.097783673360709 ], [ 128.105991954401532, 38.100288021620166 ], [ 128.101306370320145, 38.102889498074738 ], [ 128.101047729152839, 38.105813689508949 ], [ 128.104951348211301, 38.108628879543957 ], [ 128.104113415473165, 38.115020358841917 ], [ 128.098138339860384, 38.124184763240223 ], [ 128.100038499326899, 38.129805240103856 ], [ 128.093506892022788, 38.130888064610765 ], [ 128.091787880950307, 38.136052612443684 ], [ 128.087779871976238, 38.138459546723546 ], [ 128.09016070908558, 38.141790130721155 ], [ 128.089870205817931, 38.146596446510493 ], [ 128.086351699525039, 38.15222127045903 ], [ 128.096971814770029, 38.162624281923321 ], [ 128.097620784285141, 38.175040322648485 ], [ 128.104097396955012, 38.178261370713777 ], [ 128.103740506339989, 38.182897401276421 ], [ 128.10547491048959, 38.184880666863023 ], [ 128.099938751041634, 38.189034084893478 ], [ 128.098999931625571, 38.19229713377527 ], [ 128.104754807145383, 38.196772454355084 ], [ 128.107150845640149, 38.201255420330426 ], [ 128.112356996944413, 38.203392233776427 ], [ 128.114432599481489, 38.202808680056542 ], [ 128.122698811289297, 38.191447635083264 ], [ 128.12880269302218, 38.189130475122525 ], [ 128.139152323183311, 38.171052142191655 ], [ 128.141279466179554, 38.170194934133796 ], [ 128.146206825364914, 38.161954788484778 ], [ 128.148713300098819, 38.160365587465883 ], [ 128.147519414002886, 38.157652831198099 ], [ 128.149896197188895, 38.154326035052442 ], [ 128.15970117735705, 38.145966623127364 ], [ 128.1712774633001, 38.145186511269685 ], [ 128.17649590173491, 38.141184132656548 ], [ 128.176504278722945, 38.138781891417501 ], [ 128.179910981243864, 38.136632317811802 ], [ 128.178166926016274, 38.133144199174296 ], [ 128.179880126887923, 38.129458146070945 ], [ 128.18133285374779, 38.114374112827285 ], [ 128.185655893939725, 38.110625530809962 ], [ 128.191005122882729, 38.113406806499974 ], [ 128.192684861176417, 38.112534417617439 ], [ 128.191942787290827, 38.109532022175699 ], [ 128.193590313076868, 38.108820484441324 ], [ 128.202013690765284, 38.11144520065762 ], [ 128.205187939014166, 38.108151386022776 ], [ 128.202216968845505, 38.104547700153553 ], [ 128.223475968970064, 38.10274933523926 ], [ 128.227260949397106, 38.097156351111764 ], [ 128.240523067277991, 38.098551932675591 ], [ 128.251965837213874, 38.09560971166929 ], [ 128.257183403276883, 38.09712129921828 ], [ 128.266373792197498, 38.092021362747325 ], [ 128.268187912866097, 38.089435079008275 ], [ 128.278972436362949, 38.085968226182601 ], [ 128.289141090935203, 38.089275490806052 ], [ 128.298814291437139, 38.089515576602601 ], [ 128.309165467239154, 38.09212652501899 ], [ 128.318441406578103, 38.098903213314536 ], [ 128.322296922613901, 38.09626918345716 ], [ 128.330955867163681, 38.096132105559185 ], [ 128.34214449038447, 38.092886673450721 ], [ 128.359383088269851, 38.097378616424777 ], [ 128.367045196850711, 38.094297908814355 ], [ 128.375765868822327, 38.09538824884779 ], [ 128.381477436923632, 38.098838636039524 ], [ 128.390847107104321, 38.096531159927139 ], [ 128.394210032969113, 38.097484663391455 ], [ 128.404200803622871, 38.096070476396207 ], [ 128.407184738604883, 38.092332256786584 ], [ 128.408599464269884, 38.083111855967779 ], [ 128.410887158625343, 38.079369719817535 ], [ 128.408834557763498, 38.07666444725028 ], [ 128.410176103571899, 38.071885970143946 ], [ 128.413010146108974, 38.069460945058779 ], [ 128.411875413005276, 38.067644259283163 ], [ 128.417839374929343, 38.058356968503396 ], [ 128.423970769019661, 38.053893830932658 ] ] ] ] } },
{ "type": "Feature", "properties": { "emd_cd": "51810310", "emd_nm": "남면" }, "geometry": { "type": "MultiPolygon", "coordinates": [ [ [ [ 128.231741415206528, 37.951274574610856 ], [ 128.229061969493046, 37.94872657365768 ], [ 128.227388492790027, 37.938852458152745 ], [ 128.22114275425011, 37.929608549317201 ], [ 128.217706594880156, 37.931301130128901 ], [ 128.203345160614987, 37.931490012272043 ], [ 128.196420765942378, 37.92839071614025 ], [ 128.195153215918481, 37.935206968267828 ], [ 128.18985280361747, 37.941422126997573 ], [ 128.185435659679371, 37.941780865563423 ], [ 128.178855592092503, 37.946180088346715 ], [ 128.175165352138947, 37.945854442552601 ], [ 128.173298906247737, 37.934060149423104 ], [ 128.171307641678737, 37.932033413753707 ], [ 128.172260941149659, 37.926479494337727 ], [ 128.16999880731953, 37.92387753154464 ], [ 128.165056333414213, 37.922642348156415 ], [ 128.164459948277738, 37.91895869803124 ], [ 128.156548051182256, 37.908234330779564 ], [ 128.162629991860143, 37.905701253532612 ], [ 128.160888337194734, 37.895293482282796 ], [ 128.1495832983056, 37.895375576307543 ], [ 128.144883380879435, 37.892902134783981 ], [ 128.140421650585949, 37.894486116840156 ], [ 128.133100870680835, 37.894253431977369 ], [ 128.130953464866195, 37.898433434702191 ], [ 128.129183051855648, 37.895767609168551 ], [ 128.126003044357134, 37.895161001100604 ], [ 128.107268388874616, 37.900124806120623 ], [ 128.097144144268299, 37.896763293022097 ], [ 128.091201721707932, 37.898264988189901 ], [ 128.082362978431775, 37.901720096732305 ], [ 128.075173921207039, 37.907707630176368 ], [ 128.064703553696177, 37.910786946803469 ], [ 128.055875039947608, 37.917668906704236 ], [ 128.053077596714445, 37.91736959219142 ], [ 128.050499137728679, 37.921616429337703 ], [ 128.045389925240045, 37.922467446188925 ], [ 128.042548488461534, 37.926229126507863 ], [ 128.039384342466803, 37.92762363408724 ], [ 128.036425645303126, 37.935677436433338 ], [ 128.034135673487668, 37.936659928810919 ], [ 128.033493710460476, 37.940592122896689 ], [ 128.026111238468019, 37.945998006797588 ], [ 128.015972631098322, 37.942827608573062 ], [ 128.012704319588664, 37.938249370847473 ], [ 128.004177727882194, 37.938690260994854 ], [ 128.001298547372414, 37.937360230792294 ], [ 127.989631172542033, 37.945251723383514 ], [ 127.987250555651528, 37.951854067816065 ], [ 127.977545401495505, 37.957148064456412 ], [ 127.981625603062881, 37.960688839409663 ], [ 127.984493927385358, 37.966043724198158 ], [ 127.984050455365249, 37.970401460134916 ], [ 127.982325539542074, 37.972058807698772 ], [ 127.984861521125524, 37.975377043336543 ], [ 127.984735772192167, 37.979925725781015 ], [ 127.981761799502621, 37.98352862958221 ], [ 127.984189959247175, 37.98676756316889 ], [ 127.983609487137414, 37.989093898163816 ], [ 127.987948644485883, 37.988770404526868 ], [ 127.991549873895181, 37.991068851455147 ], [ 127.997281674573856, 37.99048998627152 ], [ 128.003403585656685, 37.995637641268651 ], [ 128.006640915339233, 37.996436341592521 ], [ 128.015249072690665, 37.996555441552012 ], [ 128.018733455988581, 38.000310007881588 ], [ 128.019632240454484, 38.007293173875915 ], [ 128.024240013959542, 38.008498515321008 ], [ 128.024416094729276, 38.011018350052225 ], [ 128.02824921276968, 38.013709940126724 ], [ 128.03474164494375, 38.015126777615386 ], [ 128.043249173672251, 38.020203071159308 ], [ 128.050364916114177, 38.019309004942343 ], [ 128.055456150686524, 38.015462010623928 ], [ 128.060426061834761, 38.015004474461286 ], [ 128.06189424086665, 38.018899583610008 ], [ 128.059120375700473, 38.027923282602742 ], [ 128.056378358394426, 38.031091100025435 ], [ 128.058977716324335, 38.035331652255358 ], [ 128.057920407451007, 38.039727903623017 ], [ 128.060020148709555, 38.041273713743152 ], [ 128.060940959001243, 38.047266399628739 ], [ 128.069095618293829, 38.04676631037637 ], [ 128.070069281838471, 38.043651331876319 ], [ 128.079039798775511, 38.038093869875468 ], [ 128.080409344792713, 38.034203239030269 ], [ 128.08541892525497, 38.032379243169636 ], [ 128.088640402219141, 38.033141102122016 ], [ 128.094571190143768, 38.028353025034981 ], [ 128.103199521815867, 38.02933449918676 ], [ 128.113733976569677, 38.037021268892303 ], [ 128.112728493883964, 38.042066024099192 ], [ 128.118107353969577, 38.047564776097438 ], [ 128.113880087338828, 38.055857282513919 ], [ 128.115425939851974, 38.062801235149436 ], [ 128.112973229220046, 38.071160370854834 ], [ 128.099860610800818, 38.078481410457321 ], [ 128.088035669306379, 38.09580950411744 ], [ 128.09013923064353, 38.101164765985018 ], [ 128.097351482076988, 38.101039129538584 ], [ 128.101306370320145, 38.102889498074738 ], [ 128.105991954401532, 38.100288021620166 ], [ 128.104848485383144, 38.097783673360709 ], [ 128.105905166691826, 38.095616645489507 ], [ 128.112311023245866, 38.086387525470528 ], [ 128.115425080213242, 38.084625190861587 ], [ 128.115862128211461, 38.08229686408152 ], [ 128.119925469662491, 38.079626466744969 ], [ 128.121470088658214, 38.07558875640477 ], [ 128.128618015574517, 38.072219517829339 ], [ 128.13016709895561, 38.067477612361905 ], [ 128.132770169736489, 38.067665833834845 ], [ 128.137723356433099, 38.063419008439766 ], [ 128.136578934429963, 38.059713069269435 ], [ 128.138823731836368, 38.055843384978516 ], [ 128.13882258137906, 38.049810724119943 ], [ 128.147592079540203, 38.046313984497111 ], [ 128.159723082077448, 38.03578346168603 ], [ 128.17041248913381, 38.035232788268793 ], [ 128.173998335955844, 38.037777161723277 ], [ 128.175256102100917, 38.033889362394397 ], [ 128.173279611858902, 38.028697005231017 ], [ 128.174274518242413, 38.024600061955688 ], [ 128.181535855197069, 38.023806975487005 ], [ 128.189577616135409, 38.026106969410023 ], [ 128.192540231964728, 38.019907634666005 ], [ 128.196550291716619, 38.019057618164737 ], [ 128.197386163057558, 38.014663702632227 ], [ 128.190544828652776, 38.007399818948265 ], [ 128.192057177710183, 38.001577201790496 ], [ 128.190699113496407, 38.000570549954283 ], [ 128.194835534582836, 37.994832302601715 ], [ 128.193684117008019, 37.990186423065587 ], [ 128.199460982537005, 37.985206076371789 ], [ 128.196008064321404, 37.982725879653586 ], [ 128.197401965932784, 37.980425473898343 ], [ 128.195317469702331, 37.978214567834343 ], [ 128.193457517382313, 37.97108552652211 ], [ 128.198245677323229, 37.968338180853664 ], [ 128.202271774737369, 37.970247262207579 ], [ 128.211410345480431, 37.969920608021745 ], [ 128.215628676119991, 37.965291367811524 ], [ 128.21459314111965, 37.959898290559259 ], [ 128.220839721006911, 37.958816853923665 ], [ 128.231741415206528, 37.951274574610856 ] ] ] ] } },
{ "type": "Feature", "properties": { "emd_cd": "51810320", "emd_nm": "북면" }, "geometry": { "type": "MultiPolygon", "coordinates": [ [ [ [ 128.113262320321439, 38.203440553845383 ], [ 128.121437783264327, 38.213653331649326 ], [ 128.128349401258703, 38.213662244165057 ], [ 128.13478843204274, 38.211035942716499 ], [ 128.141088757616416, 38.211999983740071 ], [ 128.143884745967057, 38.209214075673515 ], [ 128.146351972949304, 38.200069150392849 ], [ 128.167039031225016, 38.194646614331376 ], [ 128.169579905686845, 38.189097250983643 ], [ 128.179592202315519, 38.189225664921601 ], [ 128.182588743223135, 38.187433122113383 ], [ 128.189077807920256, 38.188249905971354 ], [ 128.195015856824966, 38.186405281867145 ], [ 128.197940872818833, 38.180402001309737 ], [ 128.201686642379826, 38.182717586406298 ], [ 128.210316852270751, 38.179647158045697 ], [ 128.216285616367315, 38.180672491830492 ], [ 128.221378534594635, 38.179687387332855 ], [ 128.224405876772295, 38.181431510106428 ], [ 128.225207548643539, 38.185921716193896 ], [ 128.22713068286177, 38.186318142478541 ], [ 128.231796469644905, 38.184452841136618 ], [ 128.236639724368359, 38.17795336120448 ], [ 128.245302854629216, 38.180132276527118 ], [ 128.25240359346148, 38.178761730329775 ], [ 128.26405435278312, 38.183022923484089 ], [ 128.273001580931378, 38.190339575794077 ], [ 128.26942789756248, 38.194652025610573 ], [ 128.268797080405221, 38.19931804318405 ], [ 128.266062039154036, 38.202051156357825 ], [ 128.264344839659543, 38.207710778359512 ], [ 128.266473836274514, 38.21134186887145 ], [ 128.270796107470971, 38.21353540492845 ], [ 128.271496479971574, 38.218003797636435 ], [ 128.278518922733042, 38.226096019559527 ], [ 128.284690520206993, 38.231347856259823 ], [ 128.295443632135743, 38.22805404854018 ], [ 128.307133155981717, 38.231471033432889 ], [ 128.308196386202241, 38.233324554277814 ], [ 128.307464032373304, 38.244082656600746 ], [ 128.30468765962911, 38.246333844636148 ], [ 128.305153562930741, 38.252184559375856 ], [ 128.308991574679681, 38.258996522280995 ], [ 128.315409685466022, 38.261568055426551 ], [ 128.319226771581384, 38.266074275554161 ], [ 128.326211028900758, 38.266447575545115 ], [ 128.337075678708146, 38.263123672410977 ], [ 128.340853915011053, 38.26550989928031 ], [ 128.359018896014675, 38.265644071829882 ], [ 128.359795545688769, 38.259169689983025 ], [ 128.363452055475079, 38.255008747694177 ], [ 128.365739600433045, 38.246934409222902 ], [ 128.364654088632733, 38.242029584775104 ], [ 128.366795616623079, 38.240851079994371 ], [ 128.368461442502053, 38.235845225999604 ], [ 128.371095653133608, 38.237488975379961 ], [ 128.370333774415712, 38.240371573479493 ], [ 128.371662366188417, 38.242320162642322 ], [ 128.376466416190453, 38.242996969406391 ], [ 128.378766799925103, 38.24538792377372 ], [ 128.380179918085901, 38.243786086791907 ], [ 128.388356621624496, 38.24803882125542 ], [ 128.392806191627614, 38.243891098570302 ], [ 128.394169821695726, 38.239593989969599 ], [ 128.396711710139073, 38.239350322116685 ], [ 128.407104762574079, 38.244657862165596 ], [ 128.406342023597347, 38.246053827075372 ], [ 128.417405515547358, 38.254599316902393 ], [ 128.423378581689576, 38.253588955314463 ], [ 128.43294034262226, 38.242417399109605 ], [ 128.439716372109302, 38.241266406877209 ], [ 128.437241658829606, 38.230285536562455 ], [ 128.440230089132569, 38.227498624794144 ], [ 128.440735611462657, 38.222929493830982 ], [ 128.437740674000338, 38.214077766142132 ], [ 128.442392422955805, 38.203652896906426 ], [ 128.438494822504396, 38.192555662684761 ], [ 128.426465256113346, 38.189169548825909 ], [ 128.421105642500493, 38.176667775536046 ], [ 128.433211879477255, 38.16860598641933 ], [ 128.433801403221906, 38.166342343876906 ], [ 128.439050798926445, 38.162674210932686 ], [ 128.437564652258544, 38.159633986464932 ], [ 128.437923243898013, 38.154927164404583 ], [ 128.443077468668406, 38.149567749416711 ], [ 128.449085195518109, 38.147451528905506 ], [ 128.46598983305077, 38.136942736977637 ], [ 128.464558065330209, 38.135267460950217 ], [ 128.46600227306422, 38.131580061667272 ], [ 128.464289220174436, 38.128620708135472 ], [ 128.46530727890115, 38.119168803586447 ], [ 128.457897123659023, 38.121264697686691 ], [ 128.450156531215725, 38.115142320307235 ], [ 128.440499619846122, 38.114055252686391 ], [ 128.437261355833726, 38.111036433548271 ], [ 128.427739805792044, 38.107981522735976 ], [ 128.411005319016368, 38.111202531723208 ], [ 128.410266972013858, 38.098935985590181 ], [ 128.404200803622871, 38.096070476396207 ], [ 128.394210032969113, 38.097484663391455 ], [ 128.390847107104321, 38.096531159927139 ], [ 128.381477436923632, 38.098838636039524 ], [ 128.375765868822327, 38.09538824884779 ], [ 128.367045196850711, 38.094297908814355 ], [ 128.359383088269851, 38.097378616424777 ], [ 128.34214449038447, 38.092886673450721 ], [ 128.330955867163681, 38.096132105559185 ], [ 128.322296922613901, 38.09626918345716 ], [ 128.318441406578103, 38.098903213314536 ], [ 128.309165467239154, 38.09212652501899 ], [ 128.298814291437139, 38.089515576602601 ], [ 128.289141090935203, 38.089275490806052 ], [ 128.278972436362949, 38.085968226182601 ], [ 128.268187912866097, 38.089435079008275 ], [ 128.266373792197498, 38.092021362747325 ], [ 128.257183403276883, 38.09712129921828 ], [ 128.251965837213874, 38.09560971166929 ], [ 128.240523067277991, 38.098551932675591 ], [ 128.227260949397106, 38.097156351111764 ], [ 128.223475968970064, 38.10274933523926 ], [ 128.202216968845505, 38.104547700153553 ], [ 128.205187939014166, 38.108151386022776 ], [ 128.202013690765284, 38.11144520065762 ], [ 128.193590313076868, 38.108820484441324 ], [ 128.191629116234765, 38.110166424854711 ], [ 128.192684861176417, 38.112534417617439 ], [ 128.191602216207372, 38.11338306876798 ], [ 128.185655893939725, 38.110625530809962 ], [ 128.182535984515965, 38.113097720973826 ], [ 128.178166926016274, 38.133144199174296 ], [ 128.179910981243864, 38.136632317811802 ], [ 128.176504278722945, 38.138781891417501 ], [ 128.17649590173491, 38.141184132656548 ], [ 128.1712774633001, 38.145186511269685 ], [ 128.15970117735705, 38.145966623127364 ], [ 128.149896197188895, 38.154326035052442 ], [ 128.147519414002886, 38.157652831198099 ], [ 128.148713300098819, 38.160365587465883 ], [ 128.146206825364914, 38.161954788484778 ], [ 128.141279466179554, 38.170194934133796 ], [ 128.139152323183311, 38.171052142191655 ], [ 128.12880269302218, 38.189130475122525 ], [ 128.122698811289297, 38.191447635083264 ], [ 128.113262320321439, 38.203440553845383 ] ] ] ] } },
{ "type": "Feature", "properties": { "emd_cd": "51810330", "emd_nm": "기린면" }, "geometry": { "type": "MultiPolygon", "coordinates": [ [ [ [ 128.214061745429831, 37.967675391151175 ], [ 128.217957454482416, 37.967147022333556 ], [ 128.225930811126688, 37.96962499423644 ], [ 128.232760210681363, 37.968634698835871 ], [ 128.235960626424031, 37.970314185446085 ], [ 128.240451623756456, 37.968655116109872 ], [ 128.245826880669341, 37.972247885973424 ], [ 128.24951833976084, 37.9706006560194 ], [ 128.256923312869162, 37.97298550858919 ], [ 128.260460309122038, 37.978121440695283 ], [ 128.259156894933426, 37.981950968061838 ], [ 128.264669860713155, 37.993966501896296 ], [ 128.262785118519105, 37.997960370950345 ], [ 128.257909058491322, 37.998747779555934 ], [ 128.255761764917878, 38.001043081936032 ], [ 128.25996364439672, 38.002992477568846 ], [ 128.260944431263965, 38.001351175539838 ], [ 128.264711875926622, 38.001222370551027 ], [ 128.276684395413724, 38.003803230719384 ], [ 128.279864438787826, 38.010106916217083 ], [ 128.291949761888816, 38.016252116750955 ], [ 128.30325338639804, 38.017310578574289 ], [ 128.307167801232197, 38.019727206055357 ], [ 128.310025509526355, 38.018098654274709 ], [ 128.314003179295298, 38.018674529629372 ], [ 128.317610667293167, 38.020824771499441 ], [ 128.321490967490689, 38.020852510708465 ], [ 128.325270918009181, 38.025289143045647 ], [ 128.330523997955794, 38.024596236059892 ], [ 128.335328376209134, 38.026762498059036 ], [ 128.337211257180854, 38.023657060416696 ], [ 128.342538929669558, 38.024406645818786 ], [ 128.344024875162432, 38.022874580246643 ], [ 128.348376375251775, 38.026701179725578 ], [ 128.356771741636749, 38.0279298172495 ], [ 128.360007065604464, 38.027016501278261 ], [ 128.363125432207568, 38.024163497435417 ], [ 128.353502902903671, 38.015801053918537 ], [ 128.359258874259865, 38.009794730204931 ], [ 128.362158934976691, 38.009467648036242 ], [ 128.366113199767966, 38.004458150289352 ], [ 128.36931704446144, 38.003385435106964 ], [ 128.383826208654199, 38.002347743443543 ], [ 128.389665211433055, 37.999847197108643 ], [ 128.393646231547734, 38.000338062077986 ], [ 128.394665229511105, 38.003144460175463 ], [ 128.400806022377481, 38.002543683813919 ], [ 128.409261685845564, 38.006295085340284 ], [ 128.415278908565796, 38.004065329414104 ], [ 128.42407765329304, 38.004505892573896 ], [ 128.429376076147548, 38.007516271265672 ], [ 128.430857351622137, 38.012893215902487 ], [ 128.435592385593878, 38.015079038384997 ], [ 128.439869565598656, 38.021713640500153 ], [ 128.438223245400849, 38.026602722981814 ], [ 128.43303161589688, 38.027276047945833 ], [ 128.42455563634087, 38.032389506286599 ], [ 128.427727291995183, 38.036281491295128 ], [ 128.428624910179082, 38.040914144319721 ], [ 128.428040429840934, 38.046122244549593 ], [ 128.425554936302831, 38.048737634172966 ], [ 128.431097030641922, 38.052212451258363 ], [ 128.435004762107184, 38.052375078438899 ], [ 128.441433376283356, 38.058015655741976 ], [ 128.445683831794156, 38.057583460659352 ], [ 128.44929154534276, 38.055150502467164 ], [ 128.454860466405449, 38.055627182163036 ], [ 128.455630530149932, 38.054055232818676 ], [ 128.46015207289949, 38.053380806987484 ], [ 128.463288799790575, 38.049141264278745 ], [ 128.468801394619021, 38.050703228388009 ], [ 128.477005947658228, 38.048222352135312 ], [ 128.478770895905285, 38.050506973385829 ], [ 128.486172587997089, 38.053909238933826 ], [ 128.493406244480042, 38.048601140428069 ], [ 128.496277680239587, 38.040726508145333 ], [ 128.500832268576147, 38.038055882206628 ], [ 128.498667361491897, 38.034230926294853 ], [ 128.498576781526367, 38.029933581337353 ], [ 128.499791797111527, 38.024826172570457 ], [ 128.504246625831001, 38.020161037406254 ], [ 128.502498840120467, 38.01737470049428 ], [ 128.508086877497078, 38.012252425977515 ], [ 128.513578240112423, 38.0129297084953 ], [ 128.51130175029121, 38.001882837515979 ], [ 128.502193353350322, 37.994910937600807 ], [ 128.501667684293011, 37.990847397412715 ], [ 128.499380304303514, 37.988956245344262 ], [ 128.501301176475863, 37.986094094161004 ], [ 128.495656292023455, 37.983730246068269 ], [ 128.497832603944374, 37.976268975025604 ], [ 128.496003209660472, 37.973764396413564 ], [ 128.497309217619261, 37.97268333231758 ], [ 128.496014506881153, 37.970357776316654 ], [ 128.496858753846425, 37.967424388427283 ], [ 128.495076237406977, 37.96407559787238 ], [ 128.492046665910038, 37.964499075322372 ], [ 128.48746397871912, 37.961168622301081 ], [ 128.477323724713472, 37.962977275267086 ], [ 128.47374541318527, 37.961505860484074 ], [ 128.471965825441799, 37.95951090472785 ], [ 128.473759192632343, 37.956804006474336 ], [ 128.472845087525997, 37.953474435988134 ], [ 128.466439406295336, 37.949343245981012 ], [ 128.467523806940562, 37.940268075387308 ], [ 128.463549757646007, 37.935662423736218 ], [ 128.472460174303308, 37.926522402538886 ], [ 128.475176231395068, 37.925518519081066 ], [ 128.476645873929243, 37.922198066739874 ], [ 128.474915062050684, 37.913577728754291 ], [ 128.476023125935313, 37.906445997927463 ], [ 128.473458500246409, 37.900347455251193 ], [ 128.476839187992169, 37.896498868135588 ], [ 128.481564125339531, 37.895058805613388 ], [ 128.481313935392933, 37.892674957787833 ], [ 128.475440158024725, 37.885358383996632 ], [ 128.470802481490239, 37.88581978221881 ], [ 128.466362529721522, 37.880991028534595 ], [ 128.458447224516078, 37.879425623380115 ], [ 128.453983866805913, 37.87529069517548 ], [ 128.447665361585905, 37.873505469183527 ], [ 128.444225406160854, 37.864921103681134 ], [ 128.440428402543887, 37.864013562468699 ], [ 128.435672513402835, 37.864560354957668 ], [ 128.431402291572539, 37.867142251517649 ], [ 128.428346491838113, 37.875107268192359 ], [ 128.424254818005693, 37.877799851836123 ], [ 128.421497254527253, 37.882895829488277 ], [ 128.414511886707203, 37.885393419239143 ], [ 128.408030936941827, 37.883681630920073 ], [ 128.402417272844332, 37.884651443405112 ], [ 128.395326678706795, 37.889091376214175 ], [ 128.391136781159503, 37.888082787747543 ], [ 128.378752543686886, 37.890990143049933 ], [ 128.376894130599197, 37.88984503095903 ], [ 128.366389291777693, 37.890528284804262 ], [ 128.357237300331974, 37.896686714775804 ], [ 128.357209683498269, 37.90056176154603 ], [ 128.352385340576973, 37.907073135460685 ], [ 128.35242078367321, 37.91007978922427 ], [ 128.34833279386342, 37.911770744177595 ], [ 128.343744695648496, 37.916608317989485 ], [ 128.33123869283412, 37.920679168464048 ], [ 128.327812778763217, 37.923266947184267 ], [ 128.322731683579093, 37.922833750916624 ], [ 128.316878263511825, 37.925749062372617 ], [ 128.305382488301774, 37.926720739613856 ], [ 128.30060771899187, 37.929698865140068 ], [ 128.293297120354509, 37.9261741065745 ], [ 128.289221445847886, 37.926481468705191 ], [ 128.284369801150234, 37.931944517175772 ], [ 128.284066691448771, 37.937803265522959 ], [ 128.279788775468688, 37.941274696002793 ], [ 128.276521012860286, 37.940230502346822 ], [ 128.270962603034604, 37.942660166077289 ], [ 128.266849365860026, 37.948783301352726 ], [ 128.252543690865281, 37.950145851364425 ], [ 128.244146799216708, 37.952574089019727 ], [ 128.230740633328764, 37.95161095384038 ], [ 128.220839721006911, 37.958816853923665 ], [ 128.21459314111965, 37.959898290559259 ], [ 128.215833715650831, 37.963978692511802 ], [ 128.214061745429831, 37.967675391151175 ] ] ] ] } },
{ "type": "Feature", "properties": { "emd_cd": "51810340", "emd_nm": "서화면" }, "geometry": { "type": "MultiPolygon", "coordinates": [ [ [ [ 128.087354227537219, 38.317659852442389 ], [ 128.094552559218101, 38.324822810066401 ], [ 128.115337941461689, 38.336623844328159 ], [ 128.118954320127045, 38.333635671175763 ], [ 128.124162547765678, 38.332362389407393 ], [ 128.135852054754253, 38.333007369204779 ], [ 128.140944308342114, 38.335529608501531 ], [ 128.145467626020121, 38.342765972920191 ], [ 128.15111459928994, 38.341885567033167 ], [ 128.15356414514099, 38.344639409718226 ], [ 128.157753941012089, 38.342547607289816 ], [ 128.158625288206451, 38.346909375554333 ], [ 128.175003158705039, 38.364252206444441 ], [ 128.184281789377764, 38.360603668565297 ], [ 128.190760665904833, 38.367907684693336 ], [ 128.191982092713062, 38.372885848020132 ], [ 128.207099600162792, 38.375052970349643 ], [ 128.21021338193674, 38.370142372168246 ], [ 128.212451231509021, 38.370145834214995 ], [ 128.217662150010852, 38.38252460393069 ], [ 128.226150445540327, 38.389641875142011 ], [ 128.227325814995595, 38.387852290499289 ], [ 128.233607028478843, 38.387329326728604 ], [ 128.233893446912901, 38.38485009834303 ], [ 128.229641436916069, 38.382027768513431 ], [ 128.229119723334094, 38.378977721021734 ], [ 128.233679670955866, 38.37238152537163 ], [ 128.238669605096817, 38.376288305417688 ], [ 128.248523709554519, 38.370777997585655 ], [ 128.257662584511877, 38.372754205498701 ], [ 128.262010852521144, 38.376467232295738 ], [ 128.26957160811159, 38.376153054358781 ], [ 128.272238791652313, 38.371818699670555 ], [ 128.27254180360481, 38.365691103507991 ], [ 128.268957183248972, 38.35637365264872 ], [ 128.264520368864737, 38.351610439338835 ], [ 128.267604522220012, 38.347783167454814 ], [ 128.267938063957871, 38.340153236697446 ], [ 128.270482946135616, 38.336980046345246 ], [ 128.274317874821321, 38.335508364524536 ], [ 128.282112455054488, 38.339996529907985 ], [ 128.287460698588859, 38.34009478167961 ], [ 128.299549617745129, 38.333838860431584 ], [ 128.309041700084947, 38.333277125555796 ], [ 128.312113822603294, 38.330580325035008 ], [ 128.308605471618762, 38.321056792239183 ], [ 128.314454605229741, 38.310017552898259 ], [ 128.315122439159182, 38.302258374734826 ], [ 128.320452624182792, 38.300253379641731 ], [ 128.321462817944195, 38.295184588601963 ], [ 128.321456018456047, 38.290921002774681 ], [ 128.318806020046111, 38.287726908585995 ], [ 128.319922644070743, 38.280114951759657 ], [ 128.317769060097675, 38.270266527717197 ], [ 128.319226771581384, 38.266074275554161 ], [ 128.315409685466022, 38.261568055426551 ], [ 128.308991574679681, 38.258996522280995 ], [ 128.305153562930741, 38.252184559375856 ], [ 128.30468765962911, 38.246333844636148 ], [ 128.307464032373304, 38.244082656600746 ], [ 128.308196386202241, 38.233324554277814 ], [ 128.307133155981717, 38.231471033432889 ], [ 128.295443632135743, 38.22805404854018 ], [ 128.284690520206993, 38.231347856259823 ], [ 128.271496479971574, 38.218003797636435 ], [ 128.270796107470971, 38.21353540492845 ], [ 128.265199488217746, 38.210017348304376 ], [ 128.264344839659543, 38.207710778359512 ], [ 128.266062039154036, 38.202051156357825 ], [ 128.268797080405221, 38.19931804318405 ], [ 128.26942789756248, 38.194652025610573 ], [ 128.273448988420313, 38.19123830770836 ], [ 128.270366736086885, 38.187078270665282 ], [ 128.262426195472528, 38.182261373836781 ], [ 128.25240359346148, 38.178761730329775 ], [ 128.245302854629216, 38.180132276527118 ], [ 128.236639724368359, 38.17795336120448 ], [ 128.231796469644905, 38.184452841136618 ], [ 128.22713068286177, 38.186318142478541 ], [ 128.225207548643539, 38.185921716193896 ], [ 128.224405876772295, 38.181431510106428 ], [ 128.221378534594635, 38.179687387332855 ], [ 128.216285616367315, 38.180672491830492 ], [ 128.210316852270751, 38.179647158045697 ], [ 128.201686642379826, 38.182717586406298 ], [ 128.197940872818833, 38.180402001309737 ], [ 128.195015856824966, 38.186405281867145 ], [ 128.189077807920256, 38.188249905971354 ], [ 128.182588743223135, 38.187433122113383 ], [ 128.179592202315519, 38.189225664921601 ], [ 128.169579905686845, 38.189097250983643 ], [ 128.167039031225016, 38.194646614331376 ], [ 128.146351972949304, 38.200069150392849 ], [ 128.143884745967057, 38.209214075673515 ], [ 128.141088757616416, 38.211999983740071 ], [ 128.13478843204274, 38.211035942716499 ], [ 128.128349401258703, 38.213662244165057 ], [ 128.121437783264327, 38.213653331649326 ], [ 128.117125618077665, 38.218525206402923 ], [ 128.116685730718132, 38.225050109100444 ], [ 128.11912614107132, 38.22698392019128 ], [ 128.119917180464824, 38.232906569562601 ], [ 128.124699425389082, 38.237353548750526 ], [ 128.124253564986674, 38.240894228748999 ], [ 128.129597164842124, 38.243888654597868 ], [ 128.135829708767403, 38.244356738342454 ], [ 128.138117278078852, 38.247398290969983 ], [ 128.145483118359238, 38.250142038776993 ], [ 128.14690984071683, 38.254041025157278 ], [ 128.158109712612003, 38.258672854657817 ], [ 128.161033668108502, 38.261991942399163 ], [ 128.159703909655235, 38.263409839088894 ], [ 128.160055442184785, 38.268903389054117 ], [ 128.163293639301969, 38.271052131865453 ], [ 128.164615935553002, 38.27504009980175 ], [ 128.169018338690108, 38.280087174794581 ], [ 128.172390715625937, 38.281441918175489 ], [ 128.168253382130217, 38.288921771921338 ], [ 128.171331051479115, 38.29970734476575 ], [ 128.167791814021228, 38.30236093163559 ], [ 128.169005938099957, 38.306437077005434 ], [ 128.16821016335328, 38.311189322801503 ], [ 128.170670907382004, 38.315706587273176 ], [ 128.164903687050298, 38.320637234403591 ], [ 128.159278355738678, 38.322996278894223 ], [ 128.15810198623106, 38.3265498645045 ], [ 128.154955621701589, 38.329315529211826 ], [ 128.1510688653172, 38.325683564014547 ], [ 128.147944468075167, 38.327026885922479 ], [ 128.144712817423738, 38.324455055164336 ], [ 128.141640014239869, 38.324266963598525 ], [ 128.137066638272557, 38.324389740144909 ], [ 128.127827753301034, 38.328499958991479 ], [ 128.122803161280359, 38.326117938249467 ], [ 128.112978836058261, 38.327776102338824 ], [ 128.091877361200886, 38.314568396035618 ], [ 128.090325472975621, 38.314206587353581 ], [ 128.087354227537219, 38.317659852442389 ] ] ] ] } },
{ "type": "Feature", "properties": { "emd_cd": "51810350", "emd_nm": "상남면" }, "geometry": { "type": "MultiPolygon", "coordinates": [ [ [ [ 128.231741415206528, 37.951274574610856 ], [ 128.244146799216708, 37.952574089019727 ], [ 128.252543690865281, 37.950145851364425 ], [ 128.266849365860026, 37.948783301352726 ], [ 128.270962603034604, 37.942660166077289 ], [ 128.276521012860286, 37.940230502346822 ], [ 128.279788775468688, 37.941274696002793 ], [ 128.284066691448771, 37.937803265522959 ], [ 128.284369801150234, 37.931944517175772 ], [ 128.289221445847886, 37.926481468705191 ], [ 128.293297120354509, 37.9261741065745 ], [ 128.30060771899187, 37.929698865140068 ], [ 128.305382488301774, 37.926720739613856 ], [ 128.316878263511825, 37.925749062372617 ], [ 128.322731683579093, 37.922833750916624 ], [ 128.327812778763217, 37.923266947184267 ], [ 128.33123869283412, 37.920679168464048 ], [ 128.341946235912985, 37.917422955245506 ], [ 128.35242078367321, 37.91007978922427 ], [ 128.352385340576973, 37.907073135460685 ], [ 128.357209683498269, 37.90056176154603 ], [ 128.357237300331974, 37.896686714775804 ], [ 128.366389291777693, 37.890528284804262 ], [ 128.376894130599197, 37.88984503095903 ], [ 128.378752543686886, 37.890990143049933 ], [ 128.391136781159503, 37.888082787747543 ], [ 128.395326678706795, 37.889091376214175 ], [ 128.402417272844332, 37.884651443405112 ], [ 128.408030936941827, 37.883681630920073 ], [ 128.412278175923888, 37.884759079046823 ], [ 128.413193787861047, 37.882004510539112 ], [ 128.411227592747451, 37.875301584214924 ], [ 128.408821025983599, 37.871080484168139 ], [ 128.402720199403518, 37.867045456810644 ], [ 128.400657164286571, 37.861207491006219 ], [ 128.397148374559777, 37.862300183756297 ], [ 128.390400445645298, 37.85884387098023 ], [ 128.382403875334887, 37.858622605663925 ], [ 128.378177184982604, 37.852336275120102 ], [ 128.366154185364479, 37.847044876051299 ], [ 128.362822581552876, 37.838626206964157 ], [ 128.366375115318817, 37.836398337721754 ], [ 128.365176503016613, 37.833547015652364 ], [ 128.353572052529415, 37.830707491571303 ], [ 128.34747222297716, 37.826287299573345 ], [ 128.336069296521572, 37.827927067403522 ], [ 128.33156272192798, 37.832686303778203 ], [ 128.328356405982788, 37.833875577609206 ], [ 128.319954331346793, 37.830712236930083 ], [ 128.313216679871772, 37.839513346658009 ], [ 128.307426091091628, 37.843674111065887 ], [ 128.305405791068551, 37.849589689332781 ], [ 128.307017299085288, 37.851320600189219 ], [ 128.305116548508835, 37.857598511362013 ], [ 128.297852555482791, 37.864639585063202 ], [ 128.2959036810322, 37.868601239558657 ], [ 128.291069613580447, 37.869298261672583 ], [ 128.287444916337392, 37.864930260986277 ], [ 128.284823495419943, 37.866299335699217 ], [ 128.276423345687562, 37.864936175760569 ], [ 128.273049412550961, 37.860775174523454 ], [ 128.267503958748904, 37.86099968906715 ], [ 128.26144490781968, 37.85638489921287 ], [ 128.260809115375224, 37.849602242509803 ], [ 128.256094889020801, 37.843436750520205 ], [ 128.256128908671542, 37.839603896751704 ], [ 128.247565995554737, 37.836047878973112 ], [ 128.247060456654452, 37.832711305811877 ], [ 128.242705244294712, 37.832098750211379 ], [ 128.238245389038866, 37.824695469498117 ], [ 128.234725614897286, 37.822180754587976 ], [ 128.224354556871504, 37.820357277532821 ], [ 128.214388815912145, 37.812319274823238 ], [ 128.208688415840697, 37.812587245581895 ], [ 128.205633897164262, 37.815418881472823 ], [ 128.20157142825903, 37.81613411581386 ], [ 128.196334852903988, 37.821932729581889 ], [ 128.191384602185025, 37.824047317016756 ], [ 128.186511188209607, 37.829967674455943 ], [ 128.18443042710291, 37.829964176846211 ], [ 128.18315638654181, 37.832864968775212 ], [ 128.179813179459188, 37.834949215448376 ], [ 128.181745788119457, 37.837739035362667 ], [ 128.181370976899416, 37.843014497294959 ], [ 128.178350610478248, 37.846553547468972 ], [ 128.173647821815706, 37.847775682541588 ], [ 128.172006125771105, 37.850219439604189 ], [ 128.16890688058092, 37.851251338978543 ], [ 128.171858635457426, 37.857125061600733 ], [ 128.168586418031197, 37.863049601077925 ], [ 128.168843242387226, 37.870998254081307 ], [ 128.173927047139557, 37.876458600749636 ], [ 128.174211549744058, 37.885023252317438 ], [ 128.164234353953844, 37.887192615620755 ], [ 128.160888337194734, 37.895293482282796 ], [ 128.162629991860143, 37.905701253532612 ], [ 128.156548051182256, 37.908234330779564 ], [ 128.164459948277738, 37.91895869803124 ], [ 128.165056333414213, 37.922642348156415 ], [ 128.16999880731953, 37.92387753154464 ], [ 128.172260941149659, 37.926479494337727 ], [ 128.171307641678737, 37.932033413753707 ], [ 128.173298906247737, 37.934060149423104 ], [ 128.174062160181762, 37.945052530308061 ], [ 128.175928151892009, 37.946319035082624 ], [ 128.178855592092503, 37.946180088346715 ], [ 128.185435659679371, 37.941780865563423 ], [ 128.18985280361747, 37.941422126997573 ], [ 128.195153215918481, 37.935206968267828 ], [ 128.196420765942378, 37.92839071614025 ], [ 128.203345160614987, 37.931490012272043 ], [ 128.217706594880156, 37.931301130128901 ], [ 128.22114275425011, 37.929608549317201 ], [ 128.227388492790027, 37.938852458152745 ], [ 128.229061969493046, 37.94872657365768 ], [ 128.231741415206528, 37.951274574610856 ] ] ] ] } },
{ "type": "Feature", "properties": { "emd_cd": "51820250", "emd_nm": "간성읍" }, "geometry": { "type": "MultiPolygon", "coordinates": [ [ [ [ 128.49501603627786, 38.384447998978892 ], [ 128.488989105702501, 38.38388815533812 ], [ 128.482882333634052, 38.380642606111003 ], [ 128.479816376650916, 38.375690630623787 ], [ 128.482569589313641, 38.369786927549683 ], [ 128.476444950732315, 38.36865646905229 ], [ 128.473554950001386, 38.365289771900393 ], [ 128.478447044559005, 38.362079476716232 ], [ 128.487278941055308, 38.363823995000324 ], [ 128.489170414782166, 38.359063826284782 ], [ 128.482108506865075, 38.353790830132411 ], [ 128.486550431748327, 38.34876354545473 ], [ 128.487097909429906, 38.346016721240872 ], [ 128.482839041206091, 38.337346506546737 ], [ 128.480522377983078, 38.337164713374044 ], [ 128.479713620797753, 38.331673850172855 ], [ 128.468507592628043, 38.333891204491906 ], [ 128.461278977149988, 38.333045902478744 ], [ 128.460330159098788, 38.331073406366286 ], [ 128.455326021155003, 38.332826454466662 ], [ 128.44737501845205, 38.323154527526569 ], [ 128.447794821911202, 38.315848834382159 ], [ 128.438851192844993, 38.317013014426813 ], [ 128.437266814433201, 38.31068085397218 ], [ 128.434286492504043, 38.308220570194123 ], [ 128.434165130441357, 38.294599294181204 ], [ 128.430879075701512, 38.289298529362348 ], [ 128.420109409176831, 38.287576417187069 ], [ 128.404765074195467, 38.278555445400031 ], [ 128.401958596499696, 38.269608802239603 ], [ 128.398798406399663, 38.267607808290769 ], [ 128.399021930609706, 38.263555403393532 ], [ 128.401230219388253, 38.260564183570061 ], [ 128.404550052189535, 38.26308654783633 ], [ 128.409751722508503, 38.263906345606877 ], [ 128.414022864462282, 38.260650070427062 ], [ 128.414787009169999, 38.256513282036671 ], [ 128.417415335141925, 38.25462428389713 ], [ 128.406401443731937, 38.246009499156798 ], [ 128.40717808503868, 38.244613288943803 ], [ 128.394716813627554, 38.239240884156217 ], [ 128.392267986222464, 38.244460341983796 ], [ 128.38779374686635, 38.247855092114868 ], [ 128.38014632840887, 38.243737153756165 ], [ 128.378739758065336, 38.245332052345319 ], [ 128.375646143430828, 38.242611646167113 ], [ 128.372104454538658, 38.242613669165983 ], [ 128.370370306841693, 38.24040156178804 ], [ 128.371122794263215, 38.237462230106999 ], [ 128.368490298116996, 38.235831553233709 ], [ 128.366817171167384, 38.240799810817194 ], [ 128.364601866730538, 38.241780525634589 ], [ 128.36573960043242, 38.246934409222945 ], [ 128.363452055474482, 38.255008747694205 ], [ 128.359795545688144, 38.259169689982997 ], [ 128.35902110001112, 38.265644219028012 ], [ 128.340819914494318, 38.265503113495768 ], [ 128.33708082911528, 38.263135259703205 ], [ 128.326233147176112, 38.26644054094762 ], [ 128.319288763703383, 38.266108085158663 ], [ 128.317854720009677, 38.270310151276242 ], [ 128.320002927018777, 38.280159308221272 ], [ 128.318862224738552, 38.287721578221834 ], [ 128.321488853802322, 38.29090305874778 ], [ 128.321534567787154, 38.295162816282328 ], [ 128.320491275012415, 38.300286404384011 ], [ 128.315211597303801, 38.302287588801263 ], [ 128.314481066243019, 38.310002555435098 ], [ 128.308629382378712, 38.32159497951838 ], [ 128.311003557312517, 38.329694954125955 ], [ 128.318445020494636, 38.333832030937685 ], [ 128.317051109763213, 38.337287774215859 ], [ 128.319164816269364, 38.341798141908306 ], [ 128.31740969725692, 38.346077675865054 ], [ 128.324648114513025, 38.351749287319393 ], [ 128.328411432988759, 38.352549504161153 ], [ 128.332889153573092, 38.357570957172648 ], [ 128.332023320027645, 38.359872100160544 ], [ 128.335238181719888, 38.362449004667873 ], [ 128.335932239713998, 38.367637700156592 ], [ 128.331356094422659, 38.37393157753278 ], [ 128.333325645277995, 38.381055010591133 ], [ 128.33984022742365, 38.388544702940457 ], [ 128.34547766394877, 38.391293013928653 ], [ 128.348363886922272, 38.40000823890356 ], [ 128.374670064090338, 38.396413778455127 ], [ 128.381416460277279, 38.398323950596065 ], [ 128.385203199522266, 38.397128362191069 ], [ 128.393534779375585, 38.402383572128429 ], [ 128.392347845670514, 38.404282586280402 ], [ 128.393575654941969, 38.407612936746212 ], [ 128.40040133341887, 38.414143991139476 ], [ 128.410704004892125, 38.402747150366793 ], [ 128.418867477783294, 38.402053669881781 ], [ 128.421009217732205, 38.400450001295468 ], [ 128.42124321081414, 38.396144862187541 ], [ 128.424844988371575, 38.395139108829504 ], [ 128.42471710755558, 38.393611564473673 ], [ 128.429812511250731, 38.39362173483724 ], [ 128.430808281023815, 38.391448968280415 ], [ 128.428123960358249, 38.390739249025664 ], [ 128.42918288613771, 38.389559777078468 ], [ 128.437368989077413, 38.390325213003266 ], [ 128.443881816402353, 38.388749291692484 ], [ 128.448946120350655, 38.390493550236719 ], [ 128.452879566095277, 38.386983926552489 ], [ 128.452778600441093, 38.384710943770799 ], [ 128.456565175285562, 38.384865870579766 ], [ 128.463184483399715, 38.388246836785392 ], [ 128.46477839866219, 38.396733861874587 ], [ 128.476796476513925, 38.402059080865214 ], [ 128.477321906579789, 38.400750512636044 ], [ 128.480623731250461, 38.4004662038273 ], [ 128.49501603627786, 38.384447998978892 ] ] ] ] } },
{ "type": "Feature", "properties": { "emd_cd": "51820253", "emd_nm": "거진읍" }, "geometry": { "type": "MultiPolygon", "coordinates": [ [ [ [ 128.342576825842855, 38.428299203564457 ], [ 128.348528210732866, 38.432393730992608 ], [ 128.352998627848478, 38.433494702980461 ], [ 128.356955032721686, 38.439276766899745 ], [ 128.355856780408828, 38.446347139778936 ], [ 128.351396687839383, 38.456254743738022 ], [ 128.353767736206152, 38.463121542996028 ], [ 128.366446593096185, 38.467326588800958 ], [ 128.373438830048741, 38.474331107962321 ], [ 128.391240895195637, 38.473096937690528 ], [ 128.393982036651096, 38.469350791357648 ], [ 128.401269495980017, 38.466057128728927 ], [ 128.404899382184453, 38.4661251002181 ], [ 128.406917106901886, 38.462519569272587 ], [ 128.417382940411045, 38.456599692260411 ], [ 128.429057901860119, 38.463728290546442 ], [ 128.432873768498496, 38.463869848245537 ], [ 128.439464771048421, 38.470508813332522 ], [ 128.436654683485557, 38.473248451459142 ], [ 128.434773955878057, 38.478884959525722 ], [ 128.438018317982483, 38.479665468438206 ], [ 128.441993083695849, 38.474415921352978 ], [ 128.449621700771218, 38.471278308413119 ], [ 128.450048021084967, 38.466499295325086 ], [ 128.460385165652411, 38.457367625782531 ], [ 128.460980855854785, 38.454919894468617 ], [ 128.465084805610076, 38.453104351920118 ], [ 128.46546941698017, 38.451332973165933 ], [ 128.468427897852195, 38.451229082537267 ], [ 128.46834588355739, 38.449638548917271 ], [ 128.459268078056311, 38.443009654530861 ], [ 128.463294822501467, 38.446976261251145 ], [ 128.461414530416988, 38.448845472072129 ], [ 128.455866390898365, 38.446201021416314 ], [ 128.455024864684731, 38.44399487782001 ], [ 128.458321007361036, 38.443827540684204 ], [ 128.455478260506766, 38.443766357445007 ], [ 128.454728523795438, 38.437982680674303 ], [ 128.45376755128558, 38.438288380491706 ], [ 128.458122592395569, 38.429156566754287 ], [ 128.476192873545955, 38.405154521649635 ], [ 128.476796476513925, 38.402059080865214 ], [ 128.464778398662219, 38.396733861874623 ], [ 128.463184483399715, 38.388246836785392 ], [ 128.461011740726406, 38.386663462492223 ], [ 128.452778600441121, 38.384710943770862 ], [ 128.45287956609522, 38.386983926552496 ], [ 128.448946120350655, 38.390493550236719 ], [ 128.443881816402353, 38.388749291692534 ], [ 128.437368989077356, 38.390325213003223 ], [ 128.42918288613771, 38.389559777078468 ], [ 128.428123960358164, 38.39073924902565 ], [ 128.430808281023815, 38.391448968280415 ], [ 128.429812511250731, 38.39362173483724 ], [ 128.424717107555523, 38.393611564473666 ], [ 128.424844988371632, 38.395139108829504 ], [ 128.42124321081414, 38.396144862187576 ], [ 128.421009217732177, 38.400450001295496 ], [ 128.418867477783238, 38.402053669881809 ], [ 128.410704004892096, 38.402747150366771 ], [ 128.400401333418898, 38.414143991139476 ], [ 128.393575654941969, 38.407612936746212 ], [ 128.392347845670571, 38.404282586280367 ], [ 128.393534779375642, 38.402383572128429 ], [ 128.385203199522266, 38.397128362191026 ], [ 128.381416460277279, 38.398323950596065 ], [ 128.374670064090282, 38.396413778455134 ], [ 128.348363886922272, 38.40000823890356 ], [ 128.346598948658169, 38.40146936538514 ], [ 128.349813523634481, 38.404893320606213 ], [ 128.345710766768718, 38.414540038758233 ], [ 128.346617097596123, 38.423015905467068 ], [ 128.342576825842855, 38.428299203564457 ] ] ] ] } },
{ "type": "Feature", "properties": { "emd_cd": "51820310", "emd_nm": "현내면" }, "geometry": { "type": "MultiPolygon", "coordinates": [ [ [ [ 128.442506769876729, 38.485436149426505 ], [ 128.443687500318163, 38.486515396610208 ], [ 128.444075934071122, 38.48552436982537 ], [ 128.442506769876729, 38.485436149426505 ] ] ], [ [ [ 128.421918188741586, 38.511377683340754 ], [ 128.423245451083062, 38.511473931759483 ], [ 128.421522851279775, 38.510944146037062 ], [ 128.421918188741586, 38.511377683340754 ] ] ], [ [ [ 128.331976478350128, 38.601377987448664 ], [ 128.337087094086627, 38.601689152241327 ], [ 128.337450082962789, 38.602289948762369 ], [ 128.337173482500901, 38.60378165159505 ], [ 128.338151651416354, 38.602650903044371 ], [ 128.342425760908696, 38.610163971491509 ], [ 128.357157995665517, 38.613575336518643 ], [ 128.360205803975731, 38.610668971752752 ], [ 128.360099552253644, 38.604892809778796 ], [ 128.365720117748879, 38.602434499486733 ], [ 128.368960129487817, 38.595628997146292 ], [ 128.368343987514265, 38.594237153406624 ], [ 128.377522781840412, 38.587018601413611 ], [ 128.386617032372016, 38.576163552597642 ], [ 128.391210908055655, 38.572740898141255 ], [ 128.394472957312303, 38.572862050327451 ], [ 128.393746685536343, 38.568853863687082 ], [ 128.398186331822387, 38.565495185368363 ], [ 128.40194520797138, 38.564731836162665 ], [ 128.402513711696344, 38.566251103335347 ], [ 128.403748217040572, 38.559914810047857 ], [ 128.406619424940885, 38.559657414399744 ], [ 128.40433091806716, 38.557785765888525 ], [ 128.40453736592994, 38.555365346637259 ], [ 128.410840122344382, 38.555881259447787 ], [ 128.409833162951458, 38.553080389575904 ], [ 128.411041894219153, 38.551805977195812 ], [ 128.407408754808785, 38.550706334369778 ], [ 128.410596312428538, 38.547353763039766 ], [ 128.405119038664935, 38.545124178824985 ], [ 128.404951650538351, 38.542345823509621 ], [ 128.412342935079067, 38.534978813162461 ], [ 128.411867793423426, 38.531158095004606 ], [ 128.416973596924265, 38.529372992346758 ], [ 128.417894947072909, 38.524176869895349 ], [ 128.423997694924111, 38.52283644154376 ], [ 128.422915196714399, 38.520364927954816 ], [ 128.419384199897877, 38.520826183352447 ], [ 128.417150038226936, 38.519195135440604 ], [ 128.419337489376773, 38.51806828983117 ], [ 128.420802081152516, 38.514066400079727 ], [ 128.41865295563619, 38.513407222802051 ], [ 128.418544580325261, 38.511795373287484 ], [ 128.421217987207086, 38.510183729081824 ], [ 128.420293123831073, 38.508206552311385 ], [ 128.422113368589976, 38.505051610572693 ], [ 128.42994130900604, 38.50405274829297 ], [ 128.429220818576511, 38.50046315188105 ], [ 128.428965614207442, 38.502398392592987 ], [ 128.424496208130051, 38.500206428328077 ], [ 128.426360423753835, 38.499245750508827 ], [ 128.426712652954592, 38.499987353353269 ], [ 128.427709829527089, 38.500356955111279 ], [ 128.426307109218982, 38.498950140965334 ], [ 128.42975510571577, 38.496240475622862 ], [ 128.428806137542978, 38.49344768993744 ], [ 128.430002050063877, 38.490822567871113 ], [ 128.434105875146145, 38.48730842116607 ], [ 128.438096990928159, 38.487477847846137 ], [ 128.440011299934042, 38.485400323001031 ], [ 128.438301650331823, 38.486280061116894 ], [ 128.439338402634547, 38.485078225904587 ], [ 128.438018317982483, 38.479665468438156 ], [ 128.434773955878057, 38.478884959525686 ], [ 128.436654683485642, 38.473248451459106 ], [ 128.439464771048364, 38.470508813332522 ], [ 128.432873768498439, 38.463869848245572 ], [ 128.429057901860119, 38.463728290546442 ], [ 128.417382940411045, 38.456599692260411 ], [ 128.406917106901886, 38.462519569272587 ], [ 128.404899382184453, 38.4661251002181 ], [ 128.401269495980017, 38.466057128728977 ], [ 128.393982036651153, 38.469350791357648 ], [ 128.391240895195665, 38.473096937690528 ], [ 128.37544692928256, 38.474621225029288 ], [ 128.373438830048741, 38.474331107962364 ], [ 128.366446593096185, 38.467326588800994 ], [ 128.356008138983327, 38.46438562280342 ], [ 128.35322251170723, 38.471160982897857 ], [ 128.350171574060028, 38.473785904506208 ], [ 128.337858432736368, 38.478006442564514 ], [ 128.339208845488315, 38.478895867637092 ], [ 128.340761957168837, 38.48734862391494 ], [ 128.339592119926891, 38.49171144580324 ], [ 128.343610129218405, 38.494045134308166 ], [ 128.34559787340541, 38.500619952055722 ], [ 128.340876652643487, 38.505011099478949 ], [ 128.340684736208061, 38.511636252666968 ], [ 128.334847300436735, 38.522534612531182 ], [ 128.33464021065322, 38.525709147282164 ], [ 128.341256170869542, 38.530321103027319 ], [ 128.341869577140102, 38.535841040850926 ], [ 128.346516484081889, 38.536592303126824 ], [ 128.348300316734282, 38.538564970372917 ], [ 128.345775301929933, 38.551956928244081 ], [ 128.348649155469815, 38.557704199382066 ], [ 128.343653829902337, 38.56369912202652 ], [ 128.340899058801114, 38.570918624492982 ], [ 128.342832801151758, 38.572547197622939 ], [ 128.342414457918693, 38.574913783530455 ], [ 128.345166186701903, 38.576764198533681 ], [ 128.341290653965189, 38.580976396826799 ], [ 128.342777877790354, 38.588073804095856 ], [ 128.337438941144057, 38.588223822522615 ], [ 128.334290444630938, 38.591003151307 ], [ 128.335047915360093, 38.594646038095732 ], [ 128.331976478350128, 38.601377987448664 ] ] ], [ [ [ 128.405704917339193, 38.545163149936755 ], [ 128.405631878301875, 38.544909546723375 ], [ 128.40523522314345, 38.545081152581858 ], [ 128.405704917339193, 38.545163149936755 ] ] ], [ [ [ 128.408489616710256, 38.560438333930286 ], [ 128.409612977462984, 38.562428950535448 ], [ 128.409914733351087, 38.560395720203481 ], [ 128.408489616710256, 38.560438333930286 ] ] ], [ [ [ 128.337180561004061, 38.602316605517515 ], [ 128.336975997182776, 38.604203427034093 ], [ 128.337396718197539, 38.60448668067275 ], [ 128.337111348194071, 38.603808404368209 ], [ 128.337180561004061, 38.602316605517515 ] ] ], [ [ [ 128.331246963642229, 38.604239682968135 ], [ 128.331142725523222, 38.604060859611899 ], [ 128.331090669446382, 38.604173829871897 ], [ 128.331246963642229, 38.604239682968135 ] ] ], [ [ [ 128.332285440416086, 38.605075664510338 ], [ 128.332808181944756, 38.605501243178693 ], [ 128.332369157384846, 38.604821744097954 ], [ 128.332285440416086, 38.605075664510338 ] ] ] ] } },
{ "type": "Feature", "properties": { "emd_cd": "51820320", "emd_nm": "죽왕면" }, "geometry": { "type": "MultiPolygon", "coordinates": [ [ [ [ 128.544036071897978, 38.318454526461743 ], [ 128.54483609267524, 38.318416375451008 ], [ 128.544791655025648, 38.318212588571654 ], [ 128.544036071897978, 38.318454526461743 ] ] ], [ [ [ 128.533972176117885, 38.319924134342827 ], [ 128.534503666505032, 38.32003051802365 ], [ 128.534589036048033, 38.319574785501835 ], [ 128.533972176117885, 38.319924134342827 ] ] ], [ [ [ 128.53107910148637, 38.321196371879566 ], [ 128.531261277059258, 38.320631457870938 ], [ 128.530854471177548, 38.321121707799115 ], [ 128.53107910148637, 38.321196371879566 ] ] ], [ [ [ 128.431207563683699, 38.290290603027636 ], [ 128.434165130441386, 38.294599294181204 ], [ 128.434286492503929, 38.308220570194123 ], [ 128.437266814433201, 38.310680853972208 ], [ 128.438851192844936, 38.317013014426813 ], [ 128.447794821911145, 38.315848834382166 ], [ 128.44737501845205, 38.32315452752654 ], [ 128.455326021154917, 38.33282645446662 ], [ 128.460330159098788, 38.331073406366265 ], [ 128.461278977149988, 38.333045902478766 ], [ 128.468507592628015, 38.333891204491906 ], [ 128.479713620797753, 38.331673850172834 ], [ 128.480522377983021, 38.337164713374079 ], [ 128.482839041206091, 38.337346506546737 ], [ 128.487097909429906, 38.346016721240872 ], [ 128.486550431748327, 38.348763545454666 ], [ 128.482108506865075, 38.353790830132411 ], [ 128.489170414782166, 38.359063826284782 ], [ 128.487278941055365, 38.363823995000338 ], [ 128.478447044558919, 38.362079476716232 ], [ 128.473554950001386, 38.365289771900429 ], [ 128.47644495073223, 38.36865646905229 ], [ 128.482569589313641, 38.369786927549683 ], [ 128.479816376650859, 38.375690630623758 ], [ 128.482321803611711, 38.380138303677931 ], [ 128.488989105702501, 38.383888155338084 ], [ 128.495553300133309, 38.385271718458348 ], [ 128.504122808214817, 38.376502627556668 ], [ 128.508642598000819, 38.375477578874872 ], [ 128.508940222848082, 38.373050894524816 ], [ 128.512037032107315, 38.371159912137557 ], [ 128.510701780334387, 38.369773873872852 ], [ 128.513877455216658, 38.368456513478165 ], [ 128.5121830696242, 38.36616211239307 ], [ 128.512801954913357, 38.367881089576713 ], [ 128.51162628545282, 38.36808760535731 ], [ 128.507751676931093, 38.366155965558292 ], [ 128.506364909409484, 38.362323613497985 ], [ 128.509799151490739, 38.356606989883169 ], [ 128.511840688934512, 38.355860577103314 ], [ 128.512786071773377, 38.357195127135839 ], [ 128.515042053858167, 38.353589628208503 ], [ 128.515064773409733, 38.351879799503692 ], [ 128.513118754413654, 38.355181290143136 ], [ 128.511321747014335, 38.353205997887201 ], [ 128.512796405889304, 38.353201964725343 ], [ 128.513811070384634, 38.35268550118753 ], [ 128.510668765427511, 38.353131026295081 ], [ 128.51337962488509, 38.345150130934208 ], [ 128.520137993555352, 38.337180484424522 ], [ 128.527596450953126, 38.33237917159861 ], [ 128.528057498425028, 38.327921260596334 ], [ 128.53064148089274, 38.327592830348351 ], [ 128.530780896003307, 38.324909416270401 ], [ 128.529561477325103, 38.3269762345966 ], [ 128.528436454207736, 38.326798150409573 ], [ 128.529717037693331, 38.324981769086286 ], [ 128.527421148366273, 38.326139905678872 ], [ 128.527749204330433, 38.321659292129297 ], [ 128.53758241996735, 38.312737411008527 ], [ 128.543929067055529, 38.310849340759667 ], [ 128.542575171726554, 38.306988841204131 ], [ 128.550933373380275, 38.30342794988065 ], [ 128.550438787264852, 38.301031268601498 ], [ 128.550111382020162, 38.3028194326779 ], [ 128.548338208278409, 38.302659565271732 ], [ 128.549596840472049, 38.301486561518196 ], [ 128.547292724222359, 38.302174034196099 ], [ 128.547144445577885, 38.297566747068714 ], [ 128.545779947391537, 38.297371559765566 ], [ 128.549759928611735, 38.29687821469976 ], [ 128.551527660719785, 38.295146527611891 ], [ 128.550223424521448, 38.296129051437028 ], [ 128.547088217531439, 38.293017189216279 ], [ 128.542897251003808, 38.296593234871196 ], [ 128.528340383289077, 38.293430314559316 ], [ 128.524159243656129, 38.297826356577829 ], [ 128.519806310924821, 38.297158288707934 ], [ 128.520168429577666, 38.300027744965277 ], [ 128.516937218863774, 38.300080448551476 ], [ 128.518997114373605, 38.3011713509811 ], [ 128.513601701901649, 38.302959202202281 ], [ 128.507129064703093, 38.302024927790313 ], [ 128.507219665165621, 38.299676287171323 ], [ 128.504664743937951, 38.298351316243767 ], [ 128.501489518451621, 38.299508710360016 ], [ 128.493596750205427, 38.297887319615171 ], [ 128.491160462259842, 38.299139555468038 ], [ 128.485146527894017, 38.294466984160145 ], [ 128.479975323129281, 38.292827599564163 ], [ 128.475266967151981, 38.294131831533456 ], [ 128.464684070763639, 38.29207420735171 ], [ 128.46234303717668, 38.293715302667458 ], [ 128.450400670789634, 38.283914326599479 ], [ 128.436929651461043, 38.286091157007228 ], [ 128.431207563683699, 38.290290603027636 ] ] ], [ [ [ 128.53121672754682, 38.335168955190014 ], [ 128.531546736249993, 38.334852867883839 ], [ 128.530982586310927, 38.335070938937243 ], [ 128.53121672754682, 38.335168955190014 ] ] ], [ [ [ 128.533150323729188, 38.336817093732655 ], [ 128.536466585682746, 38.335205295745055 ], [ 128.536366885536182, 38.334668670231281 ], [ 128.531890169159425, 38.335879930815089 ], [ 128.533150323729188, 38.336817093732655 ] ] ], [ [ [ 128.552348840202313, 38.294001902690461 ], [ 128.553038938010161, 38.294389818155814 ], [ 128.553592817261602, 38.293939463062827 ], [ 128.552348840202313, 38.294001902690461 ] ] ], [ [ [ 128.551379176770894, 38.294514592009556 ], [ 128.551288027180874, 38.294782629521208 ], [ 128.551555970874261, 38.294708597022414 ], [ 128.551379176770894, 38.294514592009556 ] ] ], [ [ [ 128.550074520411073, 38.313677977921856 ], [ 128.550787049687585, 38.31330183130288 ], [ 128.550611705309393, 38.313009015063379 ], [ 128.550074520411073, 38.313677977921856 ] ] ], [ [ [ 128.544548029961987, 38.313579319113941 ], [ 128.545982341650074, 38.313583447871515 ], [ 128.545706737781757, 38.312777767540972 ], [ 128.544548029961987, 38.313579319113941 ] ] ], [ [ [ 128.549236530152569, 38.313485171158874 ], [ 128.549745495290921, 38.314005996146982 ], [ 128.549875107735744, 38.313473929530275 ], [ 128.549236530152569, 38.313485171158874 ] ] ], [ [ [ 128.545353368614428, 38.314165702319812 ], [ 128.546064569089566, 38.314087063694849 ], [ 128.546125785942621, 38.31385690459156 ], [ 128.545353368614428, 38.314165702319812 ] ] ] ] } },
{ "type": "Feature", "properties": { "emd_cd": "51820330", "emd_nm": "토성면" }, "geometry": { "type": "MultiPolygon", "coordinates": [ [ [ [ 128.399476949147214, 38.267948189759466 ], [ 128.401958596499696, 38.269608802239603 ], [ 128.406588516265458, 38.280731706796495 ], [ 128.421804417115567, 38.288199394445634 ], [ 128.430977531074831, 38.289320917296706 ], [ 128.43895625715362, 38.285437411830905 ], [ 128.4481455983545, 38.285283166922653 ], [ 128.450400670789662, 38.283914326599479 ], [ 128.46234303717668, 38.293715302667458 ], [ 128.464684070763639, 38.292074207351725 ], [ 128.475266967152038, 38.294131831533413 ], [ 128.479975323129281, 38.292827599564163 ], [ 128.485146527894074, 38.294466984160117 ], [ 128.491160462259842, 38.299139555468038 ], [ 128.493596750205427, 38.297887319615228 ], [ 128.501489518451677, 38.299508710360051 ], [ 128.504664743937951, 38.298351316243767 ], [ 128.50721966516565, 38.29967628717128 ], [ 128.50641054204209, 38.301627920835386 ], [ 128.508000927384643, 38.302407972484033 ], [ 128.515450853569348, 38.302697465320669 ], [ 128.518997114373661, 38.301171350981136 ], [ 128.51711636003003, 38.29984089976265 ], [ 128.520168429577751, 38.300027744965263 ], [ 128.519806310924878, 38.297158288707898 ], [ 128.524159243656101, 38.297826356577858 ], [ 128.528340383289077, 38.293430314559316 ], [ 128.542897251003808, 38.296593234871224 ], [ 128.547134704547659, 38.292990000833136 ], [ 128.547209658245094, 38.290358667687961 ], [ 128.547554657318017, 38.290034410407699 ], [ 128.548663670263466, 38.290284661294713 ], [ 128.549068202089217, 38.290155685912858 ], [ 128.547798329542132, 38.289940608447104 ], [ 128.548974780205924, 38.289333208700583 ], [ 128.547934862216749, 38.287680229101753 ], [ 128.549973391166219, 38.284492169579735 ], [ 128.549314294342082, 38.282750506704502 ], [ 128.551113149348424, 38.283831247701322 ], [ 128.553645624302305, 38.280152068372146 ], [ 128.55319090125937, 38.275350939805271 ], [ 128.558806631531695, 38.273606352550487 ], [ 128.559106560005489, 38.272341233481534 ], [ 128.55578872430425, 38.273810785270953 ], [ 128.55707627910283, 38.272091405846929 ], [ 128.555396702696754, 38.271310298340318 ], [ 128.557383308921743, 38.270741140154321 ], [ 128.55817999164438, 38.271974918212926 ], [ 128.558870628468242, 38.2700762576996 ], [ 128.556166413953349, 38.268178188706756 ], [ 128.559115817821322, 38.266000355195452 ], [ 128.558000313613576, 38.261882991003425 ], [ 128.561226136365292, 38.260694776044282 ], [ 128.559685288274352, 38.259757181623364 ], [ 128.560370667283706, 38.257010790562781 ], [ 128.565016752031369, 38.252983344434845 ], [ 128.569082582688026, 38.252754115058728 ], [ 128.570542749033393, 38.250313910307803 ], [ 128.567499364333145, 38.25185013177321 ], [ 128.568047193257314, 38.249425093210796 ], [ 128.569236548007126, 38.248345633971653 ], [ 128.571675091253667, 38.249551938700101 ], [ 128.56927331516593, 38.248311923408899 ], [ 128.584886860650954, 38.229316844774296 ], [ 128.580320210619192, 38.227577331735581 ], [ 128.579037973014891, 38.224761315160656 ], [ 128.574386476059885, 38.221777498608276 ], [ 128.56742190498565, 38.220127722365653 ], [ 128.561272820060083, 38.221004884171478 ], [ 128.55454619114343, 38.217756684494567 ], [ 128.545261601572548, 38.216484990988548 ], [ 128.538011272578245, 38.217504862658991 ], [ 128.522095271535619, 38.207573569558797 ], [ 128.512477728557769, 38.207460541576623 ], [ 128.506863796924932, 38.203929921761407 ], [ 128.501373526161018, 38.203383770778039 ], [ 128.499174740665438, 38.202206559808388 ], [ 128.497678697570109, 38.197932178884557 ], [ 128.491940555483438, 38.195696565172071 ], [ 128.485801968326882, 38.188562346072843 ], [ 128.479666261100562, 38.187530417377758 ], [ 128.477068943571993, 38.18895949439549 ], [ 128.477037220635111, 38.192912034884763 ], [ 128.466650590667342, 38.198629927961967 ], [ 128.462524453249301, 38.196915273385287 ], [ 128.454225112081446, 38.198055558279343 ], [ 128.441010047394741, 38.204963554824303 ], [ 128.43775016805202, 38.214183628977899 ], [ 128.440835683083918, 38.223008303180457 ], [ 128.440523230856371, 38.227657553530499 ], [ 128.437677851770928, 38.230540670881226 ], [ 128.440519884601116, 38.241453695492119 ], [ 128.43314119126822, 38.242496405699228 ], [ 128.424811543304003, 38.253239972199012 ], [ 128.417515716656794, 38.254298307468908 ], [ 128.414787009169999, 38.256513282036671 ], [ 128.414022864462282, 38.260650070427062 ], [ 128.409751722508503, 38.263906345606877 ], [ 128.404550052189535, 38.26308654783633 ], [ 128.400922970367247, 38.260635293663299 ], [ 128.399021930609706, 38.263555403393532 ], [ 128.399476949147214, 38.267948189759466 ] ], [ [ 128.525156807863397, 38.294930351205167 ], [ 128.525026153188662, 38.294982431377584 ], [ 128.525093781949067, 38.294919104658362 ], [ 128.525156807863397, 38.294930351205167 ] ] ], [ [ [ 128.568213271655708, 38.249390950653321 ], [ 128.56926826338568, 38.249712679816945 ], [ 128.568225304502192, 38.249351887974953 ], [ 128.568213271655708, 38.249390950653321 ] ] ], [ [ [ 128.576673688507782, 38.254446915414306 ], [ 128.580764136918162, 38.254448076293741 ], [ 128.579435655302206, 38.253405557950401 ], [ 128.576673688507782, 38.254446915414306 ] ] ], [ [ [ 128.556828945483744, 38.287330768145416 ], [ 128.558392277052661, 38.287387456462589 ], [ 128.559103611541616, 38.286706613627494 ], [ 128.55764168103417, 38.286412641501322 ], [ 128.556828945483744, 38.287330768145416 ] ] ] ] } },
{ "type": "Feature", "properties": { "emd_cd": "51820340", "emd_nm": "수동면" }, "geometry": { "type": "MultiPolygon", "coordinates": [ [ [ [ 128.243406761991281, 38.411148290949768 ], [ 128.243183046663859, 38.411310211069654 ], [ 128.24363601424534, 38.411737527045965 ], [ 128.243406761991281, 38.411148290949768 ] ] ], [ [ [ 128.262674447349326, 38.423632178045914 ], [ 128.263218926841574, 38.424044032214567 ], [ 128.263715537662961, 38.423897278164389 ], [ 128.262674447349326, 38.423632178045914 ] ] ], [ [ [ 128.226869499530721, 38.388092062170351 ], [ 128.229215774626539, 38.396840177886752 ], [ 128.232760179298424, 38.400520896006526 ], [ 128.242322401780029, 38.402174424599288 ], [ 128.245746155338622, 38.405602696995864 ], [ 128.243249102773348, 38.41087694678626 ], [ 128.245796829061362, 38.414984497065831 ], [ 128.257047898875669, 38.421526791402087 ], [ 128.262438022527448, 38.422443668811447 ], [ 128.271957205572249, 38.431431437783488 ], [ 128.27977013366268, 38.433735556642546 ], [ 128.278871572718828, 38.434598192983543 ], [ 128.282308281939436, 38.437189285346143 ], [ 128.283441643616868, 38.436157164022696 ], [ 128.284116839676727, 38.43680441744867 ], [ 128.283035709371973, 38.437675480270961 ], [ 128.286070054078493, 38.442339984226123 ], [ 128.287415317799088, 38.449591481202475 ], [ 128.292450712541921, 38.454049026536993 ], [ 128.291045087646097, 38.45479379935869 ], [ 128.296092364739536, 38.460727133348669 ], [ 128.299086935642094, 38.471585627721538 ], [ 128.301887635168526, 38.47586024172935 ], [ 128.30672468438425, 38.478581568576992 ], [ 128.301395453453495, 38.486197634091511 ], [ 128.302491292622193, 38.486614372881434 ], [ 128.3010185650719, 38.487927454772304 ], [ 128.3012462533313, 38.490679955110359 ], [ 128.305747270881767, 38.498524386259476 ], [ 128.304392893444287, 38.502610099144491 ], [ 128.313199083862372, 38.512362827517009 ], [ 128.313831743158261, 38.522473361351196 ], [ 128.312303601082107, 38.52458092297325 ], [ 128.310689015367586, 38.537140543958479 ], [ 128.312206297931198, 38.560368570391276 ], [ 128.315503074852472, 38.560432725752371 ], [ 128.316727735082367, 38.560955301011617 ], [ 128.311744642674483, 38.561209803073687 ], [ 128.312121913633717, 38.570085085761022 ], [ 128.314918138249652, 38.574772575000601 ], [ 128.31225817835147, 38.580892144545707 ], [ 128.314433575745426, 38.584755849365337 ], [ 128.31137129925915, 38.587857829478672 ], [ 128.310611888837826, 38.586926705706624 ], [ 128.309672080454874, 38.586585212329901 ], [ 128.309043673270963, 38.58654143659092 ], [ 128.310764335128709, 38.587799235835178 ], [ 128.309319183550116, 38.59285980668971 ], [ 128.310031714901186, 38.594205000280986 ], [ 128.31634241681607, 38.593787511897567 ], [ 128.32125117034272, 38.597228456945501 ], [ 128.332379044860147, 38.601196820911206 ], [ 128.335047915360093, 38.594646038095732 ], [ 128.334290444630938, 38.591003151307 ], [ 128.337438941144057, 38.588223822522615 ], [ 128.342777877790354, 38.588073804095856 ], [ 128.341290653965189, 38.580976396826799 ], [ 128.345166186701903, 38.576764198533681 ], [ 128.342414457918693, 38.574913783530455 ], [ 128.342832801151758, 38.572547197622939 ], [ 128.340899058801114, 38.570918624492982 ], [ 128.343653829902337, 38.56369912202652 ], [ 128.348649155469815, 38.557704199382066 ], [ 128.345775301929933, 38.551956928244081 ], [ 128.348300316734282, 38.538564970372917 ], [ 128.346516484081889, 38.536592303126824 ], [ 128.341869577140102, 38.535841040850926 ], [ 128.341256170869542, 38.530321103027319 ], [ 128.33464021065322, 38.525709147282164 ], [ 128.334847300436735, 38.522534612531182 ], [ 128.340684736208061, 38.511636252666968 ], [ 128.340876652643487, 38.505011099478949 ], [ 128.34559787340541, 38.500619952055722 ], [ 128.343610129218405, 38.494045134308166 ], [ 128.339592119926891, 38.49171144580324 ], [ 128.340761957168837, 38.48734862391494 ], [ 128.339208845488315, 38.478895867637092 ], [ 128.337858432736368, 38.478006442564514 ], [ 128.350171574060028, 38.473785904506208 ], [ 128.355451716971317, 38.46697370576026 ], [ 128.356008138983327, 38.46438562280342 ], [ 128.353767736206152, 38.463121542996028 ], [ 128.351396687839383, 38.456254743738022 ], [ 128.355856780408828, 38.446347139778965 ], [ 128.356955032721686, 38.439276766899724 ], [ 128.352998627848478, 38.433494702980461 ], [ 128.348528210732894, 38.432393730992565 ], [ 128.342576825842912, 38.428299203564514 ], [ 128.34661709759618, 38.423015905467039 ], [ 128.345710766768718, 38.414540038758275 ], [ 128.349846919434924, 38.403985426127505 ], [ 128.346598948658254, 38.401469365385161 ], [ 128.348554046146148, 38.399872829081289 ], [ 128.34547766394877, 38.391293013928653 ], [ 128.33984022742365, 38.388544702940457 ], [ 128.333325645277995, 38.381055010591133 ], [ 128.331356094422659, 38.37393157753278 ], [ 128.335932239713998, 38.367637700156592 ], [ 128.335238181719888, 38.362449004667873 ], [ 128.332023320027645, 38.359872100160544 ], [ 128.332889153573092, 38.357570957172648 ], [ 128.328411432988759, 38.352549504161153 ], [ 128.324648114513025, 38.351749287319393 ], [ 128.31740969725692, 38.346077675865054 ], [ 128.319164816269364, 38.341798141908306 ], [ 128.317051109763213, 38.337287774215859 ], [ 128.318445020494636, 38.333832030937685 ], [ 128.313454226924932, 38.33071762273466 ], [ 128.309055087678871, 38.333263241344554 ], [ 128.299480987819067, 38.3338467554997 ], [ 128.287478996207199, 38.340097442508615 ], [ 128.282155049030365, 38.339992025685909 ], [ 128.273751300437766, 38.335477932383633 ], [ 128.267921589210772, 38.340167240988769 ], [ 128.268173064432375, 38.346354893057487 ], [ 128.264551959724088, 38.35096879078371 ], [ 128.268974136753627, 38.356368119245744 ], [ 128.27255968449623, 38.365670873514915 ], [ 128.272238345231415, 38.371820994055895 ], [ 128.269570664391495, 38.376107015177702 ], [ 128.262010852520746, 38.376467232295781 ], [ 128.257662584511394, 38.372754205498708 ], [ 128.248523709554121, 38.370777997585655 ], [ 128.238669605096476, 38.376288305417681 ], [ 128.233679670955496, 38.372381525371644 ], [ 128.229171480780678, 38.37896628798206 ], [ 128.229641436915699, 38.382027768513453 ], [ 128.233893446912532, 38.384850098343037 ], [ 128.233607028478445, 38.387329326728619 ], [ 128.226869499530721, 38.388092062170351 ] ] ], [ [ [ 128.29938421230105, 38.472546086315162 ], [ 128.299248137909132, 38.473509955442658 ], [ 128.299516739043327, 38.474127996831236 ], [ 128.29938421230105, 38.472546086315162 ] ] ], [ [ [ 128.313969309419093, 38.585074471478094 ], [ 128.314023702513111, 38.584674377723935 ], [ 128.313698201845312, 38.58494838558655 ], [ 128.313969309419093, 38.585074471478094 ] ] ] ] } },
{ "type": "Feature", "properties": { "emd_cd": "51830250", "emd_nm": "양양읍" }, "geometry": { "type": "MultiPolygon", "coordinates": [ [ [ [ 128.526149545997868, 38.112496070593494 ], [ 128.539498734599334, 38.111282551153408 ], [ 128.546478936672486, 38.112677004002592 ], [ 128.54895924257363, 38.114986882853053 ], [ 128.560318202736767, 38.115002492421311 ], [ 128.562704582534849, 38.111766465014298 ], [ 128.572728647148608, 38.111543421480476 ], [ 128.575032839494924, 38.109359045940209 ], [ 128.57813939789645, 38.109290037844822 ], [ 128.578322904409532, 38.10626399975888 ], [ 128.580663343575139, 38.104537866605604 ], [ 128.58351049345319, 38.104865317900391 ], [ 128.587029109989487, 38.107824537482088 ], [ 128.598797931274106, 38.10188087881955 ], [ 128.612040966435472, 38.105746279143389 ], [ 128.611711484739743, 38.108376826089263 ], [ 128.605793747679542, 38.108502747118621 ], [ 128.604879560407738, 38.111511617354346 ], [ 128.610620337127159, 38.114040611063693 ], [ 128.615600939061579, 38.114764201412704 ], [ 128.624584815494899, 38.111988441133363 ], [ 128.627151990344032, 38.113704287539761 ], [ 128.628349958691416, 38.112238180473547 ], [ 128.635065157260215, 38.116136062051879 ], [ 128.641498779884358, 38.108724142766285 ], [ 128.646632678569745, 38.105311325694309 ], [ 128.642665150746382, 38.10011129445941 ], [ 128.641834343925126, 38.088437845579897 ], [ 128.637392662648409, 38.083202216551093 ], [ 128.638566626893436, 38.082455466027859 ], [ 128.627974850273489, 38.074412235098414 ], [ 128.632678014502687, 38.074201042397071 ], [ 128.634828994816587, 38.072293175171005 ], [ 128.632269996770248, 38.069434847089994 ], [ 128.632849604534982, 38.067377624771972 ], [ 128.62897773979509, 38.064068400811394 ], [ 128.632134535812753, 38.059792778800343 ], [ 128.625577037685133, 38.057682917156036 ], [ 128.622877864293201, 38.054023590117453 ], [ 128.618415127398919, 38.052713397906857 ], [ 128.615793543204376, 38.048547685509938 ], [ 128.609929173296536, 38.047643423615931 ], [ 128.611282475878625, 38.050350644047633 ], [ 128.609858415944075, 38.054034302708509 ], [ 128.612921139775153, 38.057092719216143 ], [ 128.611543996571328, 38.069116707758916 ], [ 128.60604138222385, 38.069308773634184 ], [ 128.592672434675734, 38.075866002499509 ], [ 128.586445687046989, 38.077112930246813 ], [ 128.582868235902424, 38.081567943229146 ], [ 128.577937970710622, 38.082386820263629 ], [ 128.577150546825493, 38.086823541343747 ], [ 128.573425618323, 38.088550053082919 ], [ 128.574045478444901, 38.091742314923842 ], [ 128.567010674466218, 38.090145341076386 ], [ 128.562349594361478, 38.096423767349947 ], [ 128.551029738920363, 38.099884482559489 ], [ 128.540171328130384, 38.100195820563918 ], [ 128.532403447548177, 38.103673906791563 ], [ 128.531128280977271, 38.106549135705507 ], [ 128.528005924150591, 38.107908221244081 ], [ 128.526149545997868, 38.112496070593494 ] ] ] ] } },
{ "type": "Feature", "properties": { "emd_cd": "51830310", "emd_nm": "서면" }, "geometry": { "type": "MultiPolygon", "coordinates": [ [ [ [ 128.466937091259041, 38.118890214753932 ], [ 128.469166037189865, 38.116084957995945 ], [ 128.479458444858864, 38.114231703285633 ], [ 128.49107551507862, 38.108639594893916 ], [ 128.499062231747303, 38.109320422837321 ], [ 128.501814974092724, 38.111000948068778 ], [ 128.509963142701253, 38.109039687562181 ], [ 128.514421954683911, 38.111123483217341 ], [ 128.526149545996788, 38.112496070593473 ], [ 128.528005924149454, 38.107908221244138 ], [ 128.531128280976134, 38.106549135705514 ], [ 128.532403447547068, 38.103673906791634 ], [ 128.540171328129247, 38.100195820563933 ], [ 128.551029738919169, 38.099884482559553 ], [ 128.562349594360313, 38.096423767350018 ], [ 128.567010674464967, 38.090145341076386 ], [ 128.574045478443651, 38.091742314923813 ], [ 128.573425618321693, 38.088550053082912 ], [ 128.5771505468241, 38.086823541343769 ], [ 128.577937970709343, 38.082386820263693 ], [ 128.58286823590106, 38.081567943229146 ], [ 128.586445687045654, 38.077112930246827 ], [ 128.592672434674455, 38.075866002499588 ], [ 128.606041382222429, 38.069308773634269 ], [ 128.61154399656985, 38.069116707758994 ], [ 128.612492354167017, 38.067194089973434 ], [ 128.612921139773704, 38.057092719216151 ], [ 128.609858415942597, 38.054034302708516 ], [ 128.611282475877204, 38.050350644047704 ], [ 128.60932017901726, 38.045084142020869 ], [ 128.612211456270018, 38.042358461357139 ], [ 128.612325616167851, 38.037592559624912 ], [ 128.615515553005622, 38.0346243191334 ], [ 128.613360091353428, 38.032904075136592 ], [ 128.615961121581876, 38.027902017904402 ], [ 128.61396836430302, 38.023761048666493 ], [ 128.615506125874418, 38.021033085368188 ], [ 128.621925916069642, 38.022083153604441 ], [ 128.623024300817718, 38.019465700033024 ], [ 128.621897555567614, 38.016039230979246 ], [ 128.610955116382655, 38.010467605038201 ], [ 128.611295317867501, 38.00886965387663 ], [ 128.608616390207317, 38.008166965583499 ], [ 128.608618611710625, 38.005627758753015 ], [ 128.604834600742578, 38.004038758284572 ], [ 128.607698847829738, 37.998132125513749 ], [ 128.605150974936265, 37.995114816517678 ], [ 128.606189731166012, 37.986581361297581 ], [ 128.603610088848228, 37.985880972959549 ], [ 128.602571626128963, 37.981710873444129 ], [ 128.599753409895271, 37.979311473812068 ], [ 128.599448207254625, 37.975563583848135 ], [ 128.58798679257248, 37.976436473294221 ], [ 128.586148416182368, 37.974259453610095 ], [ 128.588123488707964, 37.969880844936469 ], [ 128.587002240249006, 37.964137622596887 ], [ 128.59090537149163, 37.960196782924854 ], [ 128.587167287086061, 37.955516453636427 ], [ 128.583212533547368, 37.953705495209924 ], [ 128.579365627030995, 37.946007556924606 ], [ 128.575551826638616, 37.942867701682331 ], [ 128.581855163527877, 37.93866490266555 ], [ 128.577763074589427, 37.93389678863695 ], [ 128.571120757499159, 37.929811097119867 ], [ 128.571485236250169, 37.922389894700189 ], [ 128.56860677769555, 37.918528980979424 ], [ 128.566365567553731, 37.918416063744402 ], [ 128.567316965948294, 37.9115917060115 ], [ 128.570463486885956, 37.905794731641024 ], [ 128.567173565558221, 37.900471649370928 ], [ 128.570196671959053, 37.898226706840788 ], [ 128.569403943656738, 37.895786787510893 ], [ 128.573318154126241, 37.886775878098241 ], [ 128.572080259150312, 37.882655218095401 ], [ 128.566798300108985, 37.875636165140911 ], [ 128.559318892537647, 37.875675106249098 ], [ 128.557415496421612, 37.880141649420331 ], [ 128.54408053514706, 37.887176819340304 ], [ 128.541057729012493, 37.891126848498963 ], [ 128.530022670338411, 37.888825423276536 ], [ 128.526182674225765, 37.883027346752066 ], [ 128.518789462165387, 37.880803051278171 ], [ 128.511769223540597, 37.880074915007775 ], [ 128.505902212787305, 37.886859093107518 ], [ 128.503468096405044, 37.887335251161922 ], [ 128.498437448916548, 37.886010086846404 ], [ 128.497188347596705, 37.883761846358645 ], [ 128.493926332134009, 37.887778539301848 ], [ 128.481473128523703, 37.893203542912097 ], [ 128.481531959275173, 37.895112620189707 ], [ 128.476880069530324, 37.896519960910261 ], [ 128.473515627035482, 37.900333990378208 ], [ 128.475942919183296, 37.90642173820514 ], [ 128.474879306768315, 37.913590830404914 ], [ 128.475244646830959, 37.92058354958273 ], [ 128.476594472679437, 37.922072536825887 ], [ 128.475121467247106, 37.925386126528018 ], [ 128.463618087821828, 37.935642195070159 ], [ 128.467544494656096, 37.940315936151514 ], [ 128.466376665902033, 37.949273499665317 ], [ 128.472851809859577, 37.953468366965033 ], [ 128.47377607723709, 37.95663716882693 ], [ 128.471933895151608, 37.959325676162166 ], [ 128.473748258055224, 37.961373879611635 ], [ 128.477304903565908, 37.962926001194866 ], [ 128.487504152500776, 37.961146608185828 ], [ 128.492055393488499, 37.964457986160056 ], [ 128.495101272374569, 37.964020929748955 ], [ 128.496870678066273, 37.967408069884478 ], [ 128.496038695345987, 37.970362051507429 ], [ 128.497366084000816, 37.97269555825568 ], [ 128.496023418999954, 37.973766555369728 ], [ 128.497958412859703, 37.976334181519285 ], [ 128.495849095090449, 37.977262014958107 ], [ 128.495699886056059, 37.983742046355431 ], [ 128.501196231469351, 37.986166973369627 ], [ 128.499391271810907, 37.98909576291328 ], [ 128.501521887258463, 37.990856660750694 ], [ 128.502165059160689, 37.994894754162878 ], [ 128.511298897946205, 38.001957277162923 ], [ 128.513559236700928, 38.012946629859307 ], [ 128.508132947432927, 38.01225441209526 ], [ 128.502616086617394, 38.017381765644011 ], [ 128.504276471213331, 38.020289597490653 ], [ 128.499839635201909, 38.024910701877076 ], [ 128.49860745260915, 38.029908811397128 ], [ 128.498624011268475, 38.034175704369474 ], [ 128.500808881639045, 38.038116287598179 ], [ 128.496214004021397, 38.040678171058516 ], [ 128.493445155592269, 38.048593786037117 ], [ 128.486201340787403, 38.053935851595121 ], [ 128.477055016437845, 38.048225408909907 ], [ 128.468946753183133, 38.050692787856676 ], [ 128.463185261887816, 38.049128952296499 ], [ 128.460096751711944, 38.053327542989791 ], [ 128.455576078740734, 38.05405243939552 ], [ 128.454783986301322, 38.05562639404085 ], [ 128.44925745557731, 38.055170216252421 ], [ 128.445711065851469, 38.057571093906361 ], [ 128.441411971356814, 38.05799712127633 ], [ 128.435030622231579, 38.052339914666604 ], [ 128.431131873019979, 38.052240079861207 ], [ 128.425301160951818, 38.048953328173781 ], [ 128.42410150962445, 38.053884995704898 ], [ 128.418284092400199, 38.057667202002364 ], [ 128.412003903464523, 38.067544156108994 ], [ 128.413174433432118, 38.06934792078296 ], [ 128.410286965304493, 38.071819500929308 ], [ 128.408915308644566, 38.076600458186533 ], [ 128.411000269601971, 38.079257324534808 ], [ 128.408674234502911, 38.083096368358994 ], [ 128.407260918921679, 38.092266300037679 ], [ 128.404325424487951, 38.096044290129086 ], [ 128.410333847265576, 38.098988285716821 ], [ 128.411009729720263, 38.111243850856809 ], [ 128.427738458016165, 38.107968705430103 ], [ 128.437068378985231, 38.111019209453033 ], [ 128.440303104926585, 38.114050719602922 ], [ 128.450028023216845, 38.115154023393117 ], [ 128.45766008339703, 38.121210718150962 ], [ 128.466937091259041, 38.118890214753932 ] ] ] ] } },
{ "type": "Feature", "properties": { "emd_cd": "51830320", "emd_nm": "손양면" }, "geometry": { "type": "MultiPolygon", "coordinates": [ [ [ [ 128.609320179017175, 38.045084142020841 ], [ 128.609958719935804, 38.047712919126411 ], [ 128.615793543202898, 38.048547685509959 ], [ 128.618415127397441, 38.052713397906956 ], [ 128.622877864291723, 38.054023590117559 ], [ 128.625577037683513, 38.057682917156058 ], [ 128.632134535811161, 38.059792778800364 ], [ 128.628977739793498, 38.064068400811422 ], [ 128.632849604533504, 38.067377624771986 ], [ 128.632269996768656, 38.069434847090029 ], [ 128.634828994815109, 38.072293175171026 ], [ 128.632678014501096, 38.074201042397092 ], [ 128.627974850271926, 38.074412235098357 ], [ 128.638566626891816, 38.082455466027888 ], [ 128.637392662646818, 38.083202216551122 ], [ 128.641834343923392, 38.088437845579911 ], [ 128.64266515074479, 38.100111294459502 ], [ 128.646632678568039, 38.105311325694331 ], [ 128.663559813047527, 38.090519872963824 ], [ 128.667183276777365, 38.089721639671964 ], [ 128.665775180533331, 38.089328389198037 ], [ 128.671464263361514, 38.082842111454035 ], [ 128.674080617488755, 38.083908400184072 ], [ 128.675246177182174, 38.080629334277774 ], [ 128.680192596917578, 38.078972348154409 ], [ 128.679177362656361, 38.077266097168959 ], [ 128.679202623100224, 38.078950330878243 ], [ 128.677929194210321, 38.079040030394722 ], [ 128.6752172618217, 38.080544577800367 ], [ 128.674810998855065, 38.080963226478261 ], [ 128.672931185506371, 38.078617160252868 ], [ 128.675805714071657, 38.076640833281182 ], [ 128.677901235401492, 38.077891972857401 ], [ 128.67585995575962, 38.076344567134576 ], [ 128.676782838305627, 38.072207919358569 ], [ 128.674833341298324, 38.070939831445578 ], [ 128.676191895540029, 38.065014946550377 ], [ 128.680092655029199, 38.063890758142449 ], [ 128.682373067756373, 38.05882833757898 ], [ 128.697882631924728, 38.042663755070691 ], [ 128.704211550732737, 38.038329078419295 ], [ 128.701877887698686, 38.034764228930399 ], [ 128.697817730396054, 38.034847470093496 ], [ 128.696858026845632, 38.030184007747678 ], [ 128.690183001070409, 38.029242597967688 ], [ 128.688397853349727, 38.030822457992613 ], [ 128.681327766312933, 38.030967139756235 ], [ 128.677862147998809, 38.028984918685374 ], [ 128.673218343422661, 38.028969557331656 ], [ 128.673011107167042, 38.02417458957752 ], [ 128.662571369337371, 38.010144076414498 ], [ 128.652349157209045, 38.008245847117948 ], [ 128.649275102218667, 38.004007034826849 ], [ 128.645002203921422, 38.003551844503058 ], [ 128.640445237968549, 38.000299430595248 ], [ 128.637528814676187, 38.000778170403329 ], [ 128.628042746920812, 38.008229598737579 ], [ 128.630171159555005, 38.012985059152911 ], [ 128.625835937501421, 38.013424611836214 ], [ 128.621917478394067, 38.015940951398711 ], [ 128.623099307712181, 38.021469034695549 ], [ 128.615506125874418, 38.021033085368188 ], [ 128.613968364303105, 38.023761048666486 ], [ 128.615961121581876, 38.027902017904388 ], [ 128.613360091353428, 38.032904075136592 ], [ 128.615515553005594, 38.034624319133371 ], [ 128.61232561616788, 38.037592559624905 ], [ 128.612211456270074, 38.042358461357139 ], [ 128.609320179017175, 38.045084142020841 ] ] ] ] } },
{ "type": "Feature", "properties": { "emd_cd": "51830330", "emd_nm": "현북면" }, "geometry": { "type": "MultiPolygon", "coordinates": [ [ [ [ 128.567076847991757, 37.918051436954023 ], [ 128.571485236250169, 37.922389894700189 ], [ 128.571120757499159, 37.929811097119867 ], [ 128.577763074589427, 37.93389678863695 ], [ 128.581855163527877, 37.93866490266555 ], [ 128.575551826638616, 37.942867701682331 ], [ 128.579365627030995, 37.946007556924606 ], [ 128.583212533547368, 37.953705495209924 ], [ 128.587167287086061, 37.955516453636427 ], [ 128.59090537149163, 37.960196782924854 ], [ 128.587002240249006, 37.964137622596887 ], [ 128.588123488707964, 37.969880844936469 ], [ 128.586148416182368, 37.974259453610095 ], [ 128.58798679257248, 37.976436473294221 ], [ 128.599448207254625, 37.975563583848135 ], [ 128.599753409895271, 37.979311473812068 ], [ 128.602571626128963, 37.981710873444129 ], [ 128.603610088848228, 37.985880972959549 ], [ 128.606189731166012, 37.986581361297581 ], [ 128.605150974936265, 37.995114816517678 ], [ 128.607698847829738, 37.998132125513749 ], [ 128.604834600742578, 38.004038758284572 ], [ 128.608618611710625, 38.005627758753015 ], [ 128.608616390207317, 38.008166965583499 ], [ 128.611295317867501, 38.00886965387663 ], [ 128.610955116382655, 38.010467605038201 ], [ 128.622592461653909, 38.016331594009863 ], [ 128.625835937501421, 38.013424611836214 ], [ 128.630171159555061, 38.012985059152868 ], [ 128.628042746920812, 38.008229598737557 ], [ 128.637528814676273, 38.000778170403365 ], [ 128.640445237968578, 38.000299430595248 ], [ 128.645002203921365, 38.003551844503065 ], [ 128.649275102218667, 38.00400703482682 ], [ 128.652349157208988, 38.008245847117891 ], [ 128.662571369337371, 38.010144076414548 ], [ 128.673011107167127, 38.024174589577541 ], [ 128.673218343422661, 38.028969557331706 ], [ 128.677862147998837, 38.028984918685374 ], [ 128.681327766312933, 38.030967139756235 ], [ 128.688397853349727, 38.030822457992635 ], [ 128.690183001070352, 38.029242597967659 ], [ 128.696858026845717, 38.030184007747636 ], [ 128.697817730396054, 38.034847470093432 ], [ 128.701877887698629, 38.034764228930435 ], [ 128.704211550732794, 38.038329078419316 ], [ 128.727330650692778, 38.021027189552427 ], [ 128.729104714911102, 38.023012662815212 ], [ 128.730104163181295, 38.021238934184005 ], [ 128.73439776479043, 38.023015329021867 ], [ 128.735777037155685, 38.022109438502085 ], [ 128.731915034036575, 38.014490193767244 ], [ 128.732851221527113, 38.010923304458309 ], [ 128.730964782127444, 38.012465423478581 ], [ 128.729264428963404, 38.011817324591021 ], [ 128.729845825878897, 38.010352208507136 ], [ 128.731708943584835, 38.010812236591526 ], [ 128.733051379420829, 38.007048694230782 ], [ 128.730495968235772, 38.008625855068679 ], [ 128.730560457034102, 38.007114252951986 ], [ 128.731476323156727, 38.007142666473172 ], [ 128.732449123166901, 38.006908927621097 ], [ 128.730827840260162, 38.006990677055946 ], [ 128.730518859175959, 38.005410834536534 ], [ 128.736581057600404, 38.003021067167921 ], [ 128.738452087452657, 37.997930996884847 ], [ 128.74418920086066, 37.991987097441374 ], [ 128.737835422119673, 37.991972708853957 ], [ 128.732623896759748, 37.989813815415545 ], [ 128.730308751100381, 37.98488224052101 ], [ 128.722560038664, 37.981786495267137 ], [ 128.722516543559919, 37.979550562930683 ], [ 128.724898225816389, 37.977875741080908 ], [ 128.721983238644896, 37.975241297684867 ], [ 128.711149935326347, 37.976618648321846 ], [ 128.710061840510264, 37.973882645782943 ], [ 128.707512397346676, 37.973242654813255 ], [ 128.707965969259618, 37.967580218208965 ], [ 128.705776109984441, 37.963646448882706 ], [ 128.700627816448701, 37.961787506429886 ], [ 128.69534105584421, 37.956931337204864 ], [ 128.691986086321918, 37.945490338448451 ], [ 128.695875425823203, 37.93300066116317 ], [ 128.693956901430738, 37.928555213062474 ], [ 128.69598508095217, 37.924218632273579 ], [ 128.690828960578784, 37.913551777800947 ], [ 128.692290527998153, 37.905669903249013 ], [ 128.689872898018479, 37.902449372912393 ], [ 128.688576957394162, 37.894698364069342 ], [ 128.684423776597839, 37.890731232536965 ], [ 128.676250830018745, 37.88993574159133 ], [ 128.671333854946994, 37.88663847471296 ], [ 128.667043312711513, 37.885831052187697 ], [ 128.664160766652742, 37.890822011691661 ], [ 128.647902169684642, 37.890949283851945 ], [ 128.642972623468268, 37.894936450294743 ], [ 128.634856071788619, 37.887655311874852 ], [ 128.624384284009579, 37.881789052204866 ], [ 128.623545573747919, 37.875105045812553 ], [ 128.620832619306867, 37.872468190822914 ], [ 128.60090529188065, 37.870741871843137 ], [ 128.597450508298891, 37.866028426554578 ], [ 128.591992037506685, 37.865739908538302 ], [ 128.588226293933189, 37.862112270337384 ], [ 128.578892424807464, 37.862739310115124 ], [ 128.573825380533179, 37.864600891877728 ], [ 128.572112845136388, 37.870428160105142 ], [ 128.566798300108985, 37.875636165140911 ], [ 128.572080259150312, 37.882655218095401 ], [ 128.573318154126241, 37.886775878098241 ], [ 128.569403943656738, 37.895786787510893 ], [ 128.570196671959053, 37.898226706840788 ], [ 128.567173565558221, 37.900471649370928 ], [ 128.570463486885956, 37.905794731641024 ], [ 128.567316965948294, 37.9115917060115 ], [ 128.567076847991757, 37.918051436954023 ] ] ], [ [ [ 128.742557030617348, 38.00677530211577 ], [ 128.743380518786012, 38.007905135411605 ], [ 128.744097880782391, 38.007046906776786 ], [ 128.742557030617348, 38.00677530211577 ] ] ], [ [ [ 128.736238479173466, 38.020780033583485 ], [ 128.736588385832391, 38.021055836373321 ], [ 128.736473678464705, 38.020702517548933 ], [ 128.736238479173466, 38.020780033583485 ] ] ] ] } },
{ "type": "Feature", "properties": { "emd_cd": "51830340", "emd_nm": "현남면" }, "geometry": { "type": "MultiPolygon", "coordinates": [ [ [ [ 128.686927541512375, 37.892694224156863 ], [ 128.689872898020354, 37.902449372912372 ], [ 128.692290528, 37.905669903248949 ], [ 128.690828960580632, 37.91355177780089 ], [ 128.696104782217986, 37.925052988790512 ], [ 128.693956901432614, 37.928555213062445 ], [ 128.695875425825051, 37.933000661163199 ], [ 128.691986086323794, 37.945490338448408 ], [ 128.694603859538944, 37.955477538052236 ], [ 128.700627816450634, 37.96178750642985 ], [ 128.705776109986374, 37.963646448882699 ], [ 128.707965969261608, 37.967580218208887 ], [ 128.707512397348637, 37.973242654813212 ], [ 128.710061840512338, 37.973882645782865 ], [ 128.710430941345948, 37.976027135933478 ], [ 128.721983238646999, 37.975241297684896 ], [ 128.724898225818379, 37.977875741080886 ], [ 128.722516543561909, 37.97955056293064 ], [ 128.722560038666103, 37.981786495267052 ], [ 128.730308751102427, 37.984882240520953 ], [ 128.732623896761794, 37.989813815415509 ], [ 128.737835422121833, 37.991972708853879 ], [ 128.749202582666072, 37.991608067714012 ], [ 128.748016037396269, 37.989438411983308 ], [ 128.751740085836701, 37.984003934378102 ], [ 128.757289966240251, 37.981722244316437 ], [ 128.760910054052346, 37.982840255319964 ], [ 128.763960985414343, 37.979952501494928 ], [ 128.764152306557861, 37.97949684015888 ], [ 128.764184339502577, 37.978088977048579 ], [ 128.763570591190557, 37.980234350160089 ], [ 128.761520866579701, 37.979980765116764 ], [ 128.760303947937103, 37.979080352267488 ], [ 128.762935143405969, 37.978492190010328 ], [ 128.760227051860369, 37.978822953791841 ], [ 128.758616269481109, 37.976246933038041 ], [ 128.760302021733168, 37.972390147881804 ], [ 128.765505944807188, 37.971525707614298 ], [ 128.765976726651161, 37.969227174861935 ], [ 128.764774744175412, 37.970535608198304 ], [ 128.762062411562312, 37.969310995310238 ], [ 128.762459319163099, 37.966660369872429 ], [ 128.76478879107438, 37.966278087997004 ], [ 128.764093108160722, 37.965455068651082 ], [ 128.769117093271319, 37.960879701309956 ], [ 128.769339486945285, 37.956849843501317 ], [ 128.782569235349854, 37.946104493211244 ], [ 128.788634868380882, 37.945287562145374 ], [ 128.790094334397821, 37.942151327812141 ], [ 128.786776101218237, 37.944806160230172 ], [ 128.785525836916918, 37.943492821068759 ], [ 128.788308067233544, 37.942611524853938 ], [ 128.787565387068526, 37.941535790839986 ], [ 128.789196481735644, 37.939835293824302 ], [ 128.786954618142005, 37.938227147696317 ], [ 128.787872143619779, 37.935858108314733 ], [ 128.80933225007189, 37.917230549834926 ], [ 128.803473910385094, 37.913009654359271 ], [ 128.793072029207337, 37.912128749068785 ], [ 128.782998210526216, 37.914690265401589 ], [ 128.778334558017406, 37.91341068336871 ], [ 128.775567050929396, 37.910149344915276 ], [ 128.773100999405301, 37.911092602131859 ], [ 128.762615821409241, 37.909836073488798 ], [ 128.75366877442093, 37.912202381301746 ], [ 128.746931740408343, 37.909473396920973 ], [ 128.744842406857373, 37.904244348326422 ], [ 128.736526824862892, 37.903477613296175 ], [ 128.732444418799872, 37.899842438961912 ], [ 128.728348108494032, 37.900831600471726 ], [ 128.727081165894731, 37.902857126659761 ], [ 128.723227055310048, 37.902013658617136 ], [ 128.71846821798249, 37.903555522660142 ], [ 128.713303568849369, 37.898727898154533 ], [ 128.708586314982909, 37.897286775403671 ], [ 128.701880795693825, 37.898414931879898 ], [ 128.691322277068991, 37.893147777735116 ], [ 128.686927541512375, 37.892694224156863 ] ] ], [ [ [ 128.786268743195649, 37.94654275637496 ], [ 128.786657285482988, 37.947126016329193 ], [ 128.786975160008467, 37.946621301283798 ], [ 128.786268743195649, 37.94654275637496 ] ] ], [ [ [ 128.761418309134001, 37.979052919741392 ], [ 128.761171551355659, 37.979575438048577 ], [ 128.761488780231531, 37.979215518137856 ], [ 128.761418309134001, 37.979052919741392 ] ] ], [ [ [ 128.760749653848222, 37.982975299807251 ], [ 128.760711532607388, 37.983188073865833 ], [ 128.76086099564975, 37.983024853210864 ], [ 128.760749653848222, 37.982975299807251 ] ] ] ] } },
{ "type": "Feature", "properties": { "emd_cd": "51830350", "emd_nm": "강현면" }, "geometry": { "type": "MultiPolygon", "coordinates": [ [ [ [ 128.631955987884311, 38.124627993172638 ], [ 128.632166214955845, 38.124789374624669 ], [ 128.632161066426221, 38.124509701469904 ], [ 128.631955987884311, 38.124627993172638 ] ] ], [ [ [ 128.63214277160435, 38.125632776233985 ], [ 128.632158393081369, 38.125902707515273 ], [ 128.63227598541954, 38.125850915148632 ], [ 128.63214277160435, 38.125632776233985 ] ] ], [ [ [ 128.525500217974667, 38.112680134668423 ], [ 128.514421954684934, 38.111123483217305 ], [ 128.509963142702333, 38.109039687562102 ], [ 128.501814974093833, 38.111000948068771 ], [ 128.499062231748354, 38.109320422837328 ], [ 128.491075515079586, 38.108639594893852 ], [ 128.47945844485983, 38.114231703285576 ], [ 128.469166037190774, 38.116084957995923 ], [ 128.466937091260007, 38.11889021475389 ], [ 128.481180657210757, 38.130729505988455 ], [ 128.491097378250458, 38.136427179670513 ], [ 128.499203521590516, 38.134916577013627 ], [ 128.508820839847829, 38.13649578140749 ], [ 128.515912564560836, 38.135501374176279 ], [ 128.525050776618116, 38.138149071452041 ], [ 128.529798573648662, 38.13599637627923 ], [ 128.531641926797931, 38.142429478036888 ], [ 128.535383094717531, 38.144972352823018 ], [ 128.535712759110794, 38.14881581432001 ], [ 128.561303960121847, 38.1489317127701 ], [ 128.570272111779104, 38.154335889060263 ], [ 128.56936739582423, 38.161888541967002 ], [ 128.593649546063205, 38.16098413870106 ], [ 128.603422980665613, 38.158951242575277 ], [ 128.608714189670565, 38.161281487586159 ], [ 128.610106083227294, 38.156178441418149 ], [ 128.610495549431192, 38.156104595199359 ], [ 128.611734931304483, 38.154595015740874 ], [ 128.612060780738318, 38.153364971444276 ], [ 128.610152769311497, 38.155775185983401 ], [ 128.60886068974844, 38.154276318269474 ], [ 128.61091495032511, 38.153560705365891 ], [ 128.610178912215048, 38.153633020426348 ], [ 128.608318260305083, 38.154515528639521 ], [ 128.607769375547207, 38.151275688618128 ], [ 128.617349109603992, 38.137330562915849 ], [ 128.621212015093164, 38.133630906604751 ], [ 128.623600538651232, 38.133395561963411 ], [ 128.625032565168198, 38.132125804989634 ], [ 128.622549364826256, 38.1330666904217 ], [ 128.622560402501591, 38.131673200141769 ], [ 128.624104563055141, 38.132031269007989 ], [ 128.622246706075202, 38.131577881835845 ], [ 128.622586903486933, 38.129717482178243 ], [ 128.628820107645907, 38.128642975938021 ], [ 128.631277869729587, 38.124557119471575 ], [ 128.632950920656981, 38.124270894391572 ], [ 128.634471325777753, 38.122719720941518 ], [ 128.632949831654429, 38.123793360560498 ], [ 128.632077034048478, 38.122670621629659 ], [ 128.6336087311565, 38.122740968693705 ], [ 128.630803708367097, 38.121786981778151 ], [ 128.635065157260215, 38.116136062051879 ], [ 128.628349958691416, 38.112238180473547 ], [ 128.627151990344032, 38.113704287539761 ], [ 128.624584815494899, 38.111988441133363 ], [ 128.615600939061579, 38.114764201412704 ], [ 128.610620337127159, 38.114040611063693 ], [ 128.604879560407738, 38.111511617354346 ], [ 128.605793747679542, 38.108502747118621 ], [ 128.611711484739743, 38.108376826089263 ], [ 128.612040966435472, 38.105746279143389 ], [ 128.598797931274106, 38.10188087881955 ], [ 128.587029109989487, 38.107824537482088 ], [ 128.58351049345319, 38.104865317900391 ], [ 128.580663343575139, 38.104537866605604 ], [ 128.578322904409532, 38.10626399975888 ], [ 128.57813939789645, 38.109290037844822 ], [ 128.575032839494924, 38.109359045940209 ], [ 128.572728647148608, 38.111543421480476 ], [ 128.562704582534849, 38.111766465014298 ], [ 128.560318202736767, 38.115002492421311 ], [ 128.54895924257363, 38.114986882853053 ], [ 128.546478936672486, 38.112677004002592 ], [ 128.539498734599334, 38.111282551153408 ], [ 128.525500217974667, 38.112680134668423 ] ] ] ] } }
]
}
