{
"type": "FeatureCollection",
"name": "11",
"crs": { "type": "name", "properties": { "name": "urn:ogc:def:crs:OGC:1.3:CRS84" } },
"features": [
{ "type": "Feature", "properties": { "sigungu_cd": "11710", "sigungu_nm": "송파구" }, "geometry": { "type": "MultiPolygon", "coordinates": [ [ [ [ 127.124209530865784, 37.466517588130053 ], [ 127.107006667819533, 37.490294683599828 ], [ 127.097143265459451, 37.495829449050198 ], [ 127.076986788394194, 37.502071837693748 ], [ 127.069818077186511, 37.502739577753509 ], [ 127.067478691450304, 37.524597406862824 ], [ 127.076954375155807, 37.522513986582247 ], [ 127.08563284050139, 37.524762116988185 ], [ 127.090136837401261, 37.527006967071685 ], [ 127.109058180980099, 37.5431651869443 ], [ 127.113119787257759, 37.543169590446652 ], [ 127.123436788293148, 37.538644320913754 ], [ 127.119092619001918, 37.527960171580737 ], [ 127.145328291527107, 37.5166085755328 ], [ 127.140614061110099, 37.515589104144574 ], [ 127.143528043051674, 37.512657039734478 ], [ 127.141439369740795, 37.512400585961061 ], [ 127.140342837124678, 37.510225162602389 ], [ 127.141015694697572, 37.505503236334555 ], [ 127.144115859915217, 37.504497076219678 ], [ 127.145951892924899, 37.50322741258789 ], [ 127.150204305736011, 37.504742525064842 ], [ 127.1563880408155, 37.501872561887708 ], [ 127.157729087225349, 37.503179405077027 ], [ 127.16139013022962, 37.500201332314894 ], [ 127.157271514634203, 37.489949009062087 ], [ 127.15850617802424, 37.489674939778169 ], [ 127.14868282290449, 37.484043584469937 ], [ 127.147145112899224, 37.477222317154578 ], [ 127.144371081933159, 37.477331661149542 ], [ 127.143525670290799, 37.473930857722728 ], [ 127.132855822118472, 37.474626851936847 ], [ 127.132799373390455, 37.468394058315802 ], [ 127.130875314222678, 37.467757963609465 ], [ 127.124878126042077, 37.469597746231756 ], [ 127.124209530865784, 37.466517588130053 ] ], [ [ 127.14392456975294, 37.504401485895677 ], [ 127.14392452444649, 37.504401449910397 ], [ 127.14410298029712, 37.504396999966247 ], [ 127.14392456975294, 37.504401485895677 ] ] ] ] } },
{ "type": "Feature", "properties": { "sigungu_cd": "11560", "sigungu_nm": "영등포구" }, "geometry": { "type": "MultiPolygon", "coordinates": [ [ [ [ 126.890693681100984, 37.51071345014109 ], [ 126.878251671166623, 37.51875769276122 ], [ 126.879493432754231, 37.520579100456239 ], [ 126.878546981534114, 37.525074154449371 ], [ 126.880939433959426, 37.525912320289365 ], [ 126.880675439870572, 37.527567050507045 ], [ 126.88341783896864, 37.527331673751583 ], [ 126.890648443959265, 37.531613167938289 ], [ 126.88851501525366, 37.532216523414014 ], [ 126.890101131174916, 37.534369430851271 ], [ 126.88508589700146, 37.543304625878967 ], [ 126.878047731582569, 37.551700955897452 ], [ 126.880440194795625, 37.556286363458014 ], [ 126.898899537189166, 37.548009656005796 ], [ 126.904830702488923, 37.541416529073615 ], [ 126.922414032513913, 37.541429615892021 ], [ 126.927100204951586, 37.53903513920077 ], [ 126.930311868549822, 37.541352426460698 ], [ 126.932898225809893, 37.540518728731954 ], [ 126.944218015812879, 37.534238815507905 ], [ 126.949876836826434, 37.527028923832319 ], [ 126.949886565098893, 37.517508156544864 ], [ 126.926866533959455, 37.515543663426058 ], [ 126.919822312003149, 37.497800559799025 ], [ 126.912016383237599, 37.496083267586371 ], [ 126.903197855929065, 37.485001492343876 ], [ 126.89612404005365, 37.489337918648431 ], [ 126.89276213234568, 37.500833458087428 ], [ 126.893976662987782, 37.50501165908198 ], [ 126.890693681100984, 37.51071345014109 ] ], [ [ 126.901932303682131, 37.523467746679891 ], [ 126.901932304848089, 37.523467746371438 ], [ 126.901949023920594, 37.523543984933191 ], [ 126.901932303682131, 37.523467746679891 ] ], [ [ 126.901928372110916, 37.523455363696826 ], [ 126.901928349593902, 37.52345528258833 ], [ 126.901928375227598, 37.523455363147953 ], [ 126.901928372110916, 37.523455363696826 ] ], [ [ 126.901750760908001, 37.522890974815844 ], [ 126.901718794977754, 37.522770052319878 ], [ 126.90175076579952, 37.522890973651556 ], [ 126.901750760908001, 37.522890974815844 ] ], [ [ 126.903426792114146, 37.509600328537715 ], [ 126.903427233286649, 37.50960027484426 ], [ 126.903257330883505, 37.509625298487137 ], [ 126.903426792114146, 37.509600328537715 ] ], [ [ 126.904921874295951, 37.510131328674518 ], [ 126.905007442725193, 37.510188711022124 ], [ 126.9049215013668, 37.510131085100411 ], [ 126.904921874295951, 37.510131328674518 ] ], [ [ 126.885301823887133, 37.526945781710623 ], [ 126.885311682304547, 37.526949944993213 ], [ 126.885301688216046, 37.526945727517479 ], [ 126.885301823887133, 37.526945781710623 ] ], [ [ 126.891828837833287, 37.542947702497614 ], [ 126.891732611168266, 37.543002366345597 ], [ 126.891732735742707, 37.54300229438207 ], [ 126.891828837833287, 37.542947702497614 ] ], [ [ 126.897802777209634, 37.539360619724192 ], [ 126.897803366826736, 37.539359719249681 ], [ 126.897803525558302, 37.539359485131087 ], [ 126.897802777209634, 37.539360619724192 ] ], [ [ 126.902404597764374, 37.536224567273152 ], [ 126.902661666451166, 37.536082092496706 ], [ 126.90266139463445, 37.536082299497529 ], [ 126.902404597764374, 37.536224567273152 ] ] ] ] } },
{ "type": "Feature", "properties": { "sigungu_cd": "11680", "sigungu_nm": "강남구" }, "geometry": { "type": "MultiPolygon", "coordinates": [ [ [ [ 127.043543839143396, 37.480167677317198 ], [ 127.041750046975835, 37.485437096362972 ], [ 127.034087163035835, 37.484369058948957 ], [ 127.020515127752432, 37.5127990788639 ], [ 127.019525323860123, 37.516112378355395 ], [ 127.021907302987188, 37.517110565282621 ], [ 127.019524758295091, 37.516112378441626 ], [ 127.015230765398528, 37.524845404463903 ], [ 127.013187353957491, 37.52258312619638 ], [ 127.008594592928006, 37.525589552576065 ], [ 127.0124111247505, 37.529717916396059 ], [ 127.01365101207486, 37.528601346489133 ], [ 127.012656322378987, 37.529739976893346 ], [ 127.014895688066318, 37.532207621084048 ], [ 127.021172273207043, 37.535823835893929 ], [ 127.039663722891376, 37.535857657166432 ], [ 127.067517977530485, 37.52463308233223 ], [ 127.069814875857247, 37.502738696626089 ], [ 127.076987055370893, 37.502067422631725 ], [ 127.103511921377702, 37.492705358580189 ], [ 127.107004884907013, 37.490289243152382 ], [ 127.124205692403038, 37.466520547406304 ], [ 127.117474491705678, 37.462200714797362 ], [ 127.116895804146509, 37.458640565882831 ], [ 127.112229575754583, 37.461505511247701 ], [ 127.106167076074257, 37.462406858611324 ], [ 127.104341019896609, 37.462174786067621 ], [ 127.103941359368832, 37.460050979242936 ], [ 127.099095506225083, 37.456218817107825 ], [ 127.095213617902374, 37.456391851916173 ], [ 127.095656551876544, 37.461015078206948 ], [ 127.091909773698191, 37.462306430647104 ], [ 127.091598727598011, 37.465741295477429 ], [ 127.085016681036592, 37.47130018453624 ], [ 127.08493925266049, 37.475660722433993 ], [ 127.076923977338581, 37.475242520981787 ], [ 127.072688718433866, 37.471995204207396 ], [ 127.065113398249153, 37.469370946388217 ], [ 127.050798624837554, 37.467245549273741 ], [ 127.051050428111154, 37.46936523506379 ], [ 127.048669227744213, 37.470059738507494 ], [ 127.051181521839737, 37.471788995798704 ], [ 127.043543839143396, 37.480167677317198 ] ], [ [ 127.114622146960741, 37.466574807143949 ], [ 127.115091850495929, 37.466399994466556 ], [ 127.114633512243017, 37.46657057956952 ], [ 127.114622146960741, 37.466574807143949 ] ], [ [ 127.116381794878507, 37.466655254375986 ], [ 127.116409276893322, 37.4666525697005 ], [ 127.116381869188317, 37.466655254303767 ], [ 127.116381794878507, 37.466655254375986 ] ], [ [ 127.121886609490105, 37.468063017235963 ], [ 127.121936804266795, 37.46806312742126 ], [ 127.121936257079327, 37.468063137846073 ], [ 127.121886609490105, 37.468063017235963 ] ], [ [ 127.120902470769025, 37.469906224408533 ], [ 127.12076961709576, 37.47003104834252 ], [ 127.120768701702644, 37.470031211446823 ], [ 127.120902470769025, 37.469906224408533 ] ], [ [ 127.103403321148477, 37.471629611689636 ], [ 127.103557689108854, 37.471748816308427 ], [ 127.103384525489361, 37.471615806511231 ], [ 127.103403321148477, 37.471629611689636 ] ], [ [ 127.103852205813382, 37.472136893796829 ], [ 127.105011298868661, 37.473163937315057 ], [ 127.105070140179521, 37.473368593536286 ], [ 127.105206584501531, 37.473372978900947 ], [ 127.105371218228953, 37.473398323684606 ], [ 127.105644741556944, 37.47352223210806 ], [ 127.105697821283613, 37.473581651485581 ], [ 127.105069190970809, 37.473368882688895 ], [ 127.105010338307807, 37.473164190437046 ], [ 127.104598365431045, 37.472940056735752 ], [ 127.103852205813382, 37.472136893796829 ] ], [ [ 127.105824221249421, 37.47371998801529 ], [ 127.105892953434321, 37.47380010753114 ], [ 127.105697821283613, 37.473581651485581 ], [ 127.105824221249421, 37.47371998801529 ] ] ] ] } },
{ "type": "Feature", "properties": { "sigungu_cd": "11530", "sigungu_nm": "구로구" }, "geometry": { "type": "MultiPolygon", "coordinates": [ [ [ [ 126.814645940775193, 37.474720545892431 ], [ 126.819367130480487, 37.479863479214941 ], [ 126.819289625655301, 37.48547505915738 ], [ 126.823590917044243, 37.487745249972065 ], [ 126.822762025207254, 37.489979414104852 ], [ 126.814574622624008, 37.493193310127324 ], [ 126.813012074792752, 37.496400723739157 ], [ 126.814282651672428, 37.498267899845516 ], [ 126.819639847046261, 37.499210603192004 ], [ 126.822222623469997, 37.50768743708754 ], [ 126.830661275031432, 37.508272977134851 ], [ 126.830520655350441, 37.506354461927522 ], [ 126.835191311859305, 37.502919682095332 ], [ 126.840723838517832, 37.506075515753501 ], [ 126.844670116603979, 37.505771058406225 ], [ 126.846208926326341, 37.508988388361061 ], [ 126.852844447754393, 37.510733956788705 ], [ 126.855611017780362, 37.509209316350933 ], [ 126.858314061764048, 37.509975137370638 ], [ 126.860335261098882, 37.506592255240868 ], [ 126.864107585345067, 37.508362657247105 ], [ 126.862654189910216, 37.50679916975983 ], [ 126.863530853136382, 37.505060101242883 ], [ 126.870218297764282, 37.505863483915107 ], [ 126.873562135438718, 37.503545192601997 ], [ 126.875030436314987, 37.507700551510339 ], [ 126.87379351847126, 37.509059725895668 ], [ 126.876847261256742, 37.510839483221353 ], [ 126.8737947770353, 37.511129064149323 ], [ 126.87791231740087, 37.513361797386381 ], [ 126.877340633930544, 37.516070825889706 ], [ 126.879301904046599, 37.517960817521427 ], [ 126.891907971554915, 37.510150649257881 ], [ 126.893972142402134, 37.50500938445294 ], [ 126.892758556363034, 37.500842870226478 ], [ 126.896120709281149, 37.489342501767233 ], [ 126.903194682365793, 37.484998750661035 ], [ 126.898865422472937, 37.478341715805037 ], [ 126.889880682003323, 37.479389813202971 ], [ 126.881348981570071, 37.485555103044916 ], [ 126.878460131360455, 37.486653242213478 ], [ 126.874562372654367, 37.485366247240066 ], [ 126.876790087550418, 37.488570801456802 ], [ 126.872748138835007, 37.488430594730431 ], [ 126.872838932174545, 37.490014380975843 ], [ 126.874651018307716, 37.489898940338705 ], [ 126.874129794516719, 37.491337636266728 ], [ 126.870227777749889, 37.489596147498538 ], [ 126.870016336302143, 37.493657077024167 ], [ 126.868229221192635, 37.495128387906654 ], [ 126.867369745019801, 37.493074579064135 ], [ 126.861767884119942, 37.490326164785152 ], [ 126.852700166303535, 37.481818660950815 ], [ 126.846516851378681, 37.481598976503648 ], [ 126.844954909553948, 37.473472498533773 ], [ 126.83830053849222, 37.475391998931066 ], [ 126.834639959024784, 37.474362537473986 ], [ 126.834871794102639, 37.47575103773147 ], [ 126.831747938306847, 37.477651307717103 ], [ 126.821717315232092, 37.475220346209241 ], [ 126.819423193488845, 37.476327857941214 ], [ 126.817640241286071, 37.473187900295173 ], [ 126.814645940775193, 37.474720545892431 ] ], [ [ 126.847787066244081, 37.504066865120734 ], [ 126.84783102511058, 37.50397357900016 ], [ 126.847770835741443, 37.504094504609085 ], [ 126.847787066244081, 37.504066865120734 ] ], [ [ 126.855339669477189, 37.502383829003449 ], [ 126.855339680786372, 37.502383829017433 ], [ 126.855200877855665, 37.502421102649009 ], [ 126.855339669477189, 37.502383829003449 ] ] ] ] } },
{ "type": "Feature", "properties": { "sigungu_cd": "11230", "sigungu_nm": "동대문구" }, "geometry": { "type": "MultiPolygon", "coordinates": [ [ [ [ 127.075811783121011, 37.580949944723564 ], [ 127.078201900265583, 37.571870343452957 ], [ 127.072386453081876, 37.559963072094803 ], [ 127.058760847811143, 37.562314315380149 ], [ 127.047954496567414, 37.570380762515583 ], [ 127.041910556062902, 37.572969477350341 ], [ 127.038175185725606, 37.573020124393622 ], [ 127.030965012034514, 37.56978038891998 ], [ 127.023370729216367, 37.571914586904157 ], [ 127.023304289119395, 37.578427529255407 ], [ 127.029538778514151, 37.582684302699022 ], [ 127.036221777053612, 37.591189676124408 ], [ 127.038719739812038, 37.591266760412289 ], [ 127.040628401785, 37.595681813682894 ], [ 127.043009516184384, 37.596964191018266 ], [ 127.047331379479274, 37.596135066109909 ], [ 127.051013848791087, 37.601174140737584 ], [ 127.052099378163035, 37.600146181284167 ], [ 127.059169016229689, 37.6010447341271 ], [ 127.062186944490222, 37.605128809083809 ], [ 127.07069212465349, 37.607561981641396 ], [ 127.072871181383945, 37.601075276821284 ], [ 127.069483780300118, 37.597244015181303 ], [ 127.070302738313288, 37.589533791528339 ], [ 127.075811783121011, 37.580949944723564 ] ], [ [ 127.067068517517313, 37.576620927628696 ], [ 127.066862995474366, 37.576608707052735 ], [ 127.067043781053698, 37.576619454732359 ], [ 127.067068517517313, 37.576620927628696 ] ] ] ] } },
{ "type": "Feature", "properties": { "sigungu_cd": "11590", "sigungu_nm": "동작구" }, "geometry": { "type": "MultiPolygon", "coordinates": [ [ [ [ 126.98292022606374, 37.496994016212128 ], [ 126.981686967675429, 37.476530385123858 ], [ 126.970522602719868, 37.475376494210586 ], [ 126.961068855973949, 37.48355761650852 ], [ 126.961966884536835, 37.488627762085734 ], [ 126.960289031053833, 37.493743697501323 ], [ 126.953727265151727, 37.490641614846005 ], [ 126.948793235705637, 37.493855644079041 ], [ 126.937258787362708, 37.49191140595547 ], [ 126.932415468793252, 37.492873075667006 ], [ 126.927479063264713, 37.495015049822619 ], [ 126.92415123664, 37.48997794212454 ], [ 126.918702233629915, 37.490130977458556 ], [ 126.911274438944076, 37.486267589778912 ], [ 126.903197842898734, 37.485002807794103 ], [ 126.911955513745951, 37.496042910761673 ], [ 126.919815235044283, 37.497798554687776 ], [ 126.926858775202177, 37.51555428126715 ], [ 126.949563515491036, 37.517628405978449 ], [ 126.954703726784956, 37.516064975161477 ], [ 126.961909695955825, 37.513117118072167 ], [ 126.966994210318234, 37.509839399924878 ], [ 126.980399285541381, 37.506553096155187 ], [ 126.980379119439277, 37.50286451479014 ], [ 126.985383463892703, 37.499864312312688 ], [ 126.98292022606374, 37.496994016212128 ] ], [ [ 126.949822704414004, 37.516977441969281 ], [ 126.949727119206486, 37.516868100268368 ], [ 126.950207891854021, 37.51742455799301 ], [ 126.949822704414004, 37.516977441969281 ] ], [ [ 126.949617137288627, 37.516738930249808 ], [ 126.949562694396093, 37.516675323022909 ], [ 126.949727119206486, 37.516868100268368 ], [ 126.949617137288627, 37.516738930249808 ] ], [ [ 126.928766257683606, 37.498859249985301 ], [ 126.928766257683606, 37.498859249985287 ], [ 126.928986448043972, 37.49886054765858 ], [ 126.928766257683606, 37.498859249985301 ] ], [ [ 126.929145266440884, 37.499049007845421 ], [ 126.929169965999023, 37.499065245452279 ], [ 126.929080076038844, 37.499003521500391 ], [ 126.929145266440884, 37.499049007845421 ] ], [ [ 126.930381578833362, 37.49968362028212 ], [ 126.930390800654351, 37.499749750122007 ], [ 126.930239034527659, 37.499537293281506 ], [ 126.930381578833362, 37.49968362028212 ] ], [ [ 126.930377590727019, 37.499858321508661 ], [ 126.930376930728769, 37.499862627884447 ], [ 126.930390800654351, 37.499749750122007 ], [ 126.930377590727019, 37.499858321508661 ] ], [ [ 126.930381292553932, 37.499969527984469 ], [ 126.93036484570861, 37.499941701251799 ], [ 126.93036484570861, 37.499941701251785 ], [ 126.930381292553932, 37.499969527984469 ] ], [ [ 126.930408456933975, 37.500029684796672 ], [ 126.930324405878224, 37.499964841562708 ], [ 126.930322125923468, 37.499952345223626 ], [ 126.930408456933975, 37.500029684796672 ] ], [ [ 126.930133295419907, 37.500133258023574 ], [ 126.930114165789306, 37.500151752973444 ], [ 126.930234947622324, 37.500029749617241 ], [ 126.930133295419907, 37.500133258023574 ] ], [ [ 126.930019137952868, 37.500236714377159 ], [ 126.929852018533651, 37.500360427681706 ], [ 126.929767855629194, 37.500421518356227 ], [ 126.930019137952868, 37.500236714377159 ] ], [ [ 126.929330780463985, 37.500699606571658 ], [ 126.929240733682832, 37.500743604317101 ], [ 126.929383780573616, 37.500673464914911 ], [ 126.929330780463985, 37.500699606571658 ] ], [ [ 126.92917139211994, 37.500777409395113 ], [ 126.928987517424531, 37.500865134994768 ], [ 126.92891175761028, 37.50090103829649 ], [ 126.92917139211994, 37.500777409395113 ] ], [ [ 126.928800855859976, 37.501070150557794 ], [ 126.92873341374532, 37.501169930638042 ], [ 126.9288150425824, 37.501049232099227 ], [ 126.928800855859976, 37.501070150557794 ] ], [ [ 126.928730288345434, 37.5012207630405 ], [ 126.928730421005383, 37.501222585270284 ], [ 126.928728056874405, 37.501177856123341 ], [ 126.928730288345434, 37.5012207630405 ] ], [ [ 126.928570048909535, 37.502582450996833 ], [ 126.928654300785652, 37.502398384013809 ], [ 126.928606093371144, 37.502510753794098 ], [ 126.928592559453023, 37.502542298396385 ], [ 126.928570048909535, 37.502582450996833 ] ], [ [ 126.928456201722099, 37.502718548494322 ], [ 126.928404931737205, 37.502775860790571 ], [ 126.928488073569426, 37.502681347967645 ], [ 126.928456201722099, 37.502718548494322 ] ], [ [ 126.928202821565023, 37.503003413265908 ], [ 126.928163761754462, 37.503047015346958 ], [ 126.928303359408403, 37.502889652525255 ], [ 126.928202821565023, 37.503003413265908 ] ], [ [ 126.928176679336161, 37.503090883953341 ], [ 126.928199002088832, 37.503092798915191 ], [ 126.928170220545312, 37.503068949650149 ], [ 126.928176679336161, 37.503090883953341 ] ], [ [ 126.928314566227826, 37.503492760541207 ], [ 126.928370013651886, 37.503680851187902 ], [ 126.928307531958623, 37.503474239114631 ], [ 126.928314566227826, 37.503492760541207 ] ], [ [ 126.928650882626059, 37.503809425980982 ], [ 126.928906058867184, 37.503854804183959 ], [ 126.928370013651886, 37.503680851187902 ], [ 126.928650882626059, 37.503809425980982 ] ], [ [ 126.928989273747987, 37.503913312048653 ], [ 126.929081405092418, 37.50402572301843 ], [ 126.929210028129617, 37.504142607184839 ], [ 126.929081405092418, 37.504025723018444 ], [ 126.928989273747987, 37.503913312048667 ], [ 126.928930096093652, 37.503871704608258 ], [ 126.928989273747987, 37.503913312048653 ] ], [ [ 126.929299116763275, 37.504361802388686 ], [ 126.929693066055719, 37.504132693539603 ], [ 126.929299116763275, 37.504361802388708 ], [ 126.929299116763275, 37.504361802388686 ] ], [ [ 126.930033853070228, 37.503849959852047 ], [ 126.930125609009707, 37.503776187562636 ], [ 126.929968168520503, 37.503904139162806 ], [ 126.930033853070228, 37.503849959852047 ] ], [ [ 126.930521675604382, 37.503454968176428 ], [ 126.930385122225317, 37.503566285430594 ], [ 126.930453257871406, 37.503510338419318 ], [ 126.930521675604382, 37.503454968176428 ] ], [ [ 126.931868663673413, 37.503594712881288 ], [ 126.931892781233557, 37.503603595162986 ], [ 126.931771167382152, 37.503612633195004 ], [ 126.931868663673413, 37.503594712881288 ] ], [ [ 126.932188623842336, 37.503710922595211 ], [ 126.932310004619424, 37.503751268375119 ], [ 126.932080325995301, 37.503672954005509 ], [ 126.932188623842336, 37.503710922595211 ] ], [ [ 126.932357848673917, 37.503770208341237 ], [ 126.932364068229617, 37.503779071795591 ], [ 126.932310004619424, 37.503751268375119 ], [ 126.932357848673917, 37.503770208341237 ] ], [ [ 126.932671898662221, 37.504067630965167 ], [ 126.932637744699036, 37.504054699794573 ], [ 126.93261401443948, 37.504045703033491 ], [ 126.932671898662221, 37.504067630965167 ] ], [ [ 126.932588685158947, 37.504558031683537 ], [ 126.93260446551345, 37.504615722773281 ], [ 126.932650070003206, 37.504783398037127 ], [ 126.932588685158947, 37.504558031683537 ] ], [ [ 126.932685945458175, 37.505459410554458 ], [ 126.932685945458175, 37.505459410554451 ], [ 126.932686118566906, 37.505456174289606 ], [ 126.932685945458175, 37.505459410554458 ] ], [ [ 126.932694652963917, 37.505583663213827 ], [ 126.93269532254682, 37.50558815917914 ], [ 126.932686235329527, 37.505463546903812 ], [ 126.932694652963917, 37.505583663213827 ] ], [ [ 126.932778136139078, 37.506057996997825 ], [ 126.932778136139049, 37.506057996997825 ], [ 126.93273543760813, 37.505813522363241 ], [ 126.932778136139078, 37.506057996997825 ] ], [ [ 126.932760482490878, 37.506093990590117 ], [ 126.932778376818476, 37.506099767387774 ], [ 126.93275723744182, 37.506056056700729 ], [ 126.932760482490878, 37.506093990590117 ] ], [ [ 126.932817650892687, 37.505923996582645 ], [ 126.93280416102867, 37.505849505060894 ], [ 126.932844563648601, 37.505981369740134 ], [ 126.932817650892687, 37.505923996582645 ] ], [ [ 126.932762307911659, 37.505583378249177 ], [ 126.932767671419356, 37.505582894831363 ], [ 126.932762307911659, 37.505583378249185 ], [ 126.932762307911659, 37.505583378249177 ] ], [ [ 126.932804132158168, 37.505570013757414 ], [ 126.932804132158182, 37.505570013757406 ], [ 126.93280133098132, 37.505572057217641 ], [ 126.932804132158168, 37.505570013757414 ] ], [ [ 126.932929551764175, 37.505538452610615 ], [ 126.932929551764175, 37.505538452610594 ], [ 126.932999460733697, 37.505621042588842 ], [ 126.932929551764175, 37.505538452610615 ] ], [ [ 126.933038812558564, 37.505664745774951 ], [ 126.933044295145564, 37.50565936699298 ], [ 126.932969147240627, 37.505723783791417 ], [ 126.933038812558564, 37.505664745774951 ] ], [ [ 126.933120117348864, 37.505584982480649 ], [ 126.933251394707952, 37.505448521235849 ], [ 126.933253688670646, 37.50545061287616 ], [ 126.93318497437815, 37.505521355532274 ], [ 126.933120117348864, 37.505584982480649 ] ], [ [ 126.933362248430484, 37.505328347092053 ], [ 126.933362248430527, 37.505328347092068 ], [ 126.933286731123346, 37.505418232086001 ], [ 126.933362248430484, 37.505328347092053 ] ], [ [ 126.93341362204815, 37.505310293694293 ], [ 126.933480713538728, 37.50523272040477 ], [ 126.933380610988166, 37.505333132972467 ], [ 126.93341362204815, 37.505310293694293 ] ], [ [ 126.933686799880334, 37.505183883196885 ], [ 126.933625792211416, 37.505222009915578 ], [ 126.933673070685728, 37.505192466329426 ], [ 126.933686799880334, 37.505183883196885 ] ], [ [ 126.933769622260115, 37.505128686045239 ], [ 126.933769622260129, 37.505128686045246 ], [ 126.933749415017473, 37.505142978367246 ], [ 126.933769622260115, 37.505128686045239 ] ], [ [ 126.933785019619165, 37.505135740676899 ], [ 126.933785019619151, 37.505135740676906 ], [ 126.933776984857943, 37.505132059377999 ], [ 126.933785019619165, 37.505135740676899 ] ], [ [ 126.933937546400017, 37.505205547236805 ], [ 126.933937546400031, 37.505205547236827 ], [ 126.933925566107789, 37.505221830422691 ], [ 126.933937546400017, 37.505205547236805 ] ], [ [ 126.933944616779385, 37.5052160479053 ], [ 126.933944616779385, 37.505216047905314 ], [ 126.933941945571277, 37.505212080724846 ], [ 126.933944616779385, 37.5052160479053 ] ], [ [ 126.933995864669754, 37.505375040243401 ], [ 126.934048402771509, 37.505382453925144 ], [ 126.933905251748754, 37.505362248309993 ], [ 126.933995864669754, 37.505375040243401 ] ], [ [ 126.934283019569165, 37.505511371808964 ], [ 126.934289346082167, 37.505519087949992 ], [ 126.934217898347484, 37.505456425186495 ], [ 126.934283019569165, 37.505511371808964 ] ], [ [ 126.934462114323537, 37.505821182554314 ], [ 126.934462114323537, 37.505821182554335 ], [ 126.934432864987116, 37.505710027882557 ], [ 126.934462114323537, 37.505821182554314 ] ], [ [ 126.934622010566613, 37.50657011936655 ], [ 126.934622013503258, 37.506570437593602 ], [ 126.9345623318641, 37.506540956306011 ], [ 126.934622010566613, 37.50657011936655 ] ], [ [ 126.934966710259644, 37.506598073789597 ], [ 126.935116215476597, 37.506597923658681 ], [ 126.934987230774595, 37.506758778262608 ], [ 126.934966710259644, 37.506598073789597 ] ], [ [ 126.935188567053302, 37.506863695511868 ], [ 126.935188567053302, 37.506863695511882 ], [ 126.935171230436183, 37.506800012243737 ], [ 126.935188567053302, 37.506863695511868 ] ], [ [ 126.950722119043604, 37.508034583632934 ], [ 126.949777381783733, 37.508371326859297 ], [ 126.949508767549702, 37.508387724299119 ], [ 126.949777381783733, 37.508371326859269 ], [ 126.950722119043604, 37.508034583632934 ] ], [ [ 126.951293566673968, 37.508009059436468 ], [ 126.951393315159692, 37.507832542343344 ], [ 126.951263454937404, 37.507990215772949 ], [ 126.951293566673968, 37.508009059436468 ] ], [ [ 126.951481898566541, 37.507675391877903 ], [ 126.951486416158048, 37.507667882911036 ], [ 126.951437069050939, 37.507754912938822 ], [ 126.951481898566541, 37.507675391877903 ] ], [ [ 126.951535105687782, 37.5073798601912 ], [ 126.951521852565747, 37.507370946719398 ], [ 126.95155717612846, 37.507394972874103 ], [ 126.951535105687782, 37.5073798601912 ] ], [ [ 126.951487075973318, 37.507347557919474 ], [ 126.951430727559639, 37.507309601245524 ], [ 126.951426766304678, 37.507306968653054 ], [ 126.951430727559639, 37.50730960124551 ], [ 126.951487075973318, 37.507347557919474 ] ], [ [ 126.951378397818047, 37.507273539145658 ], [ 126.951378963539142, 37.507273206016677 ], [ 126.951404463385089, 37.507291651107664 ], [ 126.951378397818047, 37.507273539145658 ] ], [ [ 126.951248143241941, 37.507185762669671 ], [ 126.951202856099613, 37.507155172543087 ], [ 126.951287563319639, 37.507212223715463 ], [ 126.951248143241941, 37.507185762669671 ] ], [ [ 126.951076717040507, 37.507069938442363 ], [ 126.950984696076617, 37.507007757313026 ], [ 126.951137788976382, 37.507111203245394 ], [ 126.951076717040507, 37.507069938442363 ] ], [ [ 126.950955698714679, 37.506989076235847 ], [ 126.950954709457335, 37.506988172401059 ], [ 126.950961374319959, 37.506992006907005 ], [ 126.950955698714679, 37.506989076235847 ] ], [ [ 126.950830645431154, 37.506904635212699 ], [ 126.950812116920545, 37.506892166464695 ], [ 126.950917508484793, 37.506963094046178 ], [ 126.950830645431154, 37.506904635212699 ] ], [ [ 126.950676911114414, 37.506752615905434 ], [ 126.95064010128344, 37.506713604881242 ], [ 126.950719660876146, 37.506798669206916 ], [ 126.950676911114414, 37.506752615905434 ] ], [ [ 126.950609934947877, 37.506684534712228 ], [ 126.950606880736856, 37.506681588748499 ], [ 126.95064010128344, 37.506713604881242 ], [ 126.950609934947877, 37.506684534712228 ] ], [ [ 126.950480195086485, 37.506566186752281 ], [ 126.950448292758765, 37.506537187871864 ], [ 126.950412234303855, 37.506504568773749 ], [ 126.950480195086485, 37.506566186752281 ] ], [ [ 126.950248750900187, 37.506341765149131 ], [ 126.950351248850069, 37.50644559550868 ], [ 126.950308515750365, 37.506402536334079 ], [ 126.950248750900187, 37.506341765149131 ] ], [ [ 126.950240868031742, 37.506325111290728 ], [ 126.950239004598259, 37.506321182131984 ], [ 126.950248750900187, 37.506341765149131 ], [ 126.950240868031742, 37.506325111290728 ] ], [ [ 126.950150789533666, 37.5061373312681 ], [ 126.950125254675228, 37.506083954067918 ], [ 126.950184907594064, 37.50620865105639 ], [ 126.950150789533666, 37.5061373312681 ] ], [ [ 126.950049398966215, 37.505904135956953 ], [ 126.949979776575745, 37.505722437426009 ], [ 126.950125254675228, 37.506083954067918 ], [ 126.950049398966215, 37.505904135956953 ] ], [ [ 126.949977079818495, 37.505713318152033 ], [ 126.94994053205609, 37.505557663843703 ], [ 126.949930441121154, 37.505512240138529 ], [ 126.949977079818495, 37.505713318152033 ] ], [ [ 126.949807907107058, 37.505191106981187 ], [ 126.949852843428445, 37.505219472034057 ], [ 126.949852843428445, 37.505219472034064 ], [ 126.949807907107058, 37.505191106981187 ] ], [ [ 126.949731058925551, 37.505124300367768 ], [ 126.949694734221211, 37.505088875222768 ], [ 126.949731439093668, 37.505124062670973 ], [ 126.949731058925551, 37.505124300367768 ] ], [ [ 126.949616923064951, 37.505041097186755 ], [ 126.949552891911608, 37.505068008875384 ], [ 126.949663999043295, 37.50504978545856 ], [ 126.949616923064951, 37.505041097186755 ] ], [ [ 126.949552891911608, 37.505068008875384 ], [ 126.949332810947112, 37.505094040802348 ], [ 126.949288949387736, 37.50493568005195 ], [ 126.949552891911608, 37.505068008875384 ] ], [ [ 126.949167440004402, 37.504852651478856 ], [ 126.948882588491216, 37.504687148637196 ], [ 126.948502439139304, 37.50447531868933 ], [ 126.949167440004402, 37.504852651478856 ] ], [ [ 126.948089645329105, 37.504245196187554 ], [ 126.947965080044554, 37.504175510044021 ], [ 126.947949360469551, 37.504166718185644 ], [ 126.948089645329105, 37.504245196187554 ] ], [ [ 126.947870951868822, 37.504079574119721 ], [ 126.947870951868865, 37.504079574119707 ], [ 126.947894038832544, 37.50412099446995 ], [ 126.947870951868822, 37.504079574119721 ] ], [ [ 126.947463387193835, 37.503895388010328 ], [ 126.947814330795012, 37.504087666386653 ], [ 126.947598020222969, 37.503969293847831 ], [ 126.947463387193835, 37.503895388010328 ] ], [ [ 126.947388766043048, 37.503852843269883 ], [ 126.94736800383788, 37.503840756776121 ], [ 126.947424536951772, 37.503873665949591 ], [ 126.947388766043048, 37.503852843269883 ] ], [ [ 126.94732107571204, 37.503857371286244 ], [ 126.947297257268517, 37.503842755178667 ], [ 126.947233746449413, 37.50380730777951 ], [ 126.94732107571204, 37.503857371286244 ] ], [ [ 126.947164391070743, 37.503768605054219 ], [ 126.947125272674995, 37.503746776261906 ], [ 126.947233746449413, 37.50380730777951 ], [ 126.947164391070743, 37.503768605054219 ] ], [ [ 126.947086783903885, 37.503724357348247 ], [ 126.947044402856491, 37.503699569377204 ], [ 126.947118653119375, 37.503742987028261 ], [ 126.947086783903885, 37.503724357348247 ] ], [ [ 126.94698176395535, 37.503662950946349 ], [ 126.94692539856571, 37.503630831361633 ], [ 126.947044402856491, 37.503699569377204 ], [ 126.94698176395535, 37.503662950946349 ] ], [ [ 126.946761128746701, 37.503538655313484 ], [ 126.946574180700836, 37.50343555740362 ], [ 126.946838996604626, 37.503581587898125 ], [ 126.946761128746701, 37.503538655313484 ] ], [ [ 126.946332339269219, 37.503299294856077 ], [ 126.946331525194068, 37.503299024176371 ], [ 126.94642091148782, 37.503349197433089 ], [ 126.946332339269219, 37.503299294856077 ] ], [ [ 126.946290094078904, 37.503274975195325 ], [ 126.946229942737915, 37.503240051387365 ], [ 126.946331525194068, 37.503299024176371 ], [ 126.946290094078904, 37.503274975195325 ] ], [ [ 126.946198392607187, 37.503174660208153 ], [ 126.94620768957283, 37.503164759083624 ], [ 126.946169791396926, 37.503205127579406 ], [ 126.946198392607187, 37.503174660208153 ] ], [ [ 126.946265039377991, 37.503096854166245 ], [ 126.946269053938593, 37.503097198423056 ], [ 126.946259674491941, 37.503102636065215 ], [ 126.946265039377991, 37.503096854166245 ] ], [ [ 126.946323414508868, 37.503101827933129 ], [ 126.946345336737892, 37.503018540892434 ], [ 126.946414581458299, 37.502944682349309 ], [ 126.946323414508868, 37.503101827933129 ] ], [ [ 126.946618386438416, 37.502728627763716 ], [ 126.946631707679018, 37.502714668480877 ], [ 126.946537530881614, 37.502813265974844 ], [ 126.946618386438416, 37.502728627763716 ] ], [ [ 126.946854384198375, 37.502471807925851 ], [ 126.946755007030006, 37.502583116887507 ], [ 126.946766313843469, 37.502570976671777 ], [ 126.946811237189948, 37.502520388411014 ], [ 126.946850172969278, 37.502476545839222 ], [ 126.946854384198375, 37.502471807925851 ] ], [ [ 126.947037114453082, 37.502274592341934 ], [ 126.946950948438499, 37.502369391654419 ], [ 126.946980308066799, 37.502337086403109 ], [ 126.947037114453082, 37.502274592341934 ] ], [ [ 126.947129629419166, 37.502173299690192 ], [ 126.94714049487223, 37.502161405507202 ], [ 126.947037114453082, 37.502274592341934 ], [ 126.947129629419166, 37.502173299690192 ] ], [ [ 126.94735001525865, 37.5019335822182 ], [ 126.947350686642224, 37.501932826917013 ], [ 126.947314747277048, 37.501973200959647 ], [ 126.94735001525865, 37.5019335822182 ] ], [ [ 126.947434755699021, 37.501838250365623 ], [ 126.947474574228011, 37.501793749269339 ], [ 126.947386504580336, 37.501892532218122 ], [ 126.947434755699021, 37.501838250365623 ] ], [ [ 126.947789138204314, 37.501876845081568 ], [ 126.947850829592056, 37.501839512291987 ], [ 126.94791533438044, 37.501800871830469 ], [ 126.947789138204314, 37.501876845081568 ] ], [ [ 126.947987457409852, 37.501757461788337 ], [ 126.948105315617113, 37.501685926307978 ], [ 126.948107307272366, 37.50168314817553 ], [ 126.947987457409852, 37.501757461788337 ] ], [ [ 126.94819362674501, 37.501577152624712 ], [ 126.948193626744981, 37.501577152624726 ], [ 126.948242921798098, 37.501520185079706 ], [ 126.94819362674501, 37.501577152624712 ] ], [ [ 126.948457223044414, 37.501268336965637 ], [ 126.948474533792321, 37.501247591139816 ], [ 126.948426765002537, 37.50130415148427 ], [ 126.948457223044414, 37.501268336965637 ] ], [ [ 126.948503108847035, 37.501213351609415 ], [ 126.948565146242231, 37.501139029038086 ], [ 126.948497430661661, 37.501220154602699 ], [ 126.948503108847035, 37.501213351609415 ] ], [ [ 126.94891280332179, 37.501017828864356 ], [ 126.948977131596948, 37.501046464192179 ], [ 126.948823812238743, 37.500978208308545 ], [ 126.94891280332179, 37.501017828864356 ] ], [ [ 126.949323001008992, 37.500957400630732 ], [ 126.949416960578787, 37.5008535659858 ], [ 126.94952446753031, 37.500734167972325 ], [ 126.949323001008992, 37.500957400630732 ] ], [ [ 126.949549209419899, 37.500704644126188 ], [ 126.949550363859117, 37.500703311156158 ], [ 126.94952446753031, 37.500734167972325 ], [ 126.949549209419899, 37.500704644126188 ] ], [ [ 126.949927062844637, 37.500280061684201 ], [ 126.949874820607818, 37.500338756236921 ], [ 126.949917986200404, 37.500290256322778 ], [ 126.949927062844637, 37.500280061684201 ] ], [ [ 126.950028480532936, 37.500165849590978 ], [ 126.950106018411986, 37.500077387272192 ], [ 126.949948668378354, 37.500255734435733 ], [ 126.950028480532936, 37.500165849590978 ] ], [ [ 126.950128235114988, 37.500052038331042 ], [ 126.950147305833354, 37.500029760423352 ], [ 126.950147305833397, 37.500029760423367 ], [ 126.950133282820957, 37.50004627864034 ], [ 126.950128235114988, 37.500052038331042 ] ], [ [ 126.950399757960554, 37.499542546763102 ], [ 126.950437106266378, 37.499500240444071 ], [ 126.950344648787905, 37.499605996392056 ], [ 126.950399757960554, 37.499542546763102 ] ], [ [ 126.950585171578624, 37.499284175351185 ], [ 126.950524816500149, 37.499251235831494 ], [ 126.950591262438849, 37.499324200341839 ], [ 126.950585171578624, 37.499284175351185 ] ], [ [ 126.950416914003696, 37.499193146868926 ], [ 126.950280366924218, 37.499118088590883 ], [ 126.950524816500149, 37.499251235831494 ], [ 126.950416914003696, 37.499193146868926 ] ], [ [ 126.950300921424329, 37.499092037035609 ], [ 126.950429413686948, 37.498938971503748 ], [ 126.950454884221642, 37.498908789316637 ], [ 126.950300921424329, 37.499092037035609 ] ], [ [ 126.950491040085041, 37.498864782863095 ], [ 126.950492845784566, 37.498862571698879 ], [ 126.950481181992728, 37.498876851988442 ], [ 126.950491040085041, 37.498864782863095 ] ], [ [ 126.950640212314312, 37.498682602160059 ], [ 126.950640212314298, 37.498682602160045 ], [ 126.950870464300294, 37.498805525253438 ], [ 126.950640212314312, 37.498682602160059 ] ], [ [ 126.951049732132745, 37.498801817772069 ], [ 126.951090667652679, 37.49875423548238 ], [ 126.951011057953451, 37.498846257153033 ], [ 126.951049732132745, 37.498801817772069 ] ], [ [ 126.951168382692103, 37.498667358277729 ], [ 126.951168977449953, 37.498623678106199 ], [ 126.951105753179476, 37.498737789681265 ], [ 126.951168382692103, 37.498667358277729 ] ], [ [ 126.951022227379568, 37.498468904958401 ], [ 126.95101996762736, 37.498465971241146 ], [ 126.951168977449953, 37.498623678106199 ], [ 126.951022227379568, 37.498468904958401 ] ], [ [ 126.951322756166363, 37.498381843358821 ], [ 126.951322756166348, 37.498381843358835 ], [ 126.951293270436793, 37.498381860865777 ], [ 126.951322756166363, 37.498381843358821 ] ], [ [ 126.95128744649702, 37.498421796663379 ], [ 126.951196805732707, 37.498526030693974 ], [ 126.95130863229862, 37.498397824680644 ], [ 126.95128744649702, 37.498421796663379 ] ], [ [ 126.951246376872959, 37.498619287160878 ], [ 126.95126484264307, 37.498629629472283 ], [ 126.951193278844315, 37.498557636232491 ], [ 126.951246376872959, 37.498619287160878 ] ], [ [ 126.951262497223951, 37.498695446443058 ], [ 126.951218172035297, 37.498705140347909 ], [ 126.951439706928085, 37.498792856595429 ], [ 126.951262497223951, 37.498695446443058 ] ], [ [ 126.950800759206473, 37.499522122754527 ], [ 126.950781871742961, 37.49954379431022 ], [ 126.950835582468883, 37.499483484847424 ], [ 126.950800759206473, 37.499522122754527 ] ], [ [ 126.950614063700456, 37.499736615305743 ], [ 126.950595653397372, 37.49975812622386 ], [ 126.950656411758814, 37.499687717702081 ], [ 126.950614063700456, 37.499736615305743 ] ], [ [ 126.950456397119765, 37.499917675033046 ], [ 126.950386454316217, 37.499996977715405 ], [ 126.950462927241389, 37.499910460855823 ], [ 126.950456397119765, 37.499917675033046 ] ], [ [ 126.950366104918132, 37.500020512001448 ], [ 126.950366104918118, 37.500020512001448 ], [ 126.950386454316217, 37.499996977715405 ], [ 126.950366104918132, 37.500020512001448 ] ], [ [ 126.950722487201489, 37.499928475580752 ], [ 126.950640989776716, 37.500020360396533 ], [ 126.950640989776687, 37.500020360396533 ], [ 126.950722487201489, 37.499928475580752 ] ], [ [ 126.951281217089587, 37.499685507906413 ], [ 126.951335151048113, 37.49971603864369 ], [ 126.95125894450895, 37.499672654690805 ], [ 126.951281217089587, 37.499685507906413 ] ], [ [ 126.951335151048113, 37.49971603864369 ], [ 126.951269250399335, 37.499840330433059 ], [ 126.951225394876872, 37.499890610015328 ], [ 126.951335151048113, 37.49971603864369 ] ], [ [ 126.951110104246212, 37.500020606531862 ], [ 126.951110104246197, 37.500020606531862 ], [ 126.95115296531111, 37.499972776371308 ], [ 126.951110104246212, 37.500020606531862 ] ], [ [ 126.95119797417027, 37.500020625970123 ], [ 126.951197974170256, 37.500020625970137 ], [ 126.951162816871928, 37.500020618192764 ], [ 126.95119797417027, 37.500020625970123 ] ], [ [ 126.951460505109907, 37.499815638661495 ], [ 126.951537276497305, 37.499898495469594 ], [ 126.951589621650527, 37.499954757939491 ], [ 126.951460505109907, 37.499815638661495 ] ], [ [ 126.951842878800534, 37.500098619031178 ], [ 126.951844164976393, 37.500100240257169 ], [ 126.951790817317416, 37.500046201049273 ], [ 126.951842878800534, 37.500098619031178 ] ], [ [ 126.952068074324657, 37.500318971627365 ], [ 126.95208603930142, 37.500326394363924 ], [ 126.952039096877755, 37.500307895232162 ], [ 126.952068074324657, 37.500318971627365 ] ], [ [ 126.952272375183767, 37.500310947974548 ], [ 126.952345894351595, 37.500328340839701 ], [ 126.952225730862878, 37.500303405184326 ], [ 126.952272375183767, 37.500310947974548 ] ], [ [ 126.952732109480849, 37.500426115141785 ], [ 126.952756363070179, 37.500426581659191 ], [ 126.952714964796442, 37.500426639650051 ], [ 126.952732109480849, 37.500426115141785 ] ], [ [ 126.952794835680152, 37.50042136573299 ], [ 126.952835698613725, 37.500409768707513 ], [ 126.952905235910464, 37.500359467558425 ], [ 126.952794835680152, 37.50042136573299 ] ], [ [ 126.952784065414761, 37.500247946089374 ], [ 126.952713665597557, 37.500205597858042 ], [ 126.952836186376828, 37.500278571147113 ], [ 126.952784065414761, 37.500247946089374 ] ], [ [ 126.952953197555743, 37.500271378628824 ], [ 126.95315714869605, 37.500401971938835 ], [ 126.952867653542754, 37.50021659999075 ], [ 126.952953197555743, 37.500271378628824 ] ], [ [ 126.953450583579439, 37.500839814814064 ], [ 126.953425401852343, 37.500834533728749 ], [ 126.953478371083122, 37.500766809800467 ], [ 126.953450583579439, 37.500839814814064 ] ], [ [ 126.953042755308218, 37.500757387015931 ], [ 126.952960098008703, 37.50073982865031 ], [ 126.953127099062868, 37.500772810647902 ], [ 126.953042755308218, 37.500757387015931 ] ], [ [ 126.952862672676261, 37.500720029669395 ], [ 126.952850683314026, 37.500717572697639 ], [ 126.952960098008703, 37.50073982865031 ], [ 126.952862672676261, 37.500720029669395 ] ], [ [ 126.952390518444915, 37.500623184162329 ], [ 126.952360586681081, 37.50061851354949 ], [ 126.952629874541472, 37.500672324802622 ], [ 126.952390518444915, 37.500623184162329 ] ], [ [ 126.952372323831028, 37.500655396303749 ], [ 126.952381867302847, 37.500686154356501 ], [ 126.952360586681081, 37.50061851354949 ], [ 126.952372323831028, 37.500655396303749 ] ], [ [ 126.952515439885133, 37.50092236918551 ], [ 126.952450221538626, 37.500895022214742 ], [ 126.952507112856907, 37.500918877240302 ], [ 126.952515439885133, 37.50092236918551 ] ], [ [ 126.952646356585745, 37.500977202496529 ], [ 126.952652306275766, 37.500979700464363 ], [ 126.952588548033276, 37.500952998884159 ], [ 126.952646356585745, 37.500977202496529 ] ], [ [ 126.953303372169302, 37.501247821552525 ], [ 126.953460266122647, 37.501313095245521 ], [ 126.953484641990002, 37.501323214361307 ], [ 126.953303372169302, 37.501247821552525 ] ], [ [ 126.953484641990002, 37.501323214361307 ], [ 126.95347159033156, 37.501465972258885 ], [ 126.953469300035991, 37.501492767020984 ], [ 126.953484641990002, 37.501323214361307 ] ], [ [ 126.953463636957622, 37.501559024142367 ], [ 126.953459400759996, 37.501604603929437 ], [ 126.953469300035991, 37.501492767020984 ], [ 126.953463636957622, 37.501559024142367 ] ], [ [ 126.953359764290141, 37.502067442266473 ], [ 126.953359764290155, 37.502067442266458 ], [ 126.953406966741397, 37.50207066905228 ], [ 126.953359764290141, 37.502067442266473 ] ], [ [ 126.953389584337799, 37.502229553028826 ], [ 126.95338939658518, 37.502231345938988 ], [ 126.953394374787308, 37.502183937434943 ], [ 126.953389584337799, 37.502229553028826 ] ], [ [ 126.953389052449126, 37.502234512807895 ], [ 126.95338744593613, 37.502248671342059 ], [ 126.953384025712126, 37.502273834831648 ], [ 126.953379167701783, 37.502318972867748 ], [ 126.953384025712126, 37.502273834831634 ], [ 126.953389052449126, 37.502234512807895 ] ], [ [ 126.953373397947061, 37.502372579944009 ], [ 126.953367493400819, 37.502429610701661 ], [ 126.953360229768535, 37.502487271631431 ], [ 126.953373397947061, 37.502372579944009 ] ], [ [ 126.95332744668633, 37.502773633020503 ], [ 126.953312528521224, 37.502907703011317 ], [ 126.953312101469322, 37.502911539478227 ], [ 126.95332744668633, 37.502773633020503 ] ], [ [ 126.953293861337613, 37.503066859276046 ], [ 126.953283235581821, 37.503156690917628 ], [ 126.953282109842249, 37.50316619598879 ], [ 126.95329350380598, 37.503069793834356 ], [ 126.953293861337613, 37.503066859276046 ] ], [ [ 126.953281927878493, 37.5031677726613 ], [ 126.95328109866486, 37.50317494049191 ], [ 126.953282109842249, 37.50316619598879 ], [ 126.953281927878493, 37.5031677726613 ] ], [ [ 126.953262315679282, 37.503363866902426 ], [ 126.953262522500651, 37.503379901149927 ], [ 126.9532620144346, 37.503339909238584 ], [ 126.953262315679282, 37.503363866902426 ] ], [ [ 126.953262660381554, 37.503390590648266 ], [ 126.953252000824733, 37.503487948152468 ], [ 126.953262660381554, 37.503390590648252 ], [ 126.953262660381554, 37.503390590648266 ] ], [ [ 126.952831853629235, 37.503684418593338 ], [ 126.953086354641442, 37.503676639466931 ], [ 126.952931333189497, 37.503681549323616 ], [ 126.952831853629235, 37.503684418593338 ] ], [ [ 126.952831853629235, 37.503684418593338 ], [ 126.952622107401154, 37.503843015752381 ], [ 126.952610348389328, 37.503856026700696 ], [ 126.952831853629235, 37.503684418593338 ] ], [ [ 126.952458263362416, 37.504022066240758 ], [ 126.952458263362416, 37.504022066240765 ], [ 126.952447693240458, 37.504101998396784 ], [ 126.952458263362416, 37.504022066240758 ] ], [ [ 126.952474947754794, 37.504605505412684 ], [ 126.952383265456348, 37.504598890031971 ], [ 126.952383265456348, 37.504598890031957 ], [ 126.952474947754794, 37.504605505412684 ] ], [ [ 126.952633729772771, 37.504620712484602 ], [ 126.952497791653684, 37.50460767728871 ], [ 126.952592752123465, 37.50461678069253 ], [ 126.952633729772771, 37.504620712484602 ] ], [ [ 126.953007684716482, 37.504658010277595 ], [ 126.953007684716482, 37.504658010277602 ], [ 126.952967425226831, 37.504654020331557 ], [ 126.953007684716482, 37.504658010277595 ] ], [ [ 126.952975414038889, 37.504892013214672 ], [ 126.952974423562011, 37.504898622528351 ], [ 126.952982239595158, 37.504842184827417 ], [ 126.952975414038889, 37.504892013214672 ] ], [ [ 126.952963599601389, 37.504972999061145 ], [ 126.952957737600968, 37.505013514527413 ], [ 126.952949375188751, 37.505084156270001 ], [ 126.952963599601389, 37.504972999061145 ] ], [ [ 126.953063471301576, 37.505346008134907 ], [ 126.953347527762517, 37.505817183973328 ], [ 126.953347527762517, 37.505817183973335 ], [ 126.953063471301576, 37.505346008134907 ] ], [ [ 126.953327743384122, 37.506776549242517 ], [ 126.953325008437886, 37.507016177450886 ], [ 126.953318774412153, 37.50701616769954 ], [ 126.953327743384122, 37.506776549242517 ] ], [ [ 126.953151898362023, 37.507016683343302 ], [ 126.953128441399315, 37.507016951241226 ], [ 126.953265088237643, 37.507016495370671 ], [ 126.953151898362023, 37.507016683343302 ] ], [ [ 126.953001498152062, 37.507017910098867 ], [ 126.952929588693308, 37.507019358181061 ], [ 126.952852934142186, 37.506943282432196 ], [ 126.953001498152062, 37.507017910098867 ] ], [ [ 126.952604376793246, 37.506699532005136 ], [ 126.952576029743625, 37.506671760527709 ], [ 126.952757143755292, 37.506849250863475 ], [ 126.952604376793246, 37.506699532005136 ] ], [ [ 126.952355576356368, 37.506656487181814 ], [ 126.952309056310384, 37.506702479376287 ], [ 126.952561019711084, 37.506657239236411 ], [ 126.952355576356368, 37.506656487181814 ] ], [ [ 126.952206711042123, 37.50707643418199 ], [ 126.952163111252815, 37.507231036166488 ], [ 126.952207195209169, 37.507074675622782 ], [ 126.952206711042123, 37.50707643418199 ] ], [ [ 126.952160843964677, 37.507239081127373 ], [ 126.952157284327228, 37.507251702615747 ], [ 126.952163111252815, 37.507231036166488 ], [ 126.952160843964677, 37.507239081127373 ] ], [ [ 126.952013198162646, 37.507435932359577 ], [ 126.951972559198026, 37.507439212973743 ], [ 126.95210043995948, 37.507428894295764 ], [ 126.952013198162646, 37.507435932359577 ] ], [ [ 126.951804749294567, 37.507563984690627 ], [ 126.951776977028985, 37.507590363217005 ], [ 126.95181270112154, 37.507556532418903 ], [ 126.951804749294567, 37.507563984690627 ] ], [ [ 126.951704806995153, 37.507846954908047 ], [ 126.951751139869927, 37.50768321814629 ], [ 126.951718467821038, 37.507798459974396 ], [ 126.951704806995153, 37.507846954908047 ] ], [ [ 126.951660166289315, 37.508050930906137 ], [ 126.951817892275969, 37.508040563817552 ], [ 126.951641097906631, 37.508067302990085 ], [ 126.951660166289315, 37.508050930906137 ] ], [ [ 126.95191069553826, 37.508034458021527 ], [ 126.951931061147306, 37.5080573834394 ], [ 126.951817892275969, 37.508040563817552 ], [ 126.95191069553826, 37.508034458021527 ] ], [ [ 126.952542583465927, 37.508528873692562 ], [ 126.952669909372389, 37.508520844417873 ], [ 126.952405770167132, 37.508537500229757 ], [ 126.952542583465927, 37.508528873692562 ] ], [ [ 126.953054320688949, 37.508707049731385 ], [ 126.953035868770016, 37.508732288105222 ], [ 126.953035868770002, 37.508732288105207 ], [ 126.953054320688949, 37.508707049731385 ] ], [ [ 126.953188544071381, 37.508610878203918 ], [ 126.953190538824103, 37.508607827912044 ], [ 126.953120740371205, 37.508714825537872 ], [ 126.953188544071381, 37.508610878203918 ] ], [ [ 126.953205435418923, 37.508585148122997 ], [ 126.953275107883258, 37.508476818149987 ], [ 126.953427496359424, 37.508238634449761 ], [ 126.953205435418923, 37.508585148122997 ] ], [ [ 126.953458131189279, 37.50819063687058 ], [ 126.953526445242503, 37.508083031491175 ], [ 126.95345510833809, 37.508195398913657 ], [ 126.953458131189279, 37.50819063687058 ] ], [ [ 126.953639641448262, 37.507916059527155 ], [ 126.953780515258416, 37.507727483707797 ], [ 126.953796181527451, 37.507706776105252 ], [ 126.953639641448262, 37.507916059527155 ] ], [ [ 126.953812253880301, 37.507685529756607 ], [ 126.954017842276627, 37.507642570258156 ], [ 126.954214006549961, 37.507612308764287 ], [ 126.953812253880301, 37.507685529756607 ] ], [ [ 126.954315245619767, 37.507596612452126 ], [ 126.954419872740289, 37.507576919712882 ], [ 126.954286952713161, 37.507601019481207 ], [ 126.954315245619767, 37.507596612452126 ] ], [ [ 126.95460977038789, 37.507541318419705 ], [ 126.954620294361362, 37.50753225856306 ], [ 126.954548389749519, 37.50755281103384 ], [ 126.95460977038789, 37.507541318419705 ] ], [ [ 126.954480467357669, 37.507119879465584 ], [ 126.954353027461551, 37.506813381351691 ], [ 126.95433755638544, 37.506776064862343 ], [ 126.954480467357669, 37.507119879465584 ] ], [ [ 126.95433755638544, 37.506776064862343 ], [ 126.954279974016089, 37.506638351392454 ], [ 126.954034745387943, 37.506061686637914 ], [ 126.95433755638544, 37.506776064862343 ] ], [ [ 126.953787185689208, 37.505492940147811 ], [ 126.953833156883263, 37.505426095663545 ], [ 126.953848774443713, 37.505410044378692 ], [ 126.953787185689208, 37.505492940147811 ] ], [ [ 126.953918335456933, 37.505293016592482 ], [ 126.953918335456933, 37.505293016592489 ], [ 126.953918187767769, 37.505294061690506 ], [ 126.953918335456933, 37.505293016592482 ] ], [ [ 126.953910104814824, 37.505217365495639 ], [ 126.953890968577525, 37.505200031593475 ], [ 126.9539139869444, 37.505230584698602 ], [ 126.953910104814824, 37.505217365495639 ] ], [ [ 126.953735064473122, 37.505058890390686 ], [ 126.953692067464658, 37.505019958893122 ], [ 126.953890968577525, 37.505200031593475 ], [ 126.953735064473122, 37.505058890390686 ] ], [ [ 126.953620089390455, 37.504954796594191 ], [ 126.95361490128262, 37.504950091281557 ], [ 126.953692067464658, 37.505019958893122 ], [ 126.953620089390455, 37.504954796594191 ] ], [ [ 126.953597890150434, 37.504934695338378 ], [ 126.953596925401484, 37.504922369295656 ], [ 126.95361490128262, 37.504950091281557 ], [ 126.953597890150434, 37.504934695338378 ] ], [ [ 126.953651349394065, 37.504901298998192 ], [ 126.953651397670583, 37.504895905703073 ], [ 126.953653111514456, 37.50492242811319 ], [ 126.953651349394065, 37.504901298998192 ] ], [ [ 126.953646683559271, 37.504840275521786 ], [ 126.953651398106615, 37.504895856990522 ], [ 126.953651398106615, 37.504895856990537 ], [ 126.953646683559271, 37.504840275521786 ] ], [ [ 126.953640523778432, 37.504798661938239 ], [ 126.953637529093925, 37.504759548404323 ], [ 126.953642425032015, 37.504805573362823 ], [ 126.953640523778432, 37.504798661938239 ] ], [ [ 126.953640358412699, 37.50473882659842 ], [ 126.953650844767154, 37.504699682487143 ], [ 126.953636085364579, 37.504470081201958 ], [ 126.953640358412699, 37.50473882659842 ] ], [ [ 126.953631530675807, 37.504447584439639 ], [ 126.953640656486499, 37.504419609147362 ], [ 126.953631530675807, 37.504447584439646 ], [ 126.953631530675807, 37.504447584439639 ] ], [ [ 126.953644231004546, 37.504394890214627 ], [ 126.953637519290638, 37.504367551215537 ], [ 126.953645219391845, 37.504405621501213 ], [ 126.953644231004546, 37.504394890214627 ] ], [ [ 126.953703082107936, 37.504329753873151 ], [ 126.954005388508122, 37.504155462698485 ], [ 126.953674983757665, 37.504345952734177 ], [ 126.953703082107936, 37.504329753873151 ] ], [ [ 126.954853757104956, 37.503877102070362 ], [ 126.955023581616459, 37.50385604062248 ], [ 126.954764698425635, 37.50388629654941 ], [ 126.954853757104956, 37.503877102070362 ] ], [ [ 126.95514952133901, 37.503329420678156 ], [ 126.955166327504074, 37.50330493279904 ], [ 126.955139500986505, 37.503344017032639 ], [ 126.95514952133901, 37.503329420678156 ] ], [ [ 126.955187306051641, 37.502597095141226 ], [ 126.955288306446306, 37.502858153900675 ], [ 126.95529278659906, 37.502837099324978 ], [ 126.955187306051641, 37.502597095141226 ] ], [ [ 126.955200296735384, 37.50251146935846 ], [ 126.955200296735384, 37.502511469358467 ], [ 126.955191636279551, 37.502568553213642 ], [ 126.955200296735384, 37.50251146935846 ] ], [ [ 126.955271451194378, 37.501930064990013 ], [ 126.955588957341874, 37.501613767221635 ], [ 126.955977763403098, 37.501245767601482 ], [ 126.955387930579477, 37.50184621856868 ], [ 126.955271451194378, 37.501930064990013 ] ], [ [ 126.95612765473679, 37.500886545280871 ], [ 126.956146322054181, 37.500861744957362 ], [ 126.956020798010186, 37.501200060671877 ], [ 126.95612765473679, 37.500886545280871 ] ], [ [ 126.956407106075019, 37.500594782839919 ], [ 126.956322672755107, 37.500295592002793 ], [ 126.956316522349425, 37.500217815447485 ], [ 126.956350431780848, 37.500067882379639 ], [ 126.956407106075019, 37.500594782839919 ] ], [ [ 126.956383875569855, 37.499977860203707 ], [ 126.956422747549368, 37.499973270411502 ], [ 126.956369616166953, 37.50000330988577 ], [ 126.956383875569855, 37.499977860203707 ] ], [ [ 126.956650511395765, 37.49945631053442 ], [ 126.956678699322083, 37.499407730372447 ], [ 126.956525628647341, 37.49974980736399 ], [ 126.956650511395765, 37.49945631053442 ] ], [ [ 126.957516756431289, 37.498756911635901 ], [ 126.957556611571874, 37.498743469143157 ], [ 126.957384326669512, 37.498861657418679 ], [ 126.957516756431289, 37.498756911635901 ] ], [ [ 126.959288875047747, 37.498370137814696 ], [ 126.95933649238296, 37.498335754685364 ], [ 126.959287437306855, 37.498371176764337 ], [ 126.959288875047747, 37.498370137814696 ] ], [ [ 126.959333626131581, 37.498324842564799 ], [ 126.959282995631781, 37.49824775302617 ], [ 126.95928000554494, 37.498235867781013 ], [ 126.959322612490212, 37.498282951190816 ], [ 126.959333626131581, 37.498324842564799 ] ], [ [ 126.95928000554494, 37.498235867781013 ], [ 126.95926339651443, 37.498149708321094 ], [ 126.959269356652968, 37.498148800443445 ], [ 126.95928000554494, 37.498235867781013 ] ], [ [ 126.959350591313139, 37.498150589093541 ], [ 126.959405905475961, 37.498153083888724 ], [ 126.959412217771444, 37.498153369051501 ], [ 126.959350591313139, 37.498150589093541 ] ], [ [ 126.95968235265309, 37.498178085712858 ], [ 126.959737739177896, 37.498183421206008 ], [ 126.959633375513135, 37.498173370510806 ], [ 126.95968235265309, 37.498178085712858 ] ], [ [ 126.960090625202568, 37.498099175925532 ], [ 126.960370287951207, 37.498003546444252 ], [ 126.959844795212931, 37.498187810840577 ], [ 126.960090625202568, 37.498099175925532 ] ], [ [ 126.961071961432978, 37.497763614505786 ], [ 126.961073997342552, 37.497762921433463 ], [ 126.96097880815455, 37.497795466993963 ], [ 126.961071961432978, 37.497763614505786 ] ], [ [ 126.961962723556709, 37.497377009065616 ], [ 126.961962723556709, 37.497377009065637 ], [ 126.961937232505605, 37.497444611500612 ], [ 126.961962723556709, 37.497377009065616 ] ], [ [ 126.961578623330723, 37.493017006665056 ], [ 126.961578623330723, 37.49301700666507 ], [ 126.96157068824877, 37.493011363723831 ], [ 126.961578623330723, 37.493017006665056 ] ], [ [ 126.961770586963368, 37.493461129117101 ], [ 126.961802891719003, 37.493490287319176 ], [ 126.961760262142562, 37.493398488143924 ], [ 126.961770586963368, 37.493461129117101 ] ], [ [ 126.961922350531452, 37.493588788659899 ], [ 126.962909308812442, 37.494766379376699 ], [ 126.962820422679187, 37.495439292529902 ], [ 126.962909308812414, 37.494766379376692 ], [ 126.961922350531452, 37.493588788659899 ] ], [ [ 126.929222885151574, 37.498396597121612 ], [ 126.929079207008101, 37.4984689674381 ], [ 126.929099382397808, 37.49845644691343 ], [ 126.929144423462631, 37.498434282913081 ], [ 126.929222885151574, 37.498396597121612 ] ], [ [ 126.929288567494282, 37.498277263963082 ], [ 126.929308844998417, 37.498240812935848 ], [ 126.929222885151574, 37.498396597121612 ], [ 126.929288567494282, 37.498277263963082 ] ], [ [ 126.929400102334057, 37.498091140689212 ], [ 126.92941527263109, 37.498061903525716 ], [ 126.929308844998417, 37.498240812935848 ], [ 126.929400102334057, 37.498091140689212 ] ], [ [ 126.929932388960296, 37.497424445908194 ], [ 126.929932388960296, 37.497424445908187 ], [ 126.929989127531357, 37.497550755275064 ], [ 126.929932388960296, 37.497424445908194 ] ], [ [ 126.929892688149849, 37.497338142185981 ], [ 126.929892688149877, 37.497338142186003 ], [ 126.929899136582051, 37.49734725519469 ], [ 126.929892688149849, 37.497338142185981 ] ], [ [ 126.929842755143227, 37.497238055967706 ], [ 126.929826566046714, 37.497208392877653 ], [ 126.929851748628337, 37.497258306870513 ], [ 126.929842755143227, 37.497238055967706 ] ], [ [ 126.929792893079309, 37.497146700450024 ], [ 126.929792893079338, 37.497146700450038 ], [ 126.929795530429004, 37.497151530244885 ], [ 126.929792893079309, 37.497146700450024 ] ], [ [ 126.929697922025952, 37.496972479647681 ], [ 126.929707596675271, 37.49698988607075 ], [ 126.929697922025952, 37.496972479647688 ], [ 126.929697922025952, 37.496972479647681 ] ], [ [ 126.929714641886704, 37.496753565063564 ], [ 126.929716710103506, 37.496790273021972 ], [ 126.929714641886704, 37.496753565063571 ], [ 126.929714641886704, 37.496753565063564 ] ], [ [ 126.929728022260761, 37.496514601209952 ], [ 126.929728022260761, 37.496514601209959 ], [ 126.929727952163105, 37.496515577270756 ], [ 126.929728022260761, 37.496514601209952 ] ], [ [ 126.92972376823127, 37.496126934742186 ], [ 126.929587454091291, 37.4959779076584 ], [ 126.929730918790639, 37.496134858869645 ], [ 126.92972376823127, 37.496126934742186 ] ], [ [ 126.929578534232817, 37.495963657430536 ], [ 126.92956608028878, 37.495943782814841 ], [ 126.929587454091291, 37.4959779076584 ], [ 126.929578534232817, 37.495963657430536 ] ], [ [ 126.92956608028878, 37.495943782814841 ], [ 126.929481147922132, 37.495821933990186 ], [ 126.929451967811701, 37.495779911612189 ], [ 126.92956608028878, 37.495943782814841 ] ], [ [ 126.929436616430735, 37.495680368864384 ], [ 126.929436616430763, 37.495680368864413 ], [ 126.929431573780207, 37.495714480488665 ], [ 126.929436616430735, 37.495680368864384 ] ], [ [ 126.929437769712408, 37.495609929448527 ], [ 126.929437769712408, 37.495609929448541 ], [ 126.929432388959441, 37.495537305626669 ], [ 126.929437769712408, 37.495609929448527 ] ], [ [ 126.929440170581714, 37.49531206956987 ], [ 126.929486746237487, 37.495220637537336 ], [ 126.929418769776831, 37.495353358318845 ], [ 126.929440170581714, 37.49531206956987 ] ], [ [ 126.929566560019168, 37.495054686058268 ], [ 126.929609590653271, 37.494945159747608 ], [ 126.929566254645025, 37.495055372889645 ], [ 126.929566560019168, 37.495054686058268 ] ], [ [ 126.929649452152361, 37.494661468314312 ], [ 126.92966198555186, 37.494624172761135 ], [ 126.929629107417796, 37.494722057154988 ], [ 126.929649452152361, 37.494661468314312 ] ], [ [ 126.929738720314106, 37.494387267373874 ], [ 126.929738720314106, 37.494387267373881 ], [ 126.929715695656455, 37.494459738786432 ], [ 126.929738720314106, 37.494387267373874 ] ], [ [ 126.929801090887011, 37.494190887372227 ], [ 126.929801371611916, 37.494190004818485 ], [ 126.929762391448591, 37.494312742069837 ], [ 126.929801090887011, 37.494190887372227 ] ], [ [ 126.962363737997052, 37.495786770895549 ], [ 126.962387606141647, 37.496530526684168 ], [ 126.962416910319433, 37.495741459227325 ], [ 126.962363737997052, 37.495786770895549 ] ], [ [ 126.952305040551693, 37.501767777053928 ], [ 126.952305040551693, 37.501767777053942 ], [ 126.952299963366343, 37.501759831540667 ], [ 126.952305040551693, 37.501767777053928 ] ], [ [ 126.952389608444761, 37.501787823425147 ], [ 126.952392119462459, 37.501787229810375 ], [ 126.952356276913207, 37.501793161490262 ], [ 126.952389608444761, 37.501787823425147 ] ], [ [ 126.952450876083844, 37.501865019398217 ], [ 126.952507827856252, 37.501889802466266 ], [ 126.95243333460067, 37.501823354450053 ], [ 126.952450876083844, 37.501865019398217 ] ], [ [ 126.952658382815784, 37.501959277747687 ], [ 126.952792593887509, 37.502020871364451 ], [ 126.952657341119604, 37.501958805435343 ], [ 126.952658382815784, 37.501959277747687 ] ], [ [ 126.953018658946391, 37.501906708781874 ], [ 126.953018658946391, 37.50190670878186 ], [ 126.953018948505274, 37.501890319740326 ], [ 126.953018658946391, 37.501906708781874 ] ], [ [ 126.953019252200889, 37.501706354014111 ], [ 126.953019233061454, 37.501700975045779 ], [ 126.953019445611531, 37.501757026243425 ], [ 126.953019252200889, 37.501706354014111 ] ], [ [ 126.953019233061454, 37.501700975045779 ], [ 126.952930869598532, 37.501656735756789 ], [ 126.952866779029691, 37.501624633838162 ], [ 126.953019233061454, 37.501700975045779 ] ], [ [ 126.952765289732582, 37.501609247998196 ], [ 126.952676233032236, 37.501657414629555 ], [ 126.952777681404527, 37.501579240853758 ], [ 126.952765289732582, 37.501609247998196 ] ], [ [ 126.952610662242989, 37.501692886840694 ], [ 126.952535536325072, 37.501657347369843 ], [ 126.952610662243032, 37.501692886840672 ], [ 126.952610662242989, 37.501692886840694 ] ], [ [ 126.952253424960489, 37.501510619605696 ], [ 126.952253213236801, 37.501512172868836 ], [ 126.952348994105307, 37.50155126741771 ], [ 126.952253424960489, 37.501510619605696 ] ], [ [ 126.952276592900546, 37.501706767609107 ], [ 126.952276592900546, 37.501706767609136 ], [ 126.952231453796387, 37.501696225125343 ], [ 126.952276592900546, 37.501706767609107 ] ], [ [ 126.932472151015503, 37.515045767700904 ], [ 126.932493833759352, 37.514909107464781 ], [ 126.932461083603457, 37.515112696242255 ], [ 126.932472151015503, 37.515045767700904 ] ], [ [ 126.93250292117618, 37.514820455523328 ], [ 126.932502812251926, 37.514821561285096 ], [ 126.932518026689081, 37.514790244931909 ], [ 126.93250292117618, 37.514820455523328 ] ], [ [ 126.933012035435397, 37.514447577216806 ], [ 126.933012035435397, 37.514447577216814 ], [ 126.933007966849544, 37.514449624673745 ], [ 126.933012035435397, 37.514447577216806 ] ], [ [ 126.933136363043062, 37.514389334510675 ], [ 126.933237165084236, 37.514341804450424 ], [ 126.933157761358672, 37.514379321064652 ], [ 126.933136363043062, 37.514389334510675 ] ], [ [ 126.933483353711424, 37.514138192163131 ], [ 126.933480349021309, 37.514133544302702 ], [ 126.933480349021309, 37.514133544302695 ], [ 126.933483353711424, 37.514138192163131 ] ], [ [ 126.933872849374922, 37.513823169219087 ], [ 126.933834222801678, 37.513851773465177 ], [ 126.933884571051649, 37.513819350360016 ], [ 126.933872849374922, 37.513823169219087 ] ], [ [ 126.933972499671214, 37.513746974910781 ], [ 126.9339666357466, 37.513751376956336 ], [ 126.933989689127429, 37.51373375810968 ], [ 126.933972499671214, 37.513746974910781 ] ], [ [ 126.93413936898672, 37.513605469595312 ], [ 126.934192645391676, 37.513531942624567 ], [ 126.934167777908314, 37.513576500745828 ], [ 126.93413936898672, 37.513605469595312 ] ], [ [ 126.934325494124792, 37.513277243478676 ], [ 126.934286929371424, 37.513321757795218 ], [ 126.93432873238379, 37.513273506184895 ], [ 126.934325494124792, 37.513277243478676 ] ], [ [ 126.934537140133173, 37.512698356238793 ], [ 126.934537140133173, 37.512698356238801 ], [ 126.934482507981187, 37.512892618352062 ], [ 126.934537140133173, 37.512698356238793 ] ], [ [ 126.934660676835563, 37.512241467741717 ], [ 126.934659584874922, 37.512273704785564 ], [ 126.934661583098574, 37.512214528453157 ], [ 126.934660676835563, 37.512241467741717 ] ], [ [ 126.934666870821971, 37.512144812320109 ], [ 126.934681528161491, 37.511854537484446 ], [ 126.934661583098574, 37.512214528453157 ], [ 126.934666870821971, 37.512144812320109 ] ], [ [ 126.934652501142821, 37.51144044095134 ], [ 126.934659127265277, 37.511277697642896 ], [ 126.934659127265277, 37.511277697642903 ], [ 126.934652501142821, 37.51144044095134 ] ], [ [ 126.934642608960658, 37.510978881689731 ], [ 126.934646738536813, 37.511053585678027 ], [ 126.934634518629252, 37.5108938500317 ], [ 126.934642608960658, 37.510978881689731 ] ], [ [ 126.934698584067519, 37.510789307574747 ], [ 126.93469724024088, 37.510794539804735 ], [ 126.934718071789291, 37.510713445644512 ], [ 126.934698584067519, 37.510789307574747 ] ], [ [ 126.934672865447283, 37.510698896002232 ], [ 126.934672865447268, 37.510698896002232 ], [ 126.934711105417904, 37.510648993393716 ], [ 126.934672865447283, 37.510698896002232 ] ], [ [ 126.934738111664416, 37.510665244628463 ], [ 126.934814391175962, 37.510536273970843 ], [ 126.934711105417904, 37.510648993393716 ], [ 126.934738111664416, 37.510665244628463 ] ], [ [ 126.934805260517535, 37.510527069635778 ], [ 126.934811363908125, 37.510533222275541 ], [ 126.93482324545694, 37.510505956256608 ], [ 126.934805260517535, 37.510527069635778 ] ], [ [ 126.9348440155931, 37.510393770993055 ], [ 126.934835275519333, 37.510462566188949 ], [ 126.934844088987703, 37.510336683865077 ], [ 126.9348440155931, 37.510393770993055 ] ], [ [ 126.934863733031278, 37.509817576498342 ], [ 126.934863306034316, 37.509837392318914 ], [ 126.934862165116897, 37.509800105280334 ], [ 126.934863733031278, 37.509817576498342 ] ], [ [ 126.934873844184068, 37.509677963694436 ], [ 126.934868946950772, 37.509724452381462 ], [ 126.934877253300044, 37.509640858051881 ], [ 126.934873844184068, 37.509677963694436 ] ], [ [ 126.934882234817593, 37.509578002798882 ], [ 126.934881867473834, 37.509584093332144 ], [ 126.934882501537075, 37.509566356059963 ], [ 126.934882234817593, 37.509578002798882 ] ], [ [ 126.934871936756451, 37.509151825339693 ], [ 126.934892861766613, 37.509188823076975 ], [ 126.934838059990497, 37.50907842000224 ], [ 126.934871936756451, 37.509151825339693 ] ], [ [ 126.934790313070366, 37.507891148925573 ], [ 126.934749201868883, 37.507971738524823 ], [ 126.93486134826982, 37.507576813016698 ], [ 126.934790313070366, 37.507891148925573 ] ], [ [ 126.934882152020705, 37.507482517352457 ], [ 126.934883077648323, 37.507480462571515 ], [ 126.93486134826982, 37.507576813016698 ], [ 126.934882152020705, 37.507482517352457 ] ], [ [ 126.934912941227381, 37.507427772091226 ], [ 126.934898923088127, 37.507446198594586 ], [ 126.934918412570212, 37.507420025858835 ], [ 126.934912941227381, 37.507427772091226 ] ], [ [ 126.935017177262679, 37.507258425272191 ], [ 126.935005755300025, 37.507276299134986 ], [ 126.935040563793294, 37.507222948144197 ], [ 126.935017177262679, 37.507258425272191 ] ], [ [ 126.948832816915655, 37.515949896068769 ], [ 126.949026401539669, 37.516122613119649 ], [ 126.94908658703639, 37.516176751198486 ], [ 126.948931400121481, 37.516038868320685 ], [ 126.948832816915655, 37.515949896068769 ] ], [ [ 126.948835182390056, 37.515947878892312 ], [ 126.94883518239007, 37.515947878892327 ], [ 126.948832816915655, 37.515949896068769 ], [ 126.948835182390056, 37.515947878892312 ] ], [ [ 126.948747426189115, 37.515872282179814 ], [ 126.948787376182608, 37.51590641173636 ], [ 126.948808961366737, 37.515925134748379 ], [ 126.948747426189115, 37.515872282179814 ] ], [ [ 126.948742791351322, 37.515868333745793 ], [ 126.948722659612102, 37.515848998381074 ], [ 126.948716476410866, 37.515843238251577 ], [ 126.948722659612102, 37.515848998381045 ], [ 126.94874279135135, 37.5158683337458 ], [ 126.948747426189115, 37.515872282179814 ], [ 126.948742791351322, 37.515868333745793 ] ], [ [ 126.948706256159213, 37.515835962643337 ], [ 126.948696544496869, 37.515829281919068 ], [ 126.948716476410866, 37.515843238251577 ], [ 126.948706256159213, 37.515835962643337 ] ], [ [ 126.94867921126891, 37.515819453308275 ], [ 126.948658712248886, 37.51580770415638 ], [ 126.948696544496869, 37.515829281919068 ], [ 126.94867921126891, 37.515819453308275 ] ], [ [ 126.948658712248886, 37.51580770415638 ], [ 126.948608827175434, 37.515779120242954 ], [ 126.948523852900593, 37.515703064323581 ], [ 126.948658712248886, 37.51580770415638 ] ], [ [ 126.948400550118123, 37.515352450094518 ], [ 126.948604957201994, 37.514547564664255 ], [ 126.948529811748244, 37.514844129981284 ], [ 126.948400550118123, 37.515352450094518 ] ], [ [ 126.948605492120706, 37.514382664538353 ], [ 126.948605492120706, 37.514382664538338 ], [ 126.948612432561376, 37.514378408937027 ], [ 126.948605492120706, 37.514382664538353 ] ], [ [ 126.948616525155671, 37.514375902996576 ], [ 126.948616525155671, 37.514375902996569 ], [ 126.948654016569819, 37.514350457621155 ], [ 126.948616525155671, 37.514375902996576 ] ], [ [ 126.948654016569819, 37.514350457621155 ], [ 126.948756701789193, 37.514280991653912 ], [ 126.948886818623436, 37.514191715899486 ], [ 126.948756701789222, 37.514280991653919 ], [ 126.948654016569819, 37.514350457621155 ] ], [ [ 126.949060995326022, 37.51407269515375 ], [ 126.949006297461665, 37.514110075721973 ], [ 126.948982404749998, 37.514126373133493 ], [ 126.94904994487969, 37.514080218073261 ], [ 126.949060995326022, 37.51407269515375 ] ], [ [ 126.949115273477076, 37.514036972210434 ], [ 126.949115273477076, 37.514036972210427 ], [ 126.949121621716685, 37.51403299937887 ], [ 126.949115273477076, 37.514036972210434 ] ], [ [ 126.949194313745522, 37.513989659881197 ], [ 126.949194313745522, 37.51398965988119 ], [ 126.949224854429858, 37.513971946294831 ], [ 126.949194313745522, 37.513989659881197 ] ], [ [ 126.949623252671429, 37.513738876516229 ], [ 126.949623252671429, 37.513738876516221 ], [ 126.949633911650011, 37.51373299318545 ], [ 126.949623252671429, 37.513738876516229 ] ], [ [ 126.949660660172114, 37.513719323298893 ], [ 126.949660660172086, 37.513719323298893 ], [ 126.949714909644626, 37.513683373306456 ], [ 126.949660660172114, 37.513719323298893 ] ], [ [ 126.950088684529845, 37.513428686750721 ], [ 126.950088684529874, 37.513428686750714 ], [ 126.949952276502742, 37.513523169560344 ], [ 126.950088684529845, 37.513428686750721 ] ], [ [ 126.949674060235026, 37.512922920262319 ], [ 126.949674060235026, 37.512922920262326 ], [ 126.949668459156641, 37.512916326111863 ], [ 126.949674060235026, 37.512922920262319 ] ], [ [ 126.94970515384324, 37.512759042608721 ], [ 126.949705153843226, 37.512759042608707 ], [ 126.949714215898751, 37.512710145825125 ], [ 126.94970515384324, 37.512759042608721 ] ], [ [ 126.949679018836534, 37.512671138914889 ], [ 126.949679018836534, 37.512671138914918 ], [ 126.949639215930873, 37.512642116553756 ], [ 126.949679018836534, 37.512671138914889 ] ], [ [ 126.949544873905992, 37.512571925283616 ], [ 126.949628032947842, 37.512633968435438 ], [ 126.949629056248753, 37.512634709616087 ], [ 126.949628032947814, 37.512633968435452 ], [ 126.949544873905992, 37.512571925283616 ] ], [ [ 126.949525403998123, 37.512561501193822 ], [ 126.949401540697764, 37.512495169293622 ], [ 126.949544873905992, 37.512571925283616 ], [ 126.949525403998123, 37.512561501193822 ] ], [ [ 126.949381177619003, 37.512484258247639 ], [ 126.949378407431908, 37.512482896519913 ], [ 126.949401540697764, 37.512495169293622 ], [ 126.949381177619003, 37.512484258247639 ] ], [ [ 126.949263156428685, 37.512426244979736 ], [ 126.949263156428671, 37.51242624497975 ], [ 126.949192577324567, 37.512393931024647 ], [ 126.949263156428685, 37.512426244979736 ] ], [ [ 126.949022562246768, 37.512317982658061 ], [ 126.949170528431878, 37.512383839102483 ], [ 126.94915571610386, 37.512377057042158 ], [ 126.949142464162094, 37.512370987459235 ], [ 126.949022562246768, 37.512317982658061 ] ], [ [ 126.948981324983023, 37.512299493891994 ], [ 126.948981324983023, 37.512299493892009 ], [ 126.948980787891131, 37.512299254889001 ], [ 126.948981324983023, 37.512299493891994 ] ], [ [ 126.948912887799366, 37.51222931182766 ], [ 126.948804285160634, 37.512112692452241 ], [ 126.948969287350735, 37.512287671964806 ], [ 126.948912887799366, 37.51222931182766 ] ], [ [ 126.948804285160634, 37.512112692452241 ], [ 126.948828681672524, 37.512097539560358 ], [ 126.948865276418701, 37.512074814717948 ], [ 126.948804285160634, 37.512112692452241 ] ], [ [ 126.94891079360896, 37.512054463459492 ], [ 126.948910793609002, 37.512054463459499 ], [ 126.94887780312348, 37.512068755149485 ], [ 126.94891079360896, 37.512054463459492 ] ], [ [ 126.948930296451096, 37.511856406014154 ], [ 126.948930296451067, 37.511856406014168 ], [ 126.948925451409764, 37.5118378760734 ], [ 126.948930296451096, 37.511856406014154 ] ], [ [ 126.948894357046981, 37.511735269005094 ], [ 126.948894357046981, 37.511735269005101 ], [ 126.948890881391961, 37.511723842816735 ], [ 126.948894357046981, 37.511735269005094 ] ], [ [ 126.948808258683229, 37.511485651710558 ], [ 126.948831720982213, 37.51155504171431 ], [ 126.948844644766268, 37.511593276774775 ], [ 126.948818989073473, 37.511517401395729 ], [ 126.948808258683229, 37.511485651710558 ] ], [ [ 126.948767417134405, 37.511414673742863 ], [ 126.948767417134405, 37.51141467374287 ], [ 126.948757321504374, 37.511407956807432 ], [ 126.948767417134405, 37.511414673742863 ] ], [ [ 126.948711843032214, 37.511341731234502 ], [ 126.948711843032186, 37.511341731234502 ], [ 126.948622567939097, 37.511182413058741 ], [ 126.948711843032214, 37.511341731234502 ] ], [ [ 126.948424105446122, 37.51090552875398 ], [ 126.948424105446122, 37.510905528754002 ], [ 126.948395249641806, 37.51086543042473 ], [ 126.948424105446122, 37.51090552875398 ] ], [ [ 126.948382207330212, 37.510847305510993 ], [ 126.948382207330212, 37.510847305511007 ], [ 126.948362915558008, 37.510809833377436 ], [ 126.948382207330212, 37.510847305510993 ] ], [ [ 126.9483106259582, 37.51068398560713 ], [ 126.9483106259582, 37.510683985607109 ], [ 126.948335830494145, 37.510741012046886 ], [ 126.9483106259582, 37.51068398560713 ] ], [ [ 126.948343961603868, 37.510407754929076 ], [ 126.948312008178277, 37.510648813558838 ], [ 126.948430173706669, 37.510012329902608 ], [ 126.948343961603868, 37.510407754929076 ] ], [ [ 126.948460384630437, 37.509873786302357 ], [ 126.948460384630394, 37.509873786302357 ], [ 126.948469302523108, 37.509869108892644 ], [ 126.948460384630437, 37.509873786302357 ] ], [ [ 126.948534348801402, 37.509721641082017 ], [ 126.948767224159923, 37.509567224285277 ], [ 126.948736363649545, 37.509591780693853 ], [ 126.948701927053193, 37.509619182646546 ], [ 126.948534348801402, 37.509721641082017 ] ], [ [ 126.948752594638918, 37.509462251579627 ], [ 126.948752594638933, 37.50946225157962 ], [ 126.948755250449778, 37.509481317866417 ], [ 126.948752594638918, 37.509462251579627 ] ], [ [ 126.948788126575849, 37.509437219722976 ], [ 126.948788126575849, 37.509437219722955 ], [ 126.948820037383186, 37.509414754077852 ], [ 126.948788126575849, 37.509437219722976 ] ], [ [ 126.948840675119385, 37.509226653087978 ], [ 126.948840675119357, 37.509226653087985 ], [ 126.948836163730036, 37.50916027460989 ], [ 126.948840675119385, 37.509226653087978 ] ], [ [ 126.948847155654349, 37.509130411452645 ], [ 126.948863481064677, 37.509086076989213 ], [ 126.948836163730036, 37.50916027460989 ], [ 126.948847155654349, 37.509130411452645 ] ], [ [ 126.948873853511842, 37.509057902084386 ], [ 126.948873853511813, 37.509057902084393 ], [ 126.948945103128608, 37.5088643882887 ], [ 126.948873853511842, 37.509057902084386 ] ], [ [ 126.948974853886497, 37.508783602389144 ], [ 126.948974853886497, 37.50878360238913 ], [ 126.948988372688532, 37.50874686573124 ], [ 126.948974853886497, 37.508783602389144 ] ], [ [ 126.949021594644179, 37.508595882358861 ], [ 126.949022005284746, 37.508655528564141 ], [ 126.949135770404311, 37.508547837803455 ], [ 126.949021594644179, 37.508595882358861 ] ], [ [ 126.949270151869328, 37.508491296660516 ], [ 126.94936751596363, 37.508449659531827 ], [ 126.949135770404311, 37.508547837803455 ], [ 126.949270151869328, 37.508491296660516 ] ] ] ] } },
{ "type": "Feature", "properties": { "sigungu_cd": "11200", "sigungu_nm": "성동구" }, "geometry": { "type": "MultiPolygon", "coordinates": [ [ [ [ 127.00862484488735, 37.545875711517873 ], [ 127.016201758897481, 37.552644843972239 ], [ 127.018072507660591, 37.556888107840074 ], [ 127.022915912625649, 37.557862096114029 ], [ 127.023389283524338, 37.560729612468364 ], [ 127.026526029102882, 37.563391232686591 ], [ 127.026778016186114, 37.565039589264117 ], [ 127.023587072193749, 37.56516245090841 ], [ 127.023391249720291, 37.57190714995582 ], [ 127.030996504107549, 37.56978412016165 ], [ 127.038177314440887, 37.573021295016403 ], [ 127.041902688850087, 37.572969687268774 ], [ 127.047950650096595, 37.570384241841587 ], [ 127.058760847811143, 37.562314315380149 ], [ 127.073734499982422, 37.55941486820133 ], [ 127.0562218222654, 37.52832707571666 ], [ 127.040388158468815, 37.535823156184669 ], [ 127.021178698299522, 37.535818437874944 ], [ 127.017191622342565, 37.533798691763124 ], [ 127.017262766339897, 37.53768183712036 ], [ 127.00934370816789, 37.539966247681519 ], [ 127.00862484488735, 37.545875711517873 ] ], [ [ 127.01345775499037, 37.549715347165844 ], [ 127.013489683349334, 37.549739993761619 ], [ 127.013415552108498, 37.549760671278356 ], [ 127.01345775499037, 37.549715347165844 ] ], [ [ 127.019733429290554, 37.556675986489999 ], [ 127.019726345043892, 37.556770924902409 ], [ 127.019708834990496, 37.556762827700858 ], [ 127.019733429290554, 37.556675986489999 ] ], [ [ 127.019828590343849, 37.556785288892513 ], [ 127.019725690754157, 37.556779646586747 ], [ 127.019726345043892, 37.556770924902409 ], [ 127.019828590343849, 37.556785288892513 ] ], [ [ 127.026794563656708, 37.565062064491684 ], [ 127.026794523798387, 37.565062068383725 ], [ 127.026791940163164, 37.565050174056708 ], [ 127.026794563656708, 37.565062064491684 ] ], [ [ 127.027225271827376, 37.565020360815453 ], [ 127.027235206523159, 37.565063676090546 ], [ 127.027232140682202, 37.565064370228377 ], [ 127.027225271827376, 37.565020360815453 ] ], [ [ 127.027279428254687, 37.565292553625589 ], [ 127.027267806631457, 37.565292969451527 ], [ 127.027267781366689, 37.565292808443004 ], [ 127.027279428254687, 37.565292553625589 ] ], [ [ 127.027267738225262, 37.56529900725468 ], [ 127.027259939386028, 37.565298333213725 ], [ 127.027267705538804, 37.56529881683889 ], [ 127.027267738225262, 37.56529900725468 ] ], [ [ 127.026799232918108, 37.56537160213955 ], [ 127.026810168733306, 37.565370779807736 ], [ 127.027015447491465, 37.565358259468496 ], [ 127.026799232918108, 37.56537160213955 ] ], [ [ 127.026067976531991, 37.565397026365936 ], [ 127.026068482651979, 37.565396974927104 ], [ 127.026151495744401, 37.565400300715744 ], [ 127.026067976531991, 37.565397026365936 ] ], [ [ 127.02557957184942, 37.565475227331241 ], [ 127.025437905596434, 37.565527565064912 ], [ 127.025618240130569, 37.565466783913138 ], [ 127.02557957184942, 37.565475227331241 ] ], [ [ 127.025028019167465, 37.565638595860101 ], [ 127.025028818262768, 37.565638273073461 ], [ 127.025050772138798, 37.56563377123743 ], [ 127.025028019167465, 37.565638595860101 ] ], [ [ 127.025852474257164, 37.567389508098117 ], [ 127.025852138860216, 37.567388988242143 ], [ 127.025852112611105, 37.567388937376542 ], [ 127.025852474257164, 37.567389508098117 ] ], [ [ 127.025905523831781, 37.567471724000242 ], [ 127.025905522387404, 37.567471731230931 ], [ 127.025904874095289, 37.567470726396117 ], [ 127.025905523831781, 37.567471724000242 ] ], [ [ 127.025861731424072, 37.567579284018471 ], [ 127.025861618532318, 37.567580203049872 ], [ 127.025861539489355, 37.56758078870859 ], [ 127.025861731424072, 37.567579284018471 ] ], [ [ 127.02584553225168, 37.56802694340476 ], [ 127.025841726160181, 37.568052964730605 ], [ 127.02584553195635, 37.568026927365175 ], [ 127.02584553225168, 37.56802694340476 ] ], [ [ 127.025870443944768, 37.568577910600567 ], [ 127.025863663490725, 37.568507625908779 ], [ 127.025863660557775, 37.568507562299871 ], [ 127.025870443944768, 37.568577910600567 ] ], [ [ 127.025875237230252, 37.568663566559572 ], [ 127.025887731483522, 37.568900064366353 ], [ 127.025870443944768, 37.568577910600567 ], [ 127.025875237230252, 37.568663566559572 ] ], [ [ 127.025965377408014, 37.569094643732491 ], [ 127.026028303988866, 37.569240608779921 ], [ 127.025915715799698, 37.568978859010315 ], [ 127.025965377408014, 37.569094643732491 ] ], [ [ 127.026396645051435, 37.570155782409941 ], [ 127.026433542489713, 37.570245639167666 ], [ 127.026314999739895, 37.569956978569294 ], [ 127.026396645051435, 37.570155782409941 ] ], [ [ 127.026649980719299, 37.570173541288611 ], [ 127.02665429255336, 37.570170909485867 ], [ 127.026618892513952, 37.570192558747799 ], [ 127.026649980719299, 37.570173541288611 ] ], [ [ 127.034744613373988, 37.566248421729469 ], [ 127.034744520129934, 37.566242358102791 ], [ 127.035266308502088, 37.566188956382334 ], [ 127.034744613373988, 37.566248421729469 ] ], [ [ 127.036342585127869, 37.564876728586007 ], [ 127.036318367902098, 37.56472461355299 ], [ 127.03645249160482, 37.565727806717156 ], [ 127.036342585127869, 37.564876728586007 ] ], [ [ 127.033175558685315, 37.561812653862845 ], [ 127.033222743109562, 37.561791509721374 ], [ 127.03322288254077, 37.561791693165574 ], [ 127.033175558685315, 37.561812653862845 ] ], [ [ 127.033094859365633, 37.561650524437837 ], [ 127.033110769957375, 37.561643960980042 ], [ 127.033110770647468, 37.561643962795607 ], [ 127.033094859365633, 37.561650524437837 ] ], [ [ 127.032956538035421, 37.561646155510552 ], [ 127.032956322990032, 37.561646155567814 ], [ 127.033050741094641, 37.561596810238591 ], [ 127.032956538035421, 37.561646155510552 ] ], [ [ 127.032435148523177, 37.561055919943094 ], [ 127.032435578338806, 37.561055262108304 ], [ 127.032436824162687, 37.561057279998224 ], [ 127.032435148523177, 37.561055919943094 ] ], [ [ 127.032066109246514, 37.560996586738185 ], [ 127.032117187474682, 37.560995906780313 ], [ 127.032158706265605, 37.560995359986698 ], [ 127.032066109246514, 37.560996586738185 ] ], [ [ 127.031550156420749, 37.56055685607442 ], [ 127.031549488777216, 37.560557153570713 ], [ 127.031568782540617, 37.560548553222858 ], [ 127.031550156420749, 37.56055685607442 ] ], [ [ 127.030564034485863, 37.560221087764425 ], [ 127.030522237620801, 37.560192870038286 ], [ 127.030605831382445, 37.560249305475637 ], [ 127.030564034485863, 37.560221087764425 ] ], [ [ 127.029907124825428, 37.560121994529752 ], [ 127.029900535379923, 37.560115671167587 ], [ 127.029920903793439, 37.560135226751775 ], [ 127.029907124825428, 37.560121994529752 ] ], [ [ 127.029545973927156, 37.560195493432197 ], [ 127.029569670686627, 37.560217544027452 ], [ 127.029549848014454, 37.560204421318311 ], [ 127.029545973927156, 37.560195493432197 ] ], [ [ 127.028990052834729, 37.560118949876752 ], [ 127.028989079434893, 37.560118796935008 ], [ 127.029049412880696, 37.56011188130325 ], [ 127.028990052834729, 37.560118949876752 ] ], [ [ 127.028616893561093, 37.560288602328221 ], [ 127.028502169644213, 37.560306351064739 ], [ 127.028683687251331, 37.560278264393943 ], [ 127.028616893561093, 37.560288602328221 ] ], [ [ 127.028259171542757, 37.560303243874039 ], [ 127.028230265247004, 37.560297158008453 ], [ 127.028290864266467, 37.560309913024248 ], [ 127.028259171542757, 37.560303243874039 ] ], [ [ 127.027277656434634, 37.559916135703212 ], [ 127.027263746734732, 37.559916201806182 ], [ 127.027228532954325, 37.559905334535323 ], [ 127.027277656434634, 37.559916135703212 ] ], [ [ 127.024753800947735, 37.55760442239923 ], [ 127.024737757384713, 37.557619733373421 ], [ 127.024736399661975, 37.557620977006422 ], [ 127.024753800947735, 37.55760442239923 ] ], [ [ 127.024924082909905, 37.556439480802311 ], [ 127.024924320313062, 37.556438642834507 ], [ 127.024921358514746, 37.556449383223182 ], [ 127.024924082909905, 37.556439480802311 ] ], [ [ 127.024805817461711, 37.556189110029919 ], [ 127.024795872612017, 37.556381022880906 ], [ 127.024793349883893, 37.556420784070227 ], [ 127.024805817461711, 37.556189110029919 ] ], [ [ 127.024806117395244, 37.555880043325523 ], [ 127.024805947472998, 37.555879520784721 ], [ 127.024807074671941, 37.55588294463147 ], [ 127.024806117395244, 37.555880043325523 ] ], [ [ 127.029442986740932, 37.553024015554143 ], [ 127.029455669989005, 37.553046375140447 ], [ 127.029475714068028, 37.553081716257012 ], [ 127.029442986740932, 37.553024015554143 ] ], [ [ 127.029080648915297, 37.549198565474491 ], [ 127.029097253200064, 37.549207454380614 ], [ 127.029077794407115, 37.54922169458419 ], [ 127.029080648915297, 37.549198565474491 ] ], [ [ 127.031343898523701, 37.544571937586724 ], [ 127.031343965365622, 37.544569297663656 ], [ 127.031343766386811, 37.544581100707582 ], [ 127.031343898523701, 37.544571937586724 ] ], [ [ 127.031369671873094, 37.543966960042248 ], [ 127.031372438390065, 37.543931033159744 ], [ 127.031356591001369, 37.544136953502111 ], [ 127.031369671873094, 37.543966960042248 ] ], [ [ 127.031378475009973, 37.543852648963281 ], [ 127.031396857845678, 37.543613692221719 ], [ 127.031402561030845, 37.543539665485227 ], [ 127.031378475009973, 37.543852648963281 ] ], [ [ 127.031408024876015, 37.543468656706608 ], [ 127.031411154422912, 37.543427999479754 ], [ 127.031402600340485, 37.543539154679884 ], [ 127.031408024876015, 37.543468656706608 ] ], [ [ 127.031423379801225, 37.543269141446302 ], [ 127.03146389300673, 37.542742677170096 ], [ 127.031470296757661, 37.54265957682037 ], [ 127.031423379801225, 37.543269141446302 ] ], [ [ 127.03328829790361, 37.541279448501172 ], [ 127.033209756525878, 37.541378686885352 ], [ 127.033151831417939, 37.541451872005922 ], [ 127.03328829790361, 37.541279448501172 ] ], [ [ 127.019995274115558, 37.555870253428004 ], [ 127.019995195101245, 37.555871091361233 ], [ 127.019995420817878, 37.555868541523743 ], [ 127.019995274115558, 37.555870253428004 ] ], [ [ 127.021240233116259, 37.553674662974302 ], [ 127.021028573493425, 37.553811684729951 ], [ 127.021244351792191, 37.55367199535447 ], [ 127.021240233116259, 37.553674662974302 ] ], [ [ 127.023088424266106, 37.553180092458753 ], [ 127.023085753675048, 37.553180777699403 ], [ 127.023155641156009, 37.55316106925995 ], [ 127.023088424266106, 37.553180092458753 ] ], [ [ 127.023329961936312, 37.553106067753511 ], [ 127.023326284343867, 37.553107428928541 ], [ 127.023155641156009, 37.55316106925995 ], [ 127.023329961936312, 37.553106067753511 ] ], [ [ 127.023423531501109, 37.553072605662052 ], [ 127.023421788882956, 37.553073227668797 ], [ 127.023448765192356, 37.553062500873757 ], [ 127.023423531501109, 37.553072605662052 ] ], [ [ 127.025901294226657, 37.550463508424571 ], [ 127.025901079339562, 37.550463895895092 ], [ 127.025908170113325, 37.550449577683906 ], [ 127.025901294226657, 37.550463508424571 ] ], [ [ 127.013493228396328, 37.549764609767827 ], [ 127.013519275936389, 37.549762837294921 ], [ 127.013519946178405, 37.549763354677722 ], [ 127.013493228396328, 37.549764609767827 ] ], [ [ 127.014916841115351, 37.549260280192549 ], [ 127.014155154036558, 37.550212351370192 ], [ 127.014916998343807, 37.549253576800304 ], [ 127.014916841115351, 37.549260280192549 ] ], [ [ 127.014942171777804, 37.548908233019411 ], [ 127.014969945623321, 37.548866162577745 ], [ 127.014942284920949, 37.548908124887632 ], [ 127.014942171777804, 37.548908233019411 ] ], [ [ 127.015060970852531, 37.548663735476843 ], [ 127.0150612534689, 37.548681998962707 ], [ 127.015083014759568, 37.548663264431234 ], [ 127.015060970852531, 37.548663735476843 ] ], [ [ 127.015327988055802, 37.548294208017943 ], [ 127.015327524104805, 37.548294271141593 ], [ 127.015338441601031, 37.548280187369805 ], [ 127.015327988055802, 37.548294208017943 ] ], [ [ 127.015261961766456, 37.548066814513966 ], [ 127.015330589633763, 37.5481040444798 ], [ 127.015337413963891, 37.548107845864898 ], [ 127.015261961766456, 37.548066814513966 ] ], [ [ 127.015133562112965, 37.547966828355356 ], [ 127.015133777119075, 37.54796682833058 ], [ 127.015228495502527, 37.548042383518293 ], [ 127.015133562112965, 37.547966828355356 ] ], [ [ 127.014878737337625, 37.547728689394312 ], [ 127.015090735458827, 37.547931063927443 ], [ 127.015090565753155, 37.547931262165051 ], [ 127.015086650370378, 37.547931208555518 ], [ 127.014878737337625, 37.547728689394312 ] ], [ [ 127.01486606826046, 37.547620420303346 ], [ 127.01486598750428, 37.547620743053074 ], [ 127.014860729199356, 37.547641295261954 ], [ 127.01486606826046, 37.547620420303346 ] ], [ [ 127.014870510780042, 37.547603092119424 ], [ 127.014914292726701, 37.547603762904401 ], [ 127.014870376392579, 37.547603615068581 ], [ 127.014870510780042, 37.547603092119424 ] ], [ [ 127.015026180948666, 37.547262733898606 ], [ 127.015027403091935, 37.547262814848047 ], [ 127.015000074611621, 37.547261006978346 ], [ 127.015026180948666, 37.547262733898606 ] ], [ [ 127.015643481205217, 37.545947610383379 ], [ 127.015619497904908, 37.54590819874619 ], [ 127.015566574801966, 37.546166560535106 ], [ 127.015643481205217, 37.545947610383379 ] ], [ [ 127.016472854448438, 37.545569992733128 ], [ 127.016431608082257, 37.545567700420364 ], [ 127.016390361718621, 37.545565408093168 ], [ 127.016472854448438, 37.545569992733128 ] ], [ [ 127.01661329122021, 37.545667336032707 ], [ 127.016455892868322, 37.545630361326928 ], [ 127.01662685436456, 37.545670524236385 ], [ 127.01661329122021, 37.545667336032707 ] ], [ [ 127.016677870585909, 37.545682503311561 ], [ 127.016674093716404, 37.54568161797372 ], [ 127.016630616481564, 37.545671424319274 ], [ 127.016677870585909, 37.545682503311561 ] ], [ [ 127.016830338004922, 37.545718250161116 ], [ 127.016828486774912, 37.545740360320409 ], [ 127.016828452790776, 37.545740351732604 ], [ 127.016830338004922, 37.545718250161116 ] ], [ [ 127.017255736296448, 37.545685596354389 ], [ 127.017474304074895, 37.545596891416963 ], [ 127.017360693022539, 37.545646208981481 ], [ 127.017255736296448, 37.545685596354389 ] ], [ [ 127.017714997702427, 37.545455103109035 ], [ 127.017679695909735, 37.545490104973013 ], [ 127.017650174254101, 37.545513123235118 ], [ 127.017714997702427, 37.545455103109035 ] ], [ [ 127.017853983022079, 37.545188636170096 ], [ 127.017869865312193, 37.545217817096564 ], [ 127.017765996426903, 37.545260268147288 ], [ 127.017853983022079, 37.545188636170096 ] ], [ [ 127.019699498258092, 37.545173915123726 ], [ 127.019703620266668, 37.545175346485898 ], [ 127.019778208311195, 37.545201292550004 ], [ 127.019699498258092, 37.545173915123726 ] ], [ [ 127.0197839685666, 37.545203616218011 ], [ 127.019903767193782, 37.545252098083282 ], [ 127.019778208311195, 37.545201292550004 ], [ 127.0197839685666, 37.545203616218011 ] ], [ [ 127.019982837417629, 37.545284092672645 ], [ 127.020199827532807, 37.545323094753343 ], [ 127.020013032443984, 37.545296310640694 ], [ 127.019982837417629, 37.545284092672645 ] ], [ [ 127.021161457264782, 37.542166376211114 ], [ 127.021096507549885, 37.542078828567369 ], [ 127.021177925654271, 37.542188574133952 ], [ 127.021161457264782, 37.542166376211114 ] ], [ [ 127.031013631235624, 37.542405273063629 ], [ 127.030100870273785, 37.5423828072663 ], [ 127.029165292751145, 37.542359766383662 ], [ 127.031013631235624, 37.542405273063629 ] ], [ [ 127.031449290118587, 37.542415999123563 ], [ 127.031119446693467, 37.542407883233651 ], [ 127.031042292607609, 37.542405978715699 ], [ 127.031449290118587, 37.542415999123563 ] ], [ [ 127.017590783233771, 37.550632327118329 ], [ 127.017590771919203, 37.550632336129773 ], [ 127.017645272418363, 37.550580557757669 ], [ 127.017590783233771, 37.550632327118329 ] ], [ [ 127.017716188861655, 37.550509270654331 ], [ 127.017725817221972, 37.550500133284551 ], [ 127.017670219352098, 37.550552911944656 ], [ 127.017716188861655, 37.550509270654331 ] ], [ [ 127.01779761691148, 37.550432125617405 ], [ 127.017817982385566, 37.550412841600533 ], [ 127.017725817221972, 37.550500133284551 ], [ 127.01779761691148, 37.550432125617405 ] ], [ [ 127.017857830799997, 37.550375111599863 ], [ 127.017858081193637, 37.550374909337613 ], [ 127.017817982385566, 37.550412841600533 ], [ 127.017857830799997, 37.550375111599863 ] ], [ [ 127.020593539034934, 37.551777661327584 ], [ 127.020828018064634, 37.551766973505813 ], [ 127.020592645030362, 37.551777715531465 ], [ 127.020593539034934, 37.551777661327584 ] ], [ [ 127.02294001122759, 37.557794892271104 ], [ 127.022945806345547, 37.557717613318403 ], [ 127.022941296535649, 37.557777782240343 ], [ 127.02294001122759, 37.557794892271104 ] ], [ [ 127.036147271808815, 37.564733546837168 ], [ 127.036150424066705, 37.564733289140804 ], [ 127.036149965546528, 37.564733329809798 ], [ 127.036147271808815, 37.564733546837168 ] ], [ [ 127.030100242000017, 37.564116357282238 ], [ 127.030100287777302, 37.564120610026634 ], [ 127.030100201620456, 37.564121364360254 ], [ 127.030100242000017, 37.564116357282238 ] ], [ [ 127.030097550771757, 37.564450070494125 ], [ 127.030097137785049, 37.564553880480631 ], [ 127.030097063763577, 37.564510459672924 ], [ 127.030097550771757, 37.564450070494125 ] ], [ [ 127.030095846727846, 37.564878405770585 ], [ 127.030094162292087, 37.565301812266156 ], [ 127.030094261461059, 37.564878406154286 ], [ 127.030095846727846, 37.564878405770585 ] ], [ [ 127.030244445935836, 37.569262831672539 ], [ 127.030258445123266, 37.569432241053704 ], [ 127.030250791643226, 37.569339684411958 ], [ 127.030244445935836, 37.569262831672539 ] ], [ [ 127.033203440526648, 37.568292305065093 ], [ 127.033109163533169, 37.56823990182243 ], [ 127.033104498936609, 37.568237308224269 ], [ 127.033203440526648, 37.568292305065093 ] ], [ [ 127.03293631021468, 37.568190411611603 ], [ 127.03294268300175, 37.568190635162686 ], [ 127.032839914782471, 37.568187130596279 ], [ 127.03293631021468, 37.568190411611603 ] ], [ [ 127.030303157186239, 37.56766808945828 ], [ 127.030303156905759, 37.567668086257484 ], [ 127.030703715832018, 37.567781332254143 ], [ 127.030303157186239, 37.56766808945828 ] ], [ [ 127.030220665807136, 37.567644950939545 ], [ 127.030212141590951, 37.567642493313315 ], [ 127.03022066538702, 37.567644949370184 ], [ 127.030220665807136, 37.567644950939545 ] ], [ [ 127.030017116753456, 37.567620781679992 ], [ 127.030014174553642, 37.567622782584252 ], [ 127.030013874704807, 37.567578490069522 ], [ 127.030017116753456, 37.567620781679992 ] ], [ [ 127.029993203929848, 37.567334975920481 ], [ 127.030004367557595, 37.567461895460241 ], [ 127.030013874704807, 37.567578490069522 ], [ 127.029993203929848, 37.567334975920481 ] ], [ [ 127.029981591093048, 37.56721729161633 ], [ 127.029988382565449, 37.567294541401665 ], [ 127.029979598660901, 37.567186793639046 ], [ 127.029981591093048, 37.56721729161633 ] ], [ [ 127.029964902728338, 37.567027844803349 ], [ 127.029969982110927, 37.567079884671159 ], [ 127.029974369872363, 37.56712885233447 ], [ 127.029964902728338, 37.567027844803349 ] ], [ [ 127.029964902728338, 37.567027844803349 ], [ 127.029838203169078, 37.56695206609389 ], [ 127.029826315677113, 37.566945302521383 ], [ 127.029964902728338, 37.567027844803349 ] ], [ [ 127.029660839638566, 37.566965199864846 ], [ 127.029533506613603, 37.566980051406624 ], [ 127.029826315677113, 37.566945302521383 ], [ 127.029660839638566, 37.566965199864846 ] ], [ [ 127.029550366329886, 37.566965172085808 ], [ 127.029550377648874, 37.566965172083123 ], [ 127.029548396951469, 37.56696550591905 ], [ 127.029550366329886, 37.566965172085808 ] ], [ [ 127.029583803704099, 37.566937909241872 ], [ 127.029607237707523, 37.566917649448847 ], [ 127.029616742914087, 37.566910367200471 ], [ 127.029583803704099, 37.566937909241872 ] ], [ [ 127.029626047044999, 37.566763044600364 ], [ 127.029626048355894, 37.566763044361849 ], [ 127.029642068089842, 37.566772122510919 ], [ 127.029626047044999, 37.566763044600364 ] ], [ [ 127.02946857252546, 37.566684975054194 ], [ 127.029558303068583, 37.566729264392102 ], [ 127.029572125121817, 37.566736303356791 ], [ 127.02946857252546, 37.566684975054194 ] ], [ [ 127.029158275249259, 37.565950327983572 ], [ 127.029140160686936, 37.565968982686769 ], [ 127.029065484218521, 37.566044593076171 ], [ 127.029158275249259, 37.565950327983572 ] ], [ [ 127.02939700874596, 37.565455466914727 ], [ 127.029395910625155, 37.56545492658082 ], [ 127.029383287943006, 37.565388058180496 ], [ 127.02939700874596, 37.565455466914727 ] ], [ [ 127.029279267761339, 37.56523312163727 ], [ 127.029306133997522, 37.565343135047883 ], [ 127.029314080839285, 37.565376523818252 ], [ 127.029279267761339, 37.56523312163727 ] ], [ [ 127.029025966723538, 37.56474240334024 ], [ 127.029051739378374, 37.564742649609904 ], [ 127.029114694367948, 37.564744445899969 ], [ 127.029025966723538, 37.56474240334024 ] ], [ [ 127.028961748369653, 37.564659815631437 ], [ 127.028961748412044, 37.564659815620416 ], [ 127.028961118055648, 37.564669438338321 ], [ 127.028961748369653, 37.564659815631437 ] ], [ [ 127.029081549816382, 37.564628893454703 ], [ 127.029066335001346, 37.564635671805775 ], [ 127.029016879993307, 37.564645584391641 ], [ 127.029081549816382, 37.564628893454703 ] ], [ [ 127.029136412010814, 37.564604452053771 ], [ 127.029208502743927, 37.56458994039788 ], [ 127.029132764453863, 37.564606076825513 ], [ 127.029136412010814, 37.564604452053771 ] ], [ [ 127.029315510112284, 37.564524674400339 ], [ 127.029311897404654, 37.564526342333686 ], [ 127.029291043101992, 37.564535573012058 ], [ 127.029315510112284, 37.564524674400339 ] ], [ [ 127.030017172278491, 37.564141533059349 ], [ 127.030099653298024, 37.564115341899914 ], [ 127.03001700261683, 37.564141839436516 ], [ 127.029909944179266, 37.564211520678086 ], [ 127.02974327367626, 37.564289397065835 ], [ 127.029492896111265, 37.564442777924462 ], [ 127.029464584752731, 37.564455848857371 ], [ 127.029742266489222, 37.564289838791147 ], [ 127.029910385463239, 37.564211151166546 ], [ 127.030017172278491, 37.564141533059349 ] ], [ [ 127.066294955751474, 37.548249534439321 ], [ 127.066585423693425, 37.548272807606679 ], [ 127.065855927714935, 37.548215590844116 ], [ 127.066294955751474, 37.548249534439321 ] ], [ [ 127.029485727429915, 37.553833293149346 ], [ 127.029486728373243, 37.553832959700742 ], [ 127.029464699989276, 37.553840350009366 ], [ 127.029485727429915, 37.553833293149346 ] ], [ [ 127.030133729169009, 37.553571292039322 ], [ 127.030125380139467, 37.553578844362711 ], [ 127.030126353060496, 37.553577961156314 ], [ 127.030133729169009, 37.553571292039322 ] ], [ [ 127.030222865035554, 37.55349187512126 ], [ 127.030204990368986, 37.553507817987274 ], [ 127.030222729277114, 37.553491992283028 ], [ 127.030222865035554, 37.55349187512126 ] ], [ [ 127.034150268688464, 37.554539616964171 ], [ 127.033945792309112, 37.554542132998236 ], [ 127.034145606064968, 37.554539672312046 ], [ 127.034150268688464, 37.554539616964171 ] ], [ [ 127.03462416136307, 37.554565613772056 ], [ 127.034586227378497, 37.554542189642504 ], [ 127.034619542719625, 37.554562758927489 ], [ 127.03462416136307, 37.554565613772056 ] ], [ [ 127.036965839539079, 37.55379761456733 ], [ 127.036381012829466, 37.554116829392541 ], [ 127.036967717643392, 37.55379652380509 ], [ 127.036965839539079, 37.55379761456733 ] ], [ [ 127.038809579240976, 37.553384230873689 ], [ 127.038809579236471, 37.55338422186378 ], [ 127.038811770097496, 37.553397654940426 ], [ 127.038809579240976, 37.553384230873689 ] ], [ [ 127.037825081111819, 37.552442083506101 ], [ 127.037900727692417, 37.552452709932609 ], [ 127.037808648027521, 37.552439800041341 ], [ 127.037825081111819, 37.552442083506101 ] ], [ [ 127.037941113315995, 37.552467744026544 ], [ 127.038120434105721, 37.552535798300063 ], [ 127.037900727692417, 37.552452709932609 ], [ 127.037941113315995, 37.552467744026544 ] ], [ [ 127.038160224495044, 37.552550900744649 ], [ 127.038150767214177, 37.552547310058756 ], [ 127.038175006989306, 37.55255650932834 ], [ 127.038160224495044, 37.552550900744649 ] ], [ [ 127.038401187342814, 37.552630824685174 ], [ 127.038396810629678, 37.552636700511066 ], [ 127.038410845512587, 37.552617856412908 ], [ 127.038401187342814, 37.552630824685174 ] ], [ [ 127.039511459863533, 37.553036504087679 ], [ 127.039187811418969, 37.552913156441818 ], [ 127.03920903733713, 37.552920994904341 ], [ 127.039511459863533, 37.553036504087679 ] ], [ [ 127.039746975968399, 37.553126202774578 ], [ 127.039852005760736, 37.553165938447769 ], [ 127.039695938546828, 37.5531074696733 ], [ 127.039746975968399, 37.553126202774578 ] ], [ [ 127.040397755006509, 37.553041297182425 ], [ 127.040317378256461, 37.553120376531069 ], [ 127.040397098959929, 37.553041937101717 ], [ 127.040397755006509, 37.553041297182425 ] ], [ [ 127.049655552832277, 37.552112298434146 ], [ 127.049500833011635, 37.552187008482221 ], [ 127.04965321099229, 37.55211342562712 ], [ 127.049655552832277, 37.552112298434146 ] ], [ [ 127.052245056487905, 37.551104897853477 ], [ 127.052674639292988, 37.55089725038129 ], [ 127.05215224556531, 37.551149761980078 ], [ 127.052245056487905, 37.551104897853477 ] ], [ [ 127.05270842984072, 37.550879702455745 ], [ 127.05296605301568, 37.550816566183563 ], [ 127.052674639292988, 37.55089725038129 ], [ 127.05270842984072, 37.550879702455745 ] ], [ [ 127.049617893332396, 37.534238370356285 ], [ 127.049509319792506, 37.533984865959454 ], [ 127.04905091707181, 37.53284711082398 ], [ 127.049617893332396, 37.534238370356285 ] ], [ [ 127.052181013962539, 37.550968236027707 ], [ 127.052181161059579, 37.550968208934862 ], [ 127.052194459371435, 37.55100363018861 ], [ 127.052181013962539, 37.550968236027707 ] ], [ [ 127.068242300959341, 37.5562861139963 ], [ 127.068070812152868, 37.556116375260132 ], [ 127.068061426716596, 37.556116334826271 ], [ 127.068242300959341, 37.5562861139963 ] ], [ [ 127.069231614859106, 37.557273171971381 ], [ 127.069413564688006, 37.557451959871734 ], [ 127.06866016158294, 37.55670284652102 ], [ 127.069231614859106, 37.557273171971381 ] ], [ [ 127.069735743414071, 37.557770930921947 ], [ 127.069680225916997, 37.557716065678562 ], [ 127.069789448484045, 37.557823941147767 ], [ 127.069735743414071, 37.557770930921947 ] ], [ [ 127.070796935039155, 37.558819596599555 ], [ 127.070797172945362, 37.558819848737031 ], [ 127.070749797246208, 37.55877135823588 ], [ 127.070796935039155, 37.558819596599555 ] ], [ [ 127.071525789310428, 37.55959638728671 ], [ 127.071500491159796, 37.559569282501052 ], [ 127.071598309563527, 37.559672736741256 ], [ 127.071525789310428, 37.55959638728671 ] ], [ [ 127.055400511324095, 37.557070885441 ], [ 127.056755018059221, 37.55677390597441 ], [ 127.05675993079879, 37.556775219121455 ], [ 127.055400511324095, 37.557070885441 ] ], [ [ 127.056919614874005, 37.556737825304161 ], [ 127.056908412428655, 37.556740281252324 ], [ 127.057287984485299, 37.556659662204929 ], [ 127.056919614874005, 37.556737825304161 ] ], [ [ 127.05886519677756, 37.556695126537299 ], [ 127.058540195953, 37.556682688092231 ], [ 127.058871093336435, 37.556695357930799 ], [ 127.05886519677756, 37.556695126537299 ] ], [ [ 127.062585421159284, 37.556838455673308 ], [ 127.062516156205831, 37.556835824544805 ], [ 127.062588680738642, 37.556838643195391 ], [ 127.062585421159284, 37.556838455673308 ] ], [ [ 127.064715816115225, 37.556595863091118 ], [ 127.064718057467033, 37.556595120355361 ], [ 127.064716598046061, 37.556595742819525 ], [ 127.064715816115225, 37.556595863091118 ] ], [ [ 127.065885034851291, 37.556416391302918 ], [ 127.065547357260243, 37.556468516963804 ], [ 127.065955125436318, 37.556405568224946 ], [ 127.065885034851291, 37.556416391302918 ] ], [ [ 127.042606948257244, 37.561930165712049 ], [ 127.042606088532551, 37.561931003931164 ], [ 127.042605749164011, 37.56193132840535 ], [ 127.042606948257244, 37.561930165712049 ] ], [ [ 127.042835538679014, 37.562059848633027 ], [ 127.043189205815978, 37.562260489530495 ], [ 127.043175098810849, 37.562252520754477 ], [ 127.042835538679014, 37.562059848633027 ] ], [ [ 127.047899940191883, 37.564197679325758 ], [ 127.047871827418618, 37.564238324961792 ], [ 127.047897370140674, 37.56419649103006 ], [ 127.047899940191883, 37.564197679325758 ] ], [ [ 127.045861735279544, 37.553764903321046 ], [ 127.045791541901337, 37.553889049454988 ], [ 127.045791530218878, 37.553889050105589 ], [ 127.045861735279544, 37.553764903321046 ] ], [ [ 127.045879324760818, 37.553884161437757 ], [ 127.045879335979521, 37.553884160812984 ], [ 127.045879389504364, 37.553884570165266 ], [ 127.045879324760818, 37.553884161437757 ] ], [ [ 127.046040184936984, 37.554246208313302 ], [ 127.046039143253068, 37.554245343755298 ], [ 127.045904843948691, 37.55409947463977 ], [ 127.046040184936984, 37.554246208313302 ] ], [ [ 127.046057619561083, 37.555473954146166 ], [ 127.045975321660379, 37.555856869931425 ], [ 127.046056987543366, 37.555476891612528 ], [ 127.046057619561083, 37.555473954146166 ] ], [ [ 127.043045349082945, 37.559711198025269 ], [ 127.042936586871619, 37.559836178320943 ], [ 127.043045327877877, 37.559711217930101 ], [ 127.043045349082945, 37.559711198025269 ] ], [ [ 127.042681951098601, 37.560402232910967 ], [ 127.042648517059106, 37.56038038655857 ], [ 127.042682414967658, 37.560401926412865 ], [ 127.042681951098601, 37.560402232910967 ] ], [ [ 127.042656427183871, 37.56041946872417 ], [ 127.042655952001539, 37.560419784236025 ], [ 127.042681951098601, 37.560402232910967 ], [ 127.042656427183871, 37.56041946872417 ] ], [ [ 127.037464140569, 37.565936441671525 ], [ 127.036920074338241, 37.565999648227326 ], [ 127.036918014420621, 37.565999883101973 ], [ 127.037464140569, 37.565936441671525 ] ], [ [ 127.037532966510312, 37.565928419919146 ], [ 127.037523029135443, 37.565929576215275 ], [ 127.037522451905616, 37.565929639460506 ], [ 127.037532966510312, 37.565928419919146 ] ], [ [ 127.037819090774008, 37.565756063276233 ], [ 127.037824383508209, 37.565670098491928 ], [ 127.037818933915261, 37.565759369952666 ], [ 127.037819090774008, 37.565756063276233 ] ], [ [ 127.037886085427331, 37.564868505739156 ], [ 127.037947833089007, 37.564551960337546 ], [ 127.037930595325221, 37.564646001854932 ], [ 127.037886085427331, 37.564868505739156 ] ], [ [ 127.038625753141915, 37.56307387513732 ], [ 127.038499347638961, 37.563230831042233 ], [ 127.0386432858528, 37.563052101731024 ], [ 127.038625753141915, 37.56307387513732 ] ], [ [ 127.038789940782962, 37.562875371577228 ], [ 127.038761029881201, 37.562910205349283 ], [ 127.038790071635049, 37.562875206378678 ], [ 127.038789940782962, 37.562875371577228 ] ], [ [ 127.038932764544953, 37.562836914646383 ], [ 127.038833313302362, 37.562823094724131 ], [ 127.038835006064559, 37.562821054732517 ], [ 127.038932764544953, 37.562836914646383 ] ], [ [ 127.038935467158154, 37.562837290206339 ], [ 127.038937102308225, 37.562830356667796 ], [ 127.038935758911137, 37.562837330748856 ], [ 127.038935467158154, 37.562837290206339 ] ], [ [ 127.038965700126226, 37.562664709770083 ], [ 127.038965485713746, 37.562665980232708 ], [ 127.038937102308225, 37.562830356667796 ], [ 127.038965700126226, 37.562664709770083 ] ], [ [ 127.038975689191901, 37.562609457950558 ], [ 127.038975644062916, 37.562609746281375 ], [ 127.038974140962765, 37.562618021562002 ], [ 127.038975689191901, 37.562609457950558 ] ], [ [ 127.039023504456267, 37.562336443210576 ], [ 127.03902149916901, 37.562347886269038 ], [ 127.039021465281905, 37.562348021428143 ], [ 127.039023504456267, 37.562336443210576 ] ], [ [ 127.041144653125258, 37.562094897830328 ], [ 127.041128004561983, 37.562095993613433 ], [ 127.041146435449136, 37.562094780374444 ], [ 127.041144653125258, 37.562094897830328 ] ], [ [ 127.042006106271344, 37.571671076450031 ], [ 127.042006581620512, 37.57167093212896 ], [ 127.042005325348939, 37.571671328994377 ], [ 127.042006106271344, 37.571671076450031 ] ] ] ] } },
{ "type": "Feature", "properties": { "sigungu_cd": "11260", "sigungu_nm": "중랑구" }, "geometry": { "type": "MultiPolygon", "coordinates": [ [ [ [ 127.113337334862308, 37.593259894635061 ], [ 127.108966735024879, 37.583379159639506 ], [ 127.102894287296905, 37.579906725063701 ], [ 127.10073991787516, 37.573597053928673 ], [ 127.095617488764475, 37.570609969702183 ], [ 127.090494994826486, 37.569698627860866 ], [ 127.078141246520119, 37.571923000503716 ], [ 127.076181443276653, 37.580295955935114 ], [ 127.070300193866913, 37.58953715368439 ], [ 127.069494027304827, 37.597243108297029 ], [ 127.072880030297753, 37.601068396970959 ], [ 127.07107954236885, 37.607326885936246 ], [ 127.071709482571535, 37.613514184487912 ], [ 127.07003010621348, 37.615418583802779 ], [ 127.086072566192016, 37.620292485433602 ], [ 127.093226902516989, 37.618028205167732 ], [ 127.098816888782224, 37.62039393725334 ], [ 127.100870756603129, 37.61940421135327 ], [ 127.110519062621762, 37.62105457846711 ], [ 127.115715044521593, 37.619634315647325 ], [ 127.117254980641988, 37.616734362348957 ], [ 127.11669778761852, 37.608849251672879 ], [ 127.1184769856103, 37.607612976876943 ], [ 127.118047030550443, 37.604602410440307 ], [ 127.114022279615085, 37.599966525257884 ], [ 127.116664507093589, 37.594016405582749 ], [ 127.113337334862308, 37.593259894635061 ] ] ] ] } },
{ "type": "Feature", "properties": { "sigungu_cd": "11620", "sigungu_nm": "관악구" }, "geometry": { "type": "MultiPolygon", "coordinates": [ [ [ [ 126.970311702750962, 37.449349409965485 ], [ 126.964289430983584, 37.446267331952306 ], [ 126.964633750049359, 37.442039661426534 ], [ 126.96294255842227, 37.440280561786508 ], [ 126.93862161819402, 37.436028537844962 ], [ 126.937353619267725, 37.440871459478892 ], [ 126.93055408998886, 37.445468512885483 ], [ 126.928366028031391, 37.451011919013915 ], [ 126.924779312884581, 37.452844110894411 ], [ 126.922186912258255, 37.456623612983847 ], [ 126.914029972506015, 37.457905320662249 ], [ 126.913723998070694, 37.465469331625641 ], [ 126.908197317544605, 37.472683492747649 ], [ 126.911359247749971, 37.474506963552621 ], [ 126.911833976620301, 37.47782103937012 ], [ 126.908614264491931, 37.479072908494246 ], [ 126.909785581325963, 37.480765688207534 ], [ 126.899224393420724, 37.479838050111276 ], [ 126.903197842898734, 37.485002807794103 ], [ 126.911250604910592, 37.486257615517104 ], [ 126.918700988552473, 37.490152609596073 ], [ 126.924155028002701, 37.489963681775968 ], [ 126.927446527283038, 37.494994711894684 ], [ 126.937303324523995, 37.491942109213731 ], [ 126.948769615468152, 37.493788400946229 ], [ 126.953698620974151, 37.490609879042964 ], [ 126.960289031053833, 37.493743697501323 ], [ 126.961966884536835, 37.488627762085734 ], [ 126.961063258163506, 37.483580716263425 ], [ 126.96440080109538, 37.479814949677703 ], [ 126.970522602719868, 37.475376494210586 ], [ 126.98158258544774, 37.476530718953036 ], [ 126.982746458841987, 37.472006938960789 ], [ 126.988065776749139, 37.465419472010929 ], [ 126.988635447985928, 37.458166060814968 ], [ 126.974579304147952, 37.454412771452319 ], [ 126.970311702750962, 37.449349409965485 ] ] ] ] } },
{ "type": "Feature", "properties": { "sigungu_cd": "11170", "sigungu_nm": "용산구" }, "geometry": { "type": "MultiPolygon", "coordinates": [ [ [ [ 126.985532165353945, 37.50654237842744 ], [ 126.966857353472165, 37.509891707787197 ], [ 126.949886556948869, 37.517519986618282 ], [ 126.94988000445089, 37.527028925217223 ], [ 126.944579568755117, 37.533775348171901 ], [ 126.955733751458041, 37.539470636699797 ], [ 126.958349993611421, 37.542759162915971 ], [ 126.957906420004917, 37.54546211980103 ], [ 126.963721727145554, 37.54879224250724 ], [ 126.962328935212696, 37.551539045160887 ], [ 126.969185836028316, 37.555665216394701 ], [ 126.976425660414009, 37.553086450315476 ], [ 126.976548471753972, 37.555222048860429 ], [ 126.978731598656424, 37.553203911435297 ], [ 126.985423318756247, 37.553726605563185 ], [ 126.995223693624581, 37.547228911863442 ], [ 126.998344960309097, 37.549708114566499 ], [ 127.004332056285349, 37.550246925345789 ], [ 127.006134461359878, 37.548211943990282 ], [ 127.004997953499043, 37.546171543525723 ], [ 127.007264146376897, 37.543855770818347 ], [ 127.008988043845662, 37.544132882561001 ], [ 127.009592108009215, 37.539581444030055 ], [ 127.017262562672158, 37.537681810117739 ], [ 127.017192308014643, 37.533777284065067 ], [ 127.006444511870555, 37.523436130635581 ], [ 126.990671591634609, 37.513102402178852 ], [ 126.985532165353945, 37.50654237842744 ] ], [ [ 126.95850495834803, 37.539703594019358 ], [ 126.958594966080753, 37.539685856721526 ], [ 126.958594966931912, 37.539685859193746 ], [ 126.95850495834803, 37.539703594019358 ] ], [ [ 126.958983800450952, 37.539604334450893 ], [ 126.958976626429063, 37.539589879402314 ], [ 126.95898380314587, 37.539604333908549 ], [ 126.958983800450952, 37.539604334450893 ] ], [ [ 126.9589842408095, 37.539587864360165 ], [ 126.958984253769557, 37.539587881946005 ], [ 126.958976626429063, 37.539589879402314 ], [ 126.9589842408095, 37.539587864360165 ] ], [ [ 126.958983260510578, 37.53958653416742 ], [ 126.958838834465624, 37.539390953586725 ], [ 126.95898277266636, 37.539585872199076 ], [ 126.958983260510578, 37.53958653416742 ] ], [ [ 126.959474191835923, 37.539638963465379 ], [ 126.959471281885556, 37.53964258441961 ], [ 126.959470502794886, 37.539639673936151 ], [ 126.959474191835923, 37.539638963465379 ] ], [ [ 126.988188515724147, 37.534247413187295 ], [ 126.988138247448632, 37.534247407503379 ], [ 126.988204242238467, 37.534247414961129 ], [ 126.988188515724147, 37.534247413187295 ] ] ] ] } },
{ "type": "Feature", "properties": { "sigungu_cd": "11650", "sigungu_nm": "서초구" }, "geometry": { "type": "MultiPolygon", "coordinates": [ [ [ [ 127.060517705807925, 37.42976410682369 ], [ 127.052169135855067, 37.428339797607741 ], [ 127.047368970646389, 37.430701816254469 ], [ 127.046311400718821, 37.433447227172373 ], [ 127.041089991840721, 37.437769048377923 ], [ 127.03557349162061, 37.439004012508093 ], [ 127.035171548298038, 37.440941925441955 ], [ 127.038205348614994, 37.445858901383609 ], [ 127.037744108726542, 37.449418804275133 ], [ 127.034754466935325, 37.452617552276948 ], [ 127.037127465231237, 37.455207595168879 ], [ 127.033731932740409, 37.461237077869477 ], [ 127.034693075126356, 37.464154714907544 ], [ 127.032757335964504, 37.465193199290297 ], [ 127.029526940448662, 37.465374570352729 ], [ 127.02836167670516, 37.459893589034664 ], [ 127.025995216182991, 37.457816997897062 ], [ 127.014509416164259, 37.45486109721184 ], [ 127.010823032813562, 37.455422996799022 ], [ 127.008710522646808, 37.457764938500667 ], [ 127.00367506701987, 37.467720336387139 ], [ 126.997170748410127, 37.467214020268898 ], [ 126.996768293094249, 37.461873392442236 ], [ 126.993354123126593, 37.461495856239559 ], [ 126.988645544825758, 37.458144780172454 ], [ 126.987302805067401, 37.467614444449687 ], [ 126.9818438782833, 37.475092078052469 ], [ 126.982929725240737, 37.496993585227301 ], [ 126.985387196960247, 37.499858978909693 ], [ 126.980396073328407, 37.502860093920688 ], [ 126.980406751392167, 37.506548322201546 ], [ 126.985547648396107, 37.50654309230962 ], [ 126.990702347569965, 37.513090322632301 ], [ 127.008578450147169, 37.52559472525256 ], [ 127.013171868501757, 37.522589894199946 ], [ 127.015221275676637, 37.524853965017243 ], [ 127.017822177074763, 37.521811965021783 ], [ 127.020515127752432, 37.5127990788639 ], [ 127.034087163035835, 37.484369058948957 ], [ 127.041750046971003, 37.48543708735297 ], [ 127.045190373756498, 37.477355413462284 ], [ 127.051181521839737, 37.471788995798704 ], [ 127.048669227744213, 37.470059738507494 ], [ 127.051014899969275, 37.469349797742538 ], [ 127.050727613105863, 37.467279402546097 ], [ 127.055024338856043, 37.46890854082983 ], [ 127.065074661692009, 37.469294517094944 ], [ 127.076873551585592, 37.475068794838258 ], [ 127.084877034947283, 37.475350668381417 ], [ 127.085029567242842, 37.471106243553514 ], [ 127.091593614482775, 37.465568495861788 ], [ 127.092096610647999, 37.46227438303039 ], [ 127.095697520186803, 37.460993034026735 ], [ 127.095213552408183, 37.456321231182415 ], [ 127.08882077755807, 37.449749640575838 ], [ 127.087854779647969, 37.44489432999768 ], [ 127.083861595754215, 37.443921704061495 ], [ 127.082097103249566, 37.44135107572334 ], [ 127.072138153467307, 37.44226317422838 ], [ 127.072007469697937, 37.438856839326832 ], [ 127.073843196765992, 37.437407747254092 ], [ 127.071271879864014, 37.435601374277759 ], [ 127.07095223189539, 37.430213132720745 ], [ 127.068270030429829, 37.430679346276413 ], [ 127.065681322578683, 37.428985368364884 ], [ 127.060517705807925, 37.42976410682369 ] ], [ [ 127.047693331351581, 37.461343829519954 ], [ 127.047677997936674, 37.461370054745174 ], [ 127.047752440515779, 37.461242677647839 ], [ 127.047693331351581, 37.461343829519954 ] ], [ [ 127.050610082808802, 37.453356305570168 ], [ 127.050488640906607, 37.453108101804453 ], [ 127.050522724061295, 37.453172653758891 ], [ 127.050610082808802, 37.453356305570168 ] ], [ [ 127.053363861199458, 37.449384665802718 ], [ 127.053623335816411, 37.449055918590474 ], [ 127.053875952025734, 37.448959435294491 ], [ 127.054260655855472, 37.44844474444939 ], [ 127.054969016565821, 37.447788123967563 ], [ 127.055403592504916, 37.447451337553751 ], [ 127.055791519627476, 37.446840178338249 ], [ 127.055996606935381, 37.446652115934917 ], [ 127.055651284445901, 37.447212754906531 ], [ 127.053894340820491, 37.448978186102508 ], [ 127.053363861199458, 37.449384665802718 ] ] ] ] } },
{ "type": "Feature", "properties": { "sigungu_cd": "11380", "sigungu_nm": "은평구" }, "geometry": { "type": "MultiPolygon", "coordinates": [ [ [ [ 126.912772409217482, 37.587057295102795 ], [ 126.902084060125674, 37.576005302090088 ], [ 126.882030618106995, 37.590817739397437 ], [ 126.887337374389915, 37.593919701173384 ], [ 126.885466467156036, 37.591103625923019 ], [ 126.887158944898857, 37.588532786933506 ], [ 126.896858778175456, 37.588566562601521 ], [ 126.899750085687657, 37.58993804675054 ], [ 126.898961339518422, 37.592678428708048 ], [ 126.901829535076033, 37.595141382918754 ], [ 126.899981945203621, 37.602040168154815 ], [ 126.902108263232762, 37.603741636769833 ], [ 126.900304066332964, 37.611191358374114 ], [ 126.903361008312899, 37.618839392455442 ], [ 126.90523076624558, 37.619074647102963 ], [ 126.907117144124385, 37.621941467426765 ], [ 126.906626823319542, 37.624495621253473 ], [ 126.908610479345, 37.626265551503401 ], [ 126.908801644770477, 37.629087918838181 ], [ 126.906201881852667, 37.633220085223989 ], [ 126.911210093202612, 37.63590557769264 ], [ 126.910091792229636, 37.638509468979265 ], [ 126.912504551679035, 37.644222037706989 ], [ 126.904801745243802, 37.649201010943564 ], [ 126.913720477606972, 37.644755614993322 ], [ 126.924122631448071, 37.646106297954027 ], [ 126.9296990721719, 37.650048124709556 ], [ 126.936136529005992, 37.651485788415393 ], [ 126.940334932905174, 37.656767843590991 ], [ 126.947564574424817, 37.659215381800749 ], [ 126.947882154310904, 37.657125806799179 ], [ 126.957107825353688, 37.65283718945544 ], [ 126.959267423864702, 37.642132675936246 ], [ 126.963328475504923, 37.633245196353599 ], [ 126.959795751887853, 37.629786405073972 ], [ 126.950378855428582, 37.626426642993394 ], [ 126.949003861761838, 37.624335766940774 ], [ 126.95032278257186, 37.610616223138557 ], [ 126.939971790061875, 37.603095285632598 ], [ 126.940883467582651, 37.598697067929223 ], [ 126.930231084625191, 37.59453540864866 ], [ 126.927761825285231, 37.591570914751884 ], [ 126.928008962564732, 37.588385367161841 ], [ 126.92382062713601, 37.587095267124731 ], [ 126.920858965899242, 37.582939197132674 ], [ 126.915937262020037, 37.583094665571913 ], [ 126.916365028030384, 37.585890120215232 ], [ 126.912772409217482, 37.587057295102795 ] ], [ [ 126.90083676614104, 37.580138601121888 ], [ 126.900827035452409, 37.580134628483997 ], [ 126.900878404603333, 37.580155485065205 ], [ 126.90083676614104, 37.580138601121888 ] ] ] ] } },
{ "type": "Feature", "properties": { "sigungu_cd": "11350", "sigungu_nm": "노원구" }, "geometry": { "type": "MultiPolygon", "coordinates": [ [ [ [ 127.094569990403542, 37.644570460649895 ], [ 127.106767277246078, 37.645172090655429 ], [ 127.112284748804399, 37.64018091925373 ], [ 127.110549308961993, 37.639126194310151 ], [ 127.11248326787252, 37.63648906924157 ], [ 127.112203536121157, 37.632642860124577 ], [ 127.105906323106822, 37.627594930067971 ], [ 127.104839981052734, 37.620081961923013 ], [ 127.098816866163318, 37.620393964301357 ], [ 127.093215657655051, 37.618002626063856 ], [ 127.086072566192016, 37.620292485433602 ], [ 127.070208373405947, 37.615310128221978 ], [ 127.06202611342492, 37.614430167881416 ], [ 127.042481044688373, 37.630537242320585 ], [ 127.041657908818124, 37.631467100804549 ], [ 127.044323440389888, 37.63409239859643 ], [ 127.046594319848012, 37.641117528990222 ], [ 127.050481603877799, 37.644825021724408 ], [ 127.054731201933919, 37.640134841030367 ], [ 127.055777925109822, 37.640625351802171 ], [ 127.054006368930345, 37.655300627245978 ], [ 127.051150282875895, 37.659935277548151 ], [ 127.051452812139502, 37.66302094927719 ], [ 127.048190856408553, 37.670496685167684 ], [ 127.05213383293831, 37.682947413374784 ], [ 127.051804156751956, 37.687066682132851 ], [ 127.059659764732928, 37.690332086534205 ], [ 127.063386121030348, 37.694921934245819 ], [ 127.072657676635231, 37.693799541042914 ], [ 127.081104722389384, 37.696137562640708 ], [ 127.083843307234957, 37.694268975123883 ], [ 127.085177255219236, 37.690389905691454 ], [ 127.0959960022209, 37.689071041403309 ], [ 127.096423087643956, 37.685637364467986 ], [ 127.091941467085846, 37.678692547081781 ], [ 127.096447265352211, 37.669689227849048 ], [ 127.094580639550998, 37.666172408024288 ], [ 127.095410713613731, 37.663889720575114 ], [ 127.091132295180572, 37.658242915858906 ], [ 127.094040758629973, 37.652540222558571 ], [ 127.092694429008432, 37.648580096603382 ], [ 127.094569990403542, 37.644570460649895 ] ] ] ] } },
{ "type": "Feature", "properties": { "sigungu_cd": "11290", "sigungu_nm": "성북구" }, "geometry": { "type": "MultiPolygon", "coordinates": [ [ [ [ 127.016671612525428, 37.581712076838791 ], [ 127.008642984480289, 37.580468247910346 ], [ 127.006752775020871, 37.582336361622872 ], [ 127.006625782247625, 37.586124994494909 ], [ 127.002216434198687, 37.589172163034974 ], [ 127.00095307427253, 37.592300959619429 ], [ 126.989215059744552, 37.591247762388903 ], [ 126.98541008544538, 37.594423364804967 ], [ 126.976716580870146, 37.597912684460233 ], [ 126.978480622316368, 37.601015191021048 ], [ 126.986787177668646, 37.604503549386195 ], [ 126.986578597225218, 37.613972041591254 ], [ 126.983714352809102, 37.617758566147636 ], [ 126.983644676131192, 37.621143971352801 ], [ 126.979603816413018, 37.626379775104745 ], [ 126.979927083451813, 37.628571916934874 ], [ 126.974642974446098, 37.629742392498514 ], [ 126.97733143250808, 37.633582971572608 ], [ 126.983706425102724, 37.636456946611744 ], [ 126.9859172937674, 37.635788409806139 ], [ 126.993721211761141, 37.631447513917848 ], [ 126.9992694711665, 37.626179843426172 ], [ 127.007900972653275, 37.623985482917263 ], [ 127.007238584396148, 37.62051387890871 ], [ 127.010937050773848, 37.616282700142769 ], [ 127.017539559776225, 37.614646771171806 ], [ 127.022196170484463, 37.611368844611377 ], [ 127.030184430311081, 37.612366246193474 ], [ 127.030252005206506, 37.608963483087116 ], [ 127.037306984839844, 37.612797430147957 ], [ 127.049728543375409, 37.624262977688034 ], [ 127.061754120403791, 37.614492609855027 ], [ 127.071136445922519, 37.614806494689653 ], [ 127.071554645719573, 37.60757296951072 ], [ 127.062189453289264, 37.605122284681073 ], [ 127.059189904848452, 37.60106833869024 ], [ 127.051043918173761, 37.601025997486694 ], [ 127.047341823275644, 37.59617790384106 ], [ 127.041838414374524, 37.596460586493237 ], [ 127.038753969064985, 37.591268443471343 ], [ 127.036210642956519, 37.591181210140896 ], [ 127.029555955384666, 37.582690596513125 ], [ 127.022978091304907, 37.577826811042833 ], [ 127.021484280401069, 37.578854756578728 ], [ 127.018090680181757, 37.577566726539359 ], [ 127.016671612525428, 37.581712076838791 ] ], [ [ 127.014895369407796, 37.58240451911572 ], [ 127.014936021978684, 37.582454798535764 ], [ 127.014882482890926, 37.582388564111525 ], [ 127.014895369407796, 37.58240451911572 ] ], [ [ 127.017774916887902, 37.606313297353218 ], [ 127.017661001933504, 37.606220818132421 ], [ 127.017658996807612, 37.606217980311975 ], [ 127.017774916887902, 37.606313297353218 ] ], [ [ 127.005806018654198, 37.596546068620761 ], [ 127.005945872741123, 37.596411802070655 ], [ 127.005549351454235, 37.59699895720982 ], [ 127.005806018654198, 37.596546068620761 ] ], [ [ 127.006375597026505, 37.596322134035951 ], [ 127.006383504470747, 37.596324718522332 ], [ 127.00626955089858, 37.596287549577049 ], [ 127.006375597026505, 37.596322134035951 ] ], [ [ 127.006609937795091, 37.596356893133176 ], [ 127.006627206410101, 37.596362379379421 ], [ 127.006598576832715, 37.596353285593423 ], [ 127.006609937795091, 37.596356893133176 ] ], [ [ 127.00719075345846, 37.596541099850668 ], [ 127.007275577391951, 37.596466931222324 ], [ 127.007096381322839, 37.596509119417981 ], [ 127.00719075345846, 37.596541099850668 ] ], [ [ 127.007766226731732, 37.596041231930627 ], [ 127.007801834905848, 37.595995054611038 ], [ 127.007687206367621, 37.596108629688267 ], [ 127.007766226731732, 37.596041231930627 ] ], [ [ 127.007825430341626, 37.595965537116953 ], [ 127.007828357832736, 37.595960394296853 ], [ 127.007813972269787, 37.595979611098656 ], [ 127.007825430341626, 37.595965537116953 ] ], [ [ 127.007880158352535, 37.595824313945606 ], [ 127.007847608095744, 37.595909548783794 ], [ 127.007863559175689, 37.59586777830858 ], [ 127.007880158352535, 37.595824313945606 ] ], [ [ 127.007909669039151, 37.595748611673777 ], [ 127.007934891448784, 37.595678711963586 ], [ 127.007973819869122, 37.595533714476694 ], [ 127.007909669039151, 37.595748611673777 ] ], [ [ 127.008107213483058, 37.594948238619175 ], [ 127.008181275258082, 37.594673352228241 ], [ 127.007980716772977, 37.595414396777684 ], [ 127.008107213483058, 37.594948238619175 ] ], [ [ 127.008255363650477, 37.59403690272822 ], [ 127.008124984362183, 37.593720799745661 ], [ 127.008296588569308, 37.594129658505949 ], [ 127.008255363650477, 37.59403690272822 ] ], [ [ 127.008326037412743, 37.593112461678835 ], [ 127.008298489135569, 37.593070545812445 ], [ 127.008328739398479, 37.593118125320174 ], [ 127.008326037412743, 37.593112461678835 ] ], [ [ 127.008228525942329, 37.592879436640331 ], [ 127.008228033398154, 37.592816385773794 ], [ 127.008230002389141, 37.592913429574281 ], [ 127.008228525942329, 37.592879436640331 ] ], [ [ 127.008043472301722, 37.592711512513624 ], [ 127.007663628330135, 37.592494557803498 ], [ 127.007565271176233, 37.5924096180592 ], [ 127.008043472301722, 37.592711512513624 ] ], [ [ 127.007203525219467, 37.591911328485587 ], [ 127.007300674250715, 37.592054201908191 ], [ 127.007211916326611, 37.591923671570619 ], [ 127.007203525219467, 37.591911328485587 ] ], [ [ 127.007203525219467, 37.591911328485587 ], [ 127.007170615917076, 37.591840512673492 ], [ 127.007166536916316, 37.59180332022266 ], [ 127.007203525219467, 37.591911328485587 ] ], [ [ 127.007124616448706, 37.591603519862431 ], [ 127.007117821024707, 37.591579563002334 ], [ 127.007148944094737, 37.591689184327066 ], [ 127.007124616448706, 37.591603519862431 ] ], [ [ 127.00697713210991, 37.59136678403538 ], [ 127.006977794204474, 37.591285398055177 ], [ 127.006991855371908, 37.591418382747975 ], [ 127.00697713210991, 37.59136678403538 ] ], [ [ 127.006884223417643, 37.591124017958798 ], [ 127.006884223417586, 37.591124017958784 ], [ 127.006853243179805, 37.591103197605115 ], [ 127.006884223417643, 37.591124017958798 ] ], [ [ 127.006727941235283, 37.591022709222081 ], [ 127.006720399018135, 37.591003342886978 ], [ 127.00675805583262, 37.591052163332513 ], [ 127.006727941235283, 37.591022709222081 ] ], [ [ 127.012819081262677, 37.589126908378411 ], [ 127.013375936339855, 37.588854024663597 ], [ 127.012568188895727, 37.589047898234917 ], [ 127.012819081262677, 37.589126908378411 ] ], [ [ 127.013520058622916, 37.588562405064579 ], [ 127.013646815084769, 37.588306605430866 ], [ 127.013657712694652, 37.5882855717119 ], [ 127.013520058622916, 37.588562405064579 ] ], [ [ 127.014070971285165, 37.587449832242186 ], [ 127.014070971285165, 37.5874498322422 ], [ 127.014013595231319, 37.587566035392634 ], [ 127.014070971285165, 37.587449832242186 ] ], [ [ 127.014146055783584, 37.587294575453576 ], [ 127.014302868449334, 37.586975762926102 ], [ 127.01437555352706, 37.5868309666794 ], [ 127.014146055783584, 37.587294575453576 ] ], [ [ 127.01440984714462, 37.586761253698228 ], [ 127.014411038660782, 37.586758922716299 ], [ 127.01437555352706, 37.5868309666794 ], [ 127.01440984714462, 37.586761253698228 ] ], [ [ 127.015063845417643, 37.587047648777265 ], [ 127.015063845417643, 37.587047648777279 ], [ 127.014938983409024, 37.587032562522886 ], [ 127.015063845417643, 37.587047648777265 ] ], [ [ 127.015487947333298, 37.586994945768993 ], [ 127.015487947333327, 37.586994945768993 ], [ 127.015429236848831, 37.587010515562135 ], [ 127.015487947333298, 37.586994945768993 ] ], [ [ 127.015823027941664, 37.586905329669477 ], [ 127.016147748831642, 37.586819272806267 ], [ 127.016354307836679, 37.586765232953198 ], [ 127.015865155159261, 37.586895089369413 ], [ 127.015823027941664, 37.586905329669477 ] ], [ [ 127.016409749923668, 37.586529519173453 ], [ 127.016409749923682, 37.58652951917346 ], [ 127.016429082619425, 37.586617029449513 ], [ 127.016409749923668, 37.586529519173453 ] ], [ [ 127.016252008532845, 37.586451666792449 ], [ 127.016248730062188, 37.586399866543601 ], [ 127.016395721899784, 37.586471965991187 ], [ 127.016252008532845, 37.586451666792449 ] ], [ [ 127.016244533935634, 37.586268470347868 ], [ 127.016240565529898, 37.586268078914053 ], [ 127.01624453393562, 37.586268470347854 ], [ 127.016244533935634, 37.586268470347868 ] ], [ [ 127.016038419691569, 37.586099182682524 ], [ 127.016038419691569, 37.586099182682517 ], [ 127.016102613210407, 37.586149260554379 ], [ 127.016038419691569, 37.586099182682524 ] ], [ [ 127.015862111337242, 37.585960281277018 ], [ 127.015862111337256, 37.585960281277025 ], [ 127.0157924528949, 37.585927007314062 ], [ 127.015862111337242, 37.585960281277018 ] ], [ [ 127.015595847696261, 37.585620164247146 ], [ 127.015595847696261, 37.585620164247125 ], [ 127.015664556894208, 37.58572469739125 ], [ 127.015595847696261, 37.585620164247146 ] ], [ [ 127.015540505552863, 37.585372634046543 ], [ 127.015548433991327, 37.585208680747122 ], [ 127.015538307295841, 37.585403117654508 ], [ 127.015540505552863, 37.585372634046543 ] ], [ [ 127.015532613647906, 37.585127675005367 ], [ 127.015532613647906, 37.585127675005353 ], [ 127.015591348399923, 37.585175023824952 ], [ 127.015532613647906, 37.585127675005367 ] ], [ [ 127.015234127921403, 37.584883515910057 ], [ 127.015098100331997, 37.584773232964167 ], [ 127.015358108121887, 37.584985772327506 ], [ 127.015234127921403, 37.584883515910057 ] ], [ [ 127.015011488082564, 37.58470281284081 ], [ 127.014975247786936, 37.584673350233139 ], [ 127.015098100331997, 37.584773232964167 ], [ 127.015011488082564, 37.58470281284081 ] ], [ [ 127.014686627064776, 37.584221732129706 ], [ 127.014675165458073, 37.584246339331791 ], [ 127.014675165458073, 37.584246339331784 ], [ 127.014686627064776, 37.584221732129706 ] ], [ [ 127.014730881377034, 37.584131322270373 ], [ 127.014730881377062, 37.58413132227038 ], [ 127.014723773086047, 37.584143269605491 ], [ 127.014730881377034, 37.584131322270373 ] ], [ [ 127.014802540415573, 37.583775632045153 ], [ 127.014802540415602, 37.583775632045139 ], [ 127.014786036705416, 37.58385679470824 ], [ 127.014802540415573, 37.583775632045153 ] ], [ [ 127.014828013062228, 37.583643959098687 ], [ 127.014828961608586, 37.583630137868056 ], [ 127.014819190367277, 37.583689396811593 ], [ 127.014828013062228, 37.583643959098687 ] ], [ [ 127.014811499008246, 37.583539266397146 ], [ 127.014725785258236, 37.583418354696668 ], [ 127.014699130404409, 37.583395103228668 ], [ 127.014811499008246, 37.583539266397146 ] ], [ [ 127.014674075451069, 37.583199033460822 ], [ 127.014664982628759, 37.583124955407186 ], [ 127.014658589145483, 37.583078309071304 ], [ 127.014664982628759, 37.583124955407172 ], [ 127.014674075451097, 37.583199033460815 ], [ 127.014683677345971, 37.58327077790242 ], [ 127.01468367790136, 37.583270782523726 ], [ 127.014674075451069, 37.583199033460822 ] ], [ [ 127.014964174974807, 37.582689096758024 ], [ 127.014964174974835, 37.582689096758017 ], [ 127.014937824392462, 37.582736887928874 ], [ 127.014964174974807, 37.582689096758024 ] ], [ [ 127.015051014507691, 37.582589726094106 ], [ 127.015051014507691, 37.58258972609412 ], [ 127.015043065566445, 37.582603124667116 ], [ 127.015051014507691, 37.582589726094106 ] ], [ [ 127.015070515006954, 37.582555585495328 ], [ 127.015070515006954, 37.582555585495335 ], [ 127.015065918027972, 37.582552753923238 ], [ 127.015070515006954, 37.582555585495328 ] ], [ [ 127.014974284715663, 37.582499041607086 ], [ 127.014974284715663, 37.582499041607072 ], [ 127.015004555434103, 37.582516323566914 ], [ 127.014974284715663, 37.582499041607086 ] ], [ [ 127.014956291154121, 37.582477023556898 ], [ 127.014955430543381, 37.582475969501161 ], [ 127.01496821514209, 37.582491609163618 ], [ 127.014956291154121, 37.582477023556898 ] ], [ [ 127.005197126031263, 37.589495092914085 ], [ 127.00525077308059, 37.589525832838603 ], [ 127.005308001089332, 37.589393070875211 ], [ 127.005197126031263, 37.589495092914085 ] ], [ [ 127.005514896042115, 37.589201523646032 ], [ 127.005834715387792, 37.588951137648166 ], [ 127.005308001089332, 37.589393070875211 ], [ 127.005514896042115, 37.589201523646032 ] ], [ [ 127.005834715387792, 37.588951137648166 ], [ 127.006216272160103, 37.588507784345985 ], [ 127.006338227152938, 37.588555414515291 ], [ 127.005834715387792, 37.588951137648166 ] ], [ [ 127.005272059806813, 37.589538022490807 ], [ 127.005421281296805, 37.589605843802588 ], [ 127.005448078658475, 37.589624304089909 ], [ 127.005272059806813, 37.589538022490807 ] ], [ [ 127.005739299947962, 37.58991317685161 ], [ 127.005575427211568, 37.590070692780408 ], [ 127.005784505428011, 37.590220609298612 ], [ 127.005575427211511, 37.590070692780408 ], [ 127.005585265935252, 37.590061232100361 ], [ 127.005739299947962, 37.58991317685161 ] ], [ [ 127.005980646554093, 37.590243180730049 ], [ 127.005980646554065, 37.590243180730063 ], [ 127.005840237114469, 37.590260565951453 ], [ 127.005980646554093, 37.590243180730049 ] ], [ [ 127.006113749059651, 37.590347338486268 ], [ 127.00615153410709, 37.590376051397321 ], [ 127.006056023864701, 37.590297953218744 ], [ 127.006113749059651, 37.590347338486268 ] ], [ [ 127.00615153410709, 37.590376051397321 ], [ 127.006205612375368, 37.590405799782978 ], [ 127.006217876524943, 37.590410699206245 ], [ 127.00615153410709, 37.590376051397321 ] ], [ [ 127.006248960408257, 37.590525036573496 ], [ 127.006232605977544, 37.590416583497081 ], [ 127.006232605977573, 37.590416583497088 ], [ 127.006248960408257, 37.590525036573496 ] ], [ [ 127.006252032943777, 37.590555829927986 ], [ 127.006252032943749, 37.590555829927972 ], [ 127.006250474515426, 37.590535476091716 ], [ 127.006252032943777, 37.590555829927986 ] ], [ [ 127.006300559121271, 37.590590616798401 ], [ 127.006448934606013, 37.590592104528795 ], [ 127.006466824281262, 37.59059250021371 ], [ 127.006309395653673, 37.590596948562066 ], [ 127.006300559121271, 37.590590616798401 ] ], [ [ 127.00650585768058, 37.590660333718837 ], [ 127.00657446949063, 37.590783648591653 ], [ 127.006607187034646, 37.590806610579705 ], [ 127.00650585768058, 37.590660333718837 ] ], [ [ 127.006328515681389, 37.588426411856936 ], [ 127.006758809518843, 37.588155160962408 ], [ 127.007003699578092, 37.588032660898904 ], [ 127.006328515681389, 37.588426411856936 ] ], [ [ 127.007872888170141, 37.587725516494878 ], [ 127.007700894190819, 37.587731255893083 ], [ 127.007997801001636, 37.587737276809293 ], [ 127.007872888170141, 37.587725516494878 ] ], [ [ 127.008022635969539, 37.58774078004042 ], [ 127.008011171390734, 37.587738914724731 ], [ 127.008037502261089, 37.58774460840786 ], [ 127.008022635969539, 37.58774078004042 ] ], [ [ 127.008230278673565, 37.587809252308425 ], [ 127.008170960023577, 37.58778711393807 ], [ 127.008270984245584, 37.587836648948951 ], [ 127.008230278673565, 37.587809252308425 ] ], [ [ 127.008665076624723, 37.588099335025618 ], [ 127.008666854279284, 37.588100082735743 ], [ 127.008270984245584, 37.587836648948951 ], [ 127.008665076624723, 37.588099335025618 ] ], [ [ 127.008893403460775, 37.58825111897027 ], [ 127.008893403460775, 37.588251118970284 ], [ 127.008762931549398, 37.588164023435517 ], [ 127.008893403460775, 37.58825111897027 ] ], [ [ 127.009364915598809, 37.588563135776852 ], [ 127.009336396600858, 37.58854376648128 ], [ 127.009368066309889, 37.588565288541751 ], [ 127.009364915598809, 37.588563135776852 ] ], [ [ 127.009724038884201, 37.588805791705539 ], [ 127.009644810805142, 37.58875058481815 ], [ 127.009784029019585, 37.588847683327934 ], [ 127.009724038884201, 37.588805791705539 ] ], [ [ 127.009923314959252, 37.588939709121043 ], [ 127.009798737846779, 37.588858169763732 ], [ 127.009937995430917, 37.588949402673563 ], [ 127.009923314959252, 37.588939709121043 ] ], [ [ 127.010153455546728, 37.58877193809704 ], [ 127.010085975226161, 37.588875452680178 ], [ 127.010233761589888, 37.588649614456081 ], [ 127.010153455546728, 37.58877193809704 ] ], [ [ 127.010245036251163, 37.588629755910937 ], [ 127.010240440451014, 37.588638666993511 ], [ 127.010284023201706, 37.588570639387832 ], [ 127.010245036251163, 37.588629755910937 ] ], [ [ 126.986756377075679, 37.603999556046503 ], [ 126.987594768440346, 37.603986050877609 ], [ 126.98717521207945, 37.603883036321342 ], [ 126.986756377075679, 37.603999556046503 ] ], [ [ 126.988398150251626, 37.604221659816645 ], [ 126.988398150251626, 37.604221659816616 ], [ 126.98847090770569, 37.604206455156998 ], [ 126.988398150251626, 37.604221659816645 ] ], [ [ 126.989200535952762, 37.603867119483148 ], [ 126.98946294795185, 37.603873525539171 ], [ 126.989108426190654, 37.60389001359718 ], [ 126.989200535952762, 37.603867119483148 ] ], [ [ 126.98946294795185, 37.603873525539171 ], [ 126.98987738995578, 37.603895812412922 ], [ 126.989971540082593, 37.603911462723488 ], [ 126.98946294795185, 37.603873525539171 ] ], [ [ 126.992077031933206, 37.603707613390768 ], [ 126.992249136775612, 37.603662037304296 ], [ 126.99195037386923, 37.60374115578918 ], [ 126.992077031933206, 37.603707613390768 ] ], [ [ 126.992955868225849, 37.603557252338639 ], [ 126.992607537630931, 37.603647667206005 ], [ 126.992990455692706, 37.603572195744455 ], [ 126.992955868225849, 37.603557252338639 ] ], [ [ 126.993387225907895, 37.603290033315616 ], [ 126.993282142744008, 37.603400915369107 ], [ 126.993452813964126, 37.603216373456519 ], [ 126.993387225907895, 37.603290033315616 ] ], [ [ 126.99358036502457, 37.603183514249764 ], [ 126.993687531502303, 37.603154780055725 ], [ 126.993516832919866, 37.603200547545448 ], [ 126.99358036502457, 37.603183514249764 ] ], [ [ 126.993760212396936, 37.603150252912428 ], [ 126.993885161371537, 37.603145440736284 ], [ 126.993687531502303, 37.603154780055725 ], [ 126.993760212396936, 37.603150252912428 ] ], [ [ 126.994074956615805, 37.603003016539056 ], [ 126.994124760655026, 37.602897316353186 ], [ 126.994017749647298, 37.603124416992713 ], [ 126.994074956615805, 37.603003016539056 ] ], [ [ 126.994308878687903, 37.60272305061396 ], [ 126.994331144070486, 37.602706311708722 ], [ 126.994266185697057, 37.602723047997912 ], [ 126.994308878687903, 37.60272305061396 ] ], [ [ 126.995988495092675, 37.602364144606732 ], [ 126.995988495092703, 37.602364144606732 ], [ 126.995744740945938, 37.602625976610291 ], [ 126.99555341966753, 37.602714876093451 ], [ 126.995988495092675, 37.602364144606732 ] ], [ [ 126.996658725616712, 37.602204231606031 ], [ 126.996890548088615, 37.602167561906349 ], [ 126.996549325899849, 37.602225150908446 ], [ 126.996658725616712, 37.602204231606031 ] ], [ [ 126.997346215647696, 37.602172831629829 ], [ 126.997346215647667, 37.602172831629829 ], [ 126.997486457727689, 37.602140734479519 ], [ 126.997346215647696, 37.602172831629829 ] ], [ [ 126.998303594610718, 37.601681132061941 ], [ 126.998239054251172, 37.601760822242383 ], [ 126.998303594610704, 37.601681132061948 ], [ 126.998303594610718, 37.601681132061941 ] ], [ [ 126.998736566599248, 37.601353383415962 ], [ 126.998789228376182, 37.601360296985995 ], [ 126.998631916838818, 37.601428171514669 ], [ 126.998736566599248, 37.601353383415962 ] ], [ [ 126.999006443844607, 37.601380986585902 ], [ 126.999078771104493, 37.601392899101391 ], [ 126.998862912310059, 37.601367649017305 ], [ 126.999006443844607, 37.601380986585902 ] ], [ [ 126.99927940095219, 37.601425933123046 ], [ 126.999754538141289, 37.601585649458976 ], [ 126.999078771104493, 37.601392899101391 ], [ 126.99927940095219, 37.601425933123046 ] ], [ [ 127.000436825020628, 37.601439788519322 ], [ 127.000294133701544, 37.601479615083932 ], [ 127.000952155972016, 37.601401302121992 ], [ 127.000436825020628, 37.601439788519322 ] ], [ [ 127.001028333910185, 37.601395040630756 ], [ 127.001092402266778, 37.601356205154332 ], [ 127.000952155972016, 37.601401302121992 ], [ 127.001028333910185, 37.601395040630756 ] ], [ [ 127.001233778680046, 37.601096851910306 ], [ 127.001259762173973, 37.60102604369586 ], [ 127.001135336941772, 37.601264848958479 ], [ 127.001233778680046, 37.601096851910306 ] ], [ [ 127.001609445449645, 37.600490913950104 ], [ 127.001755401040072, 37.600411077617508 ], [ 127.001513275773434, 37.600545536057332 ], [ 127.001609445449645, 37.600490913950104 ] ], [ [ 127.002071067585902, 37.600047295528547 ], [ 127.002114647969378, 37.59983355040724 ], [ 127.001755401040072, 37.600411077617508 ], [ 127.002071067585902, 37.600047295528547 ] ], [ [ 127.002405004738222, 37.599416893413725 ], [ 127.002425633755337, 37.599407755351528 ], [ 127.002328350175944, 37.599449222938887 ], [ 127.002405004738222, 37.599416893413725 ] ], [ [ 127.0026792337095, 37.599293825704528 ], [ 127.002622490116551, 37.599319261012226 ], [ 127.002502865290822, 37.599372104750579 ], [ 127.002470497264142, 37.599387306406015 ], [ 127.002502865290822, 37.599372104750557 ], [ 127.0026792337095, 37.599293825704507 ], [ 127.002750199934852, 37.599261173344196 ], [ 127.0026792337095, 37.599293825704528 ] ], [ [ 127.002796490188643, 37.599159204042842 ], [ 127.002839292713105, 37.599064154317126 ], [ 127.002814449150392, 37.599119330823214 ], [ 127.002796490188643, 37.599159204042842 ] ], [ [ 127.003022643788242, 37.598833248061901 ], [ 127.003035338155499, 37.598824886242454 ], [ 127.002977165422266, 37.598864546705627 ], [ 127.003022643788242, 37.598833248061901 ] ], [ [ 127.003391691837834, 37.598582354897502 ], [ 127.003334507661833, 37.598620785718772 ], [ 127.003409903626931, 37.598484462735868 ], [ 127.003391691837834, 37.598582354897502 ] ], [ [ 127.003447600842136, 37.598281565116693 ], [ 127.003490047195299, 37.598041537864596 ], [ 127.00346708626823, 37.598176559659159 ], [ 127.003447600842136, 37.598281565116693 ] ], [ [ 127.00439973597328, 37.597454789558718 ], [ 127.004146650071917, 37.597680554962935 ], [ 127.004630619528641, 37.597252933271797 ], [ 127.00439973597328, 37.597454789558718 ] ], [ [ 127.004700932546598, 37.597190496248416 ], [ 127.004911602659462, 37.597162291662187 ], [ 127.004688458191879, 37.597202289365939 ], [ 127.004700932546598, 37.597190496248416 ] ] ] ] } },
{ "type": "Feature", "properties": { "sigungu_cd": "11110", "sigungu_nm": "종로구" }, "geometry": { "type": "MultiPolygon", "coordinates": [ [ [ [ 127.023286308293763, 37.577987634813702 ], [ 127.023181639842534, 37.578073779389769 ], [ 127.023256182428156, 37.578137888914391 ], [ 127.023286308293763, 37.577987634813702 ] ] ], [ [ [ 126.968474532008031, 37.567612497161768 ], [ 126.966697884854284, 37.56582129002696 ], [ 126.953558201100151, 37.578748855425864 ], [ 126.95817317471186, 37.580984572808582 ], [ 126.957529152592471, 37.593507020672099 ], [ 126.959067487233341, 37.595017191970896 ], [ 126.957692510103314, 37.598333057711834 ], [ 126.953175837747466, 37.598713554486295 ], [ 126.952520788980635, 37.602445544199156 ], [ 126.954076966149287, 37.60507446367663 ], [ 126.950321582294521, 37.609128836881617 ], [ 126.950724155398035, 37.615537943674447 ], [ 126.948897968030849, 37.623262743149041 ], [ 126.950453728051386, 37.626418007998701 ], [ 126.957445672701553, 37.629159298359305 ], [ 126.973029505071324, 37.6323748084803 ], [ 126.975388145779988, 37.63173315501907 ], [ 126.97496551383378, 37.629025844982614 ], [ 126.979932549640921, 37.628551384624359 ], [ 126.979602946734531, 37.626370999404827 ], [ 126.986587791142682, 37.613986449444617 ], [ 126.986661526975126, 37.604008542740083 ], [ 126.978521701967196, 37.600992485245889 ], [ 126.976720457518439, 37.597900774270585 ], [ 126.985441427603163, 37.59447740110221 ], [ 126.989197415631722, 37.591268420128024 ], [ 127.000953074272559, 37.59230095961945 ], [ 127.002216434198687, 37.589172163034981 ], [ 127.006659312719478, 37.586217596330521 ], [ 127.006752775020871, 37.582336361622879 ], [ 127.008637979793505, 37.580459932107871 ], [ 127.014811760321578, 37.582334548969875 ], [ 127.016733637534188, 37.581692697658191 ], [ 127.01812103562375, 37.577588976649054 ], [ 127.02313623125265, 37.578029792530309 ], [ 127.02336207552716, 37.571896055188652 ], [ 127.015383483489174, 37.569739323721024 ], [ 126.988927105014639, 37.56810242493917 ], [ 126.97637492858027, 37.56948422872248 ], [ 126.968474532008031, 37.567612497161768 ] ], [ [ 127.003902287045875, 37.575693695525985 ], [ 127.00399331363198, 37.575693693653257 ], [ 127.003941410025817, 37.575693694729694 ], [ 127.003902287045875, 37.575693695525985 ] ], [ [ 127.009794173669974, 37.571354120804656 ], [ 127.009789374743221, 37.571359590136829 ], [ 127.009794433989015, 37.571353823460448 ], [ 127.009794173669974, 37.571354120804656 ] ] ] ] } },
{ "type": "Feature", "properties": { "sigungu_cd": "11470", "sigungu_nm": "양천구" }, "geometry": { "type": "MultiPolygon", "coordinates": [ [ [ [ 126.863969294642331, 37.529792034442799 ], [ 126.863777365681159, 37.540710670136463 ], [ 126.862118450641972, 37.544490635371893 ], [ 126.864466520293277, 37.551242254575158 ], [ 126.872644058312744, 37.547072037451748 ], [ 126.88081448879322, 37.548078969319235 ], [ 126.890155393915492, 37.534376671953517 ], [ 126.888581763362751, 37.532548594279724 ], [ 126.890729440107989, 37.531680773401028 ], [ 126.889774186273627, 37.530078843993564 ], [ 126.887182790407422, 37.53019277219007 ], [ 126.883224476745823, 37.527238930142126 ], [ 126.881006337391838, 37.52773403643625 ], [ 126.880939927049198, 37.525908194239193 ], [ 126.878749036780448, 37.525253617461154 ], [ 126.879383258689188, 37.520513871676528 ], [ 126.87814043803084, 37.518781498055581 ], [ 126.879545939059128, 37.517655542202426 ], [ 126.877325118482403, 37.516034499451045 ], [ 126.877911999458632, 37.513328252967767 ], [ 126.873996689234673, 37.51129739019941 ], [ 126.875198851781718, 37.511789544653432 ], [ 126.876845435996046, 37.51084885165865 ], [ 126.873850121411465, 37.509162140311481 ], [ 126.875040819782626, 37.507713446884345 ], [ 126.873590524125532, 37.503543961949866 ], [ 126.87027489827598, 37.505833904001065 ], [ 126.86352464927279, 37.505051174123459 ], [ 126.862637013273215, 37.506791400993784 ], [ 126.864097306863115, 37.508355167017712 ], [ 126.860316115075875, 37.506609441400485 ], [ 126.858344351352486, 37.509868315904669 ], [ 126.855592898838182, 37.509104688270632 ], [ 126.852907061849109, 37.510643034950704 ], [ 126.847269852570776, 37.509524429700882 ], [ 126.844680215971849, 37.505754943969265 ], [ 126.840762192366441, 37.50601637245704 ], [ 126.835304294285095, 37.502816496720378 ], [ 126.830615186264751, 37.506313242973121 ], [ 126.831013579403617, 37.507976968229734 ], [ 126.823904050529748, 37.509095279037673 ], [ 126.823104345706454, 37.516220147489562 ], [ 126.82568016808284, 37.520249979079892 ], [ 126.825781473059408, 37.524202196717127 ], [ 126.828857885721305, 37.526529585879317 ], [ 126.828300663337671, 37.5290770945943 ], [ 126.825304137759218, 37.529956328885213 ], [ 126.821867737299783, 37.534903052131398 ], [ 126.821602642070829, 37.539756201421838 ], [ 126.825379711323393, 37.541608026486671 ], [ 126.827564358106571, 37.5476815098014 ], [ 126.829748749196696, 37.547707772731904 ], [ 126.829984850678343, 37.541656151726983 ], [ 126.833102428755595, 37.54184940554255 ], [ 126.834404957148806, 37.536457649276947 ], [ 126.8404756221328, 37.52648497341189 ], [ 126.863969294642331, 37.529792034442799 ] ] ] ] } },
{ "type": "Feature", "properties": { "sigungu_cd": "11410", "sigungu_nm": "서대문구" }, "geometry": { "type": "MultiPolygon", "coordinates": [ [ [ [ 126.959133017345096, 37.557243021012752 ], [ 126.936857046105814, 37.555098829795099 ], [ 126.926593785482027, 37.558848503457767 ], [ 126.928282159834396, 37.563332191023562 ], [ 126.926013605705478, 37.565104745727254 ], [ 126.90908707269142, 37.571282720469881 ], [ 126.901827732660507, 37.576540902682382 ], [ 126.912845609440964, 37.587226284810647 ], [ 126.916377511378613, 37.585864379060304 ], [ 126.915935026093749, 37.583089672490132 ], [ 126.921737806714432, 37.583453653532203 ], [ 126.923889743862787, 37.587099376040534 ], [ 126.92798545515673, 37.588387875278556 ], [ 126.927765651723064, 37.591583035383827 ], [ 126.930262183859, 37.594564907624033 ], [ 126.940866237654745, 37.598732909207484 ], [ 126.939944970449986, 37.603058070065856 ], [ 126.95037206777809, 37.610605216492814 ], [ 126.950564662451612, 37.608359683705629 ], [ 126.954042052696565, 37.605073251330644 ], [ 126.952375126361034, 37.602476035968962 ], [ 126.953061098503596, 37.598758628688742 ], [ 126.957714163787657, 37.598367077879402 ], [ 126.959033346554676, 37.595059021387598 ], [ 126.95750800016171, 37.593547277775542 ], [ 126.95817317471186, 37.580984572808582 ], [ 126.953629907581117, 37.578818413667761 ], [ 126.969464786370906, 37.561975157383614 ], [ 126.959133017345096, 37.557243021012752 ] ], [ [ 126.953558201100151, 37.578748855425864 ], [ 126.953552798645575, 37.578743612891117 ], [ 126.953629907581117, 37.578818413667761 ], [ 126.953558201100151, 37.578748855425864 ] ], [ [ 126.953463295492156, 37.578661135129373 ], [ 126.953447199451986, 37.578645557217897 ], [ 126.953428853428221, 37.578627720034326 ], [ 126.953463295492156, 37.578661135129373 ] ], [ [ 126.953143387217878, 37.578361243923545 ], [ 126.95313800186031, 37.578356144706341 ], [ 126.953154075664358, 37.57837207640371 ], [ 126.953143387217878, 37.578361243923545 ] ], [ [ 126.952848665226583, 37.578098259936397 ], [ 126.95282746144629, 37.578085933565688 ], [ 126.95285281755244, 37.578101886617674 ], [ 126.952848665226583, 37.578098259936397 ] ], [ [ 126.952655729567979, 37.57799046728239 ], [ 126.952639739189109, 37.577981743615751 ], [ 126.952666882099791, 37.577996551303862 ], [ 126.952655729567979, 37.57799046728239 ] ], [ [ 126.952319711751926, 37.577557547773253 ], [ 126.952318942805817, 37.577556250031876 ], [ 126.95234046770166, 37.577592519209645 ], [ 126.952319711751926, 37.577557547773253 ] ], [ [ 126.951975754714979, 37.577296458342559 ], [ 126.952160022862017, 37.577387068482025 ], [ 126.952124702253386, 37.577370619710777 ], [ 126.951975754714979, 37.577296458342559 ] ], [ [ 126.951925673329299, 37.577271472774719 ], [ 126.951863000051645, 37.577241527654174 ], [ 126.951936867903697, 37.577277067197983 ], [ 126.951925673329299, 37.577271472774719 ] ], [ [ 126.951766422807466, 37.577193046948587 ], [ 126.951748445863487, 37.577184452965703 ], [ 126.951809916544363, 37.57721538571213 ], [ 126.951766422807466, 37.577193046948587 ] ], [ [ 126.950371653719557, 37.576249973609997 ], [ 126.950257037066962, 37.576131290890793 ], [ 126.950657614809074, 37.576288073752337 ], [ 126.950371653719557, 37.576249973609997 ] ], [ [ 126.948949841218479, 37.575726407218383 ], [ 126.949016505165758, 37.57555096966167 ], [ 126.948949841218493, 37.575726407218383 ], [ 126.948949841218479, 37.575726407218383 ] ], [ [ 126.948974709319728, 37.575230659177926 ], [ 126.948980615204292, 37.57516602516786 ], [ 126.948974709319728, 37.575230659177933 ], [ 126.948974709319728, 37.575230659177926 ] ], [ [ 126.949848195625947, 37.573665930821861 ], [ 126.950060833179137, 37.573365225963897 ], [ 126.949735656241089, 37.574008514938889 ], [ 126.949848195625947, 37.573665930821861 ] ], [ [ 126.952198408503406, 37.570249634227615 ], [ 126.952539559717991, 37.570069614712068 ], [ 126.952045496081737, 37.570280161806295 ], [ 126.952198408503406, 37.570249634227615 ] ], [ [ 126.953204709698909, 37.569567254639665 ], [ 126.953204709698909, 37.569567254639679 ], [ 126.95317741708169, 37.569601547594807 ], [ 126.953204709698909, 37.569567254639665 ] ], [ [ 126.954473981340314, 37.570149877503596 ], [ 126.954487423161751, 37.570158955805404 ], [ 126.954194002012997, 37.570048287342921 ], [ 126.954473981340314, 37.570149877503596 ] ], [ [ 126.954618144667975, 37.570278478800063 ], [ 126.954539989464095, 37.570197082514539 ], [ 126.95455283079383, 37.570207067567296 ], [ 126.954618144667975, 37.570278478800063 ] ], [ [ 126.954618144667975, 37.570278478800063 ], [ 126.954729207200145, 37.570375775496416 ], [ 126.954758598521863, 37.570402555489714 ], [ 126.95479635146215, 37.570434969958868 ], [ 126.954758598521849, 37.570402555489714 ], [ 126.954618144667975, 37.570278478800063 ] ], [ [ 126.954932795712679, 37.570563991274476 ], [ 126.954932795712693, 37.570563991274483 ], [ 126.954960460129612, 37.570601185954459 ], [ 126.954932795712679, 37.570563991274476 ] ], [ [ 126.954945310523229, 37.570680439876938 ], [ 126.95493984061757, 37.570713992441902 ], [ 126.95494689308353, 37.570666537482602 ], [ 126.954945310523229, 37.570680439876938 ] ], [ [ 126.954942204974984, 37.57072320854278 ], [ 126.954942204975012, 37.570723208542773 ], [ 126.954965549834611, 37.57076906444167 ], [ 126.954942204974984, 37.57072320854278 ] ], [ [ 126.954977479119009, 37.570792098464686 ], [ 126.954995116927947, 37.570825392410399 ], [ 126.954986772689608, 37.570809955201256 ], [ 126.954977479119009, 37.570792098464686 ] ], [ [ 126.955041631961478, 37.570929988381721 ], [ 126.955044198416402, 37.57093496284449 ], [ 126.955006113559023, 37.570853228255707 ], [ 126.955041631961478, 37.570929988381721 ] ], [ [ 126.955049807365512, 37.570943920870654 ], [ 126.955054791175442, 37.570957005174463 ], [ 126.955044198416402, 37.57093496284449 ], [ 126.955049807365512, 37.570943920870654 ] ], [ [ 126.955057142190654, 37.570962574204046 ], [ 126.955060711163085, 37.570971530638971 ], [ 126.955054791175442, 37.570957005174463 ], [ 126.955057142190654, 37.570962574204046 ] ], [ [ 126.955092376913186, 37.571040613604382 ], [ 126.955065439481103, 37.570980750392138 ], [ 126.955092376913214, 37.571040613604382 ], [ 126.955106598166992, 37.571070919413721 ], [ 126.955111764193418, 37.57108225587028 ], [ 126.955092376913186, 37.571040613604382 ] ], [ [ 126.95512236517196, 37.571109361747972 ], [ 126.955124604729733, 37.571112143676821 ], [ 126.955111764193418, 37.57108225587028 ], [ 126.95512236517196, 37.571109361747972 ] ], [ [ 126.955135990159818, 37.5711337838692 ], [ 126.955152144509682, 37.571174196457427 ], [ 126.955132537002541, 37.571125745701856 ], [ 126.955135990159818, 37.5711337838692 ] ], [ [ 126.955411876234962, 37.571227724346613 ], [ 126.95519613118374, 37.571188767732728 ], [ 126.955244076059373, 37.571196931463419 ], [ 126.955411876234962, 37.571227724346613 ] ], [ [ 126.955928956122648, 37.571219650528697 ], [ 126.955943210602555, 37.571218885351932 ], [ 126.95582944200126, 37.571224999966226 ], [ 126.955928956122648, 37.571219650528697 ] ], [ [ 126.956185774684954, 37.571202900948705 ], [ 126.956192229852533, 37.5712026044718 ], [ 126.956179820333716, 37.571203277077117 ], [ 126.956185774684954, 37.571202900948705 ] ], [ [ 126.956291990523923, 37.571196634770764 ], [ 126.95629372768947, 37.571196549261252 ], [ 126.956283344840173, 37.571197154478483 ], [ 126.956291990523923, 37.571196634770764 ] ], [ [ 126.956446181262621, 37.571186467525571 ], [ 126.956429100279834, 37.571187883732023 ], [ 126.956531036142749, 37.571181508417773 ], [ 126.956446181262621, 37.571186467525571 ] ], [ [ 126.956774094463952, 37.571156931740184 ], [ 126.956526409973407, 37.571175596175372 ], [ 126.956526409973392, 37.571175596175351 ], [ 126.956774094463952, 37.571156931740184 ] ], [ [ 126.956778010059608, 37.57115859104151 ], [ 126.956944132045052, 37.571144809469693 ], [ 126.956778010059608, 37.571158591041538 ], [ 126.956774094463952, 37.571156931740184 ], [ 126.956778010059608, 37.57115859104151 ] ], [ [ 126.958070353131077, 37.571228314616789 ], [ 126.958091610209166, 37.571230358669951 ], [ 126.957967641668787, 37.571218453766775 ], [ 126.958070353131077, 37.571228314616789 ] ], [ [ 126.958435957835178, 37.571292775258989 ], [ 126.958339209866196, 37.571260245149048 ], [ 126.958295863890299, 37.57124601170171 ], [ 126.958435957835178, 37.571292775258989 ] ], [ [ 126.958568275051903, 37.571337255035154 ], [ 126.958576041683457, 37.571339825675253 ], [ 126.958471077917622, 37.571304581342091 ], [ 126.958568275051903, 37.571337255035154 ] ], [ [ 126.958600495574771, 37.571348601177803 ], [ 126.958600654013622, 37.571348664304551 ], [ 126.958585918898677, 37.571343322096126 ], [ 126.958600495574771, 37.571348601177803 ] ], [ [ 126.958645019112993, 37.571362483555518 ], [ 126.958662055297253, 37.571368880744565 ], [ 126.958641567240178, 37.57136140111669 ], [ 126.958645019112993, 37.571362483555518 ] ], [ [ 126.958712075620241, 37.571384185651901 ], [ 126.958713652786059, 37.571384435580804 ], [ 126.958708256860987, 37.571383584502279 ], [ 126.958712075620241, 37.571384185651901 ] ], [ [ 126.958742541170082, 37.571396351018208 ], [ 126.958761062542322, 37.571402550001963 ], [ 126.958728466838849, 37.571389801895947 ], [ 126.958742541170082, 37.571396351018208 ] ], [ [ 126.959147401578264, 37.571533375062934 ], [ 126.959178559814603, 37.57154405196723 ], [ 126.959045035016075, 37.571498316888899 ], [ 126.959147401578264, 37.571533375062934 ] ], [ [ 126.959193183418165, 37.571544419573925 ], [ 126.959193183418165, 37.571544419573897 ], [ 126.959197831823332, 37.571551457954101 ], [ 126.959193183418165, 37.571544419573925 ] ], [ [ 126.959331514682546, 37.571596113698675 ], [ 126.95951996191431, 37.571661745759016 ], [ 126.959229318043811, 37.571560524162727 ], [ 126.959331514682546, 37.571596113698675 ] ], [ [ 126.959527239440121, 37.57166359537235 ], [ 126.959555918291642, 37.571672966831017 ], [ 126.95951996191431, 37.571661745759016 ], [ 126.959527239440121, 37.57166359537235 ] ], [ [ 126.959555918291642, 37.571672966831017 ], [ 126.959731147609716, 37.571733025750994 ], [ 126.959780477187678, 37.571749609355187 ], [ 126.959555918291642, 37.571672966831017 ] ], [ [ 126.959987060736324, 37.571819601857513 ], [ 126.960000683523248, 37.571824645220644 ], [ 126.95993373201199, 37.571801986796892 ], [ 126.959987060736324, 37.571819601857513 ] ] ] ] } },
{ "type": "Feature", "properties": { "sigungu_cd": "11440", "sigungu_nm": "마포구" }, "geometry": { "type": "MultiPolygon", "coordinates": [ [ [ [ 126.930096237767458, 37.541434511665692 ], [ 126.92687354129697, 37.539086947384767 ], [ 126.922423777535471, 37.54142961710486 ], [ 126.917138915844362, 37.541425901582741 ], [ 126.91711530346123, 37.542518049231553 ], [ 126.917138915844362, 37.541425901582734 ], [ 126.904837830656746, 37.541416805206993 ], [ 126.898943016153467, 37.548007864769232 ], [ 126.863969334741896, 37.564383234123298 ], [ 126.854877864468449, 37.570196727183365 ], [ 126.853628283375684, 37.573799116037115 ], [ 126.864940906480797, 37.577472353701424 ], [ 126.8762602803383, 37.578185179810085 ], [ 126.877683119778695, 37.579770983753072 ], [ 126.876537664465346, 37.584440395628434 ], [ 126.882058168820578, 37.590794702085525 ], [ 126.888690225015779, 37.584742465295434 ], [ 126.909084084357119, 37.571227721854648 ], [ 126.926699216501035, 37.564614981329257 ], [ 126.928282930228193, 37.5633314346708 ], [ 126.926593939320696, 37.558853107611696 ], [ 126.936863754665936, 37.555101761686437 ], [ 126.941371589924259, 37.556544295364311 ], [ 126.9591342520051, 37.557241165416777 ], [ 126.961627254599847, 37.559082161369155 ], [ 126.963095741394099, 37.558216220636211 ], [ 126.961726089402489, 37.554789211907078 ], [ 126.963742248885481, 37.548759110617461 ], [ 126.957905100877369, 37.545453857220025 ], [ 126.958175996335669, 37.54231220708192 ], [ 126.951283842846635, 37.5362856200409 ], [ 126.946273834610835, 37.535693592704078 ], [ 126.944580306190019, 37.533772681586832 ], [ 126.932898214894792, 37.540530639844398 ], [ 126.930096237767458, 37.541434511665692 ] ], [ [ 126.917096114962177, 37.542897434203255 ], [ 126.917094928391265, 37.542926174996218 ], [ 126.91711530346123, 37.542518049231553 ], [ 126.917096114962177, 37.542897434203255 ] ], [ [ 126.917073435040919, 37.54292102397536 ], [ 126.917069380306501, 37.542919412805311 ], [ 126.917094928391265, 37.542926174996218 ], [ 126.917073435040919, 37.54292102397536 ] ], [ [ 126.932443032191244, 37.554736159367593 ], [ 126.932422664024273, 37.554733264280586 ], [ 126.932496218037528, 37.554741236013221 ], [ 126.932443032191244, 37.554736159367593 ] ], [ [ 126.932322404357109, 37.554722303591568 ], [ 126.932315237510878, 37.554721578599306 ], [ 126.932355605722378, 37.554725656706566 ], [ 126.932322404357109, 37.554722303591568 ] ], [ [ 126.932202793440027, 37.554710250269544 ], [ 126.932094091255721, 37.554699293438595 ], [ 126.932275367205179, 37.554717560825296 ], [ 126.932202793440027, 37.554710250269544 ] ], [ [ 126.932936302847807, 37.554165786725548 ], [ 126.932973890385284, 37.554149473597221 ], [ 126.932885688407751, 37.554195489995926 ], [ 126.932936302847807, 37.554165786725548 ] ], [ [ 126.93338620024754, 37.553867972556979 ], [ 126.933287284176203, 37.553953340105309 ], [ 126.933386200247412, 37.553867972557065 ], [ 126.93338620024754, 37.553867972556979 ] ], [ [ 126.928405668559151, 37.54143347726751 ], [ 126.926501278076145, 37.541432282917384 ], [ 126.930081334199826, 37.541434502546736 ], [ 126.928405668559151, 37.54143347726751 ] ], [ [ 126.900721429033183, 37.550633612925353 ], [ 126.902331779780155, 37.551146081441068 ], [ 126.902354946184659, 37.551153606148652 ], [ 126.900721429033183, 37.550633612925353 ] ], [ [ 126.902736311295001, 37.551276658716375 ], [ 126.902736311295001, 37.551276658716382 ], [ 126.902650059037796, 37.551248736915483 ], [ 126.902736311295001, 37.551276658716375 ] ], [ [ 126.902918760817514, 37.551334393503403 ], [ 126.903149885738046, 37.551407593523493 ], [ 126.90315336995323, 37.551408587515446 ], [ 126.903149885738046, 37.5514075935235 ], [ 126.902918760817514, 37.551334393503438 ], [ 126.902865391093314, 37.551317644564442 ], [ 126.902835767896519, 37.551308232184006 ], [ 126.902918760817514, 37.551334393503403 ] ], [ [ 126.903157578041274, 37.551409879437102 ], [ 126.903883032928775, 37.551642270297741 ], [ 126.90315336995323, 37.551408587515446 ], [ 126.903157578041274, 37.551409879437102 ] ], [ [ 126.904012790956827, 37.551684814164012 ], [ 126.904012790956855, 37.551684814164027 ], [ 126.903998763357052, 37.551680357017908 ], [ 126.904012790956827, 37.551684814164012 ] ], [ [ 126.904252144331807, 37.551750018022602 ], [ 126.904252144331835, 37.551750018022624 ], [ 126.904203459279955, 37.551739218141449 ], [ 126.904252144331807, 37.551750018022602 ] ], [ [ 126.904555948421759, 37.551848818205791 ], [ 126.904774305995844, 37.551917355450414 ], [ 126.904898571268845, 37.551955109582579 ], [ 126.904555948421759, 37.551848818205791 ] ], [ [ 126.905278504001629, 37.552116030392433 ], [ 126.905278504001629, 37.55211603039244 ], [ 126.905265235304611, 37.552112014015655 ], [ 126.905278504001629, 37.552116030392433 ] ], [ [ 126.906626858145088, 37.552554165016147 ], [ 126.906626858145088, 37.552554165016154 ], [ 126.906519913362985, 37.552519291790404 ], [ 126.906626858145088, 37.552554165016147 ] ], [ [ 126.906677210888347, 37.552532915066969 ], [ 126.906657752646169, 37.552491949426063 ], [ 126.906657752646183, 37.552491949426035 ], [ 126.906677210888347, 37.552532915066969 ] ], [ [ 126.906786113192283, 37.552568087047455 ], [ 126.906952401580753, 37.552622405893295 ], [ 126.907059154827053, 37.552656882137981 ], [ 126.906952401580753, 37.55262240589331 ], [ 126.906844415677227, 37.552587315890271 ], [ 126.906786113192283, 37.552568087047455 ] ], [ [ 126.90720251376186, 37.552703776146288 ], [ 126.90720251376186, 37.552703776146309 ], [ 126.907164470777872, 37.552691483276192 ], [ 126.90720251376186, 37.552703776146288 ] ], [ [ 126.908122009995438, 37.553035936268991 ], [ 126.908122009995438, 37.553035936269005 ], [ 126.907966403789914, 37.552985564761372 ], [ 126.908122009995438, 37.553035936268991 ] ], [ [ 126.909636613201741, 37.553525833735009 ], [ 126.910088964434394, 37.553673223345534 ], [ 126.910302323435587, 37.553740772108014 ], [ 126.909636613201741, 37.553525833735009 ] ], [ [ 126.910650590114585, 37.553851692527232 ], [ 126.910650590114585, 37.553851692527239 ], [ 126.910593993471679, 37.553833798744535 ], [ 126.910650590114585, 37.553851692527232 ] ], [ [ 126.91085283546991, 37.553917683338874 ], [ 126.91085283546991, 37.553917683338881 ], [ 126.910818871262563, 37.55390677929141 ], [ 126.91085283546991, 37.553917683338874 ] ], [ [ 126.911178909494822, 37.554023249992568 ], [ 126.91126577348065, 37.554051269632701 ], [ 126.911054922406777, 37.553983952989157 ], [ 126.911178909494822, 37.554023249992568 ] ], [ [ 126.911475229779555, 37.554121206722648 ], [ 126.911475229779526, 37.554121206722648 ], [ 126.911421846252381, 37.554103290346823 ], [ 126.911475229779555, 37.554121206722648 ] ], [ [ 126.911616302203072, 37.554295610750785 ], [ 126.911616302203072, 37.554295610750778 ], [ 126.911624791721366, 37.554286514804758 ], [ 126.911616302203072, 37.554295610750785 ] ], [ [ 126.91088480706, 37.555103690114606 ], [ 126.91088480706, 37.555103690114592 ], [ 126.911015582444222, 37.554958730957551 ], [ 126.91088480706, 37.555103690114606 ] ], [ [ 126.908820893286929, 37.557386547506042 ], [ 126.908820893286929, 37.557386547506034 ], [ 126.908836630461437, 37.557400146778505 ], [ 126.908820893286929, 37.557386547506042 ] ], [ [ 126.909292146707912, 37.557678242497495 ], [ 126.909292146707912, 37.557678242497502 ], [ 126.909285993527718, 37.557675336504943 ], [ 126.909292146707912, 37.557678242497495 ] ], [ [ 126.909374752242186, 37.557716193599852 ], [ 126.909374752242186, 37.557716193599866 ], [ 126.909350645072209, 37.557707588354525 ], [ 126.909374752242186, 37.557716193599852 ] ], [ [ 126.909652282272461, 37.557771289121959 ], [ 126.909652282272461, 37.557771289121973 ], [ 126.909519638754887, 37.557753976948561 ], [ 126.909652282272461, 37.557771289121959 ] ], [ [ 126.909941965421666, 37.55780984223955 ], [ 126.909941965421666, 37.557809842239578 ], [ 126.909929407167198, 37.557808435216891 ], [ 126.909941965421666, 37.55780984223955 ] ], [ [ 126.910007167050793, 37.557818317041637 ], [ 126.910007167050793, 37.557818317041665 ], [ 126.909979067820757, 37.557814532727974 ], [ 126.910007167050793, 37.557818317041637 ] ], [ [ 126.910358197404364, 37.55788028833544 ], [ 126.910358197404392, 37.557880288335447 ], [ 126.910356426956724, 37.557879901644043 ], [ 126.910358197404364, 37.55788028833544 ] ], [ [ 126.910598310645355, 37.557937100659849 ], [ 126.910598310645355, 37.557937100659856 ], [ 126.910565013058317, 37.557928749863223 ], [ 126.910598310645355, 37.557937100659849 ] ], [ [ 126.910737263368304, 37.557969183690602 ], [ 126.910737263368304, 37.557969183690624 ], [ 126.910711013684335, 37.557963253014933 ], [ 126.910737263368304, 37.557969183690602 ] ], [ [ 126.910921441985707, 37.558010167003658 ], [ 126.910921441985707, 37.558010167003673 ], [ 126.910858408698104, 37.557995968566146 ], [ 126.910921441985707, 37.558010167003658 ] ], [ [ 126.910923864343985, 37.558019196777281 ], [ 126.910923864343985, 37.558019196777266 ], [ 126.910965628214527, 37.558028349523632 ], [ 126.910923864343985, 37.558019196777281 ] ], [ [ 126.911046185889489, 37.558046770745101 ], [ 126.911046185889504, 37.558046770745115 ], [ 126.911026939882632, 37.558042289152901 ], [ 126.911046185889489, 37.558046770745101 ] ], [ [ 126.911196540927179, 37.558074663359868 ], [ 126.911196540927179, 37.558074663359875 ], [ 126.911172972839481, 37.558069239389944 ], [ 126.911196540927179, 37.558074663359868 ] ], [ [ 126.911363825306296, 37.558113578802079 ], [ 126.911363825306267, 37.5581135788021 ], [ 126.911350700978034, 37.558110145020507 ], [ 126.911363825306296, 37.558113578802079 ] ], [ [ 126.911524106766279, 37.558150389364457 ], [ 126.911403611373601, 37.558122965032595 ], [ 126.911524106766294, 37.558150389364435 ], [ 126.911524106766279, 37.558150389364457 ] ], [ [ 126.911662132280853, 37.558182434559811 ], [ 126.911662132280824, 37.558182434559811 ], [ 126.91163173895967, 37.558177528059701 ], [ 126.911662132280853, 37.558182434559811 ] ], [ [ 126.91187816892004, 37.558234721007651 ], [ 126.91187816892004, 37.558234721007665 ], [ 126.911866639623099, 37.558231883147421 ], [ 126.91187816892004, 37.558234721007651 ] ], [ [ 126.912306212473595, 37.558302610390001 ], [ 126.912306212473595, 37.558302610390015 ], [ 126.912295333223526, 37.558301935437321 ], [ 126.912306212473595, 37.558302610390001 ] ], [ [ 126.912338464834079, 37.558305130494468 ], [ 126.912433162242706, 37.558312581082333 ], [ 126.91232652579636, 37.558304202467419 ], [ 126.912338464834079, 37.558305130494468 ] ], [ [ 126.912575540742537, 37.558320274747707 ], [ 126.912575540742509, 37.558320274747707 ], [ 126.912574452652606, 37.558320217686735 ], [ 126.912575540742537, 37.558320274747707 ] ], [ [ 126.912851604774303, 37.558336574045306 ], [ 126.912829552896525, 37.558335101476743 ], [ 126.912851604774303, 37.558336574045299 ], [ 126.912851604774303, 37.558336574045306 ] ], [ [ 126.912875953811366, 37.558370811907722 ], [ 126.912875953811394, 37.558370811907757 ], [ 126.912843946850913, 37.558409485373453 ], [ 126.912875953811366, 37.558370811907722 ] ], [ [ 126.913157357014342, 37.558351336206037 ], [ 126.913157357014342, 37.558351336206051 ], [ 126.913124971446351, 37.558350403762354 ], [ 126.913157357014342, 37.558351336206037 ] ], [ [ 126.913337444506169, 37.558341235593488 ], [ 126.913337444506183, 37.558341235593488 ], [ 126.913316992312375, 37.558343435561717 ], [ 126.913337444506169, 37.558341235593488 ] ], [ [ 126.914077013582656, 37.558308647199397 ], [ 126.914077013582684, 37.558308647199404 ], [ 126.913817538726249, 37.558319135762297 ], [ 126.914077013582656, 37.558308647199397 ] ], [ [ 126.915116026161527, 37.558284742969697 ], [ 126.915116026161527, 37.558284742969711 ], [ 126.91511489444413, 37.558284700095399 ], [ 126.915116026161527, 37.558284742969697 ] ], [ [ 126.915368200141216, 37.558290234055519 ], [ 126.915368200141216, 37.558290234055548 ], [ 126.915367545813609, 37.558290616627083 ], [ 126.915368200141216, 37.558290234055519 ] ], [ [ 126.915393804741186, 37.558224467212327 ], [ 126.915394207770419, 37.5582217237653 ], [ 126.915394207770419, 37.558221723765321 ], [ 126.915393804741186, 37.558224467212327 ] ], [ [ 126.915994132451303, 37.558322340843752 ], [ 126.915994132451303, 37.558322340843766 ], [ 126.915950225207766, 37.55831767793898 ], [ 126.915994132451303, 37.558322340843752 ] ], [ [ 126.916045970546719, 37.558329496196265 ], [ 126.916045970546719, 37.558329496196272 ], [ 126.916039358320575, 37.558328560386833 ], [ 126.916045970546719, 37.558329496196265 ] ], [ [ 126.916431868246349, 37.558410089109692 ], [ 126.916431868246363, 37.558410089109707 ], [ 126.916415882483307, 37.558404698681919 ], [ 126.916431868246349, 37.558410089109692 ] ], [ [ 126.916637037468846, 37.558478018216512 ], [ 126.916637037468846, 37.558478018216519 ], [ 126.916624387808355, 37.558473674263681 ], [ 126.916637037468846, 37.558478018216512 ] ], [ [ 126.916673195216816, 37.558490027363703 ], [ 126.916673195216845, 37.558490027363732 ], [ 126.916665937974031, 37.558487702230565 ], [ 126.916673195216816, 37.558490027363703 ] ], [ [ 126.916784871581399, 37.558525930898888 ], [ 126.916830736810709, 37.558540731021097 ], [ 126.916743814440764, 37.558512855100879 ], [ 126.916784871581399, 37.558525930898888 ] ], [ [ 126.91706614726688, 37.558619069475675 ], [ 126.917082767764128, 37.55863310623922 ], [ 126.916830736810709, 37.558540731021097 ], [ 126.91706614726688, 37.558619069475675 ] ], [ [ 126.917358872314836, 37.558867501073877 ], [ 126.917346141732281, 37.558855562121543 ], [ 126.917358872314836, 37.55886750107387 ], [ 126.917358872314836, 37.558867501073877 ] ], [ [ 126.917411853875237, 37.558915057007482 ], [ 126.917411853875237, 37.558915057007496 ], [ 126.91737564866574, 37.558884583773768 ], [ 126.917411853875237, 37.558915057007482 ] ], [ [ 126.918754177257483, 37.557555835666562 ], [ 126.920553958352087, 37.556008119864437 ], [ 126.92060541615318, 37.555968169204853 ], [ 126.918754177257483, 37.557555835666562 ] ], [ [ 126.92060541615318, 37.555968169204853 ], [ 126.920868249440915, 37.555747750643789 ], [ 126.920988227641018, 37.555645091458743 ], [ 126.92060541615318, 37.555968169204853 ] ], [ [ 126.921191018471816, 37.555471679329948 ], [ 126.921500816786647, 37.555207298668186 ], [ 126.921411749465378, 37.555283750375985 ], [ 126.921191018471816, 37.555471679329948 ] ], [ [ 126.92212186895604, 37.554677413182517 ], [ 126.922121868956097, 37.554677413182496 ], [ 126.922039538721677, 37.554747730807961 ], [ 126.92212186895604, 37.554677413182517 ] ], [ [ 126.922343545265946, 37.554488173902556 ], [ 126.922522377994966, 37.554466741991995 ], [ 126.922595172342241, 37.554539335345638 ], [ 126.922343545265946, 37.554488173902556 ] ], [ [ 126.922903366324093, 37.554845340026894 ], [ 126.922903366324093, 37.554845340026922 ], [ 126.922794962799216, 37.554738128044242 ], [ 126.922903366324093, 37.554845340026894 ] ], [ [ 126.923848797143791, 37.555721457691398 ], [ 126.923848797143791, 37.555721457691405 ], [ 126.923740280084161, 37.555634020167716 ], [ 126.923848797143791, 37.555721457691398 ] ], [ [ 126.924321203430466, 37.556028374357105 ], [ 126.924321203430466, 37.556028374357126 ], [ 126.924287158387017, 37.556008890707417 ], [ 126.924321203430466, 37.556028374357105 ] ], [ [ 126.924508299297969, 37.556118505418688 ], [ 126.924508299297983, 37.556118505418695 ], [ 126.924395970959679, 37.55606720182012 ], [ 126.924508299297969, 37.556118505418688 ] ], [ [ 126.925067084449609, 37.556293119974121 ], [ 126.927079231047159, 37.556830224269184 ], [ 126.924679875020672, 37.556186051034501 ], [ 126.925067084449609, 37.556293119974121 ] ], [ [ 126.927127456429758, 37.55681710021031 ], [ 126.927198547853777, 37.556799125180987 ], [ 126.927079231047159, 37.556830224269184 ], [ 126.927127456429758, 37.55681710021031 ] ], [ [ 126.927224584356907, 37.55679269948854 ], [ 126.927250734050034, 37.556786251333882 ], [ 126.927198547853777, 37.556799125180987 ], [ 126.927224584356907, 37.55679269948854 ] ], [ [ 126.927448273855504, 37.556735311819303 ], [ 126.927448273855532, 37.556735311819303 ], [ 126.927430727292176, 37.556739895859259 ], [ 126.927448273855504, 37.556735311819303 ] ], [ [ 126.927518913140759, 37.556716615521289 ], [ 126.927518913140759, 37.556716615521296 ], [ 126.927518290548704, 37.556716750279584 ], [ 126.927518913140759, 37.556716615521289 ] ], [ [ 126.927845278701341, 37.556631315666294 ], [ 126.927845278701326, 37.556631315666301 ], [ 126.927799171526033, 37.55660836569448 ], [ 126.927845278701341, 37.556631315666294 ] ], [ [ 126.92795007566211, 37.556518577076361 ], [ 126.928038105509714, 37.55650320873783 ], [ 126.92768137010404, 37.556549403406933 ], [ 126.92795007566211, 37.556518577076361 ] ], [ [ 126.928390189958648, 37.556422714846548 ], [ 126.928390189958648, 37.556422714846555 ], [ 126.928270315573897, 37.556453246108148 ], [ 126.928390189958648, 37.556422714846548 ] ], [ [ 126.929422256227767, 37.556035383252713 ], [ 126.929422256227767, 37.556035383252734 ], [ 126.928606082211076, 37.556351219658467 ], [ 126.929422256227767, 37.556035383252713 ] ], [ [ 126.929738775891579, 37.555850152352811 ], [ 126.930261561110285, 37.555547646252606 ], [ 126.930375906362215, 37.555481604713684 ], [ 126.930055018830245, 37.555668632509239 ], [ 126.929738775891579, 37.555850152352811 ] ], [ [ 126.930652674675372, 37.55532002124486 ], [ 126.93085288954444, 37.555202987273574 ], [ 126.930841663400457, 37.555209583033196 ], [ 126.930652674675386, 37.555320021244867 ], [ 126.930556836598711, 37.555376276056577 ], [ 126.930652674675372, 37.55532002124486 ] ], [ [ 126.931214659286681, 37.55498906312561 ], [ 126.931298630599755, 37.55462943782684 ], [ 126.931139675928179, 37.555033725617662 ], [ 126.931214659286681, 37.55498906312561 ] ], [ [ 126.916690648889059, 37.543080207180765 ], [ 126.916815838770816, 37.543055259912144 ], [ 126.916689138187664, 37.543091117810668 ], [ 126.916690648889059, 37.543080207180765 ] ], [ [ 126.916682744502594, 37.543505172317737 ], [ 126.916667552468581, 37.543491132960931 ], [ 126.91673886846651, 37.543535675154878 ], [ 126.916682744502594, 37.543505172317737 ] ], [ [ 126.916977014204377, 37.543665066120646 ], [ 126.916977014204377, 37.543665066120639 ], [ 126.917233840575634, 37.5440274664005 ], [ 126.916977014204377, 37.543665066120646 ] ], [ [ 126.917407406901503, 37.544412304590381 ], [ 126.917407406901489, 37.544412304590381 ], [ 126.917374022641113, 37.544173617122482 ], [ 126.917407406901503, 37.544412304590381 ] ], [ [ 126.917647603380203, 37.544613585769746 ], [ 126.917680485288585, 37.544837000978767 ], [ 126.917685116998683, 37.544841758885234 ], [ 126.917647603380203, 37.544613585769746 ] ], [ [ 126.918396918913174, 37.544861491822729 ], [ 126.918452763270807, 37.544931375984731 ], [ 126.918452763270793, 37.544931375984739 ], [ 126.918396918913174, 37.544861491822729 ] ], [ [ 126.91846189989117, 37.544926967552264 ], [ 126.918637876147017, 37.545002792501144 ], [ 126.918604678037823, 37.544990731949625 ], [ 126.91846189989117, 37.544926967552264 ] ], [ [ 126.918665092510111, 37.545041707405417 ], [ 126.918665092510082, 37.545041707405431 ], [ 126.918650812341795, 37.545021078193038 ], [ 126.918665092510111, 37.545041707405417 ] ], [ [ 126.918664274228135, 37.545085819378457 ], [ 126.918661714007115, 37.54510205345008 ], [ 126.918665824096379, 37.545075936588361 ], [ 126.918664274228135, 37.545085819378457 ] ], [ [ 126.918633179674458, 37.545166760659576 ], [ 126.918633179674458, 37.545166760659569 ], [ 126.918661000454122, 37.545191269133163 ], [ 126.918633179674458, 37.545166760659576 ] ], [ [ 126.918660659905015, 37.545202468219131 ], [ 126.918670850997685, 37.545216620936387 ], [ 126.918660659905015, 37.545202468219138 ], [ 126.918660659905015, 37.545202468219131 ] ], [ [ 126.918714538902549, 37.54529003733834 ], [ 126.918714538902535, 37.545290037338347 ], [ 126.918670850997685, 37.545216620936387 ], [ 126.918714538902549, 37.54529003733834 ] ], [ [ 126.918672114114699, 37.545332939829635 ], [ 126.918682720311665, 37.54532221420682 ], [ 126.918672112620186, 37.545333074581819 ], [ 126.918672114114699, 37.545332939829635 ] ], [ [ 126.918762588941888, 37.545378953834394 ], [ 126.918762588941917, 37.545378953834394 ], [ 126.918804823890824, 37.545456648892497 ], [ 126.918762588941888, 37.545378953834394 ] ], [ [ 126.918852568717668, 37.545565972593003 ], [ 126.918830600268677, 37.545529151708081 ], [ 126.918855376363297, 37.545585255776274 ], [ 126.918852568717668, 37.545565972593003 ] ], [ [ 126.918883536556251, 37.545599772437782 ], [ 126.918913664586313, 37.545615299579538 ], [ 126.918855376363297, 37.545585255776274 ], [ 126.918883536556251, 37.545599772437782 ] ], [ [ 126.918923119181628, 37.545620171546616 ], [ 126.91908808956974, 37.545940589278317 ], [ 126.919105750061888, 37.545964306689022 ], [ 126.91908808956974, 37.545940589278324 ], [ 126.918923119181628, 37.545620171546638 ], [ 126.918913664586313, 37.545615299579538 ], [ 126.918923119181628, 37.545620171546616 ] ], [ [ 126.919157579117524, 37.546033890375924 ], [ 126.919197110441146, 37.546101221998569 ], [ 126.919105750061888, 37.545964306689022 ], [ 126.919157579117524, 37.546033890375924 ] ], [ [ 126.919197110441146, 37.546101221998569 ], [ 126.919269088618037, 37.546247061571059 ], [ 126.919275129141738, 37.546259310251038 ], [ 126.919197110441146, 37.546101221998569 ] ], [ [ 126.919335550978133, 37.546397699541686 ], [ 126.919320583770471, 37.546363421419038 ], [ 126.919351991222143, 37.546435358904638 ], [ 126.919335550978133, 37.546397699541686 ] ], [ [ 126.919516625091575, 37.546833860173599 ], [ 126.919487184318029, 37.546768887263106 ], [ 126.919811111963696, 37.547444756170435 ], [ 126.919516625091575, 37.546833860173599 ] ], [ [ 126.920004954524899, 37.547861418354024 ], [ 126.92000029819404, 37.547851401938729 ], [ 126.920027857468668, 37.547906396376227 ], [ 126.920004954524899, 37.547861418354024 ] ], [ [ 126.92025609689864, 37.548347405849292 ], [ 126.920223290410703, 37.548337832763679 ], [ 126.920222303590307, 37.548335616901106 ], [ 126.920223290410703, 37.548337832763664 ], [ 126.920250894204472, 37.548344879493953 ], [ 126.92025609689864, 37.548347405849292 ] ], [ [ 126.920595802232157, 37.548499510181429 ], [ 126.920595802232157, 37.548499510181408 ], [ 126.92060934559737, 37.548490996086187 ], [ 126.920595802232157, 37.548499510181429 ] ], [ [ 126.921074578658093, 37.54863664378265 ], [ 126.921074578658121, 37.548636643782658 ], [ 126.92116566965349, 37.548693549324334 ], [ 126.921074578658093, 37.54863664378265 ] ], [ [ 126.921574239453022, 37.548950014410494 ], [ 126.921431556108132, 37.548862260315573 ], [ 126.921525552063855, 37.5489227805217 ], [ 126.921574239453022, 37.548950014410494 ] ], [ [ 126.921820928050636, 37.549072409594487 ], [ 126.92182092805065, 37.549072409594487 ], [ 126.921907544935024, 37.549123635297484 ], [ 126.921820928050636, 37.549072409594487 ] ], [ [ 126.922012849071223, 37.549277703616532 ], [ 126.922012849071223, 37.549277703616504 ], [ 126.922113693839961, 37.5493688616532 ], [ 126.922012849071223, 37.549277703616532 ] ], [ [ 126.922113693839961, 37.5493688616532 ], [ 126.922242006327551, 37.549489500448537 ], [ 126.922246797211884, 37.549507027937757 ], [ 126.922113693839961, 37.5493688616532 ] ], [ [ 126.922343648760119, 37.549575973668681 ], [ 126.922343648760176, 37.549575973668681 ], [ 126.922471479885502, 37.549665151284394 ], [ 126.922343648760119, 37.549575973668681 ] ], [ [ 126.922550587219348, 37.549718919290264 ], [ 126.922550587219376, 37.549718919290264 ], [ 126.922592435220409, 37.549741209592369 ], [ 126.922550587219348, 37.549718919290264 ] ], [ [ 126.922721351964313, 37.549825800779359 ], [ 126.922721351964313, 37.549825800779338 ], [ 126.922724526284412, 37.549841858554515 ], [ 126.922721351964313, 37.549825800779359 ] ], [ [ 126.922907799114483, 37.549978282597166 ], [ 126.922907799114498, 37.549978282597159 ], [ 126.92291536419792, 37.549982661947276 ], [ 126.922907799114483, 37.549978282597166 ] ], [ [ 126.922935052829672, 37.549996230454518 ], [ 126.9229350528297, 37.549996230454525 ], [ 126.922966819977162, 37.55002016273167 ], [ 126.922935052829672, 37.549996230454518 ] ], [ [ 126.923041579251475, 37.550174967776641 ], [ 126.923041579251475, 37.550174967776613 ], [ 126.923177005311032, 37.550313449885685 ], [ 126.923041579251475, 37.550174967776641 ] ], [ [ 126.923177005311032, 37.550313449885685 ], [ 126.923357829479386, 37.550434212375727 ], [ 126.92335939008521, 37.550435236033167 ], [ 126.923177005311032, 37.550313449885685 ] ], [ [ 126.923366910400162, 37.550440164925092 ], [ 126.923366910400162, 37.550440164925078 ], [ 126.923408730153568, 37.55046758271029 ], [ 126.923366910400162, 37.550440164925092 ] ], [ [ 126.923549352642382, 37.550496507351347 ], [ 126.923549352642382, 37.55049650735134 ], [ 126.923562438432953, 37.550499984801611 ], [ 126.923549352642382, 37.550496507351347 ] ], [ [ 126.923745186783151, 37.550548803857787 ], [ 126.923745186783151, 37.550548803857772 ], [ 126.923771574902773, 37.550565219264662 ], [ 126.923745186783151, 37.550548803857787 ] ], [ [ 126.923884151254086, 37.550659987459078 ], [ 126.923843689293221, 37.550610676657342 ], [ 126.92391816817792, 37.550704158364198 ], [ 126.923884151254086, 37.550659987459078 ] ], [ [ 126.923939128840061, 37.55078913556202 ], [ 126.923943637346142, 37.550806608733907 ], [ 126.92391816817792, 37.550704158364198 ], [ 126.923939128840061, 37.55078913556202 ] ], [ [ 126.924163467414346, 37.550928275554703 ], [ 126.924208639241584, 37.550946625293292 ], [ 126.924201295953196, 37.550934547210133 ], [ 126.924163467414346, 37.550928275554703 ] ], [ [ 126.924170159934846, 37.551278074562362 ], [ 126.92419769604912, 37.551132943001242 ], [ 126.924206594496496, 37.551105603416374 ], [ 126.924170159934846, 37.551278074562362 ] ], [ [ 126.92416742542197, 37.551296002484982 ], [ 126.92416742542197, 37.551296002484975 ], [ 126.924170159934846, 37.551278074562362 ], [ 126.92416742542197, 37.551296002484982 ] ], [ [ 126.924159138005493, 37.551540435812043 ], [ 126.924159138005521, 37.551540435812029 ], [ 126.92415242533319, 37.551575119552425 ], [ 126.924159138005493, 37.551540435812043 ] ], [ [ 126.924052306187349, 37.551871029318669 ], [ 126.924052306187377, 37.551871029318669 ], [ 126.924044179093244, 37.551901737969416 ], [ 126.924052306187349, 37.551871029318669 ] ], [ [ 126.924009332229431, 37.552061110122445 ], [ 126.92400933222946, 37.552061110122452 ], [ 126.924002038208329, 37.552110659813081 ], [ 126.924009332229431, 37.552061110122445 ] ], [ [ 126.924087898452186, 37.552252712248361 ], [ 126.924087898452214, 37.552252712248347 ], [ 126.924124840036086, 37.552314814710755 ], [ 126.924087898452186, 37.552252712248361 ] ], [ [ 126.924156056548824, 37.552364849147892 ], [ 126.92416291447546, 37.552375836714525 ], [ 126.924124840036086, 37.552314814710755 ], [ 126.924156056548824, 37.552364849147892 ] ], [ [ 126.924204491872402, 37.55255155708425 ], [ 126.924195907713511, 37.552605015585243 ], [ 126.924197698361723, 37.552453901747882 ], [ 126.924204491872402, 37.55255155708425 ] ], [ [ 126.924288355755323, 37.552644089622305 ], [ 126.924194577473941, 37.552613423458176 ], [ 126.924310792071324, 37.552648870533538 ], [ 126.924288355755323, 37.552644089622305 ] ], [ [ 126.924399470009632, 37.552671462251986 ], [ 126.92445536044751, 37.552685698349279 ], [ 126.924329980354088, 37.552653757436254 ], [ 126.924399470009632, 37.552671462251986 ] ], [ [ 126.924505323999895, 37.552696912236854 ], [ 126.924524600506871, 37.552701240978479 ], [ 126.92445536044751, 37.552685698349279 ], [ 126.924505323999895, 37.552696912236854 ] ], [ [ 126.924656524112066, 37.552733852249922 ], [ 126.924716896200735, 37.552748001041337 ], [ 126.924651090704899, 37.552732391360749 ], [ 126.924656524112066, 37.552733852249922 ] ], [ [ 126.924955588838543, 37.552882709953892 ], [ 126.924796479685426, 37.552766649217844 ], [ 126.924971760199369, 37.552894193046825 ], [ 126.924955588838543, 37.552882709953892 ] ], [ [ 126.925169698563082, 37.553109627864167 ], [ 126.925138244021326, 37.553081172266403 ], [ 126.92516969856311, 37.553109627864174 ], [ 126.925169698563082, 37.553109627864167 ] ], [ [ 126.925330419941687, 37.553177369018577 ], [ 126.925353587013603, 37.553187132678403 ], [ 126.925191512116058, 37.553118821882244 ], [ 126.925330419941687, 37.553177369018577 ] ], [ [ 126.925403528675417, 37.553198075875102 ], [ 126.925447923788354, 37.553204717744158 ], [ 126.925388673127401, 37.553195728395309 ], [ 126.925403528675417, 37.553198075875102 ] ], [ [ 126.925718310462571, 37.553207081035723 ], [ 126.925648023578759, 37.553212902564042 ], [ 126.925769083076176, 37.553202149159993 ], [ 126.925718310462571, 37.553207081035723 ] ], [ [ 126.925989823752374, 37.553175242826342 ], [ 126.926131562660942, 37.553157962306386 ], [ 126.925769083076176, 37.553202149159993 ], [ 126.925989823752374, 37.553175242826342 ] ], [ [ 126.926131562660942, 37.553157962306386 ], [ 126.926232770737556, 37.553145629248988 ], [ 126.926285156527953, 37.553145734715926 ], [ 126.926131562660942, 37.553157962306386 ] ], [ [ 126.926439416795588, 37.553146031115489 ], [ 126.926469651231656, 37.553150321029463 ], [ 126.926285156527953, 37.553145734715926 ], [ 126.926439416795588, 37.553146031115489 ] ], [ [ 126.926644585597302, 37.553175119217023 ], [ 126.926704307713337, 37.553183590340211 ], [ 126.926469651231656, 37.553150321029463 ], [ 126.926644585597302, 37.553175119217023 ] ], [ [ 126.926925525732116, 37.553211030298478 ], [ 126.926947022088498, 37.55321681021406 ], [ 126.926920338025496, 37.553209576072589 ], [ 126.926925525732116, 37.553211030298478 ] ], [ [ 126.927076343388293, 37.553247885880154 ], [ 126.927081557707879, 37.553246883061135 ], [ 126.927064911211616, 37.553249995999302 ], [ 126.927076343388293, 37.553247885880154 ] ], [ [ 126.927114786211831, 37.553248603871651 ], [ 126.927182825997875, 37.55325972319644 ], [ 126.927107186256904, 37.553247361722129 ], [ 126.927114786211831, 37.553248603871651 ] ], [ [ 126.92737268242287, 37.55329915847993 ], [ 126.927529489726282, 37.553333386351454 ], [ 126.927361865806006, 37.553296782082434 ], [ 126.92737268242287, 37.55329915847993 ] ], [ [ 126.927697793306308, 37.553369504271998 ], [ 126.927715285577136, 37.553373254316107 ], [ 126.927627232029508, 37.553354388002525 ], [ 126.927697793306308, 37.553369504271998 ] ], [ [ 126.927715285577136, 37.553373254316107 ], [ 126.927887265449812, 37.553411293373507 ], [ 126.92796117153371, 37.553427714911102 ], [ 126.927715285577136, 37.553373254316107 ] ], [ [ 126.928160285476835, 37.553470027672581 ], [ 126.92820177539285, 37.553479531858905 ], [ 126.928058453312445, 37.553449331687574 ], [ 126.928160285476835, 37.553470027672581 ] ], [ [ 126.92822104382978, 37.55348394065372 ], [ 126.928246263090458, 37.553488798753044 ], [ 126.92820177539285, 37.553479531858905 ], [ 126.92822104382978, 37.55348394065372 ] ], [ [ 126.92839127672255, 37.553526771160712 ], [ 126.928286120309821, 37.553497822463555 ], [ 126.928411443005174, 37.553532754446884 ], [ 126.92839127672255, 37.553526771160712 ] ], [ [ 126.928474252079411, 37.553550500542762 ], [ 126.928538646545903, 37.553569831227179 ], [ 126.928461557332142, 37.55354693153668 ], [ 126.928474252079411, 37.553550500542762 ] ], [ [ 126.928573360525917, 37.553579303399268 ], [ 126.928598475117155, 37.553588599111293 ], [ 126.928562029931726, 37.553576638512048 ], [ 126.928573360525917, 37.553579303399268 ] ], [ [ 126.928691130716956, 37.553619740458572 ], [ 126.928727129275231, 37.553631469171101 ], [ 126.928670348291035, 37.553613117533608 ], [ 126.928691130716956, 37.553619740458572 ] ], [ [ 126.928854248296204, 37.553694983539856 ], [ 126.92880000150717, 37.553658057895539 ], [ 126.928854248296247, 37.553694983539849 ], [ 126.928947894881404, 37.553754776786342 ], [ 126.928953361173271, 37.553758474205601 ], [ 126.928854248296204, 37.553694983539856 ] ], [ [ 126.928982615476471, 37.553778043669098 ], [ 126.928985926645879, 37.553779982832012 ], [ 126.928981650380692, 37.553777403373147 ], [ 126.928982615476471, 37.553778043669098 ] ], [ [ 126.929103570761839, 37.553848935743851 ], [ 126.929032438690328, 37.553807086147735 ], [ 126.929132872531994, 37.5538663127872 ], [ 126.929103570761839, 37.553848935743851 ] ], [ [ 126.929249082133353, 37.553957116692636 ], [ 126.929273496483304, 37.553976890348729 ], [ 126.929223175117698, 37.553936134790661 ], [ 126.929249082133353, 37.553957116692636 ] ], [ [ 126.929461989815991, 37.554096433647608 ], [ 126.929384798771721, 37.554047956425052 ], [ 126.929379524683327, 37.554044474424586 ], [ 126.929461989815991, 37.554096433647608 ] ], [ [ 126.929530371691115, 37.554140036366022 ], [ 126.929626370653565, 37.554202605554373 ], [ 126.929521123921504, 37.554134009109013 ], [ 126.929530371691115, 37.554140036366022 ] ], [ [ 126.929779594788798, 37.554294392517242 ], [ 126.929808559359145, 37.554317577570487 ], [ 126.929767396805744, 37.554284630384899 ], [ 126.929779594788798, 37.554294392517242 ] ], [ [ 126.92986888212684, 37.554369832579212 ], [ 126.929886703465257, 37.554384853888195 ], [ 126.929842999326979, 37.554346868650782 ], [ 126.92986888212684, 37.554369832579212 ] ], [ [ 126.929935644344852, 37.554426094858513 ], [ 126.929938327973218, 37.554428493119197 ], [ 126.929886703465257, 37.554384853888195 ], [ 126.929935644344852, 37.554426094858513 ] ], [ [ 126.930090252526441, 37.554562670475804 ], [ 126.930107771079435, 37.554586737509126 ], [ 126.930073177524903, 37.554548185737438 ], [ 126.930090252526441, 37.554562670475804 ] ], [ [ 126.93024981224228, 37.554693590658211 ], [ 126.930362206294234, 37.554701641213434 ], [ 126.930239567009906, 37.554689902052012 ], [ 126.93024981224228, 37.554693590658211 ] ], [ [ 126.930474391939228, 37.554702744902222 ], [ 126.930474391939228, 37.554702744902215 ], [ 126.930526312998353, 37.554698807256216 ], [ 126.930474391939228, 37.554702744902222 ] ], [ [ 126.930858751873842, 37.554670702060491 ], [ 126.930675081103743, 37.554688120773001 ], [ 126.930887372033254, 37.554667985183691 ], [ 126.930858751873842, 37.554670702060491 ] ], [ [ 126.931187844972186, 37.554619911496957 ], [ 126.931250703518273, 37.554625316631714 ], [ 126.931039229008519, 37.554643518927634 ], [ 126.931187844972186, 37.554619911496957 ] ], [ [ 126.938099642036846, 37.539707346518036 ], [ 126.938555882757072, 37.540322995511566 ], [ 126.938556052284383, 37.540323229859979 ], [ 126.938099642036846, 37.539707346518036 ] ], [ [ 126.932969532011512, 37.554262112867256 ], [ 126.932983132527255, 37.554240226699122 ], [ 126.932969532011555, 37.554262112867207 ], [ 126.932969532011512, 37.554262112867256 ] ], [ [ 126.932932538859617, 37.554259541574289 ], [ 126.9328643011482, 37.554341392931178 ], [ 126.932876748095694, 37.554318713233521 ], [ 126.932932538859617, 37.554259541574289 ] ], [ [ 126.932799527001748, 37.554459439030126 ], [ 126.932777252819406, 37.554500022573691 ], [ 126.93282618940907, 37.554410837112059 ], [ 126.932799527001748, 37.554459439030126 ] ] ] ] } },
{ "type": "Feature", "properties": { "sigungu_cd": "11320", "sigungu_nm": "도봉구" }, "geometry": { "type": "MultiPolygon", "coordinates": [ [ [ [ 127.048164380778886, 37.67118844424153 ], [ 127.054006595850538, 37.655301014564174 ], [ 127.055776351752598, 37.640627460811935 ], [ 127.054656055992723, 37.640191627443897 ], [ 127.050454622617721, 37.64483825024184 ], [ 127.04648294069851, 37.641056088815475 ], [ 127.044029010111601, 37.633640601437236 ], [ 127.041657908818124, 37.631467100804549 ], [ 127.042526023236803, 37.630420676101473 ], [ 127.034566069292296, 37.63778299358389 ], [ 127.03241951845223, 37.641833197591467 ], [ 127.024685443187963, 37.647342188405986 ], [ 127.013139467530024, 37.650474781440657 ], [ 127.01452711030332, 37.661993958906443 ], [ 127.016886987184364, 37.662172338244787 ], [ 127.015467412774214, 37.666076883317807 ], [ 127.018733301927938, 37.670458423671661 ], [ 127.012121534667017, 37.679092135401142 ], [ 127.00886666474436, 37.680599977915485 ], [ 127.007620695058208, 37.691618463132812 ], [ 127.009711369805245, 37.693363333547694 ], [ 127.009666155231088, 37.696699804177747 ], [ 127.013878369357698, 37.698800676445984 ], [ 127.015415072197627, 37.70145529764897 ], [ 127.025315132314489, 37.699580603553194 ], [ 127.027021968344641, 37.70111549617917 ], [ 127.029285529756578, 37.699291606085964 ], [ 127.032414062928737, 37.691838916363928 ], [ 127.041108472898529, 37.695299823286248 ], [ 127.043072483371134, 37.695231034444731 ], [ 127.044904265256065, 37.692405386890471 ], [ 127.048631668719196, 37.694062911036475 ], [ 127.049820054884222, 37.687977013361085 ], [ 127.051803310862212, 37.685813586382942 ], [ 127.048164380778886, 37.67118844424153 ] ] ] ] } },
{ "type": "Feature", "properties": { "sigungu_cd": "11140", "sigungu_nm": "중구" }, "geometry": { "type": "MultiPolygon", "coordinates": [ [ [ [ 126.985027308231537, 37.553448604359943 ], [ 126.978731915334976, 37.553204551199698 ], [ 126.976546819660996, 37.555221390788148 ], [ 126.976430390917415, 37.553086316172006 ], [ 126.969186063522073, 37.555662558536 ], [ 126.962342543879799, 37.551549104733454 ], [ 126.961735818611601, 37.554987478091121 ], [ 126.963442157191167, 37.556849900649389 ], [ 126.961558861101096, 37.558616029269523 ], [ 126.969463110755797, 37.561976364254264 ], [ 126.966698824873305, 37.565820091989359 ], [ 126.969095481842714, 37.568247911098105 ], [ 126.973203734193248, 37.569320513029759 ], [ 126.990151583614377, 37.568136930890759 ], [ 127.015268148111545, 37.569667104997627 ], [ 127.022939956158069, 37.571991682276455 ], [ 127.023582091650127, 37.565199779802228 ], [ 127.026781127029039, 37.565042078310697 ], [ 127.022387048913046, 37.559027554310504 ], [ 127.022895657592585, 37.557795008428158 ], [ 127.018045402697268, 37.556838476097155 ], [ 127.016133859422069, 37.552594279789787 ], [ 127.009305395035057, 37.547464360034304 ], [ 127.008008246833029, 37.545089037042885 ], [ 127.008983291615579, 37.544135829105251 ], [ 127.007263908849055, 37.543857041228662 ], [ 127.004989050241392, 37.546221350606672 ], [ 127.006140084319625, 37.548193049981656 ], [ 127.004362935365265, 37.550153996389646 ], [ 126.998326718963966, 37.549692806235818 ], [ 126.995235065851659, 37.547233129109266 ], [ 126.985027308231537, 37.553448604359943 ] ], [ [ 126.996033138525149, 37.565758182492395 ], [ 126.995958262671564, 37.565784704095677 ], [ 126.996033025334469, 37.565758218526675 ], [ 126.996033138525149, 37.565758182492395 ] ], [ [ 126.994605328827248, 37.568147624175666 ], [ 126.994618654307473, 37.567924183719057 ], [ 126.99460761168551, 37.568116733282643 ], [ 126.994605328827248, 37.568147624175666 ] ], [ [ 126.99462687165132, 37.567805064532791 ], [ 126.994626871651349, 37.567805064532791 ], [ 126.994620016430176, 37.567884718574277 ], [ 126.99462687165132, 37.567805064532791 ] ], [ [ 126.994626039507608, 37.567745689352812 ], [ 126.994618312051216, 37.567585123766875 ], [ 126.994596569820231, 37.567444198902123 ], [ 126.994626039507608, 37.567745689352812 ] ], [ [ 126.994563173308563, 37.567135869695058 ], [ 126.994563173308563, 37.567135869695051 ], [ 126.994583141448928, 37.567242818196021 ], [ 126.994563173308563, 37.567135869695058 ] ], [ [ 126.990873574145951, 37.568073388421645 ], [ 126.990873574145951, 37.568073388421631 ], [ 126.990902030044182, 37.568076586487265 ], [ 126.990873574145951, 37.568073388421645 ] ], [ [ 126.990916332389503, 37.568072387667115 ], [ 126.990916555578124, 37.568054994108238 ], [ 126.990916555578124, 37.568054994108245 ], [ 126.990916332389503, 37.568072387667115 ] ], [ [ 126.99091073066829, 37.567863948024751 ], [ 126.99091073066829, 37.567863948024744 ], [ 126.990912601198787, 37.567843666945684 ], [ 126.99091073066829, 37.567863948024751 ] ], [ [ 126.990894033287006, 37.567796057053037 ], [ 126.990894033287034, 37.567796057053052 ], [ 126.990910480849621, 37.567839708074267 ], [ 126.990894033287006, 37.567796057053037 ] ], [ [ 126.991037375060799, 37.567335971146115 ], [ 126.991035987923325, 37.567348008227974 ], [ 126.991062854268833, 37.567335649049404 ], [ 126.991037375060799, 37.567335971146115 ] ], [ [ 126.991323377056574, 37.567246027991544 ], [ 126.991330384812414, 37.567215877019144 ], [ 126.991330384812414, 37.567215877019166 ], [ 126.991323377056574, 37.567246027991544 ] ], [ [ 126.991329041918078, 37.567186000127165 ], [ 126.991329041918078, 37.567186000127158 ], [ 126.991396819216064, 37.567193303963364 ], [ 126.991329041918078, 37.567186000127165 ] ], [ [ 126.991418200492134, 37.567195918660843 ], [ 126.991426566848531, 37.567194401468242 ], [ 126.991396819216064, 37.567193303963364 ], [ 126.991418200492134, 37.567195918660843 ] ], [ [ 126.991470765877892, 37.567197004332137 ], [ 126.991544400244535, 37.567223499770797 ], [ 126.991462404299497, 37.567195482704165 ], [ 126.991470765877892, 37.567197004332137 ] ], [ [ 126.991555903459286, 37.567227735252047 ], [ 126.991555447311583, 37.567227599789582 ], [ 126.991600436229803, 37.567257118229499 ], [ 126.991555903459286, 37.567227735252047 ] ], [ [ 126.991708639384342, 37.56733695684661 ], [ 126.991708639384314, 37.56733695684661 ], [ 126.99163133810606, 37.567278106845642 ], [ 126.99162924050674, 37.567276386210317 ], [ 126.991708639384342, 37.56733695684661 ] ], [ [ 126.99193428346193, 37.567433291038796 ], [ 126.991930144581829, 37.567432344664567 ], [ 126.991935404302424, 37.567431308955321 ], [ 126.99193428346193, 37.567433291038796 ] ], [ [ 126.992100291534854, 37.567321221441688 ], [ 126.992142797823078, 37.567308823998189 ], [ 126.992092356638466, 37.567323202982962 ], [ 126.992100291534854, 37.567321221441688 ] ], [ [ 126.992090116821046, 37.567312472032199 ], [ 126.992148660330614, 37.567300944041179 ], [ 126.992148660330614, 37.5673009440412 ], [ 126.992090116821046, 37.567312472032199 ] ], [ [ 126.99212943695477, 37.567239855499651 ], [ 126.992141451564677, 37.567278035838122 ], [ 126.992128037299693, 37.567231295998376 ], [ 126.99212943695477, 37.567239855499651 ] ], [ [ 126.992127197506647, 37.567226160297608 ], [ 126.992127197506647, 37.567226160297587 ], [ 126.992135236807741, 37.567226451505462 ], [ 126.992127197506647, 37.567226160297608 ] ], [ [ 126.992210672950975, 37.5673361505633 ], [ 126.992210672950947, 37.567336150563328 ], [ 126.992187711572427, 37.567296406152337 ], [ 126.99216603149776, 37.567246711740779 ], [ 126.992210672950975, 37.5673361505633 ] ], [ [ 126.992254250368219, 37.567434767170589 ], [ 126.992243430154375, 37.567428279204663 ], [ 126.992259570436346, 37.567433866599536 ], [ 126.992254250368219, 37.567434767170589 ] ], [ [ 126.992457301125285, 37.567449640227316 ], [ 126.992457301125285, 37.567449640227331 ], [ 126.992298586392295, 37.567440618055834 ], [ 126.992457301125285, 37.567449640227316 ] ], [ [ 126.993036616515525, 37.567297317119177 ], [ 126.992768017302211, 37.567284413383021 ], [ 126.993038103824844, 37.567357332063651 ], [ 126.993036616515525, 37.567297317119177 ] ], [ [ 126.993056027749361, 37.567405446130074 ], [ 126.993075536995704, 37.567447974178812 ], [ 126.993038103824844, 37.567357332063651 ], [ 126.993056027749361, 37.567405446130074 ] ], [ [ 126.99315095425132, 37.56756376556428 ], [ 126.993150954251334, 37.567563765564259 ], [ 126.993304645497844, 37.567453125974147 ], [ 126.99315095425132, 37.56756376556428 ] ], [ [ 126.993435551215455, 37.567236258090468 ], [ 126.993435551215455, 37.567236258090453 ], [ 126.993560005676798, 37.567219688358307 ], [ 126.993435551215455, 37.567236258090468 ] ], [ [ 126.993560005676798, 37.567219688358307 ], [ 126.993746171332702, 37.567203663166602 ], [ 126.993905723923319, 37.567207007219459 ], [ 126.993560005676798, 37.567219688358307 ] ], [ [ 126.994022888214545, 37.567196112756108 ], [ 126.993991896154895, 37.56720187710831 ], [ 126.994023526046078, 37.567081200731081 ], [ 126.994022888214545, 37.567196112756108 ] ], [ [ 126.994336144290273, 37.566937620623392 ], [ 126.994336144290273, 37.566937620623413 ], [ 126.99406884202935, 37.566982932789344 ], [ 126.994336144290273, 37.566937620623392 ] ], [ [ 127.009373436345697, 37.563079625007589 ], [ 127.009355881510714, 37.563079626174144 ], [ 127.009385094295425, 37.563079624231449 ], [ 127.009373436345697, 37.563079625007589 ] ], [ [ 127.019950154444089, 37.565666808441513 ], [ 127.018900332720733, 37.56564948847948 ], [ 127.018091598886969, 37.565568912223249 ], [ 127.018900332720733, 37.565649488479472 ], [ 127.019950154444089, 37.565666808441513 ] ], [ [ 127.018074400530182, 37.565699134527719 ], [ 127.018057510260945, 37.565820436024069 ], [ 127.018091598886969, 37.565568912223249 ], [ 127.018074400530182, 37.565699134527719 ] ], [ [ 127.022012947010921, 37.565459601405252 ], [ 127.02201294701095, 37.565459601405266 ], [ 127.021576285417751, 37.565519592140262 ], [ 127.022012947010921, 37.565459601405252 ] ], [ [ 127.023425370177023, 37.565307215849394 ], [ 127.023425370176994, 37.565307215849394 ], [ 127.023425325712395, 37.565155365324983 ], [ 127.023425370177023, 37.565307215849394 ] ], [ [ 127.023491821607038, 37.565342819584778 ], [ 127.023425373928589, 37.565320027908115 ], [ 127.023491821607038, 37.565342819584771 ], [ 127.023491821607038, 37.565342819584778 ] ], [ [ 127.023365505892443, 37.565463980954938 ], [ 127.023365505892443, 37.565463980954931 ], [ 127.023401759620668, 37.565405162198651 ], [ 127.023365505892443, 37.565463980954938 ] ], [ [ 127.023396125907041, 37.565512169169729 ], [ 127.023382930133195, 37.565596152768087 ], [ 127.023342053721649, 37.565503799981897 ], [ 127.023396125907041, 37.565512169169729 ] ], [ [ 127.023414770830982, 37.565599480525528 ], [ 127.023414770830982, 37.565599480525549 ], [ 127.023382930133195, 37.565596152768087 ], [ 127.023414770830982, 37.565599480525528 ] ], [ [ 127.023438110095384, 37.565792440933826 ], [ 127.023505653047422, 37.56578553579282 ], [ 127.023401755297868, 37.565796592225198 ], [ 127.023438110095384, 37.565792440933826 ] ], [ [ 127.017703415552432, 37.570040625217906 ], [ 127.017696862918058, 37.57009910023605 ], [ 127.017703415552432, 37.570040625217899 ], [ 127.017711097175692, 37.569968545125235 ], [ 127.017711280553016, 37.569967161396384 ], [ 127.017703415552432, 37.570040625217906 ] ], [ [ 127.01777359729823, 37.569316662674304 ], [ 127.017780302573172, 37.569231959859216 ], [ 127.017770245670846, 37.569363699218933 ], [ 127.01777359729823, 37.569316662674304 ] ], [ [ 127.017792687413873, 37.56908274550976 ], [ 127.017807114166104, 37.568902167475706 ], [ 127.017780302573172, 37.569231959859216 ], [ 127.017792687413873, 37.56908274550976 ] ], [ [ 127.01782433625705, 37.568667610845601 ], [ 127.017825063963969, 37.568656253906475 ], [ 127.01782399440161, 37.568672768192883 ], [ 127.01782433625705, 37.568667610845601 ] ], [ [ 127.017867135371731, 37.568120797850717 ], [ 127.017848792704569, 37.56831506930547 ], [ 127.017849374933306, 37.568307004867407 ], [ 127.017867135371731, 37.568120797850717 ] ], [ [ 127.017883359509085, 37.567938009120027 ], [ 127.017897238664005, 37.567766648527225 ], [ 127.01788355692473, 37.567935865041427 ], [ 127.017883359509085, 37.567938009120027 ] ], [ [ 127.017921077168225, 37.567459029771975 ], [ 127.01796019040664, 37.567022297226089 ], [ 127.017968575065396, 37.566898020010711 ], [ 127.01796019040664, 37.567022297226103 ], [ 127.017921077168225, 37.567459029771975 ] ], [ [ 127.017983519703805, 37.566563303410568 ], [ 127.017982991352227, 37.566682693472004 ], [ 127.017983519703805, 37.566563303410561 ], [ 127.017983519703805, 37.566563303410568 ] ], [ [ 127.017993552615891, 37.566326044698876 ], [ 127.017982652633833, 37.566429398615895 ], [ 127.017982652633833, 37.566429398615881 ], [ 127.017993552615891, 37.566326044698876 ] ] ] ] } },
{ "type": "Feature", "properties": { "sigungu_cd": "11545", "sigungu_nm": "금천구" }, "geometry": { "type": "MultiPolygon", "coordinates": [ [ [ [ 126.908165039047176, 37.472758980282443 ], [ 126.913702639248342, 37.465377981004224 ], [ 126.914026147724158, 37.457889802526054 ], [ 126.922186682205435, 37.45662740606123 ], [ 126.92478898449896, 37.452813555057254 ], [ 126.928400477548664, 37.450986045414489 ], [ 126.928279256903991, 37.449352337992686 ], [ 126.923252950782626, 37.445772850473325 ], [ 126.920274545845345, 37.440466214830629 ], [ 126.912308591650557, 37.438579338644395 ], [ 126.909405655622706, 37.433864577954608 ], [ 126.902987338237082, 37.434067490656211 ], [ 126.898977655451603, 37.438701848865819 ], [ 126.899925692433811, 37.439556336187501 ], [ 126.897268961049789, 37.445436816097676 ], [ 126.894649711016129, 37.446698192886984 ], [ 126.896049568087264, 37.448042886834564 ], [ 126.893982391774742, 37.452718065012988 ], [ 126.889641890190333, 37.452315512510701 ], [ 126.889202948514352, 37.454723934215018 ], [ 126.886264389260845, 37.456362556338384 ], [ 126.88544345422946, 37.460124528629905 ], [ 126.888875248608585, 37.460946988338272 ], [ 126.882745270623403, 37.464390804936642 ], [ 126.884617216689364, 37.46601228842588 ], [ 126.87801115827628, 37.47382777827309 ], [ 126.871762310973253, 37.485269393369776 ], [ 126.878458098751551, 37.486672323281539 ], [ 126.888784960548151, 37.479789592423856 ], [ 126.895871352623502, 37.478339076900092 ], [ 126.90978586342419, 37.480766138927237 ], [ 126.908630011591768, 37.479083462592932 ], [ 126.911812653243061, 37.477793632728222 ], [ 126.911371612634497, 37.474462238218194 ], [ 126.908165039047176, 37.472758980282443 ] ] ] ] } },
{ "type": "Feature", "properties": { "sigungu_cd": "11500", "sigungu_nm": "강서구" }, "geometry": { "type": "MultiPolygon", "coordinates": [ [ [ [ 126.812333931712359, 37.540736672891327 ], [ 126.806215946075909, 37.544301674065551 ], [ 126.807324586097707, 37.543590593524058 ], [ 126.799652832593111, 37.541388321343184 ], [ 126.800814344073459, 37.540812261295805 ], [ 126.798861263301376, 37.540292540913718 ], [ 126.799462042177268, 37.537725745264581 ], [ 126.794424892490753, 37.535828883934734 ], [ 126.793262181307398, 37.539702787044376 ], [ 126.794944200988979, 37.54137201583498 ], [ 126.79180984713922, 37.541902860382031 ], [ 126.791818998170697, 37.543746249245302 ], [ 126.787260518843382, 37.546076415479277 ], [ 126.777562738498418, 37.546711918938044 ], [ 126.775293080829229, 37.548971617232269 ], [ 126.771551540880068, 37.548317921236226 ], [ 126.770267443934557, 37.551086522841594 ], [ 126.7674647759126, 37.551950734502626 ], [ 126.767638810732734, 37.554088963097215 ], [ 126.764483680461012, 37.555369391073164 ], [ 126.766284079942594, 37.556917059838192 ], [ 126.772430753146409, 37.557012765904027 ], [ 126.771771135499066, 37.558631857048866 ], [ 126.77575824571673, 37.561941387974692 ], [ 126.777841841223619, 37.559933051876641 ], [ 126.77476191261151, 37.56770832670837 ], [ 126.776722273805063, 37.566051160695991 ], [ 126.779170310176042, 37.568316714050731 ], [ 126.780318065864847, 37.567504035800525 ], [ 126.781897998116889, 37.569236032373318 ], [ 126.780520670740358, 37.570463876098373 ], [ 126.782629915425304, 37.570547488677619 ], [ 126.781374632675437, 37.571349564094 ], [ 126.782408012620124, 37.573606203550426 ], [ 126.789201813669777, 37.575581071689641 ], [ 126.78846995448464, 37.576798344970271 ], [ 126.790594537540997, 37.577783666236243 ], [ 126.791348656528228, 37.581413727854333 ], [ 126.793218981009218, 37.576893818842848 ], [ 126.793440788411459, 37.58451964044923 ], [ 126.794697608948113, 37.582622177678353 ], [ 126.794932822048793, 37.585203062596513 ], [ 126.795721531069461, 37.583120634808459 ], [ 126.798767882013323, 37.588072867484911 ], [ 126.800940071691073, 37.588166118178485 ], [ 126.798800994574989, 37.591322663569485 ], [ 126.800501237875011, 37.592413220082889 ], [ 126.797607895668378, 37.594882302157863 ], [ 126.797082214715701, 37.597738921667585 ], [ 126.802581126779259, 37.605032745961459 ], [ 126.819302251013681, 37.592849750413045 ], [ 126.843239945826824, 37.578880010407431 ], [ 126.852639823331103, 37.572523671284038 ], [ 126.863041453365085, 37.564998164089864 ], [ 126.861655371253988, 37.563428243285642 ], [ 126.863041455182852, 37.56499718201502 ], [ 126.880463705728587, 37.556269421930367 ], [ 126.879217169027626, 37.553151280371026 ], [ 126.877928333324689, 37.553336605568013 ], [ 126.88025560967553, 37.547735704873865 ], [ 126.87243019207628, 37.54711473607631 ], [ 126.864204925175443, 37.551150058683852 ], [ 126.862114842500674, 37.544356113126192 ], [ 126.863777297675227, 37.540710733126552 ], [ 126.863972750850309, 37.529788966080105 ], [ 126.840477234985812, 37.526487246115124 ], [ 126.834412508326565, 37.536455632729378 ], [ 126.833102236621158, 37.541849306159506 ], [ 126.829984816691749, 37.541656169697461 ], [ 126.829758368436273, 37.547732176531667 ], [ 126.827584204724985, 37.547682259827596 ], [ 126.825387100324647, 37.541680089773863 ], [ 126.822121019190661, 37.540677893299218 ], [ 126.812333931712359, 37.540736672891327 ] ], [ [ 126.839877075449522, 37.576695897018418 ], [ 126.841699978922009, 37.578541750891283 ], [ 126.841684986561972, 37.5785223053417 ], [ 126.840675218354306, 37.577498315015383 ], [ 126.839877075449522, 37.576695897018418 ] ], [ [ 126.838296147715113, 37.558722745081383 ], [ 126.838592205305702, 37.559649307250908 ], [ 126.838243551395209, 37.558558061718223 ], [ 126.838296147715113, 37.558722745081383 ] ], [ [ 126.838523717169522, 37.559656213409276 ], [ 126.838440784557761, 37.559664433042258 ], [ 126.838529448668538, 37.559655635460423 ], [ 126.838523717169522, 37.559656213409276 ] ], [ [ 126.838589370891569, 37.560134990235923 ], [ 126.839460583791904, 37.562871815000143 ], [ 126.839511733614557, 37.563017169526276 ], [ 126.84065737749863, 37.566559826354457 ], [ 126.838589370891569, 37.560134990235923 ] ], [ [ 126.840653503530817, 37.566625493042451 ], [ 126.840653458448998, 37.566625402882259 ], [ 126.84065177997752, 37.566618280819775 ], [ 126.840653503530817, 37.566625493042451 ] ], [ [ 126.840801399275193, 37.567245453426757 ], [ 126.841056119692567, 37.568313139874711 ], [ 126.841025840536375, 37.568383196964668 ], [ 126.840801399275193, 37.567245453426757 ] ], [ [ 126.84100997963229, 37.568420087417806 ], [ 126.841010010890642, 37.568420014714846 ], [ 126.841029154481191, 37.5684094728243 ], [ 126.84100997963229, 37.568420087417806 ] ], [ [ 126.841029154481191, 37.5684094728243 ], [ 126.841510224156096, 37.56814301006365 ], [ 126.841511208052239, 37.568143416841366 ], [ 126.841029154481191, 37.5684094728243 ] ], [ [ 126.847495941992179, 37.565002424066996 ], [ 126.863328872416403, 37.556692096889961 ], [ 126.863632416359522, 37.556692451741917 ], [ 126.863328870619625, 37.556693069956339 ], [ 126.847495941992179, 37.565002424066996 ] ], [ [ 126.863887404388848, 37.55756276248416 ], [ 126.863887402599261, 37.557563735550417 ], [ 126.863316995074996, 37.556944540094491 ], [ 126.863887404388848, 37.55756276248416 ] ], [ [ 126.863910021696896, 37.557595850124414 ], [ 126.86432542021997, 37.558012885157524 ], [ 126.863909378220356, 37.557596178754409 ], [ 126.863910021696896, 37.557595850124414 ] ], [ [ 126.864442080883819, 37.55811828407829 ], [ 126.865547628145322, 37.559072833597185 ], [ 126.866408477102951, 37.559349305159941 ], [ 126.864442080883819, 37.55811828407829 ] ], [ [ 126.866486166780902, 37.559368392062559 ], [ 126.866696993964894, 37.55943107833609 ], [ 126.866890899859342, 37.559497180398012 ], [ 126.866486166780902, 37.559368392062559 ] ], [ [ 126.866914938425495, 37.559505373986603 ], [ 126.867283736701637, 37.559631072614444 ], [ 126.867310988446519, 37.559720355553985 ], [ 126.867408812816137, 37.559705537316752 ], [ 126.867428432924996, 37.559708379694818 ], [ 126.867594873439884, 37.559986748910809 ], [ 126.867617653864329, 37.560032478781643 ], [ 126.866914938425495, 37.559505373986603 ] ], [ [ 126.867643079039979, 37.560124483683744 ], [ 126.86764307729905, 37.560125456749731 ], [ 126.867605847039684, 37.560047906973281 ], [ 126.867643079039979, 37.560124483683744 ] ], [ [ 126.839586207503402, 37.574285937007858 ], [ 126.839386305253697, 37.574025277584632 ], [ 126.839737317966339, 37.574485397308514 ], [ 126.839586207503402, 37.574285937007858 ] ] ] ] } },
{ "type": "Feature", "properties": { "sigungu_cd": "11305", "sigungu_nm": "강북구" }, "geometry": { "type": "MultiPolygon", "coordinates": [ [ [ [ 127.007306259878689, 37.621047814488151 ], [ 127.007888323250157, 37.62402715391115 ], [ 126.999272948173441, 37.626202304907714 ], [ 126.993693736761912, 37.63147384770128 ], [ 126.984200894925195, 37.636340649942071 ], [ 126.98613257024013, 37.640427868585867 ], [ 126.983247225985721, 37.643683461352992 ], [ 126.985717922801854, 37.646092939119313 ], [ 126.979658144623599, 37.656038741366004 ], [ 126.982856864457702, 37.656449594694806 ], [ 126.986543981439013, 37.659485233063165 ], [ 126.988268221076524, 37.664391241949446 ], [ 126.994017257913924, 37.666783020985861 ], [ 126.993981413528317, 37.674907177619453 ], [ 126.992197543813091, 37.679626879313908 ], [ 126.997311145691043, 37.683466119360119 ], [ 127.004526453542439, 37.685088912126538 ], [ 127.008662392090471, 37.684449387699217 ], [ 127.009416566994176, 37.679572709250849 ], [ 127.012143517203214, 37.679106413817358 ], [ 127.013940115331366, 37.675233934902884 ], [ 127.018717720628715, 37.670868305364735 ], [ 127.015488858353095, 37.66614599443519 ], [ 127.016989136797577, 37.662233969523342 ], [ 127.014521291707979, 37.662032791520168 ], [ 127.012899813263004, 37.6507636395528 ], [ 127.01730742625962, 37.648642883961962 ], [ 127.02141310972624, 37.648897410529962 ], [ 127.031945710441946, 37.64217619648732 ], [ 127.039767512160395, 37.632195800349109 ], [ 127.049732802059097, 37.624262174076371 ], [ 127.037512474171876, 37.612944714151169 ], [ 127.030247580832309, 37.608973458034662 ], [ 127.030177087623159, 37.612357048955914 ], [ 127.022116734381129, 37.611336612368675 ], [ 127.017536834916257, 37.614616138183322 ], [ 127.010146059236206, 37.616798094617366 ], [ 127.007306259878689, 37.621047814488151 ] ], [ [ 127.016298386587295, 37.628085483662296 ], [ 127.016338972557222, 37.628126725393763 ], [ 127.016293197993306, 37.628084186902115 ], [ 127.016298386587295, 37.628085483662296 ] ], [ [ 126.993477088405498, 37.646685934973739 ], [ 126.99294992815274, 37.646037465250068 ], [ 126.993823095454317, 37.647111128708907 ], [ 126.993477088405498, 37.646685934973739 ] ] ] ] } },
{ "type": "Feature", "properties": { "sigungu_cd": "11215", "sigungu_nm": "광진구" }, "geometry": { "type": "MultiPolygon", "coordinates": [ [ [ [ 127.088754817158431, 37.526309842383093 ], [ 127.076942146786422, 37.52251417459054 ], [ 127.056217968718826, 37.528317382802612 ], [ 127.073735766719082, 37.559413975447015 ], [ 127.07238492207405, 37.559959811432122 ], [ 127.078200903400671, 37.571869632320279 ], [ 127.090492911073525, 37.569697800522448 ], [ 127.095604357064701, 37.570609142249118 ], [ 127.100851438766412, 37.573764805039282 ], [ 127.10429503323742, 37.571451428850715 ], [ 127.101250874803583, 37.561605409633167 ], [ 127.10216863651253, 37.559185988588979 ], [ 127.104941039242505, 37.556413230220109 ], [ 127.11229700466329, 37.559000615014703 ], [ 127.113918040668537, 37.558391825251825 ], [ 127.11331664660554, 37.556834594385649 ], [ 127.115225628802207, 37.556760331944368 ], [ 127.10828177096684, 37.541407849032055 ], [ 127.088754817158431, 37.526309842383093 ] ] ] ] } },
{ "type": "Feature", "properties": { "sigungu_cd": "11740", "sigungu_nm": "강동구" }, "geometry": { "type": "MultiPolygon", "coordinates": [ [ [ [ 127.163234262929933, 37.545011481285968 ], [ 127.153566403747789, 37.533665348473299 ], [ 127.153163589936625, 37.52910909350593 ], [ 127.147797249005492, 37.522149952042248 ], [ 127.145665543174303, 37.521932243562858 ], [ 127.145117267184133, 37.516750531823305 ], [ 127.119092619001918, 37.527960171580737 ], [ 127.123442380898169, 37.538646252273622 ], [ 127.113104842196691, 37.543171307443579 ], [ 127.109066873356355, 37.543166692694513 ], [ 127.115645263359198, 37.557699749275891 ], [ 127.122955289964636, 37.563489771864283 ], [ 127.134266995771569, 37.567954137079361 ], [ 127.148949619404249, 37.568434213997051 ], [ 127.166747170357567, 37.578975679289243 ], [ 127.177154652840699, 37.581200756297385 ], [ 127.175415228379663, 37.578298968663958 ], [ 127.175682833207773, 37.574899163199042 ], [ 127.181995175745755, 37.560992558372909 ], [ 127.181340105413611, 37.552965458467618 ], [ 127.18293277552047, 37.551753119460251 ], [ 127.183794703790937, 37.545574261334579 ], [ 127.179330944686399, 37.546567318259704 ], [ 127.166893755853565, 37.544273330925243 ], [ 127.163234262929933, 37.545011481285968 ] ], [ [ 127.181735861012299, 37.558377042536826 ], [ 127.181753646934865, 37.558379475088408 ], [ 127.181756692397641, 37.558379893904359 ], [ 127.181735861012299, 37.558377042536826 ] ], [ [ 127.176060349657789, 37.557366090653304 ], [ 127.176040193356499, 37.557348035255153 ], [ 127.176041897495182, 37.557349557751721 ], [ 127.176060349657789, 37.557366090653304 ] ], [ [ 127.145586433983766, 37.567745326101829 ], [ 127.145466625099715, 37.567476680584306 ], [ 127.145466636453435, 37.567476698590205 ], [ 127.145586433983766, 37.567745326101829 ] ], [ [ 127.145230681830185, 37.566947655740648 ], [ 127.145230693166425, 37.566947664736745 ], [ 127.145466625099715, 37.567476680584306 ], [ 127.145230681830185, 37.566947655740648 ] ], [ [ 127.14522089405574, 37.566925719591808 ], [ 127.145220905409275, 37.566925737597749 ], [ 127.145230681830185, 37.566947655740648 ], [ 127.14522089405574, 37.566925719591808 ] ], [ [ 127.145189053731968, 37.566872645111452 ], [ 127.145189065068209, 37.566872654107499 ], [ 127.14522089405574, 37.566925719591808 ], [ 127.145189053731968, 37.566872645111452 ] ], [ [ 127.14516868233558, 37.566838702659098 ], [ 127.145168693689129, 37.566838720665025 ], [ 127.145189053731968, 37.566872645111452 ], [ 127.14516868233558, 37.566838702659098 ] ], [ [ 127.145113478613368, 37.566360444385133 ], [ 127.145115427471438, 37.566343800769083 ], [ 127.145115427506013, 37.566343818788802 ], [ 127.145113478613368, 37.566360444385133 ] ], [ [ 127.145239046662098, 37.564697013718153 ], [ 127.145272203051761, 37.564428181563457 ], [ 127.145272203086392, 37.56442819958319 ], [ 127.145239046662098, 37.564697013718153 ] ], [ [ 127.146197149288014, 37.563369868248209 ], [ 127.146554876792152, 37.562638529586778 ], [ 127.146554876827082, 37.562638547606475 ], [ 127.146197149288014, 37.563369868248209 ] ], [ [ 127.170372624983571, 37.566899023204243 ], [ 127.170370278049091, 37.566902306155193 ], [ 127.170287118264028, 37.566957781726863 ], [ 127.170372624983571, 37.566899023204243 ] ] ] ] } }
]
}
