{
"type": "FeatureCollection",
"name": "26",
"crs": { "type": "name", "properties": { "name": "urn:ogc:def:crs:OGC:1.3:CRS84" } },
"features": [
{ "type": "Feature", "properties": { "sigungu_cd": "26320", "sigungu_nm": "북구" }, "geometry": { "type": "MultiPolygon", "coordinates": [ [ [ [ 128.991189984113731, 35.204415752192993 ], [ 128.995491821044567, 35.213346016420509 ], [ 128.998224390261242, 35.232914122210587 ], [ 128.996761407265922, 35.236076695061243 ], [ 129.01328123148943, 35.266924523754135 ], [ 129.014821973048186, 35.270529718209531 ], [ 129.013334048173135, 35.274135226382754 ], [ 129.030215624018467, 35.276893187223436 ], [ 129.047548670442154, 35.274207696479621 ], [ 129.042964443212071, 35.268670903129035 ], [ 129.042373971692228, 35.263937992692512 ], [ 129.036565191845312, 35.260696437358675 ], [ 129.048544261802647, 35.255252328639173 ], [ 129.04535703762582, 35.251544734322238 ], [ 129.04558251103424, 35.247306859710669 ], [ 129.049578033458857, 35.2451688856506 ], [ 129.050372359113339, 35.241253676212075 ], [ 129.044046005116655, 35.232763249750064 ], [ 129.044318117750066, 35.230680237294614 ], [ 129.052163657336308, 35.228082954547403 ], [ 129.060453401802164, 35.229807615997387 ], [ 129.061777891315671, 35.22582815705109 ], [ 129.058891497370894, 35.224752273416833 ], [ 129.055816659483924, 35.217701474087342 ], [ 129.051223146861361, 35.212989677183508 ], [ 129.050414636948091, 35.207209485399133 ], [ 129.046558535765598, 35.201877164768142 ], [ 129.044204180267968, 35.20173650725058 ], [ 129.043974580260539, 35.199244448478893 ], [ 129.036323561617962, 35.19914675397019 ], [ 129.032435626118115, 35.195900970578236 ], [ 129.025540756954484, 35.194064326027409 ], [ 129.02556148065031, 35.191737035917335 ], [ 129.021085141267037, 35.187475898404344 ], [ 129.000951491709401, 35.189999109182729 ], [ 129.000307066974585, 35.191851650392721 ], [ 128.993815281938197, 35.195332880062239 ], [ 128.990450085437487, 35.193894517690786 ], [ 128.990829337051537, 35.195626044565188 ], [ 128.987890259952763, 35.195904268417749 ], [ 128.98912130632749, 35.200119560158505 ], [ 128.98773679657063, 35.201460907036271 ], [ 128.991189984113731, 35.204415752192993 ] ], [ [ 129.000323484345756, 35.211709626452858 ], [ 129.000323484345699, 35.21170962645288 ], [ 128.999340357857193, 35.210218243936744 ], [ 129.000323484345756, 35.211709626452858 ] ], [ [ 129.002186930825189, 35.210715073617145 ], [ 129.002295534422188, 35.210495820127441 ], [ 129.002089916580104, 35.210804791067375 ], [ 129.002186930825189, 35.210715073617145 ] ], [ [ 129.002410870291129, 35.210329006877345 ], [ 129.002534098354545, 35.210242260523948 ], [ 129.002295534422188, 35.210495820127441 ], [ 129.002410870291129, 35.210329006877345 ] ], [ [ 129.003423519364048, 35.209957242762229 ], [ 129.003678409344587, 35.209943646002237 ], [ 129.003305201227704, 35.209988976888994 ], [ 129.003423519364048, 35.209957242762229 ] ], [ [ 129.003753416812884, 35.209863830265625 ], [ 129.003766705089021, 35.20984966082726 ], [ 129.003678409344587, 35.209943646002237 ], [ 129.003753416812884, 35.209863830265625 ] ], [ [ 129.003686741845286, 35.209829760580966 ], [ 129.003841491996468, 35.209744670400617 ], [ 129.003841491996496, 35.209744670400624 ], [ 129.003686741845286, 35.209829760580966 ] ], [ [ 129.004253004702633, 35.209846874365297 ], [ 129.004817944029156, 35.209987199752234 ], [ 129.003892635875246, 35.209757372577492 ], [ 129.004253004702633, 35.209846874365297 ] ], [ [ 129.005779761214995, 35.208970439964247 ], [ 129.005779761215024, 35.208970439964254 ], [ 129.005674136794198, 35.209239054329579 ], [ 129.005779761214995, 35.208970439964247 ] ], [ [ 129.005811610188232, 35.208978271530832 ], [ 129.006323391085459, 35.209104224338589 ], [ 129.005779761537497, 35.208970440043544 ], [ 129.005811610188232, 35.208978271530832 ] ], [ [ 129.006810935542291, 35.20922871587436 ], [ 129.006854030749309, 35.209239007346554 ], [ 129.006737781800695, 35.209210050795868 ], [ 129.006810935542291, 35.20922871587436 ] ], [ [ 129.006854030749309, 35.209239007346554 ], [ 129.007088880081398, 35.209295538162635 ], [ 129.007163909877875, 35.209314578882584 ], [ 129.006854030749309, 35.209239007346554 ] ], [ [ 129.007343597975336, 35.209217352132995 ], [ 129.007372667043086, 35.209140261739172 ], [ 129.007335022367442, 35.209238984894981 ], [ 129.007343597975336, 35.209217352132995 ] ], [ [ 129.007451955940951, 35.208928847148044 ], [ 129.007520289934206, 35.208746299075727 ], [ 129.007554888125668, 35.208655369372138 ], [ 129.007451955940951, 35.208928847148044 ] ], [ [ 129.007554888125668, 35.208655369372138 ], [ 129.007633581839144, 35.208446703362497 ], [ 129.00764390306378, 35.208419959845152 ], [ 129.007554888125668, 35.208655369372138 ] ], [ [ 129.007850735326684, 35.207921404572232 ], [ 129.007850735326684, 35.207921404572183 ], [ 129.007882046877256, 35.207902103227127 ], [ 129.007850735326684, 35.207921404572232 ] ], [ [ 129.0080478369714, 35.207854468900514 ], [ 129.008073079468261, 35.207857201513079 ], [ 129.008008494008919, 35.207858966591658 ], [ 129.0080478369714, 35.207854468900514 ] ], [ [ 129.008331927010886, 35.207911625566368 ], [ 129.008558009852635, 35.207968649785585 ], [ 129.008270840945329, 35.20789621836861 ], [ 129.008331927010886, 35.207911625566368 ] ], [ [ 129.008827308689689, 35.208036577263293 ], [ 129.008894872335105, 35.208053608598497 ], [ 129.008558009852635, 35.207968649785585 ], [ 129.008827308689689, 35.208036577263293 ] ], [ [ 129.008963729940263, 35.208049377019613 ], [ 129.008967427844112, 35.208043746433212 ], [ 129.00894969647473, 35.20806789157546 ], [ 129.008963729940263, 35.208049377019613 ] ], [ [ 129.008971439331106, 35.208022224485156 ], [ 129.009008231341198, 35.207831842951478 ], [ 129.009052164670976, 35.207805812384336 ], [ 129.008971439331106, 35.208022224485156 ] ], [ [ 129.009325000017668, 35.207499144243265 ], [ 129.009364610881164, 35.207449722106276 ], [ 129.009268182644689, 35.207569287435916 ], [ 129.009325000017668, 35.207499144243265 ] ], [ [ 129.009576252300377, 35.207215617639356 ], [ 129.009595119883414, 35.207220285353081 ], [ 129.009537345953788, 35.207253447610903 ], [ 129.009576252300377, 35.207215617639356 ] ], [ [ 129.010560176611051, 35.206342198290194 ], [ 129.010527504768845, 35.206333292509932 ], [ 129.010507736739356, 35.206327885902809 ], [ 129.010527504768902, 35.206333292509917 ], [ 129.010554301431995, 35.2063405914163 ], [ 129.010560176611051, 35.206342198290194 ] ], [ [ 129.010471056072589, 35.206317883679247 ], [ 129.010460239882292, 35.206277025579773 ], [ 129.010507736739356, 35.206327885902809 ], [ 129.010471056072589, 35.206317883679247 ] ], [ [ 129.010337680878905, 35.205814490606159 ], [ 129.010337680878905, 35.205814490606151 ], [ 129.010340556480259, 35.205825302587805 ], [ 129.010337680878905, 35.205814490606159 ] ], [ [ 129.010465611937036, 35.205748322183311 ], [ 129.010497229306907, 35.205731980878774 ], [ 129.010348552285336, 35.205808901448265 ], [ 129.010465611937036, 35.205748322183311 ] ], [ [ 129.010744753486733, 35.205603905077666 ], [ 129.01081106618588, 35.205569637165432 ], [ 129.010681387347006, 35.205636717331735 ], [ 129.010744753486733, 35.205603905077666 ] ], [ [ 129.010937522361843, 35.205503150340064 ], [ 129.0109854598916, 35.205477427190417 ], [ 129.0110751748187, 35.205429288417555 ], [ 129.010981945940358, 35.205479320298558 ], [ 129.010937522361843, 35.205503150340064 ] ], [ [ 129.011274372087314, 35.205322372177605 ], [ 129.011274372087314, 35.205322372177619 ], [ 129.011244283980034, 35.205338508750756 ], [ 129.011274372087314, 35.205322372177605 ] ], [ [ 129.011312023064733, 35.205186085255541 ], [ 129.011325506995917, 35.205137273094188 ], [ 129.011297461304139, 35.205238795109871 ], [ 129.011312023064733, 35.205186085255541 ] ], [ [ 129.011381836201792, 35.204933341480775 ], [ 129.011394788919631, 35.204886560438709 ], [ 129.01135340611151, 35.205036277612152 ], [ 129.011381836201792, 35.204933341480775 ] ], [ [ 129.011398742456237, 35.204887551596833 ], [ 129.011458814075212, 35.204902779377576 ], [ 129.011394788919631, 35.204886560438709 ], [ 129.011398742456237, 35.204887551596833 ] ], [ [ 129.011538071685095, 35.204939815699348 ], [ 129.011557215607155, 35.204944593812542 ], [ 129.011573359079193, 35.20494738664285 ], [ 129.011538071685095, 35.204939815699348 ] ], [ [ 129.011776760868855, 35.204937374046033 ], [ 129.01189983867215, 35.204893638528603 ], [ 129.012107042593442, 35.204733270587738 ], [ 129.011776760868855, 35.204937374046033 ] ], [ [ 129.012129413592277, 35.204743174433936 ], [ 129.012413437154038, 35.204868967433768 ], [ 129.012107042593442, 35.204733270587738 ], [ 129.012129413592277, 35.204743174433936 ] ], [ [ 129.013061334727468, 35.205155906133022 ], [ 129.013111030222632, 35.205177957320089 ], [ 129.012413439412086, 35.204868968433843 ], [ 129.013061334727468, 35.205155906133022 ] ], [ [ 129.014419891619411, 35.204221268208762 ], [ 129.014479931958789, 35.204202733705642 ], [ 129.014310148950329, 35.204305267515529 ], [ 129.014419891619411, 35.204221268208762 ] ], [ [ 129.016344924156527, 35.203551227513913 ], [ 129.016507467307633, 35.203426703116023 ], [ 129.015918947237253, 35.203704566384395 ], [ 129.016344924156527, 35.203551227513913 ] ], [ [ 129.017319144359703, 35.203124107852489 ], [ 129.017319144359703, 35.20312410785246 ], [ 129.018064835070419, 35.20342295269031 ], [ 129.017319144359703, 35.203124107852489 ] ], [ [ 129.018845842698767, 35.203454749070154 ], [ 129.018289679390762, 35.203513061851503 ], [ 129.018289679390733, 35.203513061851488 ], [ 129.018845842698767, 35.203454749070154 ] ], [ [ 129.0217583611404, 35.200567805223329 ], [ 129.022260050495703, 35.199126102311403 ], [ 129.020753278332137, 35.20343552058921 ], [ 129.0217583611404, 35.200567805223329 ] ], [ [ 129.022344718569741, 35.19871723572443 ], [ 129.022653765330375, 35.198382718316054 ], [ 129.022260050495703, 35.199126102311403 ], [ 129.022344718569741, 35.19871723572443 ] ], [ [ 129.023259527525539, 35.197701226652235 ], [ 129.023447631083968, 35.19751113530338 ], [ 129.022653765330375, 35.198382718316054 ], [ 129.023259527525539, 35.197701226652235 ] ], [ [ 129.024264653278749, 35.212590711015999 ], [ 129.024262064102004, 35.212875302849007 ], [ 129.024271850470598, 35.212407015105484 ], [ 129.024264653278749, 35.212590711015999 ] ], [ [ 129.025290894989212, 35.21489138168684 ], [ 129.025294191197901, 35.214895797636956 ], [ 129.025081147396122, 35.214611825029621 ], [ 129.025290894989212, 35.21489138168684 ] ], [ [ 129.011223061349284, 35.217927718596073 ], [ 129.010951509051893, 35.217858570905946 ], [ 129.010974388270768, 35.21786437377763 ], [ 129.011223061349284, 35.217927718596073 ] ], [ [ 129.013202148398022, 35.246009058332852 ], [ 129.013340049091369, 35.246007016837531 ], [ 129.013225067755741, 35.246008722607499 ], [ 129.013202148398022, 35.246009058332852 ] ], [ [ 129.013361474191072, 35.246006744327126 ], [ 129.013344575830843, 35.246006962312016 ], [ 129.013340049091369, 35.246007016837531 ], [ 129.013361474191072, 35.246006744327126 ] ], [ [ 129.013407733297441, 35.246025667948679 ], [ 129.013801632923332, 35.246069073063502 ], [ 129.013736631216148, 35.246061914012756 ], [ 129.013407733297441, 35.246025667948679 ] ], [ [ 129.013840417550682, 35.246066455205117 ], [ 129.013881948962648, 35.246063656783548 ], [ 129.013801632923332, 35.246069073063502 ], [ 129.013840417550682, 35.246066455205117 ] ], [ [ 129.014131705860137, 35.246169628695277 ], [ 129.014195641495888, 35.246244244090789 ], [ 129.014157750452, 35.246200091326237 ], [ 129.014131705860137, 35.246169628695277 ] ], [ [ 129.014319812259174, 35.246196739228225 ], [ 129.014343214444352, 35.246192230025748 ], [ 129.014426605339509, 35.246176357487997 ], [ 129.014319812259174, 35.246196739228225 ] ], [ [ 129.014468688140028, 35.246185997327451 ], [ 129.014454843666698, 35.24618282609223 ], [ 129.014426605339509, 35.246176357487997 ], [ 129.014468688140028, 35.246185997327451 ] ], [ [ 129.014927188870928, 35.246196492821269 ], [ 129.014959043477631, 35.246145293035354 ], [ 129.014945093380419, 35.24616782814563 ], [ 129.014927188870928, 35.246196492821269 ] ] ] ] } },
{ "type": "Feature", "properties": { "sigungu_cd": "26440", "sigungu_nm": "강서구" }, "geometry": { "type": "MultiPolygon", "coordinates": [ [ [ [ 128.776132884371691, 35.01107316886231 ], [ 128.776248953608388, 35.011495317817882 ], [ 128.776483407218507, 35.011135112431866 ], [ 128.776132884371691, 35.01107316886231 ] ] ], [ [ [ 128.773018656701311, 35.014801383089853 ], [ 128.775036330249776, 35.013656451573262 ], [ 128.775584967502311, 35.011001302607312 ], [ 128.77216832970359, 35.011351752009524 ], [ 128.771455797977723, 35.013376333751197 ], [ 128.773018656701311, 35.014801383089853 ] ] ], [ [ [ 128.766620985770032, 35.015380296644032 ], [ 128.772101300712762, 35.015505176990416 ], [ 128.765997618804249, 35.012343891556192 ], [ 128.766620985770032, 35.015380296644032 ] ] ], [ [ [ 128.762867488838879, 35.017600452435936 ], [ 128.76211824859422, 35.016369323485208 ], [ 128.761717877887719, 35.01750372350353 ], [ 128.762867488838879, 35.017600452435936 ] ] ], [ [ [ 128.809601369711913, 35.03001694103336 ], [ 128.808851316174099, 35.028743609574967 ], [ 128.808569550579875, 35.026989531839767 ], [ 128.8087372157689, 35.028764367353659 ], [ 128.809601369711913, 35.03001694103336 ] ] ], [ [ [ 128.818507433387765, 35.00407736095999 ], [ 128.823455297544882, 35.004674035809884 ], [ 128.823979843528548, 35.006320780595686 ], [ 128.820227342856555, 35.009042648669393 ], [ 128.826512954048383, 35.010315958552319 ], [ 128.827351562015167, 35.011955874450933 ], [ 128.825115719803449, 35.011713800879427 ], [ 128.82531827395303, 35.012852189885685 ], [ 128.827068404144001, 35.012303696528726 ], [ 128.827301176520024, 35.013599577839607 ], [ 128.823584574966304, 35.016817651267438 ], [ 128.811375599972536, 35.019727173344968 ], [ 128.810799404121468, 35.022232152886986 ], [ 128.806075387212047, 35.021587937596763 ], [ 128.805558258899651, 35.024554246125845 ], [ 128.810774244473436, 35.023285576034617 ], [ 128.81496958821819, 35.025026246895202 ], [ 128.815256208626636, 35.02953445459304 ], [ 128.810150204336253, 35.029508207209595 ], [ 128.807301571166022, 35.032817048177861 ], [ 128.811533960797533, 35.034117845120299 ], [ 128.812513545623091, 35.039698955483544 ], [ 128.807479287642479, 35.043869678838114 ], [ 128.805973734313483, 35.047444080717845 ], [ 128.799787726330152, 35.048323519635119 ], [ 128.797800389831792, 35.050420842431194 ], [ 128.797384856889579, 35.053727267965201 ], [ 128.800599530576164, 35.054972825565692 ], [ 128.805027985485282, 35.055440584974804 ], [ 128.805516304045398, 35.055688746202556 ], [ 128.805016848594647, 35.055605337170419 ], [ 128.801282717891496, 35.055441765010826 ], [ 128.798541237850884, 35.054721794791632 ], [ 128.797134072198702, 35.054646602742558 ], [ 128.796317376269172, 35.053487506497262 ], [ 128.791056709006398, 35.053476605550593 ], [ 128.791034672519629, 35.061598075779145 ], [ 128.794316352423806, 35.062396566093369 ], [ 128.795039391656161, 35.059585711034828 ], [ 128.805214307881414, 35.06127084733545 ], [ 128.805650565375942, 35.059545432223793 ], [ 128.805131711480243, 35.061199866183728 ], [ 128.795032721692905, 35.059535403349507 ], [ 128.79425323928595, 35.062297398019147 ], [ 128.791171969556331, 35.06157974565329 ], [ 128.791708440106049, 35.053532176598729 ], [ 128.795998910824949, 35.05354618760304 ], [ 128.797118828157579, 35.054693628523964 ], [ 128.801934028111702, 35.055634649058248 ], [ 128.805764969958886, 35.055863264931254 ], [ 128.806060065209891, 35.059749531222494 ], [ 128.807511220484287, 35.058553941071054 ], [ 128.811012253015605, 35.060323555007827 ], [ 128.822620822937495, 35.06128918142673 ], [ 128.824047862447998, 35.065381882879166 ], [ 128.806291383828466, 35.061447630380954 ], [ 128.804987420743799, 35.066747910642036 ], [ 128.832389432443364, 35.071303420247119 ], [ 128.832381559030182, 35.074908876062949 ], [ 128.834958699375733, 35.074912440672151 ], [ 128.835118753214459, 35.077626313532491 ], [ 128.811514896437302, 35.077580382455537 ], [ 128.811502911206333, 35.082988825683792 ], [ 128.81852749262103, 35.08300142607213 ], [ 128.818446919885048, 35.08436633150184 ], [ 128.821544940933137, 35.084446320496504 ], [ 128.821537700291373, 35.085846399566577 ], [ 128.826432229206034, 35.086214017059554 ], [ 128.828655810543637, 35.089932809715471 ], [ 128.835201445002099, 35.086212293100033 ], [ 128.835886935800801, 35.082402529655447 ], [ 128.835139679251711, 35.067202665619867 ], [ 128.833436466455112, 35.066324847333178 ], [ 128.835123263904109, 35.065836800597921 ], [ 128.835205313021788, 35.063056102525579 ], [ 128.832790602691915, 35.060799258533855 ], [ 128.832699815192399, 35.057611351452991 ], [ 128.837705650558831, 35.053459562531046 ], [ 128.841897504539332, 35.053966561088679 ], [ 128.846032963621468, 35.056554100125972 ], [ 128.845542839689216, 35.060112761617589 ], [ 128.846055832570045, 35.060719193669499 ], [ 128.846769825865834, 35.061124009397879 ], [ 128.845893850223121, 35.058032537021759 ], [ 128.850591835768768, 35.050311557813686 ], [ 128.850899588917287, 35.042083053693744 ], [ 128.8490099534975, 35.037267548732402 ], [ 128.843844214672799, 35.033384687715944 ], [ 128.841704967992115, 35.029440366625522 ], [ 128.843120530192692, 35.024389570759546 ], [ 128.841705210415682, 35.023118581437913 ], [ 128.839486173452741, 35.024263901392239 ], [ 128.841705210412954, 35.023118581438027 ], [ 128.834518219157843, 35.015336896199656 ], [ 128.834437404534754, 35.010949609225705 ], [ 128.839740471878088, 35.008411392355207 ], [ 128.840311255284803, 35.006619042745115 ], [ 128.837392345108611, 35.000044454162719 ], [ 128.83874368936597, 34.997595426011728 ], [ 128.836297776193391, 34.997273035984556 ], [ 128.836564691984023, 34.99575881290933 ], [ 128.834196230502215, 34.995355181359564 ], [ 128.834430507696482, 34.992992720269804 ], [ 128.828242193759138, 34.989204929655152 ], [ 128.829598993258287, 34.995511280470957 ], [ 128.822478280001064, 34.994890400176686 ], [ 128.823431503891356, 34.998512546619359 ], [ 128.822235876229854, 35.001574569743553 ], [ 128.818507433387765, 35.00407736095999 ] ], [ [ 128.806139123900834, 35.047262180143299 ], [ 128.80631511194494, 35.047508807728775 ], [ 128.806069178299452, 35.047407548673334 ], [ 128.806139123900834, 35.047262180143299 ] ], [ [ 128.808750136598263, 35.04717306287575 ], [ 128.811645415220909, 35.048382758072563 ], [ 128.81092261268688, 35.048358730497341 ], [ 128.809893473583827, 35.048187652635633 ], [ 128.808750136598263, 35.04717306287575 ] ], [ [ 128.81545213200252, 35.047967352503115 ], [ 128.816215671025219, 35.048006918853197 ], [ 128.815452132001639, 35.047967352503228 ], [ 128.81545213200252, 35.047967352503115 ] ], [ [ 128.817256004828607, 35.047736829528894 ], [ 128.818711597491784, 35.048661853144338 ], [ 128.817834822526066, 35.048134309670274 ], [ 128.81777232143898, 35.048096627940325 ], [ 128.817256004828607, 35.047736829528894 ] ], [ [ 128.819586415063867, 35.049138009226922 ], [ 128.819586415063839, 35.049138009226901 ], [ 128.819816906863423, 35.049234204110718 ], [ 128.819586415063867, 35.049138009226922 ] ], [ [ 128.820649805832744, 35.049697276010946 ], [ 128.820649805832687, 35.049697276010974 ], [ 128.820224927762467, 35.049415054190924 ], [ 128.820649805832744, 35.049697276010946 ] ], [ [ 128.822601981274204, 35.050204720590493 ], [ 128.822225258720692, 35.050378975814333 ], [ 128.821641992416176, 35.050193963014664 ], [ 128.822601981274204, 35.050204720590493 ] ], [ [ 128.822865807409869, 35.050185776246366 ], [ 128.823162232329224, 35.050163486551767 ], [ 128.823162232329196, 35.050163486551817 ], [ 128.822865807409869, 35.050185776246366 ] ], [ [ 128.823556740792412, 35.050202914621785 ], [ 128.823281175196826, 35.050105342622544 ], [ 128.823180309459303, 35.050116912283819 ], [ 128.823556740792412, 35.050202914621785 ] ], [ [ 128.824346318215106, 35.05053045570466 ], [ 128.824346318215106, 35.050530455704717 ], [ 128.824310345485571, 35.050506186385718 ], [ 128.824346318215106, 35.05053045570466 ] ], [ [ 128.824508551646289, 35.050576301708404 ], [ 128.824572611666298, 35.050554131269266 ], [ 128.824508551646318, 35.050576301708418 ], [ 128.824508551646289, 35.050576301708404 ] ], [ [ 128.824761531662006, 35.050576219666866 ], [ 128.824761531661949, 35.050576219666908 ], [ 128.824741255639339, 35.050564165624692 ], [ 128.824761531662006, 35.050576219666866 ] ], [ [ 128.824941075935214, 35.050574768376606 ], [ 128.825020949661564, 35.050538649469168 ], [ 128.824941075935271, 35.050574768376606 ], [ 128.824941075935214, 35.050574768376606 ] ], [ [ 128.825058785775354, 35.050540586898578 ], [ 128.825109723938112, 35.05054319522921 ], [ 128.825109723938169, 35.050543195229245 ], [ 128.825058785775354, 35.050540586898578 ] ], [ [ 128.825165311888242, 35.050586902307593 ], [ 128.825231218650373, 35.050572395848121 ], [ 128.825165311888242, 35.0505869023076 ], [ 128.825165311888242, 35.050586902307593 ] ], [ [ 128.825430945802111, 35.050550072312483 ], [ 128.825451140049154, 35.050551983529409 ], [ 128.825451140049182, 35.050551983529431 ], [ 128.825430945802111, 35.050550072312483 ] ], [ [ 128.82561008661321, 35.050699768234388 ], [ 128.825537282425387, 35.050608263794601 ], [ 128.825597452428696, 35.050662162798119 ], [ 128.82561008661321, 35.050699768234388 ] ], [ [ 128.825758935757477, 35.050751632348152 ], [ 128.825758935757392, 35.050751632348145 ], [ 128.82567567279807, 35.050732582990889 ], [ 128.825758935757477, 35.050751632348152 ] ], [ [ 128.825859668058911, 35.050802615425191 ], [ 128.825859668058825, 35.050802615425191 ], [ 128.825842936059161, 35.050794810963446 ], [ 128.825859668058911, 35.050802615425191 ] ], [ [ 128.825915306912378, 35.050822796477604 ], [ 128.826011693780828, 35.050804367657413 ], [ 128.826036088295581, 35.050796326647813 ], [ 128.825915306912378, 35.050822796477604 ] ], [ [ 128.826120065452557, 35.050768469502131 ], [ 128.826120065452642, 35.050768469502131 ], [ 128.826105485012761, 35.050773329803505 ], [ 128.826120065452557, 35.050768469502131 ] ], [ [ 128.826325557668014, 35.050781115025877 ], [ 128.826356352193244, 35.050786987063226 ], [ 128.82620843702307, 35.050756428669835 ], [ 128.826325557668014, 35.050781115025877 ] ], [ [ 128.826460449270485, 35.050850624984477 ], [ 128.826460449270456, 35.050850624984541 ], [ 128.826428439856556, 35.050800733060214 ], [ 128.826460449270485, 35.050850624984477 ] ], [ [ 128.826896798467942, 35.05083679503845 ], [ 128.826650609783201, 35.050856938256608 ], [ 128.826846167111455, 35.050851090502675 ], [ 128.826896798467942, 35.05083679503845 ] ], [ [ 128.827071826899299, 35.05081265610626 ], [ 128.827071826899299, 35.050812656106281 ], [ 128.827028527129841, 35.050814396611294 ], [ 128.827071826899299, 35.05081265610626 ] ], [ [ 128.827840587613423, 35.050575346116503 ], [ 128.827840587613508, 35.050575346116489 ], [ 128.827874845339466, 35.050595228524003 ], [ 128.827840587613423, 35.050575346116503 ] ], [ [ 128.827892588522474, 35.050605526265151 ], [ 128.827909819769616, 35.050599690571353 ], [ 128.827892588522502, 35.050605526265166 ], [ 128.827892588522474, 35.050605526265151 ] ], [ [ 128.828013993900186, 35.050573791359426 ], [ 128.828013993900214, 35.050573791359419 ], [ 128.828056168284547, 35.050585839855181 ], [ 128.828013993900186, 35.050573791359426 ] ], [ [ 128.828116712046466, 35.050567358135503 ], [ 128.828131018022162, 35.05056408313024 ], [ 128.828056168284547, 35.050585839855181 ], [ 128.828116712046466, 35.050567358135503 ] ], [ [ 128.828287490254922, 35.050460699490024 ], [ 128.828287490254951, 35.050460699489989 ], [ 128.82832985828054, 35.050440865198205 ], [ 128.828287490254922, 35.050460699490024 ] ], [ [ 128.828518987618111, 35.050356020030023 ], [ 128.82855073176907, 35.05032424690485 ], [ 128.828550731769099, 35.05032424690485 ], [ 128.828518987618111, 35.050356020030023 ] ], [ [ 128.828922626478032, 35.050277274055375 ], [ 128.828922626478118, 35.050277274055389 ], [ 128.828858201225756, 35.050302308966835 ], [ 128.828922626478032, 35.050277274055375 ] ], [ [ 128.829083711804714, 35.050192323518026 ], [ 128.82908371180477, 35.050192323518026 ], [ 128.829122160386788, 35.050203915666224 ], [ 128.829083711804714, 35.050192323518026 ] ], [ [ 128.829209185207446, 35.050258572118004 ], [ 128.829326048079139, 35.05030173330033 ], [ 128.829122160386788, 35.050203915666224 ], [ 128.829209185207446, 35.050258572118004 ] ], [ [ 128.829520180830457, 35.050399626906199 ], [ 128.829520180830457, 35.050399626906149 ], [ 128.829682435859098, 35.050401943511609 ], [ 128.829520180830457, 35.050399626906199 ] ], [ [ 128.830097141921499, 35.050411439766592 ], [ 128.830097141921442, 35.050411439766542 ], [ 128.830149401651084, 35.050415712207538 ], [ 128.830097141921499, 35.050411439766592 ] ], [ [ 128.830480304587866, 35.050322113660982 ], [ 128.830480304587837, 35.050322113660982 ], [ 128.830402534759429, 35.050296675557512 ], [ 128.830480304587866, 35.050322113660982 ] ], [ [ 128.830738003448374, 35.050424331308939 ], [ 128.830738003448317, 35.050424331308932 ], [ 128.830652915313891, 35.050386534299847 ], [ 128.830738003448374, 35.050424331308939 ] ], [ [ 128.831476246422682, 35.050520011554276 ], [ 128.831476246422682, 35.050520011554319 ], [ 128.831449241634289, 35.050504410064605 ], [ 128.831476246422682, 35.050520011554276 ] ], [ [ 128.831530440776902, 35.050709014620963 ], [ 128.831601889219911, 35.050929229213246 ], [ 128.831572850484548, 35.050872402251237 ], [ 128.83153517420493, 35.050752196873908 ], [ 128.831530440776817, 35.050709014620928 ], [ 128.831509607220738, 35.050659770640266 ], [ 128.831505469117758, 35.050646694978973 ], [ 128.831530440776902, 35.050709014620963 ] ], [ [ 128.831702445958655, 35.051156448910049 ], [ 128.831708322765479, 35.051193299282822 ], [ 128.831708322765422, 35.051193299282779 ], [ 128.831702445958655, 35.051156448910049 ] ], [ [ 128.831822573358266, 35.051466187448703 ], [ 128.831835112326615, 35.051419990853091 ], [ 128.831895731482831, 35.051364911735746 ], [ 128.831898286614518, 35.051348420236252 ], [ 128.831895731482888, 35.051364911735746 ], [ 128.831835112326701, 35.051419990853155 ], [ 128.831822573358266, 35.051466187448703 ] ], [ [ 128.831820973878962, 35.051472340681364 ], [ 128.831826149534265, 35.051487276856108 ], [ 128.831820973878962, 35.051472340681386 ], [ 128.831820973878962, 35.051472340681364 ] ], [ [ 128.831822965667072, 35.051613081114539 ], [ 128.831792088161706, 35.051712425239224 ], [ 128.83179208816162, 35.051712425239181 ], [ 128.831822965667072, 35.051613081114539 ] ], [ [ 128.831787344127406, 35.051727291208984 ], [ 128.831742228862595, 35.05170568537681 ], [ 128.831751347283841, 35.051695692924106 ], [ 128.831787344127406, 35.051727291208984 ] ], [ [ 128.831750360960939, 35.051801602505954 ], [ 128.83173242390086, 35.051833475135517 ], [ 128.831787344127406, 35.051727291208984 ], [ 128.831750360960939, 35.051801602505954 ] ], [ [ 128.831697122603572, 35.051891665022936 ], [ 128.831697122603572, 35.051891665022886 ], [ 128.831714252119667, 35.051863874213595 ], [ 128.831697122603572, 35.051891665022936 ] ], [ [ 128.831665121106482, 35.052048098053575 ], [ 128.83166089816558, 35.052128945018261 ], [ 128.83166801172743, 35.051975451689088 ], [ 128.831665121106482, 35.052048098053575 ] ], [ [ 128.831659675835738, 35.052136965499244 ], [ 128.831648890233566, 35.052158042459929 ], [ 128.83166089816558, 35.052128945018261 ], [ 128.831659675835738, 35.052136965499244 ] ], [ [ 128.831622209153693, 35.052338819902083 ], [ 128.831622209153636, 35.052338819902033 ], [ 128.831628919951271, 35.052308587773325 ], [ 128.831622209153693, 35.052338819902083 ] ], [ [ 128.831603248409749, 35.052390712261982 ], [ 128.831603248409749, 35.052390712262039 ], [ 128.831602282499802, 35.052497252817489 ], [ 128.831603248409749, 35.052390712261982 ] ], [ [ 128.831602860679737, 35.052578016357636 ], [ 128.831602860679681, 35.052578016357636 ], [ 128.831602595096427, 35.052547459550951 ], [ 128.831602860679737, 35.052578016357636 ] ], [ [ 128.831616372291194, 35.052669794711122 ], [ 128.831616536290056, 35.052696475485 ], [ 128.831616536289971, 35.052696475484993 ], [ 128.831616372291194, 35.052669794711122 ] ], [ [ 128.831689974138015, 35.052798777106105 ], [ 128.831689983480771, 35.052799244279306 ], [ 128.831689983480771, 35.052799244279313 ], [ 128.831689974138015, 35.052798777106105 ] ], [ [ 128.831479209398196, 35.053111093529594 ], [ 128.831556744442253, 35.052999305161237 ], [ 128.831473980836307, 35.053148132498571 ], [ 128.831479209398196, 35.053111093529594 ] ], [ [ 128.83148452154353, 35.053356768816016 ], [ 128.831488441774354, 35.053363670239882 ], [ 128.831488441774354, 35.053363670239911 ], [ 128.83148452154353, 35.053356768816016 ] ], [ [ 128.831379618399467, 35.053881354588249 ], [ 128.831379618399467, 35.053881354588214 ], [ 128.831411353746631, 35.053748176644447 ], [ 128.831471127481279, 35.05357249988738 ], [ 128.831379618399467, 35.053881354588249 ] ], [ [ 128.831293785025338, 35.053936758611925 ], [ 128.831249242046681, 35.053987527780613 ], [ 128.831357085470216, 35.053911248471572 ], [ 128.831293785025338, 35.053936758611925 ] ], [ [ 128.83120624299363, 35.054075987543335 ], [ 128.831206242993574, 35.054075987543314 ], [ 128.831221026127281, 35.054050450456167 ], [ 128.83120624299363, 35.054075987543335 ] ], [ [ 128.831093139702034, 35.054225185722984 ], [ 128.831093139701977, 35.054225185722991 ], [ 128.831125421581788, 35.054198640643385 ], [ 128.831093139702034, 35.054225185722984 ] ], [ [ 128.831050853393521, 35.054318688497411 ], [ 128.831050350347937, 35.054349785038156 ], [ 128.831057128284499, 35.054252987473632 ], [ 128.831050853393521, 35.054318688497411 ] ], [ [ 128.831226293682647, 35.05460854476754 ], [ 128.831132953667634, 35.054583355709561 ], [ 128.831226293682647, 35.054608544767504 ], [ 128.831287290997494, 35.054616220339533 ], [ 128.831226293682647, 35.05460854476754 ] ], [ [ 128.831606372940456, 35.054693806132427 ], [ 128.831606372940485, 35.054693806132462 ], [ 128.831548240265789, 35.054682794155291 ], [ 128.831606372940456, 35.054693806132427 ] ], [ [ 128.832242735751521, 35.054776169258339 ], [ 128.832366119687094, 35.05474615518316 ], [ 128.832366119687123, 35.054746155183217 ], [ 128.832264998288366, 35.054773235579688 ], [ 128.832242735751521, 35.054776169258339 ] ], [ [ 128.832574414460765, 35.055000180769454 ], [ 128.832574414460765, 35.055000180769483 ], [ 128.832519423882758, 35.054929166445682 ], [ 128.832574414460765, 35.055000180769454 ] ], [ [ 128.832585148595172, 35.055057432666509 ], [ 128.832585148595172, 35.05505743266653 ], [ 128.832572838973476, 35.055114243406486 ], [ 128.832585148595172, 35.055057432666509 ] ], [ [ 128.83235827226676, 35.055468952361359 ], [ 128.832358272266703, 35.055468952361331 ], [ 128.83243547966805, 35.055344400555008 ], [ 128.83235827226676, 35.055468952361359 ] ], [ [ 128.832215488285982, 35.05565903235189 ], [ 128.832215488286039, 35.055659032351883 ], [ 128.832277947511301, 35.055723026538431 ], [ 128.832215488285982, 35.05565903235189 ] ], [ [ 128.832747918975627, 35.056154769778438 ], [ 128.832936521220972, 35.056344247299634 ], [ 128.832713501496727, 35.056120191226313 ], [ 128.832747918975627, 35.056154769778438 ] ], [ [ 128.833142424941144, 35.056206389253425 ], [ 128.833142424941144, 35.05620638925339 ], [ 128.833192309219442, 35.056220853839527 ], [ 128.833142424941144, 35.056206389253425 ] ], [ [ 128.836963276049801, 35.024505412072998 ], [ 128.838437223767585, 35.024258531146636 ], [ 128.834912996662325, 35.02483846828224 ], [ 128.836963276049801, 35.024505412072998 ] ], [ [ 128.82238691054232, 35.043306430883412 ], [ 128.822348741556311, 35.043218851431867 ], [ 128.822365318124355, 35.043256733478231 ], [ 128.82238691054232, 35.043306430883412 ] ], [ [ 128.827774657523889, 35.040449613301242 ], [ 128.826798724540851, 35.040335541240374 ], [ 128.827774657524316, 35.040449613300943 ], [ 128.827774657523889, 35.040449613301242 ] ] ], [ [ [ 128.85835018533507, 35.070079847633309 ], [ 128.883806651184358, 35.067353543857358 ], [ 128.885059992399817, 35.068650920215774 ], [ 128.885671121180849, 35.065680595024197 ], [ 128.879984284968373, 35.063709077560709 ], [ 128.87411689565468, 35.0638350577835 ], [ 128.85835018533507, 35.070079847633309 ] ] ], [ [ [ 128.83683935488753, 35.067501362511933 ], [ 128.837835628974176, 35.074847941537818 ], [ 128.840891086621383, 35.073651665322316 ], [ 128.842321180916997, 35.069497147859288 ], [ 128.855012190392586, 35.069215905424073 ], [ 128.857789054457612, 35.064567788151493 ], [ 128.846827501707054, 35.061076112074225 ], [ 128.848004970127732, 35.062425784071635 ], [ 128.846290875681234, 35.063669286153825 ], [ 128.841029602405058, 35.064547496686103 ], [ 128.840093518993939, 35.066752443436812 ], [ 128.83683935488753, 35.067501362511933 ] ] ], [ [ [ 128.823675135669106, 35.095839051998489 ], [ 128.823607960127532, 35.095688588100877 ], [ 128.823545505875614, 35.09582860438465 ], [ 128.823675135669106, 35.095839051998489 ] ] ], [ [ [ 128.820813909101759, 35.09648046114355 ], [ 128.82088814235243, 35.096914812322431 ], [ 128.821101915427931, 35.096725294381265 ], [ 128.820813909101759, 35.09648046114355 ] ] ], [ [ [ 128.887665865312584, 35.064796031282718 ], [ 128.892743192153176, 35.060521302052209 ], [ 128.897418033549741, 35.061077759645471 ], [ 128.916813716903505, 35.054273587804715 ], [ 128.917651564206579, 35.052616215118555 ], [ 128.922143681658468, 35.053220989241368 ], [ 128.916832348301654, 35.051842540840802 ], [ 128.891655951246975, 35.05904420432261 ], [ 128.8859227092384, 35.062265638626386 ], [ 128.887665865312584, 35.064796031282718 ] ] ], [ [ [ 128.905635895377571, 35.060422651997555 ], [ 128.91054891319456, 35.061581176725248 ], [ 128.919749551117746, 35.059994640346353 ], [ 128.91667454282944, 35.056582287771263 ], [ 128.905635895377571, 35.060422651997555 ] ] ], [ [ [ 128.903399594301391, 35.071598558033529 ], [ 128.911961716504862, 35.076086325004844 ], [ 128.923862580971786, 35.077623509588413 ], [ 128.921571517522608, 35.074690776117663 ], [ 128.919269066130227, 35.076019962971486 ], [ 128.913293218698925, 35.07503168161611 ], [ 128.90371696998676, 35.069487071164509 ], [ 128.903399594301391, 35.071598558033529 ] ] ], [ [ [ 128.926457951533251, 35.093874696006807 ], [ 128.92721860531941, 35.093273593119996 ], [ 128.926282831170397, 35.093494842643167 ], [ 128.926457951533251, 35.093874696006807 ] ] ], [ [ [ 128.928383132350802, 35.094167282308049 ], [ 128.929141649703695, 35.093613037060464 ], [ 128.928227477023057, 35.093961947696968 ], [ 128.928383132350802, 35.094167282308049 ] ] ], [ [ [ 128.928240191691401, 35.094828707598538 ], [ 128.929423870639056, 35.094059741071142 ], [ 128.928122481016942, 35.094623305636752 ], [ 128.928240191691401, 35.094828707598538 ] ] ], [ [ [ 128.92942445098646, 35.094896568332423 ], [ 128.929474968413956, 35.094817458513518 ], [ 128.929464907275388, 35.094785093554059 ], [ 128.92942445098646, 35.094896568332423 ] ] ], [ [ [ 128.92929214075545, 35.095201150899264 ], [ 128.929203515067456, 35.095464026161125 ], [ 128.929312739433783, 35.095472113319886 ], [ 128.92929214075545, 35.095201150899264 ] ] ], [ [ [ 128.887585291415093, 35.088949117904569 ], [ 128.883217170278613, 35.082321794606827 ], [ 128.88394465041813, 35.079307251157303 ], [ 128.869262284685277, 35.081344009164177 ], [ 128.870703654608633, 35.084021636387654 ], [ 128.872398025572977, 35.082847168754114 ], [ 128.870809336364005, 35.088771490189643 ], [ 128.870681270122333, 35.085144263023309 ], [ 128.868215945693265, 35.083342724714043 ], [ 128.837607623944677, 35.08339068946421 ], [ 128.835323697243155, 35.088773237416774 ], [ 128.83211094335266, 35.088408248366449 ], [ 128.821780689967056, 35.097812813810023 ], [ 128.821827018966928, 35.097391315035999 ], [ 128.820894643682408, 35.097313855363474 ], [ 128.820452622536891, 35.096389389544697 ], [ 128.820348481099018, 35.09641807768044 ], [ 128.823638501861382, 35.101979035864325 ], [ 128.824862953836629, 35.102335781631268 ], [ 128.831587728575471, 35.102647074278615 ], [ 128.834794135170739, 35.101801493712465 ], [ 128.841700900703273, 35.105989567840858 ], [ 128.842965794618834, 35.113155103924804 ], [ 128.838491615721892, 35.115205699314529 ], [ 128.835929419105867, 35.119016234780609 ], [ 128.837536594481833, 35.120822228592026 ], [ 128.838411555175327, 35.123716006068157 ], [ 128.832975382919301, 35.129940964673295 ], [ 128.827293550116934, 35.128107475540652 ], [ 128.824283743638802, 35.130958075662633 ], [ 128.815348543700054, 35.132606880323415 ], [ 128.807391611188734, 35.139428490161009 ], [ 128.80678290500191, 35.142441558674719 ], [ 128.802176793976486, 35.141840169401718 ], [ 128.801784323443712, 35.146586782685482 ], [ 128.794322256945748, 35.153890462959716 ], [ 128.794519561068626, 35.15853790868222 ], [ 128.800594862040441, 35.158067710100447 ], [ 128.805871317231038, 35.160437616786773 ], [ 128.808706584973464, 35.158939153343113 ], [ 128.815965317076632, 35.160162081482142 ], [ 128.822992675720968, 35.156158455880202 ], [ 128.827526072455527, 35.155588631422425 ], [ 128.836005137110448, 35.159137959070904 ], [ 128.842944321798171, 35.157991113124503 ], [ 128.846288231958198, 35.164687947222227 ], [ 128.859742966075913, 35.168170673705532 ], [ 128.867385976347634, 35.167714913614297 ], [ 128.872948778090148, 35.162531632750479 ], [ 128.869536093292226, 35.158705791362571 ], [ 128.866646476483822, 35.159757565278881 ], [ 128.865182061506545, 35.158185813135589 ], [ 128.868886139632338, 35.155360668717201 ], [ 128.871662477005856, 35.150464889101087 ], [ 128.875676607436787, 35.150730785162125 ], [ 128.876656389549481, 35.151279227401048 ], [ 128.874694105876159, 35.153600831001945 ], [ 128.874169348420054, 35.158588766351535 ], [ 128.881141902786624, 35.159126075338662 ], [ 128.881931218382078, 35.161716501428479 ], [ 128.879784229986541, 35.161785733911351 ], [ 128.876037644321173, 35.165543010907264 ], [ 128.8781230910906, 35.168491504093829 ], [ 128.876943730530002, 35.170149057666087 ], [ 128.872353488923778, 35.172274257891665 ], [ 128.873478532259185, 35.174137762462472 ], [ 128.881457213066227, 35.171643969622743 ], [ 128.880044176984626, 35.17886671124748 ], [ 128.881680622763412, 35.182203574270453 ], [ 128.876059444041744, 35.188094395209021 ], [ 128.876193393801287, 35.192630549355798 ], [ 128.870354618367145, 35.201558727859478 ], [ 128.878987463174411, 35.209994579476309 ], [ 128.881617692683619, 35.210389260620332 ], [ 128.886400984397966, 35.214477882706085 ], [ 128.896611932384701, 35.213142461918459 ], [ 128.909693921308332, 35.215460978834514 ], [ 128.905018001901766, 35.220073047830141 ], [ 128.909482055649306, 35.223057991097335 ], [ 128.912503070025053, 35.222515204593591 ], [ 128.916652700246829, 35.216960844502673 ], [ 128.918257973107586, 35.217872047175263 ], [ 128.920128033646478, 35.216422600881486 ], [ 128.929239515774299, 35.220031598162542 ], [ 128.940676251958735, 35.227520666825946 ], [ 128.943997694812225, 35.228325476700469 ], [ 128.948534578131955, 35.225242060621071 ], [ 128.956696019072012, 35.22525202217561 ], [ 128.97631215598733, 35.227770452950516 ], [ 128.989700956333166, 35.231676305478267 ], [ 128.99675833077012, 35.236084356363214 ], [ 128.998224471118107, 35.232914711274553 ], [ 128.993876235657751, 35.208107772572951 ], [ 128.981881789720319, 35.196662185128339 ], [ 128.966320336740836, 35.187899531537717 ], [ 128.96361802658825, 35.184509899233518 ], [ 128.959640574347702, 35.136646476249886 ], [ 128.953084539763069, 35.131279077934408 ], [ 128.947781893088006, 35.122697252610457 ], [ 128.934858456567554, 35.111898754985575 ], [ 128.935290645813012, 35.109859929980914 ], [ 128.932744426441843, 35.110511280608279 ], [ 128.932429033003388, 35.106256940616483 ], [ 128.931038326127833, 35.105254429406273 ], [ 128.929850621933497, 35.106469951969032 ], [ 128.930989021022015, 35.096906268133758 ], [ 128.930032632996387, 35.095325076139289 ], [ 128.928543330597108, 35.096539499632094 ], [ 128.925077473108644, 35.09290901373577 ], [ 128.92897580288701, 35.092530308772247 ], [ 128.930247517672314, 35.095025318507147 ], [ 128.930190628191468, 35.092722298236438 ], [ 128.928983336479973, 35.09244405265094 ], [ 128.92462065531322, 35.09238377032181 ], [ 128.913154411653323, 35.087602244744083 ], [ 128.911112325612947, 35.079050561951419 ], [ 128.895378268306047, 35.079037282993376 ], [ 128.895368212946039, 35.086382957166961 ], [ 128.897798706518017, 35.093386573776435 ], [ 128.899356734191457, 35.092510894629598 ], [ 128.89890302491122, 35.094428372171635 ], [ 128.897851553290309, 35.093795712216881 ], [ 128.900491834448871, 35.104123024097319 ], [ 128.900587241209649, 35.111260090991571 ], [ 128.905632053730073, 35.118101639749121 ], [ 128.897624324249762, 35.120290671104058 ], [ 128.889471452122478, 35.107837543816196 ], [ 128.887585291415093, 35.088949117904569 ] ], [ [ 128.863048658793019, 35.139042585873618 ], [ 128.863097695549953, 35.139179850790207 ], [ 128.863127497451018, 35.139270921886791 ], [ 128.863097673619421, 35.139179841751591 ], [ 128.863050198646334, 35.139047423236448 ], [ 128.863048658793019, 35.139042585873618 ] ], [ [ 128.86297044820094, 35.138813988770494 ], [ 128.862970481058255, 35.138814024862377 ], [ 128.86301827645957, 35.138951199296699 ], [ 128.86297044820094, 35.138813988770494 ] ], [ [ 128.863007154349674, 35.138795592524346 ], [ 128.862037120315506, 35.13793857520794 ], [ 128.863007161480766, 35.138795588940191 ], [ 128.863007154349674, 35.138795592524346 ] ], [ [ 128.861692077853718, 35.132767070008228 ], [ 128.859963698514576, 35.130465898051426 ], [ 128.861693905769243, 35.132127414224279 ], [ 128.861684785882915, 35.137272403130481 ], [ 128.861692077853718, 35.132767070008228 ] ], [ [ 128.859988856553827, 35.130453245299108 ], [ 128.859988812604769, 35.130453281302174 ], [ 128.859970179662525, 35.130462638482634 ], [ 128.859988856553827, 35.130453245299108 ] ], [ [ 128.860069219864215, 35.130489566345751 ], [ 128.860077623348445, 35.13049889967391 ], [ 128.860077604512838, 35.130498903495081 ], [ 128.860069219864215, 35.130489566345751 ] ], [ [ 128.860130638389876, 35.130488131006082 ], [ 128.860130616415375, 35.13048814900764 ], [ 128.860118832752988, 35.130490539550955 ], [ 128.860130638389876, 35.130488131006082 ] ], [ [ 128.860428740631448, 35.130525677242794 ], [ 128.860428762497122, 35.130525722336223 ], [ 128.86041607183779, 35.130516312392849 ], [ 128.860428740631448, 35.130525677242794 ] ], [ [ 128.863353663523668, 35.128330135069675 ], [ 128.864101753514973, 35.128177303300042 ], [ 128.863353685466564, 35.128330135094679 ], [ 128.863171628318042, 35.128938885585363 ], [ 128.862832711384584, 35.12920232621228 ], [ 128.862154915332269, 35.129638708214301 ], [ 128.861120861354891, 35.130192697615101 ], [ 128.863353663523668, 35.128330135069675 ] ], [ [ 128.865928118821444, 35.127109959498313 ], [ 128.865928173632796, 35.127109986600416 ], [ 128.86504176377818, 35.127830814782349 ], [ 128.865928118821444, 35.127109959498313 ] ], [ [ 128.869251436534341, 35.126009710712239 ], [ 128.868999628330386, 35.126439930911786 ], [ 128.869036083708806, 35.126210529738813 ], [ 128.869251436534341, 35.126009710712239 ] ], [ [ 128.868752050763021, 35.123938252550687 ], [ 128.869027371648741, 35.125199768168898 ], [ 128.868902709133977, 35.123552133464678 ], [ 128.868752050763021, 35.123938252550687 ] ], [ [ 128.868920933377808, 35.123505426943659 ], [ 128.868912817811406, 35.123459175067161 ], [ 128.868920934478894, 35.123505424121731 ], [ 128.868920933377808, 35.123505426943659 ] ], [ [ 128.869100020596761, 35.122657917970763 ], [ 128.86910003161114, 35.122657890941987 ], [ 128.869098177361764, 35.122662608729385 ], [ 128.869100020596761, 35.122657917970763 ] ], [ [ 128.869236889012001, 35.122081620650043 ], [ 128.869865646538386, 35.121419210271434 ], [ 128.86986566587322, 35.121419199946892 ], [ 128.869236889012001, 35.122081620650043 ] ], [ [ 128.870613084332319, 35.121020052548737 ], [ 128.870603796417981, 35.120960916815463 ], [ 128.870613089610032, 35.12102004973034 ], [ 128.870613084332319, 35.121020052548737 ] ], [ [ 128.870536810018137, 35.120541327140259 ], [ 128.87053684290035, 35.120541345202923 ], [ 128.870539692971363, 35.120556660850518 ], [ 128.870536810018137, 35.120541327140259 ] ], [ [ 128.870404134827851, 35.119835346659045 ], [ 128.870404101888283, 35.119835364650712 ], [ 128.869137884782731, 35.119506579208227 ], [ 128.870404134827851, 35.119835346659045 ] ], [ [ 128.868357808853119, 35.119441458810115 ], [ 128.868357798898415, 35.119441458391584 ], [ 128.86833151461957, 35.119421222221511 ], [ 128.868357808853119, 35.119441458810115 ] ], [ [ 128.867489645317931, 35.118907185354786 ], [ 128.867926814005983, 35.119130141895603 ], [ 128.866609180291675, 35.118985437197665 ], [ 128.867489645317931, 35.118907185354786 ] ], [ [ 128.866205569956264, 35.118958714626267 ], [ 128.866205613911319, 35.118958669607295 ], [ 128.86658646373823, 35.118983933161047 ], [ 128.866205569956264, 35.118958714626267 ] ], [ [ 128.863935060528291, 35.119144616905395 ], [ 128.863863394301575, 35.11915437302693 ], [ 128.864472843731392, 35.11907137627486 ], [ 128.863935060528291, 35.119144616905395 ] ], [ [ 128.863855569555682, 35.119154953002443 ], [ 128.863501895600393, 35.119161980747187 ], [ 128.863501911166594, 35.119161960962231 ], [ 128.863855569555682, 35.119154953002443 ] ], [ [ 128.861161780155328, 35.117798628935461 ], [ 128.860175303124606, 35.116425639758504 ], [ 128.861188299805491, 35.117808421352933 ], [ 128.861382187896396, 35.11794632343441 ], [ 128.861161780155328, 35.117798628935461 ] ], [ [ 128.856633897506214, 35.107241746754752 ], [ 128.856633897506214, 35.107241746754745 ], [ 128.856887130260759, 35.107028767809425 ], [ 128.856633897506214, 35.107241746754752 ] ], [ [ 128.879185111258892, 35.111040116005654 ], [ 128.880284609193751, 35.111040462585819 ], [ 128.879185122227938, 35.11104011601671 ], [ 128.879185111258892, 35.111040116005654 ] ], [ [ 128.88797326288784, 35.109468382597598 ], [ 128.887973251918964, 35.10946838258733 ], [ 128.887968419490818, 35.10938574119546 ], [ 128.88797326288784, 35.109468382597598 ] ], [ [ 128.865315441087262, 35.099345122575109 ], [ 128.865373178985948, 35.0993686228231 ], [ 128.865315159503808, 35.099345150248446 ], [ 128.865315441087262, 35.099345122575109 ] ], [ [ 128.862450872113669, 35.099580193367785 ], [ 128.862450521152482, 35.099580192965512 ], [ 128.862290446771482, 35.099559280153635 ], [ 128.862450872113669, 35.099580193367785 ] ], [ [ 128.861864243260413, 35.099552118091069 ], [ 128.861864594221487, 35.099552118495062 ], [ 128.862149125266285, 35.099560012520115 ], [ 128.861864243260413, 35.099552118091069 ] ], [ [ 128.861444730609435, 35.099638615891031 ], [ 128.861539840634748, 35.099670183363877 ], [ 128.861500377476517, 35.099658420105683 ], [ 128.861444730609435, 35.099638615891031 ] ], [ [ 128.859669257401521, 35.100036578112835 ], [ 128.860368942313556, 35.100052446919833 ], [ 128.859669091880249, 35.100036581906252 ], [ 128.859669257401521, 35.100036578112835 ] ], [ [ 128.858347012356063, 35.100424143367881 ], [ 128.858381946876705, 35.100424184590672 ], [ 128.858381946876534, 35.100424184590736 ], [ 128.858347012356063, 35.100424143367881 ] ], [ [ 128.858335136948824, 35.100424129354863 ], [ 128.85831788425881, 35.100317748157842 ], [ 128.858339710857791, 35.100379967966006 ], [ 128.858340776123242, 35.100397996483153 ], [ 128.858335136948824, 35.100424129354863 ] ], [ [ 128.855617468004851, 35.100221149484099 ], [ 128.855210953069843, 35.100202272120768 ], [ 128.85561773204023, 35.100221145872929 ], [ 128.855617468004851, 35.100221149484099 ] ], [ [ 128.854342870149111, 35.100321103416292 ], [ 128.854679528726535, 35.100335933163045 ], [ 128.854342864409745, 35.100321118182158 ], [ 128.854342870149111, 35.100321103416292 ] ], [ [ 128.856178331993675, 35.106230574350953 ], [ 128.855522250452708, 35.104712597133762 ], [ 128.854466401000423, 35.102779505420337 ], [ 128.85571138893593, 35.104637488743755 ], [ 128.856178331993675, 35.106230574350953 ] ], [ [ 128.833549789459397, 35.129840528873856 ], [ 128.833841544000506, 35.129951582722938 ], [ 128.833549619665604, 35.129840558570571 ], [ 128.833549789459397, 35.129840528873856 ] ], [ [ 128.835338853721566, 35.130007323741992 ], [ 128.834212802044362, 35.129930680728094 ], [ 128.834463536491455, 35.129916549731703 ], [ 128.835338853721566, 35.130007323741992 ] ], [ [ 128.836802827008967, 35.129359008957231 ], [ 128.836802866203726, 35.129358980870599 ], [ 128.836834643924192, 35.129350473863425 ], [ 128.836802827008967, 35.129359008957231 ] ], [ [ 128.836883271363035, 35.129337456127566 ], [ 128.836883274398105, 35.129337455315067 ], [ 128.836978660101181, 35.129397816204069 ], [ 128.836883271363035, 35.129337456127566 ] ], [ [ 128.83751320871724, 35.129736083141744 ], [ 128.838091714231609, 35.130683087167526 ], [ 128.8381418087138, 35.130979730994802 ], [ 128.83809170325992, 35.13068308715274 ], [ 128.83751320871724, 35.129736083141744 ] ], [ [ 128.838569595831956, 35.132869541128507 ], [ 128.838380741027038, 35.132212963690115 ], [ 128.838437646278976, 35.132409734648455 ], [ 128.838569595831956, 35.132869541128507 ] ], [ [ 128.839453083382296, 35.133310533963943 ], [ 128.839453028450635, 35.13331056994484 ], [ 128.838911559643122, 35.133027052324401 ], [ 128.839453083382296, 35.133310533963943 ] ], [ [ 128.839919937790313, 35.133953293281841 ], [ 128.840307037316506, 35.134336437485302 ], [ 128.839800569730698, 35.133835144894235 ], [ 128.839919937790313, 35.133953293281841 ] ], [ [ 128.841801900741416, 35.134197278400492 ], [ 128.842197507226871, 35.133913764742175 ], [ 128.841200463887873, 35.134708593030517 ], [ 128.841801900741416, 35.134197278400492 ] ], [ [ 128.843647333408512, 35.133756949696028 ], [ 128.843055176729393, 35.133546240454443 ], [ 128.843347961276294, 35.133583497248438 ], [ 128.843623609430779, 35.133733562993498 ], [ 128.843647333408512, 35.133756949696028 ] ], [ [ 128.843972048492816, 35.13407708196852 ], [ 128.844277123460159, 35.134188899031365 ], [ 128.843897904207836, 35.134003983772239 ], [ 128.843972048492816, 35.13407708196852 ] ], [ [ 128.846359332979688, 35.135580573123505 ], [ 128.846361452784492, 35.135586070922194 ], [ 128.846361451945086, 35.135586070014746 ], [ 128.846359332979688, 35.135580573123505 ] ], [ [ 128.84669272200108, 35.13594412505666 ], [ 128.846744691344441, 35.136005871293449 ], [ 128.846426315635426, 35.135656190552176 ], [ 128.84669272200108, 35.13594412505666 ] ], [ [ 128.846744691344441, 35.136005871293449 ], [ 128.847841924581559, 35.137559845899837 ], [ 128.848175129457331, 35.137999349652588 ], [ 128.846744691344441, 35.136005871293449 ] ], [ [ 128.848674042879793, 35.138815494593487 ], [ 128.84868356223464, 35.138833211354985 ], [ 128.848683561039678, 35.138833210978262 ], [ 128.848674042879793, 35.138815494593487 ] ], [ [ 128.848330893787278, 35.138898772715933 ], [ 128.848281790373079, 35.138857688839209 ], [ 128.848331277820819, 35.138898647570066 ], [ 128.848330893787278, 35.138898772715933 ] ], [ [ 128.847865802712533, 35.13930608438632 ], [ 128.847772510497151, 35.139493358255812 ], [ 128.848143801510588, 35.138989546238854 ], [ 128.847865802712533, 35.13930608438632 ] ], [ [ 128.847545004350934, 35.139682525801916 ], [ 128.848050771388216, 35.140119883426664 ], [ 128.848051625893163, 35.140120623620867 ], [ 128.847545004350934, 35.139682525801916 ] ], [ [ 128.848249534387065, 35.140290698592956 ], [ 128.848249535709783, 35.140290699658841 ], [ 128.848243860928051, 35.140286125638994 ], [ 128.848249534387065, 35.140290698592956 ] ], [ [ 128.848415623870324, 35.140424534574727 ], [ 128.848420269602912, 35.140428277800652 ], [ 128.848415623820301, 35.140424534534411 ], [ 128.848415623870324, 35.140424534574727 ] ], [ [ 128.848642709021163, 35.140607526123787 ], [ 128.848666349462263, 35.140626576171222 ], [ 128.848558810862272, 35.140539920920894 ], [ 128.848642709021163, 35.140607526123787 ] ], [ [ 128.848765367851456, 35.140706370266315 ], [ 128.848825337626806, 35.140754701065816 ], [ 128.84876382297395, 35.140705133474427 ], [ 128.848765367851456, 35.140706370266315 ] ], [ [ 128.851139107079547, 35.140405568209374 ], [ 128.84991830558414, 35.140536135769693 ], [ 128.84900164289644, 35.140816660259368 ], [ 128.848918291577405, 35.140829601690776 ], [ 128.849917197993619, 35.140535764828677 ], [ 128.851139107079547, 35.140405568209374 ] ], [ [ 128.851147608380785, 35.140404697284765 ], [ 128.851147608380813, 35.140404697284758 ], [ 128.851540274174738, 35.140788378457991 ], [ 128.851147608380785, 35.140404697284765 ] ], [ [ 128.851572775269432, 35.141004564023007 ], [ 128.851651684899252, 35.141095544705529 ], [ 128.851540274174738, 35.140788378457991 ], [ 128.851572775269432, 35.141004564023007 ] ], [ [ 128.851162408893629, 35.140213106196491 ], [ 128.851056020711411, 35.14040671188706 ], [ 128.851582271791159, 35.140096618625194 ], [ 128.851162408893629, 35.140213106196491 ] ], [ [ 128.851854770822399, 35.140076091171146 ], [ 128.851601144400746, 35.140091436977741 ], [ 128.851872340528644, 35.140075022213516 ], [ 128.851854770822399, 35.140076091171146 ] ], [ [ 128.853933331534364, 35.139800947848528 ], [ 128.853803138578115, 35.13978198792752 ], [ 128.853542226410809, 35.139707758531458 ], [ 128.853284300264448, 35.139620913225045 ], [ 128.853160884432583, 35.139615622886431 ], [ 128.853285090345878, 35.139620896163763 ], [ 128.853933331534364, 35.139800947848528 ] ], [ [ 128.857987447909096, 35.139278034590362 ], [ 128.858347690872421, 35.139284955764779 ], [ 128.857392410830244, 35.13927613469933 ], [ 128.857987447909096, 35.139278034590362 ] ], [ [ 128.861610788712682, 35.139292706898729 ], [ 128.860924865894134, 35.13928910854122 ], [ 128.862112137739018, 35.139286168840719 ], [ 128.861610788712682, 35.139292706898729 ] ], [ [ 128.862619978320282, 35.139278255542095 ], [ 128.862826475647267, 35.139275282447933 ], [ 128.862574693094075, 35.139278869280766 ], [ 128.862619978320282, 35.139278255542095 ] ], [ [ 128.848021800913301, 35.119620830262235 ], [ 128.848529164692224, 35.120377854888631 ], [ 128.848227563452582, 35.120274809188203 ], [ 128.848008719355136, 35.11998648481719 ], [ 128.848003091228861, 35.119770187363642 ], [ 128.848021800913301, 35.119620830262235 ] ], [ [ 128.848493896061314, 35.119960543858198 ], [ 128.848468292413145, 35.119960006790549 ], [ 128.848524821380209, 35.119942889176372 ], [ 128.848493896061314, 35.119960543858198 ] ], [ [ 128.847877202350304, 35.118094967436228 ], [ 128.847669520289315, 35.118287677480524 ], [ 128.847747374471226, 35.118122835212176 ], [ 128.847877202350304, 35.118094967436228 ] ], [ [ 128.847854937145826, 35.116127401579249 ], [ 128.847857806316171, 35.116125389383377 ], [ 128.847854873063767, 35.116127693150105 ], [ 128.847854937145826, 35.116127401579249 ] ], [ [ 128.849787600790137, 35.114442391559678 ], [ 128.849197237914666, 35.114739280948434 ], [ 128.849610046306225, 35.114460872560684 ], [ 128.849787600790137, 35.114442391559678 ] ], [ [ 128.851254874888951, 35.114281928096638 ], [ 128.851173269607102, 35.114168123336242 ], [ 128.851367244740658, 35.114383450282496 ], [ 128.851254874888951, 35.114281928096638 ] ], [ [ 128.851434928336971, 35.114419806837546 ], [ 128.851434577312233, 35.114419806403191 ], [ 128.851378527083028, 35.114373728295412 ], [ 128.851434928336971, 35.114419806837546 ] ], [ [ 128.851449390503603, 35.114429955546825 ], [ 128.85144977276309, 35.114430344084539 ], [ 128.851449709195094, 35.114430345949351 ], [ 128.851449390503603, 35.114429955546825 ] ], [ [ 128.851408363694901, 35.114387919874716 ], [ 128.851400140713935, 35.114370027664719 ], [ 128.851445632473769, 35.114425780550683 ], [ 128.851408363694901, 35.114387919874716 ] ], [ [ 128.851215160960294, 35.114162379584677 ], [ 128.851244442089836, 35.11422256957529 ], [ 128.851220975597158, 35.114188171612085 ], [ 128.851215160960294, 35.114162379584677 ] ], [ [ 128.853227543069437, 35.114457678474956 ], [ 128.852353996026977, 35.11422365969225 ], [ 128.851757473393917, 35.114069160023021 ], [ 128.853098647261447, 35.114407260947011 ], [ 128.853227543069437, 35.114457678474956 ] ], [ [ 128.853236026753677, 35.114457688846187 ], [ 128.853236004349668, 35.114457688818831 ], [ 128.85323136954716, 35.114457683152807 ], [ 128.853236026753677, 35.114457688846187 ] ], [ [ 128.853409293917082, 35.114457900399621 ], [ 128.853607629987096, 35.114458142549275 ], [ 128.85359996105035, 35.114458818231782 ], [ 128.853409293917082, 35.114457900399621 ] ], [ [ 128.854716353390614, 35.117116647020048 ], [ 128.854198201391569, 35.115633036859982 ], [ 128.854033672186574, 35.116659405498737 ], [ 128.854716353390614, 35.117116647020048 ] ], [ [ 128.856427016960254, 35.115285706981979 ], [ 128.856396843785092, 35.115270861529311 ], [ 128.857813566421299, 35.115356487660769 ], [ 128.856427016960254, 35.115285706981979 ] ], [ [ 128.841962329263652, 35.125826232297541 ], [ 128.841962680337218, 35.125826232759458 ], [ 128.842717654382369, 35.126375091560114 ], [ 128.841962329263652, 35.125826232297541 ] ], [ [ 128.843966011123541, 35.126110301215313 ], [ 128.843965660048866, 35.126110300759237 ], [ 128.843630952453992, 35.125930016820881 ], [ 128.843966011123541, 35.126110301215313 ] ], [ [ 128.848993987709889, 35.122344711896979 ], [ 128.848998587592433, 35.122349710813026 ], [ 128.848921800428172, 35.122365946692838 ], [ 128.848993987709889, 35.122344711896979 ] ], [ [ 128.848388007236309, 35.121493433972489 ], [ 128.848414629984376, 35.121488978811286 ], [ 128.848414650481061, 35.121489033846061 ], [ 128.848388007236309, 35.121493433972489 ] ], [ [ 128.821851092758465, 35.097916214278406 ], [ 128.821857665624748, 35.097919649191518 ], [ 128.82186113780773, 35.09793669009084 ], [ 128.821851092758465, 35.097916214278406 ] ], [ [ 128.825442137137941, 35.102345871679006 ], [ 128.825342902975507, 35.102339093573562 ], [ 128.825562558221975, 35.102354104589246 ], [ 128.825442137137941, 35.102345871679006 ] ], [ [ 128.844720085856267, 35.156700840668584 ], [ 128.844166640630164, 35.157608683893834 ], [ 128.843688121836522, 35.157435019853111 ], [ 128.844166640630078, 35.15760868389377 ], [ 128.844720085856267, 35.156700840668584 ] ], [ [ 128.844933543324942, 35.156204104933678 ], [ 128.844933543324942, 35.156204104933707 ], [ 128.844881549866216, 35.156354543910247 ], [ 128.844933543324942, 35.156204104933678 ] ], [ [ 128.846185540829708, 35.154091498179838 ], [ 128.846185540829708, 35.154091498179859 ], [ 128.846113997008842, 35.154142723581245 ], [ 128.846185540829708, 35.154091498179838 ] ], [ [ 128.84634280415537, 35.152706857922709 ], [ 128.84634280415537, 35.152706857922773 ], [ 128.84633507891067, 35.152727644291225 ], [ 128.84634280415537, 35.152706857922709 ] ], [ [ 128.846356484361365, 35.152264219978591 ], [ 128.846356484361394, 35.152264219978591 ], [ 128.846355308018985, 35.152305793474582 ], [ 128.846356484361365, 35.152264219978591 ] ], [ [ 128.846541315741803, 35.151617283420407 ], [ 128.847153562005246, 35.150059591170056 ], [ 128.847173003465883, 35.150399547079111 ], [ 128.846541315741803, 35.151617283420407 ] ], [ [ 128.847137524144529, 35.149835163295592 ], [ 128.847137524144529, 35.149835163295535 ], [ 128.847139345322887, 35.149861019535102 ], [ 128.847137524144529, 35.149835163295592 ] ], [ [ 128.847122255284262, 35.149784758083172 ], [ 128.847122255284262, 35.149784758083129 ], [ 128.847134219782163, 35.149783421285804 ], [ 128.847122255284262, 35.149784758083172 ] ], [ [ 128.847119281692557, 35.149732205273878 ], [ 128.847637127397178, 35.149260431768759 ], [ 128.847119281692557, 35.149732205273907 ], [ 128.847119281692557, 35.149732205273878 ] ], [ [ 128.848478394215874, 35.148587133795665 ], [ 128.848478394215931, 35.148587133795687 ], [ 128.84836915262008, 35.148634208174528 ], [ 128.848478394215874, 35.148587133795665 ] ], [ [ 128.852543904382628, 35.146037484313965 ], [ 128.852543904382713, 35.146037484314014 ], [ 128.851950714211995, 35.146662364625101 ], [ 128.852543904382628, 35.146037484313965 ] ], [ [ 128.852598896382887, 35.142491652048975 ], [ 128.853831857651045, 35.143877544525573 ], [ 128.853696769006007, 35.143728430760959 ], [ 128.852598896382887, 35.142491652048975 ] ], [ [ 128.86387712034437, 35.156664645883303 ], [ 128.863874615633165, 35.156666049152861 ], [ 128.86387584602312, 35.156665356506714 ], [ 128.86387712034437, 35.156664645883303 ] ], [ [ 128.863856984058003, 35.15667576376427 ], [ 128.863849371342695, 35.156679856283674 ], [ 128.863853842329576, 35.156677436716556 ], [ 128.863856984058003, 35.15667576376427 ] ], [ [ 128.871309669477426, 35.120977894751668 ], [ 128.871516891982907, 35.121041121351219 ], [ 128.871076309934125, 35.120992027630599 ], [ 128.871309669477426, 35.120977894751668 ] ], [ [ 128.871962409251211, 35.12108734884896 ], [ 128.872233381628917, 35.121115529001415 ], [ 128.872261524061031, 35.121118443343697 ], [ 128.872233381628917, 35.121115529001472 ], [ 128.871962409251211, 35.12108734884896 ] ], [ [ 128.872871802837466, 35.121292603950614 ], [ 128.872538192031811, 35.121195225472036 ], [ 128.873111480236332, 35.12129280701437 ], [ 128.872871802837466, 35.121292603950614 ] ], [ [ 128.876665904147927, 35.122782134662238 ], [ 128.876027635081215, 35.122537623458605 ], [ 128.875060948602624, 35.121868441365748 ], [ 128.87442487929826, 35.121654424655979 ], [ 128.87506094860268, 35.121868441365713 ], [ 128.876665904147927, 35.122782134662238 ] ], [ [ 128.879943899332858, 35.123151742383342 ], [ 128.879943899332858, 35.123151742383349 ], [ 128.879570598009991, 35.123135169970219 ], [ 128.879943899332858, 35.123151742383342 ] ], [ [ 128.881769465515504, 35.12200035840619 ], [ 128.880336188941413, 35.122648635286183 ], [ 128.880154626440714, 35.122881487191215 ], [ 128.881769465515504, 35.12200035840619 ] ], [ [ 128.885418165372158, 35.124267844547298 ], [ 128.886142014139409, 35.124874255612774 ], [ 128.886154026757481, 35.125137835393183 ], [ 128.886142014139324, 35.124874255612752 ], [ 128.88559909166429, 35.124543119252273 ], [ 128.885418165372158, 35.124267844547298 ] ], [ [ 128.886756191699391, 35.125561854552103 ], [ 128.886390345833718, 35.125410190192248 ], [ 128.886931799565104, 35.125636616895733 ], [ 128.886756191699391, 35.125561854552103 ] ], [ [ 128.887482263870197, 35.125870894425603 ], [ 128.887368801241365, 35.125822618775565 ], [ 128.887665939716953, 35.126035731270932 ], [ 128.887482263870197, 35.125870894425603 ] ], [ [ 128.888194342710761, 35.125989450587191 ], [ 128.888895429647562, 35.125646063614482 ], [ 128.889209429324893, 35.125480234167561 ], [ 128.888194342710761, 35.125989450587191 ] ], [ [ 128.889827904601077, 35.12527598954938 ], [ 128.890733790948047, 35.125121813158934 ], [ 128.890817178815922, 35.124953199787477 ], [ 128.889827904601077, 35.12527598954938 ] ], [ [ 128.891449528758045, 35.124965537993567 ], [ 128.891666593290239, 35.124998626062407 ], [ 128.890900566683769, 35.12478458641602 ], [ 128.891449528758045, 35.124965537993567 ] ], [ [ 128.894609789626543, 35.126337169119033 ], [ 128.893217450725672, 35.125500373675109 ], [ 128.895876717458435, 35.126854009073057 ], [ 128.894609789626543, 35.126337169119033 ] ], [ [ 128.895881444592447, 35.126855933961806 ], [ 128.896137348847759, 35.127068606970056 ], [ 128.895881444592419, 35.126855933961792 ], [ 128.895881444592447, 35.126855933961806 ] ], [ [ 128.897673811090613, 35.128673810829007 ], [ 128.896893433679622, 35.128226697019066 ], [ 128.897706465855578, 35.128717319279751 ], [ 128.897673811090613, 35.128673810829007 ] ], [ [ 128.897950269902964, 35.129471840185701 ], [ 128.897942998666537, 35.129408828974995 ], [ 128.897970369608004, 35.129628153013257 ], [ 128.897950269902964, 35.129471840185701 ] ], [ [ 128.897997314367501, 35.129837561724131 ], [ 128.898000466045687, 35.129861360292885 ], [ 128.897970369608004, 35.129628153013257 ], [ 128.897997314367501, 35.129837561724131 ] ], [ [ 128.898020082439842, 35.12987940421278 ], [ 128.898021030173453, 35.129880244451059 ], [ 128.898000466045687, 35.129861360292885 ], [ 128.898020082439842, 35.12987940421278 ] ], [ [ 128.898124302868553, 35.129974681922903 ], [ 128.898694063250446, 35.130495785875588 ], [ 128.898863494217949, 35.13064861958663 ], [ 128.898124302868553, 35.129974681922903 ] ], [ [ 128.898889844189966, 35.131334576001635 ], [ 128.898889844189938, 35.131334576001635 ], [ 128.898878401419807, 35.131296251190584 ], [ 128.898889844189966, 35.131334576001635 ] ], [ [ 128.899841370148494, 35.132001301205143 ], [ 128.899615144826953, 35.131946477431548 ], [ 128.899875483576722, 35.132008720936852 ], [ 128.899841370148494, 35.132001301205143 ] ], [ [ 128.900080825717282, 35.132050715873937 ], [ 128.900080825717339, 35.132050715873945 ], [ 128.900021321120846, 35.132296695918441 ], [ 128.900080825717282, 35.132050715873937 ] ], [ [ 128.90022628643419, 35.13242715469395 ], [ 128.90014062327063, 35.13237263202538 ], [ 128.90036983801923, 35.132518395063009 ], [ 128.90022628643419, 35.13242715469395 ] ], [ [ 128.901884728997317, 35.133484560005265 ], [ 128.900634543666825, 35.134302983085348 ], [ 128.901884728997288, 35.13348456000525 ], [ 128.901884728997317, 35.133484560005265 ] ], [ [ 128.971507553011833, 35.195956850379623 ], [ 128.971199754234192, 35.195701421558361 ], [ 128.973135950445851, 35.197274414318976 ], [ 128.971507553011833, 35.195956850379623 ] ], [ [ 128.983328243827629, 35.2001192829144 ], [ 128.982798988858661, 35.199976969718648 ], [ 128.984162428841898, 35.200339964914789 ], [ 128.983328243827629, 35.2001192829144 ] ], [ [ 128.899325896161258, 35.135161188463975 ], [ 128.896405353397085, 35.13708410649572 ], [ 128.895278966552098, 35.137270304418003 ], [ 128.899325896161258, 35.135161188463975 ] ], [ [ 128.884506588587612, 35.17000110109413 ], [ 128.883009885636909, 35.170709740312198 ], [ 128.885097564195775, 35.169665258114655 ], [ 128.884506588587612, 35.17000110109413 ] ], [ [ 128.886856239820844, 35.168021054487987 ], [ 128.88584422471871, 35.169039496457493 ], [ 128.886083909046533, 35.168795602449691 ], [ 128.886621810393819, 35.168254706654395 ], [ 128.886856239820816, 35.168021054487987 ], [ 128.887177014911032, 35.167698087107645 ], [ 128.886856239820844, 35.168021054487987 ] ], [ [ 128.888079128831123, 35.166792903195869 ], [ 128.888276994545492, 35.166593429374814 ], [ 128.887640956222043, 35.167233128025778 ], [ 128.888079128831123, 35.166792903195869 ] ], [ [ 128.89135132585676, 35.163117757579286 ], [ 128.891362648942533, 35.163096459858608 ], [ 128.891341168032511, 35.163135722934079 ], [ 128.89135132585676, 35.163117757579286 ] ], [ [ 128.891523587350719, 35.162797473608528 ], [ 128.89152734266753, 35.162790911151745 ], [ 128.891362648942533, 35.163096459858608 ], [ 128.891523587350719, 35.162797473608528 ] ], [ [ 128.891656053068914, 35.162555490006177 ], [ 128.891785030914804, 35.162319244717771 ], [ 128.891647495140717, 35.162571223808811 ], [ 128.891656053068914, 35.162555490006177 ] ], [ [ 128.891546582067122, 35.161752951219917 ], [ 128.891452442624939, 35.161670761443176 ], [ 128.891785030914804, 35.162319244717771 ], [ 128.891546582067122, 35.161752951219917 ] ], [ [ 128.891432215877984, 35.161653103577983 ], [ 128.891424969495802, 35.161646656822292 ], [ 128.891452442624939, 35.161670761443176 ], [ 128.891432215877984, 35.161653103577983 ] ], [ [ 128.890500862440831, 35.160808199194825 ], [ 128.890444968265115, 35.160749130838695 ], [ 128.890571737954616, 35.160877921822475 ], [ 128.890500862440831, 35.160808199194825 ] ], [ [ 128.889456505085775, 35.15967190145038 ], [ 128.889243134704969, 35.159450911001642 ], [ 128.889710781780423, 35.15994960915684 ], [ 128.889456505085775, 35.15967190145038 ] ], [ [ 128.88750185405209, 35.157312036213341 ], [ 128.887484649116999, 35.157239577604713 ], [ 128.887634911139969, 35.157513866299517 ], [ 128.88750185405209, 35.157312036213341 ] ], [ [ 128.88708411884059, 35.15567566542321 ], [ 128.887286618758367, 35.156426233192761 ], [ 128.887005440615297, 35.15525866033186 ], [ 128.88708411884059, 35.15567566542321 ] ], [ [ 128.88689370933713, 35.154181931023189 ], [ 128.88692860606966, 35.153761355557513 ], [ 128.886996621070011, 35.155189713291875 ], [ 128.88689370933713, 35.154181931023189 ] ], [ [ 128.887074182602447, 35.152031187953256 ], [ 128.887074182602504, 35.152031187953256 ], [ 128.887032250585577, 35.152508007520588 ], [ 128.887074182602447, 35.152031187953256 ] ], [ [ 128.887683969628, 35.146230724475053 ], [ 128.887900574623359, 35.145508913970737 ], [ 128.887598884973499, 35.146683278749386 ], [ 128.887683969628, 35.146230724475053 ] ], [ [ 128.888159496757652, 35.144592188105449 ], [ 128.888159496757709, 35.144592188105413 ], [ 128.888048691746434, 35.145020525433715 ], [ 128.888159496757652, 35.144592188105449 ] ], [ [ 128.889183036440386, 35.14279660308982 ], [ 128.88880138812371, 35.143388122997472 ], [ 128.889120437076969, 35.142887553072875 ], [ 128.889183036440386, 35.14279660308982 ] ], [ [ 128.892594020357905, 35.138207954620505 ], [ 128.892681360599966, 35.138082782025883 ], [ 128.892369532208562, 35.138555995702248 ], [ 128.892594020357905, 35.138207954620505 ] ], [ [ 128.888445340777849, 35.138395452871819 ], [ 128.888252366688789, 35.138448092363596 ], [ 128.887946991322622, 35.13852937965207 ], [ 128.888445340777849, 35.138395452871819 ] ], [ [ 128.888990445964168, 35.138251742628917 ], [ 128.888944890523248, 35.138265220718537 ], [ 128.888765561189217, 35.138306273219939 ], [ 128.888990445964168, 35.138251742628917 ] ], [ [ 128.889201923104736, 35.138188230694738 ], [ 128.889275527761924, 35.138164575100923 ], [ 128.888990445964168, 35.138251742628917 ], [ 128.889201923104736, 35.138188230694738 ] ], [ [ 128.890062833979442, 35.137913732224618 ], [ 128.890187505781512, 35.137873429847787 ], [ 128.890557480727182, 35.137753834231475 ], [ 128.890062833979442, 35.137913732224618 ] ], [ [ 128.875120538936557, 35.142673118202715 ], [ 128.87496747591581, 35.142663386154815 ], [ 128.874966113533787, 35.142663299190616 ], [ 128.875120538936557, 35.142673118202715 ] ], [ [ 128.917431039666127, 35.169508658839817 ], [ 128.917263785150254, 35.169507461120098 ], [ 128.917431039405017, 35.169508658625048 ], [ 128.917431039666127, 35.169508658839817 ] ], [ [ 128.917449023089148, 35.169526914699404 ], [ 128.917449286718494, 35.169527182141685 ], [ 128.917467258693421, 35.16954545916402 ], [ 128.917449023089148, 35.169526914699404 ] ], [ [ 128.917467253720673, 35.169545409004719 ], [ 128.917467258739777, 35.169545414096412 ], [ 128.917467258693421, 35.16954545916402 ], [ 128.917467253720673, 35.169545409004719 ] ], [ [ 128.917459642714931, 35.169468748720107 ], [ 128.917459653691822, 35.169468748727709 ], [ 128.917459642741221, 35.169468748984571 ], [ 128.917459642714931, 35.169468748720107 ] ] ] ] } },
{ "type": "Feature", "properties": { "sigungu_cd": "26170", "sigungu_nm": "동구" }, "geometry": { "type": "MultiPolygon", "coordinates": [ [ [ [ 129.024329762520779, 35.118850539106795 ], [ 129.026535358993272, 35.124728074457131 ], [ 129.025618773966329, 35.135655451160261 ], [ 129.038731742124327, 35.139672454494423 ], [ 129.039153706269531, 35.144096755493145 ], [ 129.041100208781074, 35.146121042151982 ], [ 129.046386034175157, 35.145670086792855 ], [ 129.05277385253649, 35.142015420442107 ], [ 129.056286846301475, 35.142037497065949 ], [ 129.056633879618403, 35.143425123644768 ], [ 129.057153666325803, 35.144289548898321 ], [ 129.057645401219531, 35.144415133284078 ], [ 129.057384905208266, 35.142082063028234 ], [ 129.064538225680934, 35.141415447978453 ], [ 129.065859432931546, 35.139456237547051 ], [ 129.066148638241657, 35.130057147893325 ], [ 129.064241211545493, 35.129808014943571 ], [ 129.064537325132562, 35.127290841481447 ], [ 129.060300471477092, 35.1228424080198 ], [ 129.060296645455225, 35.12289198470436 ], [ 129.060159334397696, 35.12298111472586 ], [ 129.059502969301519, 35.124497942664625 ], [ 129.058721567026538, 35.126301034672409 ], [ 129.058601672114406, 35.126580566940973 ], [ 129.058233711393967, 35.126820438550105 ], [ 129.056677974024694, 35.127833186299767 ], [ 129.058235393905733, 35.129244058853679 ], [ 129.05823546520017, 35.129346750711996 ], [ 129.058271886397705, 35.129356242983398 ], [ 129.058314309998167, 35.129367102494065 ], [ 129.058352015080686, 35.129376873560368 ], [ 129.058235537321195, 35.129450632362655 ], [ 129.057603399708995, 35.129850914203409 ], [ 129.056677974019948, 35.127833186299931 ], [ 129.058601672109688, 35.126580566941087 ], [ 129.058721567021763, 35.126301034672643 ], [ 129.060159334392893, 35.122981114725988 ], [ 129.060300471472317, 35.122842408020006 ], [ 129.05598081351539, 35.118308384165402 ], [ 129.05284652454759, 35.12046472779933 ], [ 129.055507596497279, 35.12274058750787 ], [ 129.055750084278174, 35.125273977679505 ], [ 129.05232880159096, 35.125829952007095 ], [ 129.049979572218206, 35.123534447859996 ], [ 129.048638286263866, 35.120703217840919 ], [ 129.055315338198511, 35.116012553800097 ], [ 129.054352501749889, 35.114964063355089 ], [ 129.050081161235227, 35.11764616806073 ], [ 129.048430844565246, 35.115846196264002 ], [ 129.046815769389013, 35.116857129655848 ], [ 129.052327894717479, 35.113063074641467 ], [ 129.048677516531683, 35.109622141290387 ], [ 129.042615462426511, 35.110591035920791 ], [ 129.041138907289735, 35.108688968397971 ], [ 129.04160003490199, 35.110968975271241 ], [ 129.036487247663587, 35.112855967541066 ], [ 129.033837145739938, 35.115917305957971 ], [ 129.026427673528104, 35.115835539506534 ], [ 129.024329762520779, 35.118850539106795 ] ], [ [ 129.034266733721722, 35.127460773529243 ], [ 129.034266733726213, 35.127460773529165 ], [ 129.034665839644106, 35.127602475736282 ], [ 129.034266733721722, 35.127460773529243 ] ], [ [ 129.036348488003938, 35.125000884962901 ], [ 129.0363484880084, 35.125000884962752 ], [ 129.036527787605678, 35.12515653416277 ], [ 129.036348488003938, 35.125000884962901 ] ], [ [ 129.037435021115243, 35.124503178541119 ], [ 129.037554556386425, 35.124594072214656 ], [ 129.037435021112486, 35.124503178542753 ], [ 129.037435021115243, 35.124503178541119 ] ], [ [ 129.037923398149275, 35.124592627749301 ], [ 129.037923398153794, 35.124592627749159 ], [ 129.038037616373828, 35.124666099250874 ], [ 129.037923398149275, 35.124592627749301 ] ], [ [ 129.038204239245971, 35.124633572817395 ], [ 129.038246354328635, 35.124677221928195 ], [ 129.038204239241992, 35.124633572818169 ], [ 129.038204239245971, 35.124633572817395 ] ], [ [ 129.038449663432715, 35.124619355788887 ], [ 129.038449663437234, 35.12461935578871 ], [ 129.0384653750273, 35.124694794846128 ], [ 129.038449663432715, 35.124619355788887 ] ], [ [ 129.038549023140064, 35.124683177775744 ], [ 129.038549023144668, 35.12468317777558 ], [ 129.038554708592471, 35.12468870137188 ], [ 129.038549023140064, 35.124683177775744 ] ], [ [ 129.040217364936012, 35.124110354820012 ], [ 129.040001182933679, 35.123735214484469 ], [ 129.040217364940503, 35.124110354819841 ], [ 129.041019871639463, 35.124540134461732 ], [ 129.040217364936012, 35.124110354820012 ] ], [ [ 129.041069151968884, 35.12453803621824 ], [ 129.04106915196877, 35.124538036218276 ], [ 129.04104619109475, 35.124539013839659 ], [ 129.041069151968884, 35.12453803621824 ] ], [ [ 129.04102088599069, 35.123212448260404 ], [ 129.041065723084614, 35.123211820686322 ], [ 129.041020885990065, 35.12321244826051 ], [ 129.04102088599069, 35.123212448260404 ] ], [ [ 129.041998007535511, 35.122353047508042 ], [ 129.042175702437333, 35.122448712422894 ], [ 129.042205159641327, 35.122450820717582 ], [ 129.042236273682192, 35.122453469263959 ], [ 129.042260991665813, 35.122455759412055 ], [ 129.042265380596604, 35.122455584736983 ], [ 129.041998007535511, 35.122353047508042 ] ], [ [ 129.042687046340063, 35.122323340513063 ], [ 129.043151775453026, 35.123232681350508 ], [ 129.043486072319467, 35.123887692663004 ], [ 129.043799509998337, 35.124504447526412 ], [ 129.043880513393901, 35.124662463707601 ], [ 129.043918291889042, 35.124736605385124 ], [ 129.043986797981461, 35.124869991692151 ], [ 129.044061586461083, 35.125016364349527 ], [ 129.044116069150135, 35.125123084258405 ], [ 129.044282220003709, 35.125449083684863 ], [ 129.044519207941789, 35.12591237992379 ], [ 129.044577142342746, 35.126029698376115 ], [ 129.042687046340063, 35.122323340513063 ] ], [ [ 129.044751945758577, 35.125989471436519 ], [ 129.046018393938908, 35.126690910362711 ], [ 129.046356850011506, 35.126880647878394 ], [ 129.04640154959705, 35.126905707139748 ], [ 129.046427614311796, 35.126920326540635 ], [ 129.046503031914909, 35.126962599347955 ], [ 129.046976204550532, 35.127227863993802 ], [ 129.047262809737049, 35.127389153484721 ], [ 129.047418508444764, 35.12747620194132 ], [ 129.047637136938164, 35.127598505451239 ], [ 129.044751945758577, 35.125989471436519 ] ], [ [ 129.047734376061413, 35.127075490339813 ], [ 129.047734376066018, 35.127075490339649 ], [ 129.047816472738702, 35.1271507495481 ], [ 129.047734376061413, 35.127075490339813 ] ], [ [ 129.048969143612055, 35.128278490059067 ], [ 129.047964604962999, 35.127224766539044 ], [ 129.048441096257903, 35.127641191237288 ], [ 129.048483071798927, 35.127678013529497 ], [ 129.048659646074498, 35.127832861581062 ], [ 129.048715738136167, 35.127882062974813 ], [ 129.048751731527886, 35.127913695673158 ], [ 129.048838592198365, 35.127990060992808 ], [ 129.048878317866922, 35.128024991170058 ], [ 129.048969143612055, 35.128278490059067 ] ], [ [ 129.049076210698303, 35.128442512822815 ], [ 129.048931439130456, 35.128304761447318 ], [ 129.048931439130484, 35.128304761447296 ], [ 129.049076210698303, 35.128442512822815 ] ], [ [ 129.04924166391865, 35.128599942966275 ], [ 129.04918000937883, 35.128646216030383 ], [ 129.049180009378802, 35.128646216030369 ], [ 129.04924166391865, 35.128599942966275 ] ], [ [ 129.049190547580736, 35.128655802346238 ], [ 129.049108603081976, 35.128714666346113 ], [ 129.049108603081947, 35.128714666346077 ], [ 129.049190547580736, 35.128655802346238 ] ], [ [ 129.049472103746638, 35.129077797818915 ], [ 129.049617067816371, 35.129220905469346 ], [ 129.04931317609379, 35.128919031582015 ], [ 129.049472103746638, 35.129077797818915 ] ], [ [ 129.049833802867255, 35.129383281360084 ], [ 129.049804065373053, 35.129405508323082 ], [ 129.049804065373024, 35.12940550832306 ], [ 129.049833802867255, 35.129383281360084 ] ], [ [ 129.049893400209356, 35.129338735982223 ], [ 129.049938317876865, 35.129372271059026 ], [ 129.049893400209356, 35.12933873598223 ], [ 129.049893400209356, 35.129338735982223 ] ], [ [ 129.049908818549113, 35.129454197603472 ], [ 129.049978620400793, 35.129549052163554 ], [ 129.050006934260892, 35.129579605923517 ], [ 129.049978620400765, 35.12954905216359 ], [ 129.049908818549113, 35.129454197603472 ] ], [ [ 129.050317671650504, 35.129910153763326 ], [ 129.05080069430943, 35.130395204874226 ], [ 129.050156730590032, 35.129752672027792 ], [ 129.050317671650504, 35.129910153763326 ] ], [ [ 129.05041329809336, 35.13065767562788 ], [ 129.050361749724971, 35.130693757622289 ], [ 129.050417245963416, 35.130654411111728 ], [ 129.05041329809336, 35.13065767562788 ] ], [ [ 129.050273387222518, 35.130805870487883 ], [ 129.050295721176525, 35.130816641745376 ], [ 129.050270566707411, 35.130804573666758 ], [ 129.050273387222518, 35.130805870487883 ] ], [ [ 129.04986842496163, 35.130777604094369 ], [ 129.049238112729739, 35.130727937017298 ], [ 129.049172851405018, 35.130711646430939 ], [ 129.04986842496163, 35.130777604094369 ] ], [ [ 129.048552341166015, 35.130586556887252 ], [ 129.048306843977514, 35.130578125202113 ], [ 129.04872904979149, 35.130617227981546 ], [ 129.048552341166015, 35.130586556887252 ] ], [ [ 129.047181671241049, 35.130852009454436 ], [ 129.047181671240992, 35.130852009454451 ], [ 129.047210169386972, 35.130833718898948 ], [ 129.047181671241049, 35.130852009454436 ] ], [ [ 129.046991264492164, 35.130866674169702 ], [ 129.046991264492164, 35.130866674169695 ], [ 129.047012119657268, 35.130866103924895 ], [ 129.046991264492164, 35.130866674169702 ] ], [ [ 129.046877289866927, 35.130985281757269 ], [ 129.046912514437452, 35.131093251394297 ], [ 129.046929945922301, 35.131207489712416 ], [ 129.046877289866927, 35.130985281757269 ] ], [ [ 129.046954723945873, 35.131292273712042 ], [ 129.047022389263361, 35.131453564552821 ], [ 129.047027326127534, 35.131465599487846 ], [ 129.046954723945873, 35.131292273712042 ] ], [ [ 129.047036403415888, 35.13151819575392 ], [ 129.047049112888857, 35.131573716195462 ], [ 129.04703188557076, 35.131479800137598 ], [ 129.047036403415888, 35.13151819575392 ] ], [ [ 129.047065143585399, 35.131643903495942 ], [ 129.047090724675627, 35.131714130804539 ], [ 129.047091100768569, 35.131715081966739 ], [ 129.047065143585399, 35.131643903495942 ] ], [ [ 129.047089600200195, 35.131743876082339 ], [ 129.047089837028182, 35.131755377336717 ], [ 129.047090460315701, 35.131730336763454 ], [ 129.047089600200195, 35.131743876082339 ] ], [ [ 129.046907952418195, 35.131906603642648 ], [ 129.046899837849139, 35.131920242290164 ], [ 129.046919856941827, 35.131886886450687 ], [ 129.046907952418195, 35.131906603642648 ] ], [ [ 129.046868316859275, 35.132035810316651 ], [ 129.046867276488541, 35.132039365984745 ], [ 129.046887156600263, 35.131961643989506 ], [ 129.046868316859275, 35.132035810316651 ] ], [ [ 129.046602042021902, 35.131996111715559 ], [ 129.046437049078037, 35.132005874808414 ], [ 129.046433269185144, 35.132003397405903 ], [ 129.046602042021902, 35.131996111715559 ] ], [ [ 129.046268691561778, 35.1320953255143 ], [ 129.046136826902853, 35.132210991022347 ], [ 129.046133460743619, 35.132235148688885 ], [ 129.046136826902853, 35.132210991022326 ], [ 129.046268691561778, 35.1320953255143 ] ], [ [ 129.046058099572434, 35.132425588571365 ], [ 129.046054968691948, 35.132440363317308 ], [ 129.046059086655276, 35.132417731677883 ], [ 129.046058099572434, 35.132425588571365 ] ], [ [ 129.046018572515237, 35.132537662703278 ], [ 129.04594158467404, 35.132580448847641 ], [ 129.045838017271819, 35.132615793065284 ], [ 129.046018572515237, 35.132537662703278 ] ], [ [ 129.045774331077183, 35.132614124031967 ], [ 129.045782726830396, 35.132611099197973 ], [ 129.045782726830424, 35.132611099197973 ], [ 129.045774331077183, 35.132614124031967 ] ], [ [ 129.04573554687758, 35.132650947507834 ], [ 129.045726577006462, 35.132680866893658 ], [ 129.045739868512783, 35.132635452793814 ], [ 129.04573554687758, 35.132650947507834 ] ], [ [ 129.045688795236345, 35.132772756223389 ], [ 129.045687567102988, 35.132773392095508 ], [ 129.045716079282556, 35.132705730212415 ], [ 129.045688795236345, 35.132772756223389 ] ], [ [ 129.045565165870556, 35.132839970572171 ], [ 129.04554769965992, 35.13285874708248 ], [ 129.045584326442594, 35.132829605440257 ], [ 129.045565165870556, 35.132839970572171 ] ], [ [ 129.045415988115678, 35.132939979451649 ], [ 129.045432549128776, 35.132905187039512 ], [ 129.045432549128805, 35.132905187039505 ], [ 129.045415988115678, 35.132939979451649 ] ], [ [ 129.04535473124497, 35.133120737172469 ], [ 129.045387204363436, 35.133073514262563 ], [ 129.045359653333975, 35.133114031323643 ], [ 129.04535473124497, 35.133120737172469 ] ], [ [ 129.045327741185588, 35.133267589390165 ], [ 129.045249653643964, 35.133371490250447 ], [ 129.045340624399671, 35.133250846487847 ], [ 129.045327741185588, 35.133267589390165 ] ], [ [ 129.045276662426971, 35.13340399250319 ], [ 129.045325432724098, 35.133464032402372 ], [ 129.045249653643964, 35.133371490250447 ], [ 129.045276662426971, 35.13340399250319 ] ], [ [ 129.045325432724098, 35.133464032402372 ], [ 129.045336301863017, 35.133517497079978 ], [ 129.045342967574584, 35.133548438318627 ], [ 129.045325432724098, 35.133464032402372 ] ], [ [ 129.04536552588965, 35.133588612727259 ], [ 129.04536552588965, 35.133588612727301 ], [ 129.045360300153561, 35.133583167585023 ], [ 129.04536552588965, 35.133588612727259 ] ], [ [ 129.045353288271485, 35.133643041214754 ], [ 129.045330751733729, 35.133745705146637 ], [ 129.045362988353162, 35.133599898769297 ], [ 129.045353288271485, 35.133643041214754 ] ], [ [ 129.045482940928906, 35.134407941398884 ], [ 129.045496777768165, 35.134475241011231 ], [ 129.045462172744607, 35.134310214605868 ], [ 129.045482940928906, 35.134407941398884 ] ], [ [ 129.045573690932542, 35.134710404401261 ], [ 129.045591624566015, 35.134739863287997 ], [ 129.045566665417425, 35.134643354879408 ], [ 129.045573690932542, 35.134710404401261 ] ], [ [ 129.045716119982188, 35.134929481782464 ], [ 129.045718494131478, 35.134931474498757 ], [ 129.045691609630609, 35.13493278069334 ], [ 129.045716119982188, 35.134929481782464 ] ], [ [ 129.046073094428579, 35.135193385860468 ], [ 129.04596798948225, 35.135131329919268 ], [ 129.045971918725854, 35.13513343765505 ], [ 129.046073094428579, 35.135193385860468 ] ], [ [ 129.046174134274736, 35.135205282598747 ], [ 129.046197262210882, 35.135229986082642 ], [ 129.046087242475551, 35.135201988625155 ], [ 129.046174134274736, 35.135205282598747 ] ], [ [ 129.046174052901762, 35.135537974116488 ], [ 129.046237815109265, 35.13542079196678 ], [ 129.04621334681616, 35.135521194336022 ], [ 129.046174052901762, 35.135537974116488 ] ], [ [ 129.046139326200745, 35.135599874213632 ], [ 129.04615102561516, 35.135648819778766 ], [ 129.04614446040523, 35.135590430666163 ], [ 129.046139326200745, 35.135599874213632 ] ], [ [ 129.046260143028576, 35.135719557060348 ], [ 129.046338348353146, 35.135748524823583 ], [ 129.046381982381547, 35.135802463978195 ], [ 129.046260143028576, 35.135719557060348 ] ], [ [ 129.046407590643668, 35.135873014582977 ], [ 129.046448641987325, 35.135925952411064 ], [ 129.046518697538829, 35.135999251896017 ], [ 129.046407590643668, 35.135873014582977 ] ], [ [ 129.04664857198577, 35.136047110729415 ], [ 129.046667979809484, 35.136082355622257 ], [ 129.046644760454029, 35.136045037095904 ], [ 129.04664857198577, 35.136047110729415 ] ], [ [ 129.046695709971061, 35.136186470211918 ], [ 129.046724026852502, 35.136220540001851 ], [ 129.04669522455157, 35.136184677688419 ], [ 129.046695709971061, 35.136186470211918 ] ], [ [ 129.046825090234591, 35.136331711815529 ], [ 129.046777544629322, 35.136249327413068 ], [ 129.046815751578464, 35.136290243806044 ], [ 129.046825090234591, 35.136331711815529 ] ], [ [ 129.046981492436686, 35.136391259986169 ], [ 129.046860952730043, 35.136359352060452 ], [ 129.046965415333176, 35.136386975559645 ], [ 129.046981492436686, 35.136391259986169 ] ], [ [ 129.047025647507411, 35.136414020716231 ], [ 129.04703948832892, 35.136422073654714 ], [ 129.046981492436686, 35.136391259986169 ], [ 129.047025647507411, 35.136414020716231 ] ], [ [ 129.047068498413694, 35.136465370360838 ], [ 129.04708487456287, 35.136527434393372 ], [ 129.047085362121351, 35.136529423207513 ], [ 129.047068498413694, 35.136465370360838 ] ], [ [ 129.047191698851634, 35.13661801669781 ], [ 129.047191698851634, 35.136618016697824 ], [ 129.047147167838432, 35.13659038883501 ], [ 129.047191698851634, 35.13661801669781 ] ], [ [ 129.047286147134088, 35.136749155706283 ], [ 129.047397991262187, 35.136867921405091 ], [ 129.04725170014575, 35.13670711894077 ], [ 129.047286147134088, 35.136749155706283 ] ], [ [ 129.047536583412779, 35.137038946602864 ], [ 129.047522843888174, 35.137035679896769 ], [ 129.047499177267184, 35.136979462154521 ], [ 129.047536583412779, 35.137038946602864 ] ], [ [ 129.047486222165759, 35.137122134087925 ], [ 129.047445469182833, 35.13721835154653 ], [ 129.047493888142327, 35.13710403674677 ], [ 129.047486222165759, 35.137122134087925 ] ], [ [ 129.047482196760797, 35.137280792722379 ], [ 129.047494917133179, 35.137403210383987 ], [ 129.047494912471592, 35.137403661250154 ], [ 129.047482196760797, 35.137280792722379 ] ], [ [ 129.047508428172677, 35.137585126405483 ], [ 129.047508428172677, 35.137585126405511 ], [ 129.047507323189421, 35.137707783667175 ], [ 129.047508428172677, 35.137585126405483 ] ], [ [ 129.047522245904332, 35.137804917379576 ], [ 129.047522245904389, 35.137804917379619 ], [ 129.047412881489521, 35.137886899139779 ], [ 129.047522245904332, 35.137804917379576 ] ], [ [ 129.047313606195956, 35.137991785009746 ], [ 129.047226495687539, 35.138034389101755 ], [ 129.047313606195985, 35.13799178500971 ], [ 129.047313606195956, 35.137991785009746 ] ], [ [ 129.047122025052715, 35.138094531093927 ], [ 129.047073022535329, 35.138117254768986 ], [ 129.047152989811025, 35.138072323194478 ], [ 129.047122025052715, 35.138094531093927 ] ], [ [ 129.047058148446041, 35.138126111706647 ], [ 129.047033188948831, 35.138131138146989 ], [ 129.047073022535329, 35.138117254768986 ], [ 129.047058148446041, 35.138126111706647 ] ], [ [ 129.046869587513754, 35.138313881375602 ], [ 129.046867448433801, 35.138316888843718 ], [ 129.046891845390491, 35.138282599778769 ], [ 129.046869587513754, 35.138313881375602 ] ], [ [ 129.04682301415022, 35.138384033508096 ], [ 129.046818014443488, 35.13839102090644 ], [ 129.046825789159215, 35.138380162317766 ], [ 129.04682301415022, 35.138384033508096 ] ], [ [ 129.046818014443488, 35.13839102090644 ], [ 129.046781864486235, 35.138440212540687 ], [ 129.046781864486206, 35.138440212540672 ], [ 129.046818014443488, 35.13839102090644 ] ], [ [ 129.04186918409394, 35.140543602466202 ], [ 129.048084146564719, 35.138420510389778 ], [ 129.044275114880207, 35.140039439675689 ], [ 129.043536232208993, 35.140242576229547 ], [ 129.04186918409394, 35.140543602466202 ] ], [ [ 129.048198621580241, 35.138432778830428 ], [ 129.048475843035249, 35.13827010259012 ], [ 129.049375356628246, 35.137895623381766 ], [ 129.048198621580241, 35.138432778830428 ] ], [ [ 129.049689924641257, 35.137602250644186 ], [ 129.049405499704932, 35.137860007802935 ], [ 129.049523494552005, 35.137701213822893 ], [ 129.049689924636596, 35.137602250644314 ], [ 129.049666675607341, 35.137512691920094 ], [ 129.049603130731896, 35.137415740044318 ], [ 129.049605908752426, 35.137400406834679 ], [ 129.049841058612941, 35.137058608190607 ], [ 129.049877513550229, 35.137046803858659 ], [ 129.04990117832412, 35.137041557506642 ], [ 129.049689924641257, 35.137602250644186 ] ], [ [ 129.051764607293592, 35.137055634444224 ], [ 129.0517646072974, 35.137055634445566 ], [ 129.051761516234308, 35.137060854592761 ], [ 129.051764607293592, 35.137055634444224 ] ], [ [ 129.051968542246073, 35.137088458187897 ], [ 129.052147456407283, 35.137044983058388 ], [ 129.052147456407852, 35.137044983059489 ], [ 129.052037607637686, 35.137076964095705 ], [ 129.051968542246073, 35.137088458187897 ] ], [ [ 129.052282378274043, 35.137120217000572 ], [ 129.052295959579652, 35.137115749578967 ], [ 129.052198519172464, 35.137145129640729 ], [ 129.052282378274043, 35.137120217000572 ] ], [ [ 129.052380085517939, 35.137131767441581 ], [ 129.05263904697506, 35.137109529973834 ], [ 129.052694487747374, 35.137103503493741 ], [ 129.052733131200057, 35.13710024225513 ], [ 129.052639046979721, 35.137109529973692 ], [ 129.052513351760041, 35.137120561552614 ], [ 129.052380085517939, 35.137131767441581 ] ], [ [ 129.053094680068199, 35.137294079050129 ], [ 129.053114242378172, 35.137291105242788 ], [ 129.053094680068142, 35.137294079050641 ], [ 129.053094680068199, 35.137294079050129 ] ], [ [ 129.053950450409332, 35.13740338858122 ], [ 129.054106846574683, 35.137374179804752 ], [ 129.054200366374829, 35.137357211619488 ], [ 129.054266424413498, 35.137344536787147 ], [ 129.05425139454033, 35.137297636648732 ], [ 129.054242806724631, 35.137269454914744 ], [ 129.054292397871706, 35.137261555427109 ], [ 129.054266424418302, 35.137344536786991 ], [ 129.054200366379519, 35.137357211619317 ], [ 129.054106846579458, 35.137374179804588 ], [ 129.053957153899489, 35.137402150815973 ], [ 129.053950450409332, 35.13740338858122 ] ], [ [ 129.054424100526433, 35.13729279308393 ], [ 129.054436828440657, 35.137292282758267 ], [ 129.054394245387272, 35.137294906296688 ], [ 129.054424100526433, 35.13729279308393 ] ], [ [ 129.054960760899604, 35.137024925955629 ], [ 129.054658138171789, 35.137229234914948 ], [ 129.054683971140918, 35.137217650127518 ], [ 129.05471879925301, 35.137202392852011 ], [ 129.054781415716803, 35.137179074209307 ], [ 129.054855040754376, 35.13711007885388 ], [ 129.054908258486734, 35.137077462268721 ], [ 129.054960760899604, 35.137024925955629 ] ], [ [ 129.055004542580917, 35.137026538072014 ], [ 129.055101676291997, 35.136983004561714 ], [ 129.055150559524208, 35.136966866620128 ], [ 129.055185197058364, 35.136945750464925 ], [ 129.055145887202968, 35.136919781727713 ], [ 129.054934219115978, 35.136573384143048 ], [ 129.054886935498985, 35.136535223459248 ], [ 129.054869534833529, 35.136521115857875 ], [ 129.054806102109467, 35.136452965050289 ], [ 129.054797094596182, 35.136420736436875 ], [ 129.054742980721642, 35.136390952323062 ], [ 129.054720001268521, 35.136285242089286 ], [ 129.054799516046444, 35.136230413524203 ], [ 129.054927804028608, 35.136159816658306 ], [ 129.054961314211511, 35.136143433194142 ], [ 129.055010773291485, 35.136119327043197 ], [ 129.054720001273239, 35.136285242089109 ], [ 129.054742980726445, 35.136390952322898 ], [ 129.054797094601014, 35.136420736436726 ], [ 129.054934219120724, 35.136573384142871 ], [ 129.055185197063196, 35.136945750464783 ], [ 129.055150559529039, 35.136966866620014 ], [ 129.055004542580917, 35.137026538072014 ] ], [ [ 129.055182655522714, 35.135950102004777 ], [ 129.055182655517882, 35.135950102004969 ], [ 129.055200038027351, 35.135936691094209 ], [ 129.055227267745664, 35.135930784128035 ], [ 129.055297089739895, 35.135920721000772 ], [ 129.05529665938613, 35.135917025621907 ], [ 129.05529708974467, 35.135920721000616 ], [ 129.055200038032183, 35.135936691094081 ], [ 129.055182655522714, 35.135950102004777 ] ], [ [ 129.055419022451019, 35.135914627654195 ], [ 129.055419022452242, 35.135914627654216 ], [ 129.055381135949261, 35.135916645537812 ], [ 129.055419022451019, 35.135914627654195 ] ], [ [ 129.055464675693401, 35.13590996531628 ], [ 129.055464675697976, 35.135909965317317 ], [ 129.055463779567646, 35.135915436961866 ], [ 129.055464675693401, 35.13590996531628 ] ], [ [ 129.055792575644574, 35.136107459597028 ], [ 129.055857428848213, 35.13609988612621 ], [ 129.055857428848441, 35.13609988612626 ], [ 129.055792575644574, 35.136107459597028 ] ], [ [ 129.056695591263207, 35.136047886097252 ], [ 129.05641463890737, 35.136190969321099 ], [ 129.056469199636979, 35.136134023770467 ], [ 129.05652056227234, 35.136102191496782 ], [ 129.056580844557743, 35.136068994092014 ], [ 129.056635739667968, 35.136052573392845 ], [ 129.056695591263207, 35.136047886097252 ] ], [ [ 129.056749991299171, 35.13604580618626 ], [ 129.056911657942493, 35.136027353600511 ], [ 129.056908376616292, 35.135994167081037 ], [ 129.056909960693332, 35.135951595192225 ], [ 129.056916900124406, 35.135910210645207 ], [ 129.056942321679884, 35.135907873501218 ], [ 129.056941553274328, 35.13584269661645 ], [ 129.056749991299171, 35.13604580618626 ] ], [ [ 129.057131055288096, 35.135838553574722 ], [ 129.056160316226141, 35.134137032233347 ], [ 129.056401530035458, 35.133975138193719 ], [ 129.056368760008723, 35.133948229460835 ], [ 129.056366004468089, 35.133945959285349 ], [ 129.056251280601373, 35.133849511742298 ], [ 129.056221157825462, 35.133826874212701 ], [ 129.056433506674352, 35.13368690517904 ], [ 129.057131055288096, 35.135838553574722 ] ], [ [ 129.056525153549075, 35.133665537410018 ], [ 129.056688704623554, 35.133617375470905 ], [ 129.056649661075056, 35.133545383699641 ], [ 129.056740535329169, 35.133485113468709 ], [ 129.056963184329533, 35.133376190614996 ], [ 129.056924641163903, 35.13336269689519 ], [ 129.056953385973827, 35.133343457746861 ], [ 129.056819362790151, 35.133247632493806 ], [ 129.05702743701147, 35.131115913090419 ], [ 129.057063203763192, 35.130775146814983 ], [ 129.057164766650573, 35.129837136571822 ], [ 129.056525153549075, 35.133665537410018 ] ], [ [ 129.057175060179503, 35.129824188316832 ], [ 129.05717506018425, 35.12982418831713 ], [ 129.057173302947859, 35.12983769148908 ], [ 129.057175060179503, 35.129824188316832 ] ] ] ] } },
{ "type": "Feature", "properties": { "sigungu_cd": "26500", "sigungu_nm": "수영구" }, "geometry": { "type": "MultiPolygon", "coordinates": [ [ [ [ 129.100004017083393, 35.153424921068208 ], [ 129.091559594344631, 35.165482699297755 ], [ 129.097141163041158, 35.171629434763993 ], [ 129.097453310631352, 35.179434898984844 ], [ 129.10624677161664, 35.180436312652247 ], [ 129.107928662391487, 35.177235497784814 ], [ 129.111378750712333, 35.175876872480053 ], [ 129.115381765511131, 35.183337923700037 ], [ 129.115377808862291, 35.186749062244019 ], [ 129.118773487137503, 35.177543926729172 ], [ 129.126023645697131, 35.165343098434121 ], [ 129.128462416039696, 35.164237579700846 ], [ 129.134921071633727, 35.155649112601324 ], [ 129.131082171836425, 35.154242569870902 ], [ 129.131276713475586, 35.15370412632091 ], [ 129.12994137811171, 35.1531551281278 ], [ 129.131090809073186, 35.154055763779276 ], [ 129.127216594802746, 35.153457777824492 ], [ 129.130177608014264, 35.152352851336694 ], [ 129.124462498084768, 35.152891849962487 ], [ 129.123507890552133, 35.155666105233145 ], [ 129.118970463275218, 35.153759447766419 ], [ 129.118777398623081, 35.153059281692997 ], [ 129.117176152524792, 35.151408817040817 ], [ 129.114928908037513, 35.147856444961036 ], [ 129.114649788412549, 35.147582693711655 ], [ 129.114556610176891, 35.14765552018148 ], [ 129.114433693184736, 35.147284438270525 ], [ 129.117723387127029, 35.146040176414026 ], [ 129.117586562067459, 35.139950018535146 ], [ 129.111228896217852, 35.135756608566929 ], [ 129.106212297030481, 35.139087961278214 ], [ 129.10215205682394, 35.142690523747952 ], [ 129.103417471612232, 35.144777008468743 ], [ 129.100004017083393, 35.153424921068208 ] ], [ [ 129.101406138261638, 35.151795383190482 ], [ 129.102631726517757, 35.151487904933461 ], [ 129.101222898824716, 35.151842720196512 ], [ 129.101406138261638, 35.151795383190482 ] ], [ [ 129.102799803995197, 35.151445761275276 ], [ 129.10300968987093, 35.151398133137519 ], [ 129.102631726517757, 35.151487904933461 ], [ 129.102799803995197, 35.151445761275276 ] ], [ [ 129.10399184232935, 35.15125961981844 ], [ 129.105475979831766, 35.15086611000995 ], [ 129.103460947890255, 35.151300989507298 ], [ 129.10399184232935, 35.15125961981844 ] ], [ [ 129.106287595951216, 35.150061005971807 ], [ 129.107565622692363, 35.150057689227403 ], [ 129.107275666624417, 35.150126135314181 ], [ 129.106287595951272, 35.150061005971821 ], [ 129.106108729142704, 35.150212121585369 ], [ 129.106287595951216, 35.150061005971807 ] ], [ [ 129.10807676603892, 35.149930957631696 ], [ 129.108049176376966, 35.14993656008636 ], [ 129.108049176376966, 35.149936560086317 ], [ 129.10807676603892, 35.149930957631696 ] ], [ [ 129.10815693193851, 35.149952410227868 ], [ 129.108156931938481, 35.149952410227904 ], [ 129.108103137537881, 35.149925955829971 ], [ 129.10815693193851, 35.149952410227868 ] ], [ [ 129.108287412660104, 35.15001657095037 ], [ 129.108285343615847, 35.150020475646386 ], [ 129.108285343615819, 35.150020475646372 ], [ 129.108287412660104, 35.15001657095037 ] ], [ [ 129.108324793306224, 35.150034952689126 ], [ 129.108324793306224, 35.150034952689175 ], [ 129.10831874855117, 35.150031981087416 ], [ 129.108324793306224, 35.150034952689126 ] ], [ [ 129.108410604626783, 35.150037868560283 ], [ 129.10854460081211, 35.150045349544548 ], [ 129.108633676762878, 35.150057083993048 ], [ 129.108544600812053, 35.150045349544605 ], [ 129.108506889799145, 35.150051277738335 ], [ 129.108423587482008, 35.150045825998141 ], [ 129.108410604626783, 35.150037868560283 ] ], [ [ 129.108713376965596, 35.150046804667518 ], [ 129.108793753778173, 35.150039062947648 ], [ 129.108686646066957, 35.150050481295736 ], [ 129.108713376965596, 35.150046804667518 ] ], [ [ 129.108864594871193, 35.150023722183029 ], [ 129.108933687840903, 35.150021658399098 ], [ 129.108793753778173, 35.150039062947648 ], [ 129.108864594871193, 35.150023722183029 ] ], [ [ 129.109036647411159, 35.15002910149358 ], [ 129.109021027775469, 35.150019049584422 ], [ 129.109021027775498, 35.150019049584422 ], [ 129.109036647411159, 35.15002910149358 ] ], [ [ 129.109462365478436, 35.150313580659386 ], [ 129.109462365478379, 35.150313580659386 ], [ 129.109462869070512, 35.150308645665433 ], [ 129.109462365478436, 35.150313580659386 ] ], [ [ 129.10952436380822, 35.150391402534403 ], [ 129.109525322323265, 35.150452333344163 ], [ 129.109514662274705, 35.150358061015552 ], [ 129.10952436380822, 35.150391402534403 ] ], [ [ 129.109956964579311, 35.150715143511349 ], [ 129.109956964579311, 35.150715143511412 ], [ 129.109626276586937, 35.150548192447886 ], [ 129.109956964579311, 35.150715143511349 ] ], [ [ 129.110449607201019, 35.150715782968 ], [ 129.110378807853863, 35.150705030365877 ], [ 129.110378807853863, 35.15070503036587 ], [ 129.110449607201019, 35.150715782968 ] ], [ [ 129.110453773509278, 35.150712804745361 ], [ 129.110457179662859, 35.1507158662913 ], [ 129.110453773509334, 35.150712804745417 ], [ 129.110449607201019, 35.150715782968 ], [ 129.110453773509278, 35.150712804745361 ] ], [ [ 129.110666930358974, 35.150580731607619 ], [ 129.110949778056721, 35.150379703348975 ], [ 129.11095984414348, 35.150415081227223 ], [ 129.110666930358974, 35.150580731607619 ] ], [ [ 129.110948266478914, 35.15037435040027 ], [ 129.111687682887521, 35.150021430015208 ], [ 129.112198979296124, 35.149699269792009 ], [ 129.111687682887549, 35.150021430015279 ], [ 129.111288005964269, 35.15027246008475 ], [ 129.111285702804537, 35.150273543799671 ], [ 129.110948266478914, 35.15037435040027 ] ], [ [ 129.113120244997475, 35.149118311460207 ], [ 129.113133329319339, 35.149110065312726 ], [ 129.112198979296124, 35.149699269792009 ], [ 129.113120244997475, 35.149118311460207 ] ], [ [ 129.114623391744971, 35.147857091238592 ], [ 129.114624271555442, 35.147859792051911 ], [ 129.114623391744971, 35.147857091238599 ], [ 129.114623391744971, 35.147857091238592 ] ], [ [ 129.11469927988685, 35.147740204555859 ], [ 129.114699279886906, 35.147740204555859 ], [ 129.114633989169562, 35.147840768559263 ], [ 129.11469927988685, 35.147740204555859 ] ] ] ] } },
{ "type": "Feature", "properties": { "sigungu_cd": "26410", "sigungu_nm": "금정구" }, "geometry": { "type": "MultiPolygon", "coordinates": [ [ [ [ 129.106345646342447, 35.209533045494673 ], [ 129.088251577811889, 35.217665618408347 ], [ 129.083923434786669, 35.217217700705376 ], [ 129.085990696328906, 35.218991656100393 ], [ 129.086864210226878, 35.220657360905982 ], [ 129.087374907078669, 35.222192459613559 ], [ 129.085008791103178, 35.221913509053664 ], [ 129.082488679779971, 35.224512629006185 ], [ 129.08150365161103, 35.223331530708734 ], [ 129.077579676222058, 35.226289933066695 ], [ 129.06200081246422, 35.224853781820748 ], [ 129.060466813824917, 35.229821760566743 ], [ 129.052164540497699, 35.228089984666418 ], [ 129.044316255153007, 35.230689521801473 ], [ 129.044044250269707, 35.2327686584321 ], [ 129.050378727825773, 35.241247814909443 ], [ 129.049578143489924, 35.245169156009496 ], [ 129.045577239464194, 35.247311278208244 ], [ 129.045356916636422, 35.251544509030865 ], [ 129.04854206530274, 35.255254402577549 ], [ 129.036565414624107, 35.260703377611364 ], [ 129.042365516988269, 35.26395259725021 ], [ 129.0429441096272, 35.268667935686814 ], [ 129.046482510664816, 35.271974041635048 ], [ 129.048449190242621, 35.278051825040599 ], [ 129.053850505111825, 35.282061006085172 ], [ 129.052175258064665, 35.285860943026499 ], [ 129.058370286667184, 35.294843328493414 ], [ 129.070556365871255, 35.294528543252994 ], [ 129.074275713066555, 35.290761845599029 ], [ 129.0883523200458, 35.302615011462429 ], [ 129.100673541738814, 35.30397808093791 ], [ 129.105613898817865, 35.306590225647703 ], [ 129.116455169035049, 35.30177061996001 ], [ 129.121791439461418, 35.302037901216799 ], [ 129.129585800222202, 35.29822022932872 ], [ 129.132175096474782, 35.291879998641171 ], [ 129.128245137555126, 35.289325833323851 ], [ 129.12431144220497, 35.281296648939062 ], [ 129.126121847314067, 35.278513543116595 ], [ 129.124827710495595, 35.273741569468655 ], [ 129.121343127148464, 35.26963821767874 ], [ 129.121307447778037, 35.26362028670254 ], [ 129.122627926518533, 35.261685473151388 ], [ 129.133047322409993, 35.260557506791656 ], [ 129.134809608920108, 35.258915590586902 ], [ 129.139230475790271, 35.260538276292813 ], [ 129.138295096405699, 35.254274756924566 ], [ 129.144601954086255, 35.251013622583429 ], [ 129.141321417439059, 35.242065337562167 ], [ 129.135670340639876, 35.236358847841664 ], [ 129.131045185589954, 35.23534528045036 ], [ 129.130484657331579, 35.231300920815251 ], [ 129.127021837267506, 35.227135486021098 ], [ 129.117509089768674, 35.22397368883427 ], [ 129.116492929726832, 35.220000627827652 ], [ 129.118407034551865, 35.218064686426864 ], [ 129.118917680740452, 35.213507166493713 ], [ 129.116697448002753, 35.214647448283564 ], [ 129.110240136115692, 35.210143786867746 ], [ 129.107437313946377, 35.210734672072768 ], [ 129.106345646342447, 35.209533045494673 ] ], [ [ 129.120881649863747, 35.260980315977058 ], [ 129.120881275620832, 35.260979901730337 ], [ 129.122627926518533, 35.261685473151388 ], [ 129.120881649863747, 35.260980315977058 ] ], [ [ 129.101929736655961, 35.247205768191442 ], [ 129.101908052462136, 35.247215941511605 ], [ 129.101859757296097, 35.247238597324035 ], [ 129.101929736655961, 35.247205768191442 ] ], [ [ 129.103500288488391, 35.229846219809225 ], [ 129.103500288488391, 35.229846219809232 ], [ 129.102761659724393, 35.230647233785199 ], [ 129.103500288488391, 35.229846219809225 ] ], [ [ 129.103580829714474, 35.228109531894503 ], [ 129.102951327054541, 35.227346262064835 ], [ 129.102917663537255, 35.227273738383978 ], [ 129.103580829714474, 35.228109531894503 ] ], [ [ 129.102486368111613, 35.226391406032242 ], [ 129.102330525239552, 35.226183289171232 ], [ 129.102544280271474, 35.226503063638042 ], [ 129.102486368111613, 35.226391406032242 ] ], [ [ 129.10177613311123, 35.224541085169022 ], [ 129.101801947249413, 35.224898717436197 ], [ 129.101781287753028, 35.224623824362368 ], [ 129.10177613311123, 35.224541085169022 ] ], [ [ 129.101666842979427, 35.223561684060954 ], [ 129.101666842979427, 35.223561684060975 ], [ 129.101546203807032, 35.223982531743587 ], [ 129.101666842979427, 35.223561684060954 ] ], [ [ 129.10065115477525, 35.222948434163243 ], [ 129.100045360590769, 35.222751083778661 ], [ 129.099920210105523, 35.222670449473092 ], [ 129.10065115477525, 35.222948434163243 ] ], [ [ 129.09905702736279, 35.222031439375499 ], [ 129.098468651218639, 35.221861333616062 ], [ 129.099303621521557, 35.222175094810972 ], [ 129.09905702736279, 35.222031439375499 ] ], [ [ 129.096468219430363, 35.220347442052642 ], [ 129.096414964442488, 35.220244041526051 ], [ 129.096468219430392, 35.220347442052663 ], [ 129.096468219430363, 35.220347442052642 ] ], [ [ 129.096297617914217, 35.220044182886156 ], [ 129.096258051780012, 35.219980766899759 ], [ 129.096307050204189, 35.220060705984856 ], [ 129.096297617914217, 35.220044182886156 ] ], [ [ 129.09623496913332, 35.219914077635927 ], [ 129.096419901582465, 35.219790989153893 ], [ 129.09623496913332, 35.219914077635963 ], [ 129.09623496913332, 35.219914077635927 ] ], [ [ 129.096419901582465, 35.219790989153893 ], [ 129.096489919512123, 35.21967514733786 ], [ 129.096578420080732, 35.219528753364216 ], [ 129.096419901582465, 35.219790989153893 ] ], [ [ 129.096568176351695, 35.219503974404937 ], [ 129.096457603824632, 35.219236642856757 ], [ 129.096578420080732, 35.219528753364216 ], [ 129.096568176351695, 35.219503974404937 ] ], [ [ 129.095931641459543, 35.21881377155124 ], [ 129.095807688780582, 35.218763753391734 ], [ 129.096307847002265, 35.218965635285933 ], [ 129.095931641459543, 35.21881377155124 ] ], [ [ 129.09570572045763, 35.218728500063349 ], [ 129.095705720457602, 35.218728500063314 ], [ 129.095704559581037, 35.218674420214711 ], [ 129.09570572045763, 35.218728500063349 ] ], [ [ 129.095727985681293, 35.218545878174908 ], [ 129.095758798408525, 35.218467248689826 ], [ 129.095779466270812, 35.218471493069593 ], [ 129.095727985681293, 35.218545878174908 ] ], [ [ 129.095856386734027, 35.21841127541154 ], [ 129.095970584080987, 35.21829772063009 ], [ 129.096020546466121, 35.218286865461643 ], [ 129.096104754357498, 35.218162780606065 ], [ 129.095856386734027, 35.21841127541154 ] ], [ [ 129.096086413238083, 35.218094954759096 ], [ 129.096139184960322, 35.21811200175182 ], [ 129.096139184960293, 35.218112001751862 ], [ 129.096086413238083, 35.218094954759096 ] ], [ [ 129.095940317860169, 35.217960280329599 ], [ 129.095940317860169, 35.217960280329628 ], [ 129.095899623386856, 35.21788379682274 ], [ 129.095940317860169, 35.217960280329599 ] ], [ [ 129.095700389135374, 35.217670134787639 ], [ 129.0956609144325, 35.217622376145187 ], [ 129.095899623386856, 35.21788379682274 ], [ 129.095700389135374, 35.217670134787639 ] ], [ [ 129.095623991517243, 35.217577725148331 ], [ 129.095643225380741, 35.217517410980165 ], [ 129.095628794561378, 35.217583528517331 ], [ 129.095623991517243, 35.217577725148331 ] ], [ [ 129.095672866285099, 35.217424422238061 ], [ 129.095680067246917, 35.217401828901153 ], [ 129.095657521367542, 35.217472565654823 ], [ 129.095672866285099, 35.217424422238061 ] ], [ [ 129.095474556513835, 35.217525202686026 ], [ 129.095417284813351, 35.217483424693889 ], [ 129.095476793196781, 35.217529695875271 ], [ 129.095474556513835, 35.217525202686026 ] ], [ [ 129.094848350948695, 35.217297196161702 ], [ 129.094848350948695, 35.217297196161759 ], [ 129.094509028719301, 35.216872202353414 ], [ 129.094848350948695, 35.217297196161702 ] ], [ [ 129.094529650485953, 35.216848661366164 ], [ 129.094529650485981, 35.216848661366193 ], [ 129.094509028719301, 35.216872202353414 ], [ 129.094529650485953, 35.216848661366164 ] ], [ [ 129.094319094754411, 35.216653157709828 ], [ 129.094265630097965, 35.216575485762711 ], [ 129.094256223553401, 35.216561567174409 ], [ 129.094319094754411, 35.216653157709828 ] ], [ [ 129.094189949012275, 35.216569955411821 ], [ 129.094246817008781, 35.216547648586108 ], [ 129.094246817008781, 35.216547648586122 ], [ 129.094189949012275, 35.216569955411821 ] ], [ [ 129.094157241387705, 35.216493185764321 ], [ 129.094151030198844, 35.216489644743355 ], [ 129.094158680472248, 35.216496999540944 ], [ 129.094157241387705, 35.216493185764321 ] ], [ [ 129.0940974537464, 35.216459160643801 ], [ 129.094097453746343, 35.216459160643751 ], [ 129.094112855194737, 35.216467922032862 ], [ 129.0940974537464, 35.216459160643801 ] ], [ [ 129.094062933566931, 35.216430343975723 ], [ 129.094063451943498, 35.216414861210623 ], [ 129.094066180605154, 35.216432905196356 ], [ 129.094062933566931, 35.216430343975723 ] ], [ [ 129.094010228128724, 35.216346108408544 ], [ 129.094139354440983, 35.216313831559567 ], [ 129.093996726110674, 35.216352608423279 ], [ 129.094010228128724, 35.216346108408544 ] ], [ [ 129.094162906253302, 35.216162567624785 ], [ 129.094159152742662, 35.216150138134644 ], [ 129.094138033066486, 35.216214233810369 ], [ 129.094162906253302, 35.216162567624785 ] ], [ [ 129.094157708991446, 35.216131655427489 ], [ 129.094132341968105, 35.216102754473958 ], [ 129.094158590206263, 35.216148024973734 ], [ 129.094157708991446, 35.216131655427489 ] ], [ [ 129.093991167379272, 35.216003160724831 ], [ 129.094007746475484, 35.215998280781399 ], [ 129.093982273959341, 35.216005781426539 ], [ 129.093991167379272, 35.216003160724831 ] ], [ [ 129.094066964924309, 35.216015000535826 ], [ 129.094094325265331, 35.216025705623359 ], [ 129.094007746475484, 35.215998280781399 ], [ 129.094066964924309, 35.216015000535826 ] ], [ [ 129.09425132909351, 35.216072996195415 ], [ 129.094278683526511, 35.216078473437364 ], [ 129.094215287538276, 35.216065694612126 ], [ 129.09425132909351, 35.216072996195415 ] ], [ [ 129.094352474526801, 35.216064265700382 ], [ 129.094352474526744, 35.216064265700389 ], [ 129.094354636676343, 35.216040070141332 ], [ 129.094352474526801, 35.216064265700382 ] ], [ [ 129.094211864749411, 35.215946026746465 ], [ 129.094211864749326, 35.215946026746479 ], [ 129.094191139985696, 35.215878892323886 ], [ 129.094211864749411, 35.215946026746465 ] ], [ [ 129.094211194490583, 35.215839578261139 ], [ 129.094191415975473, 35.215822102328787 ], [ 129.094207921287705, 35.215846042104182 ], [ 129.094211194490583, 35.215839578261139 ] ], [ [ 129.094268008051102, 35.215673416590768 ], [ 129.094246251719767, 35.215640781996257 ], [ 129.094268008051188, 35.215673416590754 ], [ 129.094268008051102, 35.215673416590768 ] ], [ [ 129.094225367177131, 35.215553840613012 ], [ 129.094224436131753, 35.215532339748627 ], [ 129.094226111950036, 35.215572254468519 ], [ 129.094225367177131, 35.215553840613012 ] ], [ [ 129.093841330119346, 35.276903870900973 ], [ 129.093816025935809, 35.276882798932945 ], [ 129.093841660168721, 35.276904141050089 ], [ 129.093841330119346, 35.276903870900973 ] ], [ [ 129.09526497773922, 35.275031508995973 ], [ 129.09681134855569, 35.276270990844424 ], [ 129.097197887811063, 35.277389536976962 ], [ 129.096811348555605, 35.276270990844438 ], [ 129.09526497773922, 35.275031508995973 ] ], [ [ 129.095781828613951, 35.274123460266686 ], [ 129.095781828614008, 35.274123460266615 ], [ 129.096204015923576, 35.273669937819783 ], [ 129.095781828613951, 35.274123460266686 ] ], [ [ 129.096536562850105, 35.273259388025522 ], [ 129.09650944761367, 35.272440363728506 ], [ 129.096204015923576, 35.273669937819783 ], [ 129.096536562850105, 35.273259388025522 ] ], [ [ 129.096557369681477, 35.272254109675004 ], [ 129.096417604728089, 35.272192297602352 ], [ 129.096543221953453, 35.272308876421093 ], [ 129.096557369681477, 35.272254109675004 ] ], [ [ 129.096823644558185, 35.265193446320666 ], [ 129.096823611546426, 35.265193410293186 ], [ 129.095816426503774, 35.263677138262089 ], [ 129.095815587573924, 35.263660452319826 ], [ 129.096823644558185, 35.265193446320666 ] ], [ [ 129.0956291124198, 35.263148856086566 ], [ 129.095653472664367, 35.263096742024025 ], [ 129.095629113704433, 35.263148856942266 ], [ 129.0956291124198, 35.263148856086566 ] ], [ [ 129.098453543453189, 35.26059805168908 ], [ 129.098828436884617, 35.260346970869627 ], [ 129.098253308062766, 35.260735909683014 ], [ 129.098453543453189, 35.26059805168908 ] ], [ [ 129.099505731745921, 35.260446220252419 ], [ 129.099505138112846, 35.260446040465609 ], [ 129.099415103008425, 35.260418117782422 ], [ 129.099505731745921, 35.260446220252419 ] ], [ [ 129.102610092947486, 35.260399770100754 ], [ 129.102608792818387, 35.260400672070169 ], [ 129.101994822945073, 35.260824551963729 ], [ 129.102610092947486, 35.260399770100754 ] ], [ [ 129.102637373142414, 35.260380935878423 ], [ 129.102832104509076, 35.260268637230837 ], [ 129.102636451920887, 35.260381571888949 ], [ 129.102637373142414, 35.260380935878423 ] ], [ [ 129.10187463166119, 35.249552886018975 ], [ 129.10182684771425, 35.249456175696423 ], [ 129.102058685714439, 35.249925374627352 ], [ 129.10187463166119, 35.249552886018975 ] ], [ [ 129.067531956864002, 35.251746958895872 ], [ 129.066141894135995, 35.25275550840815 ], [ 129.068383324863362, 35.251097985053605 ], [ 129.067531956864002, 35.251746958895872 ] ], [ [ 129.065952677159686, 35.255944643062328 ], [ 129.065952677159629, 35.255944643062328 ], [ 129.065847497535543, 35.255365137114801 ], [ 129.065952677159686, 35.255944643062328 ] ], [ [ 129.06593668635503, 35.25614970654393 ], [ 129.06695464905448, 35.257487109411883 ], [ 129.067223427130074, 35.258157380461888 ], [ 129.06593668635503, 35.25614970654393 ] ], [ [ 129.066567083143298, 35.258460044919715 ], [ 129.066567083143241, 35.258460044919715 ], [ 129.066567841084122, 35.258459681724695 ], [ 129.066567083143298, 35.258460044919715 ] ], [ [ 129.08542551835211, 35.263312236162136 ], [ 129.085273397489033, 35.26344799319596 ], [ 129.085062700057307, 35.263635887933383 ], [ 129.08542551835211, 35.263312236162136 ] ], [ [ 129.085466636444323, 35.263275523111162 ], [ 129.085520337015822, 35.263227642724459 ], [ 129.08542551835211, 35.263312236162136 ], [ 129.085466636444323, 35.263275523111162 ] ], [ [ 129.085802387378436, 35.262976044877185 ], [ 129.085562157776963, 35.263190370322036 ], [ 129.085520337015822, 35.263227642724459 ], [ 129.085802387378436, 35.262976044877185 ] ], [ [ 129.086189652235589, 35.262632066563263 ], [ 129.086034272873633, 35.262770557907274 ], [ 129.085929529755759, 35.262863829566975 ], [ 129.086189652235589, 35.262632066563263 ] ], [ [ 129.086257482275641, 35.262571566211243 ], [ 129.08634792964574, 35.26249104022002 ], [ 129.086189652235589, 35.262632066563263 ], [ 129.086257482275641, 35.262571566211243 ] ], [ [ 129.086433919203216, 35.262414429104062 ], [ 129.08636914160877, 35.262472160302352 ], [ 129.08634792964574, 35.26249104022002 ], [ 129.086433919203216, 35.262414429104062 ] ], [ [ 129.086512653268187, 35.262177880348446 ], [ 129.086478960444595, 35.262294339054478 ], [ 129.086500093681593, 35.262221225576084 ], [ 129.086512653268187, 35.262177880348446 ] ], [ [ 129.086561850994514, 35.262007853136225 ], [ 129.086531082027449, 35.262114304935658 ], [ 129.086512653268187, 35.262177880348446 ], [ 129.086561850994514, 35.262007853136225 ] ], [ [ 129.086609559335699, 35.261842964582542 ], [ 129.086572811776108, 35.261969971142406 ], [ 129.086604007598282, 35.261861968725619 ], [ 129.086609559335699, 35.261842964582542 ] ], [ [ 129.086695328744497, 35.2615465257376 ], [ 129.086614410258989, 35.261826358495362 ], [ 129.086609559335699, 35.261842964582542 ], [ 129.086695328744497, 35.2615465257376 ] ], [ [ 129.086744255334054, 35.261464559497512 ], [ 129.086736132582558, 35.261473488484036 ], [ 129.08674919476897, 35.261459057844498 ], [ 129.086744255334054, 35.261464559497512 ] ], [ [ 129.086770382719607, 35.261438582499473 ], [ 129.086762916971253, 35.261445257675881 ], [ 129.086765002958714, 35.261443363392139 ], [ 129.086770382719607, 35.261438582499473 ] ], [ [ 129.087087823596875, 35.261180385863668 ], [ 129.086964398138036, 35.261280530856048 ], [ 129.087080126658776, 35.261186619567127 ], [ 129.087087823596875, 35.261180385863668 ] ], [ [ 129.087298956084339, 35.261009080884101 ], [ 129.087117897651154, 35.261156037420996 ], [ 129.087087823596875, 35.261180385863668 ], [ 129.087298956084339, 35.261009080884101 ] ], [ [ 129.095902557928753, 35.260717667537698 ], [ 129.095722011884618, 35.260514970869757 ], [ 129.09591804995668, 35.260734204038677 ], [ 129.095902557928753, 35.260717667537698 ] ], [ [ 129.09946496699061, 35.246684629926158 ], [ 129.099464966979696, 35.246684620912802 ], [ 129.099591905103068, 35.247096115690198 ], [ 129.09946496699061, 35.246684629926158 ] ], [ [ 129.088187509509424, 35.223517290424972 ], [ 129.088061771072319, 35.22333954503668 ], [ 129.088288382015634, 35.223619698454684 ], [ 129.088187509509424, 35.223517290424972 ] ], [ [ 129.088399262820133, 35.223987544906066 ], [ 129.088415343847771, 35.224052435866298 ], [ 129.088415343847771, 35.224052435866319 ], [ 129.088399262820133, 35.223987544906066 ] ], [ [ 129.088261488111158, 35.224703317443819 ], [ 129.088265529618525, 35.224548662914344 ], [ 129.088398056933414, 35.2249740816711 ], [ 129.088261488111158, 35.224703317443819 ] ], [ [ 129.088536497080355, 35.225282955150512 ], [ 129.088582419181336, 35.225495098702119 ], [ 129.088536497080327, 35.225282955150512 ], [ 129.088518932922995, 35.225242466626256 ], [ 129.088536497080355, 35.225282955150512 ] ], [ [ 129.088662957367262, 35.225926244096698 ], [ 129.088654405848757, 35.225854200523159 ], [ 129.088663011746576, 35.225977066314805 ], [ 129.088662957367262, 35.225926244096698 ] ], [ [ 129.089042675657822, 35.228363296035688 ], [ 129.089480332815981, 35.228992026834732 ], [ 129.089196630703185, 35.228620338110709 ], [ 129.089042675657822, 35.228363296035688 ] ], [ [ 129.089409597843087, 35.230017357398964 ], [ 129.089418227303213, 35.229992717154119 ], [ 129.089338005703439, 35.230249505533401 ], [ 129.089409597843087, 35.230017357398964 ] ], [ [ 129.089338005703439, 35.230249505533401 ], [ 129.08904887520228, 35.231984892569642 ], [ 129.089470742188468, 35.233218859708067 ], [ 129.089338005703439, 35.230249505533401 ] ], [ [ 129.088144924206603, 35.239863734914252 ], [ 129.08814483746815, 35.239856893419145 ], [ 129.088272018536799, 35.240567953002952 ], [ 129.088144924206603, 35.239863734914252 ] ], [ [ 129.08904661849806, 35.241534715730261 ], [ 129.08880867854495, 35.241305959598499 ], [ 129.088869408533725, 35.241641382537132 ], [ 129.08904661849806, 35.241534715730261 ] ], [ [ 129.068935569285912, 35.250689100371261 ], [ 129.068935569285912, 35.250689100371268 ], [ 129.068924879269105, 35.250696953929392 ], [ 129.068935569285912, 35.250689100371261 ] ], [ [ 129.070203651614605, 35.248702641327682 ], [ 129.070203651614577, 35.248702641327625 ], [ 129.071751591754577, 35.247690536855792 ], [ 129.070203651614605, 35.248702641327682 ] ], [ [ 129.073735213847499, 35.246636240603053 ], [ 129.073735213847414, 35.246636240603053 ], [ 129.073828560324614, 35.246621959747529 ], [ 129.073735213847499, 35.246636240603053 ] ], [ [ 129.076260698310847, 35.245848915981014 ], [ 129.078262251048386, 35.24539311544121 ], [ 129.07794926872964, 35.245554834162398 ], [ 129.076260698310875, 35.245848915981014 ], [ 129.075256074071319, 35.246386642454027 ], [ 129.075143583291236, 35.246410235042575 ], [ 129.076260698310847, 35.245848915981014 ] ], [ [ 129.079013842920574, 35.245004878754415 ], [ 129.079814198599678, 35.244979316052266 ], [ 129.078262251048386, 35.24539311544121 ], [ 129.079013842920574, 35.245004878754415 ] ], [ [ 129.081450842177389, 35.245175448727629 ], [ 129.082073492202454, 35.245406590303027 ], [ 129.081450842177361, 35.245175448727622 ], [ 129.081450842177389, 35.245175448727629 ] ], [ [ 129.082990493150845, 35.245418594747569 ], [ 129.082990493150788, 35.245418594747541 ], [ 129.083037407785838, 35.245418022325147 ], [ 129.082990493150845, 35.245418594747569 ] ], [ [ 129.083241656388083, 35.245415180438059 ], [ 129.083534490222462, 35.245248781992402 ], [ 129.083037407785838, 35.245418022325147 ], [ 129.083241656388083, 35.245415180438059 ] ], [ [ 129.084121547865465, 35.244912444974254 ], [ 129.084121547865465, 35.24491244497424 ], [ 129.084233221368862, 35.244848193088131 ], [ 129.084121547865465, 35.244912444974254 ] ], [ [ 129.084626678169627, 35.244319105927715 ], [ 129.084763244378991, 35.244101878676481 ], [ 129.084716736048478, 35.244176722080489 ], [ 129.084626678169627, 35.244319105927765 ], [ 129.08460704564925, 35.244352649345124 ], [ 129.084626678169627, 35.244319105927715 ] ], [ [ 129.084945939543189, 35.243869476900493 ], [ 129.085233219409048, 35.24362753839354 ], [ 129.085165618174273, 35.243703658454287 ], [ 129.085085286586235, 35.243794028480742 ], [ 129.084945939543189, 35.243869476900493 ] ], [ [ 129.085633793931777, 35.243512699836145 ], [ 129.085633793931834, 35.243512699836103 ], [ 129.085716007877238, 35.243504496857533 ], [ 129.085633793931777, 35.243512699836145 ] ], [ [ 129.085908723591274, 35.2434425641366 ], [ 129.085908723591274, 35.243442564136636 ], [ 129.085863146851239, 35.243460803046084 ], [ 129.085908723591274, 35.2434425641366 ] ], [ [ 129.08646541279046, 35.243103512822017 ], [ 129.086348029906191, 35.243174287725431 ], [ 129.086276510368378, 35.243217937274302 ], [ 129.08646541279046, 35.243103512822017 ] ], [ [ 129.086982667252869, 35.242790049339142 ], [ 129.086982667252812, 35.242790049339156 ], [ 129.087036852216357, 35.242756796557536 ], [ 129.086982667252869, 35.242790049339142 ] ], [ [ 129.087515953254012, 35.242464917644135 ], [ 129.087515953254012, 35.242464917644071 ], [ 129.087620547729188, 35.242401444165289 ], [ 129.087515953254012, 35.242464917644135 ] ], [ [ 129.088767957877252, 35.241703017461532 ], [ 129.088767957877252, 35.241703017461511 ], [ 129.088845363436093, 35.241656001650178 ], [ 129.088767957877252, 35.241703017461532 ] ], [ [ 129.060769084881713, 35.271702706749437 ], [ 129.060945582361796, 35.272135262384445 ], [ 129.060515233793808, 35.270387508026353 ], [ 129.060769084881713, 35.271702706749437 ] ], [ [ 129.063673479492735, 35.273123739571787 ], [ 129.063673479492678, 35.273123739571808 ], [ 129.060945582361796, 35.272135262384445 ], [ 129.063673479492735, 35.273123739571787 ] ], [ [ 129.060823587243561, 35.269728658993564 ], [ 129.060811128489263, 35.269150009830064 ], [ 129.060515233793808, 35.270387508026353 ], [ 129.060823587243561, 35.269728658993564 ] ], [ [ 129.060810732513886, 35.269131618680142 ], [ 129.060810732513886, 35.269131618680099 ], [ 129.060992820655741, 35.268800737952468 ], [ 129.060810732513886, 35.269131618680142 ] ], [ [ 129.061770335683008, 35.267398140214752 ], [ 129.061770335683065, 35.267398140214752 ], [ 129.061166702779502, 35.268153554087604 ], [ 129.061770335683008, 35.267398140214752 ] ], [ [ 129.061984953784361, 35.266781246857505 ], [ 129.061983599556385, 35.266770294009952 ], [ 129.061984953784361, 35.266781246857491 ], [ 129.061984953784361, 35.266781246857505 ] ], [ [ 129.06231001883728, 35.266018731306723 ], [ 129.062262244807243, 35.266058416812164 ], [ 129.06228915303646, 35.26591843837479 ], [ 129.06231001883728, 35.266018731306723 ] ], [ [ 129.062337814928043, 35.26556669579567 ], [ 129.062337814928043, 35.265566695795712 ], [ 129.062331792609797, 35.265743181013399 ], [ 129.062337814928043, 35.26556669579567 ] ], [ [ 129.062604574158797, 35.265027740743065 ], [ 129.06252141294317, 35.265140728390115 ], [ 129.062660300349307, 35.26459975672158 ], [ 129.062604574158797, 35.265027740743065 ] ], [ [ 129.062573987548717, 35.263664210178035 ], [ 129.062575680767765, 35.263826809352715 ], [ 129.062246664185039, 35.263153045248622 ], [ 129.062573987548717, 35.263664210178035 ] ], [ [ 129.068953981363791, 35.271437028855104 ], [ 129.065608604890826, 35.272371012980798 ], [ 129.063795099312358, 35.273076431799218 ], [ 129.068953981363791, 35.271437028855104 ] ], [ [ 129.069723717582548, 35.271245152717093 ], [ 129.070923381618144, 35.271413741108404 ], [ 129.07110084137463, 35.27138254531269 ], [ 129.070923381618172, 35.271413741108447 ], [ 129.069723717582548, 35.271245152717093 ] ], [ [ 129.071183162106394, 35.271368074083938 ], [ 129.071396592455557, 35.271453276043133 ], [ 129.071183162106337, 35.271368074083945 ], [ 129.071183162106394, 35.271368074083938 ] ], [ [ 129.072757777159893, 35.272350335854398 ], [ 129.072785142322942, 35.272409414216916 ], [ 129.072757777159865, 35.272350335854384 ], [ 129.072757777159893, 35.272350335854398 ] ], [ [ 129.075330763445834, 35.273240665889865 ], [ 129.073340705779003, 35.273194364250564 ], [ 129.073244123652074, 35.273101583801079 ], [ 129.073040977794307, 35.272812374535157 ], [ 129.075330763445834, 35.273240665889865 ] ], [ [ 129.077304022311239, 35.273794352973887 ], [ 129.079088212480485, 35.274488648743386 ], [ 129.079172343707654, 35.274521401152569 ], [ 129.079088212480485, 35.274488648743414 ], [ 129.077304022311239, 35.273794352973887 ] ], [ [ 129.080396537896064, 35.274999130906906 ], [ 129.080396537896064, 35.27499913090687 ], [ 129.081142470500851, 35.275096334974407 ], [ 129.080396537896064, 35.274999130906906 ] ], [ [ 129.083425282733174, 35.275564869122078 ], [ 129.083425282733117, 35.275564869122107 ], [ 129.083299416821376, 35.275548774085074 ], [ 129.083425282733174, 35.275564869122078 ] ], [ [ 129.083713688050238, 35.27556016667662 ], [ 129.083713688050238, 35.275560166676563 ], [ 129.083762585111373, 35.275545688820145 ], [ 129.083713688050238, 35.27556016667662 ] ], [ [ 129.084085204837095, 35.275464732258776 ], [ 129.084085204837095, 35.275464732258747 ], [ 129.084158408135949, 35.275442449219042 ], [ 129.084085204837095, 35.275464732258776 ] ], [ [ 129.08455667801951, 35.275312282340941 ], [ 129.084331604955423, 35.275334140181428 ], [ 129.084274112027117, 35.275390762223026 ], [ 129.08455667801951, 35.275312282340941 ] ], [ [ 129.084629569344258, 35.275327085526818 ], [ 129.084629569344258, 35.275327085526861 ], [ 129.084623587159484, 35.275327552479276 ], [ 129.084629569344258, 35.275327085526818 ] ], [ [ 129.084621990140846, 35.275546746673101 ], [ 129.084628180941309, 35.275366655195903 ], [ 129.084629143150039, 35.275340245346868 ], [ 129.084621990140846, 35.275546746673101 ] ], [ [ 129.084617933712963, 35.275664373995916 ], [ 129.084607899143805, 35.27595515233471 ], [ 129.084607044070395, 35.275978858094625 ], [ 129.084617933712963, 35.275664373995916 ] ], [ [ 129.084607044070367, 35.275978858095137 ], [ 129.084705162984932, 35.276053691748857 ], [ 129.084705162984903, 35.276053691748885 ], [ 129.084607044070367, 35.275978858095137 ] ], [ [ 129.085180437840279, 35.275423509223366 ], [ 129.084831940262291, 35.275885595155749 ], [ 129.085061674610671, 35.275580874698328 ], [ 129.085180437840279, 35.275423509223366 ] ], [ [ 129.085400369666502, 35.27542110342884 ], [ 129.085300691406445, 35.275411501202967 ], [ 129.08526934134963, 35.275408485419462 ], [ 129.085264768126308, 35.275408044068882 ], [ 129.085300691406474, 35.275411501202925 ], [ 129.085400369666502, 35.27542110342884 ] ], [ [ 129.085757619949163, 35.275455556499573 ], [ 129.085433236733991, 35.275424325432986 ], [ 129.085407184914374, 35.275421774702721 ], [ 129.085757619949163, 35.275455556499573 ] ], [ [ 129.086370430059276, 35.275513633709608 ], [ 129.086230728689003, 35.275500202628699 ], [ 129.085920085789951, 35.275470225144154 ], [ 129.086370430059276, 35.275513633709608 ] ], [ [ 129.086411332700976, 35.275517561880562 ], [ 129.086540272554117, 35.275529999825714 ], [ 129.086370430362706, 35.275513633738811 ], [ 129.086411332700976, 35.275517561880562 ] ], [ [ 129.087435902479967, 35.275590567439693 ], [ 129.087435902479967, 35.275590567439643 ], [ 129.087469704261821, 35.275591530408946 ], [ 129.087435902479967, 35.275590567439693 ] ], [ [ 129.087875060610827, 35.275541762573148 ], [ 129.087875060610827, 35.27554176257312 ], [ 129.087891581799738, 35.275534699964624 ], [ 129.087875060610827, 35.275541762573148 ] ], [ [ 129.088273988907929, 35.275270269295049 ], [ 129.08817252314887, 35.275372819351851 ], [ 129.088135496996131, 35.275400916107138 ], [ 129.088273988907929, 35.275270269295049 ] ], [ [ 129.088425796838919, 35.274892585206523 ], [ 129.088319404324437, 35.275203082271446 ], [ 129.088298558164951, 35.27523550721218 ], [ 129.088425796838919, 35.274892585206523 ] ], [ [ 129.088438363502803, 35.274104536744851 ], [ 129.088447127054337, 35.27360994187368 ], [ 129.088425796838919, 35.274892585206523 ], [ 129.088438363502803, 35.274104536744851 ] ], [ [ 129.088686121753852, 35.273200767328227 ], [ 129.088686121753881, 35.273200767328191 ], [ 129.08879316993594, 35.273202588560416 ], [ 129.088686121753852, 35.273200767328227 ] ], [ [ 129.08907875432277, 35.273541279384077 ], [ 129.088914708523163, 35.273484884213701 ], [ 129.088915261381487, 35.273455592346387 ], [ 129.08907875432277, 35.273541279384077 ] ], [ [ 129.0892938504266, 35.273544007684109 ], [ 129.089477511630605, 35.27354603740698 ], [ 129.08907875432277, 35.273541279384077 ], [ 129.0892938504266, 35.273544007684109 ] ], [ [ 129.091067526312202, 35.273555947476112 ], [ 129.090835129087196, 35.27355838182131 ], [ 129.090642019654069, 35.273560056609391 ], [ 129.091067526312202, 35.273555947476112 ] ], [ [ 129.091148737054482, 35.273590778146982 ], [ 129.091148737054482, 35.273590778146939 ], [ 129.091166563035415, 35.273612904071207 ], [ 129.091148737054482, 35.273590778146982 ] ], [ [ 129.091196590484799, 35.273629500179375 ], [ 129.091175371657954, 35.273623837489978 ], [ 129.091175371657954, 35.273623837489971 ], [ 129.091196590484799, 35.273629500179375 ] ], [ [ 129.091389445648019, 35.273198787951102 ], [ 129.091389445647962, 35.273198787951102 ], [ 129.091406876669453, 35.273177265733217 ], [ 129.091389445648019, 35.273198787951102 ] ], [ [ 129.091295662647184, 35.273171186561974 ], [ 129.091299971531868, 35.272847158596093 ], [ 129.091295662647212, 35.273171186561974 ], [ 129.091295662647184, 35.273171186561974 ] ], [ [ 129.092867375767185, 35.272204045489708 ], [ 129.092867479599221, 35.272198637384108 ], [ 129.092867165976685, 35.272212968893108 ], [ 129.092867375767185, 35.272204045489708 ] ], [ [ 129.092866749332245, 35.272233429577497 ], [ 129.092866746030467, 35.272233622933548 ], [ 129.092867165976685, 35.272212968893108 ], [ 129.092866749332245, 35.272233429577497 ] ], [ [ 129.093048345280778, 35.272258439558343 ], [ 129.093048345280806, 35.27225843955835 ], [ 129.092945942946898, 35.272268061062569 ], [ 129.093048345280778, 35.272258439558343 ] ], [ [ 129.093771234368177, 35.272043964501535 ], [ 129.094041048654901, 35.271982054815027 ], [ 129.093998427432837, 35.272002187259474 ], [ 129.09379701227607, 35.272042180293774 ], [ 129.093771234368177, 35.272043964501535 ] ], [ [ 129.094289344321112, 35.271898490790178 ], [ 129.094289344321197, 35.271898490790136 ], [ 129.094359935807233, 35.271912515063271 ], [ 129.094289344321112, 35.271898490790178 ] ], [ [ 129.094570431322239, 35.272041497368321 ], [ 129.094570431322325, 35.272041497368306 ], [ 129.094621551936768, 35.272053355672362 ], [ 129.094570431322239, 35.272041497368321 ] ], [ [ 129.094674961004131, 35.27204808677196 ], [ 129.094660016782541, 35.272050892433214 ], [ 129.094653244256108, 35.272052446312372 ], [ 129.094660016782541, 35.272050892433192 ], [ 129.094674961004074, 35.272048086771953 ], [ 129.094688856067535, 35.272044618722667 ], [ 129.094674961004131, 35.27204808677196 ] ], [ [ 129.095235934877564, 35.271766706211224 ], [ 129.095258948071915, 35.271803643224679 ], [ 129.095235934877536, 35.271766706211245 ], [ 129.095235934877564, 35.271766706211224 ] ], [ [ 129.09647825184723, 35.301713965981747 ], [ 129.096559026265595, 35.301920286132912 ], [ 129.09647825184723, 35.301713965981754 ], [ 129.09647825184723, 35.301713965981747 ] ], [ [ 129.097344166595036, 35.297957695489231 ], [ 129.097217014742455, 35.299494840842669 ], [ 129.09715373046302, 35.298598244068259 ], [ 129.097344166595036, 35.297957695489231 ] ], [ [ 129.097897727411009, 35.296660055376258 ], [ 129.097897727411066, 35.296660055376258 ], [ 129.097900032558783, 35.297213022015534 ], [ 129.097897727411009, 35.296660055376258 ] ], [ [ 129.101031406765685, 35.295521564535385 ], [ 129.099806882987309, 35.295959803718119 ], [ 129.098963904709166, 35.296269012962171 ], [ 129.099806882987252, 35.295959803718119 ], [ 129.101031406765685, 35.295521564535385 ] ], [ [ 129.102154409725955, 35.295144507968573 ], [ 129.102111102501738, 35.29514976272015 ], [ 129.102154409725955, 35.295144507968537 ], [ 129.102154409725955, 35.295144507968573 ] ], [ [ 129.102142241995494, 35.294995617662963 ], [ 129.102141512612064, 35.295028066307168 ], [ 129.102141512612064, 35.295028066307161 ], [ 129.102142241995494, 35.294995617662963 ] ], [ [ 129.102135455937514, 35.294931177904331 ], [ 129.102135455937514, 35.294931177904388 ], [ 129.102086217361006, 35.29494239542678 ], [ 129.102135455937514, 35.294931177904331 ] ], [ [ 129.102261222949437, 35.295017691383137 ], [ 129.102254845381083, 35.295012079826165 ], [ 129.102261222949465, 35.295017691383137 ], [ 129.102261222949437, 35.295017691383137 ] ], [ [ 129.102462221607169, 35.295042490657437 ], [ 129.102462221607198, 35.295042490657487 ], [ 129.102456802849275, 35.295037027346275 ], [ 129.102462221607169, 35.295042490657437 ] ], [ [ 129.103018608912095, 35.294680589651882 ], [ 129.103018608912066, 35.29468058965189 ], [ 129.102889892592032, 35.294521431874706 ], [ 129.103018608912095, 35.294680589651882 ] ], [ [ 129.102405410444732, 35.293913346299668 ], [ 129.102209559484407, 35.293604532118628 ], [ 129.102486379825848, 35.294046586068539 ], [ 129.102405410444732, 35.293913346299668 ] ], [ [ 129.102209559484407, 35.293604532118628 ], [ 129.102052139867482, 35.293345889984543 ], [ 129.101655253827147, 35.292870562783236 ], [ 129.102209559484407, 35.293604532118628 ] ], [ [ 129.101544260632181, 35.292742597361382 ], [ 129.101544260632238, 35.292742597361347 ], [ 129.101582222092588, 35.292786155059069 ], [ 129.101544260632181, 35.292742597361382 ] ], [ [ 129.10147886538283, 35.292666578807761 ], [ 129.101420806561094, 35.292462177790334 ], [ 129.101442533599368, 35.292534022507837 ], [ 129.10147886538283, 35.292666578807761 ] ], [ [ 129.101448045801902, 35.291920839895148 ], [ 129.101697517670885, 35.291232283952425 ], [ 129.101791124595564, 35.291097456765961 ], [ 129.10183940722942, 35.291030999950337 ], [ 129.101448045801902, 35.291920839895148 ] ], [ [ 129.102235622013268, 35.290417660907842 ], [ 129.102463531929885, 35.290048084823106 ], [ 129.102391528479984, 35.290169934165142 ], [ 129.102235622013268, 35.290417660907877 ], [ 129.102134918313482, 35.290590710964779 ], [ 129.102235622013268, 35.290417660907842 ] ], [ [ 129.102464479964055, 35.290046480492478 ], [ 129.102464479964027, 35.290046480492521 ], [ 129.102598192716414, 35.289721527578386 ], [ 129.102464479964055, 35.290046480492478 ] ], [ [ 129.102771875786402, 35.289273418637286 ], [ 129.102771875786459, 35.289273418637322 ], [ 129.102698962912257, 35.289464343801079 ], [ 129.102771875786402, 35.289273418637286 ] ], [ [ 129.102879466803984, 35.288366945706827 ], [ 129.102896520802318, 35.288290768568245 ], [ 129.102937597585026, 35.288085049379326 ], [ 129.102896520802318, 35.288290768568281 ], [ 129.102879466803984, 35.288366945706883 ], [ 129.102863467814274, 35.288455867334967 ], [ 129.102879466803984, 35.288366945706827 ] ], [ [ 129.102951151402721, 35.288023026131867 ], [ 129.10303599620741, 35.287654579119867 ], [ 129.102937597585026, 35.288085049379326 ], [ 129.102951151402721, 35.288023026131867 ] ], [ [ 129.103191125208383, 35.287230911200481 ], [ 129.103325687582128, 35.286957594892101 ], [ 129.103140746071034, 35.287365170603209 ], [ 129.103191125208383, 35.287230911200481 ] ], [ [ 129.103581521785884, 35.286651474128732 ], [ 129.103581521785856, 35.286651474128796 ], [ 129.103527006429829, 35.286715799956482 ], [ 129.103581521785884, 35.286651474128732 ] ], [ [ 129.103707743953748, 35.286496968706096 ], [ 129.103707743953805, 35.286496968706082 ], [ 129.103670266564819, 35.286542868217246 ], [ 129.103707743953748, 35.286496968706096 ] ], [ [ 129.104068771188764, 35.28608240911894 ], [ 129.104185761357598, 35.285902286816487 ], [ 129.103785229367304, 35.286399108265471 ], [ 129.104068771188764, 35.28608240911894 ] ], [ [ 129.104387596278457, 35.285591360941737 ], [ 129.104733843747908, 35.285056934224237 ], [ 129.104309152434439, 35.28571247705716 ], [ 129.104387596278457, 35.285591360941737 ] ], [ [ 129.104852719911889, 35.284575158783021 ], [ 129.104856381688961, 35.284551527127178 ], [ 129.104733843747908, 35.285056934224237 ], [ 129.104852719911889, 35.284575158783021 ] ], [ [ 129.104951314522339, 35.284137205469882 ], [ 129.105379534787119, 35.283070918331383 ], [ 129.105411288145319, 35.28323177954438 ], [ 129.104951314522339, 35.284137205469882 ] ], [ [ 129.10436800791291, 35.282707553159995 ], [ 129.10472936080825, 35.282825049843851 ], [ 129.104483254001849, 35.282745311181245 ], [ 129.10436800791291, 35.282707553159995 ] ], [ [ 129.104165116211874, 35.282639764847367 ], [ 129.104165116211931, 35.28263976484736 ], [ 129.104194744532236, 35.282649442286598 ], [ 129.104165116211874, 35.282639764847367 ] ], [ [ 129.103931000951974, 35.282567135431883 ], [ 129.103830686062025, 35.282561899195464 ], [ 129.103971985523572, 35.282580260382566 ], [ 129.103931000951974, 35.282567135431883 ] ], [ [ 129.103668722695659, 35.282738250673155 ], [ 129.103656465729046, 35.282882909812862 ], [ 129.103762651643052, 35.282620712352454 ], [ 129.103668722695659, 35.282738250673155 ] ], [ [ 129.103579145862426, 35.283271196261914 ], [ 129.103579145862426, 35.283271196261857 ], [ 129.103614009820859, 35.283182075660655 ], [ 129.103579145862426, 35.283271196261914 ] ], [ [ 129.103008015928367, 35.28338227101289 ], [ 129.10300801592831, 35.28338227101289 ], [ 129.103055995147599, 35.283380563243576 ], [ 129.103008015928367, 35.28338227101289 ] ], [ [ 129.102750035753189, 35.283389427599815 ], [ 129.102763523006786, 35.283389416303805 ], [ 129.102750035753189, 35.283389427599836 ], [ 129.102750035753189, 35.283389427599815 ] ], [ [ 129.102457207548241, 35.283217607384941 ], [ 129.102457207548298, 35.283217607384941 ], [ 129.102480170187675, 35.283228184109767 ], [ 129.102457207548241, 35.283217607384941 ] ], [ [ 129.102366003554692, 35.283066078761493 ], [ 129.102366003554749, 35.283066078761493 ], [ 129.10238497027791, 35.283114464687777 ], [ 129.102366003554692, 35.283066078761493 ] ], [ [ 129.101434728854969, 35.282341456648304 ], [ 129.102078055491404, 35.282927873386534 ], [ 129.102078055491376, 35.282927873386527 ], [ 129.101434728854969, 35.282341456648304 ] ], [ [ 129.099855966899497, 35.281829980933828 ], [ 129.099675470811434, 35.281096710175682 ], [ 129.100652541279032, 35.28203648418252 ], [ 129.099855966899497, 35.281829980933828 ] ], [ [ 129.099441439098257, 35.280082707064466 ], [ 129.099436078889482, 35.280130647391715 ], [ 129.099441439098257, 35.280082707064459 ], [ 129.099441439098257, 35.280082707064466 ] ], [ [ 129.09896128920073, 35.278226981224947 ], [ 129.098961289200787, 35.278226981224933 ], [ 129.09945694636184, 35.278525029258155 ], [ 129.09896128920073, 35.278226981224947 ] ], [ [ 129.108201355990218, 35.229265575543799 ], [ 129.108201355990275, 35.229265575543828 ], [ 129.108194164354529, 35.229277838611793 ], [ 129.108201355990218, 35.229265575543799 ] ], [ [ 129.108671309151617, 35.229193773741052 ], [ 129.108259226602769, 35.229166286501922 ], [ 129.108259226602797, 35.229166286501872 ], [ 129.108671309151617, 35.229193773741052 ] ], [ [ 129.108671309151617, 35.229193773741052 ], [ 129.109283456722068, 35.228744450708604 ], [ 129.110307955799442, 35.228120704861972 ], [ 129.109809677295033, 35.228611573342484 ], [ 129.109283456722125, 35.228744450708611 ], [ 129.109060659283045, 35.229059578640467 ], [ 129.108671309151617, 35.229193773741052 ] ], [ [ 129.110309356488131, 35.2279357477437 ], [ 129.110498547589259, 35.227655085957217 ], [ 129.110307955799442, 35.228120704861972 ], [ 129.110309356488131, 35.2279357477437 ] ], [ [ 129.111783461624356, 35.22651479566774 ], [ 129.111783461624412, 35.226514795667732 ], [ 129.111278047203513, 35.226994860676221 ], [ 129.111783461624356, 35.22651479566774 ] ], [ [ 129.111773566053529, 35.225939746834037 ], [ 129.112446239587229, 35.225683330325985 ], [ 129.111729424114031, 35.225951504534144 ], [ 129.111773566053529, 35.225939746834037 ] ], [ [ 129.112827324792789, 35.225546516731548 ], [ 129.113324549514772, 35.225355153442564 ], [ 129.112446239587229, 35.225683330325985 ], [ 129.112827324792789, 35.225546516731548 ] ], [ [ 129.117165649954984, 35.224387644747459 ], [ 129.117165649954984, 35.224387644747502 ], [ 129.11687402540349, 35.224514321988195 ], [ 129.117165649954984, 35.224387644747459 ] ], [ [ 129.11758795519367, 35.224203816678255 ], [ 129.117416517810852, 35.224278457767902 ], [ 129.117587955193642, 35.224203816678205 ], [ 129.11758795519367, 35.224203816678255 ] ], [ [ 129.103653339673428, 35.229781914983171 ], [ 129.103653339673428, 35.22978191498315 ], [ 129.103812542383054, 35.229690756953715 ], [ 129.103653339673428, 35.229781914983171 ] ], [ [ 129.104505370516222, 35.228936723242192 ], [ 129.103834792153947, 35.229678016936447 ], [ 129.10383479215389, 35.229678016936475 ], [ 129.104505370516222, 35.228936723242192 ] ], [ [ 129.105877551478443, 35.227433817457161 ], [ 129.105877551478414, 35.227433817457239 ], [ 129.105857814349207, 35.227411752289299 ], [ 129.105877551478443, 35.227433817457161 ] ], [ [ 129.105750082359691, 35.226711049039402 ], [ 129.105750082359691, 35.226711049039388 ], [ 129.105752353060353, 35.22672291074506 ], [ 129.105750082359691, 35.226711049039402 ] ], [ [ 129.105665744854207, 35.226558433899598 ], [ 129.105756648915929, 35.226692115145362 ], [ 129.105751252157319, 35.226707676065267 ], [ 129.105756648915872, 35.226692115145362 ], [ 129.105735328125661, 35.226683841144066 ], [ 129.105665744854207, 35.226558433899598 ] ], [ [ 129.105665744854207, 35.226558433899598 ], [ 129.10540363768726, 35.22620289853274 ], [ 129.1053142837672, 35.225560767123405 ], [ 129.105665744854207, 35.226558433899598 ] ], [ [ 129.105288707462194, 35.225488320945416 ], [ 129.105265335900384, 35.225422002014916 ], [ 129.1053142837672, 35.225560767123405 ], [ 129.105288707462194, 35.225488320945416 ] ], [ [ 129.105255040077708, 35.224798325290536 ], [ 129.10521828965318, 35.224964880261119 ], [ 129.105245594207076, 35.224842003549234 ], [ 129.105255040077708, 35.224798325290536 ] ], [ [ 129.105410225141213, 35.224305562064409 ], [ 129.105410225141213, 35.224305562064373 ], [ 129.105529654411413, 35.224070749217262 ], [ 129.105410225141213, 35.224305562064409 ] ], [ [ 129.106482479709712, 35.223170383941714 ], [ 129.106482479709683, 35.223170383941664 ], [ 129.106661779878834, 35.223085473709865 ], [ 129.106482479709712, 35.223170383941714 ] ], [ [ 129.108973723469319, 35.221114842333591 ], [ 129.108973723469319, 35.221114842333556 ], [ 129.108975184815961, 35.221112437447935 ], [ 129.108973723469319, 35.221114842333591 ] ], [ [ 129.10904978978121, 35.220992191776958 ], [ 129.109049789781153, 35.220992191777 ], [ 129.109094777062467, 35.220919785741607 ], [ 129.10904978978121, 35.220992191776958 ] ], [ [ 129.109159001511955, 35.220767028710355 ], [ 129.109159001511955, 35.22076702871032 ], [ 129.109163717284076, 35.220754317164499 ], [ 129.109159001511955, 35.220767028710355 ] ], [ [ 129.10916701759939, 35.220682295106286 ], [ 129.109167017599418, 35.220682295106258 ], [ 129.109170859840333, 35.220707248695646 ], [ 129.10916701759939, 35.220682295106286 ] ], [ [ 129.109269103094988, 35.220633801982331 ], [ 129.109269103094931, 35.220633801982331 ], [ 129.109281178015323, 35.22062829302071 ], [ 129.109269103094988, 35.220633801982331 ] ], [ [ 129.109269078777231, 35.220615414556633 ], [ 129.109257315065946, 35.220602824052129 ], [ 129.109281178015323, 35.22062829302071 ], [ 129.109269078777231, 35.220615414556633 ] ], [ [ 129.109063610681488, 35.220395488802659 ], [ 129.109063610681517, 35.220395488802701 ], [ 129.109054308496042, 35.220385539536821 ], [ 129.109063610681488, 35.220395488802659 ] ], [ [ 129.108763443337409, 35.220076678929544 ], [ 129.108763443337438, 35.220076678929544 ], [ 129.108779168371598, 35.220093707551335 ], [ 129.108763443337409, 35.220076678929544 ] ], [ [ 129.109581560727094, 35.219864224912193 ], [ 129.109581560727094, 35.219864224912129 ], [ 129.109594013449794, 35.219849572197212 ], [ 129.109581560727094, 35.219864224912193 ] ], [ [ 129.109904125975618, 35.219679070401554 ], [ 129.109904125975618, 35.219679070401511 ], [ 129.109931336509845, 35.219650964361144 ], [ 129.109904125975618, 35.219679070401554 ] ], [ [ 129.110051903624822, 35.219466941441283 ], [ 129.110051903624765, 35.21946694144124 ], [ 129.110082421491256, 35.219418470055381 ], [ 129.110051903624822, 35.219466941441283 ] ], [ [ 129.110197315756039, 35.219211189288622 ], [ 129.110163325787283, 35.219255656155987 ], [ 129.110345039992154, 35.219166108723186 ], [ 129.110197315756039, 35.219211189288622 ] ], [ [ 129.110641266636804, 35.219048456600419 ], [ 129.110670589912928, 35.219024593639553 ], [ 129.110676400126579, 35.219031029682142 ], [ 129.110641266636804, 35.219048456600419 ] ], [ [ 129.109059887674221, 35.215743916601625 ], [ 129.109637857747686, 35.217343741465939 ], [ 129.109802804505762, 35.217801611145724 ], [ 129.109059887674221, 35.215743916601625 ] ], [ [ 129.109059887674221, 35.215743916601625 ], [ 129.10864607548902, 35.214599754180178 ], [ 129.108578893414688, 35.214412595766611 ], [ 129.109059887674221, 35.215743916601625 ] ], [ [ 129.108931144201051, 35.213395032178816 ], [ 129.108461324784628, 35.214085068542865 ], [ 129.108931144201023, 35.213395032178795 ], [ 129.108931144201051, 35.213395032178816 ] ], [ [ 129.108918495764811, 35.21338125280414 ], [ 129.108918495764755, 35.213381252804098 ], [ 129.108968925052693, 35.213316582616599 ], [ 129.108918495764811, 35.21338125280414 ] ], [ [ 129.10898833839218, 35.213291687077607 ], [ 129.109059251354751, 35.213316408508 ], [ 129.108988338392152, 35.213291687077643 ], [ 129.10898833839218, 35.213291687077607 ] ], [ [ 129.10914318706574, 35.213367803362388 ], [ 129.109143187065769, 35.213367803362388 ], [ 129.109201302687296, 35.213380190238823 ], [ 129.10914318706574, 35.213367803362388 ] ], [ [ 129.109261434281763, 35.213339035307136 ], [ 129.10929415193894, 35.213329784314382 ], [ 129.109201302687296, 35.213380190238823 ], [ 129.109261434281763, 35.213339035307136 ] ], [ [ 129.109347596776587, 35.213299119035739 ], [ 129.109347596776615, 35.213299119035767 ], [ 129.109309081996258, 35.213325562806347 ], [ 129.109347596776587, 35.213299119035739 ] ], [ [ 129.109309216442853, 35.213178102388376 ], [ 129.109309216442767, 35.213178102388333 ], [ 129.109302326896255, 35.213138974323009 ], [ 129.109309216442853, 35.213178102388376 ] ], [ [ 129.109342210173992, 35.213046296120709 ], [ 129.109342210173992, 35.213046296120659 ], [ 129.109347187485895, 35.213031284264233 ], [ 129.109342210173992, 35.213046296120709 ] ], [ [ 129.109266210963739, 35.212976619675779 ], [ 129.109352164797826, 35.213016272407756 ], [ 129.109352164797798, 35.213016272407799 ], [ 129.109266210963739, 35.212976619675779 ] ], [ [ 129.109303659618945, 35.212796477185165 ], [ 129.109198661922619, 35.212960886159884 ], [ 129.109455566060149, 35.212558836930782 ], [ 129.109303659618945, 35.212796477185165 ] ], [ [ 129.109455566060149, 35.212558836930782 ], [ 129.109598505853342, 35.212351399601161 ], [ 129.109726732069646, 35.212162211697041 ], [ 129.109455566060149, 35.212558836930782 ] ], [ [ 129.109800310355752, 35.212059994052638 ], [ 129.109800310355695, 35.212059994052638 ], [ 129.110434241514611, 35.211510273223524 ], [ 129.109800310355752, 35.212059994052638 ] ], [ [ 129.108676347969975, 35.230602299665009 ], [ 129.110331589404495, 35.23092846066185 ], [ 129.109444910085443, 35.23079810941713 ], [ 129.108676347969975, 35.230602299665009 ] ], [ [ 129.111368675854095, 35.231559725963791 ], [ 129.111178659191978, 35.231173311989387 ], [ 129.110919474191718, 35.231037012960741 ], [ 129.111178659192035, 35.231173311989394 ], [ 129.11136867585418, 35.231559725963756 ], [ 129.111735149531228, 35.231562817740574 ], [ 129.111368675854095, 35.231559725963791 ] ], [ [ 129.113180694928303, 35.232970283933739 ], [ 129.11313123110574, 35.232816298306204 ], [ 129.113071255642808, 35.232579480524592 ], [ 129.113025196782189, 35.232397181168459 ], [ 129.113021773168953, 35.23238393457224 ], [ 129.113180694928303, 35.232970283933739 ] ], [ [ 129.114731378083206, 35.234636732955401 ], [ 129.114731378083206, 35.234636732955352 ], [ 129.115181306986585, 35.234470103342758 ], [ 129.114731378083206, 35.234636732955401 ] ], [ [ 129.115473085717326, 35.234445726923227 ], [ 129.115485098201447, 35.234444207967798 ], [ 129.115181306986585, 35.234470103342758 ], [ 129.115473085717326, 35.234445726923227 ] ], [ [ 129.115578760420135, 35.234440309407695 ], [ 129.115854377186594, 35.234563316938548 ], [ 129.115578760420163, 35.234440309407738 ], [ 129.115539617187466, 35.234441254843716 ], [ 129.115578760420135, 35.234440309407695 ] ], [ [ 129.115866566339889, 35.234556036577253 ], [ 129.115883886208394, 35.234564334603121 ], [ 129.115880431929526, 35.23456732987637 ], [ 129.115866566339889, 35.234556036577253 ] ], [ [ 129.116239130596682, 35.23492289510606 ], [ 129.116239130596739, 35.234922895106095 ], [ 129.116327082681465, 35.235121128035964 ], [ 129.116239130596682, 35.23492289510606 ] ], [ [ 129.116336154644245, 35.235560323101126 ], [ 129.116381078310894, 35.235242827389129 ], [ 129.116335548212618, 35.235564256818058 ], [ 129.116336154644245, 35.235560323101126 ] ], [ [ 129.116413353588257, 35.235693738723917 ], [ 129.116335501468114, 35.235564560033879 ], [ 129.11657170294842, 35.235957591621755 ], [ 129.116413353588257, 35.235693738723917 ] ], [ [ 129.116457833689367, 35.236540958950741 ], [ 129.116457833689395, 35.236540958950783 ], [ 129.116452961387608, 35.236575725234843 ], [ 129.116457833689367, 35.236540958950741 ] ], [ [ 129.117006214383196, 35.237443131611279 ], [ 129.117006214383252, 35.237443131611322 ], [ 129.1171049600853, 35.237665925733388 ], [ 129.117006214383196, 35.237443131611279 ] ], [ [ 129.117334260521261, 35.238189216517647 ], [ 129.117391927659952, 35.238286509751397 ], [ 129.11738051305457, 35.238294272232181 ], [ 129.117334260521261, 35.238189216517647 ] ], [ [ 129.118256201787091, 35.239505285507661 ], [ 129.118917266758189, 35.23959207597818 ], [ 129.118256201787119, 35.239505285507725 ], [ 129.118116230244425, 35.239501634865192 ], [ 129.118039012741718, 35.239485933078008 ], [ 129.118116230244482, 35.239501634865135 ], [ 129.118256201787091, 35.239505285507661 ] ], [ [ 129.1189787743983, 35.239580929756819 ], [ 129.1189787743983, 35.239580929756755 ], [ 129.11905434187895, 35.239491803715516 ], [ 129.1189787743983, 35.239580929756819 ] ], [ [ 129.119340875223116, 35.239573907679713 ], [ 129.119340875223116, 35.239573907679649 ], [ 129.119380045142776, 35.239569053894435 ], [ 129.119340875223116, 35.239573907679713 ] ], [ [ 129.122155371952033, 35.240245968736737 ], [ 129.122155371952033, 35.240245968736687 ], [ 129.122187122113786, 35.240307243370502 ], [ 129.122155371952033, 35.240245968736737 ] ], [ [ 129.123455454181141, 35.241088772313553 ], [ 129.123455454181197, 35.241088772313518 ], [ 129.123820175002209, 35.241029790918162 ], [ 129.123455454181141, 35.241088772313553 ] ], [ [ 129.125819433467427, 35.240654983926291 ], [ 129.125210049252985, 35.240607747276812 ], [ 129.125002949403154, 35.240724892820211 ], [ 129.125819433467427, 35.240654983926291 ] ], [ [ 129.12615964629893, 35.240629035748725 ], [ 129.126689229191385, 35.24071368971272 ], [ 129.126159646298845, 35.240629035748732 ], [ 129.125819433467427, 35.240654983926291 ], [ 129.12615964629893, 35.240629035748725 ] ], [ [ 129.127554984996522, 35.240732956943589 ], [ 129.127554984996493, 35.240732956943532 ], [ 129.127729144813884, 35.240896927363437 ], [ 129.127554984996522, 35.240732956943589 ] ], [ [ 129.129207605317674, 35.24243106492451 ], [ 129.129207605317731, 35.242431064924446 ], [ 129.129617403780458, 35.242845158829702 ], [ 129.129207605317674, 35.24243106492451 ] ], [ [ 129.129801602004193, 35.243231368899515 ], [ 129.130223367994518, 35.243745066851915 ], [ 129.129617403780458, 35.242845158829702 ], [ 129.129801602004193, 35.243231368899515 ] ], [ [ 129.131880522829562, 35.245245928242852 ], [ 129.13098376847509, 35.24425484493235 ], [ 129.130568753837025, 35.244018756818086 ], [ 129.131880522829562, 35.245245928242852 ] ], [ [ 129.132158262360718, 35.246298275472235 ], [ 129.132158262360747, 35.246298275472284 ], [ 129.132247791988448, 35.246629962495895 ], [ 129.132158262360718, 35.246298275472235 ] ], [ [ 129.132255971233178, 35.246660238724175 ], [ 129.132245343085884, 35.246963497790553 ], [ 129.132247791988448, 35.246629962495895 ], [ 129.132255971233178, 35.246660238724175 ] ], [ [ 129.132983188342621, 35.248612025914127 ], [ 129.132316752783112, 35.247494274204477 ], [ 129.132292010645756, 35.247429283893148 ], [ 129.132983188342621, 35.248612025914127 ] ], [ [ 129.133783297422411, 35.250906508240725 ], [ 129.133764229982944, 35.250600073259172 ], [ 129.133764229982944, 35.250600073259164 ], [ 129.133783297422411, 35.250906508240725 ] ], [ [ 129.134818755013697, 35.251484482915913 ], [ 129.134818755013697, 35.251484482915927 ], [ 129.133920899027515, 35.2510619290953 ], [ 129.134818755013697, 35.251484482915913 ] ], [ [ 129.136656029327156, 35.253199259859862 ], [ 129.135469493331101, 35.252504261718158 ], [ 129.135333491196604, 35.252362235697532 ], [ 129.136113627763507, 35.252710224029173 ], [ 129.136656029327156, 35.253199259859862 ] ], [ [ 129.137594860153825, 35.253648484372775 ], [ 129.136822436641296, 35.25334929471326 ], [ 129.136822436641268, 35.253349294713239 ], [ 129.137594860153825, 35.253648484372775 ] ] ] ] } },
{ "type": "Feature", "properties": { "sigungu_cd": "26200", "sigungu_nm": "영도구" }, "geometry": { "type": "MultiPolygon", "coordinates": [ [ [ [ 129.092309443025641, 35.036725540638777 ], [ 129.09319963162946, 35.037713713090845 ], [ 129.09342114992927, 35.037174091630334 ], [ 129.092309443025641, 35.036725540638777 ] ] ], [ [ [ 129.033768159829918, 35.085280514224756 ], [ 129.03401559587536, 35.088331923439284 ], [ 129.032171577471274, 35.08874695190331 ], [ 129.036420545289531, 35.089624722283432 ], [ 129.032311205145646, 35.090453480907357 ], [ 129.031629885330744, 35.094017443090891 ], [ 129.037109074342368, 35.091847676368637 ], [ 129.0360585485858, 35.09450046378111 ], [ 129.038365350100719, 35.093511580849032 ], [ 129.038143585707985, 35.094820754476466 ], [ 129.045487010597981, 35.097103701185418 ], [ 129.04854587252612, 35.094701649688517 ], [ 129.047801918954264, 35.097914742101914 ], [ 129.049674858776683, 35.098439723182793 ], [ 129.052079871301686, 35.096613533929705 ], [ 129.051202315230256, 35.099616792213951 ], [ 129.056399800623296, 35.100917676552392 ], [ 129.068378342264509, 35.095946121526957 ], [ 129.076396857492512, 35.087747165399172 ], [ 129.07932822192484, 35.088004523799064 ], [ 129.07760081328297, 35.089611493717541 ], [ 129.079548946928895, 35.088097583033552 ], [ 129.078111473298634, 35.087110603619436 ], [ 129.077776798605612, 35.086479885741738 ], [ 129.079257039742629, 35.084792786698998 ], [ 129.077504986299886, 35.083582903798238 ], [ 129.077488858293947, 35.083443418467368 ], [ 129.084405635642923, 35.073657772296421 ], [ 129.087380469834841, 35.077527380375237 ], [ 129.095992047841605, 35.080199988095927 ], [ 129.094745040687457, 35.076603237969991 ], [ 129.092053211236077, 35.076035227222157 ], [ 129.090904625250175, 35.074058317463439 ], [ 129.086929723758004, 35.072794906826807 ], [ 129.085900086448845, 35.07425404113512 ], [ 129.079855482709434, 35.071425560194555 ], [ 129.081131958131948, 35.069726559584524 ], [ 129.081253392219566, 35.071113378957357 ], [ 129.0845308840683, 35.069660777458324 ], [ 129.083946556166921, 35.071455520939324 ], [ 129.087551478658526, 35.062782398536619 ], [ 129.096210325040204, 35.059758221004053 ], [ 129.092110121240552, 35.053978939098442 ], [ 129.092968396362835, 35.052331274003976 ], [ 129.087757630047946, 35.049551686382088 ], [ 129.082605776387453, 35.050570285488611 ], [ 129.081887804586842, 35.055954389952191 ], [ 129.079569339671423, 35.056410754742686 ], [ 129.077442741387813, 35.060705655559829 ], [ 129.071639675698549, 35.060021109918168 ], [ 129.065149672394455, 35.061381226441142 ], [ 129.065175992999428, 35.068757557791827 ], [ 129.057022081606675, 35.069642926433531 ], [ 129.033768159829918, 35.085280514224756 ] ], [ [ 129.039962918436515, 35.086648474601034 ], [ 129.039969800184025, 35.086661587290017 ], [ 129.039962819659195, 35.086648294359186 ], [ 129.039962918436515, 35.086648474601034 ] ], [ [ 129.052055862992063, 35.090861312635226 ], [ 129.054700412908375, 35.081604844068465 ], [ 129.057142564907281, 35.081363453215246 ], [ 129.055259835014994, 35.08210581263166 ], [ 129.052055862992063, 35.090861312635226 ] ], [ [ 129.062349769419171, 35.083511114564509 ], [ 129.062954044756168, 35.083458061604134 ], [ 129.062924813010312, 35.083460780526863 ], [ 129.062918760504402, 35.083461315401408 ], [ 129.062349769419171, 35.083511114564509 ] ], [ [ 129.063254460644259, 35.083395308958728 ], [ 129.063079411453003, 35.083456934337434 ], [ 129.063079411449138, 35.083456934337249 ], [ 129.063254460644259, 35.083395308958728 ] ], [ [ 129.066415233017523, 35.085850654733591 ], [ 129.066456787322181, 35.085843331397953 ], [ 129.066456787323631, 35.085843331398401 ], [ 129.066415233017523, 35.085850654733591 ] ], [ [ 129.06658676149064, 35.085826225828292 ], [ 129.066530275727644, 35.085866006398696 ], [ 129.066676695832598, 35.085762901590812 ], [ 129.06658676149064, 35.085826225828292 ] ], [ [ 129.066711151799979, 35.085792537988695 ], [ 129.066870621311665, 35.085690147013011 ], [ 129.066825958930622, 35.085718825527564 ], [ 129.066711151799979, 35.085792537988695 ] ], [ [ 129.06936752197376, 35.088081449728136 ], [ 129.070211160785362, 35.087977227050843 ], [ 129.071154683473196, 35.086863889215103 ], [ 129.06936752197376, 35.088081449728136 ] ], [ [ 129.052130527485588, 35.073532967861496 ], [ 129.052008028924263, 35.073058279497076 ], [ 129.052166907437936, 35.073676522531926 ], [ 129.052130527485588, 35.073532967861496 ] ], [ [ 129.052918661178921, 35.076592085152868 ], [ 129.053231063720347, 35.077896987866879 ], [ 129.052586190877179, 35.07531901710302 ], [ 129.052918661178921, 35.076592085152868 ] ], [ [ 129.053456472057889, 35.079878565020941 ], [ 129.053880525482242, 35.080510523128922 ], [ 129.053231063720347, 35.077896987866879 ], [ 129.053456472057889, 35.079878565020941 ] ], [ [ 129.048497407827114, 35.094717451403383 ], [ 129.048123800541788, 35.094529832520159 ], [ 129.04849740783007, 35.094717451402424 ], [ 129.048497407827114, 35.094717451403383 ] ], [ [ 129.047919947103679, 35.094431770232603 ], [ 129.047995315498355, 35.094380904344042 ], [ 129.048001682766852, 35.094373005943538 ], [ 129.047983150849348, 35.094395997860715 ], [ 129.047959592636374, 35.094412907491133 ], [ 129.047919947108284, 35.094431770232397 ], [ 129.048094289433465, 35.094511987841727 ], [ 129.048079078294364, 35.09456967202631 ], [ 129.047919947103679, 35.094431770232603 ] ], [ [ 129.048117690991489, 35.094374142129823 ], [ 129.048336399920146, 35.094253238801102 ], [ 129.048354498530415, 35.094239846532361 ], [ 129.048400769721468, 35.094224253037503 ], [ 129.048257898315086, 35.094309316000803 ], [ 129.048117690991489, 35.094374142129823 ] ], [ [ 129.048439892514637, 35.094231277537752 ], [ 129.048500007283593, 35.094068954469009 ], [ 129.048474980325523, 35.094048728538219 ], [ 129.048440526785242, 35.094017888178215 ], [ 129.049320254693413, 35.093608693897529 ], [ 129.049568200554347, 35.093344225402838 ], [ 129.049628000224175, 35.093303649243708 ], [ 129.049724007837312, 35.093256082077779 ], [ 129.049908800556636, 35.09305800550792 ], [ 129.049985237223837, 35.0930004498166 ], [ 129.049988537047199, 35.092998501546958 ], [ 129.04972400784203, 35.093256082077602 ], [ 129.049568200558923, 35.093344225402717 ], [ 129.049320254698074, 35.093608693897345 ], [ 129.048440526789932, 35.094017888178094 ], [ 129.048568662300653, 35.094111670526019 ], [ 129.048537243285466, 35.094151514045976 ], [ 129.048493692515819, 35.094187197960281 ], [ 129.048444332003442, 35.094227634303657 ], [ 129.048439892514637, 35.094231277537752 ] ], [ [ 129.050388682967537, 35.092675435671694 ], [ 129.050964438218102, 35.091960374292285 ], [ 129.051006163806818, 35.091938724479967 ], [ 129.051099785303052, 35.091902685650872 ], [ 129.051139424141979, 35.091894097428472 ], [ 129.051217252177651, 35.091837477799736 ], [ 129.051222261669153, 35.091833834227941 ], [ 129.051368236744196, 35.091743141942615 ], [ 129.051391539054549, 35.091740599509578 ], [ 129.050388682967537, 35.092675435671694 ] ], [ [ 129.051852051346089, 35.091269472646374 ], [ 129.051661448957191, 35.091493279602211 ], [ 129.051700068945451, 35.09143316958118 ], [ 129.051740939117337, 35.091376501829181 ], [ 129.051780600214016, 35.091333273920775 ], [ 129.051797490263652, 35.091318187067237 ], [ 129.051852051346089, 35.091269472646374 ] ], [ [ 129.05188469089677, 35.091274957399435 ], [ 129.05197806975815, 35.090900797842153 ], [ 129.0519856463699, 35.090881117879384 ], [ 129.052016304854988, 35.090857543407139 ], [ 129.052078290051014, 35.090951250517286 ], [ 129.05188469089677, 35.091274957399435 ] ] ], [ [ [ 129.105223917824929, 35.079342504849734 ], [ 129.097593583243309, 35.078622644141369 ], [ 129.097576061162073, 35.078799920834747 ], [ 129.105223917824929, 35.079342504849734 ] ] ], [ [ [ 129.078180685782797, 35.086977256861026 ], [ 129.078360547453684, 35.086988184640745 ], [ 129.078316483191884, 35.086926180590716 ], [ 129.078180685782797, 35.086977256861026 ] ] ], [ [ [ 129.063380348346243, 35.10364837248386 ], [ 129.060556771510363, 35.1014753056591 ], [ 129.059350630280449, 35.100670582311274 ], [ 129.059999991638279, 35.101155555673174 ], [ 129.063380348346243, 35.10364837248386 ] ] ] ] } },
{ "type": "Feature", "properties": { "sigungu_cd": "26530", "sigungu_nm": "사상구" }, "geometry": { "type": "MultiPolygon", "coordinates": [ [ [ [ 128.959781177125166, 35.137808420688145 ], [ 128.960080706202206, 35.15070152957842 ], [ 128.962885350401109, 35.164384388683906 ], [ 128.96329105053033, 35.183641542936819 ], [ 128.966320336744701, 35.187899531537546 ], [ 128.977069602832586, 35.193328328138001 ], [ 128.987735599789715, 35.201459888376462 ], [ 128.98911998871219, 35.20011883894513 ], [ 128.987784866726713, 35.197099536254129 ], [ 128.987692245136429, 35.194816767626904 ], [ 128.987888613091229, 35.195903006343769 ], [ 128.9908302156216, 35.195625053157293 ], [ 128.991213437927712, 35.193839872619257 ], [ 128.993815281942261, 35.195332880062097 ], [ 129.000282691285719, 35.19186508028104 ], [ 129.000436870375779, 35.190200828260259 ], [ 129.00407248427021, 35.190337628863368 ], [ 129.007904900971198, 35.188119621498331 ], [ 129.01719969620973, 35.188837235579079 ], [ 129.02106845122529, 35.187470042328819 ], [ 129.021066262817271, 35.182020382337043 ], [ 129.010501202042377, 35.173184774119463 ], [ 129.013225302818995, 35.165905838785193 ], [ 129.010595417362026, 35.158749219474799 ], [ 129.01622832620518, 35.154832092836408 ], [ 129.016310027330803, 35.147309641758724 ], [ 129.014039985203539, 35.145817350878225 ], [ 129.016235688069457, 35.143359353523607 ], [ 129.012171671392792, 35.137482927400313 ], [ 129.001697736932783, 35.140715222110146 ], [ 128.996032462970533, 35.14040845977383 ], [ 129.004327065532493, 35.136414537229427 ], [ 129.002492867910433, 35.133842900271048 ], [ 129.005130511258756, 35.13240860605422 ], [ 129.002537840657624, 35.132865826649798 ], [ 129.002883150659557, 35.127791349233526 ], [ 129.004036028263272, 35.128042268607217 ], [ 129.003028366077814, 35.125460520412673 ], [ 128.99974971634785, 35.123265075511419 ], [ 128.986950637679655, 35.124219753690092 ], [ 128.98006695627663, 35.117106997687308 ], [ 128.975883374794989, 35.117054179403922 ], [ 128.963692457798061, 35.121928892206924 ], [ 128.959452081469351, 35.117718051670245 ], [ 128.957468780760308, 35.124315670192324 ], [ 128.962231313921649, 35.135611158274045 ], [ 128.959781177125166, 35.137808420688145 ] ], [ [ 129.00002199953758, 35.161858871312212 ], [ 129.000021999533402, 35.161858871312297 ], [ 129.002418151623118, 35.161700147091956 ], [ 129.00002199953758, 35.161858871312212 ] ], [ [ 128.997579866631327, 35.15002473921615 ], [ 128.991715997670468, 35.149626461612705 ], [ 128.991715997670354, 35.149626461612307 ], [ 128.997579866631327, 35.15002473921615 ] ], [ [ 128.976878893594375, 35.135805838270969 ], [ 128.976807631042988, 35.135867557863179 ], [ 128.97694449281849, 35.135748966801344 ], [ 128.976878893594375, 35.135805838270969 ] ], [ [ 128.99483361464047, 35.15574640227743 ], [ 128.994833614636434, 35.155746402277543 ], [ 128.994839914394362, 35.15574579871258 ], [ 128.99483361464047, 35.15574640227743 ] ], [ [ 128.994458092482091, 35.154824005835977 ], [ 128.994458092484393, 35.154824005837241 ], [ 128.994409184652881, 35.154862644130944 ], [ 128.994458092482091, 35.154824005835977 ] ], [ [ 128.99429074312107, 35.154856976682375 ], [ 128.994344590134517, 35.15481380490958 ], [ 128.994290743118853, 35.154856976687242 ], [ 128.99429074312107, 35.154856976682375 ] ], [ [ 128.993587832528277, 35.154699159847844 ], [ 128.993587832524156, 35.154699159847958 ], [ 128.993639528704165, 35.15465616851283 ], [ 128.993587832528277, 35.154699159847844 ] ], [ [ 128.980386644419809, 35.16858052218479 ], [ 128.982149399290222, 35.167709116418123 ], [ 128.981425068244988, 35.168067196939724 ], [ 128.980386644419809, 35.16858052218479 ] ] ] ] } },
{ "type": "Feature", "properties": { "sigungu_cd": "26710", "sigungu_nm": "기장군" }, "geometry": { "type": "MultiPolygon", "coordinates": [ [ [ [ 129.229805189640274, 35.217893161980051 ], [ 129.229385267209835, 35.217157068418594 ], [ 129.229224738495418, 35.218141331795017 ], [ 129.229805189640274, 35.217893161980051 ] ] ], [ [ [ 129.230319870426371, 35.218576896091655 ], [ 129.229111609229022, 35.218790539258904 ], [ 129.230176462311476, 35.219016752510136 ], [ 129.230319870426371, 35.218576896091655 ] ] ], [ [ [ 129.238070211028372, 35.257670418066965 ], [ 129.237932712273931, 35.257656671035534 ], [ 129.237827632694945, 35.257840496885478 ], [ 129.238070211028372, 35.257670418066965 ] ] ], [ [ [ 129.240224325970644, 35.257769092700649 ], [ 129.240063809040834, 35.25779041949481 ], [ 129.240198825478245, 35.257811857412385 ], [ 129.240224325970644, 35.257769092700649 ] ] ], [ [ [ 129.164910580303712, 35.21513932586339 ], [ 129.165475059574021, 35.218897776302128 ], [ 129.168358238918842, 35.219386060347539 ], [ 129.165221603616118, 35.219718577688155 ], [ 129.169047460139979, 35.227767429673655 ], [ 129.160903552414197, 35.235873330316444 ], [ 129.155373913196001, 35.235873421694151 ], [ 129.156361363947241, 35.24424953185693 ], [ 129.148622074238602, 35.246042412697463 ], [ 129.147044483532255, 35.249411631441156 ], [ 129.13829741966137, 35.25427102274945 ], [ 129.13923290704372, 35.260533343199455 ], [ 129.134426279170043, 35.259284975715012 ], [ 129.133342281513592, 35.260630789023025 ], [ 129.122627926518533, 35.261685473151388 ], [ 129.121324097304637, 35.263605533318838 ], [ 129.121359630600494, 35.269590628705707 ], [ 129.124801541192113, 35.273756224856506 ], [ 129.126091846851097, 35.278517909457193 ], [ 129.124286736348154, 35.28129941408897 ], [ 129.128240973221295, 35.289320096185179 ], [ 129.132182341546184, 35.291866569940147 ], [ 129.129535565253576, 35.298274759138437 ], [ 129.121791483320493, 35.302037820053187 ], [ 129.116455147147434, 35.301770692087445 ], [ 129.108571495304602, 35.304581266542897 ], [ 129.112404561304174, 35.310138319757634 ], [ 129.112005103420643, 35.316741849185476 ], [ 129.11367158953442, 35.320226787598308 ], [ 129.118148341991144, 35.3224801119771 ], [ 129.121068157010058, 35.328746069161575 ], [ 129.125756350259508, 35.332067829355694 ], [ 129.123995296554227, 35.337801461241376 ], [ 129.128560062645505, 35.343756720247207 ], [ 129.127139795859961, 35.345399133546984 ], [ 129.134593748288381, 35.35145355343051 ], [ 129.133232940345863, 35.356357658842803 ], [ 129.126164787697434, 35.363028811995441 ], [ 129.122194831226693, 35.363809847609254 ], [ 129.118210989215527, 35.368954514570291 ], [ 129.121264602343302, 35.367348630638269 ], [ 129.127656702074717, 35.3677070973459 ], [ 129.132246046428463, 35.365705191685002 ], [ 129.138811708389682, 35.3661924999329 ], [ 129.15016053217235, 35.363936918552319 ], [ 129.16106926992336, 35.359406957613075 ], [ 129.162804024262869, 35.35678528898486 ], [ 129.168604650352933, 35.353764368643894 ], [ 129.176114656740594, 35.351396154685219 ], [ 129.182847349721385, 35.353926712468429 ], [ 129.185742525962922, 35.358595626324487 ], [ 129.193410578954825, 35.361249229124176 ], [ 129.193800496048368, 35.36328087639238 ], [ 129.19879071686907, 35.366440709930664 ], [ 129.197833704654613, 35.371346298653805 ], [ 129.1992530322768, 35.375904525220676 ], [ 129.193599779886, 35.382090405263625 ], [ 129.199357905205432, 35.389040577661426 ], [ 129.20797598142093, 35.382456500965034 ], [ 129.218566398385519, 35.378960562987999 ], [ 129.230202699728039, 35.381144588532422 ], [ 129.235419939544954, 35.380260157064015 ], [ 129.23704329529545, 35.383563411582472 ], [ 129.241017742301466, 35.385070046992077 ], [ 129.242063569359914, 35.383313029067246 ], [ 129.248797842404258, 35.383157482768965 ], [ 129.250879664406739, 35.38473490037795 ], [ 129.250643630003111, 35.38737977432325 ], [ 129.25804262520947, 35.384149763621622 ], [ 129.265527294656181, 35.387104886772327 ], [ 129.267976367552706, 35.380152165754332 ], [ 129.276483915737543, 35.372635117198215 ], [ 129.279457797430297, 35.366162511952837 ], [ 129.28315987268175, 35.365159530338545 ], [ 129.280478977988167, 35.356258872973292 ], [ 129.284895470540732, 35.350741751313713 ], [ 129.28333894784592, 35.348625091795363 ], [ 129.28388318875767, 35.346082504172301 ], [ 129.27966507396539, 35.341377666997779 ], [ 129.285528094374257, 35.339233805988684 ], [ 129.289158070012547, 35.340464191353895 ], [ 129.291894587266711, 35.336820749664149 ], [ 129.29423107307889, 35.337966880639229 ], [ 129.296075004470453, 35.336456594198467 ], [ 129.303375238173032, 35.335894643318838 ], [ 129.302185398828385, 35.333636275143029 ], [ 129.304247343305036, 35.330081629178096 ], [ 129.303684806310912, 35.325157291187473 ], [ 129.301459655322702, 35.321640782129919 ], [ 129.300132561280407, 35.321900422758809 ], [ 129.300155379047993, 35.320150458288047 ], [ 129.302265352771315, 35.321193543097088 ], [ 129.299126516809281, 35.318483250779529 ], [ 129.289109039874035, 35.318814478380951 ], [ 129.286588623783643, 35.320370541633736 ], [ 129.288375815854465, 35.319992443644338 ], [ 129.287056037707799, 35.320945341631564 ], [ 129.287683386417939, 35.325631037415953 ], [ 129.288967429061017, 35.325387868605681 ], [ 129.287436323789734, 35.326635456320474 ], [ 129.285869292953322, 35.326324859970626 ], [ 129.287511660904926, 35.325951712149539 ], [ 129.287116497382101, 35.323645926129394 ], [ 129.28499252070128, 35.323828063066408 ], [ 129.284991247648293, 35.326219763437329 ], [ 129.281705280400331, 35.326728733067398 ], [ 129.281597365339394, 35.328137422826359 ], [ 129.281026549681343, 35.32658385678883 ], [ 129.2768443370162, 35.325394068019271 ], [ 129.278850641139769, 35.32468077761586 ], [ 129.268058963032587, 35.322308667597056 ], [ 129.266406684488089, 35.320700671336141 ], [ 129.268067449410779, 35.320290612305023 ], [ 129.265224048273666, 35.319943049876322 ], [ 129.259413235142802, 35.313255755644072 ], [ 129.261854083008529, 35.315162984288982 ], [ 129.261043126234085, 35.309492915701036 ], [ 129.259033214793448, 35.30681429676882 ], [ 129.259955957912211, 35.30617344722107 ], [ 129.260119973274925, 35.305830762341557 ], [ 129.258865311065136, 35.306667385931931 ], [ 129.257922555323603, 35.304824753394087 ], [ 129.25992116733741, 35.302722543862679 ], [ 129.261462959614221, 35.304266661403545 ], [ 129.259560892871519, 35.300854584114532 ], [ 129.260638398685103, 35.297695899387406 ], [ 129.262846466758305, 35.299277112103518 ], [ 129.260666573988459, 35.297584677809731 ], [ 129.261939298425176, 35.29697896190045 ], [ 129.259161316775959, 35.288975729412307 ], [ 129.257108576488633, 35.289215981931932 ], [ 129.257957522245533, 35.287385110020807 ], [ 129.258918346670612, 35.288349955711595 ], [ 129.258328208387297, 35.285995765759779 ], [ 129.259997138166369, 35.283062723736137 ], [ 129.255541970777273, 35.280919858917834 ], [ 129.255514102707451, 35.275382298991339 ], [ 129.252984959346236, 35.271476257441833 ], [ 129.247000054800623, 35.271990342927587 ], [ 129.246553601039579, 35.269950723260045 ], [ 129.246764684561441, 35.272452069804608 ], [ 129.24560765891593, 35.272359346290969 ], [ 129.243529451598562, 35.270137069654247 ], [ 129.244333415831903, 35.267850211054594 ], [ 129.243050505172221, 35.26481582531661 ], [ 129.241427446692882, 35.265321685482057 ], [ 129.240014214430062, 35.263692122948747 ], [ 129.235704388134877, 35.265017468412083 ], [ 129.233629847716315, 35.262066793618914 ], [ 129.236096168111828, 35.257634395630596 ], [ 129.23956046787265, 35.257332449679005 ], [ 129.245445562726417, 35.260183221922269 ], [ 129.245986499856173, 35.258009113468106 ], [ 129.247770440102698, 35.259589515018654 ], [ 129.246056647570981, 35.261149168196894 ], [ 129.250299666168928, 35.258732991124845 ], [ 129.252500516310135, 35.259491211074184 ], [ 129.253081928923081, 35.246527957244147 ], [ 129.250428720168458, 35.243922381060251 ], [ 129.247654203651933, 35.245890074645068 ], [ 129.244274871099719, 35.244007171018154 ], [ 129.246132586026249, 35.2419104914228 ], [ 129.248042972390408, 35.243835103227816 ], [ 129.247191496515882, 35.242276255137483 ], [ 129.248467044521163, 35.240465047663747 ], [ 129.245593617331934, 35.237732469949115 ], [ 129.242939190346021, 35.238363334241647 ], [ 129.245187814668839, 35.230832024376845 ], [ 129.240511192601389, 35.22945274280378 ], [ 129.240337337246785, 35.224510502646957 ], [ 129.235961205931602, 35.220684735771805 ], [ 129.234615730199181, 35.216454903319118 ], [ 129.233444895163075, 35.215416487420818 ], [ 129.235569712686072, 35.219744698100662 ], [ 129.230823086012862, 35.220487964299998 ], [ 129.229303077600491, 35.221405202495184 ], [ 129.23040672434135, 35.224051104709886 ], [ 129.227244488302688, 35.224281604466334 ], [ 129.228491463979395, 35.217973040086854 ], [ 129.221926816284878, 35.212494469661763 ], [ 129.223553156394132, 35.208957223548602 ], [ 129.230028162474468, 35.203832551277223 ], [ 129.229958510821007, 35.198172496794299 ], [ 129.227240789062876, 35.195628359105193 ], [ 129.225785386223293, 35.196890173961833 ], [ 129.224870863010523, 35.195854215492126 ], [ 129.223033231061578, 35.189510506808269 ], [ 129.223830385077889, 35.186000681301586 ], [ 129.219156210286172, 35.184311770366271 ], [ 129.21648456016112, 35.187409801773107 ], [ 129.213183262370137, 35.185704370726157 ], [ 129.213199840984799, 35.183837791514833 ], [ 129.21142207542016, 35.184352852886377 ], [ 129.212977440820367, 35.182841422726227 ], [ 129.211725223029646, 35.181713355595001 ], [ 129.208416589091485, 35.181985880797257 ], [ 129.206927150187255, 35.185133558966157 ], [ 129.207821052077918, 35.187326860568731 ], [ 129.206490136593487, 35.187894356958559 ], [ 129.206936531809589, 35.196854012063568 ], [ 129.199349906910328, 35.200089893072423 ], [ 129.194852778331295, 35.198521134681442 ], [ 129.193875828239868, 35.194895315526971 ], [ 129.18822599228605, 35.189345155897911 ], [ 129.183176292292529, 35.190042631471798 ], [ 129.185441165205873, 35.195435694349491 ], [ 129.184266676246949, 35.1971897478304 ], [ 129.17914462883644, 35.19791105009692 ], [ 129.174885505014601, 35.20188516471174 ], [ 129.169707099843293, 35.200861806675391 ], [ 129.164881806613209, 35.203077059068242 ], [ 129.163081037674601, 35.205711022406646 ], [ 129.160019517737425, 35.206269903420214 ], [ 129.160388645656809, 35.211891244242629 ], [ 129.164910580303712, 35.21513932586339 ] ], [ [ 129.179584139377226, 35.303759404473112 ], [ 129.181085531488975, 35.301166583734712 ], [ 129.18181358979524, 35.300800505658614 ], [ 129.1821506341347, 35.300648903208277 ], [ 129.182267980139756, 35.300332792761488 ], [ 129.18274966529836, 35.299673125476218 ], [ 129.182894611878197, 35.298710510125581 ], [ 129.18027321817155, 35.294707159121138 ], [ 129.179363540540976, 35.291308111010771 ], [ 129.180064378024554, 35.29041740745928 ], [ 129.18138692383684, 35.289078345240284 ], [ 129.181790436339696, 35.288860964452446 ], [ 129.181538903170917, 35.28620423216752 ], [ 129.183059096525653, 35.285326294837439 ], [ 129.184332948705588, 35.284897620807783 ], [ 129.186516038429829, 35.283575846180604 ], [ 129.187410431920625, 35.28306340869436 ], [ 129.19488247148351, 35.280008847914921 ], [ 129.193664609171464, 35.276477210637289 ], [ 129.194829290031407, 35.274291967177653 ], [ 129.194267383169034, 35.272826101283009 ], [ 129.19186568547255, 35.272572942837066 ], [ 129.19185987737373, 35.272040072771425 ], [ 129.192935772649577, 35.268340901625898 ], [ 129.195713872159075, 35.267409312778376 ], [ 129.193231294389108, 35.264835691172294 ], [ 129.194742644431557, 35.265309255730067 ], [ 129.195713872165811, 35.26740931277817 ], [ 129.192935772656142, 35.268340901625564 ], [ 129.191859877380324, 35.27204007277119 ], [ 129.194267383175742, 35.272826101282824 ], [ 129.194829290038115, 35.274291967177362 ], [ 129.193664609178171, 35.276477210637076 ], [ 129.194882471490303, 35.280008847914722 ], [ 129.181538903177312, 35.286204232167321 ], [ 129.181790436346063, 35.288860964452169 ], [ 129.179363540547428, 35.291308111010586 ], [ 129.182894611884763, 35.29871051012536 ], [ 129.182749665304726, 35.299673125475934 ], [ 129.182150634141152, 35.300648903208071 ], [ 129.181085531495427, 35.3011665837344 ], [ 129.180431911054853, 35.302910359884116 ], [ 129.179584139383564, 35.303759404472892 ], [ 129.18004230696522, 35.30479222310742 ], [ 129.186698660202666, 35.307607470904358 ], [ 129.180889785792715, 35.305720214803848 ], [ 129.18004230695874, 35.304792223107647 ], [ 129.179584139377226, 35.303759404473112 ] ], [ [ 129.188327843299476, 35.307011870397332 ], [ 129.190574801385452, 35.308812058624156 ], [ 129.191830130779664, 35.309142067306148 ], [ 129.192797015805127, 35.309401359555224 ], [ 129.193043653538894, 35.309467514347645 ], [ 129.194030607207083, 35.309719428079511 ], [ 129.1930436535323, 35.309467514347858 ], [ 129.190510289138587, 35.308797720165849 ], [ 129.188327843299476, 35.307011870397332 ] ], [ [ 129.198218214754547, 35.309554530787779 ], [ 129.197026196656651, 35.309556056571012 ], [ 129.197310208389069, 35.309547928782941 ], [ 129.198218214754547, 35.309554530787779 ] ], [ [ 129.205418895616475, 35.309959844922744 ], [ 129.203673407146653, 35.30890652463102 ], [ 129.201665748655415, 35.308913929967332 ], [ 129.20367340715336, 35.308906524630807 ], [ 129.205418895616475, 35.309959844922744 ] ], [ [ 129.21180242570918, 35.309755944446977 ], [ 129.214739810662252, 35.311980546865662 ], [ 129.215972796827941, 35.313963013654067 ], [ 129.216642554096552, 35.315257990033075 ], [ 129.218559032015918, 35.316103229440763 ], [ 129.216642554089532, 35.315257990033288 ], [ 129.211802425702274, 35.309755944447097 ], [ 129.208946915382768, 35.309656638513992 ], [ 129.208705300653548, 35.309534580000083 ], [ 129.207890434230166, 35.309093131880466 ], [ 129.21180242570918, 35.309755944446977 ] ], [ [ 129.223042233927401, 35.314011755264609 ], [ 129.225382255571759, 35.314872099401263 ], [ 129.223840295098313, 35.314472483152883 ], [ 129.223042233927401, 35.314011755264609 ] ], [ [ 129.227682325155769, 35.314829638107476 ], [ 129.2286678493642, 35.317182630495871 ], [ 129.228788762173195, 35.318857532269114 ], [ 129.229673178180576, 35.320043132693712 ], [ 129.228788762165948, 35.318857532269341 ], [ 129.228667849357038, 35.317182630496198 ], [ 129.228153524539863, 35.31660636653605 ], [ 129.22792572144283, 35.316028590629635 ], [ 129.227594104628736, 35.315032764495456 ], [ 129.227682325148606, 35.314829638107675 ], [ 129.22705916049344, 35.314715265440711 ], [ 129.227682325155769, 35.314829638107476 ] ], [ [ 129.229753796715102, 35.319601444934023 ], [ 129.229781831233907, 35.319667713442279 ], [ 129.229814787375403, 35.319745650993291 ], [ 129.229753796715102, 35.319601444934023 ] ], [ [ 129.232952920689286, 35.315854659800173 ], [ 129.23252633144341, 35.315863858052118 ], [ 129.232952920690082, 35.315854659800067 ], [ 129.232952920689286, 35.315854659800173 ] ], [ [ 129.244424210670701, 35.308115746680542 ], [ 129.243643117209132, 35.307924446756324 ], [ 129.24374232526705, 35.307933802145861 ], [ 129.243810079707515, 35.307941057296766 ], [ 129.243887415589853, 35.307953430785467 ], [ 129.243969927460938, 35.307968497836221 ], [ 129.244033632439368, 35.307982070293406 ], [ 129.244138174181359, 35.308010072194854 ], [ 129.244200679404258, 35.308026891759987 ], [ 129.244251634495015, 35.308042112087023 ], [ 129.244297541085416, 35.308060497185508 ], [ 129.244299853110817, 35.308061484006124 ], [ 129.244412815251678, 35.308110740153452 ], [ 129.244424210670701, 35.308115746680542 ] ], [ [ 129.24474870769069, 35.307566706992837 ], [ 129.245915280644454, 35.308068026906547 ], [ 129.246438595177608, 35.308250668066258 ], [ 129.247102840388123, 35.308734245282537 ], [ 129.248620596519658, 35.309229101662126 ], [ 129.247102840380677, 35.308734245282849 ], [ 129.246438595170162, 35.30825066806657 ], [ 129.245425997801249, 35.307903043989995 ], [ 129.24474870769069, 35.307566706992837 ] ], [ [ 129.250507576070021, 35.308675752667583 ], [ 129.251136513306932, 35.308792268674026 ], [ 129.25011857393477, 35.308608511730156 ], [ 129.250507576070021, 35.308675752667583 ] ], [ [ 129.253076265323131, 35.309927961617262 ], [ 129.252899748939797, 35.308734878260246 ], [ 129.252977675247763, 35.309036787912291 ], [ 129.253076265323131, 35.309927961617262 ] ], [ [ 129.253099963249838, 35.310077463114062 ], [ 129.253202914766803, 35.310727159737681 ], [ 129.253183501299617, 35.310604673401983 ], [ 129.253109492593495, 35.31013762320412 ], [ 129.253099963249838, 35.310077463114062 ] ], [ [ 129.255218116464221, 35.312901145614539 ], [ 129.254225288853831, 35.312081816445179 ], [ 129.25441035845796, 35.312185695257988 ], [ 129.254599829906681, 35.312294035164093 ], [ 129.255218116464221, 35.312901145614539 ] ], [ [ 129.258973138983009, 35.313122422572292 ], [ 129.257516678656145, 35.312787365839071 ], [ 129.258630998322815, 35.313032100632533 ], [ 129.258970517028928, 35.31312162821326 ], [ 129.258973138983009, 35.313122422572292 ] ], [ [ 129.169207736350842, 35.219215325236831 ], [ 129.169804886232384, 35.219477508778112 ], [ 129.169207736346266, 35.219215325237755 ], [ 129.169207736350842, 35.219215325236831 ] ], [ [ 129.170436665693785, 35.219323526162704 ], [ 129.175016307513488, 35.219722165822517 ], [ 129.175627335214557, 35.220125505358048 ], [ 129.175813590416453, 35.220646007151636 ], [ 129.176373368568733, 35.22094244507359 ], [ 129.178964642394931, 35.226645407244824 ], [ 129.177367179093693, 35.225046105281066 ], [ 129.175627335208162, 35.220125505358233 ], [ 129.170436665693785, 35.219323526162704 ] ], [ [ 129.182059127692156, 35.226380909663511 ], [ 129.183964213354585, 35.228449177505453 ], [ 129.180553141548444, 35.2261163132886 ], [ 129.182059127692156, 35.226380909663511 ] ], [ [ 129.184890983983223, 35.22829277268589 ], [ 129.187905912999469, 35.230158768992688 ], [ 129.188511374471773, 35.230817482724952 ], [ 129.189396791733088, 35.235275963082934 ], [ 129.189006157911649, 35.236673802446255 ], [ 129.189839744708195, 35.236827628906298 ], [ 129.190111421179125, 35.238992778548614 ], [ 129.191681693688878, 35.240104360937579 ], [ 129.192237393746353, 35.240899830400856 ], [ 129.192922595733364, 35.241411178937753 ], [ 129.193214046594136, 35.241639045284188 ], [ 129.193552671312773, 35.242032709860943 ], [ 129.193170450183089, 35.242679478287108 ], [ 129.192635247808767, 35.243576897719656 ], [ 129.192568136438467, 35.244540122424361 ], [ 129.192310470662818, 35.24515998442763 ], [ 129.192331440611269, 35.245767581115778 ], [ 129.191860630973679, 35.24698137378131 ], [ 129.189616390786853, 35.249884810653008 ], [ 129.18934026823672, 35.250051383642536 ], [ 129.189316569235814, 35.250056855512625 ], [ 129.191860630967, 35.246981373781523 ], [ 129.192635247802173, 35.243576897719883 ], [ 129.193552671306179, 35.242032709861149 ], [ 129.192237393739759, 35.240899830401048 ], [ 129.191681693682284, 35.240104360937764 ], [ 129.19011142117256, 35.238992778548919 ], [ 129.189006157905055, 35.236673802446546 ], [ 129.188511374465293, 35.230817482725243 ], [ 129.184890983983223, 35.22829277268589 ] ], [ [ 129.189254816867788, 35.250204104116641 ], [ 129.189269657692449, 35.250069105426974 ], [ 129.18928759770256, 35.250048734341348 ], [ 129.189254816867788, 35.250204104116641 ] ], [ [ 129.189115690283842, 35.250166355493519 ], [ 129.189104221711801, 35.250215207871094 ], [ 129.189115690277816, 35.250166355491885 ], [ 129.189115690283842, 35.250166355493519 ] ], [ [ 129.186247020251955, 35.25119336693475 ], [ 129.187205925837901, 35.252330083737021 ], [ 129.187366361005559, 35.253031935870837 ], [ 129.187448736697377, 35.259995951273559 ], [ 129.18850708814918, 35.261473884902522 ], [ 129.188635221190935, 35.261678335616047 ], [ 129.189030180061451, 35.262308606669876 ], [ 129.189634303213808, 35.263316860844988 ], [ 129.190029823001225, 35.265055241264704 ], [ 129.191649856987709, 35.265396115303858 ], [ 129.19002982299466, 35.265055241264868 ], [ 129.189634303207214, 35.263316860845194 ], [ 129.187448736690897, 35.259995951273751 ], [ 129.187208909647978, 35.259099947450864 ], [ 129.186247020245503, 35.251193366935055 ], [ 129.187049769720318, 35.250549131653273 ], [ 129.187759280311468, 35.250195229993288 ], [ 129.188006213719206, 35.250115711955672 ], [ 129.186247020251955, 35.25119336693475 ] ] ], [ [ [ 129.262388658399203, 35.300413876838689 ], [ 129.261998912010426, 35.301727568495856 ], [ 129.262458100541409, 35.300427724676211 ], [ 129.262388658399203, 35.300413876838689 ] ] ], [ [ [ 129.303782173148704, 35.322330578407843 ], [ 129.30523097660523, 35.324562777564843 ], [ 129.304482381060268, 35.329874907213842 ], [ 129.305604756887732, 35.324582658573803 ], [ 129.304098291766934, 35.322166917904198 ], [ 129.303782173148704, 35.322330578407843 ] ] ], [ [ [ 129.287690145290782, 35.326010335656548 ], [ 129.287745221300526, 35.326225009382213 ], [ 129.287831204669686, 35.326165931123064 ], [ 129.287690145290782, 35.326010335656548 ] ] ], [ [ [ 129.287725722445231, 35.326237683132021 ], [ 129.287604078874324, 35.326170678039716 ], [ 129.287559263399572, 35.326414610914433 ], [ 129.287725722445231, 35.326237683132021 ] ] ] ] } },
{ "type": "Feature", "properties": { "sigungu_cd": "26140", "sigungu_nm": "서구" }, "geometry": { "type": "MultiPolygon", "coordinates": [ [ [ [ 129.014770230197001, 35.04701321956027 ], [ 129.01524385123534, 35.049779332377241 ], [ 129.01602998228887, 35.047026396859152 ], [ 129.014770230197001, 35.04701321956027 ] ] ], [ [ [ 129.022442740824175, 35.062084190221746 ], [ 129.023263913869982, 35.061346463374484 ], [ 129.022542453540893, 35.061264404135059 ], [ 129.022442740824175, 35.062084190221746 ] ] ], [ [ [ 129.022183651645918, 35.074995504006225 ], [ 129.022105877225101, 35.075715800243657 ], [ 129.022654707404484, 35.075451289263171 ], [ 129.022183651645918, 35.074995504006225 ] ] ], [ [ [ 129.004453746779632, 35.078438400676475 ], [ 129.011174147681714, 35.07678730110662 ], [ 129.010959904826819, 35.082766176150486 ], [ 129.014294629948722, 35.093151685341596 ], [ 129.010084768584733, 35.099342928269827 ], [ 129.007240163542264, 35.099522874827088 ], [ 129.009424263565649, 35.104670655323872 ], [ 129.01168545196694, 35.10507139368864 ], [ 129.004327227751446, 35.110239963858206 ], [ 129.003905918482388, 35.113118699041934 ], [ 129.002003648535947, 35.114256836584438 ], [ 129.002721092259975, 35.117253498223043 ], [ 128.9989113151114, 35.118840136033718 ], [ 128.999759524182679, 35.123265616464018 ], [ 129.004026361710373, 35.128018157437666 ], [ 129.002879946966175, 35.127788014240068 ], [ 129.00255809512845, 35.132873082405553 ], [ 129.003978679883318, 35.132252889799361 ], [ 129.005050819648744, 35.132359123834391 ], [ 129.002489927195739, 35.133829280762242 ], [ 129.004329873800543, 35.136394896558507 ], [ 128.996013918537159, 35.140408305713322 ], [ 128.998502759573626, 35.140991732425711 ], [ 129.010584793429871, 35.138837781085115 ], [ 129.016494884136648, 35.135510294894949 ], [ 129.022460767787152, 35.136788606145487 ], [ 129.025631909123774, 35.135696559509043 ], [ 129.026236475346877, 35.133009477464412 ], [ 129.026443298044001, 35.124715699777603 ], [ 129.024303176598096, 35.118792523502336 ], [ 129.027472101987058, 35.115486555845116 ], [ 129.028075863249114, 35.112148888652634 ], [ 129.027516334708992, 35.109951876402477 ], [ 129.026005491083083, 35.110825846558967 ], [ 129.022769881416053, 35.109034415058062 ], [ 129.021209275419324, 35.10252336717415 ], [ 129.026391241384403, 35.095675000240377 ], [ 129.025225771120319, 35.093515266840086 ], [ 129.023408323702029, 35.093339645258951 ], [ 129.022850242259466, 35.093231959853775 ], [ 129.025225726542772, 35.093475038928048 ], [ 129.02567347685121, 35.090211890845417 ], [ 129.027099654844989, 35.090309098143827 ], [ 129.02590411125999, 35.087977854782537 ], [ 129.027968059334199, 35.087405215738166 ], [ 129.025977401920159, 35.087261479430396 ], [ 129.026121532004197, 35.085821941549717 ], [ 129.031133600047156, 35.08608094310447 ], [ 129.027076640745548, 35.085521561411277 ], [ 129.02445660620424, 35.076182303357058 ], [ 129.020484397799407, 35.077738076463035 ], [ 129.016799409729941, 35.075689096695911 ], [ 129.016457052755015, 35.073804730959814 ], [ 129.021286669320716, 35.069674778526348 ], [ 129.020083521095813, 35.064344615747501 ], [ 129.022313334197065, 35.061807582185175 ], [ 129.017724335353734, 35.057274150066043 ], [ 129.015848914157289, 35.057197230043606 ], [ 129.015494752208582, 35.053139237293585 ], [ 129.008673259753294, 35.050930547986169 ], [ 129.01164666980651, 35.052445602440436 ], [ 129.009138133529547, 35.055411027664519 ], [ 129.010486241018128, 35.055793656599306 ], [ 129.010000015829547, 35.057192709165868 ], [ 129.008369140784623, 35.057625200720693 ], [ 129.009717061610587, 35.058005584645265 ], [ 129.008295916585809, 35.062757425523195 ], [ 129.011127607322862, 35.063000268656467 ], [ 129.012034918743524, 35.06517814471502 ], [ 129.009339867136163, 35.065940890562572 ], [ 129.005511555728361, 35.071088120624751 ], [ 129.004453746779632, 35.078438400676475 ] ], [ [ 129.027076640745548, 35.085521561411277 ], [ 129.027008652078251, 35.08551708696195 ], [ 129.026550803416796, 35.085486923770738 ], [ 129.027076640745548, 35.085521561411277 ] ], [ [ 129.016495118505077, 35.112457829872341 ], [ 129.016554839273226, 35.112479076559843 ], [ 129.016554839273226, 35.11247907655985 ], [ 129.016495118505077, 35.112457829872341 ] ], [ [ 129.019632770233386, 35.108088702824674 ], [ 129.019651222464404, 35.107953657880643 ], [ 129.019651222469349, 35.10795365787645 ], [ 129.019632770233386, 35.108088702824674 ] ], [ [ 129.020026127795745, 35.105276129058083 ], [ 129.018368601312915, 35.105347911870197 ], [ 129.018821617910476, 35.105326108052367 ], [ 129.019952245785788, 35.105279168942609 ], [ 129.020026127795745, 35.105276129058083 ] ], [ [ 129.021003640959123, 35.093219887100148 ], [ 129.020249770192123, 35.092996188428408 ], [ 129.020019119453934, 35.092854114767128 ], [ 129.021003640959123, 35.093219887100148 ] ], [ [ 129.019932563857424, 35.092867931204275 ], [ 129.019925862247192, 35.092869001544877 ], [ 129.01992552356495, 35.092869055476029 ], [ 129.019932563857424, 35.092867931204275 ] ], [ [ 129.019395611336449, 35.092662821843213 ], [ 129.01972119392434, 35.092831896332605 ], [ 129.019685044978587, 35.092819282665644 ], [ 129.019669767230027, 35.092813966909375 ], [ 129.019667156959258, 35.092813047909338 ], [ 129.019596228967885, 35.092783412651762 ], [ 129.019552644269424, 35.092768997328179 ], [ 129.019414389485576, 35.092677646517679 ], [ 129.019395611336449, 35.092662821843213 ] ], [ [ 129.019377741147508, 35.092637595277616 ], [ 129.019058121296951, 35.09239622049278 ], [ 129.019047336138954, 35.092373047960336 ], [ 129.019028212519515, 35.092331948482894 ], [ 129.019013477583798, 35.092300294673521 ], [ 129.018944697567377, 35.09226056343055 ], [ 129.018908630978359, 35.092220998699091 ], [ 129.018891244873146, 35.092201910287336 ], [ 129.018822332690689, 35.092107159659747 ], [ 129.0187888200538, 35.092061059627525 ], [ 129.018632135709879, 35.09198479940401 ], [ 129.018410839372422, 35.091815184622909 ], [ 129.018371786055297, 35.091807934092159 ], [ 129.018352724668205, 35.091800392325048 ], [ 129.018282467083338, 35.091771224910296 ], [ 129.018045248715765, 35.091547655940587 ], [ 129.01878882005812, 35.092061059627369 ], [ 129.019377741147508, 35.092637595277616 ] ], [ [ 129.018023032889658, 35.09155898012618 ], [ 129.017922485484235, 35.09141739835794 ], [ 129.017847419239104, 35.09135914428316 ], [ 129.017779586139994, 35.091276696540668 ], [ 129.017631663041072, 35.09118329887756 ], [ 129.017575680945981, 35.091135831425966 ], [ 129.017543816696332, 35.09110154772295 ], [ 129.017419369577482, 35.091045309973239 ], [ 129.016864791001979, 35.090545980274662 ], [ 129.017779586144258, 35.091276696540575 ], [ 129.017922485488612, 35.09141739835777 ], [ 129.017974359879332, 35.091486336729375 ], [ 129.018019390909728, 35.091553527365249 ], [ 129.018023032889658, 35.09155898012618 ] ], [ [ 129.016824375660406, 35.090581481177999 ], [ 129.014987425896066, 35.088817313235182 ], [ 129.016238327861146, 35.090006446872394 ], [ 129.016824375660406, 35.090581481177999 ] ], [ [ 129.015675714755787, 35.088500043769407 ], [ 129.016221276650782, 35.08813002190967 ], [ 129.01546700502513, 35.088596245757103 ], [ 129.015675714755787, 35.088500043769407 ] ], [ [ 129.016816676149944, 35.087771258337277 ], [ 129.016461603772456, 35.08798548540301 ], [ 129.017172777361935, 35.087556462230495 ], [ 129.016816676149944, 35.087771258337277 ] ], [ [ 129.016834662417352, 35.0870818643454 ], [ 129.016930997947725, 35.087186620129508 ], [ 129.016776687485333, 35.086996303157477 ], [ 129.016834662417352, 35.0870818643454 ] ], [ [ 129.016305571519894, 35.086371599841058 ], [ 129.016082680545765, 35.085941756441549 ], [ 129.016256691543191, 35.086281144721575 ], [ 129.016305571519894, 35.086371599841058 ] ], [ [ 129.015743468706773, 35.084951276560318 ], [ 129.01575700170369, 35.085084965612765 ], [ 129.01571959054715, 35.084866305767392 ], [ 129.015743468706773, 35.084951276560318 ] ], [ [ 129.015582603047307, 35.08437885568631 ], [ 129.015582603047307, 35.084378855686303 ], [ 129.015590810319168, 35.084408065008347 ], [ 129.015582603047307, 35.08437885568631 ] ], [ [ 129.015576662331341, 35.084330398921487 ], [ 129.015575794816641, 35.084323224146054 ], [ 129.015576662331341, 35.08433039892148 ], [ 129.015576881951432, 35.084332192615008 ], [ 129.015576662331341, 35.084330398921487 ] ], [ [ 129.015581535890476, 35.084231518458054 ], [ 129.015567746255471, 35.084260426886409 ], [ 129.015572054663238, 35.084190813855855 ], [ 129.015581535890476, 35.084231518458054 ] ], [ [ 129.015701851996511, 35.083930673317489 ], [ 129.01567215171724, 35.083960584146162 ], [ 129.015791829164783, 35.083836505960008 ], [ 129.015701851996511, 35.083930673317489 ] ], [ [ 129.015869856110584, 35.083755544976135 ], [ 129.015864155268503, 35.08376232393038 ], [ 129.015882129657854, 35.08374356039041 ], [ 129.015869856110584, 35.083755544976135 ] ], [ [ 129.016002361828953, 35.083627580161192 ], [ 129.015909741548398, 35.083716592177197 ], [ 129.016125767503667, 35.083508918403872 ], [ 129.016002361828953, 35.083627580161192 ] ], [ [ 129.01648801265398, 35.083164344654776 ], [ 129.016486605724566, 35.083165807345473 ], [ 129.016496366670111, 35.08315564543031 ], [ 129.01648801265398, 35.083164344654776 ] ], [ [ 129.016652111880688, 35.083000140255642 ], [ 129.016633057399815, 35.083017983690993 ], [ 129.016654487304436, 35.082997973673152 ], [ 129.016652111880688, 35.083000140255642 ] ], [ [ 129.016720052620428, 35.082938234868706 ], [ 129.016718264676456, 35.082939864565553 ], [ 129.016734842487494, 35.082925478666525 ], [ 129.016720052620428, 35.082938234868706 ] ], [ [ 129.016804460021348, 35.082859426733634 ], [ 129.016913565028375, 35.082794752849246 ], [ 129.016734842487494, 35.082925478666525 ], [ 129.016804460021348, 35.082859426733634 ] ], [ [ 129.017059633310652, 35.082704824173071 ], [ 129.017110115321202, 35.082669884298895 ], [ 129.01710054395005, 35.082676907181593 ], [ 129.017059633310652, 35.082704824173071 ] ], [ [ 129.017400070249607, 35.082441124691222 ], [ 129.017400070249607, 35.082441124691229 ], [ 129.017304259500008, 35.082517591185237 ], [ 129.017400070249607, 35.082441124691222 ] ], [ [ 129.017555256868093, 35.082304475003575 ], [ 129.017523057394271, 35.08233246671309 ], [ 129.017578980355609, 35.082277403806337 ], [ 129.017555256868093, 35.082304475003575 ] ], [ [ 129.017641687953073, 35.082208314699457 ], [ 129.017700010310818, 35.082144066486798 ], [ 129.017578980355609, 35.082277403806337 ], [ 129.017641687953073, 35.082208314699457 ] ], [ [ 129.017700010310818, 35.082144066486798 ], [ 129.017922566265952, 35.081898864685655 ], [ 129.018029409302954, 35.081781158652298 ], [ 129.017700010310818, 35.082144066486798 ] ], [ [ 129.018724916671914, 35.081946074727909 ], [ 129.01880546676972, 35.081970346040521 ], [ 129.018736513119507, 35.081949570377994 ], [ 129.018724916671914, 35.081946074727909 ] ], [ [ 129.019192279367161, 35.082038099851324 ], [ 129.019168451041651, 35.08203395254106 ], [ 129.019369549929991, 35.082069035718135 ], [ 129.019192279367161, 35.082038099851324 ] ], [ [ 129.019437130946329, 35.082079607752625 ], [ 129.019437130946329, 35.082079607752632 ], [ 129.019405221037715, 35.082074618912536 ], [ 129.019437130946329, 35.082079607752625 ] ], [ [ 129.019668308575746, 35.082126309323378 ], [ 129.019789752060802, 35.082134367017872 ], [ 129.019721461373024, 35.082137955758228 ], [ 129.019668308575746, 35.082126309323378 ] ], [ [ 129.020449285571885, 35.082072053093022 ], [ 129.020608103720889, 35.082147241958907 ], [ 129.020324965049724, 35.082086052715411 ], [ 129.020449285571885, 35.082072053093022 ] ], [ [ 129.021169065588566, 35.082256538030755 ], [ 129.021485058215688, 35.08221783104316 ], [ 129.020850510440397, 35.082241287828452 ], [ 129.021169065588566, 35.082256538030755 ] ], [ [ 129.0216956456388, 35.082150621751502 ], [ 129.021599797058997, 35.082189450555461 ], [ 129.021793407097391, 35.082132091310257 ], [ 129.0216956456388, 35.082150621751502 ] ], [ [ 129.021793407097391, 35.082132091310257 ], [ 129.021858121924168, 35.082168099045404 ], [ 129.021974716647065, 35.082173379394185 ], [ 129.021793407097391, 35.082132091310257 ] ], [ [ 129.021959962897256, 35.082063838793559 ], [ 129.021942230370172, 35.082056820145972 ], [ 129.022026282811424, 35.082072697001884 ], [ 129.021959962897256, 35.082063838793559 ] ], [ [ 129.022152066803329, 35.082080084818138 ], [ 129.022138866663283, 35.082084192171344 ], [ 129.022191144538027, 35.082027546484177 ], [ 129.022152066803329, 35.082080084818138 ] ], [ [ 129.022191144538027, 35.082027546484177 ], [ 129.022232826568256, 35.081997037093906 ], [ 129.022270202985112, 35.081981265775198 ], [ 129.022191144538027, 35.082027546484177 ] ], [ [ 129.022306099242172, 35.081966116642604 ], [ 129.022402412029493, 35.081901183598703 ], [ 129.022280783282639, 35.081976802191917 ], [ 129.022306099242172, 35.081966116642604 ] ], [ [ 129.022405665812215, 35.081889915951649 ], [ 129.022410396012788, 35.081906320008784 ], [ 129.022402412029493, 35.081901183598703 ], [ 129.022405665812215, 35.081889915951649 ] ], [ [ 129.022420690525536, 35.08194205741988 ], [ 129.022463537129482, 35.081918912452409 ], [ 129.022410396012788, 35.081906320008784 ], [ 129.022420690525536, 35.08194205741988 ] ], [ [ 129.023004230537339, 35.08175055883833 ], [ 129.022955253488192, 35.081764580946263 ], [ 129.023131285727573, 35.08171517555968 ], [ 129.023004230537339, 35.08175055883833 ] ], [ [ 129.02378531207637, 35.081383380866512 ], [ 129.023725511945258, 35.081437365716326 ], [ 129.023826771993981, 35.081345957482625 ], [ 129.02378531207637, 35.081383380866512 ] ], [ [ 129.023830093605767, 35.081342946304147 ], [ 129.023927910985435, 35.081253764996276 ], [ 129.023826771993981, 35.081345957482625 ], [ 129.023830093605767, 35.081342946304147 ] ], [ [ 129.024154882450318, 35.081032617402393 ], [ 129.024154882450318, 35.081032617402386 ], [ 129.024156578127759, 35.081033281697991 ], [ 129.024154882450318, 35.081032617402393 ] ], [ [ 129.024614923569601, 35.081304888318336 ], [ 129.024983796902347, 35.081520540440401 ], [ 129.024796097557669, 35.081412683127759 ], [ 129.024614923569601, 35.081304888318336 ] ], [ [ 129.025145235348418, 35.081439512168664 ], [ 129.025078815178091, 35.081478604514317 ], [ 129.025188219614733, 35.081414400669665 ], [ 129.025145235348418, 35.081439512168664 ] ], [ [ 129.025372668696832, 35.081307561475974 ], [ 129.025350470183582, 35.081320163354654 ], [ 129.02542026102131, 35.081338815973645 ], [ 129.025372668696832, 35.081307561475974 ] ], [ [ 129.025608133353586, 35.08160350561409 ], [ 129.025608133353586, 35.081603505614112 ], [ 129.025581704956437, 35.081558291558281 ], [ 129.025608133353586, 35.08160350561409 ] ], [ [ 129.013404821925747, 35.104847310498968 ], [ 129.01238365699686, 35.10495597619424 ], [ 129.012473024904665, 35.104943150707491 ], [ 129.013103711703991, 35.104860472706648 ], [ 129.013319226022247, 35.10485094239715 ], [ 129.013404821925747, 35.104847310498968 ] ], [ [ 129.017571437666732, 35.106172246255255 ], [ 129.017571437670455, 35.106172246256257 ], [ 129.017565078238619, 35.106183793561357 ], [ 129.017571437666732, 35.106172246255255 ] ], [ [ 129.018111206390557, 35.105903558000186 ], [ 129.017599814565074, 35.106179877020857 ], [ 129.018111206386209, 35.105903558000357 ], [ 129.018327444189708, 35.1053497034762 ], [ 129.018360317660978, 35.105348275478093 ], [ 129.018111206390557, 35.105903558000186 ] ], [ [ 129.012759993496189, 35.10720206648822 ], [ 129.012746312069368, 35.107176054429416 ], [ 129.012771381890133, 35.107223707149309 ], [ 129.012759993496189, 35.10720206648822 ] ], [ [ 129.013133061330507, 35.107691399045628 ], [ 129.013037967341404, 35.107644131696247 ], [ 129.013154498143535, 35.107722069879323 ], [ 129.013133061330507, 35.107691399045628 ] ], [ [ 129.013167894776217, 35.107746946676286 ], [ 129.013168871665329, 35.107751678736975 ], [ 129.013154499175073, 35.107722071794825 ], [ 129.013167894776217, 35.107746946676286 ] ], [ [ 129.013665242997007, 35.108969064380538 ], [ 129.01359241051756, 35.108898837520663 ], [ 129.013607667099961, 35.108891805361061 ], [ 129.013665242997007, 35.108969064380538 ] ], [ [ 129.015712962642027, 35.10697092292844 ], [ 129.015712413113732, 35.106971672931941 ], [ 129.015712412051442, 35.106971671597115 ], [ 129.015712962642027, 35.10697092292844 ] ], [ [ 129.01577770437774, 35.106882889984249 ], [ 129.01577770729503, 35.106882891084361 ], [ 129.015777285189699, 35.106883459977574 ], [ 129.01577770437774, 35.106882889984249 ] ], [ [ 129.015991364109112, 35.106963509476138 ], [ 129.015937699108491, 35.106943218138539 ], [ 129.015982717851671, 35.106977310377779 ], [ 129.015991364109112, 35.106963509476138 ] ], [ [ 129.016167926700433, 35.107033821510036 ], [ 129.016206384053419, 35.1070424068213 ], [ 129.016103933547413, 35.107019758991065 ], [ 129.016167926700433, 35.107033821510036 ] ], [ [ 129.016691464791052, 35.107137098044156 ], [ 129.01672736620867, 35.107143763608363 ], [ 129.016676616278659, 35.107134356489432 ], [ 129.016691464791052, 35.107137098044156 ] ], [ [ 129.016773953292784, 35.107162488047493 ], [ 129.0167333564643, 35.10715395299507 ], [ 129.016788377381005, 35.107164604425208 ], [ 129.016773953292784, 35.107162488047493 ] ], [ [ 129.016897274628889, 35.107182609273899 ], [ 129.016897265943072, 35.107182608836567 ], [ 129.016845283755572, 35.107171754029345 ], [ 129.016897274628889, 35.107182609273899 ] ], [ [ 129.016973476389353, 35.10718623158845 ], [ 129.016918336803826, 35.107183669756466 ], [ 129.016914491174504, 35.107183476128654 ], [ 129.016973476389353, 35.10718623158845 ] ], [ [ 129.016682044549839, 35.107676835359285 ], [ 129.016633214006646, 35.107746237418269 ], [ 129.016751640641843, 35.107559397029043 ], [ 129.016682044549839, 35.107676835359285 ] ], [ [ 129.015497343458634, 35.115158376107495 ], [ 129.015497343456303, 35.115158376106514 ], [ 129.015552625132841, 35.115127056376885 ], [ 129.015497343458634, 35.115158376107495 ] ], [ [ 129.016513586026804, 35.115529182389103 ], [ 129.016513586023365, 35.115529182387789 ], [ 129.016522359167396, 35.115514939784028 ], [ 129.016513586026804, 35.115529182389103 ] ], [ [ 129.017217556217588, 35.115757678137534 ], [ 129.017217556221908, 35.115757678137378 ], [ 129.017196408549722, 35.115767992464932 ], [ 129.017217556217588, 35.115757678137534 ] ], [ [ 129.017351916660516, 35.115829958796056 ], [ 129.017351916658413, 35.115829958795139 ], [ 129.017399388958154, 35.115805498614094 ], [ 129.017351916660516, 35.115829958796056 ] ], [ [ 129.016876738787005, 35.120708223729871 ], [ 129.016876738791211, 35.12070822372975 ], [ 129.016863498764906, 35.120714868445113 ], [ 129.016876738787005, 35.120708223729871 ] ], [ [ 129.021253636153403, 35.093211031156429 ], [ 129.02158747333371, 35.093341989555398 ], [ 129.02106901211701, 35.093213810348495 ], [ 129.021253636153403, 35.093211031156429 ] ], [ [ 129.02198889249118, 35.093356866823541 ], [ 129.021988892495557, 35.093356866823328 ], [ 129.021990308823774, 35.093363320356652 ], [ 129.02198889249118, 35.093356866823541 ] ] ] ] } },
{ "type": "Feature", "properties": { "sigungu_cd": "26260", "sigungu_nm": "동래구" }, "geometry": { "type": "MultiPolygon", "coordinates": [ [ [ [ 129.114799300538692, 35.188433147244488 ], [ 129.115228140440081, 35.187631895400969 ], [ 129.115216572029595, 35.187603153191915 ], [ 129.114799300538692, 35.188433147244488 ] ] ], [ [ [ 129.091071956905978, 35.193027381416556 ], [ 129.083640637511337, 35.195444844839464 ], [ 129.080566052593326, 35.199343605355601 ], [ 129.078115501694555, 35.199535095843835 ], [ 129.071474105796682, 35.196353750562899 ], [ 129.07188558063126, 35.19524746597444 ], [ 129.064363703451761, 35.193724270341029 ], [ 129.062490731884424, 35.191697236481481 ], [ 129.057265868948519, 35.193373005599994 ], [ 129.052748359101031, 35.192258564372615 ], [ 129.04462355481553, 35.198415247989594 ], [ 129.044219659108677, 35.201727398161538 ], [ 129.046578945732705, 35.201849575892204 ], [ 129.050427370844403, 35.207200737174013 ], [ 129.051223147251164, 35.212990308126045 ], [ 129.055830835208837, 35.217712103606452 ], [ 129.058906696674995, 35.224810222700377 ], [ 129.077649515509535, 35.226265642948022 ], [ 129.081466312558234, 35.223338856291214 ], [ 129.082153205903552, 35.22438972937293 ], [ 129.087267597006047, 35.221862625313953 ], [ 129.083908499154916, 35.217219423436511 ], [ 129.092118720426754, 35.216568279417729 ], [ 129.106365670683715, 35.20956142058067 ], [ 129.107388480669499, 35.210764549393659 ], [ 129.110239848965136, 35.210175514540907 ], [ 129.110796737977779, 35.20400970602843 ], [ 129.116373235992683, 35.200926347978438 ], [ 129.114322763783292, 35.194764943448206 ], [ 129.114546588126984, 35.189092631021744 ], [ 129.11553635230905, 35.186020558679147 ], [ 129.115380503400701, 35.183330380579434 ], [ 129.112166755338677, 35.188600168992643 ], [ 129.108393135486011, 35.190305489274166 ], [ 129.091071956905978, 35.193027381416556 ] ], [ [ 129.088574774992054, 35.196546990598698 ], [ 129.088587172860571, 35.196640271325442 ], [ 129.08857898148932, 35.196578715065939 ], [ 129.088574774992054, 35.196546990598698 ] ], [ [ 129.091453029547694, 35.19381181161507 ], [ 129.091435058398048, 35.193814260854879 ], [ 129.091450318599044, 35.193812176410653 ], [ 129.091453029547694, 35.19381181161507 ] ], [ [ 129.092614894339704, 35.21003909206771 ], [ 129.092614894339647, 35.210039092067731 ], [ 129.092392836757853, 35.209454014293705 ], [ 129.092614894339704, 35.21003909206771 ] ], [ [ 129.09167436698695, 35.207959126321605 ], [ 129.09167436698695, 35.207959126321619 ], [ 129.09167254174875, 35.20795700436458 ], [ 129.09167436698695, 35.207959126321605 ] ], [ [ 129.091751695962529, 35.207873350525603 ], [ 129.091751695962586, 35.207873350525638 ], [ 129.091673570674971, 35.207893591174475 ], [ 129.091751695962529, 35.207873350525603 ] ], [ [ 129.091722582598322, 35.207665160951393 ], [ 129.091727911613901, 35.207744270710648 ], [ 129.091722582598322, 35.2076651609514 ], [ 129.091722582598322, 35.207665160951393 ] ], [ [ 129.091756159038738, 35.207540028871023 ], [ 129.09178622461269, 35.20744114284291 ], [ 129.091725542367357, 35.207654130536888 ], [ 129.091756159038738, 35.207540028871023 ] ], [ [ 129.092019404400332, 35.207445911832274 ], [ 129.092019404400276, 35.207445911832281 ], [ 129.091974919430726, 35.207439004722175 ], [ 129.092019404400332, 35.207445911832274 ] ], [ [ 129.092072221608987, 35.207440103689137 ], [ 129.09207222160893, 35.207440103689144 ], [ 129.092057594368242, 35.2074210962015 ], [ 129.092072221608987, 35.207440103689137 ] ], [ [ 129.09202844785645, 35.207183612912395 ], [ 129.091984074080443, 35.207276755308506 ], [ 129.092023951839877, 35.207189565169955 ], [ 129.09202844785645, 35.207183612912395 ] ], [ [ 129.092061126170819, 35.207140323775917 ], [ 129.092061126170819, 35.207140323775924 ], [ 129.092057921722784, 35.207102848138874 ], [ 129.092061126170819, 35.207140323775917 ] ], [ [ 129.092077223499075, 35.206999881765014 ], [ 129.092055785424094, 35.207077864380835 ], [ 129.092055785424094, 35.207077864380814 ], [ 129.092077223499075, 35.206999881765014 ] ], [ [ 129.09215684962308, 35.206610890614051 ], [ 129.092156849623109, 35.206610890614087 ], [ 129.092138567826595, 35.206663092340605 ], [ 129.09215684962308, 35.206610890614051 ] ], [ [ 129.09212778578646, 35.206546556155651 ], [ 129.092127785786545, 35.206546556155651 ], [ 129.092138217063479, 35.206553543436058 ], [ 129.09212778578646, 35.206546556155651 ] ], [ [ 129.091942948614161, 35.206338392972405 ], [ 129.091942948614189, 35.206338392972377 ], [ 129.091989378641074, 35.206416234709664 ], [ 129.091942948614161, 35.206338392972405 ] ], [ [ 129.091860265478914, 35.206248860769776 ], [ 129.091860265478857, 35.20624886076974 ], [ 129.091882244228543, 35.206262364573455 ], [ 129.091860265478914, 35.206248860769776 ] ], [ [ 129.091814859387824, 35.206202925927997 ], [ 129.091814859387824, 35.206202925928011 ], [ 129.091685323865221, 35.206149482472 ], [ 129.091814859387824, 35.206202925927997 ] ], [ [ 129.091685323865221, 35.206149482472 ], [ 129.091341259552024, 35.206047886087191 ], [ 129.091161937565857, 35.205958785646189 ], [ 129.091341259552024, 35.206047886087163 ], [ 129.09154161852851, 35.206092984838044 ], [ 129.091685323865221, 35.206149482472 ] ], [ [ 129.09115071090369, 35.205836030388838 ], [ 129.091214123176684, 35.205679239004503 ], [ 129.091161937565857, 35.205958785646189 ], [ 129.09115071090369, 35.205836030388838 ] ], [ [ 129.090768858971956, 35.205167079532586 ], [ 129.090918093241356, 35.205415092763481 ], [ 129.090811922268671, 35.20533567227892 ], [ 129.090768858971956, 35.205167079532586 ] ], [ [ 129.090090763571283, 35.204337869306634 ], [ 129.090090763571339, 35.204337869306634 ], [ 129.090190743477734, 35.204431491165337 ], [ 129.090090763571283, 35.204337869306634 ] ], [ [ 129.089971169554019, 35.203828154302414 ], [ 129.089918651760655, 35.203702995424628 ], [ 129.089889610507413, 35.203669441510058 ], [ 129.089918651760712, 35.203702995424628 ], [ 129.089971169554076, 35.203828154302435 ], [ 129.090054837969291, 35.203919039135549 ], [ 129.090060123056844, 35.203952243271232 ], [ 129.089971169554019, 35.203828154302414 ] ], [ [ 129.089848611555112, 35.203622015375572 ], [ 129.089804979490708, 35.20359237379563 ], [ 129.089866224438452, 35.20364243397028 ], [ 129.089848611555112, 35.203622015375572 ] ], [ [ 129.089729981702533, 35.203594971341069 ], [ 129.089716344670506, 35.203606499836688 ], [ 129.089788828026911, 35.203581408201721 ], [ 129.089729981702533, 35.203594971341069 ] ], [ [ 129.089521136822839, 35.203718788391008 ], [ 129.089521136822896, 35.203718788390965 ], [ 129.089549214144597, 35.203708089027451 ], [ 129.089521136822839, 35.203718788391008 ] ], [ [ 129.089379813950984, 35.203625871965038 ], [ 129.089419824717027, 35.203661085617981 ], [ 129.08937981395124, 35.203625871965379 ], [ 129.089379813950984, 35.203625871965038 ] ], [ [ 129.089439112884435, 35.20372641934641 ], [ 129.089473929524758, 35.203731171187066 ], [ 129.089473929524786, 35.203731171187094 ], [ 129.089439112884435, 35.20372641934641 ] ], [ [ 129.087087962156431, 35.203934784133949 ], [ 129.087139659029219, 35.203909690081922 ], [ 129.087135739124363, 35.203941546499749 ], [ 129.087087962156431, 35.203934784133949 ] ], [ [ 129.084924933719435, 35.204054821883481 ], [ 129.084855399116464, 35.204141579491399 ], [ 129.084937436307939, 35.204038769266589 ], [ 129.084924933719435, 35.204054821883481 ] ], [ [ 129.07984163012344, 35.212018560950661 ], [ 129.07976547403922, 35.211903875091082 ], [ 129.07984767426592, 35.212027653008299 ], [ 129.07984163012344, 35.212018560950661 ] ], [ [ 129.09603155823018, 35.204674895434863 ], [ 129.095513032644789, 35.204795449030719 ], [ 129.096801573235837, 35.204488532720461 ], [ 129.09603155823018, 35.204674895434863 ] ], [ [ 129.098149804310481, 35.203925734434421 ], [ 129.098149804310481, 35.20392573443447 ], [ 129.097848104385861, 35.20408109699342 ], [ 129.098149804310481, 35.203925734434421 ] ], [ [ 129.098426248731528, 35.203671468396017 ], [ 129.098426248731585, 35.203671468395989 ], [ 129.098470690672741, 35.203726568258922 ], [ 129.098426248731528, 35.203671468396017 ] ], [ [ 129.098566492599275, 35.203596499037523 ], [ 129.09855948641939, 35.20367955487113 ], [ 129.098567119187777, 35.203593719602424 ], [ 129.098566492599275, 35.203596499037523 ] ], [ [ 129.098596745466693, 35.203457126350166 ], [ 129.098580129477483, 35.203533849287993 ], [ 129.098769703541677, 35.20290419063106 ], [ 129.098596745466693, 35.203457126350166 ] ], [ [ 129.099466685761428, 35.202621957140757 ], [ 129.099362082640056, 35.202666588887219 ], [ 129.099597078085509, 35.202566508741619 ], [ 129.099466685761428, 35.202621957140757 ] ], [ [ 129.099717974445156, 35.202285730837367 ], [ 129.099996343141044, 35.201642212300179 ], [ 129.099597078085509, 35.202566508741619 ], [ 129.099717974445156, 35.202285730837367 ] ], [ [ 129.100121351235259, 35.201494740038179 ], [ 129.1001038545418, 35.201495030478817 ], [ 129.100122433038138, 35.201494542137844 ], [ 129.100121351235259, 35.201494740038179 ] ], [ [ 129.102210169616143, 35.201111028498971 ], [ 129.101057181271301, 35.201321455778775 ], [ 129.102571149985721, 35.201045379830028 ], [ 129.102210169616143, 35.201111028498971 ] ], [ [ 129.10360688106644, 35.200858382035776 ], [ 129.103740409493696, 35.200834002333238 ], [ 129.102571149985721, 35.201045379830028 ], [ 129.10360688106644, 35.200858382035776 ] ], [ [ 129.104931699644396, 35.200725570133592 ], [ 129.104931699644339, 35.200725570133635 ], [ 129.104661401978433, 35.200684699325727 ], [ 129.104931699644396, 35.200725570133592 ] ], [ [ 129.105938144678305, 35.200657915963319 ], [ 129.105468062036095, 35.200683039696365 ], [ 129.107131624593393, 35.200597655851595 ], [ 129.105938144678305, 35.200657915963319 ] ], [ [ 129.108104420178307, 35.200930578115575 ], [ 129.1081168070302, 35.201165819139831 ], [ 129.108116807030143, 35.201165819139838 ], [ 129.108104420178307, 35.200930578115575 ] ], [ [ 129.109092205558255, 35.201035792794315 ], [ 129.109100674555577, 35.201031959682254 ], [ 129.109092205558312, 35.201035792794308 ], [ 129.109092205558255, 35.201035792794315 ] ], [ [ 129.109180095481406, 35.200983256158473 ], [ 129.109175932513637, 35.200986481393059 ], [ 129.109209476193513, 35.200946274731763 ], [ 129.109180095481406, 35.200983256158473 ] ], [ [ 129.109231870519949, 35.200857652251656 ], [ 129.109228557285263, 35.200812093532953 ], [ 129.109231870519949, 35.200857652251628 ], [ 129.109231870519949, 35.200857652251656 ] ], [ [ 129.109205363771594, 35.200493170526663 ], [ 129.109205363771594, 35.200493170526656 ], [ 129.110627704790858, 35.200461430932677 ], [ 129.109205363771594, 35.200493170526663 ] ], [ [ 129.111010127186063, 35.200476317130807 ], [ 129.111074348895926, 35.200738192066929 ], [ 129.11101693289055, 35.200504344109575 ], [ 129.111010127186063, 35.200476317130807 ] ], [ [ 129.113111113952669, 35.200324054320077 ], [ 129.113111113952698, 35.200324054320092 ], [ 129.113131523385107, 35.200347045196821 ], [ 129.113111113952669, 35.200324054320077 ] ], [ [ 129.113275095169683, 35.200508769570526 ], [ 129.113211475764018, 35.200437085173959 ], [ 129.11341284477362, 35.200611022035226 ], [ 129.113275095169683, 35.200508769570526 ] ], [ [ 129.089017277277293, 35.201137433721648 ], [ 129.089017278338588, 35.201137872356064 ], [ 129.089016920546442, 35.201316069222941 ], [ 129.089017277277293, 35.201137433721648 ] ], [ [ 129.090322757939049, 35.200463794126222 ], [ 129.090350968468528, 35.200453768448504 ], [ 129.090237138401619, 35.200494232383697 ], [ 129.090322757939049, 35.200463794126222 ] ], [ [ 129.093893146322046, 35.209563924104238 ], [ 129.093511919634068, 35.209634790056505 ], [ 129.093903857437397, 35.209505353442729 ], [ 129.093893146322046, 35.209563924104238 ] ], [ [ 129.094397699922183, 35.208256097442707 ], [ 129.094599765240929, 35.207996422951886 ], [ 129.094186673614473, 35.208776030071519 ], [ 129.094397699922183, 35.208256097442707 ] ], [ [ 129.094916984309179, 35.207588727596921 ], [ 129.095004006249638, 35.207521726322064 ], [ 129.094916403488696, 35.207589480578442 ], [ 129.094916984309179, 35.207588727596921 ] ], [ [ 129.095128669947485, 35.207431621369786 ], [ 129.095131265604351, 35.207419794085794 ], [ 129.095004006249638, 35.207521726322064 ], [ 129.095128669947485, 35.207431621369786 ] ], [ [ 129.095372923712716, 35.207004220429788 ], [ 129.095345457610819, 35.207032715303278 ], [ 129.095379724444541, 35.20699718464278 ], [ 129.095372923712716, 35.207004220429788 ] ], [ [ 129.095726492078427, 35.206579410908169 ], [ 129.095742286250754, 35.206562273003627 ], [ 129.095725373654602, 35.206621227870606 ], [ 129.095726492078427, 35.206579410908169 ] ], [ [ 129.095827288928405, 35.206469548235965 ], [ 129.095831667695535, 35.206392683657285 ], [ 129.095742286250754, 35.206562273003627 ], [ 129.095827288928405, 35.206469548235965 ] ], [ [ 129.095850407351747, 35.206043823677504 ], [ 129.095841803165769, 35.206215654356072 ], [ 129.095850386573574, 35.206025869885792 ], [ 129.095850407351747, 35.206043823677504 ] ], [ [ 129.095850698708318, 35.205916012335045 ], [ 129.095850286869364, 35.205939718102989 ], [ 129.095850286869364, 35.205939718102947 ], [ 129.095850698708318, 35.205916012335045 ] ], [ [ 129.095851827534972, 35.20584759915733 ], [ 129.095852349882421, 35.205817751743638 ], [ 129.095850698708318, 35.205916012335045 ], [ 129.095851827534972, 35.20584759915733 ] ], [ [ 129.09585091704497, 35.205725106699809 ], [ 129.095837151783911, 35.205684256453132 ], [ 129.095851876351531, 35.20575656378125 ], [ 129.09585091704497, 35.205725106699809 ] ], [ [ 129.095682825623101, 35.205284302986861 ], [ 129.095755599017792, 35.205479324548158 ], [ 129.095700783415936, 35.205334399226615 ], [ 129.095682825623101, 35.205284302986861 ] ], [ [ 129.095621789492014, 35.205113810723063 ], [ 129.095617533170355, 35.205100543518583 ], [ 129.095632887935153, 35.205144818622195 ], [ 129.095621789492014, 35.205113810723063 ] ] ] ] } },
{ "type": "Feature", "properties": { "sigungu_cd": "26230", "sigungu_nm": "부산진구" }, "geometry": { "type": "MultiPolygon", "coordinates": [ [ [ [ 129.063045606251478, 35.148619294418538 ], [ 129.064538960878679, 35.14141544759584 ], [ 129.051976285053144, 35.142124982170564 ], [ 129.04640927181751, 35.145661443170916 ], [ 129.041201283955985, 35.146134177858102 ], [ 129.039134412640891, 35.144044500794045 ], [ 129.038357311373176, 35.139718953014928 ], [ 129.03362598272156, 35.137124561356053 ], [ 129.016486073126771, 35.13550932252182 ], [ 129.0121600917291, 35.137456103997927 ], [ 129.016251861657679, 35.143352384053948 ], [ 129.014038130471221, 35.145816278456053 ], [ 129.016300129858337, 35.147315411657416 ], [ 129.016875989773837, 35.151794631421502 ], [ 129.015457221980284, 35.156291605599641 ], [ 129.010596864836145, 35.15873768201817 ], [ 129.01134343209236, 35.162833190889963 ], [ 129.012902417795004, 35.166522828636857 ], [ 129.018896522147088, 35.165068841908052 ], [ 129.020141088448156, 35.164978574853627 ], [ 129.020348746547711, 35.164964166022557 ], [ 129.021853052689607, 35.164870667799704 ], [ 129.012902417799239, 35.166522828636694 ], [ 129.010572632334856, 35.173577966000352 ], [ 129.021082332135677, 35.182051881976072 ], [ 129.020719321685618, 35.186693791830585 ], [ 129.025572329895851, 35.1917406211303 ], [ 129.025553913746421, 35.19407259780106 ], [ 129.032446158760308, 35.195907124100209 ], [ 129.036364597286251, 35.199146525819927 ], [ 129.044126297340483, 35.199441538173389 ], [ 129.048256490304112, 35.194552453774349 ], [ 129.047599839828138, 35.190465650948603 ], [ 129.051304750888562, 35.184888435231535 ], [ 129.061141401800398, 35.184017445378636 ], [ 129.062609242214648, 35.177356570463182 ], [ 129.065703736133543, 35.176969757449747 ], [ 129.0663712293385, 35.175148128695469 ], [ 129.067233953617034, 35.176575450647725 ], [ 129.070263131763312, 35.175796792762007 ], [ 129.071975375671059, 35.179563982892603 ], [ 129.074875999874024, 35.179128357387597 ], [ 129.07567787373776, 35.176484941848472 ], [ 129.081791875129625, 35.171976386673172 ], [ 129.081306961385479, 35.167639305016543 ], [ 129.078103887952835, 35.164379761979212 ], [ 129.082844841165013, 35.15817647648516 ], [ 129.078664607164427, 35.150555096020824 ], [ 129.075052523773024, 35.150565870923167 ], [ 129.07069644206311, 35.14813035974089 ], [ 129.066788393389061, 35.147754897803622 ], [ 129.06555175716602, 35.149468514464488 ], [ 129.063045606251478, 35.148619294418538 ] ], [ [ 129.050021361208991, 35.158168042510624 ], [ 129.050371807117642, 35.158022269527343 ], [ 129.050501731080942, 35.157871158859678 ], [ 129.050021361208991, 35.158168042510624 ] ], [ [ 129.055335096284836, 35.162384370797106 ], [ 129.055335096284836, 35.162384370797113 ], [ 129.055309004661751, 35.162498349671267 ], [ 129.055335096284836, 35.162384370797106 ] ], [ [ 129.05275071125098, 35.15853955573143 ], [ 129.052731799703963, 35.158555761083768 ], [ 129.052750711251093, 35.158539555727472 ], [ 129.05275071125098, 35.15853955573143 ] ], [ [ 129.052230347167495, 35.157823927656736 ], [ 129.052226220702494, 35.15782438006395 ], [ 129.052263775867146, 35.157820218083437 ], [ 129.052230347167495, 35.157823927656736 ] ], [ [ 129.050853164187885, 35.157891305559858 ], [ 129.051022483340574, 35.157876201786173 ], [ 129.050923546661181, 35.157886842169184 ], [ 129.050853164187885, 35.157891305559858 ] ], [ [ 129.050804749543829, 35.157778655882971 ], [ 129.050698699739996, 35.157860181560174 ], [ 129.050669669210492, 35.15787735516296 ], [ 129.050804749543829, 35.157778655882971 ] ], [ [ 129.045792119001845, 35.156542844108202 ], [ 129.045792119006393, 35.156542844108031 ], [ 129.045815299981797, 35.156605939519331 ], [ 129.045299854512081, 35.157066332249265 ], [ 129.044948209610567, 35.157298837462868 ], [ 129.044535796379023, 35.157393509985717 ], [ 129.044948209605963, 35.157298837463031 ], [ 129.045792119001845, 35.156542844108202 ] ], [ [ 129.046480128512002, 35.156455203905452 ], [ 129.046089464819062, 35.156492547430673 ], [ 129.046089464817896, 35.156492547430531 ], [ 129.046480128512002, 35.156455203905452 ] ], [ [ 129.046658983405877, 35.15650043941946 ], [ 129.046658983410509, 35.15650043941924 ], [ 129.046627694183002, 35.156502389006171 ], [ 129.046658983405877, 35.15650043941946 ] ], [ [ 129.048523766325815, 35.157238353893455 ], [ 129.048523766330561, 35.157238353893263 ], [ 129.048509525104748, 35.157284662051097 ], [ 129.048523766325815, 35.157238353893455 ] ], [ [ 129.029029677442935, 35.155717806915185 ], [ 129.029113044353181, 35.155782793675733 ], [ 129.02933108519548, 35.155938840456592 ], [ 129.029634255576269, 35.15607885898681 ], [ 129.029808810196442, 35.156190640423276 ], [ 129.030221216208417, 35.15635586079771 ], [ 129.030287038213373, 35.156397785220506 ], [ 129.030496119048536, 35.156531000684744 ], [ 129.030683039414811, 35.156596808754415 ], [ 129.030805478540628, 35.156656800408733 ], [ 129.030903297222238, 35.156677543894197 ], [ 129.030805478536166, 35.156656800408946 ], [ 129.030496119044017, 35.156531000684872 ], [ 129.030221216204012, 35.15635586079793 ], [ 129.029808810191895, 35.156190640423418 ], [ 129.029331085190961, 35.15593884045672 ], [ 129.029026407732715, 35.15575289743613 ], [ 129.029029677442935, 35.155717806915185 ] ], [ [ 129.038811718485789, 35.155936719979856 ], [ 129.038333456291554, 35.156230600303886 ], [ 129.038553391017018, 35.156068784879402 ], [ 129.038692280117289, 35.155969466952897 ], [ 129.038780366468615, 35.155945310550166 ], [ 129.038782473429535, 35.155944733033316 ], [ 129.038811718485789, 35.155936719979856 ] ], [ [ 129.039190288128225, 35.156041619571376 ], [ 129.040225861046025, 35.155792311056032 ], [ 129.040298676127634, 35.155782291692724 ], [ 129.04039304521956, 35.15577000295611 ], [ 129.039190288128225, 35.156041619571376 ] ], [ [ 129.023193486410179, 35.164805059320528 ], [ 129.026566598871057, 35.164239266575187 ], [ 129.022525240123798, 35.164859339837676 ], [ 129.023193486410179, 35.164805059320528 ] ], [ [ 129.028622106397677, 35.165617029641112 ], [ 129.029784686178374, 35.163371723873908 ], [ 129.029841660685861, 35.16336433745181 ], [ 129.029875488140277, 35.163361562359142 ], [ 129.030101249563955, 35.163343022383266 ], [ 129.030283360120194, 35.163328070763498 ], [ 129.030328284083765, 35.163324382534071 ], [ 129.028622106397677, 35.165617029641112 ] ], [ [ 129.030356833959161, 35.163323308418398 ], [ 129.030364691386865, 35.163323012802877 ], [ 129.030364691387035, 35.163323012802877 ], [ 129.030356833959161, 35.163323308418398 ] ], [ [ 129.032089263087244, 35.158943446373634 ], [ 129.030794465610143, 35.16318202772603 ], [ 129.030781937124317, 35.163138224929106 ], [ 129.030771274587181, 35.163094421678906 ], [ 129.030761270496896, 35.163050257726212 ], [ 129.030752473753694, 35.163006003344897 ], [ 129.030744884323099, 35.162961568399624 ], [ 129.030738502235636, 35.162917043026212 ], [ 129.030733986052809, 35.162872427065501 ], [ 129.030730238101711, 35.16282754051219 ], [ 129.030727478031338, 35.162782743855182 ], [ 129.030727033594047, 35.16276769134047 ], [ 129.030726365694704, 35.162741642353389 ], [ 129.030734671712167, 35.162641860387865 ], [ 129.030739048871766, 35.162604903789266 ], [ 129.030754493922899, 35.162518099600689 ], [ 129.030860642767465, 35.162212794056124 ], [ 129.031111796066995, 35.161490477246041 ], [ 129.031121039066278, 35.161463876001726 ], [ 129.031151191179219, 35.161377158278107 ], [ 129.031861997656222, 35.159339919645326 ], [ 129.032089263087244, 35.158943446373634 ] ], [ [ 129.032777165262075, 35.159114473815926 ], [ 129.032831346878766, 35.158759379929528 ], [ 129.032826338487013, 35.158721533321419 ], [ 129.03319798515389, 35.158452454052593 ], [ 129.033264080105283, 35.158426054042664 ], [ 129.033451473232162, 35.158393132253543 ], [ 129.033445061612213, 35.158248024760994 ], [ 129.03344777095478, 35.158103852265057 ], [ 129.033470721066436, 35.158021146850132 ], [ 129.033746571030008, 35.157450831143734 ], [ 129.033451473236681, 35.158393132253423 ], [ 129.032777165262075, 35.159114473815926 ] ], [ [ 129.033560510780092, 35.157490332935041 ], [ 129.033560510784611, 35.157490332934863 ], [ 129.033612039392466, 35.157488823014482 ], [ 129.033560510780092, 35.157490332935041 ] ], [ [ 129.031526344066094, 35.156423118395779 ], [ 129.032620601600229, 35.157222839832386 ], [ 129.032455002072851, 35.157125049212091 ], [ 129.031526344066094, 35.156423118395779 ] ], [ [ 129.055514451758796, 35.162429250448383 ], [ 129.055514451763571, 35.16242925044827 ], [ 129.055490638494831, 35.16245287656227 ], [ 129.055514451758796, 35.162429250448383 ] ], [ [ 129.056052231406483, 35.16270780722202 ], [ 129.056049566397917, 35.162711044285842 ], [ 129.056049566395018, 35.162711044283661 ], [ 129.056052231406483, 35.16270780722202 ] ], [ [ 129.057760430059432, 35.163771894385441 ], [ 129.057760430064263, 35.163771894385214 ], [ 129.057741006925738, 35.163778717650885 ], [ 129.057760430059432, 35.163771894385441 ] ], [ [ 129.058597916830735, 35.16435852722072 ], [ 129.05861588563647, 35.164422226459259 ], [ 129.05859791682505, 35.164358527217878 ], [ 129.058597916830735, 35.16435852722072 ] ], [ [ 129.059716855501676, 35.165015964736568 ], [ 129.059703222855944, 35.165031321352679 ], [ 129.059716855498522, 35.165015964734792 ], [ 129.059716855501676, 35.165015964736568 ] ], [ [ 129.060582596068571, 35.165490423644748 ], [ 129.060713278372617, 35.165426003100244 ], [ 129.060826996541778, 35.165369243227147 ], [ 129.060582596068571, 35.165490423644748 ] ], [ [ 129.061218543089439, 35.165589657086024 ], [ 129.061218543094299, 35.165589657085896 ], [ 129.061192737614277, 35.165604794536065 ], [ 129.061218543089439, 35.165589657086024 ] ], [ [ 129.061326258129924, 35.165564338936221 ], [ 129.061431327457314, 35.165508682423862 ], [ 129.06153697422647, 35.165402594770796 ], [ 129.061543466445443, 35.165379778277959 ], [ 129.061555213764137, 35.165338526485684 ], [ 129.06160299214892, 35.165261500087517 ], [ 129.061713786838908, 35.165141276486786 ], [ 129.061731477815812, 35.165062949022712 ], [ 129.061759188475833, 35.164997208484742 ], [ 129.061800549098763, 35.164925304891177 ], [ 129.061798613655469, 35.164920420515756 ], [ 129.061825480907714, 35.164812659249087 ], [ 129.061326258129924, 35.165564338936221 ] ], [ [ 129.061919497996286, 35.164819300402449 ], [ 129.061882418878326, 35.164847468196896 ], [ 129.061882418875797, 35.164847468195347 ], [ 129.061919497996286, 35.164819300402449 ] ], [ [ 129.062152870244887, 35.164988115481648 ], [ 129.062536274299163, 35.164783171136214 ], [ 129.063137467876174, 35.164461876219931 ], [ 129.063450668652223, 35.164293388418827 ], [ 129.063658682556252, 35.16418202761907 ], [ 129.063743098797232, 35.164136249524006 ], [ 129.063658682561027, 35.16418202761885 ], [ 129.063450668657083, 35.164293388418685 ], [ 129.063360217491294, 35.164342252025456 ], [ 129.063137467881091, 35.164461876219811 ], [ 129.062974601898475, 35.164549237176416 ], [ 129.062441981986296, 35.164834244308516 ], [ 129.062152870244887, 35.164988115481648 ] ], [ [ 129.064270375587824, 35.164222867788986 ], [ 129.064112766142699, 35.164306604107871 ], [ 129.064112766141335, 35.164306604106187 ], [ 129.064270375587824, 35.164222867788986 ] ], [ [ 129.067332941998814, 35.169568720900706 ], [ 129.067332942003702, 35.1695687209006 ], [ 129.067242351737974, 35.169571906847771 ], [ 129.067332941998814, 35.169568720900706 ] ], [ [ 129.067949969389616, 35.169044913686534 ], [ 129.067965780235653, 35.169562173742108 ], [ 129.067965780230708, 35.169562173742136 ], [ 129.067949969389616, 35.169044913686534 ] ], [ [ 129.068460645638282, 35.168922706168125 ], [ 129.068295543943634, 35.167663660446273 ], [ 129.068395508023514, 35.16763596973734 ], [ 129.069005426613671, 35.167567642020181 ], [ 129.069003349228609, 35.167550995175169 ], [ 129.069062954505029, 35.167539992445761 ], [ 129.068460645638282, 35.168922706168125 ] ], [ [ 129.06912406678569, 35.167585864265995 ], [ 129.069124066790607, 35.167585864265774 ], [ 129.069099341069375, 35.167604869599728 ], [ 129.06912406678569, 35.167585864265995 ] ], [ [ 129.069639863535883, 35.167114951171087 ], [ 129.069364895028002, 35.16746661558853 ], [ 129.069332759088894, 35.167444730705078 ], [ 129.069336952230003, 35.167431586617518 ], [ 129.069639863535883, 35.167114951171087 ] ], [ [ 129.069807246171536, 35.167101886352292 ], [ 129.070057429850351, 35.167028735257993 ], [ 129.069774543825815, 35.167111450138385 ], [ 129.069807246171536, 35.167101886352292 ] ], [ [ 129.070185689658473, 35.166974238805423 ], [ 129.071922465835456, 35.165908120001433 ], [ 129.072814705276727, 35.165400396749042 ], [ 129.075062229749022, 35.164337779519798 ], [ 129.075264391433734, 35.164302476653667 ], [ 129.070185689658473, 35.166974238805423 ] ], [ [ 129.061755449468933, 35.170295223565297 ], [ 129.061799445603867, 35.170592458973609 ], [ 129.061758926316003, 35.17032105462178 ], [ 129.061755449468933, 35.170295223565297 ] ], [ [ 129.061842889389197, 35.170988446890853 ], [ 129.061823374910773, 35.170992359478525 ], [ 129.061839497951325, 35.170989124596716 ], [ 129.061842889389197, 35.170988446890853 ] ] ] ] } },
{ "type": "Feature", "properties": { "sigungu_cd": "26290", "sigungu_nm": "남구" }, "geometry": { "type": "MultiPolygon", "coordinates": [ [ [ [ 129.127102280627298, 35.090976764209678 ], [ 129.126571179127268, 35.091301011488618 ], [ 129.127401103968111, 35.091425856581218 ], [ 129.127102280627298, 35.090976764209678 ] ] ], [ [ [ 129.127518852653139, 35.091790363239674 ], [ 129.126465140383971, 35.092333066135424 ], [ 129.127647012703562, 35.092185316032555 ], [ 129.127518852653139, 35.091790363239674 ] ] ], [ [ [ 129.102277000782266, 35.094488437129627 ], [ 129.105827895891849, 35.091333630572954 ], [ 129.104987980160757, 35.092032097199507 ], [ 129.09968472568039, 35.09126070495504 ], [ 129.099188121253491, 35.091591907196459 ], [ 129.104950952424559, 35.092063135760405 ], [ 129.102277000782266, 35.094488437129627 ] ] ], [ [ [ 129.127112495564262, 35.092824514931024 ], [ 129.126550819287928, 35.093006026609558 ], [ 129.127307730175403, 35.093128297585402 ], [ 129.127112495564262, 35.092824514931024 ] ] ], [ [ [ 129.126746020656469, 35.093791003539458 ], [ 129.126172510385913, 35.09399127404928 ], [ 129.126541092222311, 35.094478379170162 ], [ 129.126746020656469, 35.093791003539458 ] ] ], [ [ [ 129.10956007943355, 35.091475480126938 ], [ 129.114013974438365, 35.097836861901939 ], [ 129.113812057625779, 35.0983903964189 ], [ 129.114346870943933, 35.09794399494951 ], [ 129.10956007943355, 35.091475480126938 ] ] ], [ [ [ 129.11833428779164, 35.097534846176472 ], [ 129.119259772170551, 35.097206079357619 ], [ 129.118358073396905, 35.097018377807601 ], [ 129.11833428779164, 35.097534846176472 ] ] ], [ [ [ 129.124584219313618, 35.097361294781074 ], [ 129.123807913101473, 35.097743501775057 ], [ 129.124604679710643, 35.097883397959443 ], [ 129.124584219313618, 35.097361294781074 ] ] ], [ [ [ 129.12372335336363, 35.098278582485335 ], [ 129.124285388487266, 35.098052123635043 ], [ 129.123720930031567, 35.097823450350624 ], [ 129.12372335336363, 35.098278582485335 ] ] ], [ [ [ 129.095691011577571, 35.093590477590368 ], [ 129.092935147973918, 35.10927441992812 ], [ 129.092749399902004, 35.107561971342164 ], [ 129.091739866163834, 35.108872497248505 ], [ 129.090286708251341, 35.108762432880106 ], [ 129.089527083327397, 35.108490386880412 ], [ 129.090351777886838, 35.103613602642135 ], [ 129.074993009437634, 35.103618727846595 ], [ 129.065320162263788, 35.109150691416801 ], [ 129.065230743826447, 35.109685156309965 ], [ 129.066448787726046, 35.11127352091507 ], [ 129.066864725151248, 35.111395521878435 ], [ 129.065311495793793, 35.109571091445062 ], [ 129.067383443729909, 35.108166146066608 ], [ 129.069598807703471, 35.110907568447516 ], [ 129.068420127657618, 35.112426254387046 ], [ 129.069533410027475, 35.11398008684796 ], [ 129.073821399526622, 35.116711251791074 ], [ 129.072244244580133, 35.118783069541799 ], [ 129.071025361262883, 35.117413228680547 ], [ 129.069560323054674, 35.118309049338812 ], [ 129.073038450106196, 35.122168754085735 ], [ 129.074954708225135, 35.121703605893224 ], [ 129.069975205446724, 35.123135476135857 ], [ 129.068661256573336, 35.121684570806856 ], [ 129.06562847966012, 35.122976782680396 ], [ 129.066812936062689, 35.125659859648721 ], [ 129.066192507118728, 35.138350553412288 ], [ 129.063273932765355, 35.143379265378506 ], [ 129.063004228372421, 35.14871418322943 ], [ 129.070731111601958, 35.148159111225752 ], [ 129.075032780625406, 35.150590030248644 ], [ 129.078678372759896, 35.150535771183385 ], [ 129.0828401371555, 35.158191955911398 ], [ 129.095435297979179, 35.161323159706647 ], [ 129.102380489854141, 35.148708692796575 ], [ 129.10340392789837, 35.143948041875248 ], [ 129.102227887974038, 35.142605823263352 ], [ 129.111232614860597, 35.135747681752292 ], [ 129.106528115899465, 35.130307375671464 ], [ 129.11228407171825, 35.135078277451697 ], [ 129.117796952127719, 35.132109984602522 ], [ 129.113095841077381, 35.126263143545017 ], [ 129.11268286460205, 35.125253892281279 ], [ 129.113071001554232, 35.125289535762761 ], [ 129.117193231313962, 35.128433441882819 ], [ 129.12151313217538, 35.135346752439204 ], [ 129.120608613033966, 35.133673597547208 ], [ 129.122431663708994, 35.132062523980494 ], [ 129.122280561675325, 35.1265533791222 ], [ 129.128730081795908, 35.117648443542436 ], [ 129.127040611244951, 35.113377231668466 ], [ 129.128018977216811, 35.110776489143426 ], [ 129.12346847446787, 35.101946342624608 ], [ 129.124787895843497, 35.100735188878005 ], [ 129.123906871413368, 35.099408590003208 ], [ 129.115811429971586, 35.100371977569253 ], [ 129.112981303078442, 35.103152723746824 ], [ 129.110419790615083, 35.101090246340469 ], [ 129.110261815820138, 35.100961889861004 ], [ 129.113426440840328, 35.098468540863671 ], [ 129.109871723111127, 35.100645040538112 ], [ 129.102159867545055, 35.094393620801945 ], [ 129.098788759021232, 35.095407073918061 ], [ 129.099193000458598, 35.091545212561456 ], [ 129.095691011577571, 35.093590477590368 ] ], [ [ 129.113407010515886, 35.103059968701864 ], [ 129.113332189708643, 35.10315855675239 ], [ 129.113408400878285, 35.103058083569188 ], [ 129.113407010515886, 35.103059968701864 ] ], [ [ 129.104300147875676, 35.125891600431409 ], [ 129.104116369382837, 35.124401752275482 ], [ 129.10414048230885, 35.12394636479079 ], [ 129.104197476411912, 35.123395217092835 ], [ 129.104670351529023, 35.125459460200325 ], [ 129.104300147875676, 35.125891600431409 ] ], [ [ 129.104418249755327, 35.122366134979274 ], [ 129.104435718144629, 35.122329653511414 ], [ 129.104317296862689, 35.122802171334435 ], [ 129.104418249755327, 35.122366134979274 ] ], [ [ 129.105058226468969, 35.120795659394929 ], [ 129.104360227931608, 35.119061616435118 ], [ 129.104221993025533, 35.118791055083129 ], [ 129.104204995466915, 35.118708594981975 ], [ 129.104184033364248, 35.118490481165544 ], [ 129.10529109489201, 35.120145123352238 ], [ 129.105058226468969, 35.120795659394929 ] ], [ [ 129.103925305351822, 35.114463078410829 ], [ 129.103925726139835, 35.114462728450455 ], [ 129.103309186501832, 35.11603961157838 ], [ 129.103925305351822, 35.114463078410829 ] ], [ [ 129.106165526085391, 35.112581807039476 ], [ 129.10643536018236, 35.111547080751521 ], [ 129.10664259717322, 35.111228540087723 ], [ 129.106919039816319, 35.109874022352066 ], [ 129.106646781223418, 35.111223750225228 ], [ 129.106169847920739, 35.112573177274697 ], [ 129.106159071777967, 35.113595037698346 ], [ 129.106165526085391, 35.112581807039476 ] ], [ [ 129.106097347910719, 35.108809099405747 ], [ 129.106505800200352, 35.108971377714653 ], [ 129.106625466600264, 35.109177393405247 ], [ 129.106097347910719, 35.108809099405747 ] ], [ [ 129.10629721574432, 35.108027484139306 ], [ 129.105030548893552, 35.107264033697547 ], [ 129.10519587037254, 35.107344158661711 ], [ 129.10629721574432, 35.108027484139306 ] ], [ [ 129.104350613311993, 35.10530657363924 ], [ 129.104347932524206, 35.105294254285191 ], [ 129.104498327176429, 35.105431376348207 ], [ 129.104350613311993, 35.10530657363924 ] ], [ [ 129.104081953403181, 35.104701581294279 ], [ 129.10408198468437, 35.104701881308792 ], [ 129.1040666820073, 35.10463233019685 ], [ 129.104081953403181, 35.104701581294279 ] ], [ [ 129.104043529071333, 35.10452733873182 ], [ 129.10324943129126, 35.103308640813623 ], [ 129.102922949061565, 35.102748583461242 ], [ 129.103843279481907, 35.104145236568648 ], [ 129.103948760358975, 35.104337921931013 ], [ 129.104043529071333, 35.10452733873182 ] ], [ [ 129.101717749016416, 35.10232995520235 ], [ 129.101106893152149, 35.101853250509187 ], [ 129.102849272956718, 35.102625666491278 ], [ 129.101717749016416, 35.10232995520235 ] ], [ [ 129.101015670602891, 35.101690349531729 ], [ 129.10101428960084, 35.101691231370687 ], [ 129.101007234728627, 35.101678894684476 ], [ 129.101015670602891, 35.101690349531729 ] ], [ [ 129.100305397972761, 35.101231361610189 ], [ 129.100311786362454, 35.101217448363165 ], [ 129.100953809752554, 35.101417782961406 ], [ 129.101028590542967, 35.101482763946734 ], [ 129.100305397972761, 35.101231361610189 ] ], [ [ 129.099494658490897, 35.099636939945789 ], [ 129.099495958172326, 35.099659860573411 ], [ 129.099469827278767, 35.099507849116783 ], [ 129.099494658490897, 35.099636939945789 ] ], [ [ 129.099147175209595, 35.098850783677413 ], [ 129.099145758684131, 35.09884686979909 ], [ 129.099338731560238, 35.098826317546568 ], [ 129.099147175209595, 35.098850783677413 ] ], [ [ 129.09878226393343, 35.098985314186535 ], [ 129.098782807132721, 35.098980960163402 ], [ 129.099186524324011, 35.098989839943961 ], [ 129.09878226393343, 35.098985314186535 ] ], [ [ 129.098441541607855, 35.099294755013567 ], [ 129.09839967320417, 35.099317566358586 ], [ 129.098441928417458, 35.099289950016619 ], [ 129.098441541607855, 35.099294755013567 ] ], [ [ 129.098374649378457, 35.099516066264307 ], [ 129.098495568210978, 35.099496875201908 ], [ 129.098496624880227, 35.099502024593953 ], [ 129.098374649378457, 35.099516066264307 ] ], [ [ 129.106323188655466, 35.129763270042147 ], [ 129.106323372514282, 35.129764168273859 ], [ 129.106323268948614, 35.129763862323017 ], [ 129.106323188655466, 35.129763270042147 ] ], [ [ 129.106304532273725, 35.129603454637611 ], [ 129.106311927192934, 35.129694910395095 ], [ 129.106304429748121, 35.129597724207876 ], [ 129.106304532273725, 35.129603454637611 ] ], [ [ 129.106075546659241, 35.129441426289326 ], [ 129.106122042899102, 35.129441376748183 ], [ 129.106199543841285, 35.129486943510216 ], [ 129.106075546659241, 35.129441426289326 ] ], [ [ 129.105358808074755, 35.129067176731745 ], [ 129.105367148801406, 35.129071519901579 ], [ 129.105358604718646, 35.129067122339727 ], [ 129.105358808074755, 35.129067176731745 ] ], [ [ 129.105574696472502, 35.129124912307269 ], [ 129.105574639092225, 35.129124896954877 ], [ 129.105598935965219, 35.129126417761491 ], [ 129.105574696472502, 35.129124912307269 ] ], [ [ 129.105929996732556, 35.127888660945182 ], [ 129.10588315378908, 35.128019328032849 ], [ 129.105654151847006, 35.129129837187129 ], [ 129.105929996732556, 35.127888660945182 ] ], [ [ 129.105933693746692, 35.127878684592865 ], [ 129.104155564545238, 35.126898079965102 ], [ 129.105244306943774, 35.127357792260057 ], [ 129.105933693746692, 35.127878684592865 ] ], [ [ 129.075063998661989, 35.121636717144774 ], [ 129.07611006889519, 35.120995714319982 ], [ 129.075734967340452, 35.121226065888983 ], [ 129.075063998661989, 35.121636717144774 ] ], [ [ 129.077039126313025, 35.120426413702944 ], [ 129.077427521485703, 35.120549807439673 ], [ 129.078325922990331, 35.12085161521231 ], [ 129.077039126313025, 35.120426413702944 ] ], [ [ 129.078901803940994, 35.122190567450495 ], [ 129.079374918124358, 35.121202182732205 ], [ 129.079378907601097, 35.121203506189282 ], [ 129.079365872641148, 35.121247437872206 ], [ 129.078901803940994, 35.122190567450495 ] ], [ [ 129.080854445671974, 35.121740955559332 ], [ 129.08038036696172, 35.122680556322045 ], [ 129.080368866177309, 35.122676671197148 ], [ 129.080854445671974, 35.121740955559332 ] ], [ [ 129.080635100212078, 35.122765281550429 ], [ 129.080537167580133, 35.122733340629011 ], [ 129.080652480668761, 35.122770718523761 ], [ 129.080635100212078, 35.122765281550429 ] ], [ [ 129.080863522451892, 35.122552411049284 ], [ 129.080678431415294, 35.122778572122662 ], [ 129.081016277238348, 35.122661036418911 ], [ 129.080863522451892, 35.122552411049284 ] ], [ [ 129.081175833962106, 35.122765467886516 ], [ 129.081177337707743, 35.122766251080911 ], [ 129.081176785800466, 35.122766703654591 ], [ 129.081175833962106, 35.122765467886516 ] ], [ [ 129.08124444324207, 35.122805201404965 ], [ 129.081251902851761, 35.122808647069014 ], [ 129.081255642338363, 35.122811573801009 ], [ 129.08124444324207, 35.122805201404965 ] ], [ [ 129.081591720538228, 35.123078326193308 ], [ 129.081479025735177, 35.122984920577018 ], [ 129.081738369686263, 35.123190066361971 ], [ 129.081591720538228, 35.123078326193308 ] ], [ [ 129.082915721398564, 35.123574093021617 ], [ 129.081866338359987, 35.123290476922612 ], [ 129.082979044415765, 35.123577538249265 ], [ 129.082915721398564, 35.123574093021617 ] ], [ [ 129.084836913117158, 35.124768134235914 ], [ 129.085705398602016, 35.125149682251255 ], [ 129.084837598501906, 35.124773217434893 ], [ 129.084347170843358, 35.124638800532566 ], [ 129.08373214204039, 35.124421901710932 ], [ 129.083727772711285, 35.124407621987061 ], [ 129.084836913117158, 35.124768134235914 ] ], [ [ 129.085624447543125, 35.125318987816712 ], [ 129.087675234927588, 35.124571322784853 ], [ 129.087285430513674, 35.124977739760055 ], [ 129.085624447543125, 35.125318987816712 ] ], [ [ 129.087701155182515, 35.124542277023153 ], [ 129.08783062642155, 35.124400121458045 ], [ 129.087817365923939, 35.12441365130919 ], [ 129.087743947024563, 35.124495276690652 ], [ 129.087701155182515, 35.124542277023153 ] ], [ [ 129.08794939104294, 35.124082902219158 ], [ 129.088069834152236, 35.124015196165352 ], [ 129.088051360884805, 35.12396491347053 ], [ 129.088100940403478, 35.123936025496938 ], [ 129.088112245783776, 35.123930789525055 ], [ 129.088183450575855, 35.123913964279289 ], [ 129.08817896327065, 35.123893037907536 ], [ 129.088183593277989, 35.12391403628579 ], [ 129.088051448713856, 35.123964967489144 ], [ 129.08806993295218, 35.124015250176136 ], [ 129.087949544773238, 35.12408302829968 ], [ 129.087961001627832, 35.124127637448638 ], [ 129.087951963678023, 35.124191820739284 ], [ 129.08796383200314, 35.124217125592523 ], [ 129.087951777034959, 35.12419169468226 ], [ 129.08794939104294, 35.124082902219158 ] ], [ [ 129.088040815727737, 35.123796997608075 ], [ 129.088040958410545, 35.12379705158763 ], [ 129.088121872941599, 35.123867316367864 ], [ 129.088040815727737, 35.123796997608075 ] ], [ [ 129.088360649329189, 35.122659211748321 ], [ 129.087964040586996, 35.123411802072638 ], [ 129.088004258440264, 35.123327937843982 ], [ 129.088072194846291, 35.123188088335908 ], [ 129.088148123387242, 35.123032900931697 ], [ 129.08820686848378, 35.122916213861977 ], [ 129.088239739830442, 35.122846785585338 ], [ 129.08827886644039, 35.122789611318382 ], [ 129.088347591168002, 35.122680136922547 ], [ 129.088360634994359, 35.122659206996843 ], [ 129.088360649329189, 35.122659211748321 ] ], [ [ 129.088585447348521, 35.122403176422686 ], [ 129.08858549121689, 35.122403158363745 ], [ 129.088575359542233, 35.122410459254318 ], [ 129.088585447348521, 35.122403176422686 ] ], [ [ 129.090296126446475, 35.120874471050243 ], [ 129.090002556135431, 35.121132699578716 ], [ 129.090297997452467, 35.120869743956128 ], [ 129.090296126446475, 35.120874471050243 ] ], [ [ 129.091360490534896, 35.119589247232582 ], [ 129.090710975934712, 35.120022470578512 ], [ 129.090745178375613, 35.119999640960266 ], [ 129.091360490534896, 35.119589247232582 ] ], [ [ 129.094964630934641, 35.125134843677024 ], [ 129.094711654390409, 35.125147567501571 ], [ 129.095019788165871, 35.125111365750101 ], [ 129.094964630934641, 35.125134843677024 ] ], [ [ 129.095131973580806, 35.125069636261671 ], [ 129.095035805897197, 35.125111443518968 ], [ 129.095035805892451, 35.125111443518946 ], [ 129.095131973580806, 35.125069636261671 ] ], [ [ 129.095157782523756, 35.125093322075799 ], [ 129.095157782518612, 35.125093322076076 ], [ 129.095211095576389, 35.12508814309362 ], [ 129.095157782523756, 35.125093322075799 ] ], [ [ 129.09657966863179, 35.12485019926708 ], [ 129.095628000220785, 35.124999126047953 ], [ 129.095673740311526, 35.124991428938607 ], [ 129.095832241071975, 35.124965616857821 ], [ 129.095900030667309, 35.124956099770962 ], [ 129.0959877670754, 35.124928990570744 ], [ 129.09657966863179, 35.12485019926708 ] ], [ [ 129.096768013460292, 35.12482751729442 ], [ 129.096768013455033, 35.124827517294698 ], [ 129.097074694972406, 35.124770850590288 ], [ 129.096768013460292, 35.12482751729442 ] ], [ [ 129.097210452094174, 35.124765295142282 ], [ 129.097292432586983, 35.124740483050324 ], [ 129.09729243259153, 35.124740483050431 ], [ 129.097240896777578, 35.124764049286064 ], [ 129.097210452094174, 35.124765295142282 ] ], [ [ 129.097462643215977, 35.124743808632992 ], [ 129.097532916481953, 35.124741284143354 ], [ 129.097532916482066, 35.124741284143376 ], [ 129.097462643215977, 35.124743808632992 ] ], [ [ 129.097714604905349, 35.124749522622913 ], [ 129.097617188467723, 35.124754196891274 ], [ 129.097617188467439, 35.124754196891232 ], [ 129.097714604905349, 35.124749522622913 ] ], [ [ 129.098549586705161, 35.124828176245209 ], [ 129.098549586699903, 35.124828176245394 ], [ 129.098618261672897, 35.124825507264681 ], [ 129.098549586705161, 35.124828176245209 ] ], [ [ 129.09927789184303, 35.124964687433142 ], [ 129.099116736985081, 35.124971938143439 ], [ 129.099288094289619, 35.124964228518202 ], [ 129.09927789184303, 35.124964687433142 ] ], [ [ 129.088364532586525, 35.111548224249795 ], [ 129.088361966405643, 35.111548793947733 ], [ 129.088725999036939, 35.111222979631741 ], [ 129.088364532586525, 35.111548224249795 ] ], [ [ 129.088092248483463, 35.112401368956931 ], [ 129.088092303339408, 35.112401377931299 ], [ 129.08809182806624, 35.112470368529664 ], [ 129.088092248483463, 35.112401368956931 ] ], [ [ 129.088091596880076, 35.112873872311823 ], [ 129.08809153039968, 35.112995301354786 ], [ 129.08809156298679, 35.112647456267361 ], [ 129.088091596880076, 35.112873872311823 ] ], [ [ 129.088210522738876, 35.114817794017462 ], [ 129.088085955552117, 35.113420200721286 ], [ 129.088091529892438, 35.113008612166048 ], [ 129.088538202673334, 35.11425506934836 ], [ 129.088210522738876, 35.114817794017462 ] ], [ [ 129.088167478346065, 35.114940261736997 ], [ 129.088202469653055, 35.114840706248117 ], [ 129.088168054558309, 35.114944298086129 ], [ 129.088167478346065, 35.114940261736997 ] ], [ [ 129.088308372231239, 35.115955724714865 ], [ 129.088306467836873, 35.11594155791613 ], [ 129.088308440457638, 35.115955472336921 ], [ 129.088308372231239, 35.115955724714865 ] ], [ [ 129.088239484059841, 35.116394790287139 ], [ 129.088267724491544, 35.116062448027797 ], [ 129.088301049650397, 35.115982811856334 ], [ 129.088239484059841, 35.116394790287139 ] ], [ [ 129.088257603653517, 35.116811071863289 ], [ 129.088356490330938, 35.116990651305031 ], [ 129.088357385735094, 35.116992521207074 ], [ 129.088257603653517, 35.116811071863289 ] ], [ [ 129.088367818331648, 35.118482466942922 ], [ 129.088596348072713, 35.118011306602924 ], [ 129.088683542693133, 35.117882840756131 ], [ 129.088367818331648, 35.118482466942922 ] ], [ [ 129.088887481009948, 35.118893439184937 ], [ 129.088894083421366, 35.118892554445367 ], [ 129.088891707868129, 35.118896572871719 ], [ 129.088887481009948, 35.118893439184937 ] ], [ [ 129.099548865965716, 35.124975672320403 ], [ 129.099548865972594, 35.124975672320154 ], [ 129.09980212070468, 35.124976413505905 ], [ 129.099548865965716, 35.124975672320403 ] ], [ [ 129.076462814504538, 35.140523438447573 ], [ 129.077485430660545, 35.140870022114562 ], [ 129.076980411045184, 35.140698863661108 ], [ 129.076462814504538, 35.140523438447573 ] ], [ [ 129.076966440627189, 35.137013850497446 ], [ 129.076940699385688, 35.137002446326484 ], [ 129.076989184554549, 35.137023300583877 ], [ 129.076966440627189, 35.137013850497446 ] ], [ [ 129.077813097708486, 35.137144593748566 ], [ 129.077690411106829, 35.137190099857897 ], [ 129.077690411568028, 35.137190099452631 ], [ 129.077813097708486, 35.137144593748566 ] ], [ [ 129.079285320768776, 35.133877864067664 ], [ 129.07925792735881, 35.133870625720931 ], [ 129.079182461867845, 35.133848644942709 ], [ 129.079285320768776, 35.133877864067664 ] ], [ [ 129.079134603629996, 35.133839544866817 ], [ 129.079125544019547, 35.1338378162637 ], [ 129.079182461867845, 35.133848644942709 ], [ 129.079134603629996, 35.133839544866817 ] ], [ [ 129.113105171103768, 35.103253580417956 ], [ 129.113092839073403, 35.103258738557543 ], [ 129.113019448713715, 35.103288668274708 ], [ 129.113105171103768, 35.103253580417956 ] ] ] ] } },
{ "type": "Feature", "properties": { "sigungu_cd": "26110", "sigungu_nm": "중구" }, "geometry": { "type": "MultiPolygon", "coordinates": [ [ [ [ 129.035469130444937, 35.09623638864759 ], [ 129.026393610417671, 35.095675495503428 ], [ 129.021215545379164, 35.102507979873799 ], [ 129.021392372273482, 35.105889424777288 ], [ 129.022781316980712, 35.109015493442641 ], [ 129.026034039457016, 35.110812085980314 ], [ 129.027786624365518, 35.10973970850516 ], [ 129.027478670770478, 35.115480055616416 ], [ 129.032145444334077, 35.1165314563222 ], [ 129.033953121827466, 35.115899247675827 ], [ 129.036487247658982, 35.112855967541172 ], [ 129.04160003490199, 35.110968975271241 ], [ 129.041195232120515, 35.108666569105658 ], [ 129.042614683628983, 35.110591045198959 ], [ 129.047515816522434, 35.109263981266054 ], [ 129.046399531686831, 35.107696660213222 ], [ 129.044335449959704, 35.108325117118802 ], [ 129.044609171814386, 35.106010166778141 ], [ 129.046882944100787, 35.106830297289974 ], [ 129.044618834583389, 35.104366257120319 ], [ 129.041767125810338, 35.106624072281697 ], [ 129.040633756568894, 35.105035385847074 ], [ 129.04275954658786, 35.102952079890976 ], [ 129.040433390004523, 35.104280297293407 ], [ 129.037760397352798, 35.102956989585685 ], [ 129.03806250882721, 35.097277222864868 ], [ 129.035469130444937, 35.09623638864759 ] ], [ [ 129.027808778052304, 35.109724368639355 ], [ 129.028057239272272, 35.10955688993554 ], [ 129.028065738254611, 35.109550984144221 ], [ 129.027808778052304, 35.109724368639355 ] ], [ [ 129.02812251587315, 35.109323260422713 ], [ 129.028122460053481, 35.109320267910974 ], [ 129.028108997034707, 35.109381418929594 ], [ 129.02812251587315, 35.109323260422713 ] ], [ [ 129.028120782731122, 35.109222109888073 ], [ 129.028123775884552, 35.10915067623872 ], [ 129.028120782731122, 35.109222109888108 ], [ 129.028120782731122, 35.109222109888073 ] ], [ [ 129.028116674290573, 35.109001466224612 ], [ 129.028116619728564, 35.109000021959346 ], [ 129.028116866664448, 35.109019583572227 ], [ 129.028116674290573, 35.109001466224612 ] ], [ [ 129.028090188611827, 35.108205235241897 ], [ 129.028090002904321, 35.108204261070931 ], [ 129.02810530736636, 35.108284407625725 ], [ 129.028090188611827, 35.108205235241897 ] ], [ [ 129.028215064275741, 35.107256117687726 ], [ 129.028248626531649, 35.107149217396774 ], [ 129.028203664166767, 35.107322045669719 ], [ 129.028215064275741, 35.107256117687726 ] ], [ [ 129.028340510649173, 35.106850981341971 ], [ 129.028312150446851, 35.106731327488532 ], [ 129.028296295096681, 35.106995260354147 ], [ 129.028340510649173, 35.106850981341971 ] ], [ [ 129.02828911731774, 35.106566026812949 ], [ 129.028277603933248, 35.10649923248441 ], [ 129.028304498653483, 35.106695160381491 ], [ 129.02828911731774, 35.106566026812949 ] ], [ [ 129.028255746708766, 35.106386181975033 ], [ 129.028116694222263, 35.105965693958247 ], [ 129.028112716780214, 35.105929767387025 ], [ 129.028116694222319, 35.105965693958268 ], [ 129.028246026918708, 35.10634637416883 ], [ 129.028255746708766, 35.106386181975033 ] ], [ [ 129.028095104239895, 35.105885657659506 ], [ 129.028085037041762, 35.105868738281288 ], [ 129.028111756332805, 35.10592664844453 ], [ 129.028095104239895, 35.105885657659506 ] ], [ [ 129.027947744139368, 35.105684118122944 ], [ 129.028009369452946, 35.105766840759408 ], [ 129.027972018772573, 35.105722871429883 ], [ 129.027947744139368, 35.105684118122944 ] ], [ [ 129.027824429020001, 35.105487566722232 ], [ 129.027823972579256, 35.105486829728243 ], [ 129.02790903865224, 35.105622311091977 ], [ 129.027824429020001, 35.105487566722232 ] ], [ [ 129.027811490545986, 35.105466531719863 ], [ 129.027775097704932, 35.105407387668279 ], [ 129.027817222199133, 35.105475853434925 ], [ 129.027811490545986, 35.105466531719863 ] ], [ [ 129.027750793009034, 35.105368377438765 ], [ 129.027746787634271, 35.105362375228751 ], [ 129.027751450479911, 35.105369368652397 ], [ 129.027750793009034, 35.105368377438765 ] ], [ [ 129.027712252384731, 35.10534087619066 ], [ 129.027712252384731, 35.105340876190688 ], [ 129.027699223888789, 35.10531258522122 ], [ 129.027712252384731, 35.10534087619066 ] ], [ [ 129.027611569393798, 35.105154991796653 ], [ 129.027607682931148, 35.105148770627594 ], [ 129.027622179633539, 35.10517154959156 ], [ 129.027611569393798, 35.105154991796653 ] ], [ [ 129.02758808578514, 35.105119266823849 ], [ 129.027577913495634, 35.105104657918645 ], [ 129.027600741546735, 35.105138204242579 ], [ 129.02758808578514, 35.105119266823849 ] ], [ [ 129.02757647599671, 35.105102621147601 ], [ 129.02757433174034, 35.105099607582908 ], [ 129.027577913495634, 35.105104657918645 ], [ 129.02757647599671, 35.105102621147601 ] ], [ [ 129.02754114902595, 35.105039947956023 ], [ 129.027540888058923, 35.105039472998428 ], [ 129.0275478435411, 35.105052193907412 ], [ 129.02754114902595, 35.105039947956023 ] ], [ [ 129.027539338201677, 35.105036640342604 ], [ 129.027533960996664, 35.105028051507958 ], [ 129.027539899171273, 35.10503766800317 ], [ 129.027539338201677, 35.105036640342604 ] ], [ [ 129.027528024067777, 35.105018390171253 ], [ 129.027527279676775, 35.105017121560337 ], [ 129.027529768975057, 35.105021364294529 ], [ 129.027528024067777, 35.105018390171253 ] ], [ [ 129.027485215259702, 35.10495088726487 ], [ 129.027484860546394, 35.104950081381141 ], [ 129.027503947411986, 35.104980042341744 ], [ 129.027485215259702, 35.10495088726487 ] ], [ [ 129.027464361911171, 35.104873599839905 ], [ 129.027464458484275, 35.104901370822574 ], [ 129.027455512451638, 35.104879712982374 ], [ 129.027464361911171, 35.104873599839905 ] ], [ [ 129.027490198020445, 35.104857387779113 ], [ 129.027491184967516, 35.10485676562643 ], [ 129.027464361911171, 35.104873599839905 ], [ 129.027490198020445, 35.104857387779113 ] ], [ [ 129.02754080649845, 35.104825630878814 ], [ 129.027550763738191, 35.104819508477895 ], [ 129.027557431078918, 35.104815216552467 ], [ 129.02754080649845, 35.104825630878814 ] ], [ [ 129.027557431078918, 35.104815216552467 ], [ 129.02759932218612, 35.104791141120501 ], [ 129.027697634926, 35.104735667996685 ], [ 129.027557431078918, 35.104815216552467 ] ], [ [ 129.028055575435616, 35.10443896929705 ], [ 129.028282291872983, 35.104047538313793 ], [ 129.028023631944279, 35.10449412171598 ], [ 129.028055575435616, 35.10443896929705 ] ], [ [ 129.028368219499356, 35.103689768104587 ], [ 129.02831336867041, 35.103992809655594 ], [ 129.028313368670382, 35.103992809655637 ], [ 129.028368219499356, 35.103689768104587 ] ], [ [ 129.028361782741769, 35.103661061107083 ], [ 129.028339623198917, 35.103548891338924 ], [ 129.028324475336802, 35.103479300422379 ], [ 129.028361782741769, 35.103661061107083 ] ], [ [ 129.028350236602506, 35.103437453412894 ], [ 129.02832738733224, 35.103462498360791 ], [ 129.028336016015544, 35.103452743693644 ], [ 129.028350236602506, 35.103437453412894 ] ], [ [ 129.028239510365353, 35.103360059825448 ], [ 129.028075083149361, 35.103210514779462 ], [ 129.028325311424368, 35.103420143749375 ], [ 129.028239510365353, 35.103360059825448 ] ], [ [ 129.028075083149361, 35.103210514779462 ], [ 129.028036482993969, 35.103165779566297 ], [ 129.02797939319359, 35.103060882370748 ], [ 129.027968335510678, 35.103047938980382 ], [ 129.027979393193647, 35.103060882370748 ], [ 129.028036482993969, 35.10316577956624 ], [ 129.028075083149361, 35.103210514779462 ] ], [ [ 129.034047592346781, 35.098022995163717 ], [ 129.03389376395242, 35.0976074173347 ], [ 129.03381791324847, 35.097466653509038 ], [ 129.033691957996439, 35.097254127321129 ], [ 129.03363429461092, 35.097148791170994 ], [ 129.033817913252932, 35.097466653508882 ], [ 129.034019321577404, 35.097837772393653 ], [ 129.034047592346781, 35.098022995163717 ] ], [ [ 129.03346742343345, 35.096940854525613 ], [ 129.033536830398077, 35.097153116517319 ], [ 129.033467053506627, 35.097144743265055 ], [ 129.03346742343345, 35.096940854525613 ] ], [ [ 129.026444035047888, 35.103014416103925 ], [ 129.025313120476426, 35.103068602530712 ], [ 129.025274747091487, 35.103070439136189 ], [ 129.025313120476454, 35.103068602530676 ], [ 129.026444035047888, 35.103014416103925 ] ], [ [ 129.027871136514364, 35.102952273680152 ], [ 129.027871136514364, 35.102952273680209 ], [ 129.026597129808891, 35.103007122288879 ], [ 129.027871136514364, 35.102952273680152 ] ], [ [ 129.027967960163409, 35.103047499623742 ], [ 129.02796796016338, 35.103047499623713 ], [ 129.027960363467628, 35.103035592461474 ], [ 129.027967960163409, 35.103047499623742 ] ], [ [ 129.022372359037206, 35.107358454270909 ], [ 129.022402511683225, 35.107328648186439 ], [ 129.022372107379027, 35.107358681851395 ], [ 129.022372359037206, 35.107358454270909 ] ], [ [ 129.023415483671641, 35.10616813697419 ], [ 129.023493686365896, 35.106077869284057 ], [ 129.02315463855706, 35.106482669558794 ], [ 129.023415483671641, 35.10616813697419 ] ], [ [ 129.024665870938946, 35.104679663054014 ], [ 129.024739040804121, 35.104489199951672 ], [ 129.024641416471354, 35.104735092567786 ], [ 129.024665870938946, 35.104679663054014 ] ], [ [ 129.035084310465038, 35.107007657918317 ], [ 129.035025306175299, 35.106248302971856 ], [ 129.034712660550156, 35.105194353124773 ], [ 129.034591157235752, 35.104309671283389 ], [ 129.03502530617979, 35.10624830297175 ], [ 129.035084310465038, 35.107007657918317 ] ], [ [ 129.03462484209345, 35.104286316756856 ], [ 129.034557906071541, 35.104049447745936 ], [ 129.034513738384362, 35.103997937869686 ], [ 129.034460740692111, 35.103917505629639 ], [ 129.034443481328367, 35.103901475073584 ], [ 129.03462484209345, 35.104286316756856 ] ], [ [ 129.034099270245179, 35.098019954563476 ], [ 129.034087698960178, 35.098020415483205 ], [ 129.034087698961855, 35.098020415483099 ], [ 129.034099270245179, 35.098019954563476 ] ], [ [ 129.034128595666857, 35.098018944254235 ], [ 129.03424845884561, 35.098015752614749 ], [ 129.034117495837478, 35.09801923712353 ], [ 129.034128595666857, 35.098018944254235 ] ], [ [ 129.034248621188226, 35.098015748047956 ], [ 129.034382647096521, 35.098012669831533 ], [ 129.03432304509866, 35.098014249649694 ], [ 129.034248621188226, 35.098015748047956 ] ], [ [ 129.035253449100907, 35.098224101772239 ], [ 129.034391392982172, 35.09801247343399 ], [ 129.034420620795686, 35.098011969737087 ], [ 129.034505020219882, 35.098025800720265 ], [ 129.034570302424612, 35.098036833626779 ], [ 129.034635585896552, 35.098050949163657 ], [ 129.034874153336716, 35.098117656682462 ], [ 129.035253449100907, 35.098224101772239 ] ], [ [ 129.035389629279166, 35.097716838976623 ], [ 129.035409808541289, 35.097715382128413 ], [ 129.035409808543221, 35.097715382128435 ], [ 129.035389629279166, 35.097716838976623 ] ], [ [ 129.035399245983314, 35.097686442277443 ], [ 129.035510486982645, 35.097685257324535 ], [ 129.035399245983285, 35.097686442277528 ], [ 129.035399245983314, 35.097686442277443 ] ], [ [ 129.03588948141865, 35.096869505573046 ], [ 129.035920830111479, 35.096827898691579 ], [ 129.035920830114748, 35.0968278986931 ], [ 129.03588948141865, 35.096869505573046 ] ], [ [ 129.03537767534084, 35.0966592173477 ], [ 129.035365452309946, 35.096778110746534 ], [ 129.035499460673094, 35.096303874312056 ], [ 129.03537767534084, 35.0966592173477 ] ], [ [ 129.036490098979215, 35.101657911465026 ], [ 129.036490098983762, 35.101657911464898 ], [ 129.036342071873747, 35.103987780745214 ], [ 129.036490098979215, 35.101657911465026 ] ], [ [ 129.037596448715988, 35.101361831107148 ], [ 129.037612585526745, 35.101071037310028 ], [ 129.037604267630456, 35.10123508800941 ], [ 129.037596448715988, 35.101361831107148 ] ], [ [ 129.036162984939835, 35.106370063092683 ], [ 129.037165380432953, 35.109228912822637 ], [ 129.03749157640982, 35.110084705081988 ], [ 129.03811540444832, 35.111774833806308 ], [ 129.038147616846715, 35.111838964994028 ], [ 129.038115404443772, 35.111774833806422 ], [ 129.037165380428377, 35.109228912822815 ], [ 129.036117064854636, 35.106951473407548 ], [ 129.036151920323903, 35.10647964496723 ], [ 129.036162984935231, 35.106370063092811 ], [ 129.03570820304634, 35.106353877817718 ], [ 129.036162984939835, 35.106370063092683 ] ] ] ] } },
{ "type": "Feature", "properties": { "sigungu_cd": "26380", "sigungu_nm": "사하구" }, "geometry": { "type": "MultiPolygon", "coordinates": [ [ [ [ 128.952267469058995, 34.884885588370928 ], [ 128.951749442304106, 34.884814302718048 ], [ 128.951942115825005, 34.885005702619964 ], [ 128.952267469058995, 34.884885588370928 ] ] ], [ [ [ 128.973573847887479, 34.933556141916064 ], [ 128.974144986677885, 34.932776723276206 ], [ 128.973336705991784, 34.932748361654305 ], [ 128.973573847887479, 34.933556141916064 ] ] ], [ [ [ 128.970699848943241, 35.026753817877996 ], [ 128.970520083391733, 35.027196437454791 ], [ 128.970876441636136, 35.027176246771312 ], [ 128.970699848943241, 35.026753817877996 ] ] ], [ [ [ 128.974208320509774, 35.028166731542079 ], [ 128.971919295029636, 35.028451742933498 ], [ 128.974609065999658, 35.030247626073333 ], [ 128.974208320509774, 35.028166731542079 ] ] ], [ [ [ 128.975766407971378, 35.045729179323502 ], [ 128.975530720791141, 35.045853518588693 ], [ 128.975561258713583, 35.045985305709017 ], [ 128.975766407971378, 35.045729179323502 ] ] ], [ [ [ 128.929287110897661, 35.051968503877497 ], [ 128.933558072674714, 35.049535373378703 ], [ 128.951160430745944, 35.048886213297997 ], [ 128.955081352512053, 35.050194492910492 ], [ 128.956791400690889, 35.048934115454152 ], [ 128.95487815473075, 35.047843818296016 ], [ 128.929951918599699, 35.049565571432588 ], [ 128.927983146256679, 35.051623938544658 ], [ 128.9278808096972, 35.056224382394809 ], [ 128.929531659985429, 35.055715016142472 ], [ 128.929287110897661, 35.051968503877497 ] ] ], [ [ [ 128.934972133846372, 35.058859105435758 ], [ 128.948263500799897, 35.058668078809411 ], [ 128.936206849895541, 35.055622684634585 ], [ 128.938451516051458, 35.05314185640313 ], [ 128.947738424289952, 35.054469624685282 ], [ 128.938306989898848, 35.052644134407593 ], [ 128.935372198629523, 35.054160570451863 ], [ 128.934972133846372, 35.058859105435758 ] ] ], [ [ [ 128.943291659591068, 35.075495705637749 ], [ 128.946306986629537, 35.072527918010962 ], [ 128.944185588456037, 35.070620541631143 ], [ 128.941692836241316, 35.073994692313221 ], [ 128.943291659591068, 35.075495705637749 ] ] ], [ [ [ 128.952809414594611, 35.07192673743905 ], [ 128.958202137860894, 35.073503514540874 ], [ 128.952707836216604, 35.072310958913761 ], [ 128.950925016864574, 35.079158423717445 ], [ 128.966656835469053, 35.083918646949535 ], [ 128.950710534316784, 35.079990097628183 ], [ 128.950807932275126, 35.084202585030646 ], [ 128.954980099258506, 35.09366264483203 ], [ 128.9564066486613, 35.106046031108392 ], [ 128.950532562979419, 35.107360778618833 ], [ 128.94849101793011, 35.102545363012908 ], [ 128.949784747814761, 35.106973777669907 ], [ 128.94866112694001, 35.107146445570898 ], [ 128.943789624930133, 35.088172402782419 ], [ 128.938354243814075, 35.08853853601493 ], [ 128.934576546033014, 35.086509701168737 ], [ 128.933977633799429, 35.092852998723991 ], [ 128.936758864681053, 35.102468464550981 ], [ 128.935687628262627, 35.104703981448452 ], [ 128.939329293932019, 35.108858308951916 ], [ 128.935283295897989, 35.109860827332774 ], [ 128.934868435476886, 35.111902546185831 ], [ 128.947783209571242, 35.122697253193024 ], [ 128.951929926270367, 35.129909897643202 ], [ 128.959410994208554, 35.136628477848696 ], [ 128.962230728377676, 35.136832589052901 ], [ 128.957461985934657, 35.124302417730767 ], [ 128.95944155443388, 35.117709935772034 ], [ 128.963686743956828, 35.121948720362873 ], [ 128.977002776386712, 35.116947689010644 ], [ 128.980426687755369, 35.117425872115383 ], [ 128.986949648082486, 35.124232282481508 ], [ 128.999756858049238, 35.123277406223366 ], [ 128.998978066146208, 35.11855301779233 ], [ 129.001887887436681, 35.118331938011742 ], [ 129.003465758243436, 35.111237753501705 ], [ 129.01046647147345, 35.105706329732868 ], [ 129.007200251987484, 35.099514412920961 ], [ 129.010066716832142, 35.09935064523274 ], [ 129.014206309833384, 35.093751544091674 ], [ 129.014364351767654, 35.091037967427461 ], [ 129.010955244408592, 35.082764824466395 ], [ 129.011166606798469, 35.076810106310397 ], [ 129.007158248363851, 35.079127596819056 ], [ 129.004451883022938, 35.078445179004817 ], [ 129.005231972048762, 35.084418154626206 ], [ 129.003952022897437, 35.086324847950237 ], [ 129.003544537991303, 35.086484217239843 ], [ 128.999043271385233, 35.08333474784358 ], [ 129.001691627369553, 35.081212142732156 ], [ 129.001232082998001, 35.079816466193371 ], [ 128.99828008061462, 35.080467031995042 ], [ 128.997311520029655, 35.083062308312314 ], [ 128.993047111374722, 35.083939298165554 ], [ 128.99224210566598, 35.079320365877393 ], [ 128.994942595190906, 35.075745537081204 ], [ 128.993260351347345, 35.072235688808078 ], [ 128.995330732935031, 35.071347782674344 ], [ 128.995327160230744, 35.063382294982695 ], [ 129.001217145389518, 35.048316218093888 ], [ 129.006967288457162, 35.048946060944481 ], [ 128.99976036930218, 35.047703093586854 ], [ 129.000379547761185, 35.046747375864136 ], [ 128.99812290611996, 35.046331532292463 ], [ 128.99853410135276, 35.044386922344863 ], [ 128.996565880700444, 35.044213885944764 ], [ 128.992262350764463, 35.045377038153497 ], [ 128.992529722144496, 35.048963887545057 ], [ 128.988425437114813, 35.05803112898095 ], [ 128.985013891877259, 35.059959737464958 ], [ 128.9795614076194, 35.05775691956628 ], [ 128.980528231098219, 35.056126060152621 ], [ 128.980035113107903, 35.055928664138406 ], [ 128.979452895514385, 35.057714174996434 ], [ 128.976986784892091, 35.055494799232179 ], [ 128.97277263610755, 35.056872883621267 ], [ 128.972370537190471, 35.054448641713748 ], [ 128.975664921265803, 35.052688738304603 ], [ 128.982591162575147, 35.051664882371256 ], [ 128.983622453754492, 35.053889351672346 ], [ 128.982344172338713, 35.047105706103288 ], [ 128.978142290380987, 35.048536395737671 ], [ 128.974960437976478, 35.047595387020671 ], [ 128.973144123543534, 35.049590974621886 ], [ 128.970102677593758, 35.048121324982461 ], [ 128.969579339857148, 35.04500985984965 ], [ 128.976077601955694, 35.042442570583333 ], [ 128.977464892966481, 35.040248911148396 ], [ 128.973280927267524, 35.041250249014851 ], [ 128.971132562110114, 35.039552896965269 ], [ 128.971331965084772, 35.037626621915337 ], [ 128.967739094108339, 35.037040145269579 ], [ 128.967440456753963, 35.033332441517217 ], [ 128.964388308250193, 35.033900765776878 ], [ 128.964455264862579, 35.036507468775973 ], [ 128.967252115103378, 35.040082414023964 ], [ 128.966492926208019, 35.041356648885028 ], [ 128.969105966318409, 35.044757864193848 ], [ 128.966980527678174, 35.047724821386758 ], [ 128.958163436744314, 35.050645037041534 ], [ 128.952809414594611, 35.07192673743905 ] ], [ [ 128.969662558006405, 35.108292189857579 ], [ 128.969578679092308, 35.108210143833212 ], [ 128.969623853078048, 35.108254322471275 ], [ 128.969662558006405, 35.108292189857579 ] ], [ [ 128.987652885860058, 35.091566613791485 ], [ 128.987408583412673, 35.091448867463697 ], [ 128.987720883627475, 35.091599386130973 ], [ 128.987652885860058, 35.091566613791485 ] ], [ [ 128.997067877756422, 35.084968239143436 ], [ 128.996870923570754, 35.085178881189961 ], [ 128.99722074684442, 35.084804736704164 ], [ 128.997067877756422, 35.084968239143436 ] ], [ [ 129.00493426166932, 35.097360869719154 ], [ 129.005166785547715, 35.09774899031413 ], [ 129.005292810024343, 35.097959364820191 ], [ 129.00493426166932, 35.097360869719154 ] ], [ [ 128.981470600274434, 35.102090175601298 ], [ 128.981497031897732, 35.10209441636065 ], [ 128.98146072951036, 35.102088731793444 ], [ 128.981470600274434, 35.102090175601298 ] ] ], [ [ [ 128.987999950595537, 34.978886911869417 ], [ 128.991194787863947, 34.980544955013499 ], [ 128.993481079637149, 34.981248204134275 ], [ 128.987999950595537, 34.978886911869417 ] ] ], [ [ [ 128.977136658865646, 35.029487614698482 ], [ 128.976864391854576, 35.029705872800918 ], [ 128.977182384404983, 35.029757585527825 ], [ 128.977136658865646, 35.029487614698482 ] ] ], [ [ [ 128.9825883859898, 35.037028487454869 ], [ 128.982065675575257, 35.036842992618986 ], [ 128.982311589162038, 35.037358346829613 ], [ 128.9825883859898, 35.037028487454869 ] ] ], [ [ [ 128.989470853504599, 35.041706045590672 ], [ 128.98618161039488, 35.041589669992909 ], [ 128.98275319760657, 35.043834780172403 ], [ 128.98588004220241, 35.041925483200792 ], [ 128.989470853504599, 35.041706045590672 ] ] ], [ [ [ 128.999413473761024, 35.042911303269392 ], [ 128.999273296270729, 35.042880203496615 ], [ 128.999266059093969, 35.043015769807354 ], [ 128.999413473761024, 35.042911303269392 ] ] ], [ [ [ 128.999120503100045, 35.043267520477507 ], [ 128.999085752559921, 35.043519363296689 ], [ 128.999335316996536, 35.043380736778865 ], [ 128.999120503100045, 35.043267520477507 ] ] ], [ [ [ 128.992056483235217, 35.043744997622653 ], [ 128.991890997708225, 35.043641417018932 ], [ 128.991881545450383, 35.043869733923749 ], [ 128.992056483235217, 35.043744997622653 ] ] ], [ [ [ 128.98154104854234, 35.044574974765474 ], [ 128.982005371570125, 35.045296688660578 ], [ 128.981855743008367, 35.04446307551008 ], [ 128.98154104854234, 35.044574974765474 ] ] ], [ [ [ 129.003905729671345, 35.085741755136723 ], [ 129.003836325332941, 35.0860375849078 ], [ 129.00393171856453, 35.085746351572709 ], [ 129.003905729671345, 35.085741755136723 ] ] ] ] } },
{ "type": "Feature", "properties": { "sigungu_cd": "26350", "sigungu_nm": "해운대구" }, "geometry": { "type": "MultiPolygon", "coordinates": [ [ [ [ 129.139639163006706, 35.157994015542158 ], [ 129.1381237240671, 35.158479401342817 ], [ 129.138071323857474, 35.15851677651677 ], [ 129.138988032173842, 35.158604252345462 ], [ 129.139639163006706, 35.157994015542158 ] ] ], [ [ [ 129.217461263595084, 35.169189008947626 ], [ 129.217495039875729, 35.169255567611259 ], [ 129.217520137874573, 35.169211744204262 ], [ 129.217461263595084, 35.169189008947626 ] ] ], [ [ [ 129.188180683098324, 35.189202758523415 ], [ 129.193861699868307, 35.194915356917328 ], [ 129.194838753424506, 35.198538661249295 ], [ 129.199349599005103, 35.200089713306191 ], [ 129.206936487955375, 35.196854039178369 ], [ 129.206490125727328, 35.187894402044371 ], [ 129.20778661456086, 35.187302627884748 ], [ 129.206923461817667, 35.185138153091685 ], [ 129.208416589091485, 35.181985880797257 ], [ 129.20638272102866, 35.181542323506541 ], [ 129.205907035122863, 35.180447698667798 ], [ 129.207549376665696, 35.180484863190919 ], [ 129.206537715669327, 35.179042076480691 ], [ 129.20262690734657, 35.180540639917737 ], [ 129.198219196271594, 35.177265522430517 ], [ 129.198148542998297, 35.169485560246912 ], [ 129.193766782888588, 35.160821826726092 ], [ 129.191537036801151, 35.159242352632937 ], [ 129.191879012683756, 35.160396025759169 ], [ 129.190128650580391, 35.159972937850341 ], [ 129.191185907180596, 35.158613794256325 ], [ 129.189892712364866, 35.159927669520435 ], [ 129.18687221558389, 35.15945404455973 ], [ 129.180934105437558, 35.154861033628528 ], [ 129.170975167924325, 35.157580674602819 ], [ 129.171924587906517, 35.157932565118941 ], [ 129.169645226031093, 35.159241515286958 ], [ 129.161464819603168, 35.159166137531386 ], [ 129.155387378168342, 35.157211402871027 ], [ 129.152820824534274, 35.151887809635852 ], [ 129.150492474527141, 35.15195640478337 ], [ 129.149914094612797, 35.154604034180032 ], [ 129.152644770731911, 35.157689780024292 ], [ 129.14817600681684, 35.156384073713959 ], [ 129.146765723396726, 35.153498192865975 ], [ 129.142528236840974, 35.15457301918449 ], [ 129.13935152422701, 35.157489314314226 ], [ 129.14204660335281, 35.158560901792328 ], [ 129.13887668346203, 35.161310965174508 ], [ 129.137053647872165, 35.160283853219084 ], [ 129.138207276617862, 35.159283855997153 ], [ 129.138166520251588, 35.158999344423272 ], [ 129.134881176144063, 35.161529683325654 ], [ 129.135866012321912, 35.162713154030918 ], [ 129.130121499153375, 35.163835447634007 ], [ 129.124550092022758, 35.168055334885395 ], [ 129.11472555055002, 35.187981639759876 ], [ 129.114426508132397, 35.195464383852205 ], [ 129.116379604598421, 35.200926008435111 ], [ 129.110845012782818, 35.203976763225498 ], [ 129.110240142012486, 35.210148203462737 ], [ 129.116697448008239, 35.21464744828338 ], [ 129.118912294087124, 35.21350365646834 ], [ 129.117518000370808, 35.223983054278008 ], [ 129.127014259787444, 35.227136755762729 ], [ 129.130484023768702, 35.231317055541403 ], [ 129.131024525582234, 35.235341066255565 ], [ 129.135667594907943, 35.236359301557442 ], [ 129.14132098617975, 35.242070115172325 ], [ 129.144617418973411, 35.250997650562631 ], [ 129.148662061661071, 35.246069404301998 ], [ 129.156390225537308, 35.244254641572269 ], [ 129.155378662895089, 35.23588706198143 ], [ 129.160902005709431, 35.235874504099002 ], [ 129.16904188598204, 35.227759712875354 ], [ 129.165181560282207, 35.219692826343511 ], [ 129.16489446990056, 35.215101851635467 ], [ 129.160395603830011, 35.211900041260549 ], [ 129.160033867183728, 35.206267910678392 ], [ 129.163079686683773, 35.20571090703482 ], [ 129.164889238512671, 35.203064826766763 ], [ 129.169674771321212, 35.200845825628143 ], [ 129.174885230387389, 35.201885120037709 ], [ 129.179147966543098, 35.197910846902893 ], [ 129.184272604508834, 35.19718917103171 ], [ 129.185446982024075, 35.195434450665026 ], [ 129.183182009984961, 35.190041406071224 ], [ 129.188180683098324, 35.189202758523415 ] ], [ [ 129.174347764733568, 35.168476685909248 ], [ 129.174324122724386, 35.1685658093241 ], [ 129.174312567872448, 35.168583131779187 ], [ 129.174347764733568, 35.168476685909248 ] ], [ [ 129.174352472887534, 35.168476264567488 ], [ 129.174386123802492, 35.168505510489368 ], [ 129.174351458821491, 35.168479465816006 ], [ 129.174352472887534, 35.168476264567488 ] ], [ [ 129.137963560529755, 35.218102099236255 ], [ 129.137927467164019, 35.218094550598757 ], [ 129.138027012319668, 35.21811534956116 ], [ 129.137963560529755, 35.218102099236255 ] ] ] ] } },
{ "type": "Feature", "properties": { "sigungu_cd": "26470", "sigungu_nm": "연제구" }, "geometry": { "type": "MultiPolygon", "coordinates": [ [ [ [ 129.078231972206765, 35.174984571847766 ], [ 129.078324251629596, 35.174938995012653 ], [ 129.078214841182273, 35.174978363373135 ], [ 129.078231972206765, 35.174984571847766 ] ] ], [ [ [ 129.07805674288403, 35.175191453072813 ], [ 129.078076908876824, 35.175156287568257 ], [ 129.077982830821298, 35.175157248399408 ], [ 129.07805674288403, 35.175191453072813 ] ] ], [ [ [ 129.095846531382819, 35.169749867493621 ], [ 129.09157552096039, 35.165492512207507 ], [ 129.095416627646756, 35.161313259290118 ], [ 129.082843961129328, 35.1581744670546 ], [ 129.078114880105176, 35.164385000904886 ], [ 129.081201450278087, 35.167579930252515 ], [ 129.081979282639253, 35.171501113982124 ], [ 129.078576001230061, 35.175437192791861 ], [ 129.075673777418416, 35.176483222775886 ], [ 129.074872135375955, 35.179128188473591 ], [ 129.071989768933378, 35.179598377653157 ], [ 129.070268099153594, 35.175764160979689 ], [ 129.067148400825658, 35.176613876667773 ], [ 129.066369910826324, 35.175132833448473 ], [ 129.065693211992624, 35.176988439052955 ], [ 129.062604267602524, 35.177354472824298 ], [ 129.061150833363257, 35.184033403661658 ], [ 129.051314694364351, 35.184882689530603 ], [ 129.047618473016854, 35.190466581250647 ], [ 129.048274418479366, 35.194509515552433 ], [ 129.052662303110537, 35.192302045872417 ], [ 129.057246870411319, 35.19338488513413 ], [ 129.062287991728653, 35.191644113776547 ], [ 129.064364251623118, 35.19372318843655 ], [ 129.071886019920271, 35.195247555854117 ], [ 129.071474874353186, 35.196353659983664 ], [ 129.074222670854368, 35.198101288369152 ], [ 129.08056364219982, 35.199349195296008 ], [ 129.083226417113934, 35.195735269649369 ], [ 129.087408237720666, 35.193562013940216 ], [ 129.095555495105685, 35.193148637077947 ], [ 129.112025086921875, 35.188738114868244 ], [ 129.115187653320334, 35.183553592114947 ], [ 129.111370743114975, 35.175881476642829 ], [ 129.107932175107436, 35.17723531442644 ], [ 129.105838236053643, 35.180327962436564 ], [ 129.097470093181784, 35.179422807568386 ], [ 129.095846531382819, 35.169749867493621 ] ], [ [ 129.072107247297168, 35.179868761273163 ], [ 129.072182159617853, 35.18004168697027 ], [ 129.07210724729714, 35.179868761273163 ], [ 129.072047296741516, 35.179731610474946 ], [ 129.072006186049549, 35.179636204243387 ], [ 129.072047296741601, 35.179731610474967 ], [ 129.072107247297168, 35.179868761273163 ] ], [ [ 129.072454087116114, 35.180665263306516 ], [ 129.072454087116171, 35.180665263306544 ], [ 129.072581225530286, 35.180868755101407 ], [ 129.072454087116114, 35.180665263306516 ] ], [ [ 129.07481924595379, 35.184287556962964 ], [ 129.073907183125243, 35.183002598830164 ], [ 129.073245245928064, 35.181936242191675 ], [ 129.0739071831253, 35.1830025988301 ], [ 129.07481924595379, 35.184287556962964 ] ], [ [ 129.076189094826731, 35.186133521802908 ], [ 129.077223178685301, 35.187583038262467 ], [ 129.07941957981339, 35.190661558589611 ], [ 129.077223178685301, 35.187583038262531 ], [ 129.076189094826731, 35.186133521802908 ] ], [ [ 129.085198626715822, 35.191782945511434 ], [ 129.083721950356221, 35.192125749602795 ], [ 129.083721950356193, 35.192125749602788 ], [ 129.084512101733907, 35.191940794033165 ], [ 129.085198626715822, 35.191782945511434 ] ], [ [ 129.088787313155279, 35.191784737104676 ], [ 129.087322653852624, 35.191742249312995 ], [ 129.086836032724477, 35.191751516751935 ], [ 129.088787313155279, 35.191784737104676 ] ], [ [ 129.089620952599716, 35.192433555651647 ], [ 129.090308222762559, 35.192965390531334 ], [ 129.088787313155279, 35.191784737104676 ], [ 129.089620952599716, 35.192433555651647 ] ], [ [ 129.09074439337067, 35.19300283626648 ], [ 129.090450292482814, 35.19295365879394 ], [ 129.090324919080501, 35.192971417322909 ], [ 129.09074439337067, 35.19300283626648 ] ], [ [ 129.090187453472595, 35.193077246455609 ], [ 129.090187453472595, 35.193077246455644 ], [ 129.09014345345517, 35.193082888054029 ], [ 129.090187453472595, 35.193077246455609 ] ], [ [ 129.08996920304773, 35.193108863286852 ], [ 129.08996645860671, 35.193109315951595 ], [ 129.090049563084079, 35.193095554680397 ], [ 129.08996920304773, 35.193108863286852 ] ], [ [ 129.08979212271862, 35.193135672545303 ], [ 129.089792122718563, 35.193135672545331 ], [ 129.089635375076654, 35.19315937037657 ], [ 129.08979212271862, 35.193135672545303 ] ], [ [ 129.089352111514927, 35.193202692606448 ], [ 129.089352111514984, 35.193202692606441 ], [ 129.08927163989344, 35.193214558644669 ], [ 129.089352111514927, 35.193202692606448 ] ], [ [ 129.088969076621879, 35.19326047613886 ], [ 129.088969076621936, 35.193260476138882 ], [ 129.088940766345019, 35.19326479529655 ], [ 129.088969076621879, 35.19326047613886 ] ], [ [ 129.088873675198954, 35.193275417317139 ], [ 129.088873675199011, 35.193275417317153 ], [ 129.088809407922355, 35.193285250328877 ], [ 129.088873675198954, 35.193275417317139 ] ], [ [ 129.088753242692917, 35.193293801596731 ], [ 129.088753242692889, 35.193293801596774 ], [ 129.088592625318313, 35.193314705492035 ], [ 129.088753242692917, 35.193293801596731 ] ], [ [ 129.088455393748603, 35.193333585203952 ], [ 129.08845539374866, 35.193333585203995 ], [ 129.088421027726525, 35.193335322453599 ], [ 129.088455393748603, 35.193333585203952 ] ] ] ] } }
]
}
