{
"type": "FeatureCollection",
"name": "27",
"crs": { "type": "name", "properties": { "name": "urn:ogc:def:crs:OGC:1.3:CRS84" } },
"features": [
{ "type": "Feature", "properties": { "sigungu_cd": "27260", "sigungu_nm": "수성구" }, "geometry": { "type": "MultiPolygon", "coordinates": [ [ [ [ 128.679934164473167, 35.793358764488275 ], [ 128.669529561341875, 35.795542407251006 ], [ 128.668785486883024, 35.797166574304612 ], [ 128.662845654422227, 35.798682125618946 ], [ 128.653807762441943, 35.799507748185128 ], [ 128.651594856794986, 35.803065154641644 ], [ 128.649479769351245, 35.803514925190612 ], [ 128.629447116205029, 35.802686014712201 ], [ 128.626634348925933, 35.805165635433333 ], [ 128.620801363286944, 35.806090342876729 ], [ 128.617230186082992, 35.802835144761993 ], [ 128.60269900703085, 35.806322806597223 ], [ 128.598725608463667, 35.805698334370646 ], [ 128.591767126245855, 35.809245577390115 ], [ 128.594559327108385, 35.813077079640678 ], [ 128.600923101486188, 35.81571171304558 ], [ 128.605139355389781, 35.826828708363657 ], [ 128.607838645438079, 35.827144344716785 ], [ 128.605858143763498, 35.835391661782189 ], [ 128.608170669938488, 35.844778426318285 ], [ 128.607871123832894, 35.847156371756888 ], [ 128.608877296217173, 35.853318946861634 ], [ 128.608138363815499, 35.859457963268632 ], [ 128.612880443382721, 35.864127860532022 ], [ 128.614637715680544, 35.868216518215057 ], [ 128.629714706134251, 35.866776163708188 ], [ 128.634083745313859, 35.871777798401105 ], [ 128.650809798879038, 35.878667666502558 ], [ 128.655110330159971, 35.876354127759875 ], [ 128.659385773660091, 35.877167969650444 ], [ 128.664953105104303, 35.873205654903913 ], [ 128.675777288140779, 35.873673832592736 ], [ 128.679895227587593, 35.867077395623788 ], [ 128.68005726576834, 35.862531601197304 ], [ 128.686069132019384, 35.859367687277775 ], [ 128.703671884216078, 35.858010155455439 ], [ 128.715536568940934, 35.861756992364796 ], [ 128.724149752496771, 35.860444174076775 ], [ 128.725891339892513, 35.858497198866544 ], [ 128.721812427496786, 35.857378611021986 ], [ 128.725423447976567, 35.854183992319633 ], [ 128.726885573627811, 35.847619806166769 ], [ 128.726647966826448, 35.845851284252028 ], [ 128.72679496934245, 35.845256814349781 ], [ 128.726752539073686, 35.84484645099954 ], [ 128.726232742581601, 35.844358920902337 ], [ 128.726369651232631, 35.842959559001386 ], [ 128.724084561042844, 35.839836687989504 ], [ 128.725106369420701, 35.836482977831878 ], [ 128.72184250663571, 35.835151844269163 ], [ 128.718319555717244, 35.835958858166649 ], [ 128.708714721406295, 35.827014444213169 ], [ 128.70907501676075, 35.821924810946207 ], [ 128.713893750085447, 35.817829285338618 ], [ 128.717686866737949, 35.807421452121922 ], [ 128.710368083511099, 35.804757765042723 ], [ 128.707868150610182, 35.802931783726208 ], [ 128.708036860652641, 35.8006771033291 ], [ 128.702545585860349, 35.798817798514023 ], [ 128.700296200883542, 35.795460498951229 ], [ 128.697570364063864, 35.7946152842499 ], [ 128.692938856008396, 35.797294610863318 ], [ 128.689839401105047, 35.793097386226648 ], [ 128.68241042632701, 35.790349561262609 ], [ 128.679934164473167, 35.793358764488275 ] ], [ [ 128.608081229663753, 35.848152394332267 ], [ 128.60893732288875, 35.848145090728451 ], [ 128.609562186223087, 35.848143867619555 ], [ 128.608081229663753, 35.848152394332267 ] ], [ [ 128.726770761128591, 35.845048074919326 ], [ 128.725917460397284, 35.845027889225413 ], [ 128.725903000329851, 35.84501614885167 ], [ 128.726770761128591, 35.845048074919326 ] ], [ [ 128.655147873477659, 35.825173157387425 ], [ 128.655147873477659, 35.825173157387454 ], [ 128.655067285407313, 35.825210230420943 ], [ 128.655147873477659, 35.825173157387425 ] ], [ [ 128.655047948751388, 35.824820489870888 ], [ 128.655136575733565, 35.824502901527694 ], [ 128.655062148247737, 35.824871049251641 ], [ 128.655047948751388, 35.824820489870888 ] ], [ [ 128.655234728529479, 35.824254475405318 ], [ 128.655239170943759, 35.824225332771718 ], [ 128.655231738825677, 35.82426970027992 ], [ 128.655234728529479, 35.824254475405318 ] ], [ [ 128.65527059836387, 35.824115948479523 ], [ 128.655414297538385, 35.823709772414247 ], [ 128.65526955488869, 35.824117186305706 ], [ 128.65527059836387, 35.824115948479523 ] ], [ [ 128.655548547695702, 35.82261932197666 ], [ 128.655477552166673, 35.822021543822984 ], [ 128.655543144292466, 35.822762884559886 ], [ 128.655548547695702, 35.82261932197666 ] ], [ [ 128.655526473977915, 35.821136702038473 ], [ 128.655751563109021, 35.820851274727929 ], [ 128.655478164455559, 35.821314070820009 ], [ 128.655526473977915, 35.821136702038473 ] ], [ [ 128.656454264801397, 35.819915470462547 ], [ 128.656757054300499, 35.819667114832917 ], [ 128.656255162386771, 35.820081159527682 ], [ 128.656454264801397, 35.819915470462547 ] ], [ [ 128.65801291464831, 35.819558216792203 ], [ 128.658249826760681, 35.819543665985293 ], [ 128.657545706047273, 35.819523552815902 ], [ 128.65801291464831, 35.819558216792203 ] ], [ [ 128.659918245638238, 35.819532029391077 ], [ 128.660509983572496, 35.819347817209682 ], [ 128.659005981043578, 35.819532165871266 ], [ 128.659918245638238, 35.819532029391077 ] ], [ [ 128.660509983572496, 35.819347817209682 ], [ 128.661493333300086, 35.819147388201536 ], [ 128.661493333300115, 35.819147388201536 ], [ 128.660509983572496, 35.819347817209682 ] ], [ [ 128.663319894417697, 35.818827557922639 ], [ 128.663319894417725, 35.818827557922646 ], [ 128.662291239387486, 35.819205250125464 ], [ 128.663319894417697, 35.818827557922639 ] ], [ [ 128.663941493627789, 35.818994296764316 ], [ 128.66394149362776, 35.81899429676433 ], [ 128.663568534101756, 35.818894253459312 ], [ 128.663941493627789, 35.818994296764316 ] ], [ [ 128.664400299984266, 35.818846472124733 ], [ 128.665100329628729, 35.818662829271098 ], [ 128.66417089680607, 35.818920384444532 ], [ 128.664400299984266, 35.818846472124733 ] ], [ [ 128.666398961609218, 35.81864640303867 ], [ 128.667923130896639, 35.818211948653051 ], [ 128.668323441351561, 35.81813624137272 ], [ 128.666398961609218, 35.81864640303867 ] ], [ [ 128.668750597744435, 35.818020598838686 ], [ 128.66912110524089, 35.817877753316274 ], [ 128.668459871309807, 35.818101270947054 ], [ 128.668750597744435, 35.818020598838686 ] ], [ [ 128.670338506610705, 35.817294338792045 ], [ 128.670450592963931, 35.817314357836516 ], [ 128.67023212114654, 35.817352197619059 ], [ 128.670338506610705, 35.817294338792045 ] ], [ [ 128.670596461561985, 35.817258375809558 ], [ 128.671128715987294, 35.817005931321994 ], [ 128.67139935990653, 35.816815414446125 ], [ 128.670596461561985, 35.817258375809558 ] ], [ [ 128.673224679972009, 35.814985352581829 ], [ 128.673150788716953, 35.814823862787136 ], [ 128.673135830055116, 35.81525499523508 ], [ 128.673224679972009, 35.814985352581829 ] ], [ [ 128.672818840331132, 35.81409566369846 ], [ 128.672894388173631, 35.813669406848952 ], [ 128.672818840331132, 35.814095663698488 ], [ 128.672818840331132, 35.81409566369846 ] ], [ [ 128.672523148913228, 35.812285609814658 ], [ 128.672814500458799, 35.812592462802527 ], [ 128.672814500458799, 35.812592462802534 ], [ 128.672523148913228, 35.812285609814658 ] ], [ [ 128.671760494260525, 35.811204442544884 ], [ 128.671696198091695, 35.811094791097872 ], [ 128.671901829857859, 35.81142194170949 ], [ 128.671760494260525, 35.811204442544884 ] ], [ [ 128.671466767600094, 35.810470954652523 ], [ 128.671328432445449, 35.809906111520661 ], [ 128.671486388333648, 35.810553013451802 ], [ 128.671466767600094, 35.810470954652523 ] ], [ [ 128.670332580072397, 35.806885285260321 ], [ 128.670332580072426, 35.806885285260279 ], [ 128.670857961178541, 35.806471334631105 ], [ 128.670332580072397, 35.806885285260321 ] ], [ [ 128.670888436972092, 35.806408483939073 ], [ 128.671032178312487, 35.806202807591404 ], [ 128.670857961178541, 35.806471334631105 ], [ 128.670888436972092, 35.806408483939073 ] ], [ [ 128.671894410120871, 35.805210154774947 ], [ 128.671894410120871, 35.805210154774954 ], [ 128.671870459720083, 35.805335435401929 ], [ 128.671894410120871, 35.805210154774947 ] ], [ [ 128.671793624963072, 35.805069733613713 ], [ 128.671793624963072, 35.805069733613692 ], [ 128.671833939026186, 35.805125902078196 ], [ 128.671793624963072, 35.805069733613713 ] ], [ [ 128.672419268387841, 35.803563560641152 ], [ 128.672867248500467, 35.803508500462776 ], [ 128.671913040319794, 35.804516682353309 ], [ 128.672419268387841, 35.803563560641152 ] ], [ [ 128.673726689762532, 35.803402274239033 ], [ 128.674594264410445, 35.80330208643371 ], [ 128.673658158264629, 35.80341367979613 ], [ 128.673726689762532, 35.803402274239033 ] ], [ [ 128.675076670716294, 35.802910067737372 ], [ 128.675604682692921, 35.802627776253757 ], [ 128.674934754186239, 35.803063959241832 ], [ 128.675076670716294, 35.802910067737372 ] ], [ [ 128.675743696188079, 35.802559306157505 ], [ 128.675960723198244, 35.802664990214375 ], [ 128.675714243571946, 35.802572135593032 ], [ 128.675743696188079, 35.802559306157505 ] ], [ [ 128.676730968929149, 35.802808099965041 ], [ 128.676730968929121, 35.802808099965048 ], [ 128.676124205315318, 35.802724124820905 ], [ 128.676730968929149, 35.802808099965041 ] ], [ [ 128.677374927372796, 35.802675992257321 ], [ 128.677403784360791, 35.802670499525405 ], [ 128.677160274558247, 35.802720028159897 ], [ 128.677374927372796, 35.802675992257321 ] ], [ [ 128.659523625890785, 35.875535050210487 ], [ 128.659394123972305, 35.875702042202704 ], [ 128.658945518606544, 35.876195365659648 ], [ 128.659523625890785, 35.875535050210487 ] ], [ [ 128.662111434440277, 35.856209796689797 ], [ 128.662592377503358, 35.856547250582317 ], [ 128.662727658779573, 35.856641857191086 ], [ 128.662111434440277, 35.856209796689797 ] ], [ [ 128.666003471168523, 35.855191923685105 ], [ 128.666338715534863, 35.855126246331757 ], [ 128.666684589709973, 35.855084687448688 ], [ 128.666003471168523, 35.855191923685105 ] ], [ [ 128.668190608741781, 35.854493324004267 ], [ 128.668201688688612, 35.854428679856532 ], [ 128.667794852233783, 35.854748978855568 ], [ 128.668190608741781, 35.854493324004267 ] ], [ [ 128.668163774627033, 35.852003329486855 ], [ 128.668852323811223, 35.851427046297921 ], [ 128.669026550058021, 35.851269807920687 ], [ 128.668163774627033, 35.852003329486855 ] ], [ [ 128.669546553854275, 35.850491345398346 ], [ 128.669723492812466, 35.850404507950039 ], [ 128.669316670129263, 35.85086922232108 ], [ 128.669546553854275, 35.850491345398346 ] ], [ [ 128.669940905982401, 35.849500269955044 ], [ 128.669943879815946, 35.849402808363351 ], [ 128.669914147977494, 35.849992784917973 ], [ 128.669940905982401, 35.849500269955044 ] ], [ [ 128.670908327987064, 35.847580332724213 ], [ 128.670765063600953, 35.847594196292697 ], [ 128.670908327987348, 35.847580332724064 ], [ 128.670908327987064, 35.847580332724213 ] ], [ [ 128.670571405981036, 35.847497229828562 ], [ 128.67053222343003, 35.847493158248213 ], [ 128.670600525450027, 35.847501511613444 ], [ 128.670571405981036, 35.847497229828562 ] ], [ [ 128.670412881050623, 35.847467448643123 ], [ 128.670411914546321, 35.847467306631764 ], [ 128.670494714600579, 35.847481625345587 ], [ 128.670412881050623, 35.847467448643123 ] ], [ [ 128.67024001217581, 35.847439835769158 ], [ 128.670193991735545, 35.847440889552175 ], [ 128.670326673239941, 35.847453710455198 ], [ 128.67024001217581, 35.847439835769158 ] ], [ [ 128.670068226265727, 35.847410035603744 ], [ 128.670063416452052, 35.847402077850319 ], [ 128.670121798257895, 35.847432417079006 ], [ 128.670068226265727, 35.847410035603744 ] ], [ [ 128.669714671426931, 35.847328858170016 ], [ 128.669659586653665, 35.847304589777927 ], [ 128.669793458272068, 35.847350390103855 ], [ 128.669714671426931, 35.847328858170016 ] ], [ [ 128.668943834888637, 35.846851392218149 ], [ 128.668934908737185, 35.846844574871717 ], [ 128.668951127048388, 35.846858618429764 ], [ 128.668943834888637, 35.846851392218149 ] ], [ [ 128.668863006676304, 35.846791590822278 ], [ 128.668823411308807, 35.846731860055726 ], [ 128.668818877232809, 35.846720417719688 ], [ 128.668863006676304, 35.846791590822278 ] ], [ [ 128.668791469166507, 35.846674962214244 ], [ 128.668750681566394, 35.84664789684691 ], [ 128.668747899978086, 35.84664310038027 ], [ 128.668778938519353, 35.846656636056096 ], [ 128.668791469166507, 35.846674962214244 ] ], [ [ 128.66890477398303, 35.846248710531718 ], [ 128.668919979225109, 35.846240905935339 ], [ 128.66890477398303, 35.846248710531725 ], [ 128.66890477398303, 35.846248710531718 ] ], [ [ 128.669000653784082, 35.846129663931812 ], [ 128.669002358686043, 35.846058420901848 ], [ 128.669056197246533, 35.846029892156217 ], [ 128.669000653784082, 35.846129663931812 ] ], [ [ 128.669115899293047, 35.845957029243067 ], [ 128.669172791076107, 35.845928932474109 ], [ 128.669056197246533, 35.846029892156217 ], [ 128.669115899293047, 35.845957029243067 ] ], [ [ 128.669224017739083, 35.845860444155505 ], [ 128.669224017739083, 35.845860444155527 ], [ 128.669172791076107, 35.845928932474109 ], [ 128.669224017739083, 35.845860444155505 ] ], [ [ 128.669287272332298, 35.845697421221622 ], [ 128.669287272332326, 35.845697421221629 ], [ 128.669278352380161, 35.845742093906466 ], [ 128.669287272332298, 35.845697421221622 ] ], [ [ 128.669304086017974, 35.845693786202013 ], [ 128.669362212404764, 35.845614875844348 ], [ 128.66940726990191, 35.845565952783247 ], [ 128.669304086017974, 35.845693786202013 ] ], [ [ 128.669490773890715, 35.84548668619496 ], [ 128.669502602509084, 35.845459441581212 ], [ 128.669474934315957, 35.845510462396319 ], [ 128.669490773890715, 35.84548668619496 ] ], [ [ 128.669683037539158, 35.845116849691372 ], [ 128.669683037539215, 35.845116849691408 ], [ 128.669614599781596, 35.845126927430933 ], [ 128.669683037539158, 35.845116849691372 ] ], [ [ 128.669741045189738, 35.845053944203904 ], [ 128.669741047527737, 35.845053949574115 ], [ 128.669720984788739, 35.845081814826898 ], [ 128.669741045189738, 35.845053944203904 ] ], [ [ 128.66967741196521, 35.844875561315028 ], [ 128.669548705914991, 35.844813578979327 ], [ 128.669786741352084, 35.844924011381607 ], [ 128.66967741196521, 35.844875561315028 ] ], [ [ 128.66949030187692, 35.844794571700625 ], [ 128.669502703484341, 35.844791425101633 ], [ 128.669502703484369, 35.84479142510164 ], [ 128.66949030187692, 35.844794571700625 ] ], [ [ 128.669444169736153, 35.844807359675308 ], [ 128.669292881108134, 35.844814178623821 ], [ 128.669473249975738, 35.84479919071736 ], [ 128.669444169736153, 35.844807359675308 ] ], [ [ 128.669292881108134, 35.844814178623821 ], [ 128.669093786526759, 35.844711778232721 ], [ 128.669067005088124, 35.844633421841131 ], [ 128.669292881108134, 35.844814178623821 ] ], [ [ 128.66915510290508, 35.844609899590097 ], [ 128.669156622446025, 35.844603856423923 ], [ 128.66915320077706, 35.844617437768527 ], [ 128.66915510290508, 35.844609899590097 ] ], [ [ 128.669113141207532, 35.844583025527129 ], [ 128.669098878606036, 35.84456863105563 ], [ 128.66913008960293, 35.844591145127374 ], [ 128.669113141207532, 35.844583025527129 ] ], [ [ 128.669062022101571, 35.844466731421875 ], [ 128.669120491927004, 35.844349325443567 ], [ 128.669124583592122, 35.844337295502989 ], [ 128.66912049192706, 35.844349325443574 ], [ 128.669062022101627, 35.844466731421861 ], [ 128.669065894733933, 35.844497878868232 ], [ 128.669062022101571, 35.844466731421875 ] ], [ [ 128.669215533118461, 35.844157775805414 ], [ 128.66928944944712, 35.844102196925348 ], [ 128.669185896301968, 35.844196105020856 ], [ 128.669215533118461, 35.844157775805414 ] ], [ [ 128.669466554917733, 35.844021120625854 ], [ 128.669554361945814, 35.843989349689714 ], [ 128.66962823197963, 35.843938847651444 ], [ 128.669466554917733, 35.844021120625854 ] ], [ [ 128.669664465814094, 35.843899700435827 ], [ 128.669697871272405, 35.843822122978914 ], [ 128.669698438802556, 35.843805451472051 ], [ 128.669704318472725, 35.843793063943743 ], [ 128.669697871272405, 35.843822122978956 ], [ 128.669676089249151, 35.843882815920395 ], [ 128.669664465814094, 35.843899700435827 ] ], [ [ 128.669833470588429, 35.843443630917363 ], [ 128.669808922201383, 35.843381845760796 ], [ 128.669795981568569, 35.843584655328065 ], [ 128.669833470588429, 35.843443630917363 ] ], [ [ 128.667491183899585, 35.840917004582636 ], [ 128.667491183899529, 35.840917004582671 ], [ 128.667530709008389, 35.840878020811253 ], [ 128.667491183899585, 35.840917004582636 ] ], [ [ 128.66670705690467, 35.839994912168365 ], [ 128.666319076011348, 35.839679113574654 ], [ 128.666128163375248, 35.839618664559197 ], [ 128.66670705690467, 35.839994912168365 ] ], [ [ 128.664874043652816, 35.839359728730749 ], [ 128.664181253936391, 35.838529783133723 ], [ 128.663941655519494, 35.838124175203689 ], [ 128.664590263034825, 35.838762235509741 ], [ 128.664874043652816, 35.839359728730749 ] ], [ [ 128.663662932250759, 35.837549103556306 ], [ 128.663634094301557, 35.837197914300511 ], [ 128.663710263753586, 35.837699787408226 ], [ 128.663662932250759, 35.837549103556306 ] ], [ [ 128.663305291710486, 35.83682806374992 ], [ 128.663288561000059, 35.836844760460551 ], [ 128.66333791228368, 35.83683778986731 ], [ 128.663305291710486, 35.83682806374992 ] ], [ [ 128.663126331680076, 35.8367943130608 ], [ 128.663018923293976, 35.836769357835919 ], [ 128.663114340662759, 35.836852680180421 ], [ 128.663126331680076, 35.8367943130608 ] ], [ [ 128.66193519460316, 35.836387447264592 ], [ 128.661910184298563, 35.836215224694442 ], [ 128.662055411622276, 35.83644556946637 ], [ 128.66193519460316, 35.836387447264592 ] ], [ [ 128.66185257224231, 35.836013394131378 ], [ 128.661852572242253, 35.836013394131371 ], [ 128.661884819765106, 35.83599885798845 ], [ 128.66185257224231, 35.836013394131378 ] ], [ [ 128.661917517051421, 35.835948895041803 ], [ 128.661824452136983, 35.835591845953431 ], [ 128.661884819765106, 35.83599885798845 ], [ 128.661917517051421, 35.835948895041803 ] ], [ [ 128.660761184276595, 35.834563603631835 ], [ 128.660269171776463, 35.833513037625941 ], [ 128.660256427939231, 35.833484846414748 ], [ 128.660269171776463, 35.833513037625892 ], [ 128.660761184276595, 35.834563603631835 ] ], [ [ 128.659108650219451, 35.832991519753897 ], [ 128.65910865021948, 35.832991519753946 ], [ 128.658739827674395, 35.833003762068898 ], [ 128.659108650219451, 35.832991519753897 ] ], [ [ 128.657666833186425, 35.831979510997364 ], [ 128.657664742724393, 35.831977582282896 ], [ 128.658739827674395, 35.833003762068898 ], [ 128.657666833186425, 35.831979510997364 ] ], [ [ 128.656893056266313, 35.832307395588188 ], [ 128.656808247719709, 35.832408030649482 ], [ 128.657110781532651, 35.832082950745075 ], [ 128.656893056266313, 35.832307395588188 ] ], [ [ 128.655873507396251, 35.832699386548519 ], [ 128.655873507396194, 35.832699386548519 ], [ 128.655851158457693, 35.832679819270375 ], [ 128.655873507396251, 35.832699386548519 ] ], [ [ 128.655498635161393, 35.832305453889425 ], [ 128.655426116616582, 35.831809450272367 ], [ 128.655421771052488, 35.831765213492538 ], [ 128.655424437838263, 35.831704134539081 ], [ 128.655414687101256, 35.831695739178031 ], [ 128.65542443783832, 35.831704134539123 ], [ 128.655498635161393, 35.832305453889376 ], [ 128.655851158457693, 35.832679819270375 ], [ 128.655498635161393, 35.832305453889425 ] ], [ [ 128.655232783512673, 35.831304383547781 ], [ 128.655151652283507, 35.831048952239854 ], [ 128.655278128765588, 35.831443589494121 ], [ 128.655232783512673, 35.831304383547781 ] ], [ [ 128.653896609613355, 35.830799611335038 ], [ 128.654643441858411, 35.830800184260184 ], [ 128.653992456497264, 35.830800304899725 ], [ 128.653896609613355, 35.830799611335038 ] ], [ [ 128.652953215266479, 35.829511042884327 ], [ 128.65296078758189, 35.829428183437891 ], [ 128.653021778726639, 35.829976168899904 ], [ 128.652953215266479, 35.829511042884327 ] ], [ [ 128.652767481723657, 35.828581496812063 ], [ 128.652640263876464, 35.828460165522586 ], [ 128.65289593598402, 35.828753516691521 ], [ 128.652767481723657, 35.828581496812063 ] ], [ [ 128.653753242322779, 35.826062512883553 ], [ 128.65318092204646, 35.826815327860444 ], [ 128.653304893194786, 35.826771706032396 ], [ 128.653511487991409, 35.826573380492228 ], [ 128.653753242322779, 35.826062512883553 ] ], [ [ 128.654243320411183, 35.825568071074926 ], [ 128.654579820178895, 35.825544961223073 ], [ 128.654243320411155, 35.825568071074954 ], [ 128.654243320411183, 35.825568071074926 ] ], [ [ 128.625388517633837, 35.823853675290451 ], [ 128.625435624866924, 35.82395494277938 ], [ 128.625435559107927, 35.823954807386293 ], [ 128.625388517633837, 35.823853675290451 ] ], [ [ 128.637037478804956, 35.818948021958342 ], [ 128.636929226333734, 35.818981481604411 ], [ 128.63699109827661, 35.818900637824164 ], [ 128.637037478804956, 35.818948021958342 ] ], [ [ 128.60956754918422, 35.849110298688991 ], [ 128.609548355862728, 35.849013226135483 ], [ 128.609591287699374, 35.84913628688102 ], [ 128.60956754918422, 35.849110298688991 ] ], [ [ 128.609650409624408, 35.849179369885846 ], [ 128.609659426522512, 35.849175875418695 ], [ 128.609711576601626, 35.84916227442023 ], [ 128.609650409624408, 35.849179369885846 ] ], [ [ 128.621964553332361, 35.862717674700733 ], [ 128.621961889060941, 35.862465985192934 ], [ 128.621961889197763, 35.862465985054065 ], [ 128.621964553332361, 35.862717674700733 ] ], [ [ 128.689380526727859, 35.841073885388745 ], [ 128.689373113952144, 35.84108436568097 ], [ 128.689421776841442, 35.841015240127128 ], [ 128.689380526727859, 35.841073885388745 ] ], [ [ 128.693628912522684, 35.838660898349502 ], [ 128.693669425284753, 35.838602889593709 ], [ 128.693556909906675, 35.838773433076852 ], [ 128.693628912522684, 35.838660898349502 ] ], [ [ 128.694914587861547, 35.837984507733893 ], [ 128.694914587896164, 35.837984498721596 ], [ 128.694919805748754, 35.838000536233778 ], [ 128.694914587861547, 35.837984507733893 ] ], [ [ 128.700946862802709, 35.842295624972571 ], [ 128.701051760582459, 35.842272655735307 ], [ 128.700946862802766, 35.842295624972571 ], [ 128.700773949366152, 35.842341534662189 ], [ 128.700611144024776, 35.842379895470984 ], [ 128.700946862802709, 35.842295624972571 ] ], [ [ 128.701397090674789, 35.842196906870456 ], [ 128.701643826452397, 35.842132878889629 ], [ 128.701754215950587, 35.842106324065938 ], [ 128.70148294860843, 35.842177981466207 ], [ 128.701397090674789, 35.842196906870456 ] ], [ [ 128.701963492577988, 35.842047768946692 ], [ 128.701970865237712, 35.842046007602328 ], [ 128.701754215950587, 35.842106324065938 ], [ 128.701963492577988, 35.842047768946692 ] ], [ [ 128.702307656003683, 35.841967820197532 ], [ 128.702512471052103, 35.841921074300927 ], [ 128.70230765600374, 35.841967820197532 ], [ 128.702132586027972, 35.842013627342531 ], [ 128.702075681710369, 35.842025318991709 ], [ 128.702307656003683, 35.841967820197532 ] ], [ [ 128.703335565705856, 35.841726894833762 ], [ 128.703694935915536, 35.841634279582209 ], [ 128.704004436446695, 35.841558151491789 ], [ 128.703335565705856, 35.841726894833762 ] ], [ [ 128.704062035423931, 35.841544045299983 ], [ 128.704062035423902, 35.841544045299997 ], [ 128.704034292402866, 35.84155125873238 ], [ 128.704062035423931, 35.841544045299983 ] ], [ [ 128.704099678092746, 35.841532737650169 ], [ 128.704099678092746, 35.841532737650205 ], [ 128.704076158040181, 35.841539429895725 ], [ 128.704099678092746, 35.841532737650169 ] ], [ [ 128.706210397762845, 35.841134894213944 ], [ 128.706210397762902, 35.841134894214001 ], [ 128.706126579945447, 35.841143936716222 ], [ 128.706210397762845, 35.841134894213944 ] ], [ [ 128.706835210398566, 35.841135652489086 ], [ 128.706835210398509, 35.841135652489108 ], [ 128.706798813567474, 35.841130928102253 ], [ 128.706835210398566, 35.841135652489086 ] ], [ [ 128.707263907185819, 35.841151708462455 ], [ 128.70730480528988, 35.841154881829041 ], [ 128.707317247933048, 35.841155851218403 ], [ 128.707263907185819, 35.841151708462505 ], [ 128.707081342435089, 35.84116016575512 ], [ 128.707023993027803, 35.841158633471828 ], [ 128.707263907185819, 35.841151708462455 ] ], [ [ 128.708554835281319, 35.841055444884653 ], [ 128.708554835281262, 35.841055444884688 ], [ 128.708424139291424, 35.841057703854752 ], [ 128.708554835281319, 35.841055444884653 ] ], [ [ 128.70893941980475, 35.841108653997587 ], [ 128.708939419804693, 35.841108653997615 ], [ 128.708928474498748, 35.841106231380813 ], [ 128.70893941980475, 35.841108653997587 ] ], [ [ 128.709153114906229, 35.841146954284191 ], [ 128.709153114906172, 35.841146954284191 ], [ 128.709115244586911, 35.841140655986727 ], [ 128.709153114906229, 35.841146954284191 ] ], [ [ 128.709742361302659, 35.841121258423037 ], [ 128.709742361302716, 35.84112125842308 ], [ 128.709703099645054, 35.84113364541151 ], [ 128.709742361302659, 35.841121258423037 ] ], [ [ 128.71086300269485, 35.841204896461186 ], [ 128.711186642708867, 35.841258816207258 ], [ 128.710740444495968, 35.841188269428052 ], [ 128.71086300269485, 35.841204896461186 ] ], [ [ 128.711298663300909, 35.84128163596089 ], [ 128.711298663300852, 35.84128163596089 ], [ 128.711297270947767, 35.841272040988308 ], [ 128.711298663300909, 35.84128163596089 ] ], [ [ 128.711815477670939, 35.841429182333535 ], [ 128.711815477670939, 35.84142918233357 ], [ 128.711809603254522, 35.841427230490758 ], [ 128.711815477670939, 35.841429182333535 ] ], [ [ 128.712157255289611, 35.841554756402481 ], [ 128.712157255289554, 35.841554756402481 ], [ 128.712130906914524, 35.841544260150698 ], [ 128.712157255289611, 35.841554756402481 ] ], [ [ 128.712920007160022, 35.841751890694397 ], [ 128.712969322960618, 35.841772052857053 ], [ 128.712920007159966, 35.841751890694454 ], [ 128.712744185106231, 35.841707694788106 ], [ 128.712615226470433, 35.84166706304859 ], [ 128.712920007160022, 35.841751890694397 ] ], [ [ 128.713145019895137, 35.841844781667895 ], [ 128.713145019895194, 35.841844781667966 ], [ 128.713062162920124, 35.841814926254941 ], [ 128.713145019895137, 35.841844781667895 ] ], [ [ 128.713570999777488, 35.841989263612199 ], [ 128.713499978024743, 35.841962912186176 ], [ 128.713570999777431, 35.84198926361217 ], [ 128.713570999777488, 35.841989263612199 ] ], [ [ 128.713579468008561, 35.841995223126155 ], [ 128.713570999777488, 35.841989263612206 ], [ 128.713570999777488, 35.841989263612199 ], [ 128.713579468008561, 35.841995223126155 ] ], [ [ 128.713612875934473, 35.842009903375711 ], [ 128.713660308828679, 35.842018236362058 ], [ 128.713579468008561, 35.841995223126155 ], [ 128.713612875934473, 35.842009903375711 ] ], [ [ 128.715672478447914, 35.8377238007022 ], [ 128.715676300920023, 35.837722701254741 ], [ 128.715659896558066, 35.837750835302472 ], [ 128.715672478447914, 35.8377238007022 ] ], [ [ 128.684175520705423, 35.840688392719819 ], [ 128.684373521958548, 35.840773082845679 ], [ 128.683986326510535, 35.840607474724926 ], [ 128.684175520705423, 35.840688392719819 ] ], [ [ 128.693777136756978, 35.83425266518239 ], [ 128.693764624959812, 35.834170898849251 ], [ 128.69376529712531, 35.834171666631981 ], [ 128.693777136756978, 35.83425266518239 ] ], [ [ 128.693087154228778, 35.833056804505617 ], [ 128.693029397143789, 35.833061378854765 ], [ 128.693410298460407, 35.833026846462509 ], [ 128.693087154228778, 35.833056804505617 ] ], [ [ 128.67905652332567, 35.835097078364328 ], [ 128.678927885150046, 35.834910336950884 ], [ 128.678954234960088, 35.834946538723379 ], [ 128.67905652332567, 35.835097078364328 ] ], [ [ 128.679960315697059, 35.835905197713629 ], [ 128.67989856928142, 35.835863656200942 ], [ 128.679962679337933, 35.835906411709544 ], [ 128.679960315697059, 35.835905197713629 ] ], [ [ 128.681375553829838, 35.837957296823724 ], [ 128.681362460677093, 35.837932360458367 ], [ 128.681387405851268, 35.837979850586201 ], [ 128.681375553829838, 35.837957296823724 ] ], [ [ 128.714601813503123, 35.842066342857244 ], [ 128.714513622563715, 35.842066411676988 ], [ 128.714833261015372, 35.842045129919242 ], [ 128.714601813503123, 35.842066342857244 ] ], [ [ 128.71514270987592, 35.842039414606234 ], [ 128.715246069635782, 35.842042689001318 ], [ 128.714833261015372, 35.842045129919242 ], [ 128.71514270987592, 35.842039414606234 ] ], [ [ 128.715553041323687, 35.842054847507072 ], [ 128.71532465123974, 35.842046147550079 ], [ 128.715712311266145, 35.842063842239654 ], [ 128.715553041323687, 35.842054847507072 ] ], [ [ 128.715712311266145, 35.842063842239654 ], [ 128.715935690765491, 35.842094736221625 ], [ 128.715989560386532, 35.842102916415463 ], [ 128.715786850995812, 35.842075519380259 ], [ 128.715712311266145, 35.842063842239654 ] ], [ [ 128.716104279000803, 35.842119677638195 ], [ 128.716053318937867, 35.84211250696643 ], [ 128.716172743857726, 35.84213703600723 ], [ 128.716104279000803, 35.842119677638195 ] ], [ [ 128.716190599801507, 35.842142675147457 ], [ 128.716202128336278, 35.84215442475351 ], [ 128.716172743857726, 35.84213703600723 ], [ 128.716190599801507, 35.842142675147457 ] ], [ [ 128.716251636651663, 35.842163368484954 ], [ 128.716219773795984, 35.842159084033163 ], [ 128.716291870087218, 35.842201995986258 ], [ 128.716251636651663, 35.842163368484954 ] ], [ [ 128.716303139986763, 35.842212816043094 ], [ 128.716315125466224, 35.842219335498633 ], [ 128.716303139986792, 35.842212816043123 ], [ 128.716303139986763, 35.842212816043094 ] ], [ [ 128.716514488534841, 35.842299359549052 ], [ 128.716503474426077, 35.842294795714764 ], [ 128.716568788204427, 35.842319063402805 ], [ 128.716514488534841, 35.842299359549052 ] ], [ [ 128.716941322803535, 35.842436360229115 ], [ 128.716886124164859, 35.842422267488587 ], [ 128.716968029440153, 35.842440163634677 ], [ 128.716941322803535, 35.842436360229115 ] ], [ [ 128.717042626150061, 35.842454634002657 ], [ 128.717115318973583, 35.842453616367102 ], [ 128.716968029440153, 35.842440163634677 ], [ 128.717042626150061, 35.842454634002657 ] ], [ [ 128.717608736069565, 35.842484514970735 ], [ 128.71755173781699, 35.842473403124366 ], [ 128.717705492055728, 35.84251162770785 ], [ 128.717608736069565, 35.842484514970735 ] ], [ [ 128.718131798890454, 35.842542609030353 ], [ 128.71830087960538, 35.842569594362921 ], [ 128.718131798890454, 35.842542609030374 ], [ 128.717899327575992, 35.842543421631369 ], [ 128.717877663097966, 35.842539158835891 ], [ 128.717899327576021, 35.842543421631362 ], [ 128.718131798890454, 35.842542609030353 ] ], [ [ 128.718385757587697, 35.842578419266886 ], [ 128.718385360052622, 35.842593730546305 ], [ 128.718385360052594, 35.842593730546298 ], [ 128.718385757587697, 35.842578419266886 ] ], [ [ 128.718419034064937, 35.842599262413032 ], [ 128.718519741983016, 35.842595227634007 ], [ 128.718519741983016, 35.842595227634014 ], [ 128.718419034064937, 35.842599262413032 ] ], [ [ 128.718541598100501, 35.842581493134738 ], [ 128.718785073941802, 35.842592204252803 ], [ 128.71875772994818, 35.842608828765087 ], [ 128.718710309918322, 35.842609095732627 ], [ 128.718541598100501, 35.842581493134738 ] ], [ [ 128.719148522164659, 35.842637364991525 ], [ 128.719149379760893, 35.842662039868344 ], [ 128.719145375391122, 35.842642572501617 ], [ 128.719148522164659, 35.842637364991525 ] ], [ [ 128.719286720909054, 35.842800010131626 ], [ 128.719246503377349, 35.842785314379761 ], [ 128.719314962801008, 35.842806748869982 ], [ 128.719286720909054, 35.842800010131626 ] ], [ [ 128.719794503975095, 35.842922978026593 ], [ 128.719779925506856, 35.842916375678435 ], [ 128.71993605183917, 35.842964136257066 ], [ 128.719794503975095, 35.842922978026593 ] ], [ [ 128.720260890351966, 35.843083699367853 ], [ 128.720240227865816, 35.843075624336812 ], [ 128.72031688734404, 35.8431030666708 ], [ 128.720260890351966, 35.843083699367853 ] ], [ [ 128.720402993751492, 35.843127553081878 ], [ 128.720334317581376, 35.843108951918495 ], [ 128.720517263286183, 35.843154461175843 ], [ 128.720402993751492, 35.843127553081878 ] ], [ [ 128.720664716558929, 35.843178535665672 ], [ 128.720664716559014, 35.843178535665665 ], [ 128.720675176750291, 35.843187951116526 ], [ 128.720664716558929, 35.843178535665672 ] ], [ [ 128.720675176750291, 35.843187951116526 ], [ 128.720809210718443, 35.843260246930114 ], [ 128.720838172031506, 35.843281316380697 ], [ 128.720675176750291, 35.843187951116526 ] ], [ [ 128.721229234196073, 35.843417512601214 ], [ 128.721070964153427, 35.843387645576087 ], [ 128.721231544792062, 35.843412021273345 ], [ 128.721229234196073, 35.843417512601214 ] ], [ [ 128.72135840159396, 35.843444905257734 ], [ 128.721350230498587, 35.843441831170907 ], [ 128.72141829081508, 35.843490449735093 ], [ 128.72135840159396, 35.843444905257734 ] ], [ [ 128.721439328935986, 35.843494752650301 ], [ 128.721471807868113, 35.843490898879033 ], [ 128.721471807868141, 35.84349089887904 ], [ 128.721439328935986, 35.843494752650301 ] ], [ [ 128.721592422924829, 35.843510908157192 ], [ 128.721522680519655, 35.843506789241466 ], [ 128.721654950570382, 35.843519854065121 ], [ 128.721592422924829, 35.843510908157192 ] ], [ [ 128.721905413016344, 35.843582646013175 ], [ 128.721871940356863, 35.843570325024601 ], [ 128.722007123406854, 35.843618157437895 ], [ 128.721905413016344, 35.843582646013175 ] ], [ [ 128.722118108329823, 35.843654068858854 ], [ 128.722179574215914, 35.843671129227218 ], [ 128.722007123406854, 35.843618157437895 ], [ 128.722118108329823, 35.843654068858854 ] ], [ [ 128.722319417350946, 35.843712376899468 ], [ 128.722340513383074, 35.843718655377721 ], [ 128.722340513383017, 35.843718655377707 ], [ 128.722319417350946, 35.843712376899468 ] ], [ [ 128.722343561673199, 35.843719393571241 ], [ 128.722557449678163, 35.8437740450698 ], [ 128.722538127367812, 35.843766510849832 ], [ 128.722343561673199, 35.843719393571241 ] ], [ [ 128.722642720840042, 35.843807030357901 ], [ 128.722668455633169, 35.843797753124868 ], [ 128.722600102123522, 35.843788879463034 ], [ 128.722642720840042, 35.843807030357901 ] ], [ [ 128.722883040247638, 35.843870539885152 ], [ 128.723087563147629, 35.843962427452432 ], [ 128.722883040247638, 35.843870539885195 ], [ 128.722813794275567, 35.843847775837503 ], [ 128.722883040247638, 35.843870539885152 ] ], [ [ 128.723398239563124, 35.843914614443477 ], [ 128.723323036893191, 35.843916414194958 ], [ 128.723433042273484, 35.843910990831382 ], [ 128.723398239563124, 35.843914614443477 ] ], [ [ 128.723773405260118, 35.843796553124911 ], [ 128.724027495838669, 35.843790020100521 ], [ 128.723517634787129, 35.843897514561206 ], [ 128.723773405260118, 35.843796553124911 ] ], [ [ 128.724155365191223, 35.843805996947701 ], [ 128.72411387908241, 35.843786722641468 ], [ 128.724155365191251, 35.843805996947658 ], [ 128.724155365191223, 35.843805996947701 ] ], [ [ 128.724142306680989, 35.843821044705507 ], [ 128.72414892396651, 35.843813419386265 ], [ 128.724151609160316, 35.843821196174019 ], [ 128.724142306680989, 35.843821044705507 ] ], [ [ 128.724217165938967, 35.84382443488213 ], [ 128.724208456603947, 35.843823123924238 ], [ 128.72422943175863, 35.84382845270197 ], [ 128.724217165938967, 35.84382443488213 ] ], [ [ 128.72423595598832, 35.843822747830615 ], [ 128.72423523217563, 35.843830352699776 ], [ 128.724314702456525, 35.843812844482855 ], [ 128.72423595598832, 35.843822747830615 ] ], [ [ 128.725110901749247, 35.844651361166335 ], [ 128.725055562163021, 35.84456961241338 ], [ 128.725222785335774, 35.844818385427622 ], [ 128.725110901749247, 35.844651361166335 ] ], [ [ 128.725222785335774, 35.844818385427622 ], [ 128.725550595684439, 35.844876980616043 ], [ 128.725555537399401, 35.844886419816511 ], [ 128.725231946805593, 35.844835449095903 ], [ 128.725222785335774, 35.844818385427622 ] ], [ [ 128.725635181775203, 35.84497141791941 ], [ 128.72569232858342, 35.84501684624496 ], [ 128.725692328583364, 35.845016846244967 ], [ 128.725635181775203, 35.84497141791941 ] ], [ [ 128.698522731039503, 35.850819297804541 ], [ 128.698806853020642, 35.851745981832437 ], [ 128.69850920667929, 35.850707860570957 ], [ 128.698522731039503, 35.850819297804541 ] ], [ [ 128.698814707011621, 35.851764990884099 ], [ 128.698858059003072, 35.851773973731135 ], [ 128.698806853020642, 35.851745981832437 ], [ 128.698814707011621, 35.851764990884099 ] ], [ [ 128.700144666516337, 35.850321525258828 ], [ 128.699947771121543, 35.850352178494973 ], [ 128.700202707169439, 35.850228278889816 ], [ 128.700144666516337, 35.850321525258828 ] ], [ [ 128.701048185390988, 35.849070918572416 ], [ 128.700725726416266, 35.84926936879242 ], [ 128.701048566024582, 35.848896813405112 ], [ 128.701048185390988, 35.849070918572416 ] ], [ [ 128.703236692703456, 35.848464215369248 ], [ 128.702443781661401, 35.848599946620794 ], [ 128.703303069680146, 35.848497786657916 ], [ 128.703236692703456, 35.848464215369248 ] ], [ [ 128.703584630212504, 35.84864019070195 ], [ 128.703635739416825, 35.848105253910788 ], [ 128.703584630212561, 35.848640190701978 ], [ 128.703584630212504, 35.84864019070195 ] ], [ [ 128.702666580450114, 35.846487237462135 ], [ 128.70312752540363, 35.846791704681003 ], [ 128.70230883943151, 35.84647910074532 ], [ 128.702666580450114, 35.846487237462135 ] ], [ [ 128.701642979115036, 35.846322950172315 ], [ 128.702252365160462, 35.846477816254222 ], [ 128.701642979115036, 35.84632295017235 ], [ 128.701642979115036, 35.846322950172315 ] ], [ [ 128.701804606634056, 35.845851216631075 ], [ 128.701811042739592, 35.845867590326868 ], [ 128.701836186661637, 35.845841963064764 ], [ 128.701804606634056, 35.845851216631075 ] ], [ [ 128.701840532979645, 35.845840689508513 ], [ 128.701840532979674, 35.845840689508506 ], [ 128.701883888990693, 35.845876685283031 ], [ 128.701840532979645, 35.845840689508513 ] ], [ [ 128.701984429556745, 35.845936147852001 ], [ 128.701954195528032, 35.845924075542698 ], [ 128.70200753358472, 35.845937679488927 ], [ 128.701984429556745, 35.845936147852001 ] ], [ [ 128.70253439182261, 35.845958579258067 ], [ 128.702632362279331, 35.845987528656757 ], [ 128.702414926349348, 35.845953533293638 ], [ 128.70253439182261, 35.845958579258067 ] ], [ [ 128.702778155944316, 35.84600712272551 ], [ 128.70277815594423, 35.84600712272551 ], [ 128.702667202861022, 35.84599221886031 ], [ 128.702778155944316, 35.84600712272551 ] ], [ [ 128.702925688325649, 35.845992321310078 ], [ 128.702914204426861, 35.846014328290593 ], [ 128.70292698475248, 35.84598983895701 ], [ 128.702925688325649, 35.845992321310078 ] ], [ [ 128.702870290658325, 35.845923220197598 ], [ 128.702870290658325, 35.845923220197534 ], [ 128.702906318800245, 35.845953916453006 ], [ 128.702870290658325, 35.845923220197598 ] ], [ [ 128.70285322597428, 35.845845309984796 ], [ 128.702835687499118, 35.845832160005791 ], [ 128.702853225974309, 35.845845309984796 ], [ 128.70285322597428, 35.845845309984796 ] ], [ [ 128.702024154415852, 35.845274325358361 ], [ 128.702063365955496, 35.845273188343612 ], [ 128.7019966996927, 35.845275122145758 ], [ 128.702024154415852, 35.845274325358361 ] ], [ [ 128.701941878763932, 35.845276724934891 ], [ 128.701889809720825, 35.845261823697342 ], [ 128.7019966996927, 35.845275122145758 ], [ 128.701941878763932, 35.845276724934891 ] ], [ [ 128.701788154759868, 35.845159264470936 ], [ 128.701753434421363, 35.845118239327078 ], [ 128.701753434421391, 35.845118239327071 ], [ 128.701788154759868, 35.845159264470936 ] ], [ [ 128.702059973660226, 35.844977065875526 ], [ 128.702029941583561, 35.844990895477387 ], [ 128.702084563676578, 35.844970776615817 ], [ 128.702059973660226, 35.844977065875526 ] ], [ [ 128.702110735286027, 35.844921558293322 ], [ 128.702110735286084, 35.844921558293365 ], [ 128.702151160831619, 35.84495374341023 ], [ 128.702110735286027, 35.844921558293322 ] ], [ [ 128.701508307490229, 35.844450596118499 ], [ 128.701522718756422, 35.844461818827519 ], [ 128.70148463101566, 35.844432163518618 ], [ 128.701508307490229, 35.844450596118499 ] ], [ [ 128.701278432368468, 35.844283804978872 ], [ 128.701307875965057, 35.84430345362545 ], [ 128.70120264568942, 35.844232947489196 ], [ 128.701278432368468, 35.844283804978872 ] ], [ [ 128.701063133942142, 35.844152838393896 ], [ 128.701101164404946, 35.844174179475736 ], [ 128.70099330980517, 35.84411770442896 ], [ 128.701063133942142, 35.844152838393896 ] ], [ [ 128.700819580188323, 35.844047396185481 ], [ 128.700896325352375, 35.844075869313059 ], [ 128.70077011129294, 35.844033050728044 ], [ 128.700819580188323, 35.844047396185481 ] ], [ [ 128.70077011129294, 35.844033050728044 ], [ 128.700448007967964, 35.843972689908639 ], [ 128.700372964344439, 35.843959749261757 ], [ 128.70077011129294, 35.844033050728044 ] ], [ [ 128.699516440720402, 35.843816536977421 ], [ 128.699516440720458, 35.843816536977421 ], [ 128.69953773069858, 35.843820087181548 ], [ 128.699516440720402, 35.843816536977421 ] ], [ [ 128.699448031941529, 35.843615612076817 ], [ 128.699435137499592, 35.84357823710036 ], [ 128.69946717866884, 35.843671798934203 ], [ 128.699448031941529, 35.843615612076817 ] ], [ [ 128.699390158183235, 35.843447591142429 ], [ 128.699413713410081, 35.843516097247473 ], [ 128.699368335676041, 35.843382685063425 ], [ 128.699390158183235, 35.843447591142429 ] ], [ [ 128.699339040919597, 35.843295980865037 ], [ 128.699358388274902, 35.843353161624592 ], [ 128.699291326329387, 35.843157825740278 ], [ 128.699339040919597, 35.843295980865037 ] ], [ [ 128.699239529911381, 35.843001518203508 ], [ 128.699279080834941, 35.843115594561695 ], [ 128.699229810304104, 35.842996909985452 ], [ 128.699239529911381, 35.843001518203508 ] ], [ [ 128.69910572351975, 35.842938716128884 ], [ 128.699106783901556, 35.842939193857866 ], [ 128.699090608868005, 35.842896436599624 ], [ 128.69910572351975, 35.842938716128884 ] ], [ [ 128.699071102664192, 35.84283944889124 ], [ 128.699038278546567, 35.842743876819831 ], [ 128.699064089238448, 35.842817303370552 ], [ 128.699071102664192, 35.84283944889124 ] ], [ [ 128.699698623754784, 35.842607258194469 ], [ 128.699568598724113, 35.842634386319077 ], [ 128.699832916772806, 35.842576583366267 ], [ 128.699698623754784, 35.842607258194469 ] ], [ [ 128.700313087788658, 35.84245267625603 ], [ 128.700265404356941, 35.842464074714293 ], [ 128.700392110867909, 35.842432777947344 ], [ 128.700313087788658, 35.84245267625603 ] ], [ [ 128.699000037819701, 35.851810186384768 ], [ 128.699071644639531, 35.851850644393515 ], [ 128.698957476131682, 35.851788981061127 ], [ 128.699000037819701, 35.851810186384768 ] ], [ [ 128.699126530168314, 35.85188474941318 ], [ 128.699092852309576, 35.851892676756187 ], [ 128.699121574674081, 35.851880286862986 ], [ 128.699126530168314, 35.85188474941318 ] ], [ [ 128.698981185418887, 35.851923849243349 ], [ 128.69904337339301, 35.851905313708471 ], [ 128.698981185418944, 35.851923849243398 ], [ 128.698981185418887, 35.851923849243349 ] ], [ [ 128.699199983044707, 35.852073736388917 ], [ 128.699310113238369, 35.852142941283837 ], [ 128.699026688773728, 35.851957526205311 ], [ 128.699199983044707, 35.852073736388917 ] ], [ [ 128.699646099513586, 35.852421657458905 ], [ 128.699697719755818, 35.852514562819103 ], [ 128.699578401440277, 35.852361266098129 ], [ 128.699646099513586, 35.852421657458905 ] ], [ [ 128.699898166252922, 35.852837503677506 ], [ 128.699904253681495, 35.852850605439031 ], [ 128.699843303526706, 35.852754456426631 ], [ 128.699898166252922, 35.852837503677506 ] ], [ [ 128.699995645700767, 35.85306124843374 ], [ 128.699997266832014, 35.853065812808886 ], [ 128.699946857751712, 35.852924082457122 ], [ 128.699995645700767, 35.85306124843374 ] ], [ [ 128.700056139158761, 35.853223687667345 ], [ 128.700105109417791, 35.853295216258594 ], [ 128.699997266832014, 35.853065812808886 ], [ 128.700056139158761, 35.853223687667345 ] ], [ [ 128.700182994617847, 35.853425524533321 ], [ 128.700164196453755, 35.85337595389916 ], [ 128.700175168552704, 35.853404857351507 ], [ 128.700182994617904, 35.853425524533321 ], [ 128.700211468438198, 35.853452735002023 ], [ 128.700182994617847, 35.853425524533321 ] ], [ [ 128.700398700739214, 35.853589569319034 ], [ 128.700421961075335, 35.853621675921218 ], [ 128.700373657066365, 35.853563857093427 ], [ 128.700398700739214, 35.853589569319034 ] ], [ [ 128.700537542351668, 35.853698859782725 ], [ 128.70060973926411, 35.853746896754593 ], [ 128.700488479719894, 35.853674319183916 ], [ 128.700537542351668, 35.853698859782725 ] ], [ [ 128.700671406188633, 35.853801351238189 ], [ 128.700744589855589, 35.853913541329121 ], [ 128.700756697174882, 35.853926773289473 ], [ 128.700744589855532, 35.853913541329113 ], [ 128.700671406188576, 35.853801351238197 ], [ 128.70060973926411, 35.853746896754593 ], [ 128.700671406188633, 35.853801351238189 ] ], [ [ 128.700877267051766, 35.854019688644435 ], [ 128.700786164962977, 35.853958978067269 ], [ 128.700901290711244, 35.854042955831929 ], [ 128.700877267051766, 35.854019688644435 ] ], [ [ 128.701268869751289, 35.8542380212061 ], [ 128.700941549390365, 35.854073509645055 ], [ 128.701296124119466, 35.854254002292855 ], [ 128.701268869751289, 35.8542380212061 ] ], [ [ 128.701419778363515, 35.854441917597448 ], [ 128.701431040946176, 35.854496723480807 ], [ 128.701393690490789, 35.854348764710892 ], [ 128.701419778363515, 35.854441917597448 ] ], [ [ 128.701549175765365, 35.854561069975283 ], [ 128.701555420937382, 35.854575771220027 ], [ 128.701493408749229, 35.854578284666609 ], [ 128.701549175765365, 35.854561069975283 ] ], [ [ 128.701606657126888, 35.855012164275514 ], [ 128.701603478338967, 35.85472129325526 ], [ 128.701608717306755, 35.854806934405111 ], [ 128.701606657126888, 35.855012164275514 ] ], [ [ 128.701699726950949, 35.855337457138113 ], [ 128.701708680202813, 35.855328681032489 ], [ 128.701708680202813, 35.85532868103251 ], [ 128.701699726950949, 35.855337457138113 ] ], [ [ 128.701771841921442, 35.855624816891222 ], [ 128.701771841921527, 35.855624816891179 ], [ 128.701779242925198, 35.855635046470262 ], [ 128.701771841921442, 35.855624816891222 ] ], [ [ 128.701707303477178, 35.855679731075 ], [ 128.701558357566967, 35.85580047791607 ], [ 128.70173727824718, 35.855661112489692 ], [ 128.701707303477178, 35.855679731075 ] ], [ [ 128.70127846826594, 35.856067647451859 ], [ 128.701267057610238, 35.856076589446779 ], [ 128.701379937669401, 35.855980849519838 ], [ 128.70127846826594, 35.856067647451859 ] ], [ [ 128.70094379452371, 35.85630956158677 ], [ 128.700882842856515, 35.856349173182991 ], [ 128.700957021782159, 35.85630096347731 ], [ 128.70094379452371, 35.85630956158677 ] ], [ [ 128.700702469938562, 35.856474705988781 ], [ 128.700750607753804, 35.856439320851102 ], [ 128.700644338622254, 35.8565358632382 ], [ 128.700702469938562, 35.856474705988781 ] ], [ [ 128.70048006240944, 35.856698955944026 ], [ 128.700352735447865, 35.856807633650853 ], [ 128.700597066353652, 35.856600961194282 ], [ 128.70048006240944, 35.856698955944026 ] ], [ [ 128.700204819869981, 35.856994388626987 ], [ 128.700138257558166, 35.857099963769443 ], [ 128.700352735447865, 35.856807633650853 ], [ 128.700204819869981, 35.856994388626987 ] ], [ [ 128.700011441993979, 35.8574484561031 ], [ 128.699957064177397, 35.857582382679823 ], [ 128.700074905952533, 35.857308612326293 ], [ 128.700011441993979, 35.8574484561031 ] ] ] ] } },
{ "type": "Feature", "properties": { "sigungu_cd": "27720", "sigungu_nm": "군위군" }, "geometry": { "type": "MultiPolygon", "coordinates": [ [ [ [ 128.696898658387397, 36.034676244343991 ], [ 128.699785710193908, 36.027084429468097 ], [ 128.69414904093415, 36.018136711421043 ], [ 128.694523040832081, 36.016383377897711 ], [ 128.687147011610477, 36.014459461877351 ], [ 128.66955429175988, 36.013602637679845 ], [ 128.664248306858241, 36.010449612656373 ], [ 128.654281833797285, 36.009816505259153 ], [ 128.651173005223541, 36.007584846641862 ], [ 128.644874060071942, 36.010600925359512 ], [ 128.640789540304723, 36.010538857735355 ], [ 128.636951486640328, 36.016929004343041 ], [ 128.621406061580643, 36.025262053815894 ], [ 128.622638719844389, 36.038252830440811 ], [ 128.627830349726395, 36.045026509819962 ], [ 128.629404795077761, 36.052654126079346 ], [ 128.628415224551958, 36.059733213781023 ], [ 128.630651543312183, 36.060071266632114 ], [ 128.632726053920265, 36.066798911776992 ], [ 128.627606466572814, 36.069039491327182 ], [ 128.631518400600555, 36.075399465359226 ], [ 128.627810652481401, 36.080160812067739 ], [ 128.625437594479251, 36.080535341439337 ], [ 128.621234106329183, 36.077051059555544 ], [ 128.615636824700488, 36.077845821132364 ], [ 128.607089398137731, 36.076079360628455 ], [ 128.60775684095654, 36.074954438086095 ], [ 128.597941050198273, 36.074927481487478 ], [ 128.596700421082232, 36.070393400457007 ], [ 128.597568364388195, 36.066924556819671 ], [ 128.594459812745129, 36.062914610390052 ], [ 128.587094945934012, 36.063663961834862 ], [ 128.583525459126975, 36.067907052608867 ], [ 128.569522359843404, 36.058232642728022 ], [ 128.566794522521803, 36.067022467336599 ], [ 128.563872884161583, 36.069809571572719 ], [ 128.56533744524981, 36.077213818055874 ], [ 128.567763417303667, 36.079804880399848 ], [ 128.566548030067452, 36.081421569511882 ], [ 128.569074140535577, 36.088505053472304 ], [ 128.56753795449788, 36.095588102553592 ], [ 128.56284836247201, 36.099589306375528 ], [ 128.564954545523705, 36.103947834000493 ], [ 128.565239112027086, 36.109569752518652 ], [ 128.562889796732691, 36.110953643728166 ], [ 128.564101716736076, 36.115862303742801 ], [ 128.561628627192334, 36.1194007881383 ], [ 128.558021533758222, 36.119528853619585 ], [ 128.554864211622231, 36.121660831813486 ], [ 128.552506021712844, 36.128351049359608 ], [ 128.548542871576728, 36.13100370973283 ], [ 128.552874382420242, 36.13907306366022 ], [ 128.548192811688097, 36.140697350284405 ], [ 128.550154833745495, 36.15059367355591 ], [ 128.546636401197162, 36.153808638404861 ], [ 128.542481170538423, 36.154620993378693 ], [ 128.540102665578843, 36.161064467405069 ], [ 128.54478187534815, 36.166155589786264 ], [ 128.548274795447298, 36.164264266711875 ], [ 128.552334162422028, 36.164921482379981 ], [ 128.554187265866005, 36.173433286609502 ], [ 128.556873015892336, 36.177245577997631 ], [ 128.548849763969486, 36.177844611376067 ], [ 128.548648370046266, 36.180023321106098 ], [ 128.542871476282357, 36.185002920097688 ], [ 128.53662392147416, 36.194924768524039 ], [ 128.527493886352687, 36.197449388523673 ], [ 128.522843512916324, 36.201349576362603 ], [ 128.515965510529099, 36.199612394081328 ], [ 128.513206176295313, 36.191930856062797 ], [ 128.507153283212801, 36.185563929712373 ], [ 128.502971822880284, 36.184885469329579 ], [ 128.498936165632642, 36.19598766362288 ], [ 128.495473363937435, 36.19647361382853 ], [ 128.493938121537838, 36.199017123645241 ], [ 128.4933044884433, 36.209140861641458 ], [ 128.491621185849709, 36.212666890556306 ], [ 128.487911149464537, 36.21475548400182 ], [ 128.489131589177362, 36.220298727192215 ], [ 128.485022889641471, 36.224297307671435 ], [ 128.479609703320534, 36.224466604257884 ], [ 128.485607312156105, 36.230272570373515 ], [ 128.485057443542075, 36.233592640398896 ], [ 128.478456455948731, 36.234673873051968 ], [ 128.471612840217716, 36.229150548376573 ], [ 128.467387727367509, 36.230249743542487 ], [ 128.461978097056658, 36.226636664476651 ], [ 128.453670850942586, 36.224306091908893 ], [ 128.450959351521533, 36.221726037300563 ], [ 128.443903198870657, 36.221172864279467 ], [ 128.440982887022699, 36.218307729573809 ], [ 128.437882457779153, 36.222704146131285 ], [ 128.437827426232957, 36.227069441750643 ], [ 128.434527102627243, 36.230412242904009 ], [ 128.434009057093931, 36.234331207363113 ], [ 128.423640269646143, 36.236966897098178 ], [ 128.423760413355126, 36.24225505841455 ], [ 128.417630521640518, 36.245905529045878 ], [ 128.420065334529028, 36.253750203952841 ], [ 128.416135475919077, 36.257656369784648 ], [ 128.420479345254762, 36.259658140026744 ], [ 128.421139196455528, 36.267790998765797 ], [ 128.426640126250248, 36.274958163330879 ], [ 128.421539273502475, 36.279569970452165 ], [ 128.413521823375646, 36.282868608538081 ], [ 128.410403058089145, 36.287236447184718 ], [ 128.413556190624661, 36.290637804216018 ], [ 128.41282339663897, 36.293707782322123 ], [ 128.416538525325336, 36.298724808280596 ], [ 128.427865493711607, 36.298874081600424 ], [ 128.432538169310845, 36.304861497438466 ], [ 128.438525687033462, 36.305134903421681 ], [ 128.439217881318768, 36.312322139936491 ], [ 128.438006641098582, 36.314070569125164 ], [ 128.445223031661129, 36.318390082919073 ], [ 128.447070682299511, 36.322695105823314 ], [ 128.450976560684779, 36.324773873029145 ], [ 128.451538056562413, 36.327198657629367 ], [ 128.453763231682217, 36.327162103898665 ], [ 128.455899416581246, 36.32499333000716 ], [ 128.468675628355811, 36.32174423386963 ], [ 128.470103268337596, 36.320110444782891 ], [ 128.471013728230361, 36.320920718418279 ], [ 128.473587687241007, 36.317885100297829 ], [ 128.473236451423332, 36.31216389222805 ], [ 128.479162870583963, 36.311018545733852 ], [ 128.484279037230522, 36.307569056471912 ], [ 128.487622059614068, 36.308217300780584 ], [ 128.49121453033581, 36.304058759989587 ], [ 128.506969188032969, 36.30372994808112 ], [ 128.510652874056632, 36.300660809877726 ], [ 128.51793166287905, 36.301904446904089 ], [ 128.519512901810486, 36.300217220707566 ], [ 128.525748045737174, 36.299270320720446 ], [ 128.52910476236147, 36.293752132091051 ], [ 128.53566300504005, 36.295847127989482 ], [ 128.542828091622226, 36.293898774534831 ], [ 128.547859829514778, 36.288856452545353 ], [ 128.552746794138926, 36.27458691432053 ], [ 128.557564273987424, 36.274084281024919 ], [ 128.563356497391538, 36.27584913138795 ], [ 128.569879940532616, 36.274653546224087 ], [ 128.575806147685, 36.279896557115265 ], [ 128.580640813152684, 36.279475640431286 ], [ 128.588896577795282, 36.277249502888665 ], [ 128.594626931861512, 36.277711702900589 ], [ 128.59933618635398, 36.270502319860348 ], [ 128.609009163198493, 36.271227729416793 ], [ 128.616327794105302, 36.267317340995582 ], [ 128.61958263160534, 36.268107398586096 ], [ 128.624429930923867, 36.266748789905186 ], [ 128.629924584541982, 36.262421734783189 ], [ 128.636114023496873, 36.261502208806284 ], [ 128.640567047160516, 36.25747148549609 ], [ 128.640521859751544, 36.253170573576902 ], [ 128.638497188175791, 36.25187107637759 ], [ 128.638385621228878, 36.249380241314782 ], [ 128.641356972836007, 36.244847112337425 ], [ 128.638907786995105, 36.24304932017963 ], [ 128.639389521831077, 36.2413394355153 ], [ 128.633146168881552, 36.238637177022603 ], [ 128.63670418125318, 36.233083174993141 ], [ 128.634511926376945, 36.231059415808112 ], [ 128.637189709804801, 36.227918666693725 ], [ 128.632952084414825, 36.225455756672559 ], [ 128.636301989950255, 36.223846544901463 ], [ 128.634893669004214, 36.218438032561217 ], [ 128.631856431304698, 36.216217225090411 ], [ 128.634957672539173, 36.212791623982135 ], [ 128.635446781040287, 36.208959833683316 ], [ 128.640903854960897, 36.206667293265895 ], [ 128.640654876774249, 36.202571094381014 ], [ 128.637778112190432, 36.199719847042445 ], [ 128.639940966860564, 36.20108754226932 ], [ 128.640654876775841, 36.202571094381021 ], [ 128.641001117111216, 36.204051345325503 ], [ 128.640903854962545, 36.206667293265873 ], [ 128.639454169989534, 36.207506738929617 ], [ 128.644067593826577, 36.213657751497941 ], [ 128.648736159361448, 36.218088444747579 ], [ 128.652977872555311, 36.217202610379381 ], [ 128.655625424343526, 36.218416741266424 ], [ 128.655636227808969, 36.220134035345048 ], [ 128.659679572525647, 36.221327445298812 ], [ 128.664621062766798, 36.218899708722134 ], [ 128.665383747892633, 36.215727985537313 ], [ 128.66756082224984, 36.214711723315418 ], [ 128.66742025243488, 36.212139754465667 ], [ 128.671989139227577, 36.208125407249817 ], [ 128.674760428668804, 36.21278794920682 ], [ 128.682003299539957, 36.215309714584009 ], [ 128.690216549938356, 36.212233014212572 ], [ 128.694194401882868, 36.214024643622665 ], [ 128.69991335088389, 36.208813120739649 ], [ 128.69628333124146, 36.204400158129225 ], [ 128.696344390183583, 36.202222317952547 ], [ 128.701963433942154, 36.201097517926335 ], [ 128.704282616408136, 36.199044042396793 ], [ 128.716715067262157, 36.200440366866822 ], [ 128.721035288036319, 36.198084136869362 ], [ 128.725546366091379, 36.200737014221254 ], [ 128.729529766642742, 36.198778695520616 ], [ 128.735027649450529, 36.20069478033259 ], [ 128.741792923531648, 36.198521627348988 ], [ 128.745965824016764, 36.194403761000096 ], [ 128.749624943024514, 36.195962590999493 ], [ 128.752778554915608, 36.202826156298194 ], [ 128.758014816442682, 36.202851475586321 ], [ 128.758906837125323, 36.20073900121556 ], [ 128.763403588197633, 36.19933903687803 ], [ 128.769934259252722, 36.193436367322313 ], [ 128.772852535591824, 36.19483729926494 ], [ 128.780717413770475, 36.194362062874667 ], [ 128.787717212777238, 36.193099581898053 ], [ 128.792580287851848, 36.190269971374171 ], [ 128.792065479344586, 36.191333422423348 ], [ 128.796492818767859, 36.190911141831329 ], [ 128.803185053606967, 36.201076867980142 ], [ 128.803762452375736, 36.20318023257915 ], [ 128.80159219098914, 36.205805064606679 ], [ 128.805228099176503, 36.207054190335974 ], [ 128.804163315642256, 36.209725528909004 ], [ 128.813390313009734, 36.210500524562889 ], [ 128.818480826345137, 36.214798697926625 ], [ 128.826564664407101, 36.218258962051117 ], [ 128.83068323973535, 36.217988928945424 ], [ 128.834257830095453, 36.214548250864084 ], [ 128.843171879284142, 36.216200286651564 ], [ 128.848530056776667, 36.214729312764412 ], [ 128.859417047901417, 36.207135098621507 ], [ 128.871133806511949, 36.20525080920158 ], [ 128.876053704080732, 36.198692781960524 ], [ 128.883147230391813, 36.19840767377174 ], [ 128.880763752917545, 36.190221718759616 ], [ 128.883385575261059, 36.188453630615648 ], [ 128.883588712115227, 36.183927907126737 ], [ 128.890168414870146, 36.181872367300571 ], [ 128.890950558284686, 36.176196662424722 ], [ 128.895156329992432, 36.173036487640552 ], [ 128.894741261259895, 36.169220230714565 ], [ 128.900432312152077, 36.16236141789836 ], [ 128.895627360174132, 36.159750680050593 ], [ 128.891810649123812, 36.155006921236229 ], [ 128.892349523491617, 36.152039467106611 ], [ 128.890198595736024, 36.147200746407748 ], [ 128.891769044834945, 36.143403765458729 ], [ 128.876663278841647, 36.142614732910204 ], [ 128.868102202735002, 36.145248571610082 ], [ 128.85860000266598, 36.144969676133137 ], [ 128.850295983076848, 36.136436037106215 ], [ 128.853392073059098, 36.128439102148391 ], [ 128.850894140545876, 36.124196542132047 ], [ 128.852527367711673, 36.121240888319484 ], [ 128.8509341091804, 36.118202533422419 ], [ 128.845089662644682, 36.116309572601089 ], [ 128.843943538094635, 36.113192849543999 ], [ 128.837753589812337, 36.113021206948822 ], [ 128.836877068357353, 36.10785251882578 ], [ 128.832559588781635, 36.102000307368549 ], [ 128.829964173308099, 36.102798609014847 ], [ 128.822315147598147, 36.100559729943704 ], [ 128.818312181674145, 36.09704319615026 ], [ 128.818938642120742, 36.094161407447245 ], [ 128.81658670710911, 36.092304583996103 ], [ 128.802044570583575, 36.085944260112107 ], [ 128.798490678929767, 36.085345872077497 ], [ 128.795279143875092, 36.087067151228858 ], [ 128.78893624828973, 36.085937538927666 ], [ 128.787359991172394, 36.08965516661145 ], [ 128.776469145357652, 36.095679158473189 ], [ 128.769428553949297, 36.096908124785614 ], [ 128.766824580743361, 36.100125073461903 ], [ 128.764576210149471, 36.100530421321778 ], [ 128.757597643467562, 36.095744158369996 ], [ 128.753683808826509, 36.090879427934333 ], [ 128.750870314207418, 36.091900634927235 ], [ 128.752827075609815, 36.095840283552235 ], [ 128.75170878121105, 36.103087567225835 ], [ 128.745180420243457, 36.109215930623719 ], [ 128.743774562956901, 36.101923256175525 ], [ 128.740181431221288, 36.099560558739043 ], [ 128.735790609182288, 36.099112456466457 ], [ 128.736105678748032, 36.096937497102395 ], [ 128.733696611794272, 36.094473508853653 ], [ 128.726543484190273, 36.093227979256532 ], [ 128.722929557379018, 36.090276476530917 ], [ 128.727432206066197, 36.086923570549551 ], [ 128.729467334249108, 36.080948048587665 ], [ 128.723680053483946, 36.073519618307913 ], [ 128.713868248045259, 36.07536540586301 ], [ 128.711923870506666, 36.066775290972082 ], [ 128.70983500758237, 36.06591377600342 ], [ 128.702900593266691, 36.055550734771572 ], [ 128.704912233024089, 36.048679344581643 ], [ 128.70427141409624, 36.044426363110205 ], [ 128.696898658387397, 36.034676244343991 ] ], [ [ 128.792205183647781, 36.188542467926062 ], [ 128.792901153179031, 36.187012069247849 ], [ 128.792580287851848, 36.190269971374171 ], [ 128.792205183647781, 36.188542467926062 ] ], [ [ 128.792901153179031, 36.187012069247849 ], [ 128.792376514320267, 36.185593370809158 ], [ 128.792584301466519, 36.184629489262186 ], [ 128.792901153179031, 36.187012069247849 ] ], [ [ 128.633063621220515, 36.199989791945995 ], [ 128.633063621219037, 36.199989791945995 ], [ 128.632222626558814, 36.199883734689941 ], [ 128.633063621220515, 36.199989791945995 ] ], [ [ 128.631804746011824, 36.200126893294197 ], [ 128.629927991694814, 36.20011191744647 ], [ 128.626288391087598, 36.198261321495394 ], [ 128.625272286259616, 36.196936668769006 ], [ 128.625385142823916, 36.19634536340039 ], [ 128.625459664401802, 36.195955786604195 ], [ 128.624856165651408, 36.195336887757598 ], [ 128.623950846913431, 36.193926643083643 ], [ 128.623613225509644, 36.193035388360244 ], [ 128.62357671598545, 36.192560632701301 ], [ 128.623548181872451, 36.192189269039702 ], [ 128.620494781265876, 36.189861378776207 ], [ 128.623548181873957, 36.192189269039567 ], [ 128.625459664403252, 36.195955786604188 ], [ 128.625272286261037, 36.196936668768956 ], [ 128.626288391089048, 36.198261321495323 ], [ 128.631804746011824, 36.200126893294197 ] ], [ [ 128.61979828675851, 36.190070913624091 ], [ 128.618164198830385, 36.189584806735255 ], [ 128.617564793778342, 36.189283248182328 ], [ 128.616972892944432, 36.188821145077036 ], [ 128.616571270062764, 36.187925356731697 ], [ 128.615339077019996, 36.187040516932775 ], [ 128.615372628196809, 36.186413114884559 ], [ 128.61644450360194, 36.184265272607199 ], [ 128.615339077021474, 36.187040516932669 ], [ 128.61979828675851, 36.190070913624091 ] ], [ [ 128.617058346467843, 36.184055915147823 ], [ 128.616006389517509, 36.183633107931321 ], [ 128.615630551536782, 36.183473620496656 ], [ 128.615538599546227, 36.183447766243603 ], [ 128.615081128265814, 36.183291789906868 ], [ 128.613544367981802, 36.18275166404176 ], [ 128.612677078005447, 36.182529554036712 ], [ 128.617058346467843, 36.184055915147823 ] ], [ [ 128.61145917387438, 36.182844795735342 ], [ 128.611459173872959, 36.18284479573537 ], [ 128.611241220270273, 36.182605629511094 ], [ 128.61145917387438, 36.182844795735342 ] ], [ [ 128.610983017091144, 36.182534106956446 ], [ 128.610983017089723, 36.18253410695646 ], [ 128.610844709452522, 36.182513261740851 ], [ 128.610983017091144, 36.182534106956446 ] ], [ [ 128.610729069738767, 36.182447367551667 ], [ 128.610729069737317, 36.182447367551731 ], [ 128.610685922167164, 36.182278189703865 ], [ 128.610729069738767, 36.182447367551667 ] ], [ [ 128.610850230839759, 36.181907145454524 ], [ 128.610694597335225, 36.182219117696128 ], [ 128.610681085625629, 36.182193317458612 ], [ 128.610672957619499, 36.182146699179931 ], [ 128.610693092109585, 36.18207901311019 ], [ 128.610704457010399, 36.18204912154053 ], [ 128.610747428382496, 36.181985132797799 ], [ 128.610797029872373, 36.181947038964857 ], [ 128.610850230839759, 36.181907145454524 ] ], [ [ 128.611271099536822, 36.181718320810248 ], [ 128.611271099535372, 36.181718320810305 ], [ 128.61098417219506, 36.180762479630275 ], [ 128.610970094829327, 36.180404938833306 ], [ 128.61096386313352, 36.180245001520518 ], [ 128.610985460470147, 36.179485878512466 ], [ 128.611139048548807, 36.179177062256038 ], [ 128.611139649616064, 36.179114151805763 ], [ 128.611142530499791, 36.178815721514631 ], [ 128.611229216536657, 36.177837603784269 ], [ 128.611331139334425, 36.175514231181666 ], [ 128.611019854299428, 36.174097420364745 ], [ 128.61119897748398, 36.171685250972736 ], [ 128.611527599429536, 36.171281837851673 ], [ 128.612454632754037, 36.171037312778402 ], [ 128.612248317226346, 36.169527102633545 ], [ 128.610649539735675, 36.167477323661501 ], [ 128.610433181979346, 36.167075765061867 ], [ 128.609863176406918, 36.16599624226113 ], [ 128.609847788897866, 36.165056694245195 ], [ 128.610185314402173, 36.164577216345819 ], [ 128.613318533650215, 36.163064083933712 ], [ 128.615813238544945, 36.162513239721569 ], [ 128.616434871120276, 36.162403707917342 ], [ 128.618259680293676, 36.155936904642182 ], [ 128.620947728786859, 36.151581609238455 ], [ 128.623686098136744, 36.148188763618322 ], [ 128.624111681776213, 36.147781032613494 ], [ 128.624221666411472, 36.147676118939657 ], [ 128.625130477636588, 36.147069541551389 ], [ 128.625750317988349, 36.143994221825913 ], [ 128.625916629782978, 36.143583543596179 ], [ 128.631552585672637, 36.140570127272426 ], [ 128.633266876474124, 36.140439508219949 ], [ 128.634235826929, 36.140403587062373 ], [ 128.625916629784513, 36.143583543596165 ], [ 128.625130477638095, 36.147069541551311 ], [ 128.618259680295182, 36.155936904642132 ], [ 128.616434871121697, 36.162403707917278 ], [ 128.609847788899259, 36.165056694245116 ], [ 128.612248317227824, 36.169527102633474 ], [ 128.61245463275543, 36.171037312778381 ], [ 128.611198977485373, 36.171685250972715 ], [ 128.611331139335874, 36.175514231181587 ], [ 128.611229216538078, 36.177837603784184 ], [ 128.611139048550257, 36.179177062255945 ], [ 128.61096386313497, 36.180245001520468 ], [ 128.611271099536822, 36.181718320810248 ] ], [ [ 128.636580046209929, 36.140706480689865 ], [ 128.637331035716358, 36.13997714373415 ], [ 128.639004864452062, 36.139370187584831 ], [ 128.639430479525686, 36.138944881927763 ], [ 128.639498989125855, 36.138876426417255 ], [ 128.639537764292243, 36.138837683766873 ], [ 128.640272897664261, 36.138389779534144 ], [ 128.640445517922359, 36.138346050932697 ], [ 128.641363986891463, 36.1381134217796 ], [ 128.636580046209929, 36.140706480689865 ] ], [ [ 128.641926432086365, 36.138173878765784 ], [ 128.643182084998699, 36.137663496477543 ], [ 128.643027675578395, 36.137072458725889 ], [ 128.643333942719664, 36.13663079441357 ], [ 128.644093409149463, 36.136263741006402 ], [ 128.644274925067947, 36.135410285003502 ], [ 128.644635935211909, 36.135077375339208 ], [ 128.65037552115399, 36.134584912984259 ], [ 128.650958561263479, 36.134052270276833 ], [ 128.651859083445231, 36.133659715454584 ], [ 128.652930478038456, 36.133376426323345 ], [ 128.65410753302794, 36.132368334960518 ], [ 128.652930478040105, 36.133376426323331 ], [ 128.650375521155581, 36.134584912984174 ], [ 128.644635935213415, 36.135077375339179 ], [ 128.644093409151026, 36.136263741006381 ], [ 128.64302767557993, 36.137072458725811 ], [ 128.643182085000205, 36.137663496477515 ], [ 128.642563399476046, 36.138064896142872 ], [ 128.641926432086365, 36.138173878765784 ] ], [ [ 128.658636185430538, 36.133041918529024 ], [ 128.658833243758068, 36.130609178974588 ], [ 128.659161207102926, 36.129483747123146 ], [ 128.660814277805173, 36.126183527657808 ], [ 128.66194120720408, 36.125293128625323 ], [ 128.662836368858649, 36.12493842484016 ], [ 128.662791054232514, 36.12428237295908 ], [ 128.663047735244021, 36.123797853653372 ], [ 128.664282659237216, 36.122906096917781 ], [ 128.662836368860383, 36.124938424840124 ], [ 128.66081427780685, 36.126183527657766 ], [ 128.658636185430538, 36.133041918529024 ] ], [ [ 128.666820053852689, 36.124584036575072 ], [ 128.666820053853172, 36.124584036575392 ], [ 128.666220002296598, 36.124757120489498 ], [ 128.666820053852689, 36.124584036575072 ] ], [ [ 128.668256872910348, 36.125074809356406 ], [ 128.670991945084268, 36.122034834595901 ], [ 128.671799415102385, 36.121702829289696 ], [ 128.672522038570236, 36.121447548511505 ], [ 128.671940911794422, 36.117996136243484 ], [ 128.673120571571758, 36.117283817513417 ], [ 128.671940911796185, 36.117996136243463 ], [ 128.672522038571969, 36.121447548511433 ], [ 128.668256872910348, 36.125074809356406 ] ], [ [ 128.673734588539958, 36.117621801785646 ], [ 128.674292353369879, 36.117118668880025 ], [ 128.674292353371214, 36.117118668880345 ], [ 128.673989846394221, 36.117423792853465 ], [ 128.673734588539958, 36.117621801785646 ] ], [ [ 128.676798037913017, 36.117996338778518 ], [ 128.677842324118814, 36.116520329893739 ], [ 128.678008779325495, 36.116240630406224 ], [ 128.678220017400662, 36.115936484618366 ], [ 128.678750374790667, 36.115498305852647 ], [ 128.678135142904665, 36.114471876130693 ], [ 128.678572351261948, 36.113677695254601 ], [ 128.678436005199245, 36.11275806973574 ], [ 128.678707120724113, 36.111978463313335 ], [ 128.67796433080386, 36.111262379647449 ], [ 128.67757440002157, 36.110776891319247 ], [ 128.677388696175598, 36.109834618608048 ], [ 128.677958003147296, 36.106703280282126 ], [ 128.67935134351481, 36.105148241751891 ], [ 128.677388696177331, 36.109834618608033 ], [ 128.678707120725875, 36.111978463313271 ], [ 128.678750374792486, 36.115498305852569 ], [ 128.677695341968331, 36.117183445875725 ], [ 128.676798037913017, 36.117996338778518 ] ], [ [ 128.679312587518154, 36.115868944052743 ], [ 128.679194432255315, 36.116045163613492 ], [ 128.679312587518154, 36.115868944052735 ], [ 128.679312587518154, 36.115868944052743 ] ], [ [ 128.679333613032583, 36.116121915156093 ], [ 128.679561023790654, 36.116224757863726 ], [ 128.679284142256904, 36.116094634389164 ], [ 128.679333613032583, 36.116121915156093 ] ], [ [ 128.681822780516512, 36.116877060950557 ], [ 128.682360148070813, 36.117223631717451 ], [ 128.68143300418933, 36.116581758500814 ], [ 128.681822780516512, 36.116877060950557 ] ], [ [ 128.683563036207062, 36.117999412402128 ], [ 128.684236309835427, 36.118215017220393 ], [ 128.683341196013089, 36.117856342429533 ], [ 128.683563036207062, 36.117999412402128 ] ], [ [ 128.685839705686675, 36.119018333585679 ], [ 128.685874589256116, 36.119534641508388 ], [ 128.68506244689371, 36.118621507901807 ], [ 128.685839705686675, 36.119018333585679 ] ], [ [ 128.685895347178104, 36.119841813023164 ], [ 128.686008412495084, 36.120400020298973 ], [ 128.685890607200605, 36.119771673189497 ], [ 128.685895347178104, 36.119841813023164 ] ], [ [ 128.686298913704746, 36.122250663072769 ], [ 128.686298913704746, 36.122250663072762 ], [ 128.686361538994419, 36.122160297488676 ], [ 128.686298913704746, 36.122250663072769 ] ], [ [ 128.689643462068119, 36.125208754414885 ], [ 128.689643462068119, 36.125208754414871 ], [ 128.689956912177877, 36.126166478634879 ], [ 128.689643462068119, 36.125208754414885 ] ], [ [ 128.692379179925126, 36.126437121440667 ], [ 128.692515787608329, 36.126668191367521 ], [ 128.69235046070969, 36.126389159535762 ], [ 128.692379179925126, 36.126437121440667 ] ], [ [ 128.692799104147042, 36.127130077386532 ], [ 128.692814582088772, 36.127149026858689 ], [ 128.692515787608329, 36.126668191367521 ], [ 128.692799104147042, 36.127130077386532 ] ], [ [ 128.693218721547311, 36.127630623735548 ], [ 128.693422899286787, 36.127849826343578 ], [ 128.693039370633869, 36.127439974102799 ], [ 128.693218721547311, 36.127630623735548 ] ], [ [ 128.693796208230339, 36.128191846733941 ], [ 128.694073249081725, 36.128494425572534 ], [ 128.694139675916517, 36.128572307679647 ], [ 128.693796208230339, 36.128191846733941 ] ], [ [ 128.694354334077588, 36.129102558617305 ], [ 128.694646240177661, 36.128952300742775 ], [ 128.694746813481117, 36.128891285377748 ], [ 128.694354334077588, 36.129102558617305 ] ], [ [ 128.694849618327652, 36.128750600113747 ], [ 128.694854396049521, 36.128744999234456 ], [ 128.694835988628881, 36.128785586048807 ], [ 128.694849618327652, 36.128750600113747 ] ], [ [ 128.694897367655045, 36.128694449374329 ], [ 128.694932241438437, 36.128671875027358 ], [ 128.695108655400077, 36.128622075134508 ], [ 128.694897367655045, 36.128694449374329 ] ], [ [ 128.695216881852872, 36.128609698948445 ], [ 128.695216881852872, 36.128609698948452 ], [ 128.69520501693745, 36.128609704714002 ], [ 128.695216881852872, 36.128609698948445 ] ], [ [ 128.695216588571782, 36.128679478496665 ], [ 128.695216587545701, 36.128679718211764 ], [ 128.695216589186174, 36.128679332316899 ], [ 128.695216588571782, 36.128679478496665 ] ], [ [ 128.695212435861492, 36.129285212742182 ], [ 128.695207490028508, 36.129423075424185 ], [ 128.695197292780847, 36.129657344576749 ], [ 128.695212435861492, 36.129285212742182 ] ], [ [ 128.695252701199593, 36.129795514749716 ], [ 128.695215444524678, 36.129803296036272 ], [ 128.695252701199593, 36.129795514749702 ], [ 128.695252701199593, 36.129795514749716 ] ], [ [ 128.695289028889022, 36.129963997714242 ], [ 128.695289028889022, 36.129963997714249 ], [ 128.695215444524678, 36.129803296036272 ], [ 128.695289028889022, 36.129963997714242 ] ], [ [ 128.695304450024111, 36.130103714849405 ], [ 128.695334157824931, 36.130194743348355 ], [ 128.695288265572856, 36.129988914074147 ], [ 128.695304450024111, 36.130103714849405 ] ], [ [ 128.695483139326285, 36.130427280334224 ], [ 128.695581262202211, 36.130505665378209 ], [ 128.695438356376428, 36.130402040340236 ], [ 128.695483139326285, 36.130427280334224 ] ], [ [ 128.69560903505328, 36.130528581831754 ], [ 128.695683461478836, 36.13058999968564 ], [ 128.695581262202211, 36.130505665378209 ], [ 128.69560903505328, 36.130528581831754 ] ], [ [ 128.695839443732808, 36.130845429656162 ], [ 128.695850479489991, 36.130870105758262 ], [ 128.695786027605095, 36.13070584095545 ], [ 128.695839443732808, 36.130845429656162 ] ], [ [ 128.695875306779755, 36.130936479732483 ], [ 128.695900062562117, 36.130986920221154 ], [ 128.695850479489991, 36.130870105758262 ], [ 128.695875306779755, 36.130936479732483 ] ], [ [ 128.695900004133847, 36.131100731172559 ], [ 128.695896821303393, 36.131095146624361 ], [ 128.695896821303393, 36.131095146624347 ], [ 128.695900004133847, 36.131100731172559 ] ], [ [ 128.695915559142605, 36.131150492334186 ], [ 128.695923044680228, 36.131159631617777 ], [ 128.695914401809915, 36.131145622922006 ], [ 128.695915559142605, 36.131150492334186 ] ], [ [ 128.695940108880023, 36.131188193760536 ], [ 128.695988043562153, 36.131248845415733 ], [ 128.696009440648027, 36.131263012843007 ], [ 128.695940108880023, 36.131188193760536 ] ], [ [ 128.696110927003474, 36.131316667957464 ], [ 128.696110927003474, 36.131316667957478 ], [ 128.696084398588141, 36.131307357571927 ], [ 128.696110927003474, 36.131316667957464 ] ], [ [ 128.696157138215483, 36.131521187948323 ], [ 128.696167733469508, 36.13157646780158 ], [ 128.696133764467334, 36.131584230712569 ], [ 128.696156501138745, 36.131636919005942 ], [ 128.696133764467305, 36.131584230712569 ], [ 128.696157138215455, 36.131521187948294 ], [ 128.696102670723008, 36.131377433157645 ], [ 128.696157138215483, 36.131521187948323 ] ], [ [ 128.696253137816257, 36.131996412415084 ], [ 128.696277625519002, 36.13204403265599 ], [ 128.696251093570766, 36.131987255523946 ], [ 128.696253137816257, 36.131996412415084 ] ], [ [ 128.697366507117181, 36.133672465128363 ], [ 128.697366507117181, 36.133672465128342 ], [ 128.697413940390419, 36.133397204555159 ], [ 128.697366507117181, 36.133672465128363 ] ], [ [ 128.697423054878868, 36.133689776614077 ], [ 128.697423054878868, 36.133689776614084 ], [ 128.697389940855373, 36.133702248165612 ], [ 128.697423054878868, 36.133689776614077 ] ], [ [ 128.697372706875512, 36.133957396578168 ], [ 128.697372706875512, 36.133957396578175 ], [ 128.697337446954435, 36.134264942112715 ], [ 128.697372706875512, 36.133957396578168 ] ], [ [ 128.697203999297386, 36.135165266564101 ], [ 128.697106892983413, 36.135290674735927 ], [ 128.69724613282844, 36.135058864776219 ], [ 128.697203999297386, 36.135165266564101 ] ], [ [ 128.696943170662848, 36.135465236378927 ], [ 128.696843852883489, 36.135542031635559 ], [ 128.697106892983413, 36.135290674735927 ], [ 128.696943170662848, 36.135465236378927 ] ], [ [ 128.696737250887196, 36.135841307784347 ], [ 128.696731309637727, 36.1358866232247 ], [ 128.696740052998337, 36.135822154235647 ], [ 128.696737250887196, 36.135841307784347 ] ], [ [ 128.696768607296093, 36.136121842194562 ], [ 128.696784215006772, 36.1362171391416 ], [ 128.696756174743314, 36.136043435871279 ], [ 128.696768607296093, 36.136121842194562 ] ], [ [ 128.696813334924002, 36.136317553242463 ], [ 128.696833700417073, 36.1365012793853 ], [ 128.696784215006772, 36.1362171391416 ], [ 128.696813334924002, 36.136317553242463 ] ], [ [ 128.696833276840238, 36.136625238887866 ], [ 128.696832852597083, 36.136752244454719 ], [ 128.696833700417073, 36.1365012793853 ], [ 128.696833276840238, 36.136625238887866 ] ], [ [ 128.696813236441983, 36.136860384073458 ], [ 128.696758341924209, 36.136975265072145 ], [ 128.696832852597083, 36.136752244454719 ], [ 128.696813236441983, 36.136860384073458 ] ], [ [ 128.696755113709003, 36.137568852680907 ], [ 128.696755113709003, 36.1375688526809 ], [ 128.696755339329854, 36.137562290285459 ], [ 128.696755113709003, 36.137568852680907 ] ], [ [ 128.696779334676535, 36.137676405355691 ], [ 128.696812768031549, 36.137823679474771 ], [ 128.69695854377261, 36.138115810306736 ], [ 128.696779334676535, 36.137676405355691 ] ], [ [ 128.69709616780213, 36.138275046794014 ], [ 128.697124341012341, 36.138327451270236 ], [ 128.697064493107746, 36.138247083055667 ], [ 128.69709616780213, 36.138275046794014 ] ], [ [ 128.697443826017206, 36.138728189688749 ], [ 128.697444398193596, 36.138730923675084 ], [ 128.697384147231958, 36.138551032821319 ], [ 128.697443826017206, 36.138728189688749 ] ], [ [ 128.697639904991519, 36.139626249760511 ], [ 128.697644608251494, 36.139687291179939 ], [ 128.697611310658175, 36.139440808707761 ], [ 128.697639904991519, 36.139626249760511 ] ], [ [ 128.697656346813176, 36.139862992517457 ], [ 128.697656346813176, 36.139862992517465 ], [ 128.69765334115209, 36.13986738727175 ], [ 128.697656346813176, 36.139862992517457 ] ], [ [ 128.697646796192544, 36.139982891414263 ], [ 128.697644267143716, 36.13998758026824 ], [ 128.697653959158032, 36.139892967241657 ], [ 128.697646796192544, 36.139982891414263 ] ], [ [ 128.69767935253401, 36.140509646178366 ], [ 128.697675389290822, 36.140554921587139 ], [ 128.697692568507705, 36.140358340641157 ], [ 128.69767935253401, 36.140509646178366 ] ], [ [ 128.698798934111551, 36.141201176970135 ], [ 128.69889348084007, 36.141175482257317 ], [ 128.69890190916621, 36.141178388465995 ], [ 128.698859053607038, 36.141194509801508 ], [ 128.698798934111551, 36.141201176970135 ] ], [ [ 128.699412669259175, 36.14148606758171 ], [ 128.699532901024497, 36.14152882640601 ], [ 128.699272640946418, 36.141378894765282 ], [ 128.699412669259175, 36.14148606758171 ] ], [ [ 128.699707915483856, 36.141668476304474 ], [ 128.699841655012136, 36.141781769965412 ], [ 128.699532901024497, 36.14152882640601 ], [ 128.699707915483856, 36.141668476304474 ] ], [ [ 128.700403489448632, 36.141875538793663 ], [ 128.700533649538869, 36.141934371994942 ], [ 128.700316001325746, 36.14183535950847 ], [ 128.700403489448632, 36.141875538793663 ] ], [ [ 128.700786720075854, 36.141954608735041 ], [ 128.700896415783347, 36.141930087411147 ], [ 128.700729887421602, 36.141986909359517 ], [ 128.700786720075854, 36.141954608735041 ] ], [ [ 128.70111640019482, 36.141913457868192 ], [ 128.701148723211844, 36.14191506838533 ], [ 128.701028169231648, 36.141907144443444 ], [ 128.70111640019482, 36.141913457868192 ] ], [ [ 128.70150817238698, 36.141724925649449 ], [ 128.701511867756864, 36.141723871394056 ], [ 128.701498374749889, 36.141733297555696 ], [ 128.70150817238698, 36.141724925649449 ] ], [ [ 128.701541741050022, 36.141715348815374 ], [ 128.701598851714863, 36.14173394393179 ], [ 128.701541741049994, 36.141715348815382 ], [ 128.701541741050022, 36.141715348815374 ] ], [ [ 128.701826158182683, 36.141740474274044 ], [ 128.701826158182683, 36.141740474274052 ], [ 128.701765149340588, 36.141760860051356 ], [ 128.701826158182683, 36.141740474274044 ] ], [ [ 128.701960022088826, 36.141812335941779 ], [ 128.702134219803185, 36.141902902373559 ], [ 128.702189589828748, 36.142001028551476 ], [ 128.701960022088826, 36.141812335941779 ] ], [ [ 128.702226181092215, 36.143337180450764 ], [ 128.70230525425913, 36.14333080820424 ], [ 128.702209514325148, 36.143321572535328 ], [ 128.702226181092215, 36.143337180450764 ] ], [ [ 128.70243617426766, 36.14341897126392 ], [ 128.702416108646332, 36.143422953671276 ], [ 128.702416108646332, 36.143422953671269 ], [ 128.70243617426766, 36.14341897126392 ] ], [ [ 128.70380418094723, 36.143346519767682 ], [ 128.70380418094723, 36.143346519767697 ], [ 128.703771119802724, 36.143359874534056 ], [ 128.70380418094723, 36.143346519767682 ] ], [ [ 128.704235709345085, 36.144427340612772 ], [ 128.704235709345056, 36.144427340612779 ], [ 128.704046853320165, 36.143954325326973 ], [ 128.704235709345085, 36.144427340612772 ] ], [ [ 128.704341933313316, 36.144402287296366 ], [ 128.704611724243875, 36.144337954621399 ], [ 128.704652156009644, 36.144335418800573 ], [ 128.704341933313316, 36.144402287296366 ] ], [ [ 128.70483879432993, 36.144345889043514 ], [ 128.70483879432993, 36.144345889043535 ], [ 128.704751070397208, 36.144338085405252 ], [ 128.70483879432993, 36.144345889043514 ] ], [ [ 128.704929233698806, 36.144329521850167 ], [ 128.704838614670763, 36.144349340205238 ], [ 128.704838614670763, 36.144349340205231 ], [ 128.704929233698806, 36.144329521850167 ] ], [ [ 128.704956089885968, 36.144406118481996 ], [ 128.704966616862606, 36.144411119318036 ], [ 128.704929233698806, 36.144329521850167 ], [ 128.704956089885968, 36.144406118481996 ] ], [ [ 128.705178525752387, 36.144352299383186 ], [ 128.705219403589666, 36.144315637541553 ], [ 128.705083683329462, 36.144419699995922 ], [ 128.705178525752387, 36.144352299383186 ] ], [ [ 128.705582447514928, 36.143973693254232 ], [ 128.70561089035391, 36.143976102327471 ], [ 128.705494688154232, 36.144060573139292 ], [ 128.705582447514928, 36.143973693254232 ] ], [ [ 128.705754514217148, 36.143988267090819 ], [ 128.705646831956329, 36.143841618792145 ], [ 128.705754514217205, 36.143988267090826 ], [ 128.705754514217148, 36.143988267090819 ] ], [ [ 128.70579766694533, 36.143678062428435 ], [ 128.7058216678804, 36.143529758494729 ], [ 128.705693515213909, 36.143770983427856 ], [ 128.70579766694533, 36.143678062428435 ] ], [ [ 128.70588738406488, 36.143448188733061 ], [ 128.70588738406488, 36.143448188733068 ], [ 128.705844172182537, 36.143498867871998 ], [ 128.70588738406488, 36.143448188733061 ] ], [ [ 128.705866811845283, 36.143431961368933 ], [ 128.705962750018955, 36.143305939569771 ], [ 128.705985491686505, 36.143245218542688 ], [ 128.705962750018955, 36.143305939569792 ], [ 128.705866811845311, 36.143431961368933 ], [ 128.705879402911222, 36.143441893200098 ], [ 128.705866811845283, 36.143431961368933 ] ], [ [ 128.707576591098274, 36.145478682128832 ], [ 128.70711623570358, 36.145744541927954 ], [ 128.707835295289755, 36.14504922666049 ], [ 128.707576591098274, 36.145478682128832 ] ], [ [ 128.706660463833884, 36.149131869804805 ], [ 128.706544450506073, 36.14892281168791 ], [ 128.706544450506073, 36.148922811687903 ], [ 128.706660463833884, 36.149131869804805 ] ], [ [ 128.706978717630619, 36.14994007576707 ], [ 128.707010166973049, 36.150001546805584 ], [ 128.706660463833884, 36.149131869804805 ], [ 128.706978717630619, 36.14994007576707 ] ], [ [ 128.711501063989687, 36.150057028732277 ], [ 128.712670488785676, 36.150231037728034 ], [ 128.712737234208049, 36.150256387258217 ], [ 128.712947036418683, 36.150378410966162 ], [ 128.712934510594039, 36.150415537351982 ], [ 128.713031158106077, 36.150431910685455 ], [ 128.713539727258222, 36.150828095259776 ], [ 128.71531615110618, 36.151354347134436 ], [ 128.716962253069283, 36.151535976943535 ], [ 128.718854594334118, 36.151764784648144 ], [ 128.719622399057272, 36.151954548750609 ], [ 128.715316151104162, 36.151354347134507 ], [ 128.71353972725629, 36.150828095259911 ], [ 128.713031158104144, 36.150431910685519 ], [ 128.712934510592106, 36.150415537352011 ], [ 128.712670488783743, 36.150231037728091 ], [ 128.711501063989687, 36.150057028732277 ] ], [ [ 128.724204407606663, 36.145369288285316 ], [ 128.72316575078753, 36.145167524183336 ], [ 128.724204407608653, 36.145369288285295 ], [ 128.724857856620332, 36.145379982475951 ], [ 128.724204407606663, 36.145369288285316 ] ], [ [ 128.726721815656333, 36.143522179463936 ], [ 128.727159916280698, 36.143610113708895 ], [ 128.726721815655736, 36.143522179464334 ], [ 128.726721815656333, 36.143522179463936 ] ], [ [ 128.74276504543414, 36.126774917333293 ], [ 128.742765045434169, 36.126774917333336 ], [ 128.742739315029354, 36.126772278840861 ], [ 128.74276504543414, 36.126774917333293 ] ], [ [ 128.74278224442736, 36.126804532067084 ], [ 128.742828189629194, 36.126828287939666 ], [ 128.742771250661832, 36.126785602038133 ], [ 128.74278224442736, 36.126804532067084 ] ], [ [ 128.743001146434068, 36.12699582599862 ], [ 128.743009129973103, 36.127012149145052 ], [ 128.742947175506913, 36.126926199494577 ], [ 128.743001146434068, 36.12699582599862 ] ], [ [ 128.743106660742455, 36.127258989563956 ], [ 128.743133975845382, 36.12727073698705 ], [ 128.743092474536809, 36.127212287124742 ], [ 128.743106660742455, 36.127258989563956 ] ], [ [ 128.743430058218991, 36.127652522418387 ], [ 128.743430058218934, 36.127652522418394 ], [ 128.743255747592002, 36.127436981274109 ], [ 128.743430058218991, 36.127652522418387 ] ], [ [ 128.743448506660087, 36.127768916892755 ], [ 128.743448506660087, 36.127768916892727 ], [ 128.743464004183096, 36.127646476343472 ], [ 128.743448506660087, 36.127768916892755 ] ], [ [ 128.743459294991879, 36.127917756311717 ], [ 128.743501251373033, 36.127986140075386 ], [ 128.743451906911673, 36.127853535737579 ], [ 128.743459294991879, 36.127917756311717 ] ], [ [ 128.743512198294383, 36.128059386651536 ], [ 128.743536378462295, 36.128099725498984 ], [ 128.743501251373033, 36.127986140075386 ], [ 128.743512198294383, 36.128059386651536 ] ], [ [ 128.74354426589457, 36.128152162779628 ], [ 128.743544265894627, 36.128152162779628 ], [ 128.743544142481113, 36.128172908279957 ], [ 128.74354426589457, 36.128152162779628 ] ], [ [ 128.744072419046773, 36.12822529613311 ], [ 128.744158743486963, 36.128236250998846 ], [ 128.743987496707177, 36.128243692673635 ], [ 128.744072419046773, 36.12822529613311 ] ], [ [ 128.7445791956996, 36.128401947932957 ], [ 128.744672387546103, 36.128449848583578 ], [ 128.744480642802699, 36.128356099471013 ], [ 128.7445791956996, 36.128401947932957 ] ], [ [ 128.74484935455439, 36.128534642189301 ], [ 128.744989972192542, 36.128581807659224 ], [ 128.745012410010247, 36.12861218419657 ], [ 128.74484935455439, 36.128534642189301 ] ], [ [ 128.745021900642342, 36.128623713277563 ], [ 128.745013574642854, 36.128613760887589 ], [ 128.745013574642854, 36.128613760887575 ], [ 128.745021900642342, 36.128623713277563 ] ], [ [ 128.745229450394561, 36.128862023579757 ], [ 128.745360024484825, 36.128915784293682 ], [ 128.745453231953064, 36.128969470111315 ], [ 128.74526470260804, 36.128890626066351 ], [ 128.745229450394561, 36.128862023579757 ] ], [ [ 128.745481795364043, 36.128968765127368 ], [ 128.74549470525352, 36.128981414544789 ], [ 128.745453231953064, 36.128969470111315 ], [ 128.745481795364043, 36.128968765127368 ] ], [ [ 128.745557103230709, 36.12900975066696 ], [ 128.745606974596853, 36.128995059392743 ], [ 128.745536225633685, 36.129007518134848 ], [ 128.745557103230709, 36.12900975066696 ] ], [ [ 128.745702152418119, 36.129003058076215 ], [ 128.745702152418176, 36.129003058076215 ], [ 128.745664117906671, 36.129012538659801 ], [ 128.745702152418119, 36.129003058076215 ] ], [ [ 128.745814633483235, 36.129009029851034 ], [ 128.745865808306235, 36.128998999286047 ], [ 128.745711317968528, 36.129003544687919 ], [ 128.745814633483235, 36.129009029851034 ] ], [ [ 128.745946884867379, 36.128992135033926 ], [ 128.745946884867379, 36.128992135033933 ], [ 128.745938664310017, 36.128991397535728 ], [ 128.745946884867379, 36.128992135033926 ] ], [ [ 128.745994911052776, 36.129012036964248 ], [ 128.746031801139196, 36.128998585643565 ], [ 128.745980477296087, 36.129009884878712 ], [ 128.745994911052776, 36.129012036964248 ] ], [ [ 128.746035184178481, 36.128997352077839 ], [ 128.746046920700223, 36.129003667520557 ], [ 128.746035184178453, 36.128997352077846 ], [ 128.746035184178481, 36.128997352077839 ] ], [ [ 128.747411519910827, 36.12886561170852 ], [ 128.747453652988554, 36.128866584232199 ], [ 128.747328455075831, 36.128842508830097 ], [ 128.747411519910827, 36.12886561170852 ] ], [ [ 128.747508413429898, 36.128866559641438 ], [ 128.747495786066338, 36.128867556755878 ], [ 128.747495786066281, 36.128867556755878 ], [ 128.747508413429898, 36.128866559641438 ] ], [ [ 128.747617119416589, 36.128849839374439 ], [ 128.74770296893584, 36.128825792343008 ], [ 128.747728783168213, 36.128823251548148 ], [ 128.747617119416589, 36.128849839374439 ] ], [ [ 128.747819260058577, 36.128847503863305 ], [ 128.747937932663206, 36.128898755842805 ], [ 128.748350201616631, 36.128914533618222 ], [ 128.747819260058577, 36.128847503863305 ] ], [ [ 128.749492655683554, 36.129085224382472 ], [ 128.749496997642154, 36.129087024002686 ], [ 128.749411609803502, 36.129069706338413 ], [ 128.749492655683554, 36.129085224382472 ] ], [ [ 128.749508784910006, 36.129050778160597 ], [ 128.74951405771327, 36.129023411454405 ], [ 128.749505136505206, 36.129066177315735 ], [ 128.749508784910006, 36.129050778160597 ] ], [ [ 128.749781778359193, 36.130132420843026 ], [ 128.749772847398589, 36.130175654497691 ], [ 128.749863243883908, 36.129606089379962 ], [ 128.749781778359193, 36.130132420843026 ] ], [ [ 128.749633698357201, 36.131368987706097 ], [ 128.749619415637824, 36.131729421970817 ], [ 128.749684067897277, 36.130854216656978 ], [ 128.749633698357201, 36.131368987706097 ] ], [ [ 128.749402755026153, 36.133193984183471 ], [ 128.74929359991782, 36.133625765321305 ], [ 128.749471538688766, 36.13269218443439 ], [ 128.749402755026153, 36.133193984183471 ] ], [ [ 128.749258758317922, 36.1337721739024 ], [ 128.749179180333726, 36.133983051363302 ], [ 128.74929359991782, 36.133625765321305 ], [ 128.749258758317922, 36.1337721739024 ] ], [ [ 128.74903982915157, 36.134438797959213 ], [ 128.748810005781905, 36.135252458294239 ], [ 128.748772683423937, 36.135380297074384 ], [ 128.74903982915157, 36.134438797959213 ] ], [ [ 128.748853112553405, 36.136309509629385 ], [ 128.748910593345443, 36.136542520246046 ], [ 128.748828589204749, 36.136172657274031 ], [ 128.748853112553405, 36.136309509629385 ] ], [ [ 128.74886117261795, 36.137815710445047 ], [ 128.749300904743109, 36.137843443282819 ], [ 128.748888836373339, 36.137583645450704 ], [ 128.74886117261795, 36.137815710445047 ] ], [ [ 128.749974193241201, 36.137892131589318 ], [ 128.749974193241229, 36.137892131589325 ], [ 128.74996120381644, 36.137893467138305 ], [ 128.749974193241201, 36.137892131589318 ] ], [ [ 128.750117462294384, 36.137901687690032 ], [ 128.750126281602775, 36.137898894437399 ], [ 128.750069688891301, 36.137908490660003 ], [ 128.750117462294384, 36.137901687690032 ] ], [ [ 128.750139072214296, 36.137891062769874 ], [ 128.750212126973167, 36.137903400324788 ], [ 128.750139072214296, 36.137891062769882 ], [ 128.750139072214296, 36.137891062769874 ] ], [ [ 128.750327747613369, 36.137995106079529 ], [ 128.750354237507793, 36.138053406485589 ], [ 128.750315998625098, 36.137978309379612 ], [ 128.750327747613369, 36.137995106079529 ] ], [ [ 128.750376011007063, 36.13806815979369 ], [ 128.750436802196731, 36.138125234346369 ], [ 128.750354237507793, 36.138053406485589 ], [ 128.750376011007063, 36.13806815979369 ] ], [ [ 128.750678419087478, 36.138333972859947 ], [ 128.750678419087478, 36.138333972859904 ], [ 128.75069956938367, 36.138312887828022 ], [ 128.750678419087478, 36.138333972859947 ] ], [ [ 128.75072768275956, 36.138284861202678 ], [ 128.750761060754911, 36.138303460753932 ], [ 128.750727682759532, 36.138284861202699 ], [ 128.75072768275956, 36.138284861202678 ] ], [ [ 128.750933084596454, 36.138380737604862 ], [ 128.751047810990002, 36.13835924946892 ], [ 128.750909421101937, 36.138380213610724 ], [ 128.750933084596454, 36.138380737604862 ] ], [ [ 128.751241930422566, 36.138422036549365 ], [ 128.751241930422538, 36.138422036549372 ], [ 128.751152053833266, 36.138378284518311 ], [ 128.751241930422566, 36.138422036549365 ] ], [ [ 128.75144141648542, 36.13838325071373 ], [ 128.751503047991008, 36.138336841131441 ], [ 128.751343081214515, 36.138403673986346 ], [ 128.75144141648542, 36.13838325071373 ] ], [ [ 128.751615567576209, 36.138292952906099 ], [ 128.75170039758035, 36.13824855262785 ], [ 128.751512311625504, 36.138333227854005 ], [ 128.751615567576209, 36.138292952906099 ] ], [ [ 128.752219812782101, 36.138172864570883 ], [ 128.752265971682249, 36.138163651158784 ], [ 128.752183735028098, 36.138175906590405 ], [ 128.752219812782101, 36.138172864570883 ] ], [ [ 128.753020147893437, 36.137902480591677 ], [ 128.753103068933484, 36.137897209280695 ], [ 128.752804109492246, 36.138001546071912 ], [ 128.753020147893437, 36.137902480591677 ] ], [ [ 128.753372898244066, 36.137877455312754 ], [ 128.753468400685819, 36.137858267467855 ], [ 128.753103068933484, 36.137897209280695 ], [ 128.753372898244066, 36.137877455312754 ] ], [ [ 128.753701155756005, 36.137815374858803 ], [ 128.753701155756033, 36.137815374858761 ], [ 128.753753498944917, 36.137793205334283 ], [ 128.753701155756005, 36.137815374858803 ] ], [ [ 128.753788737572535, 36.137790601626726 ], [ 128.753788737572592, 36.137790601626754 ], [ 128.753753498944917, 36.137793205334283 ], [ 128.753788737572535, 36.137790601626726 ] ], [ [ 128.753793608149806, 36.137793711766257 ], [ 128.753854717964032, 36.137802192356695 ], [ 128.753900593119283, 36.137798294844835 ], [ 128.753793608149806, 36.137793711766257 ] ], [ [ 128.754104175991102, 36.137819677474589 ], [ 128.754143673172393, 36.137822024960002 ], [ 128.754079904063246, 36.137827177643054 ], [ 128.754104175991102, 36.137819677474589 ] ], [ [ 128.754199766825167, 36.137834276101131 ], [ 128.754223385020225, 36.137831041763192 ], [ 128.754175710479501, 36.13782684422295 ], [ 128.754199766825167, 36.137834276101131 ] ], [ [ 128.754466940046001, 36.138020214210044 ], [ 128.754347527701213, 36.13799881662738 ], [ 128.754347527701185, 36.137998816627352 ], [ 128.754466940046001, 36.138020214210044 ] ], [ [ 128.754466940046001, 36.138020214210044 ], [ 128.75495077594752, 36.138032025424529 ], [ 128.755034072881017, 36.138023797598329 ], [ 128.754466940046001, 36.138020214210044 ] ], [ [ 128.759104788591884, 36.137693773105767 ], [ 128.760731455648823, 36.137994928777402 ], [ 128.75886773265583, 36.13773241441703 ], [ 128.759104788591884, 36.137693773105767 ] ], [ [ 128.763947571182484, 36.1380785016175 ], [ 128.764086185005112, 36.138763764343608 ], [ 128.763947403073814, 36.138038433705141 ], [ 128.763947571182484, 36.1380785016175 ] ], [ [ 128.763576618264239, 36.14241179435848 ], [ 128.764090900213603, 36.141513890238258 ], [ 128.764085947955692, 36.141542358488273 ], [ 128.763576618264239, 36.14241179435848 ] ], [ [ 128.763528572296821, 36.142508335072279 ], [ 128.762418515514071, 36.145453945556973 ], [ 128.763576618264239, 36.14241179435848 ], [ 128.763528572296821, 36.142508335072279 ] ], [ [ 128.763679962588895, 36.146490371841345 ], [ 128.764316924088121, 36.147601863724475 ], [ 128.762418515514071, 36.145453945556973 ], [ 128.763679962588895, 36.146490371841345 ] ], [ [ 128.764816792958129, 36.148484923536039 ], [ 128.765080088854432, 36.148961324023503 ], [ 128.764316924088121, 36.147601863724475 ], [ 128.764816792958129, 36.148484923536039 ] ], [ [ 128.765747447068605, 36.150321834325517 ], [ 128.765726112269931, 36.150555699640009 ], [ 128.765747447068605, 36.15032183432551 ], [ 128.765747447068605, 36.150321834325517 ] ], [ [ 128.766149801158576, 36.152222361813529 ], [ 128.766671697404803, 36.152394227207985 ], [ 128.765645487620446, 36.152094800367365 ], [ 128.766149801158576, 36.152222361813529 ] ], [ [ 128.769619813865262, 36.153424954063503 ], [ 128.770143152596717, 36.153549872468979 ], [ 128.769353222799737, 36.153351367749067 ], [ 128.769619813865262, 36.153424954063503 ] ], [ [ 128.773286945755018, 36.153538119711278 ], [ 128.773434068635623, 36.153571468366813 ], [ 128.773591832609583, 36.153613124630482 ], [ 128.773286945755018, 36.153538119711278 ] ], [ [ 128.775795804700323, 36.154219148660502 ], [ 128.77789654569753, 36.154091224874719 ], [ 128.778454386429587, 36.15360323508812 ], [ 128.775795804700323, 36.154219148660502 ] ], [ [ 128.782261775433767, 36.152787980967503 ], [ 128.782621988440184, 36.153142369671343 ], [ 128.782022603652081, 36.152788732443248 ], [ 128.782261775433767, 36.152787980967503 ] ], [ [ 128.78304984876317, 36.154154995955615 ], [ 128.783386831989844, 36.155131621915807 ], [ 128.782996251119926, 36.153809317868991 ], [ 128.78304984876317, 36.154154995955615 ] ], [ [ 128.785568046811932, 36.157186513407886 ], [ 128.785835632393628, 36.158271268368672 ], [ 128.785438295319381, 36.156646513087026 ], [ 128.785568046811932, 36.157186513407886 ] ], [ [ 128.788730944699267, 36.164311824096458 ], [ 128.788772005840457, 36.164362181987407 ], [ 128.788730843550809, 36.164306130591555 ], [ 128.788730944699267, 36.164311824096458 ] ], [ [ 128.790214071559063, 36.167961193572602 ], [ 128.789945525811248, 36.167135637393741 ], [ 128.790216015203413, 36.16794762851827 ], [ 128.790214071559063, 36.167961193572602 ] ], [ [ 128.790372409495347, 36.169558954265412 ], [ 128.790372409495347, 36.169558954265447 ], [ 128.790053547124359, 36.168720373982879 ], [ 128.790372409495347, 36.169558954265412 ] ], [ [ 128.788430044228278, 36.171113717156111 ], [ 128.788182496045266, 36.171293065960732 ], [ 128.788851621890501, 36.170886478474813 ], [ 128.788430044228278, 36.171113717156111 ] ], [ [ 128.789137921024462, 36.172048483104284 ], [ 128.789554219048512, 36.172097944001727 ], [ 128.78852596131253, 36.171564633768448 ], [ 128.789137921024462, 36.172048483104284 ] ], [ [ 128.792359979911595, 36.174706241896118 ], [ 128.792359979911652, 36.174706241896104 ], [ 128.792346147939242, 36.175055108333332 ], [ 128.792359979911595, 36.174706241896118 ] ], [ [ 128.793300381263521, 36.176789246972213 ], [ 128.793302519172499, 36.176792053420741 ], [ 128.792963853630852, 36.176345316042358 ], [ 128.793300381263521, 36.176789246972213 ] ], [ [ 128.793304147680857, 36.176815144990954 ], [ 128.79330031423774, 36.176818788184988 ], [ 128.793307132676347, 36.176812120493743 ], [ 128.793304147680857, 36.176815144990954 ] ], [ [ 128.793419373865646, 36.178740587100776 ], [ 128.792706226202199, 36.180019102934097 ], [ 128.792651743230124, 36.180799221160292 ], [ 128.792706226202199, 36.180019102934047 ], [ 128.793419373865589, 36.178740587100847 ], [ 128.793010793672039, 36.177821753689727 ], [ 128.793419373865646, 36.178740587100776 ] ], [ [ 128.698919946974712, 36.079689701794337 ], [ 128.693150537006886, 36.07526094142203 ], [ 128.694359976818333, 36.071857126779562 ], [ 128.693986880114721, 36.071188506263859 ], [ 128.693473508779817, 36.070172782216915 ], [ 128.693217442239643, 36.069144713245137 ], [ 128.692786637470306, 36.068884496658242 ], [ 128.691102847099046, 36.065654910953583 ], [ 128.690428589397527, 36.063522268762206 ], [ 128.688793419353061, 36.061443941334645 ], [ 128.689733873227965, 36.059640499676874 ], [ 128.689508772694865, 36.058323887447685 ], [ 128.689769497680857, 36.057493996399472 ], [ 128.6902206051532, 36.056599333023406 ], [ 128.690531953251451, 36.056185924142355 ], [ 128.690413204267742, 36.056054372054277 ], [ 128.690275517862119, 36.056042118699771 ], [ 128.689205047308292, 36.055787166173843 ], [ 128.688819593373154, 36.055651970582765 ], [ 128.686585983408776, 36.054796738134996 ], [ 128.681259245487468, 36.052196446474689 ], [ 128.679006108967485, 36.04923409395365 ], [ 128.680140965149917, 36.048435887063242 ], [ 128.681046529547586, 36.048055347483896 ], [ 128.682162483628332, 36.047762545200563 ], [ 128.682823980591252, 36.047077739946339 ], [ 128.683581292822424, 36.04507301902914 ], [ 128.683827508474167, 36.044751675609021 ], [ 128.685018541627045, 36.0436496168631 ], [ 128.686149248969969, 36.042963200204021 ], [ 128.686220214378608, 36.042381083014973 ], [ 128.686611446019072, 36.041596753710458 ], [ 128.687037562141256, 36.041143387650848 ], [ 128.68837895488582, 36.040074366968831 ], [ 128.688325869377763, 36.03983335977491 ], [ 128.690203013949031, 36.03782307776855 ], [ 128.690697883698817, 36.037629788203482 ], [ 128.691299183324986, 36.037108539078531 ], [ 128.691652096366369, 36.03696019154971 ], [ 128.692013071156481, 36.036500781091142 ], [ 128.692532575679763, 36.036138974469083 ], [ 128.69385814146932, 36.035814825097731 ], [ 128.694371692474675, 36.035482717366804 ], [ 128.695554096828516, 36.035068754496024 ], [ 128.693858141471139, 36.035814825097653 ], [ 128.692532575681639, 36.036138974469019 ], [ 128.691652096368216, 36.036960191549632 ], [ 128.690697883700579, 36.037629788203404 ], [ 128.690203013950793, 36.037823077768422 ], [ 128.686149248971844, 36.042963200203964 ], [ 128.683827508475929, 36.044751675608943 ], [ 128.682823980593014, 36.04707773994631 ], [ 128.682162483630094, 36.047762545200463 ], [ 128.679006108969219, 36.049234093953622 ], [ 128.681259245489173, 36.052196446474632 ], [ 128.686585983410595, 36.054796738134982 ], [ 128.690413204269504, 36.056054372054255 ], [ 128.690531953253242, 36.056185924142227 ], [ 128.689733873229756, 36.05964049967681 ], [ 128.688793419354852, 36.061443941334566 ], [ 128.690428589399289, 36.063522268762142 ], [ 128.691102847100893, 36.065654910953498 ], [ 128.693217442241576, 36.069144713245016 ], [ 128.694359976820209, 36.071857126779484 ], [ 128.693150537008705, 36.075260941421952 ], [ 128.697739856116669, 36.078489564531708 ], [ 128.698919946976559, 36.079689701794273 ], [ 128.699239517277732, 36.080052597155493 ], [ 128.699586520650911, 36.080503455986168 ], [ 128.699618000948192, 36.081103237971114 ], [ 128.699545367983717, 36.081751459170704 ], [ 128.697851396060258, 36.084427068726626 ], [ 128.698069805578768, 36.084566354343337 ], [ 128.698253018148137, 36.084732217373002 ], [ 128.698346728258031, 36.085610649059674 ], [ 128.698352010550622, 36.085909251813163 ], [ 128.698350695396783, 36.086058065536221 ], [ 128.698349204027352, 36.086226750521917 ], [ 128.699220031424233, 36.087197697981011 ], [ 128.698349204025533, 36.086226750521931 ], [ 128.697851396058439, 36.084427068726669 ], [ 128.699545367981784, 36.081751459170718 ], [ 128.698919946974712, 36.079689701794337 ] ], [ [ 128.681719787522951, 36.105298634414872 ], [ 128.681719787524628, 36.105298634414808 ], [ 128.681098739357736, 36.105788422319257 ], [ 128.681719787522951, 36.105298634414872 ] ], [ [ 128.68440767843677, 36.105657419276 ], [ 128.684407678438589, 36.105657419275985 ], [ 128.683098224167622, 36.105780747195809 ], [ 128.68440767843677, 36.105657419276 ] ], [ [ 128.685866625684724, 36.104216958443011 ], [ 128.688011416040155, 36.10314197620108 ], [ 128.687727924648129, 36.102070976881258 ], [ 128.688638014974629, 36.100546699393938 ], [ 128.689607615204636, 36.10006178977045 ], [ 128.690746475992995, 36.097125201586913 ], [ 128.690059749740186, 36.096391762954894 ], [ 128.688971811707518, 36.094596749055192 ], [ 128.687592662607926, 36.09331720268333 ], [ 128.687511904283838, 36.092482281302615 ], [ 128.68780829304464, 36.092206863509254 ], [ 128.68806587379666, 36.092084882679359 ], [ 128.689440762547804, 36.091472231687476 ], [ 128.690696737884906, 36.09085549846003 ], [ 128.687511904285685, 36.092482281302559 ], [ 128.690746475994757, 36.097125201586906 ], [ 128.689607615206484, 36.100061789770443 ], [ 128.687727924649977, 36.102070976881151 ], [ 128.688011416042031, 36.103141976201016 ], [ 128.685866625686515, 36.104216958442954 ], [ 128.685659350558723, 36.105383125590379 ], [ 128.68532052019151, 36.105391560905446 ], [ 128.685866625684724, 36.104216958443011 ] ], [ [ 128.693631643505569, 36.091152136464785 ], [ 128.693402061871979, 36.091576953939885 ], [ 128.693631643504176, 36.091152136463919 ], [ 128.693631643505569, 36.091152136464785 ] ], [ [ 128.695565345242358, 36.092207701113786 ], [ 128.69556534524213, 36.092207701113658 ], [ 128.696847587171533, 36.092095107636034 ], [ 128.695565345242358, 36.092207701113786 ] ], [ [ 128.701248756248901, 36.094145256715912 ], [ 128.701248756250749, 36.094145256715819 ], [ 128.700992994917783, 36.094172039540794 ], [ 128.701248756248901, 36.094145256715912 ] ], [ [ 128.702310340062638, 36.093171323840494 ], [ 128.701927607573509, 36.094079319611488 ], [ 128.702075378090512, 36.093968569641007 ], [ 128.702303754312254, 36.093871890362699 ], [ 128.702252551081585, 36.093784714618323 ], [ 128.702364638388048, 36.093766168141201 ], [ 128.702310340062638, 36.093171323840494 ] ], [ [ 128.702285906024485, 36.093190341468819 ], [ 128.701949069748395, 36.09309944211715 ], [ 128.701922264737135, 36.093067310050877 ], [ 128.702187350336942, 36.09200345340836 ], [ 128.702332306832034, 36.091933863348984 ], [ 128.70228876837902, 36.091866668542707 ], [ 128.70225218417599, 36.091804474778364 ], [ 128.702332306833966, 36.091933863348942 ], [ 128.701922264738954, 36.093067310050778 ], [ 128.702285906024485, 36.093190341468819 ] ], [ [ 128.701758080534063, 36.090447269358705 ], [ 128.701514861505046, 36.091705913667298 ], [ 128.701428072937745, 36.091691853816378 ], [ 128.701288871873089, 36.091664009290035 ], [ 128.701758080532215, 36.090447269358769 ], [ 128.701609595012656, 36.090344466299513 ], [ 128.7015556607966, 36.090325189620621 ], [ 128.701316054406732, 36.090270733397496 ], [ 128.701083319640645, 36.090210904677988 ], [ 128.701008312140914, 36.090185554842776 ], [ 128.70088746591739, 36.090131990245574 ], [ 128.700722733412732, 36.090047818426072 ], [ 128.700527276206685, 36.089923339175407 ], [ 128.700468420583547, 36.089910709597625 ], [ 128.700397548096475, 36.089849357376508 ], [ 128.700346095990881, 36.089741326122848 ], [ 128.700632354180357, 36.08860169764116 ], [ 128.7003460959927, 36.089741326122777 ], [ 128.700887465919294, 36.090131990245553 ], [ 128.701083319642549, 36.090210904677953 ], [ 128.701555660798533, 36.090325189620536 ], [ 128.701609595014531, 36.090344466299449 ], [ 128.701758080534063, 36.090447269358705 ] ], [ [ 128.70020312206006, 36.088573213592355 ], [ 128.700217049307923, 36.087454755372711 ], [ 128.699770751416651, 36.087343757041268 ], [ 128.69926448134666, 36.087138537404222 ], [ 128.70020312206006, 36.088573213592355 ] ], [ [ 128.67825141416202, 36.18086720853632 ], [ 128.68238526010424, 36.179025274436995 ], [ 128.683233893555126, 36.178848158890212 ], [ 128.682385260105974, 36.179025274436981 ], [ 128.68054782643361, 36.1800456099417 ], [ 128.679596023522663, 36.180446457534082 ], [ 128.678933193778107, 36.180718691557473 ], [ 128.678631092899138, 36.18080687047933 ], [ 128.67825141416202, 36.18086720853632 ] ], [ [ 128.684039630804591, 36.178937344475173 ], [ 128.683817311223947, 36.178942819887958 ], [ 128.684039630804591, 36.178937344475159 ], [ 128.684039630804591, 36.178937344475173 ] ], [ [ 128.684226202798385, 36.179124521951927 ], [ 128.684226202800119, 36.179124521951863 ], [ 128.684184498961059, 36.179145724748999 ], [ 128.684175306583739, 36.17914834089482 ], [ 128.684226202798385, 36.179124521951927 ] ], [ [ 128.684687130893963, 36.179460744368193 ], [ 128.684687130893366, 36.179460744367958 ], [ 128.684782369215782, 36.179436898315629 ], [ 128.684687130893963, 36.179460744368193 ] ], [ [ 128.686611226974463, 36.180303770848766 ], [ 128.686611226976311, 36.180303770848703 ], [ 128.686604266757286, 36.1803430357159 ], [ 128.686611226974463, 36.180303770848766 ] ], [ [ 128.687858557111355, 36.180374823680992 ], [ 128.68785855711107, 36.180374823680964 ], [ 128.688169794217572, 36.180356560207159 ], [ 128.687858557111355, 36.180374823680992 ] ], [ [ 128.692241323284094, 36.186960317421075 ], [ 128.69230839491803, 36.186965456240365 ], [ 128.692308394917887, 36.186965456240607 ], [ 128.692241323284094, 36.186960317421075 ] ], [ [ 128.692041605315353, 36.187389644832223 ], [ 128.692041605315268, 36.187389644832074 ], [ 128.692115140011452, 36.187382553212309 ], [ 128.692041605315353, 36.187389644832223 ] ], [ [ 128.702488570722352, 36.156262360005314 ], [ 128.702674371738482, 36.156357368719199 ], [ 128.702488570720817, 36.156262360005535 ], [ 128.702488570722352, 36.156262360005314 ] ], [ [ 128.701117175156952, 36.156308845870718 ], [ 128.701504818154689, 36.156403443227191 ], [ 128.701117175156497, 36.156308845871081 ], [ 128.701117175156952, 36.156308845870718 ] ], [ [ 128.700273012969063, 36.156265477743425 ], [ 128.70005782286583, 36.155958212601142 ], [ 128.700909642049254, 36.156399544744644 ], [ 128.700273012969063, 36.156265477743425 ] ], [ [ 128.699711820284534, 36.155899186762028 ], [ 128.699862826170033, 36.155984676580623 ], [ 128.699789562956681, 36.15595484253457 ], [ 128.699711820284534, 36.155899186762028 ] ], [ [ 128.69955743014674, 36.156026966430176 ], [ 128.699443442736822, 36.155955529197151 ], [ 128.699492867075435, 36.155959772323129 ], [ 128.699535066785501, 36.155973063295335 ], [ 128.69955743014674, 36.156026966430176 ] ], [ [ 128.699317050792786, 36.155945684676119 ], [ 128.699396687806086, 36.155988341152572 ], [ 128.699317050791393, 36.15594568467646 ], [ 128.699317050792786, 36.155945684676119 ] ], [ [ 128.699182840623706, 36.155879495230529 ], [ 128.699005304957552, 36.155419037955845 ], [ 128.699260021873215, 36.155959725677391 ], [ 128.699182840623706, 36.155879495230529 ] ], [ [ 128.698838472918681, 36.155458882140906 ], [ 128.698347104317776, 36.155181538481081 ], [ 128.698476259690381, 36.155189083940996 ], [ 128.698602758478785, 36.155254605815585 ], [ 128.698838472918681, 36.155458882140906 ] ], [ [ 128.698147313813706, 36.155417219370293 ], [ 128.697921614316556, 36.155155137005515 ], [ 128.697929920720611, 36.155015363759347 ], [ 128.697693248471751, 36.154948011694167 ], [ 128.697929920722515, 36.155015363759311 ], [ 128.698147313813706, 36.155417219370293 ] ], [ [ 128.697523340051845, 36.155004752777799 ], [ 128.697204204857428, 36.154925042237664 ], [ 128.696982844617764, 36.154800726706895 ], [ 128.697523340051845, 36.155004752777799 ] ], [ [ 128.696771190472049, 36.154775882994265 ], [ 128.696902849738507, 36.154836895764348 ], [ 128.696771190470258, 36.154775882994308 ], [ 128.696771190472049, 36.154775882994265 ] ], [ [ 128.696498705986386, 36.15471379058171 ], [ 128.696498705988205, 36.154713790581674 ], [ 128.69646713564839, 36.154865760816691 ], [ 128.696498705986386, 36.15471379058171 ] ], [ [ 128.695707348587121, 36.156264731113438 ], [ 128.695744213187993, 36.156272422352949 ], [ 128.695707348586041, 36.156264731113666 ], [ 128.695707348587121, 36.156264731113438 ] ], [ [ 128.694041855525938, 36.157311681692129 ], [ 128.694041855527757, 36.1573116816921 ], [ 128.69406452889271, 36.157376401036224 ], [ 128.694041855525938, 36.157311681692129 ] ], [ [ 128.693495048247115, 36.157301949617789 ], [ 128.693495048248934, 36.157301949617725 ], [ 128.693791850252495, 36.157404926705034 ], [ 128.693495048247115, 36.157301949617789 ] ], [ [ 128.693101011403826, 36.157530417325482 ], [ 128.693157716445853, 36.15756277223138 ], [ 128.693157716445512, 36.157562772232268 ], [ 128.693101011403826, 36.157530417325482 ] ], [ [ 128.693135981597266, 36.157647384061782 ], [ 128.693145126951208, 36.157678769381519 ], [ 128.693145126949958, 36.157678769383637 ], [ 128.693135981597266, 36.157647384061782 ] ], [ [ 128.691670186965041, 36.157552183307381 ], [ 128.69167018696686, 36.157552183307253 ], [ 128.692548577182833, 36.158059575295717 ], [ 128.691670186965041, 36.157552183307381 ] ], [ [ 128.69068736190809, 36.157418331844163 ], [ 128.690687361909937, 36.15741833184412 ], [ 128.690899385844546, 36.157519789307713 ], [ 128.69068736190809, 36.157418331844163 ] ], [ [ 128.688624733174123, 36.161896620837773 ], [ 128.688032459559338, 36.160943936783426 ], [ 128.689111672578349, 36.161922377579621 ], [ 128.688624733174123, 36.161896620837773 ] ], [ [ 128.683306544889973, 36.164307655413111 ], [ 128.684336846649273, 36.164435339761681 ], [ 128.684617423415574, 36.164424321377489 ], [ 128.684336846647483, 36.164435339761759 ], [ 128.683306544889973, 36.164307655413111 ] ], [ [ 128.682736508784927, 36.164234313896152 ], [ 128.682998238466553, 36.164375155759693 ], [ 128.682736508784615, 36.164234313897026 ], [ 128.682736508784927, 36.164234313896152 ] ], [ [ 128.679988914262083, 36.165266637262093 ], [ 128.679988914263873, 36.165266637262079 ], [ 128.680532735578396, 36.165364902835933 ], [ 128.679988914262083, 36.165266637262093 ] ], [ [ 128.679180200932365, 36.165448353001842 ], [ 128.679180200934098, 36.165448353001779 ], [ 128.679186837339216, 36.165448144477544 ], [ 128.679180200932365, 36.165448353001842 ] ], [ [ 128.676776681579838, 36.165742049174739 ], [ 128.677236700437533, 36.165756921790312 ], [ 128.676776681579724, 36.165742049174838 ], [ 128.676776681579838, 36.165742049174739 ] ], [ [ 128.674410254397316, 36.180148814942022 ], [ 128.674463052491632, 36.18010689130562 ], [ 128.674629685876312, 36.179977853426514 ], [ 128.674410254397316, 36.180148814942022 ] ] ] ] } },
{ "type": "Feature", "properties": { "sigungu_cd": "27290", "sigungu_nm": "달서구" }, "geometry": { "type": "MultiPolygon", "coordinates": [ [ [ [ 128.513465305476529, 35.80987526089136 ], [ 128.501870170145594, 35.817188902858668 ], [ 128.490146922008762, 35.819966850867623 ], [ 128.482834630195327, 35.815251777620972 ], [ 128.486483555556305, 35.824325335939271 ], [ 128.484206811807553, 35.830700315530066 ], [ 128.479039678766952, 35.82872523747313 ], [ 128.468068092985533, 35.836291782066517 ], [ 128.473053162281701, 35.859488429206564 ], [ 128.473958960915041, 35.857911944885508 ], [ 128.475356440033352, 35.859026314821953 ], [ 128.481632934810904, 35.868080568958803 ], [ 128.486625775820727, 35.867919702622984 ], [ 128.493282506697454, 35.864473953609902 ], [ 128.500983864242102, 35.863271881625998 ], [ 128.503412197212327, 35.865576614388928 ], [ 128.508078308569111, 35.866139168684164 ], [ 128.50931486450736, 35.869460191610678 ], [ 128.515681010423435, 35.867653812173536 ], [ 128.515713352072993, 35.867474263090116 ], [ 128.516005623641178, 35.866523367319424 ], [ 128.516182059188623, 35.866107239330063 ], [ 128.515681010423435, 35.867653812173543 ], [ 128.518986990237494, 35.869329422436458 ], [ 128.52728387389908, 35.864811956760668 ], [ 128.527346524852305, 35.861607631469099 ], [ 128.533785709470493, 35.861941361863934 ], [ 128.5331924750312, 35.858707565365805 ], [ 128.539881161202487, 35.858706859377492 ], [ 128.540139232179371, 35.856259990725746 ], [ 128.547383214659533, 35.856536055784687 ], [ 128.548034060076418, 35.854320198239748 ], [ 128.574073201885398, 35.862706472698029 ], [ 128.573550599809835, 35.851210487124554 ], [ 128.562098694297731, 35.843601171632997 ], [ 128.555542029931672, 35.834445995931155 ], [ 128.558201150294451, 35.832907934899971 ], [ 128.563522839911201, 35.824270885813988 ], [ 128.569453171281907, 35.824378504494959 ], [ 128.571268594127162, 35.818935470546712 ], [ 128.575165043281316, 35.817271804393805 ], [ 128.579498442687793, 35.812130509013201 ], [ 128.581922404608179, 35.812145895927273 ], [ 128.584000076442692, 35.807476670892626 ], [ 128.58801007663908, 35.80798629627381 ], [ 128.585450162763323, 35.799069577785893 ], [ 128.576676536856752, 35.796017845656081 ], [ 128.569580072299175, 35.79746420134034 ], [ 128.567193319200925, 35.795080619581221 ], [ 128.569570589734496, 35.789753186418004 ], [ 128.570582532763495, 35.779967436136005 ], [ 128.565567019320184, 35.774617329276374 ], [ 128.554355039511734, 35.772863907448517 ], [ 128.552373344955384, 35.779308795681231 ], [ 128.549230244675783, 35.780340875924004 ], [ 128.54628770533634, 35.785758548249106 ], [ 128.542251562822543, 35.787556728922688 ], [ 128.541651940114889, 35.789814613108909 ], [ 128.537387989279409, 35.786711710362866 ], [ 128.529086210442074, 35.788077686635958 ], [ 128.527600331318467, 35.792863175231922 ], [ 128.524555764327033, 35.792507816920192 ], [ 128.51761497961536, 35.798333584858739 ], [ 128.515624925978585, 35.803640022323243 ], [ 128.514320292722232, 35.803671730704551 ], [ 128.514713213968406, 35.80568387007996 ], [ 128.508078979448584, 35.806064030018312 ], [ 128.50875805736311, 35.807832528778292 ], [ 128.513465305476529, 35.80987526089136 ] ], [ [ 128.484112812755541, 35.866702449238808 ], [ 128.484112812755541, 35.866702449238822 ], [ 128.483696153968509, 35.867615382677769 ], [ 128.484112812755541, 35.866702449238808 ] ], [ [ 128.516368513068699, 35.865667484973713 ], [ 128.516409266813326, 35.865557605274041 ], [ 128.516182059188623, 35.866107239330063 ], [ 128.516368513068699, 35.865667484973713 ] ], [ [ 128.515201961987856, 35.810437825990498 ], [ 128.514974750680381, 35.810346193202136 ], [ 128.515202296773538, 35.810437962531601 ], [ 128.515201961987856, 35.810437825990498 ] ], [ [ 128.514858947466053, 35.810299490200578 ], [ 128.514713015010983, 35.810240709459819 ], [ 128.514711112305747, 35.810239954203738 ], [ 128.514858947466053, 35.810299490200578 ] ], [ [ 128.514650221360057, 35.810215832498038 ], [ 128.514494051024229, 35.810153951960793 ], [ 128.514404312150987, 35.810117123998921 ], [ 128.514401972413708, 35.810116159198564 ], [ 128.514650221360057, 35.810215832498038 ] ], [ [ 128.513552211892431, 35.809776305242494 ], [ 128.513551595386957, 35.809777005712988 ], [ 128.513554132501866, 35.809777052059268 ], [ 128.513552211892431, 35.809776305242494 ] ], [ [ 128.527346486891105, 35.837122841454857 ], [ 128.52734567878241, 35.837122865304266 ], [ 128.527696597590449, 35.837114308392643 ], [ 128.527346486891105, 35.837122841454857 ] ], [ [ 128.527878694874175, 35.83708724073648 ], [ 128.52802388893096, 35.837097820988035 ], [ 128.527696597590449, 35.837114308392643 ], [ 128.527878694874175, 35.83708724073648 ] ], [ [ 128.526750444814041, 35.837019801811977 ], [ 128.526744540568927, 35.837018781115532 ], [ 128.52676750170528, 35.837022720111769 ], [ 128.526750444814041, 35.837019801811977 ] ], [ [ 128.526156315000122, 35.836917442711666 ], [ 128.526021817618187, 35.836894128420141 ], [ 128.526295121387022, 35.836941355599208 ], [ 128.526156315000122, 35.836917442711666 ] ], [ [ 128.525679001180862, 35.83684241824303 ], [ 128.525644728449862, 35.836845310740408 ], [ 128.525848222386173, 35.836867953315497 ], [ 128.525679001180862, 35.83684241824303 ] ], [ [ 128.524662985061269, 35.836789932022988 ], [ 128.524644510872776, 35.836788902611495 ], [ 128.524694188024995, 35.836791398657454 ], [ 128.524662985061269, 35.836789932022988 ] ], [ [ 128.52414963034434, 35.836760780943692 ], [ 128.523695627383745, 35.836735233347198 ], [ 128.523622939718621, 35.836731041712184 ], [ 128.52414963034434, 35.836760780943692 ] ], [ [ 128.522609495203085, 35.836674069471094 ], [ 128.522497896038885, 35.836668673930056 ], [ 128.522716925723415, 35.836680130334365 ], [ 128.522609495203085, 35.836674069471094 ] ], [ [ 128.518143661251969, 35.836404981224831 ], [ 128.517987004218213, 35.836394279725063 ], [ 128.521367487655567, 35.836600727425861 ], [ 128.518143661251969, 35.836404981224831 ] ], [ [ 128.527756821394973, 35.81814016486716 ], [ 128.527928644069021, 35.818198088968224 ], [ 128.527879921001244, 35.818181665591275 ], [ 128.527756821394973, 35.81814016486716 ] ], [ [ 128.491904965972196, 35.841002343833139 ], [ 128.491885270572595, 35.841312827992532 ], [ 128.491885329657237, 35.841043988037121 ], [ 128.491904965972196, 35.841002343833125 ], [ 128.491912190830789, 35.839491804102138 ], [ 128.491904965972196, 35.841002343833139 ] ], [ [ 128.491887143227387, 35.84325601042012 ], [ 128.491901272970665, 35.841354803550892 ], [ 128.491886551551772, 35.841316188102461 ], [ 128.491901272970694, 35.841354803550885 ], [ 128.491887143227387, 35.84325601042012 ] ], [ [ 128.513336569149601, 35.849172924403732 ], [ 128.51326938289057, 35.849193341314461 ], [ 128.513275884437036, 35.84919094338926 ], [ 128.513298673082346, 35.849182546276815 ], [ 128.513336569149601, 35.849172924403732 ] ], [ [ 128.513252945546355, 35.849079366712701 ], [ 128.513221232678205, 35.84883346048683 ], [ 128.513259790725073, 35.849125655212156 ], [ 128.513252945546355, 35.849079366712701 ] ], [ [ 128.513209157811332, 35.84866877274915 ], [ 128.513204537279364, 35.848691176848476 ], [ 128.513204537279364, 35.848691176848469 ], [ 128.513209157811332, 35.84866877274915 ] ], [ [ 128.513291260570981, 35.848412405863094 ], [ 128.513291260570981, 35.848412405863101 ], [ 128.513267016762654, 35.84848426845064 ], [ 128.513291260570981, 35.848412405863094 ] ], [ [ 128.5134088612607, 35.848100297129868 ], [ 128.5134088612607, 35.848100297129875 ], [ 128.513362383570126, 35.848229814957406 ], [ 128.5134088612607, 35.848100297129868 ] ], [ [ 128.513332231975426, 35.84749247735953 ], [ 128.513361352726548, 35.847834409322829 ], [ 128.513332356302328, 35.847567929764217 ], [ 128.513332231975426, 35.84749247735953 ] ], [ [ 128.513334446254589, 35.847340672298252 ], [ 128.513334722181952, 35.847248674730366 ], [ 128.513332231975426, 35.84749247735953 ], [ 128.513334446254589, 35.847340672298252 ] ], [ [ 128.513352261362741, 35.845968785228301 ], [ 128.513352261307432, 35.845968794240513 ], [ 128.513342494980321, 35.846643161467767 ], [ 128.513352261362741, 35.845968785228301 ] ], [ [ 128.513332689683324, 35.845968985117686 ], [ 128.5131315303571, 35.845972209771602 ], [ 128.513352261362741, 35.845968785228301 ], [ 128.513332689683324, 35.845968985117686 ] ], [ [ 128.483837778382735, 35.831416097617279 ], [ 128.483780690721716, 35.831383665123631 ], [ 128.483879235358927, 35.831441548887952 ], [ 128.483837778382735, 35.831416097617279 ] ], [ [ 128.484106598842914, 35.83157451213664 ], [ 128.48444466688585, 35.831768319543364 ], [ 128.484418310437974, 35.831753777280959 ], [ 128.484308572942751, 35.831693219355309 ], [ 128.484106598842914, 35.83157451213664 ] ], [ [ 128.484506704161362, 35.831822120164773 ], [ 128.484505061844288, 35.831820695599511 ], [ 128.484507199836997, 35.831822482793505 ], [ 128.484506704161362, 35.831822120164773 ] ], [ [ 128.485124221909899, 35.832321485109517 ], [ 128.485097428931823, 35.832345234896657 ], [ 128.485198713131837, 35.832424483602594 ], [ 128.485124221909899, 35.832321485109517 ] ], [ [ 128.484316408919256, 35.833096964567041 ], [ 128.484316408919256, 35.833096964567019 ], [ 128.484978137078684, 35.832592603843707 ], [ 128.484316408919256, 35.833096964567041 ] ], [ [ 128.482974678472374, 35.834126287294453 ], [ 128.482974678472345, 35.834126287294453 ], [ 128.48321425887039, 35.833941592631362 ], [ 128.482974678472374, 35.834126287294453 ] ], [ [ 128.482528652477043, 35.834463103057317 ], [ 128.482528652477043, 35.834463103057296 ], [ 128.482878387423824, 35.834198769377188 ], [ 128.482528652477043, 35.834463103057317 ] ], [ [ 128.482610257007337, 35.834768678864386 ], [ 128.48262222906655, 35.834759623524768 ], [ 128.482610257007366, 35.834768678864386 ], [ 128.482610257007337, 35.834768678864386 ] ], [ [ 128.482630244062648, 35.834753561199953 ], [ 128.482630244062648, 35.834753561199946 ], [ 128.485000132187167, 35.834763517937219 ], [ 128.482630244062648, 35.834753561199953 ] ], [ [ 128.487346390220125, 35.83477337658092 ], [ 128.487330935411421, 35.834773310471412 ], [ 128.487617141750007, 35.834774696020169 ], [ 128.487346390220125, 35.83477337658092 ] ], [ [ 128.49031365784387, 35.834787654772555 ], [ 128.490182097231468, 35.834787095192326 ], [ 128.490620365841522, 35.834789134652041 ], [ 128.49031365784387, 35.834787654772555 ] ], [ [ 128.49160571604844, 35.834793908290152 ], [ 128.491957713172923, 35.834795626805509 ], [ 128.491957713172923, 35.83479562680553 ], [ 128.49160571604844, 35.834793908290152 ] ], [ [ 128.515396070963817, 35.836208614262297 ], [ 128.512993479929946, 35.835968975650843 ], [ 128.515705263571562, 35.836255926428841 ], [ 128.515396070963817, 35.836208614262297 ] ], [ [ 128.516250931352403, 35.836338107270834 ], [ 128.516236330896049, 35.836305693708326 ], [ 128.516236330896078, 35.836305693708326 ], [ 128.516250931352403, 35.836338107270834 ] ], [ [ 128.516273698679754, 35.836305285794104 ], [ 128.516273698679754, 35.836305285794111 ], [ 128.516254597769176, 35.836305494303474 ], [ 128.516273698679754, 35.836305285794104 ] ], [ [ 128.517471344891902, 35.836376761532918 ], [ 128.517080274366208, 35.836353402398416 ], [ 128.517513100962532, 35.836379116687809 ], [ 128.517471344891902, 35.836376761532918 ] ], [ [ 128.517540029226666, 35.836395522593449 ], [ 128.517934785206961, 35.836390712558476 ], [ 128.517534066189228, 35.836380516922894 ], [ 128.517540029226666, 35.836395522593449 ] ], [ [ 128.506433784707752, 35.835439919389842 ], [ 128.506433784707752, 35.835439919389849 ], [ 128.506400898299376, 35.835450360011357 ], [ 128.506433784707752, 35.835439919389842 ] ], [ [ 128.491915002990652, 35.838910109795648 ], [ 128.491915002990652, 35.838910109795641 ], [ 128.491915008737266, 35.838908919650216 ], [ 128.491915002990652, 35.838910109795648 ] ], [ [ 128.49193030972512, 35.835740769231492 ], [ 128.49193030972512, 35.835740769231478 ], [ 128.491930686503224, 35.835727788600238 ], [ 128.49193030972512, 35.835740769231492 ] ], [ [ 128.506443205662663, 35.835557155772612 ], [ 128.506367606176241, 35.835556393757862 ], [ 128.506443205662663, 35.835557155772605 ], [ 128.506443205662663, 35.835557155772612 ] ], [ [ 128.507061612846115, 35.837518876037656 ], [ 128.507072356304775, 35.836095804445172 ], [ 128.507061001846267, 35.837610233418424 ], [ 128.507061612846115, 35.837518876037656 ] ], [ [ 128.507050735629804, 35.838738626529235 ], [ 128.507058721574197, 35.837824926002952 ], [ 128.50704662609553, 35.83922078313222 ], [ 128.507050735629804, 35.838738626529235 ] ], [ [ 128.507650701286053, 35.843680321474515 ], [ 128.507650701286053, 35.843680321474494 ], [ 128.508420664022083, 35.843513357406721 ], [ 128.507650701286053, 35.843680321474515 ] ], [ [ 128.510127092075692, 35.844157260470283 ], [ 128.509152234485924, 35.843539110910527 ], [ 128.509787310784844, 35.843935994952574 ], [ 128.51012709207572, 35.844157260470283 ], [ 128.51014464281775, 35.844161613120576 ], [ 128.510127092075692, 35.844157260470283 ] ], [ [ 128.510303621754105, 35.845210992443818 ], [ 128.510330887339279, 35.844296704427414 ], [ 128.510395297283821, 35.844896608569613 ], [ 128.510303621754105, 35.845210992443818 ] ], [ [ 128.511336603845393, 35.845758351866664 ], [ 128.511535692751551, 35.845854118448244 ], [ 128.511270734034014, 35.845691274191111 ], [ 128.511336603845393, 35.845758351866664 ] ], [ [ 128.511581537391493, 35.84585839697332 ], [ 128.511601096575788, 35.845860225110791 ], [ 128.511535692751551, 35.845854118448244 ], [ 128.511581537391493, 35.84585839697332 ] ], [ [ 128.512227783273431, 35.845987978434835 ], [ 128.511678895107053, 35.84586679682532 ], [ 128.51172989779181, 35.845871114340675 ], [ 128.512227783273431, 35.84598797843482 ], [ 128.512696175111728, 35.845979615761962 ], [ 128.512227783273431, 35.845987978434835 ] ], [ [ 128.513336579394462, 35.849172921794036 ], [ 128.513827073263371, 35.849261956287137 ], [ 128.513398706400636, 35.849259017319952 ], [ 128.51334546587222, 35.849222102550243 ], [ 128.513336579394462, 35.849172921794036 ] ], [ [ 128.514203781315985, 35.849269259974427 ], [ 128.514319130391755, 35.849337014286178 ], [ 128.514249346388056, 35.849271932162338 ], [ 128.514203781315985, 35.849269259974427 ] ], [ [ 128.514548925540026, 35.849357160060869 ], [ 128.514416452980015, 35.849355523711942 ], [ 128.51457171225789, 35.849363552060943 ], [ 128.514548925540026, 35.849357160060869 ] ], [ [ 128.51457171225789, 35.849363552060943 ], [ 128.514799248931894, 35.849427245175441 ], [ 128.51486884745762, 35.84944667838235 ], [ 128.515216827496687, 35.849544177221219 ], [ 128.515381830406, 35.84959000594074 ], [ 128.51457171225789, 35.849363552060943 ] ], [ [ 128.515381830406, 35.84959000594074 ], [ 128.515655598517725, 35.849665952045896 ], [ 128.515655598517725, 35.849665952045918 ], [ 128.515381830406, 35.84959000594074 ] ], [ [ 128.515652629374756, 35.849869629475819 ], [ 128.515652629374728, 35.849869629475826 ], [ 128.515654010449396, 35.849792020202216 ], [ 128.515652629374756, 35.849869629475819 ] ], [ [ 128.515875704376725, 35.850028212184192 ], [ 128.51587746468212, 35.849988231244232 ], [ 128.51587413545883, 35.850191141160998 ], [ 128.515875704376725, 35.850028212184192 ] ], [ [ 128.483215935231641, 35.86567212915017 ], [ 128.483215935231641, 35.865672129150155 ], [ 128.483472185952763, 35.865966506318344 ], [ 128.483215935231641, 35.86567212915017 ] ], [ [ 128.482534012238034, 35.865172694324016 ], [ 128.482564309274409, 35.864718511569592 ], [ 128.482564786355539, 35.864713670520736 ], [ 128.482534012238034, 35.865172694324016 ] ], [ [ 128.482672060146086, 35.862868358291422 ], [ 128.482680251764009, 35.862883858894612 ], [ 128.482615143705488, 35.862760384585215 ], [ 128.482672060146086, 35.862868358291422 ] ], [ [ 128.482485590365485, 35.862528976136353 ], [ 128.482493450594859, 35.862536706654573 ], [ 128.482126811660407, 35.862175167972566 ], [ 128.482485590365485, 35.862528976136353 ] ], [ [ 128.482925518891307, 35.859686578496714 ], [ 128.482925518891307, 35.859686578496749 ], [ 128.48263904506527, 35.860366774119953 ], [ 128.482925518891307, 35.859686578496714 ] ], [ [ 128.487354999675489, 35.856867450939156 ], [ 128.486642548070847, 35.857246225424106 ], [ 128.487559274140239, 35.856783896740161 ], [ 128.487354999675489, 35.856867450939156 ] ], [ [ 128.488114334229493, 35.856090909714325 ], [ 128.488099655080902, 35.856103824112608 ], [ 128.48813420234481, 35.856074061377541 ], [ 128.488114334229493, 35.856090909714325 ] ], [ [ 128.488725300793959, 35.855544258392634 ], [ 128.488500001338991, 35.855223194824113 ], [ 128.488725300793959, 35.855544258392626 ], [ 128.488725300793959, 35.855544258392634 ] ], [ [ 128.488165825422698, 35.854778466435448 ], [ 128.488172831640981, 35.854785406024753 ], [ 128.488065434757772, 35.854677750615295 ], [ 128.488165825422698, 35.854778466435448 ] ], [ [ 128.487850598745439, 35.8544618480921 ], [ 128.48785528363959, 35.854466671719727 ], [ 128.487846946057545, 35.854451050619261 ], [ 128.487850598745439, 35.8544618480921 ] ], [ [ 128.487739196711459, 35.852021456386836 ], [ 128.487739196711487, 35.852021456386836 ], [ 128.487316336905621, 35.852867569718242 ], [ 128.487739196711459, 35.852021456386836 ] ], [ [ 128.48776853944176, 35.851967165001064 ], [ 128.487771182760014, 35.85190746920032 ], [ 128.487770917350048, 35.851890263408201 ], [ 128.48776853944176, 35.851967165001064 ] ], [ [ 128.487753141372792, 35.851860689856302 ], [ 128.487752546261277, 35.851855126665953 ], [ 128.487770917350048, 35.851890263408201 ], [ 128.487753141372792, 35.851860689856302 ] ], [ [ 128.487716613379831, 35.851764083067202 ], [ 128.48774460114015, 35.851788842599959 ], [ 128.487677144452618, 35.851740707408233 ], [ 128.487716613379831, 35.851764083067202 ] ], [ [ 128.48758053374624, 35.851627837661248 ], [ 128.487584121020006, 35.851630787383158 ], [ 128.487574451524893, 35.851623068661915 ], [ 128.48758053374624, 35.851627837661248 ] ], [ [ 128.487577588682768, 35.851591874631453 ], [ 128.487554054687564, 35.851606893984304 ], [ 128.487543793074849, 35.851598552483367 ], [ 128.487577588682768, 35.851591874631453 ] ], [ [ 128.487743518687637, 35.851559058004 ], [ 128.48764828459008, 35.851577892087107 ], [ 128.487810271331995, 35.851547538744001 ], [ 128.487743518687637, 35.851559058004 ] ], [ [ 128.48819423161035, 35.851487397789548 ], [ 128.488258056474649, 35.851478361404702 ], [ 128.48804981870299, 35.85150849505483 ], [ 128.48819423161035, 35.851487397789548 ] ], [ [ 128.48836387728096, 35.851464987452481 ], [ 128.488470032971122, 35.8498592697185 ], [ 128.48847096164522, 35.849715075345685 ], [ 128.48836387728096, 35.851464987452481 ] ], [ [ 128.488686981456254, 35.848495241082738 ], [ 128.488686981456254, 35.848495241082752 ], [ 128.488683790320408, 35.849032201319872 ], [ 128.488686981456254, 35.848495241082738 ] ], [ [ 128.488688300300396, 35.848273172204188 ], [ 128.488688302289603, 35.848272837736914 ], [ 128.488687701893923, 35.848373009000063 ], [ 128.488688300300396, 35.848273172204188 ] ], [ [ 128.489190429408524, 35.848090343282479 ], [ 128.489626235250768, 35.848090668156487 ], [ 128.488761597326061, 35.848090028556285 ], [ 128.489190429408524, 35.848090343282479 ] ], [ [ 128.489955707610164, 35.848090908399499 ], [ 128.489802151624247, 35.848090795340042 ], [ 128.489974315410109, 35.848090924514956 ], [ 128.489955707610164, 35.848090908399499 ] ], [ [ 128.489974315410109, 35.848090924514956 ], [ 128.490270391128433, 35.848091138904913 ], [ 128.490280913313967, 35.848091147555074 ], [ 128.490270391128405, 35.84809113890492 ], [ 128.490250288922368, 35.848091125490534 ], [ 128.489974315410109, 35.848090924514956 ] ], [ [ 128.490428529906438, 35.848091252731713 ], [ 128.490388004485652, 35.848091224580465 ], [ 128.490724041109587, 35.848091463603289 ], [ 128.490428529906438, 35.848091252731713 ] ], [ [ 128.515964843645463, 35.850347025769828 ], [ 128.515984590637885, 35.850318238808235 ], [ 128.515944390462323, 35.850362723859561 ], [ 128.515964843645463, 35.850347025769828 ] ], [ [ 128.515979044689232, 35.850418118936872 ], [ 128.51593617791832, 35.850471470432261 ], [ 128.515976051799669, 35.85041333026966 ], [ 128.515979044689232, 35.850418118936872 ] ], [ [ 128.515886223300754, 35.850507165003307 ], [ 128.515856862179163, 35.850544096362398 ], [ 128.51593617791832, 35.850471470432261 ], [ 128.515886223300754, 35.850507165003307 ] ], [ [ 128.515852638840073, 35.850584977598018 ], [ 128.51584256764653, 35.850601932882775 ], [ 128.515856862179163, 35.850544096362398 ], [ 128.515852638840073, 35.850584977598018 ] ], [ [ 128.51574343070277, 35.850736224046535 ], [ 128.515638796903033, 35.850636547437325 ], [ 128.51574343070277, 35.850736224046528 ], [ 128.51574343070277, 35.850736224046535 ] ], [ [ 128.515672398072553, 35.85241819248359 ], [ 128.515600335166681, 35.852419149261507 ], [ 128.515546628059099, 35.852238877873923 ], [ 128.515672398072553, 35.85241819248359 ] ], [ [ 128.515384117502606, 35.853490584172995 ], [ 128.515337565866673, 35.853844403008246 ], [ 128.515482643415766, 35.852776899917259 ], [ 128.515384117502606, 35.853490584172995 ] ], [ [ 128.515314161065334, 35.854069618360526 ], [ 128.515317873699047, 35.854021942647407 ], [ 128.515311825584547, 35.854107641245648 ], [ 128.515314161065334, 35.854069618360526 ] ], [ [ 128.515307592162856, 35.854220819877881 ], [ 128.515307375954734, 35.854256237739691 ], [ 128.515307998072103, 35.854205103892404 ], [ 128.515307592162856, 35.854220819877881 ] ], [ [ 128.515393817143092, 35.858666624067411 ], [ 128.515396842625023, 35.858823902588846 ], [ 128.515351648149732, 35.856533984986179 ], [ 128.515393817143092, 35.858666624067411 ] ], [ [ 128.514294964408919, 35.858838185933436 ], [ 128.514298155135066, 35.858993883409482 ], [ 128.515396842625023, 35.858823902588846 ], [ 128.514294964408919, 35.858838185933436 ] ], [ [ 128.517816032509415, 35.862527546774984 ], [ 128.517662992485867, 35.862966266603209 ], [ 128.51781961553823, 35.862517296085713 ], [ 128.517816032509415, 35.862527546774984 ] ], [ [ 128.529084749738217, 35.837170548384407 ], [ 128.529084749738189, 35.837170548384407 ], [ 128.529072802953124, 35.837129540406053 ], [ 128.529084749738217, 35.837170548384407 ] ], [ [ 128.529036895055015, 35.837009389229358 ], [ 128.529036895055015, 35.837009389229337 ], [ 128.529053543840291, 35.837064984773299 ], [ 128.529036895055015, 35.837009389229358 ] ], [ [ 128.529013094319737, 35.836929869101837 ], [ 128.529013094319765, 35.83692986910183 ], [ 128.529035162935145, 35.837003570603571 ], [ 128.529013094319737, 35.836929869101837 ] ], [ [ 128.528879826497388, 35.836903380340829 ], [ 128.528632918617973, 35.8368745703035 ], [ 128.52888320098603, 35.836903591882944 ], [ 128.528879826497388, 35.836903380340829 ] ], [ [ 128.528585145779459, 35.836773830162088 ], [ 128.528585145779459, 35.83677383016208 ], [ 128.528587332378692, 35.836779818739032 ], [ 128.528585145779459, 35.836773830162088 ] ], [ [ 128.528428784147309, 35.836345665025405 ], [ 128.528428784147309, 35.836345665025398 ], [ 128.528483870433689, 35.83649651563239 ], [ 128.528428784147309, 35.836345665025405 ] ], [ [ 128.528407204415601, 35.8362855392581 ], [ 128.528407204415601, 35.836285539258078 ], [ 128.52841405572039, 35.836304607243292 ], [ 128.528407204415601, 35.8362855392581 ] ], [ [ 128.528376861454774, 35.836204479159186 ], [ 128.528294753226675, 35.835983738842131 ], [ 128.528296464517126, 35.835988179696749 ], [ 128.528376861454774, 35.836204479159186 ] ], [ [ 128.528294753226675, 35.835983738842131 ], [ 128.528287865508645, 35.835965686857762 ], [ 128.528280544642286, 35.835946024447978 ], [ 128.528294753226675, 35.835983738842131 ] ], [ [ 128.528370760345751, 35.835876799095168 ], [ 128.528273223775898, 35.835926362038208 ], [ 128.528273223775898, 35.835926362038194 ], [ 128.528370760345751, 35.835876799095168 ] ], [ [ 128.528615547108814, 35.835770685652221 ], [ 128.528615547108785, 35.835770685652243 ], [ 128.5286087378133, 35.83577369377177 ], [ 128.528615547108814, 35.835770685652221 ] ], [ [ 128.529189919334044, 35.835525011889857 ], [ 128.529189919334073, 35.835525011889871 ], [ 128.529152763188961, 35.835540664016385 ], [ 128.529189919334044, 35.835525011889857 ] ], [ [ 128.529714924412957, 35.835154283317429 ], [ 128.529742081373428, 35.834705841423009 ], [ 128.529555998759406, 35.835367966132111 ], [ 128.529714924412957, 35.835154283317429 ] ], [ [ 128.529846239790459, 35.834646190832757 ], [ 128.529846239790487, 35.834646190832771 ], [ 128.529778754901912, 35.834676009294753 ], [ 128.529846239790459, 35.834646190832757 ] ], [ [ 128.529734655776679, 35.833972828617078 ], [ 128.529715273062209, 35.834053920243875 ], [ 128.529724381679273, 35.833992220797334 ], [ 128.529734655776679, 35.833972828617078 ] ], [ [ 128.531101741359436, 35.833861621198089 ], [ 128.531263178662527, 35.833868201071674 ], [ 128.531164368639168, 35.833864209502892 ], [ 128.531101741359436, 35.83386162119811 ], [ 128.530718606603415, 35.833846126297445 ], [ 128.531101741359436, 35.833861621198089 ] ], [ [ 128.531257661051029, 35.834015532852327 ], [ 128.531252122744263, 35.83405381404777 ], [ 128.531259442913637, 35.833994901339764 ], [ 128.531257661051029, 35.834015532852327 ] ], [ [ 128.531235402212815, 35.834111518360899 ], [ 128.531227911613172, 35.834131385712368 ], [ 128.53124160411744, 35.834092075758427 ], [ 128.531235402212815, 35.834111518360899 ] ], [ [ 128.531168088498816, 35.834227875935674 ], [ 128.531168088498816, 35.83422787593566 ], [ 128.531172749598682, 35.834222241447186 ], [ 128.531168088498816, 35.834227875935674 ] ], [ [ 128.53113855995818, 35.834261647156268 ], [ 128.531138559958151, 35.834261647156282 ], [ 128.531146360124751, 35.834253116621717 ], [ 128.53113855995818, 35.834261647156268 ] ], [ [ 128.531124200056638, 35.834275650366045 ], [ 128.531092164806978, 35.834302832685864 ], [ 128.53107459906829, 35.834316192472748 ], [ 128.531124200056638, 35.834275650366045 ] ], [ [ 128.53103503263381, 35.834344246546017 ], [ 128.53103503263381, 35.83434424654601 ], [ 128.531055927115716, 35.834329457803186 ], [ 128.53103503263381, 35.834344246546017 ] ], [ [ 128.530879710120104, 35.834464044677453 ], [ 128.530879710120104, 35.834464044677446 ], [ 128.530885497990738, 35.834458509668558 ], [ 128.530879710120104, 35.834464044677453 ] ], [ [ 128.530863003627957, 35.834481823891288 ], [ 128.530863003627928, 35.834481823891288 ], [ 128.530869237904454, 35.834475185530067 ], [ 128.530863003627957, 35.834481823891288 ] ], [ [ 128.530833793049311, 35.83451793951334 ], [ 128.530833793049311, 35.834517939513326 ], [ 128.530840707803748, 35.834508999213838 ], [ 128.530833793049311, 35.83451793951334 ] ], [ [ 128.530758868323062, 35.834704744302385 ], [ 128.530758868323062, 35.834704744302371 ], [ 128.530759084746165, 35.834703296930229 ], [ 128.530758868323062, 35.834704744302385 ] ], [ [ 128.533819875534078, 35.835461003379123 ], [ 128.533819875534078, 35.835461003379145 ], [ 128.531518892950487, 35.835371253965299 ], [ 128.533819875534078, 35.835461003379123 ] ], [ [ 128.533887102444254, 35.833643122493378 ], [ 128.533868928794476, 35.834378106479726 ], [ 128.533868928794476, 35.834378106479718 ], [ 128.533887102444254, 35.833643122493378 ] ], [ [ 128.533941652663941, 35.831436953968279 ], [ 128.533941652663941, 35.831436953968286 ], [ 128.533941645346374, 35.831437258109794 ], [ 128.533941652663941, 35.831436953968279 ] ], [ [ 128.535826229096187, 35.831709731135199 ], [ 128.53606762351896, 35.83178267548346 ], [ 128.536099326659951, 35.831792955256724 ], [ 128.535986133552996, 35.831769652380174 ], [ 128.535826229096187, 35.831709731135199 ] ], [ [ 128.536171536939861, 35.831816369759096 ], [ 128.536171536939861, 35.831816369759117 ], [ 128.536131032575469, 35.831803235032865 ], [ 128.536171536939861, 35.831816369759096 ] ], [ [ 128.536701497383632, 35.831817852363422 ], [ 128.53670149738366, 35.831817852363422 ], [ 128.536701032398042, 35.831818436932132 ], [ 128.536701497383632, 35.831817852363422 ] ], [ [ 128.537283081696188, 35.831082863806948 ], [ 128.537283081696188, 35.831082863806962 ], [ 128.536750755730964, 35.831755595599645 ], [ 128.537283081696188, 35.831082863806948 ] ], [ [ 128.536823932922857, 35.830466449997822 ], [ 128.537086303650483, 35.830818686460184 ], [ 128.536823932922857, 35.830466449997836 ], [ 128.536823932922857, 35.830466449997822 ] ], [ [ 128.539702456993751, 35.828917235812355 ], [ 128.539702456993751, 35.828917235812369 ], [ 128.539638327822729, 35.828977354792336 ], [ 128.539702456993751, 35.828917235812355 ] ], [ [ 128.53986468684559, 35.82876433185541 ], [ 128.53986468684559, 35.828764331855425 ], [ 128.539864639134606, 35.828764926493868 ], [ 128.53986468684559, 35.82876433185541 ] ], [ [ 128.540836686392339, 35.82613938980996 ], [ 128.540836686392339, 35.826139389809967 ], [ 128.54077259346991, 35.826305195600305 ], [ 128.540836686392339, 35.82613938980996 ] ], [ [ 128.541371453341668, 35.825594904623792 ], [ 128.541139712556088, 35.825550153752921 ], [ 128.541568856687974, 35.825617911796463 ], [ 128.541371453341668, 35.825594904623792 ] ], [ [ 128.530569429059483, 35.819434526480912 ], [ 128.530512201500613, 35.819491520144474 ], [ 128.53058235867752, 35.819422116141709 ], [ 128.530569429059483, 35.819434526480912 ] ], [ [ 128.530703428571826, 35.819236642002515 ], [ 128.530854699164138, 35.818977143700039 ], [ 128.530861087537545, 35.818971662950339 ], [ 128.530703428571826, 35.819236642002515 ] ], [ [ 128.531388510529496, 35.818575519087666 ], [ 128.531339189479837, 35.818603116129481 ], [ 128.531396028983892, 35.818570916082081 ], [ 128.531388510529496, 35.818575519087666 ] ], [ [ 128.531569139005825, 35.818448536716453 ], [ 128.531569139005825, 35.818448536716474 ], [ 128.53143585578951, 35.818555525313592 ], [ 128.531569139005825, 35.818448536716453 ] ], [ [ 128.53196718076461, 35.818189947222123 ], [ 128.531967180764639, 35.818189947222116 ], [ 128.531883220073183, 35.818255094820486 ], [ 128.53196718076461, 35.818189947222123 ] ], [ [ 128.532083668043271, 35.818041146719018 ], [ 128.532083668043299, 35.818041146719018 ], [ 128.532038403395234, 35.818100641486701 ], [ 128.532083668043271, 35.818041146719018 ] ], [ [ 128.532241672922339, 35.81782263453276 ], [ 128.532257131681746, 35.817775541664538 ], [ 128.532195271040649, 35.817908071803963 ], [ 128.532241672922339, 35.81782263453276 ] ], [ [ 128.532257131681746, 35.817775541664538 ], [ 128.532283883560979, 35.81770853927668 ], [ 128.532307146707865, 35.817666513020868 ], [ 128.532257131681746, 35.817775541664538 ] ], [ [ 128.532558900143499, 35.817364416938034 ], [ 128.532470563622269, 35.817458874448619 ], [ 128.532610468942408, 35.817314716062072 ], [ 128.532558900143499, 35.817364416938034 ] ], [ [ 128.532643503875335, 35.817272450267936 ], [ 128.532660107805299, 35.817252606486853 ], [ 128.532610468942408, 35.817314716062072 ], [ 128.532643503875335, 35.817272450267936 ] ], [ [ 128.532702147023116, 35.817202345684244 ], [ 128.53270485608968, 35.817197967177911 ], [ 128.53270485608968, 35.817197967177918 ], [ 128.532702147023116, 35.817202345684244 ] ], [ [ 128.531681319429225, 35.816713102679813 ], [ 128.531686896686665, 35.816718045280105 ], [ 128.531640819004792, 35.816677714681106 ], [ 128.531681319429225, 35.816713102679813 ] ], [ [ 128.531537121054242, 35.816571683284955 ], [ 128.531572185553273, 35.816605671164304 ], [ 128.531479051338295, 35.816511532398714 ], [ 128.531537121054242, 35.816571683284955 ] ], [ [ 128.531479051338295, 35.816511532398714 ], [ 128.53111320395081, 35.816252507297826 ], [ 128.531073452757425, 35.816233691448488 ], [ 128.531479051338295, 35.816511532398714 ] ], [ [ 128.531237926774992, 35.815924680124688 ], [ 128.531232911755382, 35.81591286510286 ], [ 128.531237926774992, 35.815924680124681 ], [ 128.531237926774992, 35.815924680124688 ] ], [ [ 128.531192704202823, 35.815823266205172 ], [ 128.531199036722825, 35.815836857457768 ], [ 128.531185754816107, 35.815808341414538 ], [ 128.531192704202823, 35.815823266205172 ] ], [ [ 128.531185754816107, 35.815808341414538 ], [ 128.531127748001722, 35.815698261540625 ], [ 128.531063447910213, 35.815597124415774 ], [ 128.531061806876778, 35.815588321827867 ], [ 128.531053679318745, 35.81557898916008 ], [ 128.531061806876778, 35.815588321827853 ], [ 128.531127748001751, 35.815698261540625 ], [ 128.531161855151424, 35.815759400355745 ], [ 128.531185754816107, 35.815808341414538 ] ], [ [ 128.531004842505325, 35.81550791500846 ], [ 128.531018412257112, 35.815528495503074 ], [ 128.53099659854945, 35.815492056855327 ], [ 128.531004842505325, 35.81550791500846 ] ], [ [ 128.530935815696466, 35.815360273015983 ], [ 128.530935815696466, 35.815360273015948 ], [ 128.53096521384208, 35.81543026149545 ], [ 128.530935815696466, 35.815360273015983 ] ], [ [ 128.530759408368169, 35.815007420315084 ], [ 128.530701440325004, 35.814869098310261 ], [ 128.530785681490698, 35.815052531437175 ], [ 128.530759408368169, 35.815007420315084 ] ], [ [ 128.530684597845152, 35.814818135952024 ], [ 128.53068459784518, 35.814818135952017 ], [ 128.530696924847035, 35.81485450614057 ], [ 128.530684597845152, 35.814818135952024 ] ], [ [ 128.531159425529069, 35.814612121901597 ], [ 128.531136148824942, 35.814620845029829 ], [ 128.531210280488409, 35.814588559458279 ], [ 128.531159425529069, 35.814612121901597 ] ], [ [ 128.531634918511543, 35.814390426865621 ], [ 128.531621478829578, 35.814396221745227 ], [ 128.531693667221987, 35.814355849759401 ], [ 128.531634918511543, 35.814390426865621 ] ], [ [ 128.531947008156322, 35.814218615766677 ], [ 128.531835909946523, 35.814272418853754 ], [ 128.531955869452617, 35.814214198213904 ], [ 128.531947008156322, 35.814218615766677 ] ], [ [ 128.532059658218799, 35.814151155733292 ], [ 128.532028634144467, 35.814179102698183 ], [ 128.532097183883565, 35.814094511349253 ], [ 128.532059658218799, 35.814151155733292 ] ], [ [ 128.532141939232019, 35.814041623998698 ], [ 128.53211303395787, 35.814074253449462 ], [ 128.532194037463398, 35.814005047488159 ], [ 128.532141939232019, 35.814041623998698 ] ], [ [ 128.5330576941179, 35.81357888133244 ], [ 128.532872748158184, 35.813704767767433 ], [ 128.533085843359459, 35.813525100939316 ], [ 128.5330576941179, 35.81357888133244 ] ], [ [ 128.533376986051593, 35.811141755700767 ], [ 128.533461512225983, 35.811704769511223 ], [ 128.533311269662192, 35.8107278632949 ], [ 128.533376986051593, 35.811141755700767 ] ], [ [ 128.53324555327282, 35.810313970889027 ], [ 128.53324555327282, 35.81031397088902 ], [ 128.533265010821083, 35.810135671765671 ], [ 128.53324555327282, 35.810313970889027 ] ], [ [ 128.52673914369683, 35.80841809684442 ], [ 128.52673914369683, 35.808418096844413 ], [ 128.526816712730579, 35.808505715884365 ], [ 128.52673914369683, 35.80841809684442 ] ], [ [ 128.528213389589354, 35.809208066359972 ], [ 128.527650761331785, 35.808996445514559 ], [ 128.527500425956788, 35.808939477386964 ], [ 128.528213389589354, 35.809208066359972 ] ], [ [ 128.529680868437225, 35.809841363465083 ], [ 128.529680868437225, 35.809841363465061 ], [ 128.530132626335671, 35.809864963597498 ], [ 128.529680868437225, 35.809841363465083 ] ], [ [ 128.532542768060921, 35.809886996613301 ], [ 128.532542768060921, 35.809886996613287 ], [ 128.532916320643068, 35.809888718307995 ], [ 128.532542768060921, 35.809886996613301 ] ], [ [ 128.515681332267206, 35.810514603432381 ], [ 128.515798970137894, 35.810410723351062 ], [ 128.515669315386731, 35.810525418507723 ], [ 128.515681332267206, 35.810514603432381 ] ], [ [ 128.516309088440522, 35.810132792641738 ], [ 128.516309252890267, 35.810131710208111 ], [ 128.516292501989938, 35.810144249048129 ], [ 128.516309088440522, 35.810132792641738 ] ], [ [ 128.516521074618282, 35.810191949557883 ], [ 128.516380153352031, 35.810144727148852 ], [ 128.516521074618311, 35.810191949557876 ], [ 128.516521074618282, 35.810191949557883 ] ], [ [ 128.517323889458254, 35.809982211504881 ], [ 128.517503803503331, 35.809810139675882 ], [ 128.516931317523955, 35.810084772231299 ], [ 128.517323889458254, 35.809982211504881 ] ], [ [ 128.518061250576494, 35.809020988529369 ], [ 128.51816198368715, 35.808858183660085 ], [ 128.517809561891113, 35.809432374741043 ], [ 128.518061250576494, 35.809020988529369 ] ], [ [ 128.518409306005594, 35.808450933744815 ], [ 128.518461984427688, 35.808367990316768 ], [ 128.51824517620301, 35.80872247331201 ], [ 128.518409306005594, 35.808450933744815 ] ], [ [ 128.519327567774695, 35.807758865844939 ], [ 128.519543218311043, 35.807699779480529 ], [ 128.519101449464159, 35.807818108098232 ], [ 128.519327567774695, 35.807758865844939 ] ], [ [ 128.520261649769139, 35.807724665542587 ], [ 128.521124485326766, 35.807667389821489 ], [ 128.519543218311043, 35.807699779480529 ], [ 128.520261649769139, 35.807724665542587 ] ], [ [ 128.521565850577787, 35.807606326412674 ], [ 128.523521831820034, 35.807689723558845 ], [ 128.525316360986238, 35.807980718877701 ], [ 128.52562338933302, 35.808084171948131 ], [ 128.526245001029196, 35.8082936290959 ], [ 128.521565850577787, 35.807606326412674 ] ], [ [ 128.530270459745395, 35.819925047728226 ], [ 128.530270459745395, 35.819925047728198 ], [ 128.530325925245194, 35.820006701702731 ], [ 128.530270459745395, 35.819925047728226 ] ], [ [ 128.530363274186215, 35.820040022937775 ], [ 128.530407074088998, 35.820120234225307 ], [ 128.530325925245194, 35.820006701702731 ], [ 128.530363274186215, 35.820040022937775 ] ], [ [ 128.530189985184535, 35.820335952724797 ], [ 128.530321702604766, 35.820202597979836 ], [ 128.530359230290685, 35.820166382895145 ], [ 128.530189985184535, 35.820335952724797 ] ], [ [ 128.52978868527623, 35.820742219552713 ], [ 128.52978868527623, 35.820742219552727 ], [ 128.529733134386504, 35.820798455598528 ], [ 128.52978868527623, 35.820742219552713 ] ], [ [ 128.529621364391971, 35.820911618966974 ], [ 128.529621364392, 35.820911618967003 ], [ 128.529064636272693, 35.821475216429533 ], [ 128.529621364391971, 35.820911618966974 ] ], [ [ 128.529064636272693, 35.821475216429533 ], [ 128.529095520431383, 35.821574330611611 ], [ 128.529110447613277, 35.821578183511946 ], [ 128.529064636272693, 35.821475216429533 ] ], [ [ 128.529520097309302, 35.821695665653408 ], [ 128.529676510097659, 35.821743045267517 ], [ 128.529520097309302, 35.821695665653415 ], [ 128.529117352043727, 35.821580166345171 ], [ 128.529520097309302, 35.821695665653408 ] ], [ [ 128.530578358613127, 35.822003616648779 ], [ 128.530578358613155, 35.822003616648772 ], [ 128.530607385856854, 35.822012769845301 ], [ 128.530578358613127, 35.822003616648779 ] ], [ [ 128.530905545093873, 35.822097410733299 ], [ 128.530701559140482, 35.822040527539016 ], [ 128.530672804336632, 35.822032365520343 ], [ 128.530905545093873, 35.822097410733299 ] ], [ [ 128.531049449851963, 35.822149408052084 ], [ 128.531049449851963, 35.822149408052063 ], [ 128.531145277480306, 35.822181912424426 ], [ 128.531049449851963, 35.822149408052084 ] ], [ [ 128.531419138479237, 35.822296342273823 ], [ 128.531217023958192, 35.822205319075493 ], [ 128.531247707349593, 35.822218885687313 ], [ 128.531419138479237, 35.822296342273823 ] ], [ [ 128.531409323927534, 35.822303685097282 ], [ 128.531336364010457, 35.822326525738298 ], [ 128.531419138479237, 35.822296342273823 ], [ 128.531409323927534, 35.822303685097282 ] ], [ [ 128.531273443577334, 35.822328271395811 ], [ 128.531112727469662, 35.822363746440743 ], [ 128.531104155665673, 35.822360234200566 ], [ 128.531273443577334, 35.822328271395811 ] ], [ [ 128.531421457885727, 35.822312114128557 ], [ 128.531421457885699, 35.822312114128579 ], [ 128.53133739656181, 35.822339084127456 ], [ 128.531421457885727, 35.822312114128557 ] ], [ [ 128.531537112190847, 35.822349039718077 ], [ 128.531537112190847, 35.822349039718063 ], [ 128.531576423021818, 35.822367065088699 ], [ 128.531537112190847, 35.822349039718077 ] ], [ [ 128.531576423021818, 35.822367065088699 ], [ 128.531604653501233, 35.822380018186664 ], [ 128.531679649055178, 35.822412830499296 ], [ 128.531576423021818, 35.822367065088699 ] ], [ [ 128.531913612844477, 35.822523378891312 ], [ 128.531826049341447, 35.822483607328884 ], [ 128.531774275351552, 35.822457593358337 ], [ 128.531913612844477, 35.822523378891312 ] ], [ [ 128.532763606303575, 35.822852514397354 ], [ 128.532763606303547, 35.822852514397383 ], [ 128.532659695314521, 35.82286015731578 ], [ 128.532763606303575, 35.822852514397354 ] ], [ [ 128.533177722757614, 35.822968938038599 ], [ 128.533177722757586, 35.822968938038628 ], [ 128.533103603516025, 35.822948319053438 ], [ 128.533177722757614, 35.822968938038599 ] ], [ [ 128.533002481592348, 35.823098683485057 ], [ 128.533127212480224, 35.822990461274941 ], [ 128.533127212480252, 35.822990461274948 ], [ 128.533002481592348, 35.823098683485057 ] ], [ [ 128.534013643851807, 35.82355019632427 ], [ 128.533626250479756, 35.823376731681364 ], [ 128.533864509527433, 35.823483401873538 ], [ 128.534013643851807, 35.82355019632427 ] ], [ [ 128.535442520839212, 35.824189500290856 ], [ 128.535442520839212, 35.824189500290863 ], [ 128.535419839849055, 35.82417921025867 ], [ 128.535442520839212, 35.824189500290856 ] ], [ [ 128.535793815807835, 35.824311286123915 ], [ 128.535793815807835, 35.824311286123901 ], [ 128.536055563278353, 35.824362967857788 ], [ 128.535793815807835, 35.824311286123915 ] ], [ [ 128.536062936003191, 35.824364420370955 ], [ 128.537428549422714, 35.824638659847842 ], [ 128.536055563278353, 35.824362967857788 ], [ 128.536062936003191, 35.824364420370955 ] ], [ [ 128.539101461672146, 35.824980143027439 ], [ 128.539101461672146, 35.824980143027432 ], [ 128.53910229058522, 35.82498032646496 ], [ 128.539101461672146, 35.824980143027439 ] ], [ [ 128.540159864177326, 35.825237513546426 ], [ 128.540159864177326, 35.825237513546433 ], [ 128.540157181522375, 35.825237708833711 ], [ 128.540159864177326, 35.825237513546426 ] ], [ [ 128.54045473679389, 35.825304940429717 ], [ 128.54016098661009, 35.825255822150062 ], [ 128.540160421059738, 35.825246597154454 ], [ 128.54045473679389, 35.825304940429717 ] ], [ [ 128.540623274828306, 35.825332317634626 ], [ 128.540623274828306, 35.82533231763464 ], [ 128.54045473679389, 35.825304940429717 ], [ 128.540623274828306, 35.825332317634626 ] ], [ [ 128.540807724010392, 35.825417579492282 ], [ 128.540807724010392, 35.825417579492267 ], [ 128.540896765379756, 35.825462974930865 ], [ 128.540807724010392, 35.825417579492282 ] ], [ [ 128.540984057241275, 35.825507478428165 ], [ 128.540983556052453, 35.825557847118603 ], [ 128.540984057241246, 35.82550747842815 ], [ 128.540984057241275, 35.825507478428165 ] ] ] ] } },
{ "type": "Feature", "properties": { "sigungu_cd": "27200", "sigungu_nm": "남구" }, "geometry": { "type": "MultiPolygon", "coordinates": [ [ [ [ 128.607941752121548, 35.844195157140049 ], [ 128.605745072830075, 35.835363071531198 ], [ 128.607667829927749, 35.827108726688742 ], [ 128.606416740471047, 35.828605072542835 ], [ 128.60501067590522, 35.826676685141649 ], [ 128.600786940936132, 35.815694982748887 ], [ 128.594281160067339, 35.813079175038311 ], [ 128.589531776854216, 35.807935173469289 ], [ 128.584818802892414, 35.807469353828381 ], [ 128.582747830247001, 35.812106712288518 ], [ 128.579502080573718, 35.812153963267995 ], [ 128.57505427489852, 35.817268536563127 ], [ 128.571168611298276, 35.818905768082061 ], [ 128.571075740773637, 35.822027726226672 ], [ 128.568604298220805, 35.824930880036057 ], [ 128.567365794987779, 35.823536556149243 ], [ 128.563221367445408, 35.82448722183193 ], [ 128.558163941512049, 35.83287210836707 ], [ 128.555507069524936, 35.83440403043906 ], [ 128.562110142754307, 35.843550419397182 ], [ 128.573617588452777, 35.851135561990411 ], [ 128.574457526339586, 35.860058775227259 ], [ 128.582866948935902, 35.856331492894377 ], [ 128.594455761965492, 35.857202782740558 ], [ 128.598077241668079, 35.855528462773897 ], [ 128.608300949763674, 35.854896005471971 ], [ 128.607941752121548, 35.844195157140049 ] ], [ [ 128.582136658882206, 35.812343854743588 ], [ 128.582136658882206, 35.812343854743609 ], [ 128.582103397931661, 35.812212462781488 ], [ 128.582136658882206, 35.812343854743588 ] ], [ [ 128.582449718074628, 35.813355480716439 ], [ 128.582449718074628, 35.813355480716446 ], [ 128.582437726595685, 35.813346820617667 ], [ 128.582449718074628, 35.813355480716439 ] ], [ [ 128.584186060120459, 35.815357650949046 ], [ 128.584186060120459, 35.815357650949068 ], [ 128.583322326715916, 35.814249847860943 ], [ 128.584186060120459, 35.815357650949046 ] ], [ [ 128.584068369470089, 35.81607460947702 ], [ 128.584013320573945, 35.815899422675983 ], [ 128.584013320573945, 35.815899422675976 ], [ 128.584068369470089, 35.81607460947702 ] ], [ [ 128.585953703677291, 35.819328599712406 ], [ 128.586079667936446, 35.819417523741535 ], [ 128.585818160623404, 35.819151495431825 ], [ 128.585953703677291, 35.819328599712406 ] ], [ [ 128.586445390979065, 35.820753386921496 ], [ 128.586196836289929, 35.822188739081163 ], [ 128.586445390979065, 35.820753386921488 ], [ 128.586445390979065, 35.820753386921496 ] ], [ [ 128.588893848047263, 35.826087990404602 ], [ 128.589045329704618, 35.826466069733073 ], [ 128.588864388114388, 35.826014926550577 ], [ 128.588893848047263, 35.826087990404602 ] ], [ [ 128.589131083345421, 35.826678157012459 ], [ 128.589282072937493, 35.827053377371321 ], [ 128.589045329704618, 35.826466069733073 ], [ 128.589131083345421, 35.826678157012459 ] ], [ [ 128.589399972466737, 35.827345479234836 ], [ 128.589473278168697, 35.827529675037631 ], [ 128.589282072937493, 35.827053377371321 ], [ 128.589399972466737, 35.827345479234836 ] ], [ [ 128.589775220169429, 35.828280249660779 ], [ 128.589629404907839, 35.828466335303148 ], [ 128.589721243269622, 35.828146022316965 ], [ 128.589775220169429, 35.828280249660779 ] ], [ [ 128.589429512521946, 35.828815838744681 ], [ 128.589420770689571, 35.828826344353729 ], [ 128.589629404907839, 35.828466335303148 ], [ 128.589429512521946, 35.828815838744681 ] ], [ [ 128.589131736370348, 35.829613610671515 ], [ 128.589120977530087, 35.829644209986725 ], [ 128.589134502769468, 35.829605977589196 ], [ 128.589131736370348, 35.829613610671515 ] ], [ [ 128.588422338958964, 35.831621414474448 ], [ 128.588626580419685, 35.831735754316206 ], [ 128.588725105509269, 35.831785246655819 ], [ 128.588422338958964, 35.831621414474448 ] ], [ [ 128.588512203986909, 35.832040388241211 ], [ 128.588420108253587, 35.832173819122197 ], [ 128.588741876206342, 35.831785601658332 ], [ 128.588512203986909, 35.832040388241211 ] ], [ [ 128.588323317205464, 35.832426869486198 ], [ 128.58827476401629, 35.832538611949154 ], [ 128.588357566607186, 35.83227394657434 ], [ 128.588323317205464, 35.832426869486198 ] ], [ [ 128.588167099085524, 35.832775060640948 ], [ 128.588155428948653, 35.83278996934758 ], [ 128.588195291127136, 35.832713956944346 ], [ 128.588167099085524, 35.832775060640948 ] ], [ [ 128.58773393108072, 35.833644651800888 ], [ 128.587653139087479, 35.833774414463029 ], [ 128.58791885898529, 35.833502226946038 ], [ 128.58773393108072, 35.833644651800888 ] ], [ [ 128.587631220469945, 35.8339010902396 ], [ 128.587629196438513, 35.83390581817654 ], [ 128.587653139087479, 35.833774414463029 ], [ 128.587631220469945, 35.8339010902396 ] ], [ [ 128.587601926375072, 35.834107464834176 ], [ 128.587601926375072, 35.834107464834169 ], [ 128.587602046638239, 35.83410333497617 ], [ 128.587601926375072, 35.834107464834176 ] ], [ [ 128.587619254115623, 35.834202056189504 ], [ 128.587632070021471, 35.83426182588623 ], [ 128.587613478202115, 35.834170525737733 ], [ 128.587619254115623, 35.834202056189504 ] ], [ [ 128.587601721580569, 35.834653195097609 ], [ 128.587571485149482, 35.834752075307996 ], [ 128.58751721828645, 35.83489517750418 ], [ 128.587488772735099, 35.835012638042279 ], [ 128.58751721828645, 35.834895177504158 ], [ 128.587585045357145, 35.834687709958921 ], [ 128.587601721580569, 35.834653195097609 ] ], [ [ 128.587366261912251, 35.835323938919593 ], [ 128.587366261912251, 35.835323938919586 ], [ 128.587382744056299, 35.8352475460267 ], [ 128.587366261912251, 35.835323938919593 ] ], [ [ 128.587325529191958, 35.835477893579117 ], [ 128.587325529191986, 35.835477893579117 ], [ 128.58732241069103, 35.835504569444332 ], [ 128.587325529191958, 35.835477893579117 ] ], [ [ 128.587313126930781, 35.835574942050684 ], [ 128.587313126930781, 35.835574942050663 ], [ 128.587314037715061, 35.835568412227836 ], [ 128.587313126930781, 35.835574942050684 ] ], [ [ 128.587371551449593, 35.835741603445406 ], [ 128.587375674254702, 35.835802179707635 ], [ 128.587366167550897, 35.835730125158499 ], [ 128.587371551449593, 35.835741603445406 ] ], [ [ 128.587152592408302, 35.836568246459933 ], [ 128.58715176844035, 35.836576274830591 ], [ 128.587173986377906, 35.836525754376623 ], [ 128.587152592408302, 35.836568246459933 ] ], [ [ 128.586913528707214, 35.837485281907618 ], [ 128.586871462600072, 35.837555916327204 ], [ 128.586857581565454, 35.837573414262678 ], [ 128.58687668078511, 35.837503878390265 ], [ 128.586913528707214, 35.837485281907618 ] ], [ [ 128.586744180798974, 35.837844831049338 ], [ 128.58669543902559, 35.83791240946622 ], [ 128.586754424423475, 35.837813985221587 ], [ 128.586744180798974, 35.837844831049338 ] ], [ [ 128.586629942753575, 35.838130401959667 ], [ 128.586605641008305, 35.838195532190909 ], [ 128.586652878984012, 35.838055425410353 ], [ 128.586629942753575, 35.838130401959667 ] ], [ [ 128.586544637805844, 35.838345532164013 ], [ 128.586532356055358, 35.838394715781135 ], [ 128.586605641008305, 35.838195532190909 ], [ 128.586544637805844, 35.838345532164013 ] ], [ [ 128.586391293752854, 35.838622667337496 ], [ 128.586389423860993, 35.838627460984718 ], [ 128.586472051796591, 35.838575162190928 ], [ 128.586391293752854, 35.838622667337496 ] ], [ [ 128.586441200155463, 35.83863975605697 ], [ 128.586524217785183, 35.838585553413296 ], [ 128.586440377174739, 35.838640510261065 ], [ 128.586441200155463, 35.83863975605697 ] ], [ [ 128.586467219382826, 35.838674201372662 ], [ 128.586448579407175, 35.83868387759756 ], [ 128.586502584806084, 35.838639760726707 ], [ 128.586467219382826, 35.838674201372662 ] ], [ [ 128.586322951113459, 35.838810564434205 ], [ 128.586318192438739, 35.838802357480553 ], [ 128.586318192438739, 35.838802357480546 ], [ 128.586322951113459, 35.838810564434205 ] ], [ [ 128.586904295239947, 35.839008143106973 ], [ 128.586976955020958, 35.839000363617863 ], [ 128.586834399077162, 35.839001696897675 ], [ 128.586904295239947, 35.839008143106973 ] ], [ [ 128.587038345817604, 35.839001368418288 ], [ 128.587095784317938, 35.839003384165352 ], [ 128.586976955020958, 35.839000363617863 ], [ 128.587038345817604, 35.839001368418288 ] ], [ [ 128.5873306180344, 35.839060632373894 ], [ 128.587379918993719, 35.839066525151743 ], [ 128.587308506331482, 35.83905269385825 ], [ 128.5873306180344, 35.839060632373894 ] ], [ [ 128.587428926902788, 35.839056392759467 ], [ 128.587428926902817, 35.839056392759467 ], [ 128.587379918993719, 35.839066525151743 ], [ 128.587428926902788, 35.839056392759467 ] ], [ [ 128.58813613061335, 35.839200845202619 ], [ 128.588248933656843, 35.839233245294523 ], [ 128.587852362039513, 35.839136493395998 ], [ 128.58813613061335, 35.839200845202619 ] ], [ [ 128.588621000929493, 35.83933139882204 ], [ 128.588892059624499, 35.839432998713953 ], [ 128.589055162263776, 35.839486686910831 ], [ 128.589180957614957, 35.839520342846228 ], [ 128.588621000929493, 35.83933139882204 ] ], [ [ 128.589474152627417, 35.839564495449885 ], [ 128.589527911923597, 35.839577124090795 ], [ 128.589367643659301, 35.839557816886156 ], [ 128.589474152627417, 35.839564495449885 ] ], [ [ 128.591153719958101, 35.839871356285407 ], [ 128.591191870904936, 35.839888943647601 ], [ 128.59123521892468, 35.839890326307 ], [ 128.591191870904936, 35.839888943647608 ], [ 128.591153719958101, 35.839871356285421 ], [ 128.591079991632085, 35.839865174359716 ], [ 128.591153719958101, 35.839871356285407 ] ], [ [ 128.591341405192964, 35.839917005083819 ], [ 128.591418926328117, 35.840061567974487 ], [ 128.591424201585795, 35.840078052844291 ], [ 128.591341405192964, 35.839917005083819 ] ], [ [ 128.591575137833729, 35.840560354247096 ], [ 128.591664254168251, 35.840766286242115 ], [ 128.591525945722793, 35.840393221784595 ], [ 128.591575137833729, 35.840560354247096 ] ], [ [ 128.591704835393784, 35.84087315906983 ], [ 128.591725491347887, 35.840926288860182 ], [ 128.591664254168251, 35.840766286242115 ], [ 128.591704835393784, 35.84087315906983 ] ], [ [ 128.591846871333843, 35.841208302596051 ], [ 128.591933072509306, 35.841378697358195 ], [ 128.591834925617093, 35.841185329636602 ], [ 128.591846871333843, 35.841208302596051 ] ], [ [ 128.592027432733914, 35.841602734918247 ], [ 128.592079666592525, 35.841798636236732 ], [ 128.592001524740937, 35.84150722282795 ], [ 128.592027432733914, 35.841602734918247 ] ], [ [ 128.592111411804922, 35.841917104873168 ], [ 128.592115789619044, 35.841926980230021 ], [ 128.592079666592525, 35.841798636236732 ], [ 128.592111411804922, 35.841917104873168 ] ], [ [ 128.592272851819814, 35.842496380076362 ], [ 128.592302041336666, 35.842601789922917 ], [ 128.592258657249488, 35.842443347557953 ], [ 128.592272851819814, 35.842496380076362 ] ], [ [ 128.592310732815491, 35.842819010513956 ], [ 128.591890464614778, 35.842813649548994 ], [ 128.592320749121484, 35.842818639926335 ], [ 128.592310732815491, 35.842819010513956 ] ], [ [ 128.591794111067998, 35.842814102003373 ], [ 128.591268171697095, 35.842818250452588 ], [ 128.591066542089038, 35.842820339928529 ], [ 128.591794111067998, 35.842814102003373 ] ], [ [ 128.591058184185243, 35.842820426541003 ], [ 128.590987679183399, 35.842813273203639 ], [ 128.591058184185272, 35.842820426541003 ], [ 128.591058184185243, 35.842820426541003 ] ], [ [ 128.590987679183399, 35.842813273203639 ], [ 128.59098460054733, 35.842600866321561 ], [ 128.590983041947254, 35.842510222804272 ], [ 128.590987679183399, 35.842813273203639 ] ], [ [ 128.590980942604119, 35.842384888523689 ], [ 128.590980942604148, 35.842384888523682 ], [ 128.590981414118488, 35.842412664076399 ], [ 128.590980942604119, 35.842384888523689 ] ], [ [ 128.590959628356956, 35.842388357614325 ], [ 128.590917357674698, 35.842394594035589 ], [ 128.59097757537981, 35.842385336657607 ], [ 128.590959628356956, 35.842388357614325 ] ], [ [ 128.59071327754225, 35.842462048844673 ], [ 128.590636981070361, 35.842476910944562 ], [ 128.590797088891804, 35.842449492524828 ], [ 128.59071327754225, 35.842462048844673 ] ], [ [ 128.590491466093084, 35.842799635866037 ], [ 128.590478673664308, 35.842807604186056 ], [ 128.590491466093084, 35.842799635866008 ], [ 128.590491466093084, 35.842799635866037 ] ], [ [ 128.590477432732172, 35.842837881767117 ], [ 128.5904774327322, 35.842837881767117 ], [ 128.590482099199363, 35.84355546877832 ], [ 128.590477432732172, 35.842837881767117 ] ], [ [ 128.590508636351814, 35.845015873133413 ], [ 128.590508636351814, 35.84501587313342 ], [ 128.590482099199363, 35.84355546877832 ], [ 128.590508636351814, 35.845015873133413 ] ], [ [ 128.590506544453604, 35.845193942869429 ], [ 128.590506544453604, 35.845193942869422 ], [ 128.590508062888887, 35.845030480345002 ], [ 128.590506544453604, 35.845193942869429 ] ], [ [ 128.590533454088273, 35.847663786589841 ], [ 128.590701312993986, 35.84766614749843 ], [ 128.590527093577663, 35.847068529159394 ], [ 128.590533454088273, 35.847663786589841 ] ], [ [ 128.590746010095899, 35.847741308239016 ], [ 128.590746010095899, 35.847741308239023 ], [ 128.590723245936175, 35.847742950679624 ], [ 128.590746010095899, 35.847741308239016 ] ], [ [ 128.590753921909339, 35.847754754802978 ], [ 128.590769257506082, 35.847779690561971 ], [ 128.590749651953075, 35.847747497776467 ], [ 128.590753921909339, 35.847754754802978 ] ], [ [ 128.590818650650164, 35.847805301473464 ], [ 128.59085711882571, 35.847824799951113 ], [ 128.590769257506082, 35.847779690561971 ], [ 128.590818650650164, 35.847805301473464 ] ], [ [ 128.590873348698835, 35.847830416780646 ], [ 128.590918605922866, 35.847845225611707 ], [ 128.590858176385183, 35.847825335999403 ], [ 128.590873348698835, 35.847830416780646 ] ], [ [ 128.591084577069296, 35.84788216672807 ], [ 128.591117658062615, 35.847812406240443 ], [ 128.591071812991686, 35.847895227227717 ], [ 128.591084577069296, 35.84788216672807 ] ], [ [ 128.591142659053133, 35.847798360099887 ], [ 128.591161098780589, 35.847788031715325 ], [ 128.591117658062615, 35.847812406240443 ], [ 128.591142659053133, 35.847798360099887 ] ], [ [ 128.591253388159259, 35.848002500391026 ], [ 128.591261610841713, 35.848017939731577 ], [ 128.591208930854577, 35.847919037628891 ], [ 128.591253388159259, 35.848002500391026 ] ], [ [ 128.591422155835346, 35.848213084243689 ], [ 128.591431630150566, 35.848231569495297 ], [ 128.591416446288235, 35.848206125078782 ], [ 128.591422155835346, 35.848213084243689 ] ], [ [ 128.591438529325245, 35.848245044148491 ], [ 128.591439752444217, 35.8482474267783 ], [ 128.591436243516625, 35.848240576479036 ], [ 128.591438529325245, 35.848245044148491 ] ], [ [ 128.591528932480628, 35.848353060237699 ], [ 128.5915289324806, 35.848353060237692 ], [ 128.591525785496742, 35.848349692773944 ], [ 128.591528932480628, 35.848353060237699 ] ], [ [ 128.591900522542204, 35.848487783450047 ], [ 128.591900522594614, 35.848487783473111 ], [ 128.591900522444007, 35.848487783403471 ], [ 128.591900522542204, 35.848487783450047 ] ], [ [ 128.591949494562584, 35.848509336863032 ], [ 128.591961963150055, 35.84851498809239 ], [ 128.591949494504291, 35.848509336837374 ], [ 128.591949494562584, 35.848509336863032 ] ], [ [ 128.591995725048548, 35.848534784095136 ], [ 128.592041281880682, 35.848557154184554 ], [ 128.592058863919647, 35.848565782491377 ], [ 128.591995725048548, 35.848534784095136 ] ], [ [ 128.592093377179651, 35.84858271960632 ], [ 128.592093377146938, 35.848582719702982 ], [ 128.592093377146909, 35.848582719702968 ], [ 128.592093377179651, 35.84858271960632 ] ], [ [ 128.592152514987333, 35.848407503012886 ], [ 128.592131344726823, 35.848470968606314 ], [ 128.592134120515595, 35.848462875877686 ], [ 128.592136605349026, 35.848455395003874 ], [ 128.592152514987333, 35.848407503012886 ] ], [ [ 128.59231018932681, 35.847937996121424 ], [ 128.592364702500333, 35.847777210502379 ], [ 128.592255590615792, 35.848098150548608 ], [ 128.59231018932681, 35.847937996121424 ] ], [ [ 128.592597351216199, 35.847798784959572 ], [ 128.592683731252322, 35.847804418660502 ], [ 128.592364702500333, 35.847777210502379 ], [ 128.592597351216199, 35.847798784959572 ] ], [ [ 128.592944635392854, 35.847822713427668 ], [ 128.593090076024168, 35.84783179660996 ], [ 128.592857373340678, 35.84781638289455 ], [ 128.592944635392854, 35.847822713427668 ] ], [ [ 128.593382137427966, 35.847850822636246 ], [ 128.593401259942567, 35.847851933013835 ], [ 128.593298405341613, 35.847845437214922 ], [ 128.593382137427966, 35.847850822636246 ] ], [ [ 128.593703681604154, 35.847871155662041 ], [ 128.593886275993185, 35.847883761632509 ], [ 128.593556526870998, 35.847861715918569 ], [ 128.593703681604154, 35.847871155662041 ] ], [ [ 128.594264118621425, 35.847906582259974 ], [ 128.594362109280297, 35.847912070025124 ], [ 128.594232167499911, 35.847904725564746 ], [ 128.594264118621425, 35.847906582259974 ] ], [ [ 128.594474901402094, 35.847918192342561 ], [ 128.594487048911361, 35.847930021762757 ], [ 128.594454450874451, 35.847917155209622 ], [ 128.594474901402094, 35.847918192342561 ] ], [ [ 128.594896084769971, 35.84835683859346 ], [ 128.594930870338061, 35.848394943714219 ], [ 128.594852680416437, 35.848324373126026 ], [ 128.594896084769971, 35.84835683859346 ] ], [ [ 128.595005246086515, 35.848471098076381 ], [ 128.595102844384456, 35.848567122241192 ], [ 128.594988238243531, 35.848452286502166 ], [ 128.595005246086515, 35.848471098076381 ] ], [ [ 128.595169285327415, 35.848623386249365 ], [ 128.595177146174365, 35.848657840349929 ], [ 128.595102844384456, 35.848567122241192 ], [ 128.595169285327415, 35.848623386249365 ] ], [ [ 128.595309156323196, 35.848724302715802 ], [ 128.595349319625541, 35.848743355565134 ], [ 128.595302939317122, 35.848721316610508 ], [ 128.595309156323196, 35.848724302715802 ] ], [ [ 128.595396583590173, 35.84876577601036 ], [ 128.595413306695775, 35.848779432290478 ], [ 128.595349319625541, 35.848743355565134 ], [ 128.595396583590173, 35.84876577601036 ] ], [ [ 128.595418283184443, 35.848884624287024 ], [ 128.595414988881231, 35.848890405306314 ], [ 128.595423067536103, 35.848876044321287 ], [ 128.595418283184443, 35.848884624287024 ] ], [ [ 128.595387672995003, 35.848980647544614 ], [ 128.595387249776962, 35.848983322809332 ], [ 128.595389546500314, 35.848970998258146 ], [ 128.595387672995003, 35.848980647544614 ] ], [ [ 128.595468059646578, 35.849206843006229 ], [ 128.595473747328754, 35.849222471767845 ], [ 128.595446402616261, 35.849141147255025 ], [ 128.595468059646578, 35.849206843006229 ] ], [ [ 128.595508220340378, 35.849265559541486 ], [ 128.595533545739983, 35.849307264539227 ], [ 128.595473747328754, 35.849222471767845 ], [ 128.595508220340378, 35.849265559541486 ] ], [ [ 128.595657057907999, 35.849384152244227 ], [ 128.595711375640775, 35.849423593845984 ], [ 128.595643923808296, 35.849376510404085 ], [ 128.595657057907999, 35.849384152244227 ] ], [ [ 128.595714360029035, 35.849426641114775 ], [ 128.595721027644515, 35.849427019618538 ], [ 128.595711375640775, 35.849423593845984 ], [ 128.595714360029035, 35.849426641114775 ] ], [ [ 128.594680104930092, 35.856413323700529 ], [ 128.59468010493012, 35.856413323700522 ], [ 128.594719767687707, 35.85648499767165 ], [ 128.594680104930092, 35.856413323700529 ] ], [ [ 128.594585941587411, 35.856297609750641 ], [ 128.594585941587411, 35.856297609750634 ], [ 128.594607014118026, 35.856316150569889 ], [ 128.594585941587411, 35.856297609750641 ] ], [ [ 128.594587122080327, 35.856153234632671 ], [ 128.594587122080327, 35.856153234632679 ], [ 128.594585272885325, 35.856157369383588 ], [ 128.594587122080327, 35.856153234632671 ] ], [ [ 128.5941707796608, 35.855360010093264 ], [ 128.594132880612563, 35.855278616543401 ], [ 128.594204916422825, 35.855495815783783 ], [ 128.5941707796608, 35.855360010093264 ] ], [ [ 128.593874157685036, 35.855125654475948 ], [ 128.593903977015373, 35.855154712557933 ], [ 128.593874157685036, 35.85512565447597 ], [ 128.593874157685036, 35.855125654475948 ] ], [ [ 128.593860238266927, 35.854782467969883 ], [ 128.593860238266927, 35.854782467969891 ], [ 128.593860003986379, 35.854897456782247 ], [ 128.593860238266927, 35.854782467969883 ] ], [ [ 128.5939073027711, 35.854777418421762 ], [ 128.593941051675444, 35.854711354600539 ], [ 128.593863649866847, 35.85478210102017 ], [ 128.5939073027711, 35.854777418421762 ] ], [ [ 128.593928562298458, 35.854575422804182 ], [ 128.593928562298458, 35.854575422804196 ], [ 128.593917138126983, 35.854594778810934 ], [ 128.593928562298458, 35.854575422804182 ] ], [ [ 128.594072036121105, 35.854454196421301 ], [ 128.594037367820903, 35.854459819799466 ], [ 128.594037367820931, 35.854459819799459 ], [ 128.594072036121105, 35.854454196421301 ] ], [ [ 128.593919947399002, 35.854229694732503 ], [ 128.593919947399002, 35.854229694732496 ], [ 128.593975338550933, 35.854334598027805 ], [ 128.593919947399002, 35.854229694732503 ] ], [ [ 128.59397415986902, 35.853915876435138 ], [ 128.593947727671491, 35.853964868504931 ], [ 128.59397415986902, 35.853915876435131 ], [ 128.59397415986902, 35.853915876435138 ] ], [ [ 128.593946277702173, 35.853765778954013 ], [ 128.59396858343564, 35.853885856938909 ], [ 128.593946277702173, 35.853765778954021 ], [ 128.593946277702173, 35.853765778954013 ] ], [ [ 128.593995781135561, 35.853620014509872 ], [ 128.594064110827674, 35.853410872349336 ], [ 128.59407925874828, 35.853362535950602 ], [ 128.594089580712733, 35.85331189403103 ], [ 128.594105435197434, 35.853235792715893 ], [ 128.59407925874828, 35.853362535950609 ], [ 128.594046709032682, 35.853488626698187 ], [ 128.593995781135561, 35.853620014509872 ] ], [ [ 128.594317712578061, 35.85294263470189 ], [ 128.594317712578061, 35.852942634701904 ], [ 128.594288380216199, 35.852958335908411 ], [ 128.594317712578061, 35.85294263470189 ] ], [ [ 128.594495846418852, 35.852807898397927 ], [ 128.594806272911939, 35.852596499200843 ], [ 128.594882120828316, 35.852557407561967 ], [ 128.594585771799473, 35.852759887254592 ], [ 128.594495846418852, 35.852807898397927 ] ], [ [ 128.595274151624523, 35.852028621908708 ], [ 128.595204520557473, 35.85207634169182 ], [ 128.59525656028427, 35.85203964774113 ], [ 128.595274151624523, 35.852028621908708 ] ], [ [ 128.595420360204315, 35.851960288061449 ], [ 128.595420360204287, 35.85196028806147 ], [ 128.595427466557936, 35.851943734287431 ], [ 128.595420360204315, 35.851960288061449 ] ], [ [ 128.595246922496727, 35.850436942519892 ], [ 128.595246922496727, 35.850436942519913 ], [ 128.595231386340203, 35.850474832365364 ], [ 128.595246922496727, 35.850436942519892 ] ], [ [ 128.595352973045181, 35.850276140541489 ], [ 128.595363653688025, 35.85026129710014 ], [ 128.595299180509471, 35.850358815761389 ], [ 128.595352973045181, 35.850276140541489 ] ], [ [ 128.595430758898772, 35.850163675810855 ], [ 128.595430758898772, 35.850163675810869 ], [ 128.595409514870795, 35.850200771325731 ], [ 128.595430758898772, 35.850163675810855 ] ], [ [ 128.595712223996401, 35.84998287264834 ], [ 128.595712223996401, 35.849982872648347 ], [ 128.595689551085229, 35.849991925692372 ], [ 128.595712223996401, 35.84998287264834 ] ] ] ] } },
{ "type": "Feature", "properties": { "sigungu_cd": "27710", "sigungu_nm": "달성군" }, "geometry": { "type": "MultiPolygon", "coordinates": [ [ [ [ 128.458029657296095, 35.640504130151072 ], [ 128.455333856994173, 35.639602845284266 ], [ 128.454292038412319, 35.6373912958286 ], [ 128.451147359549282, 35.636929031289391 ], [ 128.444295016955408, 35.638508489363012 ], [ 128.443541994458343, 35.635013838143941 ], [ 128.439716481599078, 35.634789796106162 ], [ 128.438235075933704, 35.630743469606408 ], [ 128.435181284929939, 35.630978012949711 ], [ 128.428564115806438, 35.621888890786508 ], [ 128.422823632417618, 35.625581641341824 ], [ 128.420322770857126, 35.625439740592149 ], [ 128.416584635668414, 35.620063087655637 ], [ 128.416147581026109, 35.621842299090318 ], [ 128.414215804557585, 35.622353824354683 ], [ 128.412191919294656, 35.618535121166275 ], [ 128.407803804409184, 35.615624414452022 ], [ 128.403946306751493, 35.614689792032735 ], [ 128.400569894787452, 35.617796119557894 ], [ 128.400398892667823, 35.615700570716648 ], [ 128.396780261695994, 35.616487299939877 ], [ 128.385126120507067, 35.610708533014936 ], [ 128.38174681395293, 35.610523457158429 ], [ 128.379734352520387, 35.607225906216918 ], [ 128.377526966261655, 35.60992718533705 ], [ 128.375161674385168, 35.607542502526577 ], [ 128.367813244319336, 35.611174164475287 ], [ 128.38403462686486, 35.617229264153856 ], [ 128.396887542012138, 35.63146217677005 ], [ 128.396572871034351, 35.63319576265598 ], [ 128.39933085827866, 35.633269882812506 ], [ 128.397805441900118, 35.633387921664578 ], [ 128.396568557753909, 35.644601756529987 ], [ 128.394534190432609, 35.647899771153547 ], [ 128.369710147361985, 35.666235057616255 ], [ 128.354876230993739, 35.682136791354765 ], [ 128.350060124764866, 35.69578857089693 ], [ 128.350859749858813, 35.705316635409268 ], [ 128.353838971554723, 35.707298336817246 ], [ 128.363486341149297, 35.707203926266843 ], [ 128.373214497273977, 35.703496148153185 ], [ 128.376702425455306, 35.700518409498564 ], [ 128.395313853608741, 35.699314520000705 ], [ 128.396041854906088, 35.697047140263358 ], [ 128.405312949706882, 35.696304564964329 ], [ 128.406155554450493, 35.693929772176787 ], [ 128.42000109923373, 35.693525227181624 ], [ 128.426099352247604, 35.697871146295824 ], [ 128.425018212795891, 35.699012042341231 ], [ 128.432707513660972, 35.70650380469295 ], [ 128.435609049376495, 35.706605866255479 ], [ 128.435994767494918, 35.720794273896743 ], [ 128.432736527298289, 35.719752750165462 ], [ 128.430891106394455, 35.726187742223331 ], [ 128.427534099380921, 35.726222555525482 ], [ 128.425918705103101, 35.729516704887608 ], [ 128.423104426380235, 35.729545778060604 ], [ 128.420945779754163, 35.732845545952522 ], [ 128.415947707115265, 35.734563795259014 ], [ 128.415972551997783, 35.73617417628251 ], [ 128.410965451074162, 35.737332863918326 ], [ 128.410998790327085, 35.739502504555382 ], [ 128.405967851443592, 35.73955378534469 ], [ 128.395997948944313, 35.744399418462429 ], [ 128.396025423833493, 35.746209493428609 ], [ 128.392989134189691, 35.746240085517741 ], [ 128.386101627595764, 35.754651708555841 ], [ 128.386222717495372, 35.762695219769917 ], [ 128.388048038716846, 35.76595434094282 ], [ 128.391298028403213, 35.765921744033122 ], [ 128.392560786608612, 35.77231268453221 ], [ 128.395917899898052, 35.769767514662156 ], [ 128.396473161021788, 35.775702016690012 ], [ 128.401499751483641, 35.775651221457423 ], [ 128.401649657529646, 35.785482063581973 ], [ 128.403544017527537, 35.788740340728317 ], [ 128.406727035408494, 35.788708025711919 ], [ 128.406805162674459, 35.793809752794246 ], [ 128.409922381266625, 35.798507855877887 ], [ 128.41262716809922, 35.798133083699817 ], [ 128.410735742716213, 35.801089554732691 ], [ 128.412440296609049, 35.802824437657513 ], [ 128.415771732990777, 35.802814900591024 ], [ 128.415785944870635, 35.806092006142748 ], [ 128.420815815841991, 35.8063040870259 ], [ 128.420829238357584, 35.809354623887302 ], [ 128.440945337670286, 35.809294205209184 ], [ 128.441028662634778, 35.806016689263529 ], [ 128.46646744474171, 35.805935430357117 ], [ 128.466095642375734, 35.809215712743622 ], [ 128.473378704819396, 35.812466917807242 ], [ 128.479922064248143, 35.818999167692986 ], [ 128.479125933774128, 35.829029240873695 ], [ 128.48417858566367, 35.83114958047625 ], [ 128.486516103806139, 35.824585384938615 ], [ 128.482781116988718, 35.81560101331587 ], [ 128.490128216052, 35.82019196517286 ], [ 128.502433354806413, 35.816996771372338 ], [ 128.512673457876588, 35.811043727770553 ], [ 128.513321737944693, 35.80971398577271 ], [ 128.508472880679761, 35.807798995985202 ], [ 128.507871928911356, 35.806082575009846 ], [ 128.510959584774554, 35.804662192196112 ], [ 128.514547207138207, 35.805705044128636 ], [ 128.514018497877004, 35.803980843168773 ], [ 128.517334266783081, 35.798315024798605 ], [ 128.524134991290595, 35.792502677589745 ], [ 128.527272905892744, 35.792793137167052 ], [ 128.528679318557636, 35.788026113283699 ], [ 128.537031475701156, 35.786592747803631 ], [ 128.541258163398453, 35.789582260381991 ], [ 128.541918642289545, 35.787301394442224 ], [ 128.545860061935002, 35.78555994229562 ], [ 128.548763986254386, 35.780127264318558 ], [ 128.553220049834295, 35.777286315985037 ], [ 128.553573189785624, 35.773292185409005 ], [ 128.553248208511803, 35.772684358836777 ], [ 128.552951014384718, 35.772015124377177 ], [ 128.552445304103742, 35.770677822326796 ], [ 128.552355870546535, 35.769706188694009 ], [ 128.551066999340208, 35.768794319982554 ], [ 128.54982562372885, 35.766060576307581 ], [ 128.54978469172201, 35.765267372437542 ], [ 128.550076682343644, 35.764673946666697 ], [ 128.550004458960132, 35.763969993712756 ], [ 128.549984824065945, 35.763605272197381 ], [ 128.55044082534431, 35.762871080895508 ], [ 128.551108079901212, 35.762306664219523 ], [ 128.551645258322083, 35.762075510348765 ], [ 128.552000685427316, 35.761731261498902 ], [ 128.551503350508739, 35.761070926899592 ], [ 128.550330821056718, 35.760618872658874 ], [ 128.549459528857767, 35.760122074368851 ], [ 128.547504943613177, 35.758888997479929 ], [ 128.546825235695167, 35.758202755960284 ], [ 128.544729609787055, 35.757836054855133 ], [ 128.544021211602001, 35.7574603334252 ], [ 128.543386338921749, 35.757445173850805 ], [ 128.542080204188807, 35.756955353645061 ], [ 128.540964520146929, 35.75684704706913 ], [ 128.539815098790228, 35.756464078179107 ], [ 128.536846208906354, 35.754179618115685 ], [ 128.536448298718597, 35.753565055345241 ], [ 128.530757742183596, 35.754326530703835 ], [ 128.52953862573861, 35.756547125681621 ], [ 128.529243508819292, 35.756716846877573 ], [ 128.530757742183511, 35.75432653070385 ], [ 128.533400874176067, 35.753634638856326 ], [ 128.53644829871854, 35.753565055345241 ], [ 128.535462255040954, 35.749964352911718 ], [ 128.536100690115461, 35.746146918768083 ], [ 128.536470968883918, 35.744759296559813 ], [ 128.536922757853119, 35.743570913163872 ], [ 128.536995689771686, 35.742122197601908 ], [ 128.539344703503218, 35.735616189526894 ], [ 128.535462255042091, 35.74996435291159 ], [ 128.536846208907434, 35.754179618115614 ], [ 128.539815098791252, 35.756464078179057 ], [ 128.542080204190029, 35.756955353644997 ], [ 128.543386338922886, 35.757445173850797 ], [ 128.544021211603109, 35.757460333425207 ], [ 128.544729609788192, 35.757836054855048 ], [ 128.546825235696303, 35.758202755960276 ], [ 128.547504943614285, 35.758888997479922 ], [ 128.551503350509904, 35.761070926899521 ], [ 128.55189764200864, 35.761416356287249 ], [ 128.55200068542851, 35.761731261498888 ], [ 128.551645258323248, 35.762075510348744 ], [ 128.550440825345333, 35.762871080895458 ], [ 128.549984824066996, 35.76360527219736 ], [ 128.550076682344809, 35.764673946666683 ], [ 128.549825623730015, 35.766060576307524 ], [ 128.552355870547643, 35.769706188694002 ], [ 128.553573189786789, 35.773292185408941 ], [ 128.563723925417662, 35.773530040787691 ], [ 128.570262992433044, 35.779617541838405 ], [ 128.569465324683932, 35.789361448637251 ], [ 128.567177413146879, 35.794742872353147 ], [ 128.569610601083269, 35.797115328632266 ], [ 128.576556959276161, 35.795646756517364 ], [ 128.585373510074106, 35.798585556954365 ], [ 128.588195927621939, 35.807211490742155 ], [ 128.591559559751659, 35.808897158663122 ], [ 128.598397973909073, 35.805265681575335 ], [ 128.602425408984033, 35.805865181033028 ], [ 128.616876324856804, 35.802222460019301 ], [ 128.620520006087133, 35.805472797513055 ], [ 128.626336977516672, 35.804467319402995 ], [ 128.629070198030661, 35.80199906709143 ], [ 128.634499751069228, 35.803109448430199 ], [ 128.644398335913849, 35.801477846550789 ], [ 128.649147927063865, 35.802837220634615 ], [ 128.651276064187812, 35.802331967644186 ], [ 128.653455156456658, 35.798807337459117 ], [ 128.666545857619752, 35.796901174418807 ], [ 128.669101588881261, 35.794741100332175 ], [ 128.674808747723347, 35.794651040209637 ], [ 128.681499069260269, 35.790932243957251 ], [ 128.681813858755589, 35.782653385013916 ], [ 128.687037517919549, 35.775480573492885 ], [ 128.686007141042069, 35.768687127039982 ], [ 128.689240045750296, 35.76711791695115 ], [ 128.691286610392609, 35.763919675392707 ], [ 128.690845066505744, 35.760155892129099 ], [ 128.695669342434428, 35.755626456104032 ], [ 128.692252948330065, 35.746629024847657 ], [ 128.694083735240184, 35.742977635264026 ], [ 128.688569929397659, 35.737208829219362 ], [ 128.691446553272641, 35.732233139813239 ], [ 128.690002409695012, 35.729448999688437 ], [ 128.682899215477846, 35.724980282746465 ], [ 128.682757114138184, 35.720814210905822 ], [ 128.672944082046797, 35.720237394553223 ], [ 128.670279391781463, 35.718147815430534 ], [ 128.660558043340671, 35.719491317331304 ], [ 128.656310103405502, 35.717489972322724 ], [ 128.653133881363914, 35.713444582878026 ], [ 128.646489754506291, 35.710709808937573 ], [ 128.645801340457666, 35.707763329265383 ], [ 128.637375383420107, 35.705139893418902 ], [ 128.630352945113117, 35.7064783424537 ], [ 128.623516858928213, 35.702014476057357 ], [ 128.619297862741774, 35.702514724752348 ], [ 128.619345368892368, 35.704181146567748 ], [ 128.613266529897231, 35.709866421709222 ], [ 128.613454859480555, 35.713809541840561 ], [ 128.616465182135443, 35.71640466723349 ], [ 128.615734693280416, 35.719150752359205 ], [ 128.609552142464537, 35.724611777428173 ], [ 128.61464389142543, 35.730021832655758 ], [ 128.613457141654152, 35.732104146104327 ], [ 128.614609489849784, 35.736425099247484 ], [ 128.613134322757247, 35.738049476805188 ], [ 128.606852463213386, 35.73870663451742 ], [ 128.598809315641574, 35.735380687784563 ], [ 128.593015680996842, 35.736123691245204 ], [ 128.590949487150226, 35.731785333993471 ], [ 128.588351833886122, 35.730635411169402 ], [ 128.581196910987842, 35.73754936152703 ], [ 128.570631932069546, 35.733708697471307 ], [ 128.563645488288216, 35.735863385343698 ], [ 128.560066735087617, 35.728943944640648 ], [ 128.551526048332363, 35.725750421962914 ], [ 128.545181606731347, 35.721746304522142 ], [ 128.543152290364446, 35.718558285479645 ], [ 128.532384933020836, 35.7156111253204 ], [ 128.527507080675491, 35.71084777354676 ], [ 128.532964940784638, 35.702254193412941 ], [ 128.530975689527054, 35.695463665596399 ], [ 128.53425933904802, 35.693016135878302 ], [ 128.530134229240559, 35.686875579704925 ], [ 128.53052003568618, 35.682359591752032 ], [ 128.527025923793957, 35.682695106022813 ], [ 128.517115539039821, 35.679150325682087 ], [ 128.51372582427075, 35.675186616506551 ], [ 128.507138501844935, 35.674195507109218 ], [ 128.505917694833158, 35.672482453469783 ], [ 128.507427089619767, 35.667245261947095 ], [ 128.504933737937421, 35.666405831959842 ], [ 128.507340256266559, 35.666750749543105 ], [ 128.507378866804487, 35.664954680810411 ], [ 128.505114421489509, 35.654918348146083 ], [ 128.503675210692421, 35.654457114168771 ], [ 128.50538668130821, 35.651935969423882 ], [ 128.504854954628797, 35.649384724831087 ], [ 128.508549697188585, 35.644869077490512 ], [ 128.505913922568311, 35.640760010671336 ], [ 128.503018499411468, 35.638703764317434 ], [ 128.493659338476078, 35.63866378347263 ], [ 128.487104686775126, 35.635535817645611 ], [ 128.479388080686135, 35.634598873751223 ], [ 128.475593498921, 35.640186823194995 ], [ 128.467227779939719, 35.636507691286944 ], [ 128.464035740492932, 35.636660606921062 ], [ 128.458029657296095, 35.640504130151072 ] ], [ [ 128.441814866717323, 35.719132713393343 ], [ 128.441814866717294, 35.719132713393329 ], [ 128.441828610266384, 35.719121867019837 ], [ 128.441814866717323, 35.719132713393343 ] ], [ [ 128.442107185517216, 35.719024803964565 ], [ 128.442107185517301, 35.719024803964565 ], [ 128.442002249382369, 35.719059091290589 ], [ 128.442107185517216, 35.719024803964565 ] ], [ [ 128.442431087810462, 35.718985112473156 ], [ 128.44359369273846, 35.719191893062288 ], [ 128.44312226494165, 35.719162966604053 ], [ 128.442431087810462, 35.718985112473156 ] ], [ [ 128.444747042953225, 35.71949869521319 ], [ 128.443995366698488, 35.719315460049465 ], [ 128.444309183053747, 35.719413320714985 ], [ 128.444747042953225, 35.71949869521319 ] ], [ [ 128.445561705962177, 35.7187607082586 ], [ 128.445561705962234, 35.718760708258557 ], [ 128.445653087383732, 35.719870559814872 ], [ 128.445561705962177, 35.7187607082586 ] ], [ [ 128.445528489626923, 35.718409974777146 ], [ 128.445855889521482, 35.718216085078687 ], [ 128.445528489626923, 35.71840997477716 ], [ 128.445528489626923, 35.718409974777146 ] ], [ [ 128.446794387009191, 35.717729417993013 ], [ 128.447335033378039, 35.717566897220209 ], [ 128.446794387009277, 35.717729417993013 ], [ 128.446441271865581, 35.718012947914069 ], [ 128.445970999899089, 35.718176139911279 ], [ 128.446794387009191, 35.717729417993013 ] ], [ [ 128.447393454934257, 35.7175488075749 ], [ 128.447393454934257, 35.717548807574943 ], [ 128.447335033378039, 35.717566897220209 ], [ 128.447393454934257, 35.7175488075749 ] ], [ [ 128.447672998907109, 35.71658911028301 ], [ 128.447672998907137, 35.716589110282975 ], [ 128.447651561512885, 35.716625539612544 ], [ 128.447672998907109, 35.71658911028301 ] ], [ [ 128.447769200460414, 35.716424559660489 ], [ 128.447769200460414, 35.716424559660524 ], [ 128.447756006355803, 35.716449048783197 ], [ 128.447769200460414, 35.716424559660489 ] ], [ [ 128.44798047077262, 35.715810395994531 ], [ 128.447980470772706, 35.715810395994552 ], [ 128.447878770409659, 35.716089747061574 ], [ 128.44798047077262, 35.715810395994531 ] ], [ [ 128.448560458056477, 35.715324237577718 ], [ 128.451101164938279, 35.713644969026397 ], [ 128.452392111778664, 35.712785765306784 ], [ 128.451101164938279, 35.713644969026461 ], [ 128.448560458056477, 35.715324237577718 ] ], [ [ 128.454791551771791, 35.714927487572545 ], [ 128.454791551771734, 35.714927487572545 ], [ 128.454718208022285, 35.714909291541659 ], [ 128.454791551771791, 35.714927487572545 ] ], [ [ 128.455276784321967, 35.7152689692238 ], [ 128.456002036198839, 35.715753935731804 ], [ 128.456489952298284, 35.71605498519768 ], [ 128.455276784321967, 35.7152689692238 ] ], [ [ 128.459359965154306, 35.717122779096094 ], [ 128.459224240224245, 35.717073011357009 ], [ 128.459359965154334, 35.71712277909608 ], [ 128.459359965154306, 35.717122779096094 ] ], [ [ 128.460518088631261, 35.717687878586425 ], [ 128.460006306369735, 35.716813853308217 ], [ 128.460518088631261, 35.717687878586418 ], [ 128.460518088631261, 35.717687878586425 ] ], [ [ 128.46102340831942, 35.717976450887257 ], [ 128.460518088631289, 35.717687878586453 ], [ 128.460518088631261, 35.717687878586425 ], [ 128.46102340831942, 35.717976450887257 ] ], [ [ 128.462601550902377, 35.718903180429052 ], [ 128.463802842535017, 35.719353049320588 ], [ 128.462555636247004, 35.718864957745524 ], [ 128.462601550902377, 35.718903180429052 ] ], [ [ 128.46587503768248, 35.720623423462435 ], [ 128.465875037682451, 35.720623423462413 ], [ 128.46627141079091, 35.720712322363916 ], [ 128.46587503768248, 35.720623423462435 ] ], [ [ 128.467608546400186, 35.721329149867742 ], [ 128.468301218102056, 35.721767617062135 ], [ 128.467158291734336, 35.721008750808899 ], [ 128.467608546400186, 35.721329149867742 ] ], [ [ 128.473775422421255, 35.723942597539164 ], [ 128.475537521342517, 35.724103987260506 ], [ 128.473484737744997, 35.723905691661237 ], [ 128.473775422421255, 35.723942597539164 ] ], [ [ 128.480496233805923, 35.725246961137451 ], [ 128.479734678824144, 35.725038968245656 ], [ 128.480496233805894, 35.725246961137422 ], [ 128.480496233805923, 35.725246961137451 ] ], [ [ 128.482884786824741, 35.726441818856941 ], [ 128.482884786824712, 35.726441818856976 ], [ 128.482605751030547, 35.726343241157224 ], [ 128.482884786824741, 35.726441818856941 ] ], [ [ 128.485577811099233, 35.725760551505552 ], [ 128.484519392617244, 35.725356824385145 ], [ 128.484152833109022, 35.725537351726388 ], [ 128.484519392617244, 35.725356824385109 ], [ 128.485577811099233, 35.725760551505552 ] ], [ [ 128.486524397617359, 35.725165266597337 ], [ 128.489140282362342, 35.724364048423055 ], [ 128.490869141031084, 35.725362869701108 ], [ 128.486524397617359, 35.725165266597337 ] ], [ [ 128.519457785932701, 35.721504385628926 ], [ 128.520543590783092, 35.71868315175081 ], [ 128.521691805400735, 35.716549051399141 ], [ 128.52257246544761, 35.715710258102284 ], [ 128.524631730819408, 35.710830333415622 ], [ 128.525143672130724, 35.71003121953332 ], [ 128.52257246544869, 35.715710258102277 ], [ 128.5205435907842, 35.718683151750795 ], [ 128.520479874742165, 35.719551748400441 ], [ 128.520184999535161, 35.720644014791809 ], [ 128.51945778593381, 35.721504385628897 ], [ 128.521565856214693, 35.722013685536716 ], [ 128.522180784474358, 35.722303286562422 ], [ 128.527043090038745, 35.725120911225801 ], [ 128.527289816953925, 35.725762300913281 ], [ 128.527385176662648, 35.726471580567882 ], [ 128.527270763645333, 35.727854644519311 ], [ 128.527687808176978, 35.728588839907637 ], [ 128.529470212301703, 35.729295807257891 ], [ 128.530347171592581, 35.730272748078242 ], [ 128.530360725971974, 35.731107529467074 ], [ 128.530233245564347, 35.731732774565799 ], [ 128.530378510340483, 35.732815782490043 ], [ 128.531430562629311, 35.733603234746255 ], [ 128.531528265900818, 35.733678565038709 ], [ 128.531877021624013, 35.73495710039122 ], [ 128.533165956715578, 35.735518470554311 ], [ 128.531877021622961, 35.734957100391249 ], [ 128.530378510339403, 35.732815782490142 ], [ 128.530233245563238, 35.731732774565806 ], [ 128.530347171591472, 35.730272748078349 ], [ 128.52768780817587, 35.728588839907665 ], [ 128.527270763644225, 35.727854644519411 ], [ 128.527043090037637, 35.725120911225865 ], [ 128.519457785932701, 35.721504385628926 ] ], [ [ 128.536175306659487, 35.736389494931892 ], [ 128.534886980253901, 35.735522533472476 ], [ 128.533302018358, 35.735518791762772 ], [ 128.534886980254981, 35.735522533472427 ], [ 128.536175306659487, 35.736389494931892 ] ], [ [ 128.536591246071026, 35.736386343935941 ], [ 128.536430807696348, 35.736387559354952 ], [ 128.536591246071055, 35.736386343935933 ], [ 128.536591246071026, 35.736386343935941 ] ], [ [ 128.42072579625318, 35.66061797402152 ], [ 128.420880794927001, 35.660503242296699 ], [ 128.420772878885145, 35.660664724329067 ], [ 128.42072579625318, 35.66061797402152 ] ], [ [ 128.456334527517583, 35.692008368778964 ], [ 128.456334323630017, 35.691978256701013 ], [ 128.456334692184157, 35.692028008017687 ], [ 128.456334527517583, 35.692008368778964 ] ], [ [ 128.473723346032671, 35.807190308316564 ], [ 128.473588598444138, 35.807736257680851 ], [ 128.473723347868969, 35.807190252226732 ], [ 128.473723346032671, 35.807190308316564 ] ], [ [ 128.473764753398939, 35.807087176318078 ], [ 128.474000742182113, 35.806520476336132 ], [ 128.473802460052866, 35.806996815713141 ], [ 128.473764753398939, 35.807087176318078 ] ], [ [ 128.474015082064454, 35.806331187577889 ], [ 128.474004501539156, 35.806307118792077 ], [ 128.474049018863155, 35.806407518732883 ], [ 128.474015082064454, 35.806331187577889 ] ], [ [ 128.473394646245737, 35.805683181362113 ], [ 128.473325052896939, 35.805912603158454 ], [ 128.473475902237453, 35.805605589495983 ], [ 128.473394646245737, 35.805683181362113 ] ], [ [ 128.473601786111431, 35.805536755349145 ], [ 128.473953768030071, 35.805589743277551 ], [ 128.474055642149807, 35.805564612856493 ], [ 128.473953768030015, 35.805589743277579 ], [ 128.473601786111431, 35.805536755349173 ], [ 128.473475902237453, 35.805605589495983 ], [ 128.473601786111431, 35.805536755349145 ] ], [ [ 128.47421633487852, 35.80526927649283 ], [ 128.474342167556472, 35.805167825257627 ], [ 128.474055642149807, 35.805564612856493 ], [ 128.47421633487852, 35.80526927649283 ] ], [ [ 128.474363704009505, 35.805073027521054 ], [ 128.474384250130811, 35.805033827212249 ], [ 128.474342167556472, 35.805167825257627 ], [ 128.474363704009505, 35.805073027521054 ] ], [ [ 128.474743364072594, 35.804693860983043 ], [ 128.474716528294095, 35.804768811997732 ], [ 128.474756816683822, 35.804537695669708 ], [ 128.474743364072594, 35.804693860983043 ] ], [ [ 128.474770010016528, 35.804212108632285 ], [ 128.474774623860355, 35.804215130057848 ], [ 128.474767614228796, 35.804210530771392 ], [ 128.474770010016528, 35.804212108632285 ] ], [ [ 128.474642262836966, 35.804107971128623 ], [ 128.474621416136699, 35.804088239277604 ], [ 128.474621416136756, 35.804088239277633 ], [ 128.474642262836966, 35.804107971128623 ] ], [ [ 128.474509182769395, 35.804023813055615 ], [ 128.474509182769395, 35.804023813055558 ], [ 128.474531374807384, 35.804037392954136 ], [ 128.474509182769395, 35.804023813055615 ] ], [ [ 128.474420205302721, 35.803768388503727 ], [ 128.474420205302778, 35.803768388503698 ], [ 128.474414190751048, 35.803847573569335 ], [ 128.474420205302721, 35.803768388503727 ] ], [ [ 128.474499751582272, 35.80351703721837 ], [ 128.474507528388756, 35.803458517355786 ], [ 128.474497743505225, 35.803470983763745 ], [ 128.474499751582272, 35.80351703721837 ] ], [ [ 128.474590367580589, 35.803137306827786 ], [ 128.474579015874923, 35.803288206768364 ], [ 128.474577758875029, 35.803111780005452 ], [ 128.474590367580589, 35.803137306827786 ] ], [ [ 128.474598421187267, 35.802894438300868 ], [ 128.474593378282549, 35.802906516470159 ], [ 128.474715131720416, 35.802826770407641 ], [ 128.474598421187267, 35.802894438300868 ] ], [ [ 128.474735412575455, 35.802789610758474 ], [ 128.474764509363723, 35.802757698927152 ], [ 128.474715131720416, 35.802826770407641 ], [ 128.474735412575455, 35.802789610758474 ] ], [ [ 128.474724178350897, 35.802657979621436 ], [ 128.47478496738222, 35.802702073513828 ], [ 128.474721399117271, 35.802646140303963 ], [ 128.474724178350897, 35.802657979621436 ] ], [ [ 128.47468543827577, 35.80259647649607 ], [ 128.474671601816652, 35.802561406072947 ], [ 128.474663951673932, 35.80257396296205 ], [ 128.47468543827577, 35.80259647649607 ] ], [ [ 128.474603149854886, 35.802453082787423 ], [ 128.474615289909536, 35.802455355470421 ], [ 128.474587624133648, 35.802457843366511 ], [ 128.474603149854886, 35.802453082787423 ] ], [ [ 128.474491071862133, 35.802458939772343 ], [ 128.474497516977863, 35.802357817790977 ], [ 128.474542374445633, 35.802303101459962 ], [ 128.474491071862133, 35.802458939772343 ] ], [ [ 128.474561778372049, 35.802279781133585 ], [ 128.474561778372049, 35.802279781133613 ], [ 128.474542374445633, 35.802303101459962 ], [ 128.474561778372049, 35.802279781133585 ] ], [ [ 128.474550822902955, 35.802207320930833 ], [ 128.474549140693711, 35.802196549748821 ], [ 128.474549140693711, 35.802196549748793 ], [ 128.474550822902955, 35.802207320930833 ] ], [ [ 128.474532628915426, 35.802119250903779 ], [ 128.474513965379742, 35.802111948832007 ], [ 128.474513965379771, 35.802111948831993 ], [ 128.474532628915426, 35.802119250903779 ] ], [ [ 128.474751459244033, 35.801887191241377 ], [ 128.474718844154552, 35.801914157845616 ], [ 128.474761927078703, 35.801857036337658 ], [ 128.474751459244033, 35.801887191241377 ] ], [ [ 128.474829941417312, 35.801764767266029 ], [ 128.475000591932485, 35.801623595355807 ], [ 128.475024784737968, 35.801607154403065 ], [ 128.474990704598497, 35.801648282259002 ], [ 128.474868080006871, 35.801737329136515 ], [ 128.474829941417369, 35.801764767266029 ], [ 128.474787045646366, 35.801815485183049 ], [ 128.474829941417312, 35.801764767266029 ] ], [ [ 128.475294030464255, 35.801458987446786 ], [ 128.47544431513063, 35.80139436793781 ], [ 128.475199447032452, 35.801483276659702 ], [ 128.475294030464255, 35.801458987446786 ] ], [ [ 128.475530781469047, 35.801351341979476 ], [ 128.475530781469047, 35.801351341979512 ], [ 128.47547306196833, 35.801372437343367 ], [ 128.475530781469047, 35.801351341979476 ] ], [ [ 128.475572394126175, 35.801322727194588 ], [ 128.475582705371068, 35.801251539766099 ], [ 128.475573523004698, 35.801315334879369 ], [ 128.475572394126175, 35.801322727194588 ] ], [ [ 128.475601945800719, 35.801162292383204 ], [ 128.475601945800719, 35.801162292383211 ], [ 128.475599750207152, 35.801142924009916 ], [ 128.475601945800719, 35.801162292383204 ] ], [ [ 128.4756370222741, 35.801075655766539 ], [ 128.475628870298124, 35.801090542500646 ], [ 128.475641080695027, 35.801042669004921 ], [ 128.4756370222741, 35.801075655766539 ] ], [ [ 128.475660116534044, 35.800994193968513 ], [ 128.475645097704501, 35.801013987286666 ], [ 128.475660997939656, 35.800961167144543 ], [ 128.475660116534044, 35.800994193968513 ] ], [ [ 128.475589771557054, 35.800813871379354 ], [ 128.475589771557139, 35.800813871379354 ], [ 128.475583072813379, 35.800844944093036 ], [ 128.475589771557054, 35.800813871379354 ] ], [ [ 128.475726362760867, 35.80074049440001 ], [ 128.475716598683164, 35.800744570451243 ], [ 128.475748810091659, 35.800701658709109 ], [ 128.475726362760867, 35.80074049440001 ] ], [ [ 128.475769785080558, 35.800654822512868 ], [ 128.475759684883855, 35.800678625332239 ], [ 128.475771701002998, 35.800647034058379 ], [ 128.475769785080558, 35.800654822512868 ] ], [ [ 128.4758390371872, 35.800414952115304 ], [ 128.475839037187257, 35.800414952115304 ], [ 128.475834783644871, 35.800429079146198 ], [ 128.4758390371872, 35.800414952115304 ] ], [ [ 128.475826985697324, 35.800306389359584 ], [ 128.475819638480772, 35.800335802476724 ], [ 128.475849289240614, 35.800281404987693 ], [ 128.475826985697324, 35.800306389359584 ] ], [ [ 128.475866369004081, 35.800262815019956 ], [ 128.475863368770206, 35.80026589951688 ], [ 128.475864295125263, 35.800244972817971 ], [ 128.475866369004081, 35.800262815019956 ] ], [ [ 128.475888214300824, 35.800197903603198 ], [ 128.475883264508354, 35.800203962400509 ], [ 128.475891036144333, 35.800191171515266 ], [ 128.475888214300824, 35.800197903603198 ] ], [ [ 128.475969789952842, 35.800053745279513 ], [ 128.47593714513647, 35.800106397617363 ], [ 128.475983941921328, 35.80000799676953 ], [ 128.475969789952842, 35.800053745279513 ] ], [ [ 128.475989379462646, 35.799881134036966 ], [ 128.476024369922271, 35.799859826456867 ], [ 128.475975104518568, 35.799947241169896 ], [ 128.475989379462646, 35.799881134036966 ] ], [ [ 128.476197733619273, 35.799738800294946 ], [ 128.476188969760415, 35.799754805159964 ], [ 128.476203943192758, 35.799726902927979 ], [ 128.476197733619273, 35.799738800294946 ] ], [ [ 128.476507758571273, 35.799442769911529 ], [ 128.476504482555612, 35.799459223017408 ], [ 128.47648143790812, 35.799412850768945 ], [ 128.476507758571273, 35.799442769911529 ] ], [ [ 128.476378293890519, 35.799329656930603 ], [ 128.476346060548082, 35.799310626020969 ], [ 128.47648143790812, 35.799412850768945 ], [ 128.476378293890519, 35.799329656930603 ] ], [ [ 128.476290045534654, 35.798922953478844 ], [ 128.476280991136946, 35.798983324973037 ], [ 128.476289086373299, 35.798896730769805 ], [ 128.476290045534654, 35.798922953478844 ] ], [ [ 128.476369452169422, 35.798538170521972 ], [ 128.476377254111924, 35.798511004733236 ], [ 128.47636945216945, 35.798538170521951 ], [ 128.476369452169422, 35.798538170521972 ] ], [ [ 128.476392652838456, 35.798413404100828 ], [ 128.476392652838456, 35.798413404100877 ], [ 128.476389360007914, 35.798473349668122 ], [ 128.476392652838456, 35.798413404100828 ] ], [ [ 128.476368990589748, 35.798090483184659 ], [ 128.476368990589862, 35.798090483184623 ], [ 128.476393991373897, 35.798309833481724 ], [ 128.476368990589748, 35.798090483184659 ] ], [ [ 128.476416964176792, 35.79782219322167 ], [ 128.476416964176849, 35.79782219322167 ], [ 128.476412572318566, 35.797882728819459 ], [ 128.476416964176792, 35.79782219322167 ] ], [ [ 128.476454263169359, 35.797631093476404 ], [ 128.476454263169387, 35.797631093476461 ], [ 128.476451620588335, 35.797685677397986 ], [ 128.476454263169359, 35.797631093476404 ] ], [ [ 128.476572789416878, 35.797423864514926 ], [ 128.476570638719267, 35.797429615904633 ], [ 128.476586649956914, 35.797343245394998 ], [ 128.476572789416878, 35.797423864514926 ] ], [ [ 128.476628556767821, 35.797230222690324 ], [ 128.476635116365998, 35.797201580176115 ], [ 128.476586649956914, 35.797343245394998 ], [ 128.476628556767821, 35.797230222690324 ] ], [ [ 128.47673757786248, 35.796991246190778 ], [ 128.476699990566033, 35.797029502316555 ], [ 128.476790348771942, 35.796938618329911 ], [ 128.47673757786248, 35.796991246190778 ] ], [ [ 128.476784409190316, 35.796576696669938 ], [ 128.476800083570566, 35.796459709111481 ], [ 128.476784409190373, 35.796576696669902 ], [ 128.476854468549845, 35.796712820282373 ], [ 128.476859916697492, 35.796784358003812 ], [ 128.476784409190316, 35.796576696669938 ] ], [ [ 128.476876048321657, 35.796304307036266 ], [ 128.476876048321657, 35.796304307036259 ], [ 128.476877040548743, 35.796304460841036 ], [ 128.476876048321657, 35.796304307036266 ] ], [ [ 128.476890226869187, 35.796306504847976 ], [ 128.476896707750257, 35.796278133140412 ], [ 128.476890226869244, 35.796306504847983 ], [ 128.476890226869187, 35.796306504847976 ] ], [ [ 128.476908589943747, 35.796255610297443 ], [ 128.476910874611804, 35.796256873121301 ], [ 128.476910874611804, 35.796256873121315 ], [ 128.476908589943747, 35.796255610297443 ] ], [ [ 128.476955519470408, 35.796139464136502 ], [ 128.476948954320733, 35.7961607571089 ], [ 128.476966070188723, 35.7960069006552 ], [ 128.476955519470408, 35.796139464136502 ] ], [ [ 128.477130261355313, 35.795480873802497 ], [ 128.477125570145148, 35.795492785859466 ], [ 128.477130261355313, 35.795480873802454 ], [ 128.477130261355313, 35.795480873802497 ] ], [ [ 128.477134800186661, 35.795416382317057 ], [ 128.477134202855382, 35.795419182974399 ], [ 128.477139091985492, 35.795402516172345 ], [ 128.477134800186661, 35.795416382317057 ] ], [ [ 128.477359018028494, 35.794547493927915 ], [ 128.477314040340787, 35.7946488157178 ], [ 128.477381063191899, 35.794490459940228 ], [ 128.477359018028494, 35.794547493927915 ] ], [ [ 128.477538968616187, 35.793893125313538 ], [ 128.47752638362752, 35.79393033255932 ], [ 128.477542870765632, 35.793802539904661 ], [ 128.477538968616187, 35.793893125313538 ] ], [ [ 128.477678461122878, 35.793331715048176 ], [ 128.477672615473722, 35.793356068332002 ], [ 128.477683607346449, 35.793306589292676 ], [ 128.477678461122878, 35.793331715048176 ] ], [ [ 128.477642564144958, 35.793146451436776 ], [ 128.477647392927224, 35.793158746267601 ], [ 128.47764690827259, 35.793087943340716 ], [ 128.477642564144958, 35.793146451436776 ] ], [ [ 128.477676087013094, 35.793039448134749 ], [ 128.477673777275868, 35.793000341951796 ], [ 128.477676087013094, 35.793039448134742 ], [ 128.477676087013094, 35.793039448134749 ] ], [ [ 128.477651588342496, 35.792943687501307 ], [ 128.477643816846438, 35.792938710304718 ], [ 128.477643816846438, 35.792938710304689 ], [ 128.477651588342496, 35.792943687501307 ] ], [ [ 128.477733886279879, 35.792727426590453 ], [ 128.477733886279935, 35.792727426590517 ], [ 128.477731182486622, 35.792761974154402 ], [ 128.477733886279879, 35.792727426590453 ] ], [ [ 128.477899223033404, 35.792708105823905 ], [ 128.477905097851902, 35.792707767915601 ], [ 128.477905097851874, 35.792707767915608 ], [ 128.477899223033404, 35.792708105823905 ] ], [ [ 128.477950594064254, 35.792696141626642 ], [ 128.47792784595805, 35.792701954771125 ], [ 128.477920329796859, 35.792650460806314 ], [ 128.477950594064254, 35.792696141626642 ] ], [ [ 128.477920329796859, 35.792650460806314 ], [ 128.47776324333779, 35.792378591339236 ], [ 128.477755832231082, 35.79235703108629 ], [ 128.477903553791975, 35.792572150452443 ], [ 128.477920329796859, 35.792650460806314 ] ], [ [ 128.477557102240183, 35.792126452558783 ], [ 128.477538399750387, 35.792090021441417 ], [ 128.47755710224024, 35.792126452558826 ], [ 128.477622214988514, 35.792195077843942 ], [ 128.477635902696903, 35.792212448359059 ], [ 128.477557102240183, 35.792126452558783 ] ], [ [ 128.477739463228147, 35.791867048749161 ], [ 128.477876242521177, 35.791740702573819 ], [ 128.477768367303923, 35.791845444488828 ], [ 128.477739463228147, 35.791867048749161 ] ], [ [ 128.477948171846293, 35.791716168341665 ], [ 128.478327322651552, 35.791091730499346 ], [ 128.47833925036764, 35.790881926801127 ], [ 128.477948171846293, 35.791716168341665 ] ], [ [ 128.478384457473169, 35.79012084825245 ], [ 128.478366449265593, 35.790402756619983 ], [ 128.478437991748336, 35.789602674284602 ], [ 128.478384457473169, 35.79012084825245 ] ], [ [ 128.478498529621845, 35.789154106834317 ], [ 128.478945165797398, 35.787842894671428 ], [ 128.478445781309773, 35.789536149422133 ], [ 128.478498529621845, 35.789154106834317 ] ], [ [ 128.479149441374659, 35.787572414949437 ], [ 128.479030099183234, 35.78772998358702 ], [ 128.479178973926054, 35.787534779057275 ], [ 128.479149441374659, 35.787572414949437 ] ], [ [ 128.47999473921405, 35.786558889156282 ], [ 128.479994739214078, 35.786558889156275 ], [ 128.479361443834534, 35.787314614148727 ], [ 128.479355260430935, 35.787319748149116 ], [ 128.47999473921405, 35.786558889156282 ] ], [ [ 128.481964711164352, 35.785872633636174 ], [ 128.481158410491304, 35.785214832101623 ], [ 128.482084722222311, 35.785942871933472 ], [ 128.481964711164352, 35.785872633636174 ] ], [ [ 128.482695019366531, 35.786149904535002 ], [ 128.483824815485718, 35.783456402568149 ], [ 128.484454378620086, 35.782099219532483 ], [ 128.482695019366531, 35.786149904535002 ] ], [ [ 128.485419776578823, 35.781499542509245 ], [ 128.485419776578823, 35.781499542509309 ], [ 128.484563675263985, 35.78186360289164 ], [ 128.485419776578823, 35.781499542509245 ] ], [ [ 128.485948900759638, 35.781097033469194 ], [ 128.486312400830798, 35.780559616616145 ], [ 128.485563733404064, 35.781436829312568 ], [ 128.485948900759638, 35.781097033469194 ] ], [ [ 128.48864517352655, 35.779449629873334 ], [ 128.487893529522466, 35.779759045761622 ], [ 128.490055508053501, 35.778267507966852 ], [ 128.48864517352655, 35.779449629873334 ] ], [ [ 128.490660050501788, 35.777672728276258 ], [ 128.491546567838014, 35.777406133037253 ], [ 128.490055508053501, 35.778267507966852 ], [ 128.490660050501788, 35.777672728276258 ] ], [ [ 128.49301413306128, 35.777311658497858 ], [ 128.492842398068689, 35.777322653561967 ], [ 128.493446626453249, 35.777031286488452 ], [ 128.49301413306128, 35.777311658497858 ] ], [ [ 128.495198239079656, 35.775916173478279 ], [ 128.494951578829301, 35.775981014384186 ], [ 128.495659729294914, 35.775778901367183 ], [ 128.495198239079656, 35.775916173478279 ] ], [ [ 128.498623315841684, 35.775719715342035 ], [ 128.497533876011772, 35.775587283093557 ], [ 128.497293021192377, 35.77562252201578 ], [ 128.496072164134148, 35.775673641193691 ], [ 128.498623315841684, 35.775719715342035 ] ], [ [ 128.499134950911753, 35.775781909674265 ], [ 128.4993472413951, 35.775155655304033 ], [ 128.499134950911809, 35.775781909674272 ], [ 128.499134950911753, 35.775781909674265 ] ], [ [ 128.501184587218262, 35.772681612688409 ], [ 128.500673383914545, 35.773268525367868 ], [ 128.501342935566839, 35.772620868936968 ], [ 128.501184587218262, 35.772681612688409 ] ], [ [ 128.50281661789532, 35.771062909934194 ], [ 128.502560357332243, 35.771391218828988 ], [ 128.503648482010249, 35.770483561071721 ], [ 128.50281661789532, 35.771062909934194 ] ], [ [ 128.506065802316328, 35.768790832476292 ], [ 128.505551094335857, 35.769152037272498 ], [ 128.506168735877196, 35.768734545016706 ], [ 128.506065802316328, 35.768790832476292 ] ], [ [ 128.506271669438064, 35.76867825755712 ], [ 128.506271669438092, 35.768678257557106 ], [ 128.506558594140586, 35.768718750677074 ], [ 128.506271669438064, 35.76867825755712 ] ], [ [ 128.507569229916811, 35.768689666944134 ], [ 128.507329672294077, 35.768759870483599 ], [ 128.507655690561762, 35.768709203780112 ], [ 128.507569229916811, 35.768689666944134 ] ], [ [ 128.510249296536387, 35.76823797585201 ], [ 128.508918052081953, 35.768994449743545 ], [ 128.508918052081924, 35.768994449743538 ], [ 128.510062107982407, 35.768321846714528 ], [ 128.510249296536387, 35.76823797585201 ] ], [ [ 128.512780441582947, 35.767010850971047 ], [ 128.512073803749303, 35.767393691700846 ], [ 128.512574996300401, 35.767121730863828 ], [ 128.512780441582947, 35.767010850971047 ] ], [ [ 128.516814443159205, 35.766074497906082 ], [ 128.514326803581042, 35.766613483615942 ], [ 128.514118966465134, 35.76665653275969 ], [ 128.513589963869293, 35.766772150226991 ], [ 128.514118966465134, 35.766656532759647 ], [ 128.516814443159205, 35.766074497906082 ] ], [ [ 128.523809554710567, 35.76356393495724 ], [ 128.519330669636901, 35.764215725172008 ], [ 128.517664743400104, 35.765451189200334 ], [ 128.519330669636844, 35.764215725172008 ], [ 128.523809554710567, 35.76356393495724 ] ], [ [ 128.524646063914105, 35.759995582596247 ], [ 128.524646063914105, 35.759995582596204 ], [ 128.525176837089305, 35.759112879845006 ], [ 128.524646063914105, 35.759995582596247 ] ] ], [ [ [ 128.50152589120674, 35.863357836165342 ], [ 128.487120130686975, 35.868159773552037 ], [ 128.482120195466706, 35.86834682865117 ], [ 128.474382380868462, 35.858242754761889 ], [ 128.473567092117747, 35.86057922978307 ], [ 128.468839245858078, 35.838699892021559 ], [ 128.466237059108124, 35.838708492420665 ], [ 128.465145123222499, 35.841959498188309 ], [ 128.456191136428203, 35.84201830655843 ], [ 128.456421801959976, 35.845193597944146 ], [ 128.451175652000302, 35.84531153603784 ], [ 128.450426909133512, 35.848591045787082 ], [ 128.436096836764449, 35.848635486834105 ], [ 128.426041098565094, 35.850321736108953 ], [ 128.425642103557749, 35.851944042138399 ], [ 128.393927879672276, 35.85253316153436 ], [ 128.390074096634777, 35.855321031967861 ], [ 128.387376169086451, 35.861203043809908 ], [ 128.389321260368718, 35.868431634127894 ], [ 128.39589111998805, 35.872629738104159 ], [ 128.395985180904262, 35.883171891755815 ], [ 128.398834423208967, 35.885020304002232 ], [ 128.401853994258346, 35.892861286680613 ], [ 128.405598253809387, 35.896248975416228 ], [ 128.406556260331769, 35.900912984869166 ], [ 128.408358409839934, 35.901194808213205 ], [ 128.410841236560657, 35.907085572270404 ], [ 128.417528308454138, 35.913529496090746 ], [ 128.418905336334205, 35.921543912118381 ], [ 128.424431513210379, 35.923220948531643 ], [ 128.425708213923713, 35.928243819868321 ], [ 128.428537456167419, 35.927562798136201 ], [ 128.43287429949055, 35.931726896076491 ], [ 128.439727264021911, 35.931799224821411 ], [ 128.442492306975964, 35.93564938378389 ], [ 128.452189960359703, 35.93595365332061 ], [ 128.45460467973578, 35.939138737202846 ], [ 128.455096864194502, 35.943376579534004 ], [ 128.461789533659413, 35.941099368580566 ], [ 128.463616094670471, 35.938774745489688 ], [ 128.470504646765789, 35.938671722967889 ], [ 128.477265358425257, 35.934317591640763 ], [ 128.476885143803401, 35.928137029346033 ], [ 128.473878447110877, 35.923088831415512 ], [ 128.474194545985625, 35.916244524474692 ], [ 128.466083003521248, 35.909008180660805 ], [ 128.467992792113733, 35.906731259748966 ], [ 128.46826479351563, 35.900609245649569 ], [ 128.470255739521747, 35.898555978932144 ], [ 128.47577561905257, 35.894918858212279 ], [ 128.479001300787559, 35.897237978801833 ], [ 128.484968280740588, 35.894775313256368 ], [ 128.485508391099415, 35.896933202718174 ], [ 128.49113188709029, 35.897997152252401 ], [ 128.493170770475047, 35.896562375114257 ], [ 128.495219600994773, 35.891187268026719 ], [ 128.496846899504988, 35.88954605628598 ], [ 128.500723788870857, 35.889462063782247 ], [ 128.501713473359956, 35.886677766157149 ], [ 128.504851665905818, 35.891010605624615 ], [ 128.509227402574282, 35.893330288555482 ], [ 128.513682146103292, 35.893199695771273 ], [ 128.526889109052718, 35.888197000280854 ], [ 128.52608598364489, 35.887118560358871 ], [ 128.52334812274421, 35.888793562798377 ], [ 128.521130362675024, 35.889234025417466 ], [ 128.526123311654231, 35.886326323637213 ], [ 128.517187067269049, 35.883173957384159 ], [ 128.521639884145145, 35.872062866780141 ], [ 128.518869856288063, 35.868593100125892 ], [ 128.51462046264254, 35.867751692735091 ], [ 128.509867838882798, 35.869558572519239 ], [ 128.508109820633592, 35.865794214037166 ], [ 128.504011850169263, 35.865630667483472 ], [ 128.50152589120674, 35.863357836165342 ] ], [ [ 128.419623210130197, 35.87248840248234 ], [ 128.419623210130794, 35.872488402482375 ], [ 128.419016670222391, 35.87286209761848 ], [ 128.419623210130197, 35.87248840248234 ] ], [ [ 128.421405845095506, 35.87228049255237 ], [ 128.42140584509616, 35.872280492552377 ], [ 128.420373746251045, 35.872771417292981 ], [ 128.421405845095506, 35.87228049255237 ] ], [ [ 128.429973019263258, 35.883069165783681 ], [ 128.429973019263912, 35.883069165783645 ], [ 128.429521228381788, 35.883117015854964 ], [ 128.429973019263258, 35.883069165783681 ] ], [ [ 128.430866705836536, 35.88249385900199 ], [ 128.430866705835712, 35.882493859002004 ], [ 128.431264189788322, 35.882205720950388 ], [ 128.430866705836536, 35.88249385900199 ] ], [ [ 128.436068260304324, 35.885214210446122 ], [ 128.43606826030441, 35.885214210446186 ], [ 128.435532470907077, 35.885310237026374 ], [ 128.436068260304324, 35.885214210446122 ] ], [ [ 128.438346020438161, 35.887218488896345 ], [ 128.438346020438331, 35.887218488896416 ], [ 128.437427955528818, 35.887406801660227 ], [ 128.438346020438161, 35.887218488896345 ] ], [ [ 128.441014873821359, 35.887869367524011 ], [ 128.441014873821757, 35.887869367524125 ], [ 128.440509423297073, 35.888025886211373 ], [ 128.441014873821359, 35.887869367524011 ] ], [ [ 128.44463770107356, 35.888630165407562 ], [ 128.444637701072821, 35.888630165407633 ], [ 128.445716316012863, 35.887920880459326 ], [ 128.44463770107356, 35.888630165407562 ] ], [ [ 128.447036961371452, 35.88922533415851 ], [ 128.447036961371566, 35.889225334158631 ], [ 128.446202134257447, 35.889345550416422 ], [ 128.447036961371452, 35.88922533415851 ] ], [ [ 128.448466346428603, 35.891106061776881 ], [ 128.448466346427836, 35.891106061776945 ], [ 128.448623607280695, 35.89108697663611 ], [ 128.448466346428603, 35.891106061776881 ] ], [ [ 128.455017333928339, 35.894487399899226 ], [ 128.455017333927486, 35.894487399899283 ], [ 128.456382389421719, 35.89421323857681 ], [ 128.455017333928339, 35.894487399899226 ] ], [ [ 128.463376944766935, 35.899179623934252 ], [ 128.462704993382118, 35.899248016053519 ], [ 128.461843323201521, 35.899797359201976 ], [ 128.463376944766935, 35.899179623934252 ] ], [ [ 128.464621398332554, 35.898900106551011 ], [ 128.464621398331644, 35.898900106551004 ], [ 128.46526274593424, 35.898533638042856 ], [ 128.464621398332554, 35.898900106551011 ] ], [ [ 128.4671093218914, 35.897624865039276 ], [ 128.466485729455684, 35.898662109956973 ], [ 128.466485729454917, 35.898662109956888 ], [ 128.4671093218914, 35.897624865039276 ] ] ] ] } },
{ "type": "Feature", "properties": { "sigungu_cd": "27230", "sigungu_nm": "북구" }, "geometry": { "type": "MultiPolygon", "coordinates": [ [ [ [ 128.582476903597467, 35.889880854077013 ], [ 128.582110947626518, 35.884829148599813 ], [ 128.576191580196934, 35.887297691766982 ], [ 128.555521505195571, 35.89033640533426 ], [ 128.551991253707342, 35.893827666717407 ], [ 128.555525515142165, 35.895685084220318 ], [ 128.553463144630797, 35.895058711077439 ], [ 128.552009865915124, 35.896979870373286 ], [ 128.540975406524637, 35.893337564528686 ], [ 128.536251646993321, 35.886343518013035 ], [ 128.534000070411054, 35.88556457134051 ], [ 128.528945722202479, 35.88587719824276 ], [ 128.522076489876866, 35.890391836684991 ], [ 128.513289729605418, 35.893232132077749 ], [ 128.504441364951902, 35.891641061134706 ], [ 128.505829425908871, 35.896682791766366 ], [ 128.504647806084648, 35.897962482515481 ], [ 128.505915979829183, 35.900343236640168 ], [ 128.505097342982594, 35.90283301681287 ], [ 128.506825946208579, 35.906110432095339 ], [ 128.510106317695289, 35.909950943423517 ], [ 128.516850279801417, 35.911890203076631 ], [ 128.52232807143713, 35.916656095222173 ], [ 128.525837177349047, 35.922911690563545 ], [ 128.529745543162335, 35.922918799715582 ], [ 128.530547277108582, 35.929082890101597 ], [ 128.533457775074908, 35.932034423515546 ], [ 128.535365498207341, 35.938355475419911 ], [ 128.532414164291822, 35.950532096884871 ], [ 128.5348756285467, 35.958403876702185 ], [ 128.533566256056986, 35.960942513983078 ], [ 128.530579868048136, 35.961937664281976 ], [ 128.527127991194732, 35.975196974465064 ], [ 128.529345561076553, 35.977054766734042 ], [ 128.528947832807773, 35.980229431967985 ], [ 128.535943163943841, 35.979138836199539 ], [ 128.537094473864499, 35.977057886659573 ], [ 128.543036317630708, 35.974524288698788 ], [ 128.545822409724224, 35.966109609872397 ], [ 128.549178165458045, 35.961961897641203 ], [ 128.553407128047496, 35.960741485983021 ], [ 128.55681310804934, 35.972224826765178 ], [ 128.564354771264561, 35.972566980549054 ], [ 128.573014137637983, 35.977705808330391 ], [ 128.583237558546273, 35.977264317565215 ], [ 128.590773115624927, 35.979076734078355 ], [ 128.593041384979472, 35.980569432297081 ], [ 128.593384528891136, 35.982899524780102 ], [ 128.602892556998796, 35.985905722132891 ], [ 128.603179117114706, 35.987835805800849 ], [ 128.60944364793707, 35.985299296332123 ], [ 128.612949081071122, 35.982499698488638 ], [ 128.615003359417358, 35.978079164140652 ], [ 128.619272582426561, 35.975918640196433 ], [ 128.618327774772411, 35.970522798321809 ], [ 128.622990192944428, 35.965905547789859 ], [ 128.622572121475628, 35.96211019539885 ], [ 128.62674990983669, 35.958060340160351 ], [ 128.624346508225614, 35.95456686831686 ], [ 128.623221143001331, 35.948357000829844 ], [ 128.623384906884894, 35.946099313250983 ], [ 128.626657303357575, 35.945278496823811 ], [ 128.625267433365792, 35.935446501164961 ], [ 128.62835148956438, 35.931791390295857 ], [ 128.627644008787058, 35.929507358094256 ], [ 128.629295272209134, 35.929504386006286 ], [ 128.6318009497123, 35.925840799490118 ], [ 128.632388510201594, 35.91231567749697 ], [ 128.627362027064493, 35.906782738702368 ], [ 128.627087094203205, 35.904052991519826 ], [ 128.631829657502976, 35.892902994627661 ], [ 128.628171158596331, 35.889347648622497 ], [ 128.622369429919388, 35.892302484199412 ], [ 128.617840102500992, 35.889318973153493 ], [ 128.611987689992816, 35.880649558804038 ], [ 128.607295237439502, 35.877403830951842 ], [ 128.608416941166695, 35.876021497685095 ], [ 128.604666082290777, 35.877769920240979 ], [ 128.602187980796742, 35.884601845340164 ], [ 128.604397152232195, 35.877804125945424 ], [ 128.606173284275883, 35.876465639468073 ], [ 128.609710189847306, 35.875470737978468 ], [ 128.606281680296377, 35.873627620259761 ], [ 128.604166922740973, 35.873668969859239 ], [ 128.580282473828873, 35.878829046388944 ], [ 128.580996984398865, 35.88118179102019 ], [ 128.589259806001195, 35.879349937285191 ], [ 128.589302366843469, 35.879498868903745 ], [ 128.580996984400144, 35.881181791020161 ], [ 128.5814129295089, 35.882599984219397 ], [ 128.582338062894507, 35.88554890396567 ], [ 128.582810336280062, 35.887131385362437 ], [ 128.583245294825872, 35.8892191306401 ], [ 128.582476903597467, 35.889880854077013 ] ], [ [ 128.57699459809163, 35.893160240958728 ], [ 128.578549329298539, 35.892826652980361 ], [ 128.578561782059609, 35.892823902992127 ], [ 128.578642774874368, 35.892806019200272 ], [ 128.578657445384749, 35.89280278132884 ], [ 128.578691177610153, 35.892795329676545 ], [ 128.578686809589016, 35.892394011548767 ], [ 128.578715148346532, 35.892303104391416 ], [ 128.578726422224747, 35.892280414875735 ], [ 128.578745734668331, 35.892206085737037 ], [ 128.578877610404106, 35.891962765188879 ], [ 128.578898367541626, 35.89180618520377 ], [ 128.578911548567845, 35.891726787533337 ], [ 128.578929261744065, 35.89166364609477 ], [ 128.578974614000089, 35.891507756435509 ], [ 128.579063209172602, 35.891334444711553 ], [ 128.579057458979833, 35.891318130123452 ], [ 128.579058169734935, 35.891303172087547 ], [ 128.579059923041939, 35.891285856476834 ], [ 128.579072264858894, 35.891274751576191 ], [ 128.579099466944427, 35.89121002124876 ], [ 128.579139141501287, 35.891147110205921 ], [ 128.579153208704525, 35.891132280241557 ], [ 128.579174488651688, 35.891112798213399 ], [ 128.579220437402881, 35.891084309421444 ], [ 128.578691177611404, 35.892795329676531 ], [ 128.578657445386028, 35.89280278132884 ], [ 128.578549329299761, 35.892826652980332 ], [ 128.578340548568974, 35.892872763964768 ], [ 128.577919792868016, 35.892965676542374 ], [ 128.57779133112399, 35.89299142243464 ], [ 128.577408654124042, 35.893073724784614 ], [ 128.576994598092853, 35.893160240958686 ], [ 128.576440582435708, 35.893284815425908 ], [ 128.575812914349143, 35.893423131556808 ], [ 128.57158467646164, 35.894348044483657 ], [ 128.57699459809163, 35.893160240958728 ] ], [ [ 128.579222722971906, 35.891084210780363 ], [ 128.579490364894042, 35.891016610782486 ], [ 128.579640642408037, 35.890869624135142 ], [ 128.57968883661286, 35.890864593238675 ], [ 128.579682286260066, 35.890750617808877 ], [ 128.579704549461979, 35.890702317572185 ], [ 128.57977631067763, 35.890649540731459 ], [ 128.579688836613997, 35.89086459323871 ], [ 128.579490364895292, 35.891016610782366 ], [ 128.579360400338629, 35.891067434522839 ], [ 128.579299413234196, 35.891080900965399 ], [ 128.579222722971906, 35.891084210780363 ] ], [ [ 128.579915411304995, 35.890600857493361 ], [ 128.579915411303801, 35.890600857493375 ], [ 128.579944646633578, 35.890524291843043 ], [ 128.579915411304995, 35.890600857493361 ] ], [ [ 128.58106841987842, 35.889883422007372 ], [ 128.580217712577706, 35.890407250816672 ], [ 128.580328569490149, 35.890260368363585 ], [ 128.580436094005847, 35.890138267160708 ], [ 128.58065839556312, 35.889998894754243 ], [ 128.580732544141227, 35.889961464755046 ], [ 128.580795655935248, 35.889937658815128 ], [ 128.580944024704309, 35.889895279444694 ], [ 128.58106841987842, 35.889883422007372 ] ], [ [ 128.581214273139125, 35.889891565877228 ], [ 128.581214273140318, 35.889891565877178 ], [ 128.581193548310125, 35.889900469688861 ], [ 128.581214273139125, 35.889891565877228 ] ], [ [ 128.581285991838854, 35.889888437139838 ], [ 128.581285991839252, 35.889888437139881 ], [ 128.581234948098938, 35.889890663929478 ], [ 128.581285991838854, 35.889888437139838 ] ], [ [ 128.581942684793091, 35.889973717909022 ], [ 128.581992454743641, 35.889973180322954 ], [ 128.58199967872406, 35.889973102727609 ], [ 128.581950255000464, 35.88997363677246 ], [ 128.581942684793091, 35.889973717909022 ] ], [ [ 128.582199052226969, 35.889919187513435 ], [ 128.582199052225633, 35.889919187513442 ], [ 128.582254480177397, 35.889916535291924 ], [ 128.582199052226969, 35.889919187513435 ] ], [ [ 128.576128767061505, 35.957312494719389 ], [ 128.576128767062727, 35.957312494719325 ], [ 128.576449513427576, 35.95731730795675 ], [ 128.576128767061505, 35.957312494719389 ] ], [ [ 128.575246570862902, 35.9528246145724 ], [ 128.575201973523519, 35.95282432010714 ], [ 128.575342289378511, 35.952826264333524 ], [ 128.575246570862902, 35.9528246145724 ] ], [ [ 128.572076449672267, 35.948629716776203 ], [ 128.572076449673546, 35.948629716776153 ], [ 128.572117988430932, 35.948650674720675 ], [ 128.572076449672267, 35.948629716776203 ] ], [ [ 128.571067608446668, 35.94717688359308 ], [ 128.571067608446441, 35.947176883593052 ], [ 128.571073596292138, 35.947176364325728 ], [ 128.571067608446668, 35.94717688359308 ] ], [ [ 128.567487547244951, 35.946546201372861 ], [ 128.567436140087437, 35.946547908433928 ], [ 128.56740992732523, 35.946549305242556 ], [ 128.567487547244951, 35.946546201372861 ] ], [ [ 128.566378357849459, 35.94662628179065 ], [ 128.566558980388152, 35.946613587454678 ], [ 128.566411513567544, 35.946624318432058 ], [ 128.566378357849459, 35.94662628179065 ] ], [ [ 128.582008082099065, 35.935210575482934 ], [ 128.581539386852256, 35.930020874834007 ], [ 128.580612942110491, 35.929955238657953 ], [ 128.580299080242867, 35.929932995168443 ], [ 128.579402182292796, 35.929791767895956 ], [ 128.581539386853564, 35.930020874834 ], [ 128.582008082100344, 35.93521057548287 ], [ 128.584791163986779, 35.937320999407916 ], [ 128.582008082099065, 35.935210575482934 ] ], [ [ 128.57974254902723, 35.905187279860463 ], [ 128.579958549910288, 35.904886448879047 ], [ 128.579739613934777, 35.90519137017295 ], [ 128.57974254902723, 35.905187279860463 ] ], [ [ 128.579071913522597, 35.904245286301609 ], [ 128.578954755654252, 35.90416254332149 ], [ 128.579264582256798, 35.904332987054708 ], [ 128.579071913522597, 35.904245286301609 ] ], [ [ 128.550708360305293, 35.907634603403032 ], [ 128.550264963586613, 35.907801405888073 ], [ 128.551264741212321, 35.907432038353086 ], [ 128.550708360305293, 35.907634603403032 ] ], [ [ 128.558510015220406, 35.918323066176093 ], [ 128.558510015220406, 35.918323066176086 ], [ 128.558567795639448, 35.918382409157708 ], [ 128.558510015220406, 35.918323066176093 ] ], [ [ 128.572288694210386, 35.92522237041225 ], [ 128.56987725894507, 35.92337513263525 ], [ 128.569258153863501, 35.92224199473003 ], [ 128.569057547907022, 35.921691133355282 ], [ 128.569280696665345, 35.920244927274254 ], [ 128.569245253624672, 35.920244799697734 ], [ 128.569293005813762, 35.919906883261611 ], [ 128.569717846902051, 35.919151502491744 ], [ 128.569674225186134, 35.918856237033708 ], [ 128.569617692403597, 35.9184638443338 ], [ 128.568271126818644, 35.915041708229523 ], [ 128.56836299253419, 35.91469422669924 ], [ 128.568602932894208, 35.913826798704839 ], [ 128.568671045449634, 35.913580574923415 ], [ 128.568529806170119, 35.9131895794036 ], [ 128.568459204114049, 35.912758147735694 ], [ 128.568461086370718, 35.91221141221061 ], [ 128.568468919009547, 35.912180888636499 ], [ 128.567433389822042, 35.911444420381684 ], [ 128.567584520978016, 35.910892555356057 ], [ 128.567747901178734, 35.910541907726198 ], [ 128.568571568300854, 35.90915326645451 ], [ 128.568978313330547, 35.908071836138433 ], [ 128.569025725401502, 35.907754475029286 ], [ 128.569125169254079, 35.907088938105844 ], [ 128.569194518221366, 35.906632297972379 ], [ 128.569356094908812, 35.905962451142784 ], [ 128.569279362585689, 35.905929397127323 ], [ 128.569282534514855, 35.905908337679293 ], [ 128.569284671941489, 35.905894177964704 ], [ 128.5692976678516, 35.905840862636495 ], [ 128.569412586909124, 35.905388450822059 ], [ 128.569502673940548, 35.905045188197946 ], [ 128.569560073534348, 35.904831865111632 ], [ 128.569580643458835, 35.904758641669304 ], [ 128.568978313331769, 35.908071836138319 ], [ 128.568571568302076, 35.909153266454467 ], [ 128.567584520979267, 35.910892555355993 ], [ 128.567433389823293, 35.911444420381599 ], [ 128.568468919010741, 35.912180888636449 ], [ 128.569617692404819, 35.918463844333722 ], [ 128.569717846903245, 35.919151502491736 ], [ 128.569057547908244, 35.921691133355267 ], [ 128.572288694210386, 35.92522237041225 ] ], [ [ 128.573540400377397, 35.905560423558882 ], [ 128.573656657714878, 35.904080856935401 ], [ 128.57365704964576, 35.904075955613415 ], [ 128.573676409722765, 35.903990091823125 ], [ 128.573694720295379, 35.903889281814173 ], [ 128.57371415376582, 35.903849462372108 ], [ 128.573700522228478, 35.903774485141803 ], [ 128.573750179639774, 35.903591675245814 ], [ 128.573812374965655, 35.903470887904824 ], [ 128.573828997823398, 35.903428417813842 ], [ 128.573837960295293, 35.903411767865819 ], [ 128.57388446195904, 35.90338925836064 ], [ 128.573877298686682, 35.903324722450591 ], [ 128.573843142885778, 35.903210252131402 ], [ 128.573822208056157, 35.903117368397744 ], [ 128.573813008181844, 35.903116380329166 ], [ 128.573706850077485, 35.903104935098142 ], [ 128.57368607027712, 35.903102671082209 ], [ 128.573531644556198, 35.903085817584284 ], [ 128.573421656845056, 35.903073808702139 ], [ 128.573311757687293, 35.90306181805979 ], [ 128.573207847591021, 35.903050524599905 ], [ 128.573128691756438, 35.903041914897905 ], [ 128.57311490902444, 35.903040351664956 ], [ 128.573043880925468, 35.90303229361237 ], [ 128.572972299330416, 35.90302417045654 ], [ 128.572834051415953, 35.903008491313329 ], [ 128.572602999891018, 35.902972031625232 ], [ 128.572589984169895, 35.902969975391692 ], [ 128.572448618293947, 35.902947092814749 ], [ 128.572439133422165, 35.902945553869543 ], [ 128.572330228704146, 35.902927933162964 ], [ 128.572274824568581, 35.902918966161401 ], [ 128.572154022371251, 35.902899410183032 ], [ 128.571345777528109, 35.902749220378858 ], [ 128.570019136255098, 35.902382498765114 ], [ 128.569908661007247, 35.902334066008322 ], [ 128.569356695810598, 35.902092055389673 ], [ 128.569232198383787, 35.902037398098607 ], [ 128.569146219765202, 35.902000408363563 ], [ 128.568831881245103, 35.901862739310403 ], [ 128.568746893490868, 35.90181675853259 ], [ 128.568506401900208, 35.901686131964873 ], [ 128.568458005506329, 35.901659839691568 ], [ 128.568446850707517, 35.901653779222691 ], [ 128.567283175025693, 35.901008736677774 ], [ 128.567272247012539, 35.901001748647424 ], [ 128.567205773833479, 35.900959240381113 ], [ 128.567160571708712, 35.900930327527725 ], [ 128.56690564408018, 35.90076673243906 ], [ 128.566808672741814, 35.900702637162205 ], [ 128.566740465064015, 35.900659383347644 ], [ 128.566672809372022, 35.90061648297435 ], [ 128.566605816085712, 35.900573999529541 ], [ 128.566602659053018, 35.900571996368704 ], [ 128.566601764948558, 35.900571425353093 ], [ 128.566494450636327, 35.900498802735648 ], [ 128.566393714183732, 35.900430592866556 ], [ 128.566197517282319, 35.900289595695746 ], [ 128.566135550946854, 35.900243516253163 ], [ 128.566058890205682, 35.900186505597752 ], [ 128.566021591368383, 35.900158765535394 ], [ 128.565958257267397, 35.9001116716585 ], [ 128.565907996030091, 35.900074295412992 ], [ 128.565894316497491, 35.900064124930175 ], [ 128.565857878243321, 35.900037027814918 ], [ 128.565746026339355, 35.899953843616316 ], [ 128.565702053460967, 35.899921140471918 ], [ 128.565185574484786, 35.899493431748205 ], [ 128.56499092232653, 35.899332142390641 ], [ 128.564833335308123, 35.899198772557853 ], [ 128.564729310365209, 35.899110722154759 ], [ 128.563252827101621, 35.897849688816486 ], [ 128.563042498844595, 35.897672279069766 ], [ 128.562927499473318, 35.897574480729453 ], [ 128.562924776017894, 35.897572226708817 ], [ 128.562894002402942, 35.897546699498648 ], [ 128.561280104925316, 35.896442531718534 ], [ 128.562894002404164, 35.897546699498648 ], [ 128.566393714184926, 35.900430592866499 ], [ 128.568831881246354, 35.90186273931036 ], [ 128.573829271228249, 35.903118132560898 ], [ 128.573822208057379, 35.903117368397695 ], [ 128.573877298687933, 35.90332472245057 ], [ 128.573884461960319, 35.903389258360619 ], [ 128.573540400377397, 35.905560423558882 ] ], [ [ 128.573870775000756, 35.903120686636115 ], [ 128.573921923818006, 35.903123842811624 ], [ 128.573829271228249, 35.903118132560898 ], [ 128.573870775000756, 35.903120686636115 ] ], [ [ 128.573934669508333, 35.903124627198196 ], [ 128.57408493658923, 35.903134138337769 ], [ 128.573921923818006, 35.903123842811624 ], [ 128.573934669508333, 35.903124627198196 ] ], [ [ 128.574114314514389, 35.903136000287624 ], [ 128.574197150942695, 35.903140569659925 ], [ 128.57408493658923, 35.903134138337769 ], [ 128.574114314514389, 35.903136000287624 ] ], [ [ 128.574202840511106, 35.90314089142931 ], [ 128.574751506637284, 35.903176018708074 ], [ 128.574866292914805, 35.903183367322171 ], [ 128.574202840511106, 35.90314089142931 ] ], [ [ 128.575682688520629, 35.903197672804858 ], [ 128.575682688520629, 35.903197672804879 ], [ 128.575544307995386, 35.903199163418606 ], [ 128.575682688520629, 35.903197672804858 ] ], [ [ 128.577786933150747, 35.903150256405425 ], [ 128.577786933150747, 35.903150256405439 ], [ 128.577583579834396, 35.903155955638738 ], [ 128.577786933150747, 35.903150256405425 ] ], [ [ 128.555589644632278, 35.895659709193033 ], [ 128.557320416416133, 35.896283414169389 ], [ 128.557655424579536, 35.89634982087869 ], [ 128.558984955003297, 35.89663072970864 ], [ 128.557320416415052, 35.896283414169417 ], [ 128.556764166357141, 35.896162437884392 ], [ 128.556266716010668, 35.895949516650226 ], [ 128.555589644632278, 35.895659709193033 ] ], [ [ 128.560717168095806, 35.896493504969975 ], [ 128.560701639414134, 35.896495102626552 ], [ 128.560752382645973, 35.896490316675909 ], [ 128.560717168095806, 35.896493504969975 ] ], [ [ 128.537339057685841, 35.933499045945183 ], [ 128.537339057684676, 35.93349904594524 ], [ 128.537498711963536, 35.933217731538861 ], [ 128.537339057685841, 35.933499045945183 ] ], [ [ 128.537608994297045, 35.933739410592665 ], [ 128.537575131466554, 35.933721958128885 ], [ 128.537608994296278, 35.933739410591635 ], [ 128.537608994297045, 35.933739410592665 ] ], [ [ 128.537819087695397, 35.933942602152158 ], [ 128.537611223610241, 35.933703036587609 ], [ 128.537819087696278, 35.933942602151866 ], [ 128.537819087695397, 35.933942602152158 ] ], [ [ 128.539628173010783, 35.933528457787382 ], [ 128.540208020499733, 35.933725199291061 ], [ 128.540393274713097, 35.933752992842756 ], [ 128.539940131445405, 35.933691734508834 ], [ 128.539628173009646, 35.933528457787446 ], [ 128.539124190519516, 35.9335480109768 ], [ 128.539628173010783, 35.933528457787382 ] ], [ [ 128.540784287566709, 35.933884424111696 ], [ 128.540782353980546, 35.93398467843982 ], [ 128.540664707938618, 35.933716201376519 ], [ 128.540784287566709, 35.933884424111696 ] ], [ [ 128.548447826963297, 35.932774792817469 ], [ 128.549047141224548, 35.937823621502318 ], [ 128.550080946087576, 35.940832660321391 ], [ 128.548447826963297, 35.932774792817469 ] ], [ [ 128.553916867980178, 35.931896337146306 ], [ 128.553964641343583, 35.931897930156801 ], [ 128.553908873602069, 35.931881473245234 ], [ 128.553916867980178, 35.931896337146306 ] ], [ [ 128.534107412880047, 35.925411996573025 ], [ 128.534666090764262, 35.923487546674401 ], [ 128.53467492406142, 35.922836604152579 ], [ 128.534685340430968, 35.922325394521543 ], [ 128.537144214871603, 35.917168945054421 ], [ 128.539247393694126, 35.91666323106783 ], [ 128.537144214872654, 35.917168945054406 ], [ 128.534685340432077, 35.922325394521529 ], [ 128.534772821494641, 35.924546150307393 ], [ 128.534644193118197, 35.924751347083252 ], [ 128.534321490790262, 35.924915494779107 ], [ 128.534107412880047, 35.925411996573025 ] ], [ [ 128.539473816511958, 35.916655793068863 ], [ 128.539473816513095, 35.916655793068855 ], [ 128.539316648982748, 35.916660956028721 ], [ 128.539473816511958, 35.916655793068863 ] ], [ [ 128.541609850489436, 35.91682761092882 ], [ 128.541837111036244, 35.916811384672478 ], [ 128.540967361299977, 35.916974599970644 ], [ 128.541609850489436, 35.91682761092882 ] ], [ [ 128.542232141442639, 35.914805618166589 ], [ 128.541739872792988, 35.915730822926157 ], [ 128.542009783233112, 35.914871720114462 ], [ 128.542232141442639, 35.914805618166589 ] ], [ [ 128.542387084743268, 35.914841106334663 ], [ 128.542481602952734, 35.914752110481864 ], [ 128.542548024809179, 35.914223854755086 ], [ 128.542615049080098, 35.913921116600427 ], [ 128.542723045532824, 35.913471886395534 ], [ 128.542980381984563, 35.912895647873967 ], [ 128.5430276109619, 35.912609344410626 ], [ 128.543036240240127, 35.912569173372333 ], [ 128.543157688100678, 35.912136117061785 ], [ 128.543312545147216, 35.91163230611366 ], [ 128.54339493162658, 35.911375399592615 ], [ 128.545038918693251, 35.910007820018677 ], [ 128.545678276888623, 35.909731136517856 ], [ 128.546211512778058, 35.909510644759877 ], [ 128.546421176429732, 35.909441143230111 ], [ 128.546487958598902, 35.909425083946694 ], [ 128.547310849918205, 35.908686754261765 ], [ 128.547376480173597, 35.908658883967384 ], [ 128.547539372469515, 35.908437526038533 ], [ 128.547560767813678, 35.908415526693005 ], [ 128.547568450047862, 35.908408796479584 ], [ 128.54757657333127, 35.908402428426108 ], [ 128.547588799489859, 35.908395354892143 ], [ 128.547608017994435, 35.908385964576887 ], [ 128.547616676632572, 35.908382842983769 ], [ 128.547637321855973, 35.908375801262316 ], [ 128.547851862808074, 35.908312795505829 ], [ 128.546487958600068, 35.909425083946701 ], [ 128.545038918694473, 35.910007820018606 ], [ 128.543394931627688, 35.911375399592607 ], [ 128.54248160295387, 35.914752110481828 ], [ 128.542387084743268, 35.914841106334663 ] ], [ [ 128.548802801496322, 35.907856171828563 ], [ 128.548437613212201, 35.907904035190988 ], [ 128.548650566692601, 35.907862669634234 ], [ 128.548802801496322, 35.907856171828563 ] ], [ [ 128.549896325382321, 35.907811051383511 ], [ 128.549896325381127, 35.907811051383511 ], [ 128.55009626505435, 35.907805819920327 ], [ 128.549896325382321, 35.907811051383511 ] ], [ [ 128.573871235758787, 35.925381965162146 ], [ 128.574312548800435, 35.925648903693116 ], [ 128.574711790073962, 35.926811326062811 ], [ 128.574916973141399, 35.926977602410147 ], [ 128.575576788864794, 35.927566367048847 ], [ 128.576025418850747, 35.92806349069955 ], [ 128.576579854977894, 35.928405056077068 ], [ 128.576727116643326, 35.928498629269079 ], [ 128.577372289657433, 35.929726079844293 ], [ 128.577954843637826, 35.929938988260929 ], [ 128.577372289656097, 35.929726079844357 ], [ 128.57471179007274, 35.926811326062875 ], [ 128.574312548799185, 35.925648903693151 ], [ 128.573871235757451, 35.925381965162209 ], [ 128.573639311265083, 35.925349370564177 ], [ 128.573525211347857, 35.92531133751902 ], [ 128.572825385104295, 35.924936172823202 ], [ 128.573871235758787, 35.925381965162146 ] ], [ [ 128.579031741480463, 35.929784210524581 ], [ 128.579141096546294, 35.929947303535528 ], [ 128.578513755566206, 35.929802024700855 ], [ 128.579031741480463, 35.929784210524581 ] ], [ [ 128.57933860698148, 35.929796654366584 ], [ 128.579360738346139, 35.92979499978447 ], [ 128.579338606981423, 35.929796654366612 ], [ 128.57933860698148, 35.929796654366584 ] ], [ [ 128.55181219586072, 35.928383300284821 ], [ 128.551817156361523, 35.928383949723575 ], [ 128.551817156361579, 35.928383949723788 ], [ 128.55181219586072, 35.928383300284821 ] ], [ [ 128.552807643619019, 35.923530750754239 ], [ 128.553229251639095, 35.923862617654763 ], [ 128.551881358504431, 35.923382232797962 ], [ 128.552807643619019, 35.923530750754239 ] ], [ [ 128.553380207145722, 35.923829249747996 ], [ 128.553785279473345, 35.924007230842719 ], [ 128.554247268028007, 35.924085629251117 ], [ 128.554443045555814, 35.92414627215512 ], [ 128.554507979347221, 35.924184942389097 ], [ 128.553785279472123, 35.92400723084279 ], [ 128.553481539591587, 35.923887351727927 ], [ 128.55341396373629, 35.923851663167575 ], [ 128.553380207145722, 35.923829249747996 ] ], [ [ 128.555307687232414, 35.946114381806332 ], [ 128.555709955538219, 35.945944246431615 ], [ 128.555480242092528, 35.946041401724209 ], [ 128.555307687232414, 35.946114381806332 ] ], [ [ 128.557928300278206, 35.94635552885731 ], [ 128.558027647973944, 35.946334194334071 ], [ 128.558035269673383, 35.946332852623172 ], [ 128.557928300278206, 35.94635552885731 ] ], [ [ 128.558363969283221, 35.94632235045426 ], [ 128.558363969281999, 35.946322350454274 ], [ 128.558382320398607, 35.946321624640241 ], [ 128.558363969283221, 35.94632235045426 ] ], [ [ 128.559326009601023, 35.946196661721977 ], [ 128.55923683534283, 35.946208319563958 ], [ 128.559261358278746, 35.946205111410968 ], [ 128.559323902270364, 35.946196933340644 ], [ 128.559326009601023, 35.946196661721977 ] ], [ [ 128.564281409820154, 35.946524176428802 ], [ 128.564280041834024, 35.946516988657748 ], [ 128.56428004183536, 35.946516988657763 ], [ 128.564281409820154, 35.946524176428802 ] ], [ [ 128.554405571355005, 35.945212483121871 ], [ 128.554423366127025, 35.945189703262585 ], [ 128.554423366127878, 35.945189703263011 ], [ 128.554405571355005, 35.945212483121871 ] ], [ [ 128.536622079995681, 35.958625748889943 ], [ 128.541939312694012, 35.956969683808616 ], [ 128.542169104501738, 35.956455648005864 ], [ 128.542455962418614, 35.955837179601545 ], [ 128.542479657479021, 35.955786098605373 ], [ 128.542940215164037, 35.954856973523839 ], [ 128.543109502687457, 35.954547039558754 ], [ 128.543233340436558, 35.954321998571253 ], [ 128.543235994678582, 35.954278894041607 ], [ 128.543279840482995, 35.9536730047761 ], [ 128.543740521886974, 35.952670597966716 ], [ 128.54444071201533, 35.951694047321645 ], [ 128.545329562540644, 35.95098219681833 ], [ 128.545183423653555, 35.950484425519349 ], [ 128.544926629330376, 35.94824245792752 ], [ 128.544943099458067, 35.947695241309148 ], [ 128.545040104816451, 35.947455739541041 ], [ 128.545000323677897, 35.94741189676958 ], [ 128.545040104817616, 35.947455739541077 ], [ 128.544926629331513, 35.948242457927527 ], [ 128.545329562541781, 35.950982196818259 ], [ 128.541939312695149, 35.95696968380858 ], [ 128.539840661191448, 35.958110711137451 ], [ 128.537967377256592, 35.958530392991293 ], [ 128.536622079995681, 35.958625748889943 ] ], [ [ 128.545383125567895, 35.94701211640934 ], [ 128.545027389462746, 35.947298174676746 ], [ 128.545242922081655, 35.947114143298826 ], [ 128.545383125567895, 35.94701211640934 ] ], [ [ 128.545450435952858, 35.947017698391647 ], [ 128.54543755894295, 35.946870776438722 ], [ 128.545430867054392, 35.946835630182399 ], [ 128.545426660589754, 35.946813507092365 ], [ 128.545450435952858, 35.947017698391647 ] ], [ [ 128.547549842236805, 35.945188755414087 ], [ 128.547347131505859, 35.941353173234724 ], [ 128.547463749003697, 35.941348116839457 ], [ 128.547751183215354, 35.941337036973032 ], [ 128.549007771264485, 35.940589884827595 ], [ 128.54915050531369, 35.940552390870643 ], [ 128.547751183216576, 35.941337036973003 ], [ 128.547347131507053, 35.941353173234702 ], [ 128.547590867311811, 35.945146913324642 ], [ 128.547549842237913, 35.945188755414037 ], [ 128.545792873162384, 35.946978065059639 ], [ 128.545765671006421, 35.947005719598643 ], [ 128.547549842236805, 35.945188755414087 ] ], [ [ 128.582155897199897, 35.975530525352198 ], [ 128.582155897199925, 35.97553052535222 ], [ 128.581759180913195, 35.97553662049846 ], [ 128.582155897199897, 35.975530525352198 ] ], [ [ 128.585376127229409, 35.906093520652924 ], [ 128.585376127229409, 35.906093520652945 ], [ 128.584857560858921, 35.906034106887638 ], [ 128.585376127229409, 35.906093520652924 ] ], [ [ 128.588248859586514, 35.906194662534034 ], [ 128.589057535420181, 35.906112518912337 ], [ 128.587781997735306, 35.906235070939495 ], [ 128.588248859586514, 35.906194662534034 ] ], [ [ 128.58954466461617, 35.906050563550664 ], [ 128.589815131633543, 35.906014112130975 ], [ 128.589057535420181, 35.906112518912337 ], [ 128.58954466461617, 35.906050563550664 ] ], [ [ 128.590117999402452, 35.905967190757273 ], [ 128.59011799940248, 35.905967190757288 ], [ 128.590003057397468, 35.905985533682916 ], [ 128.590117999402452, 35.905967190757273 ] ], [ [ 128.591382717224036, 35.905770856000252 ], [ 128.591542334831303, 35.905746478756875 ], [ 128.591198960780901, 35.905798923721463 ], [ 128.591382717224036, 35.905770856000252 ] ], [ [ 128.59193789465246, 35.90568479891617 ], [ 128.59193789465246, 35.905684798916177 ], [ 128.591839024473188, 35.905700326386942 ], [ 128.59193789465246, 35.90568479891617 ] ], [ [ 128.593372281970318, 35.90536919336305 ], [ 128.593706890441183, 35.905335810204555 ], [ 128.592680813392747, 35.905433001381944 ], [ 128.593372281970318, 35.90536919336305 ] ], [ [ 128.594273102516581, 35.904594250452746 ], [ 128.594273102516581, 35.904594250452739 ], [ 128.594325374822091, 35.90533003417471 ], [ 128.594273102516581, 35.904594250452746 ] ], [ [ 128.593822124880006, 35.902780317417658 ], [ 128.593822124880006, 35.902780317417665 ], [ 128.593816916840552, 35.902949155292987 ], [ 128.593822124880006, 35.902780317417658 ] ], [ [ 128.593825911744602, 35.902657482806568 ], [ 128.593825911744631, 35.902657482806582 ], [ 128.593823945444655, 35.90272122955993 ], [ 128.593825911744602, 35.902657482806568 ] ], [ [ 128.593849296882667, 35.901898946808572 ], [ 128.593960146639517, 35.901144474679072 ], [ 128.593841968721364, 35.902136719814401 ], [ 128.593849296882667, 35.901898946808572 ] ], [ [ 128.593986576700757, 35.900863441760073 ], [ 128.593580205392016, 35.900889883489214 ], [ 128.593631192151207, 35.900877006740025 ], [ 128.593986576700757, 35.900863441760073 ] ], [ [ 128.593530829202678, 35.900666587735195 ], [ 128.593590636757938, 35.900223319552431 ], [ 128.593485041969046, 35.900913902645748 ], [ 128.593530829202678, 35.900666587735195 ] ], [ [ 128.593189137778978, 35.898259684340552 ], [ 128.593189137779007, 35.898259684340552 ], [ 128.593290218478757, 35.898666219029373 ], [ 128.593189137778978, 35.898259684340552 ] ], [ [ 128.593047777019706, 35.897759693350224 ], [ 128.593047777019706, 35.897759693350203 ], [ 128.593085658642025, 35.897888305819173 ], [ 128.593047777019706, 35.897759693350224 ] ], [ [ 128.592284773517378, 35.896775730711852 ], [ 128.592284773517406, 35.896775730711852 ], [ 128.592338628984265, 35.896958185425405 ], [ 128.592284773517378, 35.896775730711852 ] ], [ [ 128.592154384089383, 35.896246089208667 ], [ 128.592151239566476, 35.896140431005662 ], [ 128.592157822098898, 35.896350680443355 ], [ 128.592154384089383, 35.896246089208667 ] ], [ [ 128.592066095781036, 35.894417268665784 ], [ 128.592003641445388, 35.894106840947678 ], [ 128.592095682098318, 35.894620161366745 ], [ 128.592066095781036, 35.894417268665784 ] ], [ [ 128.593101500678017, 35.892496525712531 ], [ 128.593101500678046, 35.892496525712517 ], [ 128.592964785876376, 35.892601864993921 ], [ 128.593101500678017, 35.892496525712531 ] ], [ [ 128.596174901042815, 35.890747935936808 ], [ 128.596174901042815, 35.890747935936815 ], [ 128.596174190429963, 35.890748285021807 ], [ 128.596174901042815, 35.890747935936808 ] ], [ [ 128.59650330251489, 35.890586793740198 ], [ 128.59650330251489, 35.890586793740205 ], [ 128.596461898522676, 35.890607103226905 ], [ 128.59650330251489, 35.890586793740198 ] ], [ [ 128.597051300334272, 35.890324667477948 ], [ 128.597958139739205, 35.889909515845382 ], [ 128.596578427096063, 35.890549925010745 ], [ 128.597051300334272, 35.890324667477948 ] ], [ [ 128.600322206536049, 35.887169441646535 ], [ 128.600322206536077, 35.887169441646563 ], [ 128.59989078050998, 35.887529739071134 ], [ 128.600322206536049, 35.887169441646535 ] ], [ [ 128.6018136598436, 35.885011287117457 ], [ 128.601375919472559, 35.885733614796266 ], [ 128.6018136598436, 35.88501128711745 ], [ 128.6018136598436, 35.885011287117457 ] ], [ [ 128.601632892481859, 35.874509666768496 ], [ 128.601632892481859, 35.874509666768525 ], [ 128.601628172260092, 35.874510905817246 ], [ 128.601632892481859, 35.874509666768496 ] ], [ [ 128.601632647668424, 35.874527537551117 ], [ 128.601632745526814, 35.87452039413099 ], [ 128.601632636951422, 35.874528199318213 ], [ 128.601632647668424, 35.874527537551117 ] ], [ [ 128.60161140424276, 35.875826550685126 ], [ 128.601609736150749, 35.876114446312997 ], [ 128.601609736150692, 35.876114446312997 ], [ 128.60161140424276, 35.875826550685126 ] ], [ [ 128.601598845428072, 35.876188257682927 ], [ 128.601605446094595, 35.876175329987014 ], [ 128.601598845428072, 35.876188257683033 ], [ 128.601598845428072, 35.876188257682927 ] ], [ [ 128.601617913990566, 35.876446102868854 ], [ 128.601618859593401, 35.876522368954852 ], [ 128.601619671091754, 35.876594470864191 ], [ 128.601617913990566, 35.876446102868876 ], [ 128.601614115405994, 35.876415321887954 ], [ 128.601609346798796, 35.876167690286188 ], [ 128.601617913990566, 35.876446102868854 ] ], [ [ 128.601620550223259, 35.876692781059546 ], [ 128.601621002648983, 35.876764353044059 ], [ 128.601619671091754, 35.876594470864191 ], [ 128.601620550223259, 35.876692781059546 ] ], [ [ 128.601623387291397, 35.877040533979169 ], [ 128.601622977994964, 35.877001621137552 ], [ 128.601623643012772, 35.877064570901894 ], [ 128.601623387291397, 35.877040533979169 ] ], [ [ 128.601622293432541, 35.877154701211033 ], [ 128.601621859293402, 35.877263081103152 ], [ 128.601621859293346, 35.87726308110318 ], [ 128.601622293432541, 35.877154701211033 ] ], [ [ 128.601618895566844, 35.877264486185624 ], [ 128.601627133993674, 35.877288802023784 ], [ 128.601618895566816, 35.877264486185638 ], [ 128.601618895566844, 35.877264486185624 ] ], [ [ 128.601624512493061, 35.877402809169347 ], [ 128.601623226745801, 35.877449326897512 ], [ 128.601627133993674, 35.877288802023784 ], [ 128.601624512493061, 35.877402809169347 ] ], [ [ 128.601623226745801, 35.877449326897512 ], [ 128.601625193069736, 35.877622173241349 ], [ 128.601617304949571, 35.877642731307155 ], [ 128.601623226745801, 35.877449326897512 ] ], [ [ 128.601623714978786, 35.877786302138446 ], [ 128.601623714978757, 35.877786302138411 ], [ 128.601619709904725, 35.877715063816794 ], [ 128.601618936739186, 35.877688222318156 ], [ 128.601623714978786, 35.877786302138446 ] ], [ [ 128.601626981123331, 35.878004593314159 ], [ 128.60162643733986, 35.877971320066997 ], [ 128.601627095443604, 35.87801332328921 ], [ 128.601626981123331, 35.878004593314159 ] ], [ [ 128.601628990540263, 35.878153439767871 ], [ 128.601628990540263, 35.878153439767907 ], [ 128.601627740517586, 35.878062824950582 ], [ 128.601627619224644, 35.87805346607194 ], [ 128.601628990540263, 35.878153439767871 ] ], [ [ 128.602285298977165, 35.878120582169089 ], [ 128.602289923013416, 35.878136991087665 ], [ 128.602289923013359, 35.878136991087672 ], [ 128.602285298977165, 35.878120582169089 ] ], [ [ 128.603447729842401, 35.877931294395275 ], [ 128.603399381185994, 35.877940281783992 ], [ 128.603524242918297, 35.877917100994765 ], [ 128.603447729842401, 35.877931294395275 ] ], [ [ 128.60349211143901, 35.878403345363552 ], [ 128.603689302326018, 35.878179665137132 ], [ 128.603740359070116, 35.878100804453105 ], [ 128.60349211143901, 35.878403345363552 ] ], [ [ 128.603740359070116, 35.878100804453105 ], [ 128.603820084738771, 35.877977814800488 ], [ 128.603838040062783, 35.877950269252189 ], [ 128.603740359070116, 35.878100804453105 ] ], [ [ 128.603895999851261, 35.87786387895526 ], [ 128.603895999851289, 35.87786387895526 ], [ 128.603838040062783, 35.877950269252189 ], [ 128.603895999851261, 35.87786387895526 ] ], [ [ 128.589162625846228, 35.879032737074915 ], [ 128.589162625846285, 35.879032737074915 ], [ 128.589206335011028, 35.879175066678563 ], [ 128.589162625846228, 35.879032737074915 ] ], [ [ 128.589025851461315, 35.878588506341714 ], [ 128.589054245762298, 35.878681865103388 ], [ 128.588963312426955, 35.878384294783167 ], [ 128.589025851461315, 35.878588506341714 ] ], [ [ 128.588943467597062, 35.878320064248655 ], [ 128.588885859352843, 35.878135107781382 ], [ 128.588885859352899, 35.878135107781368 ], [ 128.588943467597062, 35.878320064248655 ] ], [ [ 128.589075923412878, 35.878099972168258 ], [ 128.589048378632441, 35.87806662187414 ], [ 128.589073575923067, 35.878080713635526 ], [ 128.589075923412878, 35.878099972168258 ] ], [ [ 128.58895675094584, 35.877760089007062 ], [ 128.588946896224741, 35.8777253345528 ], [ 128.588946896224797, 35.877725334552771 ], [ 128.58895675094584, 35.877760089007062 ] ], [ [ 128.588944362303749, 35.877716412593131 ], [ 128.588944362303664, 35.877716412593131 ], [ 128.588942744121084, 35.877710278607978 ], [ 128.588944362303749, 35.877716412593131 ] ], [ [ 128.588846458148481, 35.877562937747079 ], [ 128.588849549004379, 35.877566958879072 ], [ 128.58879902743567, 35.877501418442151 ], [ 128.588846458148481, 35.877562937747079 ] ], [ [ 128.588616874346371, 35.877292074001112 ], [ 128.588595320945899, 35.877289170567259 ], [ 128.588595320945899, 35.877289170567217 ], [ 128.588616874346371, 35.877292074001112 ] ], [ [ 128.585406900133819, 35.885028256567082 ], [ 128.585358640343003, 35.885033866340557 ], [ 128.585469754871497, 35.885025058563173 ], [ 128.585406900133819, 35.885028256567082 ] ], [ [ 128.585599237880615, 35.885968274151885 ], [ 128.585648780966864, 35.885946085945207 ], [ 128.585648780968057, 35.885946085945207 ], [ 128.585599237880615, 35.885968274151885 ] ], [ [ 128.586189572601569, 35.886050941241365 ], [ 128.586606533216212, 35.88595273211218 ], [ 128.58667779888458, 35.885940189650107 ], [ 128.586814261512984, 35.885925655174056 ], [ 128.58697560178058, 35.885891307049164 ], [ 128.587139433904184, 35.88585055048604 ], [ 128.587300054020375, 35.885790676374071 ], [ 128.587335107589638, 35.885783965844531 ], [ 128.587139433905605, 35.885850550486026 ], [ 128.586975601781802, 35.885891307049164 ], [ 128.586814261514292, 35.885925655174034 ], [ 128.586606533217491, 35.885952732112067 ], [ 128.586337060971232, 35.886022530308963 ], [ 128.586189572601569, 35.886050941241365 ] ], [ [ 128.587487114194886, 35.885846945614801 ], [ 128.587798578751006, 35.885538984032365 ], [ 128.587822569928278, 35.885508559734028 ], [ 128.587865331110322, 35.88550190262719 ], [ 128.587798578752171, 35.885538984032344 ], [ 128.58777284324978, 35.885751488493156 ], [ 128.587749622300265, 35.885793505356446 ], [ 128.587726427134214, 35.885802879455312 ], [ 128.587487114194886, 35.885846945614801 ] ], [ [ 128.588356716876547, 35.885619763165906 ], [ 128.588889196251216, 35.885392967098696 ], [ 128.58892271867694, 35.885145430947262 ], [ 128.58898709794957, 35.88508315115088 ], [ 128.589126073790084, 35.884970117314261 ], [ 128.589169114964562, 35.884949960151481 ], [ 128.588889196252438, 35.885392967098674 ], [ 128.588642362068214, 35.885527304801265 ], [ 128.588466510431203, 35.885592445653877 ], [ 128.588356716876547, 35.885619763165906 ] ], [ [ 128.589820836287174, 35.885393711976825 ], [ 128.589820836285838, 35.885393711976832 ], [ 128.58982514163489, 35.885393666509508 ], [ 128.589820836287174, 35.885393711976825 ] ], [ [ 128.590335261700574, 35.885389083977614 ], [ 128.590335261700716, 35.885389083977671 ], [ 128.590212630144066, 35.885396715999327 ], [ 128.590335261700574, 35.885389083977614 ] ], [ [ 128.590574511433886, 35.885388848149731 ], [ 128.590574511435193, 35.885388848149702 ], [ 128.590503963042551, 35.885410678137575 ], [ 128.590574511433886, 35.885388848149731 ] ], [ [ 128.591021325871509, 35.885336878189968 ], [ 128.591021325872731, 35.885336878189889 ], [ 128.590891412119362, 35.885411119843482 ], [ 128.591021325871509, 35.885336878189968 ] ], [ [ 128.591570019234382, 35.885136081265671 ], [ 128.59147992285358, 35.885179700156016 ], [ 128.591488177705116, 35.885172446323445 ], [ 128.591527901309462, 35.885144805724721 ], [ 128.591570019234382, 35.885136081265671 ] ], [ [ 128.592265638378933, 35.885272317257119 ], [ 128.592202129258169, 35.88527664877077 ], [ 128.592202129257487, 35.885276648770741 ], [ 128.592265638378933, 35.885272317257119 ] ], [ [ 128.592285318868676, 35.885270974988337 ], [ 128.592586864761756, 35.885139123185809 ], [ 128.59274507738894, 35.885066075490961 ], [ 128.592787908430466, 35.884929287036272 ], [ 128.592823741371063, 35.884926383997588 ], [ 128.592787908431887, 35.884929287036272 ], [ 128.592809958394582, 35.884987455887767 ], [ 128.592745077390248, 35.885066075490883 ], [ 128.592683685333014, 35.885107954424598 ], [ 128.592586864763092, 35.885139123185688 ], [ 128.592533722652661, 35.885183274207058 ], [ 128.59248589817193, 35.885218457961791 ], [ 128.5924457248355, 35.885238851389282 ], [ 128.592365773191148, 35.885263110835545 ], [ 128.592285318868676, 35.885270974988337 ] ], [ [ 128.592828370143195, 35.884926008993332 ], [ 128.592822513776298, 35.884899717967528 ], [ 128.592822513777662, 35.884899717967293 ], [ 128.592828370143195, 35.884926008993332 ] ], [ [ 128.592785192806218, 35.884906025842803 ], [ 128.592967573947675, 35.882750937291206 ], [ 128.595761849733748, 35.882153503631038 ], [ 128.592967573948897, 35.882750937291185 ], [ 128.592785192806218, 35.884906025842803 ] ], [ [ 128.596567452268545, 35.88172698854504 ], [ 128.596008972219664, 35.881838669982642 ], [ 128.596047321115662, 35.881815033737738 ], [ 128.596097136259687, 35.881788362948598 ], [ 128.596301877754399, 35.881749191868501 ], [ 128.596511913733252, 35.881729369866285 ], [ 128.596567452268545, 35.88172698854504 ] ], [ [ 128.596731479765083, 35.881734435781546 ], [ 128.59745465703574, 35.881354014721545 ], [ 128.597528345185196, 35.881100942195033 ], [ 128.597550505594256, 35.881054945356631 ], [ 128.597583910567778, 35.881016827101504 ], [ 128.597616060461206, 35.880990339616638 ], [ 128.597689044421145, 35.880954409208535 ], [ 128.597748063025477, 35.880931725102492 ], [ 128.597834550096877, 35.880912503899729 ], [ 128.597920521792304, 35.880887900504462 ], [ 128.597942844912694, 35.880881820027646 ], [ 128.597986828775788, 35.880871432278241 ], [ 128.597616060462514, 35.880990339616645 ], [ 128.597454657037048, 35.881354014721524 ], [ 128.597095724013229, 35.88158622798101 ], [ 128.596731479765083, 35.881734435781546 ] ], [ [ 128.598127696489712, 35.881755255001444 ], [ 128.598172470315859, 35.881744229959622 ], [ 128.5981724703162, 35.881744229959864 ], [ 128.598127696489712, 35.881755255001444 ] ], [ [ 128.599086582852607, 35.882173923978954 ], [ 128.599088906100206, 35.882172201381749 ], [ 128.599088906100974, 35.882172201382147 ], [ 128.599086582852607, 35.882173923978954 ] ], [ [ 128.60060748713417, 35.883339011740993 ], [ 128.600649704117302, 35.883310240863551 ], [ 128.600649704117757, 35.883310240864098 ], [ 128.60060748713417, 35.883339011740993 ] ], [ [ 128.602211749785454, 35.884700647080606 ], [ 128.602211749786733, 35.884700647080514 ], [ 128.602086079595779, 35.885284132963328 ], [ 128.602211749785454, 35.884700647080606 ] ], [ [ 128.600524238047768, 35.9072444664789 ], [ 128.603134867306522, 35.9091001818922 ], [ 128.603411352275828, 35.909786280761878 ], [ 128.603598064679886, 35.910531905518006 ], [ 128.603379906876199, 35.913206570286661 ], [ 128.60721882998709, 35.91557134951865 ], [ 128.607552826973603, 35.916592670167454 ], [ 128.603379906874807, 35.913206570286782 ], [ 128.603134867305101, 35.909100181892214 ], [ 128.600524238047768, 35.9072444664789 ] ], [ [ 128.607929370071844, 35.934046957131876 ], [ 128.607704365776982, 35.93457069110616 ], [ 128.607929405889649, 35.934046944912183 ], [ 128.607929370071844, 35.934046957131876 ] ], [ [ 128.608345869186053, 35.934038363069078 ], [ 128.60834586918611, 35.934038363069128 ], [ 128.608181474941148, 35.933957642065216 ], [ 128.608345869186053, 35.934038363069078 ] ], [ [ 128.608847953745794, 35.933665738690991 ], [ 128.609929344022675, 35.93319192772919 ], [ 128.609929344022731, 35.933191927729204 ], [ 128.608847953745794, 35.933665738690991 ] ], [ [ 128.614473784201692, 35.93338931507661 ], [ 128.614473784201664, 35.933389315076653 ], [ 128.613504125928245, 35.933429174301068 ], [ 128.613099451157922, 35.933096272202718 ], [ 128.614473784201692, 35.93338931507661 ] ], [ [ 128.616518116107301, 35.934898466388546 ], [ 128.617360416901363, 35.935022641825839 ], [ 128.616206378543779, 35.934889003844475 ], [ 128.616518116107301, 35.934898466388546 ] ], [ [ 128.618315778593853, 35.93561017898903 ], [ 128.618315778593853, 35.935610178989052 ], [ 128.617930439445416, 35.93532767417971 ], [ 128.618315778593853, 35.93561017898903 ] ], [ [ 128.62405767920481, 35.935514361146097 ], [ 128.623975358708378, 35.935533156532188 ], [ 128.624067514254051, 35.935513202437257 ], [ 128.62405767920481, 35.935514361146097 ] ], [ [ 128.624248300800076, 35.935499558192198 ], [ 128.624094228442033, 35.935510810951271 ], [ 128.624757867082906, 35.935473029678583 ], [ 128.624248300800076, 35.935499558192198 ] ], [ [ 128.618551842296341, 35.905632201600675 ], [ 128.618409343182918, 35.905449913726258 ], [ 128.618473626746095, 35.905493531303662 ], [ 128.618498066409757, 35.905529802892303 ], [ 128.618551458348918, 35.905626819996002 ], [ 128.618551842296341, 35.905632201600675 ] ], [ [ 128.618815532806309, 35.905632411209247 ], [ 128.618815532804859, 35.905632411209375 ], [ 128.61865726947218, 35.905606582098017 ], [ 128.618815532806309, 35.905632411209247 ] ], [ [ 128.619320596243085, 35.90561360640347 ], [ 128.619104190380256, 35.905621497365047 ], [ 128.619329765338421, 35.905613009099227 ], [ 128.619320596243085, 35.90561360640347 ] ], [ [ 128.620572145624436, 35.906813243537975 ], [ 128.619831664622865, 35.905804536251438 ], [ 128.619943430070293, 35.905889274124107 ], [ 128.619947468640049, 35.905892576466606 ], [ 128.620081130458658, 35.906049807118926 ], [ 128.620515076101242, 35.906673893624273 ], [ 128.620572145624436, 35.906813243537975 ] ], [ [ 128.620630920364505, 35.906793260272117 ], [ 128.620891921119124, 35.907106176746694 ], [ 128.620855047123456, 35.907103013708777 ], [ 128.62081362700647, 35.907047528502616 ], [ 128.620639226228178, 35.90680533613876 ], [ 128.620630920364505, 35.906793260272117 ] ], [ [ 128.623375936028935, 35.907508656250315 ], [ 128.62256457649724, 35.906989104925373 ], [ 128.622583848314065, 35.907010768360493 ], [ 128.622709176670753, 35.907151504201757 ], [ 128.622741913673849, 35.907188278747626 ], [ 128.623375936028935, 35.907508656250315 ] ], [ [ 128.625737705202653, 35.906168404893691 ], [ 128.625555024882175, 35.906013406346808 ], [ 128.625696773134905, 35.906123881917381 ], [ 128.625737705202653, 35.906168404893691 ] ], [ [ 128.610702887294224, 35.91283377341486 ], [ 128.610702887295474, 35.912833773414214 ], [ 128.610711095085605, 35.912847589017652 ], [ 128.610702887294224, 35.91283377341486 ] ], [ [ 128.612133257409141, 35.911375399399141 ], [ 128.612395221000156, 35.91149914987507 ], [ 128.612496244615528, 35.911546801003475 ], [ 128.612616279448446, 35.91160340879977 ], [ 128.612736358634123, 35.911660043656809 ], [ 128.613962847291418, 35.912238518059439 ], [ 128.614085514855759, 35.912296367574584 ], [ 128.61420709937795, 35.912353708780046 ], [ 128.614560038089223, 35.912520169019501 ], [ 128.613962847289969, 35.912238518059574 ], [ 128.612496244614107, 35.911546801003489 ], [ 128.612266189445961, 35.911438294918867 ], [ 128.612165398220952, 35.911390752498484 ], [ 128.612133257409141, 35.911375399399141 ] ], [ [ 128.61817540834258, 35.905408215154885 ], [ 128.618157584419009, 35.905396748615182 ], [ 128.618175408343234, 35.905408215154367 ], [ 128.61817540834258, 35.905408215154885 ] ], [ [ 128.608612436601248, 35.917518229973552 ], [ 128.609219372885292, 35.918229043797957 ], [ 128.608355099451529, 35.917173179401125 ], [ 128.608612436601248, 35.917518229973552 ] ], [ [ 128.610520187236062, 35.919402745360166 ], [ 128.610887859153848, 35.919675975469971 ], [ 128.610147505629072, 35.919099563044362 ], [ 128.610520187236062, 35.919402745360166 ] ], [ [ 128.612380977603891, 35.920521506875971 ], [ 128.612380977603976, 35.920521506875964 ], [ 128.612574251452855, 35.920716204699154 ], [ 128.612380977603891, 35.920521506875971 ] ], [ [ 128.617002917934997, 35.924073800317473 ], [ 128.617157234833741, 35.924172266207528 ], [ 128.6166284857905, 35.923786184089941 ], [ 128.617002917934997, 35.924073800317473 ] ], [ [ 128.620125328528587, 35.925866415523849 ], [ 128.620526749423703, 35.926085837786943 ], [ 128.619617470322424, 35.925574098430289 ], [ 128.620125328528587, 35.925866415523849 ] ], [ [ 128.622024655889959, 35.926922495878649 ], [ 128.622057150519908, 35.926951569866482 ], [ 128.621339857400017, 35.926536957730406 ], [ 128.622024655889959, 35.926922495878649 ] ], [ [ 128.622783963263259, 35.927378168357315 ], [ 128.623134786974219, 35.927525884808162 ], [ 128.622602996641433, 35.927300828413976 ], [ 128.622783963263259, 35.927378168357315 ] ], [ [ 128.624270944796024, 35.927981862718411 ], [ 128.624423631098608, 35.928028703258107 ], [ 128.62411481004446, 35.927919603908016 ], [ 128.624270944796024, 35.927981862718411 ] ], [ [ 128.626115925069996, 35.928461459102316 ], [ 128.626115925069996, 35.928461459102287 ], [ 128.626405520517608, 35.928496979775225 ], [ 128.626115925069996, 35.928461459102316 ] ], [ [ 128.627064958442134, 35.929303794740527 ], [ 128.627065096474411, 35.92930504263056 ], [ 128.627048909036262, 35.929156640016643 ], [ 128.627064958442134, 35.929303794740527 ] ], [ [ 128.627355439770952, 35.92947186092745 ], [ 128.627474465663994, 35.929486502423053 ], [ 128.627112088375441, 35.929385030183965 ], [ 128.627355439770952, 35.92947186092745 ] ], [ [ 128.600372413297606, 35.957072555074816 ], [ 128.600322027731096, 35.957261410238203 ], [ 128.600322027731096, 35.957261410238175 ], [ 128.600372413297606, 35.957072555074816 ] ], [ [ 128.603545583456963, 35.955041637054272 ], [ 128.603545583456963, 35.955041637054244 ], [ 128.603599301220441, 35.955030034941885 ], [ 128.603545583456963, 35.955041637054272 ] ], [ [ 128.60438002943738, 35.954276571962794 ], [ 128.604380029437408, 35.954276571962758 ], [ 128.60451187841727, 35.954239067256225 ], [ 128.60438002943738, 35.954276571962794 ] ], [ [ 128.606805328166701, 35.952586966931747 ], [ 128.606986249391468, 35.952106904924975 ], [ 128.606832883342378, 35.952513855379138 ], [ 128.606805328166701, 35.952586966931747 ] ], [ [ 128.606546782521832, 35.950392981118888 ], [ 128.606986805555152, 35.951031803644447 ], [ 128.607076499394566, 35.951496971756519 ], [ 128.606986805555039, 35.951031803644504 ], [ 128.606547074388402, 35.950574795386139 ], [ 128.606546782521832, 35.950392981118888 ] ], [ [ 128.606228680214656, 35.949136854567712 ], [ 128.606228680214656, 35.949136854567747 ], [ 128.606225689308957, 35.949130230435053 ], [ 128.606228680214656, 35.949136854567712 ] ], [ [ 128.605835674151422, 35.948534530006924 ], [ 128.605835674151336, 35.948534530006881 ], [ 128.605653436485767, 35.948391958954574 ], [ 128.605835674151422, 35.948534530006924 ] ], [ [ 128.604904759368395, 35.947486086045444 ], [ 128.604237708527791, 35.947230139302356 ], [ 128.604237708527791, 35.947230139302334 ], [ 128.604904759368395, 35.947486086045444 ] ], [ [ 128.604146843401878, 35.946620110937573 ], [ 128.604222512629775, 35.947112884109934 ], [ 128.604234480331456, 35.947205229765565 ], [ 128.604146843401878, 35.946620110937573 ] ], [ [ 128.603810152798872, 35.945965208728062 ], [ 128.603810152798872, 35.945965208728097 ], [ 128.603409420051292, 35.945823398949514 ], [ 128.603810152798872, 35.945965208728062 ] ], [ [ 128.603262670955473, 35.945771467937846 ], [ 128.600287370628223, 35.944997913183165 ], [ 128.601274510796827, 35.945067881164384 ], [ 128.603262670955473, 35.945771467937846 ] ], [ [ 128.604734087058489, 35.945492398556134 ], [ 128.604387303492416, 35.945410889267073 ], [ 128.604734087059484, 35.945492398556055 ], [ 128.604734087058489, 35.945492398556134 ] ], [ [ 128.605402772738557, 35.945442560683937 ], [ 128.605402772738472, 35.945442560683965 ], [ 128.605295493596032, 35.945450543358561 ], [ 128.605402772738557, 35.945442560683937 ] ], [ [ 128.608123997673346, 35.944845782660821 ], [ 128.608123997671925, 35.944845782660941 ], [ 128.607396706850352, 35.94482284926422 ], [ 128.608123997673346, 35.944845782660821 ] ], [ [ 128.609657264226001, 35.941021946725037 ], [ 128.609720430669853, 35.941038492184532 ], [ 128.60972043066991, 35.941038492184951 ], [ 128.609657264226001, 35.941021946725037 ] ], [ [ 128.61067100458979, 35.940673473729099 ], [ 128.611135495928778, 35.94079259553952 ], [ 128.611433908348488, 35.940814212656413 ], [ 128.611135495927414, 35.940792595539541 ], [ 128.61067100458979, 35.940673473729099 ] ], [ [ 128.611710609215436, 35.940720923716128 ], [ 128.612007310727478, 35.940765965853494 ], [ 128.611942053929653, 35.940764312157377 ], [ 128.611710609213986, 35.940720923716142 ], [ 128.611601286965055, 35.940715053195689 ], [ 128.611710609215436, 35.940720923716128 ] ], [ [ 128.612338852812201, 35.940562957280235 ], [ 128.612327017795707, 35.940578564283918 ], [ 128.612327017794797, 35.94057856428347 ], [ 128.612338852812201, 35.940562957280235 ] ], [ [ 128.610102861918108, 35.938171013444475 ], [ 128.610582192098946, 35.938332047958262 ], [ 128.611170938107875, 35.938513497739415 ], [ 128.610196627838718, 35.938213767071566 ], [ 128.610136350558236, 35.938189327481517 ], [ 128.610102861918108, 35.938171013444475 ] ], [ [ 128.585887062641348, 35.937236738861237 ], [ 128.588812512236132, 35.938081315567118 ], [ 128.589571751857505, 35.938781358091333 ], [ 128.589893820053078, 35.939357069099415 ], [ 128.591539156156358, 35.93979890316168 ], [ 128.589893820051714, 35.93935706909943 ], [ 128.588812512234796, 35.938081315567182 ], [ 128.588191515171019, 35.938000222575994 ], [ 128.587747956141072, 35.937942295793867 ], [ 128.587528122082972, 35.937897332645342 ], [ 128.585897966519582, 35.937241129549527 ], [ 128.585887062641348, 35.937236738861237 ] ], [ [ 128.592386736307191, 35.939729957350437 ], [ 128.59234442544053, 35.939729650940798 ], [ 128.591997926121735, 35.939727171797784 ], [ 128.592344425441837, 35.939729650940741 ], [ 128.592386736308526, 35.939729957350423 ], [ 128.592768976296924, 35.939732689919012 ], [ 128.592386736307191, 35.939729957350437 ] ], [ [ 128.593082383640393, 35.939734930414751 ], [ 128.597105184111001, 35.943596178879616 ], [ 128.597857446964639, 35.944923599406678 ], [ 128.598730941960156, 35.944990583557932 ], [ 128.599563298310983, 35.945425224478456 ], [ 128.597857446963246, 35.944923599406742 ], [ 128.59394959912342, 35.941779686478966 ], [ 128.593082383640393, 35.939734930414751 ] ], [ [ 128.600447029517682, 35.957902087269389 ], [ 128.60051339016303, 35.958242211801611 ], [ 128.600342860001177, 35.957368182767681 ], [ 128.600447029517682, 35.957902087269389 ] ], [ [ 128.600863064411413, 35.960034339311868 ], [ 128.600924818181369, 35.960350858242933 ], [ 128.600705479457076, 35.959226706994272 ], [ 128.600863064411413, 35.960034339311868 ] ], [ [ 128.603534753855484, 35.964829248522342 ], [ 128.602993900313436, 35.965845723086403 ], [ 128.603560179563203, 35.964781465718318 ], [ 128.603534753855484, 35.964829248522342 ] ], [ [ 128.60295893296589, 35.967922285300041 ], [ 128.603275257221924, 35.967006184137446 ], [ 128.603005676697052, 35.967786914083383 ], [ 128.60295893296589, 35.967922285300041 ] ], [ [ 128.603153247349127, 35.970735603260344 ], [ 128.603261534184441, 35.969865972245117 ], [ 128.603214617612821, 35.971541167241242 ], [ 128.603153247349127, 35.970735603260344 ] ], [ [ 128.603639699428783, 35.973632440733638 ], [ 128.603193848272923, 35.972819065700172 ], [ 128.603639699428783, 35.973632440733631 ], [ 128.603639699428783, 35.973632440733638 ] ], [ [ 128.601717933301842, 35.975087184000493 ], [ 128.601516429441659, 35.976039513151704 ], [ 128.601827079918962, 35.975022758461193 ], [ 128.601717933301842, 35.975087184000493 ] ], [ [ 128.601887788152482, 35.977184224650209 ], [ 128.601936300043945, 35.977388606766617 ], [ 128.601860312559211, 35.977069277884894 ], [ 128.601887788152482, 35.977184224650209 ] ], [ [ 128.602226574914511, 35.978675924156406 ], [ 128.602139604347713, 35.978092525158054 ], [ 128.602167539717385, 35.979020067664472 ], [ 128.602226574914511, 35.978675924156406 ] ], [ [ 128.602081686628054, 35.981337443015185 ], [ 128.602131225662475, 35.981763253970378 ], [ 128.602046029801272, 35.981031025201908 ], [ 128.602081686628054, 35.981337443015185 ] ], [ [ 128.602244052014584, 35.982501833357816 ], [ 128.602445038264221, 35.982855729083155 ], [ 128.602236352448017, 35.982462852880673 ], [ 128.602244052014584, 35.982501833357816 ] ], [ [ 128.602745640849719, 35.984916140935141 ], [ 128.602977334832616, 35.984456461679791 ], [ 128.602878399270736, 35.985810360107735 ], [ 128.602745640849719, 35.984916140935141 ] ] ] ] } },
{ "type": "Feature", "properties": { "sigungu_cd": "27170", "sigungu_nm": "서구" }, "geometry": { "type": "MultiPolygon", "coordinates": [ [ [ [ 128.579445309393236, 35.870688131232939 ], [ 128.573799874970206, 35.865417090912587 ], [ 128.574215331322591, 35.862664637866793 ], [ 128.548169505683973, 35.854281514267214 ], [ 128.54752109776058, 35.856497751291592 ], [ 128.540278962604305, 35.856214807152099 ], [ 128.540020896079852, 35.858661676155272 ], [ 128.533273476739538, 35.858670776954938 ], [ 128.533948155625012, 35.861974411644844 ], [ 128.527636796531169, 35.861536839570874 ], [ 128.526525716118869, 35.863100690496744 ], [ 128.527777818612634, 35.864448164303553 ], [ 128.52487647995531, 35.866996091848165 ], [ 128.520683019431232, 35.867337302140278 ], [ 128.518791581509277, 35.869497574602867 ], [ 128.521134082739678, 35.872516475298426 ], [ 128.52031418186138, 35.876271588288276 ], [ 128.516272253022549, 35.88291235016959 ], [ 128.526255435978925, 35.8881762269598 ], [ 128.528723090979724, 35.885868751886591 ], [ 128.533958723213118, 35.88519231702935 ], [ 128.536181367382483, 35.886273183706088 ], [ 128.540812036733485, 35.893333873875214 ], [ 128.551868775372299, 35.896971970200859 ], [ 128.55313303908963, 35.895413070811145 ], [ 128.551665049706259, 35.893967849427561 ], [ 128.554826631771988, 35.890817517003683 ], [ 128.575845055387646, 35.887651218547518 ], [ 128.581779353891278, 35.885182970200944 ], [ 128.579954710706204, 35.879182110739329 ], [ 128.577680873287676, 35.879647405393399 ], [ 128.579015612971602, 35.875401988935316 ], [ 128.576699729433813, 35.8762475579232 ], [ 128.575475707038748, 35.8739062199895 ], [ 128.576753502641196, 35.871933856640936 ], [ 128.579376083839321, 35.872857217850203 ], [ 128.579445309393236, 35.870688131232939 ] ], [ [ 128.533824151648275, 35.884576754462081 ], [ 128.533851436729066, 35.884701545782306 ], [ 128.533958723213118, 35.88519231702935 ], [ 128.533824151648275, 35.884576754462081 ] ], [ [ 128.535401826444144, 35.88385027000492 ], [ 128.535438559015205, 35.883835147164042 ], [ 128.535388393817271, 35.883855805553544 ], [ 128.535401826444144, 35.88385027000492 ] ], [ [ 128.535478925109487, 35.883818521143269 ], [ 128.535491680503327, 35.88381327135297 ], [ 128.535468993135567, 35.883822614174271 ], [ 128.535478925109487, 35.883818521143269 ] ], [ [ 128.536048470093533, 35.883503665157335 ], [ 128.53607797996753, 35.883483465616521 ], [ 128.53600006886623, 35.883536814359111 ], [ 128.536048470093533, 35.883503665157335 ] ], [ [ 128.536256584782961, 35.883412283821244 ], [ 128.536382310374364, 35.88337490970811 ], [ 128.536625794053776, 35.883300950379038 ], [ 128.536256584782961, 35.883412283821244 ] ], [ [ 128.538033316463157, 35.88319604134815 ], [ 128.537871951898552, 35.883207224905682 ], [ 128.536932114727136, 35.883272340462511 ], [ 128.538033316463157, 35.88319604134815 ] ], [ [ 128.541229075640302, 35.88298593162115 ], [ 128.541388731835127, 35.882973887891119 ], [ 128.541747533719473, 35.882950603723799 ], [ 128.541229075640302, 35.88298593162115 ] ], [ [ 128.552297054572563, 35.882284952879026 ], [ 128.552310643689964, 35.882298522251297 ], [ 128.552284170233008, 35.882272089105768 ], [ 128.552297054572563, 35.882284952879026 ] ], [ [ 128.554245659936129, 35.882192537332401 ], [ 128.553870933398287, 35.882222910289066 ], [ 128.553869714690421, 35.882223004884146 ], [ 128.554245659936129, 35.882192537332401 ] ], [ [ 128.554245659936129, 35.882192537332401 ], [ 128.554862876959874, 35.882162794607801 ], [ 128.554910286805864, 35.882105453878516 ], [ 128.554957887231183, 35.882088595173677 ], [ 128.554245659936129, 35.882192537332401 ] ], [ [ 128.555409586759225, 35.882027765706972 ], [ 128.555405620104409, 35.882024182076968 ], [ 128.555214207540644, 35.881628125261933 ], [ 128.555409586759225, 35.882027765706972 ] ], [ [ 128.554983944428216, 35.881023638687864 ], [ 128.554938394928115, 35.880868023902067 ], [ 128.554987280248213, 35.881035033718426 ], [ 128.554983944428216, 35.881023638687864 ] ], [ [ 128.558910013589724, 35.880989256502374 ], [ 128.558809284119661, 35.881034848498757 ], [ 128.558797826736622, 35.881040033458589 ], [ 128.558910013589724, 35.880989256502374 ] ], [ [ 128.561363228754686, 35.880456408879269 ], [ 128.561382496327298, 35.880458651450219 ], [ 128.561350579212188, 35.880454938579632 ], [ 128.561363228754686, 35.880456408879269 ] ], [ [ 128.562160841078509, 35.880512285115124 ], [ 128.562089775323045, 35.880502859617977 ], [ 128.561911214748875, 35.880479161732723 ], [ 128.562160841078509, 35.880512285115124 ] ], [ [ 128.563797952810972, 35.880596571025166 ], [ 128.563783858203863, 35.880597121878154 ], [ 128.563726736813436, 35.880599347088086 ], [ 128.563797952810972, 35.880596571025166 ] ], [ [ 128.567831959732956, 35.880425120260199 ], [ 128.567807069214268, 35.880432510686909 ], [ 128.567797286052468, 35.880435413406481 ], [ 128.567831959732956, 35.880425120260199 ] ], [ [ 128.568232059404465, 35.880340964239153 ], [ 128.568231426853202, 35.880343242090852 ], [ 128.568212102938162, 35.88041232441492 ], [ 128.568232059404465, 35.880340964239153 ] ], [ [ 128.568133676282912, 35.879800307980403 ], [ 128.568155195788563, 35.87984657407177 ], [ 128.568166469957333, 35.879870822000761 ], [ 128.568133676282912, 35.879800307980403 ] ], [ [ 128.568131979586809, 35.877749091926908 ], [ 128.56811616293092, 35.87772124968356 ], [ 128.568133679732682, 35.877752081159755 ], [ 128.568131979586809, 35.877749091926908 ] ], [ [ 128.568079332702922, 35.877580793952689 ], [ 128.568031558769462, 35.877495787993055 ], [ 128.568087799596213, 35.877595848146932 ], [ 128.568079332702922, 35.877580793952689 ] ], [ [ 128.568183895033826, 35.871059533725422 ], [ 128.568181984364657, 35.871081003376972 ], [ 128.568178434667715, 35.871120825370269 ], [ 128.568183895033826, 35.871059533725422 ] ], [ [ 128.568444160022636, 35.869667551841864 ], [ 128.568436225643666, 35.869725716306675 ], [ 128.568432362293294, 35.869754028352745 ], [ 128.568444160022636, 35.869667551841864 ] ], [ [ 128.568667377387698, 35.868740069932159 ], [ 128.568682758396875, 35.868684834259128 ], [ 128.568665073568411, 35.868748353041816 ], [ 128.568667377387698, 35.868740069932159 ] ], [ [ 128.568682331005846, 35.86866772718264 ], [ 128.568682277018638, 35.86866543783831 ], [ 128.568682758396875, 35.868684834259128 ], [ 128.568682331005846, 35.86866772718264 ] ], [ [ 128.568680510624574, 35.868597279699159 ], [ 128.568676771749097, 35.868494795230333 ], [ 128.568680722901831, 35.86860303938812 ], [ 128.568680510624574, 35.868597279699159 ] ], [ [ 128.56867239352087, 35.868452880805592 ], [ 128.568670099626928, 35.868443049025068 ], [ 128.568675509792172, 35.868466230385017 ], [ 128.56867239352087, 35.868452880805592 ] ], [ [ 128.553498813291867, 35.863030803114775 ], [ 128.553492651100925, 35.863029969027188 ], [ 128.551570588026664, 35.862767772522275 ], [ 128.553498813291867, 35.863030803114775 ] ], [ [ 128.556228062179031, 35.863510349712328 ], [ 128.556226182444561, 35.86350991015135 ], [ 128.556412876432063, 35.863553014201109 ], [ 128.556228062179031, 35.863510349712328 ] ], [ [ 128.57286317844472, 35.885395975538927 ], [ 128.5727997804822, 35.885460809555319 ], [ 128.572828311309479, 35.885431630153377 ], [ 128.57286317844472, 35.885395975538927 ] ], [ [ 128.573215317054036, 35.884424065756861 ], [ 128.5733404329238, 35.884717278866603 ], [ 128.573218051166265, 35.884430483305593 ], [ 128.573215317054036, 35.884424065756861 ] ], [ [ 128.573008586791701, 35.883922339415122 ], [ 128.57307035240521, 35.884071957920355 ], [ 128.573054632163149, 35.884033887639902 ], [ 128.573008586791701, 35.883922339415122 ] ], [ [ 128.576084097952929, 35.880102438954687 ], [ 128.575912646686561, 35.880183745296215 ], [ 128.575998377924378, 35.880143087669957 ], [ 128.576084097952929, 35.880102438954687 ] ], [ [ 128.533759875649395, 35.884376843372316 ], [ 128.533759970756932, 35.884376980334387 ], [ 128.533409722804777, 35.883879195679448 ], [ 128.533759875649395, 35.884376843372316 ] ] ] ] } },
{ "type": "Feature", "properties": { "sigungu_cd": "27110", "sigungu_nm": "중구" }, "geometry": { "type": "MultiPolygon", "coordinates": [ [ [ [ 128.608355669987105, 35.854950132940203 ], [ 128.582892850470671, 35.856283808258986 ], [ 128.574460500470622, 35.859987272274836 ], [ 128.573757227143119, 35.865289044022582 ], [ 128.579628457575012, 35.870313182569973 ], [ 128.579338789593947, 35.8727361854883 ], [ 128.576708295383156, 35.871806658040519 ], [ 128.5755267187416, 35.873014966716568 ], [ 128.576656883653499, 35.876123549111497 ], [ 128.578973063619998, 35.875273692064354 ], [ 128.577635613353436, 35.879526939354491 ], [ 128.603790699939992, 35.873897460335904 ], [ 128.612410178216891, 35.874170009351666 ], [ 128.614626230677828, 35.868192057583691 ], [ 128.612673664438944, 35.863912768018238 ], [ 128.608571200784354, 35.86200488535998 ], [ 128.608355669987105, 35.854950132940203 ] ], [ [ 128.596250028444388, 35.85995903382377 ], [ 128.596251854349276, 35.859957601988299 ], [ 128.596245085036827, 35.859963024743926 ], [ 128.596250028444388, 35.85995903382377 ] ], [ [ 128.590407076104327, 35.876314852769703 ], [ 128.590407163295595, 35.876315123439944 ], [ 128.590407435332224, 35.876316052647773 ], [ 128.590407076104327, 35.876314852769703 ] ], [ [ 128.596288597837713, 35.866727508628991 ], [ 128.596288486980171, 35.866727535292384 ], [ 128.59628740091523, 35.866727729902941 ], [ 128.596288597837713, 35.866727508628991 ] ], [ [ 128.603318582887738, 35.867460729108736 ], [ 128.603300538335446, 35.867464499587044 ], [ 128.603318539230344, 35.867460602790196 ], [ 128.603318582887738, 35.867460729108736 ] ], [ [ 128.605377300720846, 35.867026393979948 ], [ 128.605358151623165, 35.867029665443944 ], [ 128.605377500197193, 35.867026358587914 ], [ 128.605377300720846, 35.867026393979948 ] ], [ [ 128.607467951656247, 35.866614199606644 ], [ 128.607369493671087, 35.866632937959736 ], [ 128.607468361721544, 35.866614119839554 ], [ 128.607467951656247, 35.866614199606644 ] ], [ [ 128.600697754508303, 35.860529431783718 ], [ 128.600697732819583, 35.860529341587124 ], [ 128.600716660590535, 35.860481783064017 ], [ 128.600697754508303, 35.860529431783718 ] ] ] ] } },
{ "type": "Feature", "properties": { "sigungu_cd": "27140", "sigungu_nm": "동구" }, "geometry": { "type": "MultiPolygon", "coordinates": [ [ [ [ 128.659361077157257, 35.876496221732182 ], [ 128.655232643959494, 35.87621776193928 ], [ 128.649543876611688, 35.878442700919933 ], [ 128.634173796890707, 35.871639579890946 ], [ 128.629806069824212, 35.866639511571421 ], [ 128.614697887474847, 35.868081174174897 ], [ 128.612480253102802, 35.874042431298165 ], [ 128.606631907381683, 35.876853743680179 ], [ 128.611704047106429, 35.880733436504308 ], [ 128.617344358296435, 35.889259529308092 ], [ 128.622084262575015, 35.892395312618874 ], [ 128.62788356774746, 35.88944138461445 ], [ 128.631581633672283, 35.893105929051679 ], [ 128.626803863918155, 35.904143025036674 ], [ 128.631908600984474, 35.911872019234373 ], [ 128.632416593046713, 35.916738630715329 ], [ 128.631005250443678, 35.927321290802922 ], [ 128.629022313731269, 35.929599223483017 ], [ 128.624595493684751, 35.929781148157161 ], [ 128.627389119680061, 35.931094049878773 ], [ 128.624379733028803, 35.936488442269216 ], [ 128.626075746999248, 35.938866682631037 ], [ 128.626372180828241, 35.945364737200791 ], [ 128.622497090926515, 35.946169459233786 ], [ 128.622302043471223, 35.948439258354405 ], [ 128.622667631000382, 35.952234463508312 ], [ 128.626010480398435, 35.958153586619666 ], [ 128.621669180736404, 35.96214129968029 ], [ 128.622373962364804, 35.965500204437191 ], [ 128.617493040960511, 35.970698302859255 ], [ 128.618652803095159, 35.976137464897349 ], [ 128.61479777772854, 35.978205042895205 ], [ 128.612595023326747, 35.982663836125248 ], [ 128.609085181795081, 35.985402450283303 ], [ 128.602989060433259, 35.987723495140401 ], [ 128.609471476484714, 35.996618326411891 ], [ 128.615141864233578, 36.000871833397987 ], [ 128.616910720463977, 36.006635366552565 ], [ 128.630000130716894, 36.007071250262854 ], [ 128.640226060967024, 36.010568596700409 ], [ 128.644082723433769, 36.010490667023198 ], [ 128.650415306711807, 36.007377558556115 ], [ 128.653591171926422, 36.009532791344959 ], [ 128.664834250803352, 36.010607476295306 ], [ 128.668918357321132, 36.013367559001701 ], [ 128.676851802399796, 36.013362561478388 ], [ 128.679484714475848, 36.01493747758461 ], [ 128.686489667188113, 36.014262631954587 ], [ 128.69499957637629, 36.016386930603808 ], [ 128.696311279380495, 36.013411906982554 ], [ 128.700878456014692, 36.011074456455418 ], [ 128.71734394727747, 36.008364387208516 ], [ 128.726379433306448, 36.00348019278119 ], [ 128.728116211841694, 36.000973557701684 ], [ 128.72773058676691, 35.998609098097326 ], [ 128.731395993644611, 35.997784357809273 ], [ 128.734394432275536, 35.993213500038891 ], [ 128.731140851720141, 35.989630353504822 ], [ 128.730542478390049, 35.985589054952975 ], [ 128.736260083331473, 35.981436867388375 ], [ 128.738368260025794, 35.977106166399345 ], [ 128.74576293566389, 35.97317001762282 ], [ 128.745505204307989, 35.967904824687118 ], [ 128.743017029659512, 35.965046772695437 ], [ 128.742566704328027, 35.960228153657823 ], [ 128.737529117109204, 35.956228293484969 ], [ 128.740261333964213, 35.953561323726703 ], [ 128.743701842369006, 35.944226289035392 ], [ 128.739142358829298, 35.937699216666623 ], [ 128.740503507808597, 35.937153718659509 ], [ 128.737804421438199, 35.934392961683685 ], [ 128.738139096670608, 35.930787843517599 ], [ 128.736518317940039, 35.929868838344305 ], [ 128.742625733663829, 35.920690383240412 ], [ 128.755280591010489, 35.915254798624339 ], [ 128.759810451253742, 35.907090074823373 ], [ 128.756513320732694, 35.903823591416661 ], [ 128.757737052997243, 35.895606799143806 ], [ 128.762651519556329, 35.888770303323007 ], [ 128.761216967202472, 35.888125063815593 ], [ 128.758703987658322, 35.878827181625702 ], [ 128.756892377789086, 35.87811150613507 ], [ 128.757497472222667, 35.876306138011778 ], [ 128.761206534192752, 35.874739832430507 ], [ 128.757728592028769, 35.870317680918184 ], [ 128.759874333137219, 35.868753198582802 ], [ 128.759802636260162, 35.866372368258155 ], [ 128.755072100421614, 35.863838360773229 ], [ 128.750786147243559, 35.857768601949132 ], [ 128.736284374809571, 35.85152441841047 ], [ 128.724186635977105, 35.860198002686985 ], [ 128.711504062998074, 35.861038553025004 ], [ 128.703142066833209, 35.857715404546873 ], [ 128.685440583847281, 35.859301497619448 ], [ 128.680089688864399, 35.862275193677235 ], [ 128.679935589698204, 35.866824290122636 ], [ 128.675832921600886, 35.873410892566291 ], [ 128.664965494413423, 35.872920554448847 ], [ 128.659361077157257, 35.876496221732182 ] ], [ [ 128.671382382007863, 35.896449321383699 ], [ 128.671382106224428, 35.896449050253942 ], [ 128.671361502443091, 35.896428129937355 ], [ 128.671382382007863, 35.896449321383699 ] ], [ [ 128.678616731438211, 35.897424749694288 ], [ 128.678616376591776, 35.89742484787682 ], [ 128.678348330974984, 35.897494360645545 ], [ 128.678616731438211, 35.897424749694288 ] ], [ [ 128.629546555273436, 35.878568507251657 ], [ 128.627834789482677, 35.878128247759236 ], [ 128.630058726073514, 35.878700230970594 ], [ 128.629546555273436, 35.878568507251657 ] ], [ [ 128.65894932888358, 35.896331684991843 ], [ 128.658949438364516, 35.896331982712894 ], [ 128.658974641328768, 35.896405559634424 ], [ 128.65894932888358, 35.896331684991843 ] ], [ [ 128.647065528353806, 35.912714273952929 ], [ 128.647065594583353, 35.912714328222464 ], [ 128.647352206674583, 35.913229572290042 ], [ 128.647065528353806, 35.912714273952929 ] ], [ [ 128.64693833234287, 35.912387029148206 ], [ 128.646842831506234, 35.912310872086699 ], [ 128.646810420242787, 35.912285019037903 ], [ 128.64693833234287, 35.912387029148206 ] ], [ [ 128.704198709882007, 35.859359408410207 ], [ 128.704223707420823, 35.859401261019435 ], [ 128.704221715964792, 35.859397930495888 ], [ 128.704198709882007, 35.859359408410207 ] ], [ [ 128.699015163008625, 35.873647287155073 ], [ 128.699056513178135, 35.873643615036876 ], [ 128.698979384514757, 35.873650468591173 ], [ 128.699015163008625, 35.873647287155073 ] ], [ [ 128.700504645403356, 35.87350820763411 ], [ 128.700505586954876, 35.873508119868404 ], [ 128.699703771071569, 35.873586057882719 ], [ 128.700504645403356, 35.87350820763411 ] ], [ [ 128.701089983554368, 35.873449721816627 ], [ 128.701156505596714, 35.873442380759336 ], [ 128.700994336783197, 35.873460603985777 ], [ 128.701089983554368, 35.873449721816627 ] ], [ [ 128.674711789499838, 35.878272746754568 ], [ 128.674640091123763, 35.878465732973147 ], [ 128.674711479769172, 35.878272664800285 ], [ 128.674711789499838, 35.878272746754568 ] ], [ [ 128.704078499569192, 35.964463484621312 ], [ 128.70385531293266, 35.964243544956311 ], [ 128.704078599003054, 35.964463574990759 ], [ 128.704078499569192, 35.964463484621312 ] ], [ [ 128.735043671728448, 35.865050424368306 ], [ 128.735043328438536, 35.865050441632 ], [ 128.735064701772387, 35.865049137154706 ], [ 128.735043671728448, 35.865050424368306 ] ], [ [ 128.734696502188967, 35.87549866986172 ], [ 128.73469729507687, 35.87550328599243 ], [ 128.734666434546398, 35.875324572843198 ], [ 128.734696502188967, 35.87549866986172 ] ] ] ] } }
]
}
