{
"type": "FeatureCollection",
"name": "29",
"crs": { "type": "name", "properties": { "name": "urn:ogc:def:crs:OGC:1.3:CRS84" } },
"features": [
{ "type": "Feature", "properties": { "sigungu_cd": "29170", "sigungu_nm": "북구" }, "geometry": { "type": "MultiPolygon", "coordinates": [ [ [ [ 126.88416623838782, 35.169725638383952 ], [ 126.859862133889607, 35.172312229248888 ], [ 126.838744195518899, 35.178421889028009 ], [ 126.841383713403175, 35.181847876188179 ], [ 126.844770336256289, 35.182195023799139 ], [ 126.84711262210395, 35.179549152283286 ], [ 126.850863886551679, 35.179800338376872 ], [ 126.852596894021772, 35.18221925189124 ], [ 126.858708983152638, 35.183157350678535 ], [ 126.860403013531752, 35.185682825379914 ], [ 126.858976586708337, 35.194320214450791 ], [ 126.852779378342902, 35.196629663105149 ], [ 126.851966097435763, 35.198310711832271 ], [ 126.855347167865546, 35.201466767652661 ], [ 126.852732803787376, 35.212333270309678 ], [ 126.85701267581895, 35.217489862677922 ], [ 126.853022920022852, 35.218049640139512 ], [ 126.853049121032186, 35.221939332933282 ], [ 126.846194616561704, 35.221970667472625 ], [ 126.844731357766278, 35.225899000469411 ], [ 126.838047918993354, 35.223991034939679 ], [ 126.834881627082069, 35.229185648416582 ], [ 126.840083025876709, 35.230734006417855 ], [ 126.840806226079067, 35.234394354080095 ], [ 126.844886912910042, 35.234630191271812 ], [ 126.84429878669809, 35.236992395628434 ], [ 126.847258910075439, 35.23723172260221 ], [ 126.848067987316753, 35.235761364264384 ], [ 126.8515649930699, 35.238304580300905 ], [ 126.859407366664897, 35.2400045919983 ], [ 126.862537350403741, 35.24523892178717 ], [ 126.869151572005379, 35.246196975257888 ], [ 126.874208337545369, 35.250057671939629 ], [ 126.879598365168277, 35.251522658551075 ], [ 126.879209316661701, 35.248043138751591 ], [ 126.889622003655177, 35.246657210080258 ], [ 126.891401409000366, 35.24987960955162 ], [ 126.900164363953834, 35.253821166480328 ], [ 126.904090145413136, 35.257804955057154 ], [ 126.911076051525896, 35.258467764547191 ], [ 126.914659953453906, 35.258201319742199 ], [ 126.921419353898017, 35.253240543275268 ], [ 126.929358727057831, 35.252453560629519 ], [ 126.933743075014334, 35.24693494879228 ], [ 126.932269246981576, 35.240678039857848 ], [ 126.942262162666808, 35.236192588815634 ], [ 126.943505390147706, 35.231748487687085 ], [ 126.947545453019742, 35.230795506451997 ], [ 126.951801284899418, 35.224581559064134 ], [ 126.953640034712024, 35.225626623549651 ], [ 126.949787566785602, 35.222277168406116 ], [ 126.948900743128149, 35.219080491291948 ], [ 126.956390910439524, 35.207201432629432 ], [ 126.965533043753197, 35.203297850322947 ], [ 126.966180423584646, 35.200885159329303 ], [ 126.958622279397161, 35.193095567071992 ], [ 126.968135210890921, 35.181135792340356 ], [ 126.971696728761998, 35.179830489993478 ], [ 126.972094374196587, 35.184964924688181 ], [ 126.973968400212911, 35.186153776556594 ], [ 126.978212045127023, 35.186211521662855 ], [ 126.981956816858087, 35.183949873192049 ], [ 126.985803909137601, 35.188631944937832 ], [ 126.991111205937287, 35.186390612461871 ], [ 126.996680291744255, 35.189002566861063 ], [ 126.999968608250711, 35.188816161993145 ], [ 127.013523709365799, 35.180252872389261 ], [ 127.015794928902295, 35.175633855723447 ], [ 127.02224275296588, 35.171328629447594 ], [ 127.020847642155744, 35.167225443229491 ], [ 127.016780246319456, 35.16533576268376 ], [ 127.011299433406379, 35.166166569568873 ], [ 127.009925565999012, 35.16368339968561 ], [ 127.011662877910666, 35.161272080759865 ], [ 127.007746158634902, 35.155971230237995 ], [ 127.009680742471701, 35.149651765925817 ], [ 127.007192731716813, 35.143889232904449 ], [ 127.009291387589244, 35.141789251047868 ], [ 127.008923318894801, 35.132630813523924 ], [ 127.011892263943992, 35.127834707363085 ], [ 127.01067050521543, 35.124333088749246 ], [ 127.004354383653848, 35.1212456713208 ], [ 126.995330545858465, 35.123382893644433 ], [ 126.992543650946914, 35.122631140509505 ], [ 126.982406319660839, 35.137591013527256 ], [ 126.972726105451201, 35.138419663178112 ], [ 126.971012655865792, 35.136583071700208 ], [ 126.968429255947598, 35.136738330643361 ], [ 126.961860241387242, 35.14033500614272 ], [ 126.955251569926787, 35.140535743840999 ], [ 126.951435367771367, 35.144511484204152 ], [ 126.953753772041409, 35.145708392206608 ], [ 126.955387317773187, 35.151972978034017 ], [ 126.945758367282707, 35.155554779221205 ], [ 126.944432303747504, 35.15871944929323 ], [ 126.938853964370225, 35.159052451078722 ], [ 126.938860333785613, 35.16178539569232 ], [ 126.930732164501094, 35.16021051455094 ], [ 126.928206050443336, 35.16248102960153 ], [ 126.916320514563594, 35.16548902005816 ], [ 126.912543858661806, 35.155718445533672 ], [ 126.907148470125279, 35.151440729007803 ], [ 126.898207803130319, 35.158408087600741 ], [ 126.887780407170965, 35.161399064278037 ], [ 126.88416623838782, 35.169725638383952 ] ], [ [ 126.910316401767915, 35.213666357436438 ], [ 126.910405024605367, 35.213684243701117 ], [ 126.910565821715807, 35.213716713780769 ], [ 126.910316401767915, 35.213666357436438 ] ], [ [ 126.896465360524033, 35.192847604571043 ], [ 126.896776031283906, 35.192650225664366 ], [ 126.896329449981138, 35.192940767286409 ], [ 126.896465360524033, 35.192847604571043 ] ], [ [ 126.909018623752047, 35.172665827054814 ], [ 126.909072617043194, 35.17266967193644 ], [ 126.908932411848895, 35.172662038674332 ], [ 126.909018623752047, 35.172665827054814 ] ], [ [ 126.91579296302379, 35.176004454787922 ], [ 126.915521613182719, 35.179010025707079 ], [ 126.915521508848698, 35.179010116750625 ], [ 126.91579296302379, 35.176004454787922 ] ], [ [ 126.919347530204405, 35.170765662429226 ], [ 126.917949808061678, 35.171567433575063 ], [ 126.917225181334928, 35.170472754454508 ], [ 126.919347530204405, 35.170765662429226 ] ], [ [ 126.917125576324452, 35.1692988259827 ], [ 126.916532784014535, 35.169009140949093 ], [ 126.917531677725862, 35.168490782491212 ], [ 126.917125576324452, 35.1692988259827 ] ], [ [ 126.866015046064547, 35.227473150527445 ], [ 126.866015046049583, 35.227473159540857 ], [ 126.865810136578943, 35.227222464894368 ], [ 126.866015046064547, 35.227473150527445 ] ], [ [ 126.869285520669081, 35.230866616641634 ], [ 126.8692855206545, 35.230866625655068 ], [ 126.8690458946418, 35.230363171190056 ], [ 126.869285520669081, 35.230866616641634 ] ], [ [ 126.870095500586658, 35.232776487744481 ], [ 126.870095500572091, 35.232776496757893 ], [ 126.869856181667444, 35.232763473859791 ], [ 126.870095500586658, 35.232776487744481 ] ], [ [ 126.871852321062818, 35.23225467401754 ], [ 126.871852332033839, 35.232254683042711 ], [ 126.871539761095946, 35.232305445161046 ], [ 126.871852321062818, 35.23225467401754 ] ], [ [ 126.875349877990672, 35.23311406600488 ], [ 126.875349888976132, 35.233114066016313 ], [ 126.874764687036475, 35.233343261356659 ], [ 126.875349877990672, 35.23311406600488 ] ], [ [ 126.896116817086764, 35.166378100473892 ], [ 126.896116817075168, 35.166378109487425 ], [ 126.896109109357852, 35.166388333140638 ], [ 126.896116817086764, 35.166378100473892 ] ], [ [ 126.896935989122724, 35.165549799556025 ], [ 126.896936000087592, 35.165549808579001 ], [ 126.896387164089788, 35.165690170346295 ], [ 126.896935989122724, 35.165549799556025 ] ], [ [ 126.900890267565899, 35.162787947471067 ], [ 126.9008902675548, 35.162787956484586 ], [ 126.900677514504508, 35.162845096804951 ], [ 126.900890267565899, 35.162787947471067 ] ], [ [ 126.902512308636545, 35.158342941020557 ], [ 126.902512802181548, 35.158343229856776 ], [ 126.902503315116704, 35.158337705824643 ], [ 126.902512308636545, 35.158342941020557 ] ], [ [ 126.903611025239684, 35.157216302147297 ], [ 126.903656264040308, 35.157171541357926 ], [ 126.903204572353957, 35.157633159486736 ], [ 126.903611025239684, 35.157216302147297 ] ], [ [ 126.904083981971183, 35.156600003524652 ], [ 126.903895950837025, 35.156456194464596 ], [ 126.904173023830324, 35.156664521860456 ], [ 126.904083981971183, 35.156600003524652 ] ], [ [ 126.903869135113425, 35.156431421686705 ], [ 126.903889165144832, 35.156449537007411 ], [ 126.903895950837025, 35.156456194464596 ], [ 126.903869135113425, 35.156431421686705 ] ], [ [ 126.903648865834654, 35.156264160078941 ], [ 126.903730831037194, 35.156326140225978 ], [ 126.903648375665128, 35.156264466726867 ], [ 126.903648865834654, 35.156264160078941 ] ], [ [ 126.903401950524724, 35.156078020179045 ], [ 126.903243782152785, 35.155958786017962 ], [ 126.903619909136012, 35.156240187722752 ], [ 126.903401950524724, 35.156078020179045 ] ], [ [ 126.903110550376894, 35.155858592719355 ], [ 126.902939662404975, 35.155726657893908 ], [ 126.902890282510498, 35.155692726819758 ], [ 126.902940211419377, 35.155726442015116 ], [ 126.903110550376894, 35.155858592719355 ] ], [ [ 126.902754237910955, 35.155590672919907 ], [ 126.902754765018358, 35.155590420969908 ], [ 126.902766287488674, 35.155599119596921 ], [ 126.902754237910955, 35.155590672919907 ] ], [ [ 126.902519492163179, 35.15558164824737 ], [ 126.902520008307079, 35.155581387275916 ], [ 126.902540435084802, 35.155606795102813 ], [ 126.902519492163179, 35.15558164824737 ] ], [ [ 126.902359583720752, 35.155682676611896 ], [ 126.902403901579916, 35.155685662746698 ], [ 126.90240368861943, 35.155685930500852 ], [ 126.902359583720752, 35.155682676611896 ] ], [ [ 126.902341521509356, 35.155635133424269 ], [ 126.902356843238152, 35.155670911696149 ], [ 126.902359583720752, 35.155682676611896 ], [ 126.902341521509356, 35.155635133424269 ] ], [ [ 126.856425647633614, 35.208761633203125 ], [ 126.856425878176196, 35.20966975744458 ], [ 126.856425477610472, 35.208727544097002 ], [ 126.856425647633614, 35.208761633203125 ] ], [ [ 126.856425719581978, 35.207423873563755 ], [ 126.856424836251065, 35.207710725899666 ], [ 126.85642540570629, 35.207408928869299 ], [ 126.856425719581978, 35.207423873563755 ] ], [ [ 126.856425346850671, 35.207133152935008 ], [ 126.856425279624204, 35.207387188249982 ], [ 126.856425381977317, 35.206989838936423 ], [ 126.856425346850671, 35.207133152935008 ] ], [ [ 126.856425204280299, 35.206960067259288 ], [ 126.856424808178744, 35.20681840220373 ], [ 126.856425381977317, 35.206989838936423 ], [ 126.856425204280299, 35.206960067259288 ] ], [ [ 126.856424378749722, 35.206806684188834 ], [ 126.856424762072862, 35.20678873884485 ], [ 126.856424808178744, 35.20681840220373 ], [ 126.856424378749722, 35.206806684188834 ] ], [ [ 126.856527699069261, 35.206279980003593 ], [ 126.856534684615823, 35.206279375447103 ], [ 126.856713242200257, 35.206265149407393 ], [ 126.856527699069261, 35.206279980003593 ] ], [ [ 126.871226586671611, 35.205105151152615 ], [ 126.871265564345293, 35.205219925471454 ], [ 126.871220596874025, 35.205094373619474 ], [ 126.871226586671611, 35.205105151152615 ] ], [ [ 126.871028326776127, 35.203872886947856 ], [ 126.871064816956562, 35.204478568187071 ], [ 126.871016501883375, 35.203665402195064 ], [ 126.871028326776127, 35.203872886947856 ] ], [ [ 126.872435721210934, 35.199498236599034 ], [ 126.872460616576205, 35.199566747498054 ], [ 126.872435558138605, 35.199441631801449 ], [ 126.872435721210934, 35.199498236599034 ] ], [ [ 126.877110791529731, 35.191057214128591 ], [ 126.877172003825578, 35.191021322140699 ], [ 126.877203105281765, 35.191016991517301 ], [ 126.877110791529731, 35.191057214128591 ] ], [ [ 126.877587919132083, 35.190985450822929 ], [ 126.877537995293778, 35.191013458753581 ], [ 126.877639941645398, 35.190985368804022 ], [ 126.877587919132083, 35.190985450822929 ] ], [ [ 126.872298528178348, 35.210526752056595 ], [ 126.872343193532885, 35.210547737946555 ], [ 126.872446637236976, 35.210596358616932 ], [ 126.872298528178348, 35.210526752056595 ] ], [ [ 126.878590175324987, 35.213451161794715 ], [ 126.878590186307832, 35.21345116180585 ], [ 126.87875741579559, 35.213586758510687 ], [ 126.878590175324987, 35.213451161794715 ] ], [ [ 126.878801743396124, 35.213622767097931 ], [ 126.87888334320975, 35.213690468651279 ], [ 126.87875741579559, 35.213586758510687 ], [ 126.878801743396124, 35.213622767097931 ] ], [ [ 126.878876981482563, 35.213948012658101 ], [ 126.87887699246545, 35.213948012669213 ], [ 126.878950969182156, 35.213950791560684 ], [ 126.878876981482563, 35.213948012658101 ] ], [ [ 126.878837546140318, 35.202532378683841 ], [ 126.87891371165145, 35.202686278069592 ], [ 126.878837545336083, 35.202532386099591 ], [ 126.878837546140318, 35.202532378683841 ] ], [ [ 126.879347419933836, 35.201550090230874 ], [ 126.879347417912584, 35.201550095099279 ], [ 126.879329882156753, 35.201513892468959 ], [ 126.879347419933836, 35.201550090230874 ] ], [ [ 126.868043683871079, 35.219592366610762 ], [ 126.86811547451542, 35.219786324869851 ], [ 126.867971882598013, 35.219398399278127 ], [ 126.868043683871079, 35.219592366610762 ] ], [ [ 126.867900081679934, 35.219204422883976 ], [ 126.867924018937771, 35.219269084695881 ], [ 126.867971882598013, 35.219398399278127 ], [ 126.867900081679934, 35.219204422883976 ] ], [ [ 126.869965795462534, 35.212069986608427 ], [ 126.86996371084237, 35.212109571443406 ], [ 126.869972446008248, 35.211943598135051 ], [ 126.869965795462534, 35.212069986608427 ] ], [ [ 126.881587560808597, 35.245221707298079 ], [ 126.881643443429752, 35.24501856435478 ], [ 126.881602892930346, 35.245165974552478 ], [ 126.881587560808597, 35.245221707298079 ] ], [ [ 126.879940575229156, 35.24437746484881 ], [ 126.879940575242586, 35.244377455835377 ], [ 126.879970894221273, 35.244491451803498 ], [ 126.879940575229156, 35.24437746484881 ] ], [ [ 126.882096097606933, 35.243445928252065 ], [ 126.881897654538676, 35.243392093627385 ], [ 126.881938904844773, 35.243403283947757 ], [ 126.882096097606933, 35.243445928252065 ] ], [ [ 126.881754776507776, 35.242864289344048 ], [ 126.881594355596405, 35.242873468511689 ], [ 126.881664160675342, 35.242869472557089 ], [ 126.881754776507776, 35.242864289344048 ] ], [ [ 126.87980445002573, 35.240997289919726 ], [ 126.879804460985355, 35.240997307957542 ], [ 126.879815113812285, 35.241029514575459 ], [ 126.87980445002573, 35.240997289919726 ] ], [ [ 126.918317464867229, 35.177039342194888 ], [ 126.918316839023589, 35.177039440914157 ], [ 126.918306106927133, 35.176969532967448 ], [ 126.918317464867229, 35.177039342194888 ] ], [ [ 126.918320590202669, 35.177851642115115 ], [ 126.918264688584514, 35.17788529625625 ], [ 126.91832060652726, 35.17785159703984 ], [ 126.918320590202669, 35.177851642115115 ] ], [ [ 126.919163676629026, 35.181867970361118 ], [ 126.919382691935283, 35.181983906028599 ], [ 126.919109836365138, 35.181826168718018 ], [ 126.919163676629026, 35.181867970361118 ] ], [ [ 126.919407721870741, 35.181997155194061 ], [ 126.919741487687787, 35.182182614561718 ], [ 126.919395547084676, 35.181990710680637 ], [ 126.919407721870741, 35.181997155194061 ] ], [ [ 126.919645324952938, 35.182201534862848 ], [ 126.919656926365448, 35.182199395817769 ], [ 126.919645501186949, 35.182201678675547 ], [ 126.919645324952938, 35.182201534862848 ] ], [ [ 126.919673697786436, 35.182224688019723 ], [ 126.920029877973221, 35.182164432924374 ], [ 126.920337569001376, 35.182108525773081 ], [ 126.919673697786436, 35.182224688019723 ] ], [ [ 126.921214691527737, 35.181953324849395 ], [ 126.921356208994851, 35.181930510858436 ], [ 126.920949149363793, 35.181997513861766 ], [ 126.921214691527737, 35.181953324849395 ] ], [ [ 126.921431256491815, 35.181923930558121 ], [ 126.921368268225791, 35.181928573482473 ], [ 126.921369536368275, 35.181928369749016 ], [ 126.921431256491815, 35.181923930558121 ] ], [ [ 126.9230933237003, 35.181925008133575 ], [ 126.923148022627529, 35.181875550333004 ], [ 126.922735336381663, 35.181907610013731 ], [ 126.9230933237003, 35.181925008133575 ] ], [ [ 126.923114153924004, 35.181869962748763 ], [ 126.923134368802025, 35.18187329775489 ], [ 126.923113531422302, 35.181871841512596 ], [ 126.923114153924004, 35.181869962748763 ] ], [ [ 126.923112796374923, 35.181516501557624 ], [ 126.923280358917452, 35.181545144540593 ], [ 126.92314891585815, 35.18174563945125 ], [ 126.923112796374923, 35.181516501557624 ] ], [ [ 126.922824200602761, 35.181439348276868 ], [ 126.922824034275934, 35.181441060735317 ], [ 126.922730713546031, 35.180240895209614 ], [ 126.922824200602761, 35.181439348276868 ] ], [ [ 126.922631694408821, 35.17998589992002 ], [ 126.922388039686396, 35.179358268913283 ], [ 126.922345334053361, 35.179245121483497 ], [ 126.922631694408821, 35.17998589992002 ] ], [ [ 126.923745115009481, 35.178914768751021 ], [ 126.924301207106069, 35.178652842970578 ], [ 126.924605618416322, 35.178573600342574 ], [ 126.924644338270696, 35.178655431524604 ], [ 126.923745115009481, 35.178914768751021 ] ], [ [ 126.924938329049667, 35.17903116389455 ], [ 126.924915996151498, 35.179073866400856 ], [ 126.924938267039835, 35.179031183465455 ], [ 126.924938329049667, 35.17903116389455 ] ], [ [ 126.925026338359302, 35.179003387300426 ], [ 126.925026415215228, 35.179003378335381 ], [ 126.924963749239566, 35.179023141035373 ], [ 126.925026338359302, 35.179003387300426 ] ], [ [ 126.925344908647347, 35.178904349065704 ], [ 126.925344974533303, 35.178904331080062 ], [ 126.925315764155783, 35.178913472638541 ], [ 126.925344908647347, 35.178904349065704 ] ], [ [ 126.925492319129333, 35.178898535533463 ], [ 126.92544900735507, 35.178874987950032 ], [ 126.925492022661373, 35.178897771384726 ], [ 126.925492319129333, 35.178898535533463 ] ], [ [ 126.925837120745143, 35.179314591714672 ], [ 126.925837186606287, 35.179314600769253 ], [ 126.92577562538257, 35.179334246464904 ], [ 126.925837120745143, 35.179314591714672 ] ], [ [ 126.925962862219151, 35.179274207124074 ], [ 126.925948006831817, 35.179239926666654 ], [ 126.925962914013411, 35.179274190476782 ], [ 126.925962862219151, 35.179274207124074 ] ], [ [ 126.927279614435506, 35.178891320467343 ], [ 126.926362013342555, 35.179131537979963 ], [ 126.927279608911235, 35.178891307510092 ], [ 126.927279614435506, 35.178891320467343 ] ], [ [ 126.91992076220717, 35.168173074684205 ], [ 126.919920773183918, 35.16817307469158 ], [ 126.920153315979675, 35.168603158116021 ], [ 126.91992076220717, 35.168173074684205 ] ], [ [ 126.920832293122785, 35.196155547008097 ], [ 126.921436152332888, 35.197189152972726 ], [ 126.92067274799318, 35.196563687380902 ], [ 126.920832293122785, 35.196155547008097 ] ], [ [ 126.920877812492108, 35.19351348881812 ], [ 126.921081461869349, 35.193647068802747 ], [ 126.921080497141347, 35.193653808779459 ], [ 126.920877812492108, 35.19351348881812 ] ], [ [ 126.921111340620186, 35.192038793582505 ], [ 126.921105556395645, 35.191952360303674 ], [ 126.921148632407991, 35.192170564056006 ], [ 126.921111340620186, 35.192038793582505 ] ], [ [ 126.920019901948081, 35.187984831731818 ], [ 126.917264205475675, 35.188042301973582 ], [ 126.91972720800355, 35.187857715584578 ], [ 126.920019901948081, 35.187984831731818 ] ], [ [ 126.917249603765384, 35.188038507373193 ], [ 126.91726490274624, 35.188036903373536 ], [ 126.917249606563388, 35.188038686428932 ], [ 126.917249603765384, 35.188038507373193 ] ], [ [ 126.913188049683455, 35.185034841109733 ], [ 126.913121349626721, 35.184986389996823 ], [ 126.912937744850922, 35.183540463206057 ], [ 126.913188049907532, 35.18503463379939 ], [ 126.914998455525009, 35.184964480192171 ], [ 126.917140990457568, 35.185181149857918 ], [ 126.913188049683455, 35.185034841109733 ] ], [ [ 126.913151635094522, 35.183514370143264 ], [ 126.913698019063332, 35.183429087412605 ], [ 126.913223087047882, 35.183527917232844 ], [ 126.913151635094522, 35.183514370143264 ] ], [ [ 126.91495052920267, 35.183174211133299 ], [ 126.914620634852199, 35.183157453394614 ], [ 126.914003321649119, 35.180980489439477 ], [ 126.91495052920267, 35.183174211133299 ] ], [ [ 126.913914277158668, 35.180663457866629 ], [ 126.913937149369573, 35.180741567419481 ], [ 126.913935325932798, 35.180742452282324 ], [ 126.913914277158668, 35.180663457866629 ] ], [ [ 126.91381346595513, 35.180179089203328 ], [ 126.913925547285871, 35.180575674443801 ], [ 126.913925443778922, 35.180575799785615 ], [ 126.91381346595513, 35.180179089203328 ] ], [ [ 126.915761954915212, 35.179683820577075 ], [ 126.915599845131737, 35.179259548084005 ], [ 126.91551556894504, 35.179040239665476 ], [ 126.915599944096968, 35.179259394924443 ], [ 126.915761954915212, 35.179683820577075 ] ], [ [ 126.907710799474657, 35.181576515738875 ], [ 126.907710796830926, 35.181576518098183 ], [ 126.907240135592289, 35.181442807214886 ], [ 126.907710799474657, 35.181576515738875 ] ], [ [ 126.908052615060456, 35.181297435513692 ], [ 126.908052620829068, 35.181297440820494 ], [ 126.908023993678825, 35.18132655411133 ], [ 126.908052615060456, 35.181297435513692 ] ], [ [ 126.908091467626079, 35.181387893873911 ], [ 126.908081992496221, 35.181384808045081 ], [ 126.908108568641879, 35.18134890970169 ], [ 126.908091467626079, 35.181387893873911 ] ], [ [ 126.909711797352458, 35.182745280677302 ], [ 126.909711808331181, 35.182745280685616 ], [ 126.909738415989892, 35.182769060427518 ], [ 126.909711797352458, 35.182745280677302 ] ], [ [ 126.910246697377445, 35.183339539228797 ], [ 126.91019285887954, 35.183308708559238 ], [ 126.91009157076283, 35.183149715141582 ], [ 126.910246697377445, 35.183339539228797 ] ], [ [ 126.919475109627896, 35.251177949549529 ], [ 126.919464839509914, 35.2512617041411 ], [ 126.919469858250267, 35.251220768667316 ], [ 126.919475109627896, 35.251177949549529 ] ], [ [ 126.996560832306855, 35.177260214926712 ], [ 126.996560832302563, 35.177260287034848 ], [ 126.996558677699781, 35.177309167248119 ], [ 126.996560832306855, 35.177260214926712 ] ], [ [ 126.927798303813447, 35.181353844321009 ], [ 126.930021541827443, 35.180377390004679 ], [ 126.932843714337508, 35.17965954449808 ], [ 126.928466027497834, 35.18178553570263 ], [ 126.927798303813447, 35.181353844321009 ] ], [ [ 126.932537028042262, 35.178939659620973 ], [ 126.93702236613629, 35.177471834391831 ], [ 126.937270149248675, 35.177747117788165 ], [ 126.932537028042262, 35.178939659620973 ] ], [ [ 126.939037476936917, 35.177632240330496 ], [ 126.939054857860327, 35.17763215389224 ], [ 126.939051923205312, 35.177633156826886 ], [ 126.939037476936917, 35.177632240330496 ] ], [ [ 126.939636075941451, 35.17741462613975 ], [ 126.939919508010945, 35.177435911436696 ], [ 126.939141292199025, 35.177602614476953 ], [ 126.939636075941451, 35.17741462613975 ] ], [ [ 126.940031715597257, 35.177380855390616 ], [ 126.940036706714778, 35.177386004637171 ], [ 126.939920584181948, 35.177436072703173 ], [ 126.940031715597257, 35.177380855390616 ] ], [ [ 126.940301858079025, 35.177219635475176 ], [ 126.940309660352312, 35.177218295145479 ], [ 126.940307735687853, 35.177219130289473 ], [ 126.940301858079025, 35.177219635475176 ] ], [ [ 126.94049125339815, 35.177161779623425 ], [ 126.94062450771122, 35.177200992282664 ], [ 126.940487448950492, 35.177162960855767 ], [ 126.94049125339815, 35.177161779623425 ] ], [ [ 126.94144282741641, 35.176379611059652 ], [ 126.941808366423729, 35.176111540273745 ], [ 126.942481899711908, 35.176081566473492 ], [ 126.942670202801878, 35.17609614268445 ], [ 126.943587327216974, 35.175873562653855 ], [ 126.944062899679977, 35.175868835205343 ], [ 126.94144282741641, 35.176379611059652 ] ], [ [ 126.94609411500933, 35.175796622608324 ], [ 126.945744086469418, 35.176169621800277 ], [ 126.945739424283275, 35.176169275818296 ], [ 126.94609411500933, 35.175796622608324 ] ], [ [ 126.947066533147975, 35.175045642003894 ], [ 126.949467860421592, 35.172177286673922 ], [ 126.950198158720525, 35.172444227596948 ], [ 126.949468965138777, 35.172200812442199 ], [ 126.947066533147975, 35.175045642003894 ] ], [ [ 126.951808262232149, 35.173025690222872 ], [ 126.951857401053289, 35.173041747482316 ], [ 126.951858629390912, 35.173044322631377 ], [ 126.951808262232149, 35.173025690222872 ] ], [ [ 126.952582846480752, 35.174407054619557 ], [ 126.952719393554332, 35.174492453748762 ], [ 126.952721844508005, 35.174498834669457 ], [ 126.952582846480752, 35.174407054619557 ] ], [ [ 126.953084564953556, 35.175443157047674 ], [ 126.953090468700637, 35.175458527122743 ], [ 126.953092694132366, 35.175464647656284 ], [ 126.953084564953556, 35.175443157047674 ] ], [ [ 126.953620652583368, 35.1760910177724 ], [ 126.953612167275423, 35.176090077017236 ], [ 126.953480543474299, 35.175949248704015 ], [ 126.953620652583368, 35.1760910177724 ] ], [ [ 126.953626033612053, 35.177648502309829 ], [ 126.954045504181281, 35.177833587456846 ], [ 126.953641243284352, 35.177673033145005 ], [ 126.953626033612053, 35.177648502309829 ] ], [ [ 126.954186924766418, 35.177876257837404 ], [ 126.954351196225744, 35.178505204437691 ], [ 126.954346842280472, 35.17851455800831 ], [ 126.954186924766418, 35.177876257837404 ] ], [ [ 126.953612654457729, 35.179951120845388 ], [ 126.953611266891457, 35.179970836187046 ], [ 126.953607831585359, 35.17997097003969 ], [ 126.953612654457729, 35.179951120845388 ] ], [ [ 126.952161832012692, 35.183327092996272 ], [ 126.95209907436913, 35.183323080570474 ], [ 126.952102003769454, 35.183320768452241 ], [ 126.952161832012692, 35.183327092996272 ] ], [ [ 126.95137170179656, 35.183917126846289 ], [ 126.951371977653238, 35.183896963748957 ], [ 126.951701322824633, 35.18363701806409 ], [ 126.95137170179656, 35.183917126846289 ] ], [ [ 126.923022490855629, 35.197545777395511 ], [ 126.923398206038129, 35.197112565631919 ], [ 126.92351759551714, 35.197031257247012 ], [ 126.923022490855629, 35.197545777395511 ] ], [ [ 126.923876293723495, 35.196718532816725 ], [ 126.923921246132423, 35.196686122065564 ], [ 126.923824664252408, 35.196766925319395 ], [ 126.923876293723495, 35.196718532816725 ] ], [ [ 126.924012312811939, 35.196606882542923 ], [ 126.924897880989619, 35.19630086690514 ], [ 126.925185016036266, 35.196330900685346 ], [ 126.926921293744357, 35.196955173714159 ], [ 126.927615390135713, 35.196712586219661 ], [ 126.929614476839092, 35.197074990957184 ], [ 126.926928248842813, 35.196962424834446 ], [ 126.924872226515845, 35.196316759490884 ], [ 126.924012312811939, 35.196606882542923 ] ], [ [ 126.929687869555693, 35.196660823412088 ], [ 126.929696505261319, 35.196667669762704 ], [ 126.929641259535998, 35.196941998516323 ], [ 126.929687869555693, 35.196660823412088 ] ], [ [ 126.930123459535807, 35.196213776313627 ], [ 126.930108692697189, 35.196267921785235 ], [ 126.930099716962644, 35.196284227284146 ], [ 126.930123459535807, 35.196213776313627 ] ], [ [ 126.930245064811714, 35.195809251647908 ], [ 126.930443392121163, 35.195786347619645 ], [ 126.930238595034794, 35.19583185822669 ], [ 126.930245064811714, 35.195809251647908 ] ], [ [ 126.931755222818708, 35.195758058944534 ], [ 126.93175322158055, 35.195758454443393 ], [ 126.931745101589541, 35.195756926412095 ], [ 126.931755222818708, 35.195758058944534 ] ], [ [ 126.931927539222443, 35.195716605846307 ], [ 126.931955803864341, 35.195718418697453 ], [ 126.931855571035172, 35.195738227419163 ], [ 126.931927539222443, 35.195716605846307 ] ], [ [ 126.932559245168434, 35.195898858897174 ], [ 126.932247965010305, 35.19569787902428 ], [ 126.932578280592722, 35.195901558598457 ], [ 126.932559245168434, 35.195898858897174 ] ], [ [ 126.932871519061408, 35.195976612325481 ], [ 126.932862802813617, 35.195974807527556 ], [ 126.932855149310427, 35.195972391870868 ], [ 126.932871519061408, 35.195976612325481 ] ], [ [ 126.933701631626192, 35.196376947531256 ], [ 126.933485608912164, 35.196106983787431 ], [ 126.93351316201877, 35.196112386307732 ], [ 126.933701631626192, 35.196376947531256 ] ], [ [ 126.934600708836015, 35.198360476622383 ], [ 126.934593090928928, 35.19828291106554 ], [ 126.934668610322717, 35.198399407323038 ], [ 126.934600708836015, 35.198360476622383 ] ], [ [ 126.937057473705437, 35.199412869629015 ], [ 126.937055397208923, 35.19940033978628 ], [ 126.937153534613671, 35.199472812407791 ], [ 126.937057473705437, 35.199412869629015 ] ], [ [ 126.937261702905971, 35.199545764625128 ], [ 126.937263052474094, 35.199547153416354 ], [ 126.937218141454622, 35.199514869601771 ], [ 126.937261702905971, 35.199545764625128 ] ], [ [ 126.938025557777905, 35.199827834069545 ], [ 126.937853363152939, 35.199806953874649 ], [ 126.937829735015328, 35.199800803139155 ], [ 126.938025557777905, 35.199827834069545 ] ], [ [ 126.938662796392208, 35.199643700940413 ], [ 126.939588724852342, 35.199880555261551 ], [ 126.939806366600365, 35.199870908306302 ], [ 126.939573361427961, 35.199896321005895 ], [ 126.938662796392208, 35.199643700940413 ] ], [ [ 126.941504444556259, 35.1999808560048 ], [ 126.941505600755733, 35.199976512079267 ], [ 126.941651483648045, 35.1999988780207 ], [ 126.941504444556259, 35.1999808560048 ] ], [ [ 126.942003243857329, 35.206377163438802 ], [ 126.941680255788725, 35.205686770864183 ], [ 126.941408612744283, 35.205593283986545 ], [ 126.941680266770518, 35.205686770869605 ], [ 126.942003243857329, 35.206377163438802 ] ], [ [ 126.942217011992852, 35.206959601462493 ], [ 126.942317858281754, 35.207400715872055 ], [ 126.942003243857329, 35.206377163438802 ], [ 126.942217011992852, 35.206959601462493 ] ], [ [ 126.942156093150928, 35.208458178066017 ], [ 126.942216186575848, 35.208383999586928 ], [ 126.942246304693441, 35.20834682474279 ], [ 126.942156093150928, 35.208458178066017 ] ], [ [ 126.942547906190399, 35.209535667848854 ], [ 126.942329182347549, 35.209232393335775 ], [ 126.942229131936031, 35.209068461602975 ], [ 126.942500114873269, 35.209439272615029 ], [ 126.942547906190399, 35.209535667848854 ] ], [ [ 126.942647520415974, 35.209864581575978 ], [ 126.942616485523558, 35.209771430361378 ], [ 126.942590786976382, 35.209634196867626 ], [ 126.942647520415974, 35.209864581575978 ] ], [ [ 126.943572909775213, 35.211391493619786 ], [ 126.943572920757802, 35.21139149362503 ], [ 126.943959707897761, 35.211777057475196 ], [ 126.943572909775213, 35.211391493619786 ] ], [ [ 126.943843224387976, 35.211810685440163 ], [ 126.943825890352471, 35.211815562491381 ], [ 126.943959707897761, 35.211777057475196 ], [ 126.943843224387976, 35.211810685440163 ] ], [ [ 126.943719729519955, 35.211850448119399 ], [ 126.943653055217538, 35.21187964698133 ], [ 126.943825890352471, 35.211815562491381 ], [ 126.943719729519955, 35.211850448119399 ] ], [ [ 126.929069593199785, 35.183982732428284 ], [ 126.929110951625276, 35.183919671615918 ], [ 126.928884573529643, 35.184307910082907 ], [ 126.929069593199785, 35.183982732428284 ] ], [ [ 126.92963261942991, 35.184648795828565 ], [ 126.930110761083071, 35.18452729687742 ], [ 126.928992981356814, 35.184813082657648 ], [ 126.92963261942991, 35.184648795828565 ] ], [ [ 126.93023389378655, 35.183893611855908 ], [ 126.930447692505709, 35.184440992213808 ], [ 126.930139375595175, 35.183655969302848 ], [ 126.93023389378655, 35.183893611855908 ] ], [ [ 126.928644501791908, 35.185090976346359 ], [ 126.931615463514845, 35.184330831901669 ], [ 126.931585230334164, 35.184340395825544 ], [ 126.928644501791908, 35.185090976346359 ] ], [ [ 126.93002859031256, 35.185561466733041 ], [ 126.930003916147612, 35.185578740080651 ], [ 126.930058010428041, 35.185540771046519 ], [ 126.93002859031256, 35.185561466733041 ] ], [ [ 126.931859335440194, 35.1851074224071 ], [ 126.931151437393197, 35.185327420891113 ], [ 126.932066258808547, 35.185041075519898 ], [ 126.931859335440194, 35.1851074224071 ] ], [ [ 126.932066258808547, 35.185041075519898 ], [ 126.932169423696294, 35.185008181192238 ], [ 126.932207288955084, 35.184996872866414 ], [ 126.932066258808547, 35.185041075519898 ] ], [ [ 126.932340069166742, 35.18507478928808 ], [ 126.93245762521903, 35.185187525067597 ], [ 126.932239520945402, 35.184986769120115 ], [ 126.932340069166742, 35.18507478928808 ] ], [ [ 126.942366171649667, 35.192849358552671 ], [ 126.942415192156133, 35.192755629282566 ], [ 126.942352960928545, 35.192907910634545 ], [ 126.942366171649667, 35.192849358552671 ] ], [ [ 126.943111714741022, 35.19181039210298 ], [ 126.943120576991049, 35.191931321390861 ], [ 126.943103210527141, 35.191952749376242 ], [ 126.943111714741022, 35.19181039210298 ] ], [ [ 126.943187452343338, 35.191705511490802 ], [ 126.94318781446006, 35.191705351965403 ], [ 126.943186415858818, 35.191706946803357 ], [ 126.943187452343338, 35.191705511490802 ] ], [ [ 126.945006217229775, 35.189512611155372 ], [ 126.944504190602331, 35.190337312816979 ], [ 126.944803685827182, 35.189775389120626 ], [ 126.945006217229775, 35.189512611155372 ] ], [ [ 126.945647421080864, 35.18827704338738 ], [ 126.945651705599261, 35.188264431434369 ], [ 126.945587192327167, 35.188857044954531 ], [ 126.945647421080864, 35.18827704338738 ] ], [ [ 126.941687775124436, 35.200003326127373 ], [ 126.942004200628006, 35.199884141988683 ], [ 126.941691105443695, 35.200003734311792 ], [ 126.941687775124436, 35.200003326127373 ] ], [ [ 126.938118011448253, 35.223028432895042 ], [ 126.937748955010164, 35.222817892533321 ], [ 126.938065336000051, 35.223079178075523 ], [ 126.938118011448253, 35.223028432895042 ] ], [ [ 126.937837785307252, 35.222745209730654 ], [ 126.938241779287381, 35.222350136572928 ], [ 126.937748955010164, 35.222817892533321 ], [ 126.937837785307252, 35.222745209730654 ] ], [ [ 126.943075596513808, 35.212159409314907 ], [ 126.943119625657729, 35.212144621408633 ], [ 126.943063910116777, 35.212191257258091 ], [ 126.943075596513808, 35.212159409314907 ] ] ] ] } },
{ "type": "Feature", "properties": { "sigungu_cd": "29110", "sigungu_nm": "동구" }, "geometry": { "type": "MultiPolygon", "coordinates": [ [ [ [ 126.929635586295177, 35.126427443325433 ], [ 126.907224375383123, 35.151407347769975 ], [ 126.912542874404778, 35.155715226976085 ], [ 126.916320514563594, 35.16548902005816 ], [ 126.928206050443336, 35.16248102960153 ], [ 126.930732164501094, 35.16021051455094 ], [ 126.938860333785613, 35.16178539569232 ], [ 126.938855801527765, 35.159032577167729 ], [ 126.944359280834021, 35.158739424983388 ], [ 126.946143704661083, 35.15532346972838 ], [ 126.955222937435295, 35.152191827626147 ], [ 126.953694401429473, 35.14548741035415 ], [ 126.951394864894297, 35.14452840397486 ], [ 126.955307166435659, 35.140562174774821 ], [ 126.961883100466608, 35.140738704398984 ], [ 126.968423475339989, 35.136869503649628 ], [ 126.97095926748527, 35.136690391962887 ], [ 126.972691408161594, 35.13851731703194 ], [ 126.982407846749652, 35.137630060577273 ], [ 126.992612565949287, 35.122655446204114 ], [ 127.004226288152637, 35.121117942606872 ], [ 127.003937371411425, 35.119715937247172 ], [ 126.998637281669915, 35.115730511049186 ], [ 126.999894158011202, 35.114075138951279 ], [ 126.988396857306086, 35.110080209084742 ], [ 126.988785797714513, 35.107292689372869 ], [ 126.986289588307017, 35.105980804109407 ], [ 126.988682941563255, 35.101398064808265 ], [ 126.987483648303012, 35.099575673945274 ], [ 126.988901767253495, 35.095114655700783 ], [ 126.987609495017153, 35.094086942269833 ], [ 126.966444702946575, 35.089345084587912 ], [ 126.958645438840463, 35.082561946525487 ], [ 126.959522302679204, 35.079146273806295 ], [ 126.951835170910456, 35.073202376165945 ], [ 126.942296500721582, 35.072454292811528 ], [ 126.932257734569617, 35.074463466443504 ], [ 126.932488348733358, 35.077743679720868 ], [ 126.927637960615513, 35.080356842518583 ], [ 126.924730131292577, 35.087998688408788 ], [ 126.919399865984005, 35.09168617020412 ], [ 126.921319575948189, 35.097257223521957 ], [ 126.918212781557386, 35.098966531402013 ], [ 126.917821553060605, 35.102068059008566 ], [ 126.914493894882469, 35.10517802367054 ], [ 126.912585917578284, 35.110491672895925 ], [ 126.913536782116722, 35.113716065696011 ], [ 126.911854909013059, 35.115654409526371 ], [ 126.918898296001586, 35.117373859842822 ], [ 126.924395991490385, 35.124715979867091 ], [ 126.929635586295177, 35.126427443325433 ] ], [ [ 126.913381647027322, 35.150533648476575 ], [ 126.913391195862701, 35.150526998616328 ], [ 126.913381651952335, 35.150533652697341 ], [ 126.913381647027322, 35.150533648476575 ] ], [ [ 126.936699144705713, 35.108661263398055 ], [ 126.936777935046948, 35.108652527985171 ], [ 126.936777918371419, 35.108652535180937 ], [ 126.936699144705713, 35.108661263398055 ] ], [ [ 126.92756787607253, 35.129305789908415 ], [ 126.927465270622051, 35.129341745626711 ], [ 126.927453313255796, 35.129345867791372 ], [ 126.92756787607253, 35.129305789908415 ] ], [ [ 126.930276307835285, 35.126584486345443 ], [ 126.929899971080516, 35.126638625803658 ], [ 126.930323055745092, 35.126584802213408 ], [ 126.930276307835285, 35.126584486345443 ] ], [ [ 126.931034635897674, 35.125959313840717 ], [ 126.931010822134596, 35.126094323599233 ], [ 126.931023611057398, 35.126021771622405 ], [ 126.931034635897674, 35.125959313840717 ] ], [ [ 126.931140305065597, 35.125811191726051 ], [ 126.931049262413239, 35.125918671039031 ], [ 126.931195114605885, 35.125736771233434 ], [ 126.931140305065597, 35.125811191726051 ] ], [ [ 126.931983330098603, 35.123966595245442 ], [ 126.932017111141917, 35.123925593728138 ], [ 126.931951896713954, 35.124059354154902 ], [ 126.931983330098603, 35.123966595245442 ] ], [ [ 126.932412715483594, 35.122733068624214 ], [ 126.932412608772481, 35.122729517206665 ], [ 126.932447434271921, 35.12263293832229 ], [ 126.932412715483594, 35.122733068624214 ] ], [ [ 126.921523747807115, 35.145527225818149 ], [ 126.921611350066627, 35.145364956924482 ], [ 126.92151209675832, 35.145522524865314 ], [ 126.921523747807115, 35.145527225818149 ] ], [ [ 126.921764670276247, 35.145690529891773 ], [ 126.921764668428807, 35.145690530821675 ], [ 126.921764665944565, 35.145690519899681 ], [ 126.921764670276247, 35.145690529891773 ] ], [ [ 126.921747483809753, 35.145710121621647 ], [ 126.921735498572431, 35.145705383085811 ], [ 126.921735651333307, 35.145705305352585 ], [ 126.921747483809753, 35.145710121621647 ] ], [ [ 126.921773321487393, 35.145731574320578 ], [ 126.921774150853921, 35.145738316544325 ], [ 126.921771881959458, 35.145724856161635 ], [ 126.921773321487393, 35.145731574320578 ] ], [ [ 126.921776371938989, 35.145765620544154 ], [ 126.921777164779542, 35.145762817847945 ], [ 126.921776201159531, 35.145777107213583 ], [ 126.921776371938989, 35.145765620544154 ] ], [ [ 126.921775390514298, 35.145873735518322 ], [ 126.921775608624287, 35.145816961283337 ], [ 126.921776049940476, 35.145787278245713 ], [ 126.921775390514298, 35.145873735518322 ] ], [ [ 126.921772665143095, 35.146078586950352 ], [ 126.921774545519469, 35.145984522672201 ], [ 126.921772443285832, 35.14630628532052 ], [ 126.921772665143095, 35.146078586950352 ] ], [ [ 126.921770254447139, 35.146547975504376 ], [ 126.92177203285388, 35.146369105012056 ], [ 126.921770053586968, 35.146602814149418 ], [ 126.921770254447139, 35.146547975504376 ] ], [ [ 126.919018534219148, 35.145572499645773 ], [ 126.918871990205105, 35.145529937013464 ], [ 126.918808746023814, 35.14551083924303 ], [ 126.919018534219148, 35.145572499645773 ] ], [ [ 126.919176642016652, 35.145290500637323 ], [ 126.919043952897511, 35.145579881008487 ], [ 126.919151209138406, 35.145340923259603 ], [ 126.919176642016652, 35.145290500637323 ] ], [ [ 126.919227737809678, 35.145179055583391 ], [ 126.919199413931636, 35.1452453491369 ], [ 126.919176642016652, 35.145290500637323 ], [ 126.919227737809678, 35.145179055583391 ] ], [ [ 126.919227737809678, 35.145179055583391 ], [ 126.91929429766391, 35.145032531193195 ], [ 126.919317589529925, 35.144983071538526 ], [ 126.919227737809678, 35.145179055583391 ] ], [ [ 126.91941556809256, 35.144769372258068 ], [ 126.919362721537524, 35.144887260910174 ], [ 126.919317589529925, 35.144983071538526 ], [ 126.91941556809256, 35.144769372258068 ] ], [ [ 126.91944763357148, 35.144692192796917 ], [ 126.919448160087242, 35.144692409478601 ], [ 126.919434036532195, 35.144725759115971 ], [ 126.91944763357148, 35.144692192796917 ] ], [ [ 126.919449832041735, 35.144688453655959 ], [ 126.919652602877207, 35.144775652655376 ], [ 126.919448160087242, 35.144692409478601 ], [ 126.919449832041735, 35.144688453655959 ] ], [ [ 126.920053646746055, 35.144938932891691 ], [ 126.919970300117697, 35.144907744052212 ], [ 126.919652602877207, 35.144775652655376 ], [ 126.920053646746055, 35.144938932891691 ] ], [ [ 126.920106816183903, 35.144958825460627 ], [ 126.920156834000906, 35.144980942242235 ], [ 126.920053646746055, 35.144938932891691 ], [ 126.920106816183903, 35.144958825460627 ] ], [ [ 126.920404869959171, 35.145081925024009 ], [ 126.920314686451363, 35.145050749877569 ], [ 126.920156834000906, 35.144980942242235 ], [ 126.920404869959171, 35.145081925024009 ] ], [ [ 126.920469833708708, 35.145104394183676 ], [ 126.920518774519806, 35.145128303794706 ], [ 126.920404869959171, 35.145081925024009 ], [ 126.920469833708708, 35.145104394183676 ] ], [ [ 126.920690256857469, 35.14519812003919 ], [ 126.920717808386655, 35.145201527491764 ], [ 126.920518774519806, 35.145128303794706 ], [ 126.920690256857469, 35.14519812003919 ] ], [ [ 126.920830348793416, 35.145118145830523 ], [ 126.920718665203808, 35.145201633821259 ], [ 126.920717808386655, 35.145201527491764 ], [ 126.920830348793416, 35.145118145830523 ] ] ] ] } },
{ "type": "Feature", "properties": { "sigungu_cd": "29200", "sigungu_nm": "광산구" }, "geometry": { "type": "MultiPolygon", "coordinates": [ [ [ [ 126.689882760178961, 35.111222954842368 ], [ 126.683226432771804, 35.112409113243416 ], [ 126.682701775820291, 35.112110260336308 ], [ 126.685049581589283, 35.10840755166317 ], [ 126.684437214034475, 35.107636166003076 ], [ 126.680010410469961, 35.107550807060221 ], [ 126.676329000559846, 35.10488694504221 ], [ 126.669420533135593, 35.104602486076104 ], [ 126.666973376413608, 35.106569173407529 ], [ 126.668961859899639, 35.107899519900656 ], [ 126.669302429311372, 35.112040401665759 ], [ 126.663388444949362, 35.114800880544898 ], [ 126.657058562941131, 35.113283633000293 ], [ 126.6551977374572, 35.114855109961326 ], [ 126.654960346131531, 35.117814373618501 ], [ 126.651929400176684, 35.119650358414546 ], [ 126.651722942795416, 35.124658299249234 ], [ 126.654951292749317, 35.137014085788088 ], [ 126.652826754751743, 35.140913081353304 ], [ 126.653332765333218, 35.143962319424595 ], [ 126.647566298018035, 35.144036186205213 ], [ 126.644709647062584, 35.146679331560698 ], [ 126.650152302336707, 35.147652392696003 ], [ 126.65350852560303, 35.152799166099314 ], [ 126.651420767607789, 35.154836530562243 ], [ 126.655339316103067, 35.158896610063394 ], [ 126.653665990808307, 35.161289306655505 ], [ 126.65422641043186, 35.164570306687551 ], [ 126.657081962937269, 35.166634475788648 ], [ 126.662641125729351, 35.166422838099457 ], [ 126.664273770190206, 35.16846136490031 ], [ 126.670448396225794, 35.169492759166509 ], [ 126.672149832350527, 35.173166402334623 ], [ 126.662581028358801, 35.180448959964018 ], [ 126.663683113634619, 35.18221868436742 ], [ 126.661759624165526, 35.184717071611693 ], [ 126.657920131051711, 35.186285300613264 ], [ 126.653203127792295, 35.19251772197034 ], [ 126.656245237917375, 35.194098545056107 ], [ 126.659070651557101, 35.192262596036826 ], [ 126.662123641063658, 35.193760820624398 ], [ 126.66351284464055, 35.192478117428259 ], [ 126.668112091676718, 35.192641359920302 ], [ 126.669591426733007, 35.194474645778634 ], [ 126.672046460534887, 35.194249882527224 ], [ 126.67447823978442, 35.190992785299841 ], [ 126.677109465635922, 35.190992531828989 ], [ 126.677583269622971, 35.202540067323511 ], [ 126.679977242130022, 35.204039493183124 ], [ 126.681003268400303, 35.208372775382109 ], [ 126.684542530351592, 35.209842119335399 ], [ 126.687053201811338, 35.215194052680943 ], [ 126.690427217622116, 35.214999396548912 ], [ 126.696978445009819, 35.209290262524227 ], [ 126.702585503388093, 35.2075760951763 ], [ 126.710699053514986, 35.212272716456432 ], [ 126.717703909931174, 35.212413799532058 ], [ 126.720727535695204, 35.218789054619663 ], [ 126.71848213939883, 35.221754883581553 ], [ 126.719884282263294, 35.226722377271983 ], [ 126.723289994629098, 35.228675063080509 ], [ 126.725190382240982, 35.234205204967992 ], [ 126.729097063462802, 35.237238546429502 ], [ 126.72995515294545, 35.243597056911838 ], [ 126.737239266770658, 35.252921325961871 ], [ 126.742258654758118, 35.250802355271453 ], [ 126.748413522560668, 35.253330462109666 ], [ 126.750557245843865, 35.256414216740289 ], [ 126.761187320628494, 35.258555307248741 ], [ 126.763456713955321, 35.256465543969888 ], [ 126.763709022303686, 35.253375940049821 ], [ 126.760631106678957, 35.247158663034377 ], [ 126.754835609535988, 35.241912099765806 ], [ 126.75385369212762, 35.237095212278547 ], [ 126.755263026264487, 35.234369703371819 ], [ 126.767175057229764, 35.231978947481025 ], [ 126.770295874364663, 35.232835604929335 ], [ 126.77185831376589, 35.230950998934894 ], [ 126.77532276834215, 35.230553916904704 ], [ 126.781505458934447, 35.224839344117754 ], [ 126.789526821135212, 35.223943465404403 ], [ 126.795331616028847, 35.219738879060017 ], [ 126.804395752694248, 35.221315790206795 ], [ 126.805390131756326, 35.218274937691348 ], [ 126.81565912340406, 35.224702015404233 ], [ 126.817822581523643, 35.223852248826397 ], [ 126.819806147890958, 35.226149483060652 ], [ 126.823942938767118, 35.225781119729703 ], [ 126.82533007160437, 35.231907605007386 ], [ 126.835016927020632, 35.228836816619157 ], [ 126.838172160266438, 35.223931533614838 ], [ 126.844731357766278, 35.225899000469411 ], [ 126.846194616561704, 35.221970667472625 ], [ 126.853049121032186, 35.221939332933282 ], [ 126.853022920022852, 35.218049640139512 ], [ 126.857012121255053, 35.217486707310279 ], [ 126.852732814753622, 35.212333279336598 ], [ 126.855325151852355, 35.201361770220799 ], [ 126.851968783765329, 35.198318872341787 ], [ 126.852779378342902, 35.196629663105149 ], [ 126.858916332348059, 35.194417759561752 ], [ 126.860423236709138, 35.185657593113866 ], [ 126.858085197398253, 35.18279768756932 ], [ 126.852596906739208, 35.182212275459108 ], [ 126.850220308583474, 35.179632399335141 ], [ 126.847112588665098, 35.179566845744318 ], [ 126.844770835710364, 35.182186479649673 ], [ 126.841377388676506, 35.181848417654486 ], [ 126.837698137537387, 35.176668047295053 ], [ 126.83741677876921, 35.170822298035212 ], [ 126.83086923638605, 35.169401686397698 ], [ 126.82499906549026, 35.165632822715089 ], [ 126.825276685921651, 35.15364520739864 ], [ 126.8291290182149, 35.148619036177983 ], [ 126.829440643450567, 35.140828625043582 ], [ 126.819006466301801, 35.132821692429104 ], [ 126.819025985564295, 35.129770980096218 ], [ 126.822251684257964, 35.126661520351824 ], [ 126.817230582846079, 35.121482218265655 ], [ 126.817515943485944, 35.117241686755278 ], [ 126.809943920213712, 35.116712420462797 ], [ 126.809288560270261, 35.112296408584911 ], [ 126.802696128707964, 35.112289332538339 ], [ 126.806333038112612, 35.102870301421078 ], [ 126.800397966688649, 35.100663998486937 ], [ 126.80253976072251, 35.092176170054522 ], [ 126.795981935510582, 35.087993631452321 ], [ 126.784557508529176, 35.073722527877422 ], [ 126.771314428953303, 35.070169922819261 ], [ 126.7648017787903, 35.078754660270832 ], [ 126.765633246246523, 35.082771520225442 ], [ 126.763311882141011, 35.084270962928983 ], [ 126.761893530364929, 35.091011468693864 ], [ 126.754330631080776, 35.091659173366132 ], [ 126.749075743983099, 35.101615066434405 ], [ 126.735493743304502, 35.107947046647126 ], [ 126.732655781732859, 35.112855426154873 ], [ 126.730673584501361, 35.112136184570652 ], [ 126.731238103580964, 35.108101405258822 ], [ 126.72836987365865, 35.107421294965036 ], [ 126.719499510562997, 35.108423376316736 ], [ 126.71584836824978, 35.11072268581529 ], [ 126.708842667984612, 35.109456573119857 ], [ 126.705022081866474, 35.112888620958955 ], [ 126.701605231367154, 35.112317618796261 ], [ 126.700012755348411, 35.109078815842018 ], [ 126.695974003944258, 35.10748610411985 ], [ 126.693913727429205, 35.109067816913623 ], [ 126.692170927020811, 35.108122348742874 ], [ 126.689882760178961, 35.111222954842368 ] ], [ [ 126.737204101714838, 35.216000200191978 ], [ 126.737663155729294, 35.216067485842153 ], [ 126.737886996433659, 35.216100295416226 ], [ 126.737204101714838, 35.216000200191978 ] ], [ [ 126.742224252325428, 35.19462005230988 ], [ 126.742138843274873, 35.194528139514112 ], [ 126.74228076744312, 35.194692785675443 ], [ 126.742224252325428, 35.19462005230988 ] ], [ [ 126.741904641748334, 35.193790309871765 ], [ 126.74199385239578, 35.19355990064831 ], [ 126.741826804553341, 35.193979777226509 ], [ 126.741904641748334, 35.193790309871765 ] ], [ [ 126.742096169685411, 35.1932924560655 ], [ 126.742150818740683, 35.192881118951931 ], [ 126.742016767468371, 35.193432238016129 ], [ 126.742096169685411, 35.1932924560655 ] ], [ [ 126.742156632847497, 35.192837348046005 ], [ 126.742060849103936, 35.19246595420708 ], [ 126.741951533095758, 35.192310300929748 ], [ 126.742156632847497, 35.192837348046005 ] ], [ [ 126.736533513665137, 35.157236729985421 ], [ 126.736556208950816, 35.157088209862238 ], [ 126.736534575486729, 35.157274832426502 ], [ 126.736533513665137, 35.157236729985421 ] ], [ [ 126.736677754120862, 35.156825668489041 ], [ 126.736744321134424, 35.156692756429848 ], [ 126.736595062175411, 35.156993103075564 ], [ 126.736677754120862, 35.156825668489041 ] ], [ [ 126.694570043854242, 35.166536723801414 ], [ 126.694570046487343, 35.166536716013809 ], [ 126.694608590898525, 35.166554893472473 ], [ 126.694570043854242, 35.166536723801414 ] ], [ [ 126.672179235155838, 35.149366815132808 ], [ 126.672520046195672, 35.149152065469849 ], [ 126.672351467250422, 35.149273281116393 ], [ 126.672179235155838, 35.149366815132808 ] ], [ [ 126.679840611045307, 35.125370080509903 ], [ 126.679578645327851, 35.125375965102336 ], [ 126.679729948211858, 35.125372563035455 ], [ 126.679840611045307, 35.125370080509903 ] ], [ [ 126.694903861308589, 35.114468524218303 ], [ 126.694697436364137, 35.114600483495472 ], [ 126.694929182855972, 35.114033909013436 ], [ 126.694903861308589, 35.114468524218303 ] ], [ [ 126.73263461529389, 35.135960624857198 ], [ 126.732624573284923, 35.136004714869294 ], [ 126.732688696777501, 35.135737335083391 ], [ 126.73263461529389, 35.135960624857198 ] ], [ [ 126.67601322060645, 35.170314468898056 ], [ 126.676047263280225, 35.170373620684728 ], [ 126.676008857867018, 35.170307426667158 ], [ 126.67601322060645, 35.170314468898056 ] ], [ [ 126.676048487063738, 35.170375747103535 ], [ 126.676079589751907, 35.170435157339917 ], [ 126.676047703300455, 35.170374385254036 ], [ 126.676048487063738, 35.170375747103535 ] ], [ [ 126.729536248525065, 35.181612049089566 ], [ 126.729532269546908, 35.181293622491097 ], [ 126.729498408277706, 35.181888118980666 ], [ 126.729536248525065, 35.181612049089566 ] ], [ [ 126.729714546832028, 35.181002921921092 ], [ 126.729532217828407, 35.181289483602505 ], [ 126.729532217718528, 35.181289474809027 ], [ 126.729714546832028, 35.181002921921092 ] ], [ [ 126.729714546832028, 35.181002921921092 ], [ 126.730378874447808, 35.180543235784803 ], [ 126.730569361122534, 35.180377534490781 ], [ 126.73037887441788, 35.180543244798223 ], [ 126.729714546832028, 35.181002921921092 ] ], [ [ 126.732890560253537, 35.178541429205303 ], [ 126.73304068888541, 35.178413617278807 ], [ 126.732796886731933, 35.178662371607118 ], [ 126.732890560253537, 35.178541429205303 ] ], [ [ 126.733203999356817, 35.178296551380164 ], [ 126.733361781874365, 35.178214607573494 ], [ 126.73304068888541, 35.178413617278807 ], [ 126.733203999356817, 35.178296551380164 ] ], [ [ 126.734998937601006, 35.177549608443556 ], [ 126.735204602214637, 35.177222023932408 ], [ 126.734609201407849, 35.177817136051239 ], [ 126.734998937601006, 35.177549608443556 ] ], [ [ 126.736207147059119, 35.1757090564221 ], [ 126.736053887042047, 35.175938735901205 ], [ 126.736207143226693, 35.175709053196144 ], [ 126.736207147059119, 35.1757090564221 ] ], [ [ 126.736997752458265, 35.174603820524673 ], [ 126.736484970798813, 35.175374299616415 ], [ 126.736384919523701, 35.175459050881607 ], [ 126.736997752458265, 35.174603820524673 ] ], [ [ 126.737153409777775, 35.173529914670986 ], [ 126.737071034868933, 35.174035292491766 ], [ 126.737126343611209, 35.173366880141664 ], [ 126.737153409777775, 35.173529914670986 ] ], [ [ 126.737166613156532, 35.173208378236929 ], [ 126.737122583299325, 35.17334422051124 ], [ 126.737122582319941, 35.173344214609486 ], [ 126.737166613156532, 35.173208378236929 ] ], [ [ 126.738157048011644, 35.170981444292032 ], [ 126.738065930301886, 35.17089781068637 ], [ 126.738260987593137, 35.171135557492214 ], [ 126.738157048011644, 35.170981444292032 ] ], [ [ 126.737802905606799, 35.170464237043987 ], [ 126.737760744928167, 35.170239150458954 ], [ 126.737831685045009, 35.170523770846714 ], [ 126.737802905606799, 35.170464237043987 ] ], [ [ 126.741168843301011, 35.190087397685708 ], [ 126.741237909150982, 35.19001389705474 ], [ 126.741132026846174, 35.190122335878598 ], [ 126.741168843301011, 35.190087397685708 ] ], [ [ 126.742432798425185, 35.189960150999561 ], [ 126.742377690154257, 35.189956356217209 ], [ 126.742377692614525, 35.189956355654033 ], [ 126.742432798425185, 35.189960150999561 ] ], [ [ 126.758583042601259, 35.119543326803836 ], [ 126.758516001835474, 35.119473733875012 ], [ 126.758470273199123, 35.119423643933068 ], [ 126.758583042601259, 35.119543326803836 ] ], [ [ 126.759146962762941, 35.120081646206685 ], [ 126.759150693597277, 35.120085033753604 ], [ 126.759119610607343, 35.120056813220621 ], [ 126.759146962762941, 35.120081646206685 ] ], [ [ 126.759224370351404, 35.120151620038278 ], [ 126.759265562612768, 35.120189081625796 ], [ 126.759150693597277, 35.120085033753604 ], [ 126.759224370351404, 35.120151620038278 ] ], [ [ 126.762052192630904, 35.11787462100898 ], [ 126.760723828605848, 35.119444318990858 ], [ 126.759806149044067, 35.120529710682298 ], [ 126.760038546078718, 35.120253997778832 ], [ 126.762052192630904, 35.11787462100898 ] ], [ [ 126.764282915490853, 35.114717221440998 ], [ 126.76410456299601, 35.114595630713985 ], [ 126.76436206960301, 35.11477100707382 ], [ 126.764282915490853, 35.114717221440998 ] ], [ [ 126.763222776042923, 35.113992704276441 ], [ 126.763093393771669, 35.113901430812668 ], [ 126.763235343729562, 35.11400138201067 ], [ 126.763222776042923, 35.113992704276441 ] ], [ [ 126.771570626102985, 35.111971919940814 ], [ 126.771599504516701, 35.112000502699516 ], [ 126.771541747684068, 35.11194334618876 ], [ 126.771570626102985, 35.111971919940814 ] ], [ [ 126.754944552134603, 35.103070757027353 ], [ 126.755001295460659, 35.103196359685391 ], [ 126.754906642926173, 35.102988232569423 ], [ 126.754944552134603, 35.103070757027353 ] ], [ [ 126.755301041050501, 35.10372154190712 ], [ 126.755322288008003, 35.103757441127421 ], [ 126.755252073433169, 35.10363966212222 ], [ 126.755301041050501, 35.10372154190712 ] ], [ [ 126.755538878735265, 35.10420538765004 ], [ 126.755653160633315, 35.104452276440185 ], [ 126.755456012949011, 35.104030608164685 ], [ 126.755538878735265, 35.10420538765004 ] ], [ [ 126.756191337184418, 35.105637301241863 ], [ 126.756156863775288, 35.105561581160963 ], [ 126.75608989925226, 35.105412459960547 ], [ 126.756191337184418, 35.105637301241863 ] ], [ [ 126.756411951584596, 35.107090883597245 ], [ 126.75641185278748, 35.107090910438387 ], [ 126.756448085160599, 35.107078806290708 ], [ 126.756411951584596, 35.107090883597245 ] ], [ [ 126.771160090580992, 35.11158679242034 ], [ 126.771156587270482, 35.111584370124262 ], [ 126.77106826014915, 35.111523288486644 ], [ 126.771160090580992, 35.11158679242034 ] ], [ [ 126.752006351899468, 35.127961615379498 ], [ 126.751881717959193, 35.12797948511772 ], [ 126.751948266239808, 35.127969941544919 ], [ 126.752006351899468, 35.127961615379498 ] ], [ [ 126.752671925151304, 35.127753120409409 ], [ 126.75259027933501, 35.12781719247193 ], [ 126.75261320925236, 35.127799194394548 ], [ 126.752671925151304, 35.127753120409409 ] ], [ [ 126.781282338083017, 35.119632833602331 ], [ 126.781282338058773, 35.119632842615864 ], [ 126.781212020680542, 35.119591432700851 ], [ 126.781282338083017, 35.119632833602331 ] ], [ [ 126.781074924584956, 35.175666474600014 ], [ 126.780792274241833, 35.175430717265506 ], [ 126.781284864165016, 35.175474607452998 ], [ 126.781074924584956, 35.175666474600014 ] ], [ [ 126.786376696435582, 35.156469271732036 ], [ 126.786353920483378, 35.156505188561873 ], [ 126.7863766896876, 35.156469274022633 ], [ 126.786376696435582, 35.156469271732036 ] ], [ [ 126.789316323001955, 35.142816442427439 ], [ 126.789316333975279, 35.142816442446652 ], [ 126.789149451507825, 35.142846048173489 ], [ 126.789316323001955, 35.142816442427439 ] ], [ [ 126.790272564543017, 35.142747094615864 ], [ 126.790272575516312, 35.142747094634998 ], [ 126.790261119722075, 35.142768202427753 ], [ 126.790272564543017, 35.142747094615864 ] ], [ [ 126.790385275212302, 35.142337526080496 ], [ 126.790385286185511, 35.14233752609961 ], [ 126.790368822985471, 35.14239832084683 ], [ 126.790385275212302, 35.142337526080496 ] ], [ [ 126.791107650768694, 35.141640051657767 ], [ 126.791107661741805, 35.141640051676802 ], [ 126.790837572532894, 35.141749088243159 ], [ 126.791107650768694, 35.141640051657767 ] ], [ [ 126.791481308163767, 35.141490903387499 ], [ 126.791788050811064, 35.141371409977616 ], [ 126.791902843643598, 35.141327478161358 ], [ 126.79178806178416, 35.141371409996594 ], [ 126.791575495622567, 35.141454795999216 ], [ 126.791481308163767, 35.141490903387499 ] ], [ [ 126.793820636889293, 35.140888547261866 ], [ 126.793773808099033, 35.140890449626504 ], [ 126.793820635035388, 35.140888546872617 ], [ 126.793820636889293, 35.140888547261866 ] ], [ [ 126.794237164409196, 35.140948199309662 ], [ 126.794237160655598, 35.140948198871335 ], [ 126.794312791047545, 35.1409438037782 ], [ 126.794237164409196, 35.140948199309662 ] ], [ [ 126.797076526635223, 35.143520980442545 ], [ 126.796918768243472, 35.143483254015557 ], [ 126.796935744952947, 35.143487311719248 ], [ 126.797076526635223, 35.143520980442545 ] ], [ [ 126.78829754840234, 35.141683824377274 ], [ 126.788254666543395, 35.141687525631411 ], [ 126.78825466399698, 35.141687524884937 ], [ 126.78829754840234, 35.141683824377274 ] ], [ [ 126.787212368140501, 35.140715757789167 ], [ 126.787233843641232, 35.14071186747784 ], [ 126.787192467090122, 35.140739338109526 ], [ 126.787212368140501, 35.140715757789167 ] ], [ [ 126.787192467090122, 35.140739338109526 ], [ 126.787129710523345, 35.140924212222707 ], [ 126.787071224756559, 35.14101183766028 ], [ 126.787192467090122, 35.140739338109526 ] ], [ [ 126.768621732783387, 35.148038664870427 ], [ 126.768614345965815, 35.148166282324524 ], [ 126.768618912654119, 35.147949966273302 ], [ 126.768621732783387, 35.148038664870427 ] ], [ [ 126.7680805427633, 35.149097976019888 ], [ 126.768078141324224, 35.149093464629125 ], [ 126.768106542542796, 35.149139578469629 ], [ 126.7680805427633, 35.149097976019888 ] ], [ [ 126.768856780646999, 35.149278567205528 ], [ 126.768769452712874, 35.14926920576525 ], [ 126.768852611758589, 35.149278108527625 ], [ 126.768856780646999, 35.149278567205528 ] ], [ [ 126.779062568182439, 35.151696857133722 ], [ 126.778988945951667, 35.151690682941251 ], [ 126.779059825301616, 35.151696581694303 ], [ 126.779062568182439, 35.151696857133722 ] ], [ [ 126.772043870039241, 35.193686432312298 ], [ 126.772229076054757, 35.193947091871081 ], [ 126.77207937120231, 35.193736407112482 ], [ 126.772043870039241, 35.193686432312298 ] ], [ [ 126.80503213821838, 35.140018209674665 ], [ 126.805258556845999, 35.139893630500652 ], [ 126.803578317630624, 35.140649542816782 ], [ 126.80503213821838, 35.140018209674665 ] ], [ [ 126.802264824728951, 35.143139926489191 ], [ 126.80227974805257, 35.143136943101325 ], [ 126.802175178791117, 35.14314624184204 ], [ 126.802264824728951, 35.143139926489191 ] ], [ [ 126.800408757498218, 35.143031691845771 ], [ 126.800785701868193, 35.142831116086946 ], [ 126.800880426518788, 35.142789702393081 ], [ 126.800545240772976, 35.142975015630313 ], [ 126.800408768471542, 35.14303169186396 ], [ 126.800218843591594, 35.143146786147852 ], [ 126.800408757498218, 35.143031691845771 ] ], [ [ 126.800096482908074, 35.143252338887052 ], [ 126.799914910759782, 35.143370700455954 ], [ 126.799740597092566, 35.143388933315144 ], [ 126.800096482908074, 35.143252338887052 ] ], [ [ 126.799417069466628, 35.143397236732646 ], [ 126.799417058493233, 35.14339723671435 ], [ 126.799476671085046, 35.143385321508461 ], [ 126.799417069466628, 35.143397236732646 ] ], [ [ 126.795423932745209, 35.177816117313107 ], [ 126.7954106927601, 35.177842414202409 ], [ 126.795458918251384, 35.177742716817889 ], [ 126.795423932745209, 35.177816117313107 ] ], [ [ 126.807839737850045, 35.179076222014587 ], [ 126.807827312560235, 35.1790851336578 ], [ 126.807827311367376, 35.179085125515208 ], [ 126.807839737850045, 35.179076222014587 ] ], [ [ 126.800903710334836, 35.185570145272727 ], [ 126.800876251131285, 35.185570361200284 ], [ 126.800907535235481, 35.185570112088548 ], [ 126.800903710334836, 35.185570145272727 ] ], [ [ 126.809312018813472, 35.16339788360073 ], [ 126.809310372044379, 35.163398034219291 ], [ 126.809430281606609, 35.163386844095527 ], [ 126.809312018813472, 35.16339788360073 ] ], [ [ 126.816161405294764, 35.179768132165222 ], [ 126.816161372359957, 35.179768132114852 ], [ 126.816338559295474, 35.179754855704573 ], [ 126.816161405294764, 35.179768132165222 ] ], [ [ 126.827211790523577, 35.218802358176852 ], [ 126.8271415913851, 35.218814145869537 ], [ 126.827770680060993, 35.218708474922053 ], [ 126.827211790523577, 35.218802358176852 ] ] ] ] } },
{ "type": "Feature", "properties": { "sigungu_cd": "29140", "sigungu_nm": "서구" }, "geometry": { "type": "MultiPolygon", "coordinates": [ [ [ [ 126.800739909449121, 35.099172253132473 ], [ 126.801619021754647, 35.101710964760017 ], [ 126.806329367090527, 35.102873540413633 ], [ 126.802805157259542, 35.112269077394679 ], [ 126.809225916697272, 35.112276966109398 ], [ 126.809935047221288, 35.116725800641255 ], [ 126.817510499700859, 35.117228248246974 ], [ 126.818472243878915, 35.118292414764028 ], [ 126.816813856238497, 35.118521666918916 ], [ 126.817219748394734, 35.121465652861993 ], [ 126.822243792117646, 35.126668295908665 ], [ 126.819027554496088, 35.129770982457266 ], [ 126.818989707221903, 35.132794347081827 ], [ 126.829460753617141, 35.14084071372055 ], [ 126.829024760271125, 35.149052736844048 ], [ 126.825276685921651, 35.15364520739864 ], [ 126.826393395395812, 35.160382475985948 ], [ 126.824479306168953, 35.164611301618621 ], [ 126.830666524061527, 35.169355251640276 ], [ 126.837375554095757, 35.170786855162845 ], [ 126.838720939441757, 35.178402064141672 ], [ 126.842325103863587, 35.177504636093282 ], [ 126.842722913487165, 35.175945722400591 ], [ 126.859862287634087, 35.172312193374509 ], [ 126.883499660498373, 35.170038945653459 ], [ 126.886116999282962, 35.16804575423452 ], [ 126.885367259906886, 35.166311827552619 ], [ 126.887785387289497, 35.161401160089298 ], [ 126.892763584291998, 35.160721699123371 ], [ 126.898240194167826, 35.158371339949746 ], [ 126.909729216815066, 35.149188140563567 ], [ 126.905363646752392, 35.148280166929275 ], [ 126.900985743679684, 35.152397703263105 ], [ 126.897410208431353, 35.152405097257599 ], [ 126.885403934535262, 35.146566709262672 ], [ 126.888306140884637, 35.142786895140581 ], [ 126.883174637514784, 35.138389388911655 ], [ 126.88755778246113, 35.133999082706147 ], [ 126.886374756398936, 35.130072651436052 ], [ 126.88837988325227, 35.124805097298051 ], [ 126.887644790702268, 35.116928276341234 ], [ 126.882223985736388, 35.116089660585139 ], [ 126.87332315647312, 35.119962548578918 ], [ 126.869485834568238, 35.115787706035192 ], [ 126.871033116836514, 35.113575522365231 ], [ 126.870618730597968, 35.110228927893317 ], [ 126.865998609536618, 35.110599569124638 ], [ 126.863681596123087, 35.109004812936561 ], [ 126.861259883037235, 35.110252215744026 ], [ 126.859481012245169, 35.108321882771556 ], [ 126.861195353133951, 35.107632768212596 ], [ 126.860630982516611, 35.106402801636023 ], [ 126.857190903586257, 35.105840175289721 ], [ 126.855281204675393, 35.107194292783582 ], [ 126.84777520023961, 35.105759230476345 ], [ 126.84105414450211, 35.100998007975036 ], [ 126.83810663338015, 35.102278360761147 ], [ 126.836640056044757, 35.098644636300385 ], [ 126.831516690876157, 35.098031885992555 ], [ 126.828366897041477, 35.094459199235843 ], [ 126.820078824216395, 35.090933097730236 ], [ 126.816278859473897, 35.093705094009387 ], [ 126.811107951311826, 35.090937242345319 ], [ 126.806432617378903, 35.097517393614659 ], [ 126.802527060265987, 35.093481979970463 ], [ 126.800739909449121, 35.099172253132473 ] ], [ [ 126.890569763337481, 35.160607105552934 ], [ 126.890568447969045, 35.160630106891894 ], [ 126.89055490027549, 35.160754111727869 ], [ 126.890569763337481, 35.160607105552934 ] ], [ [ 126.847324103812724, 35.173262618023365 ], [ 126.847324223917894, 35.173262960689605 ], [ 126.847265866026717, 35.173275577460949 ], [ 126.847324103812724, 35.173262618023365 ] ], [ [ 126.857977827334267, 35.151973949338775 ], [ 126.857983232397572, 35.151970773956286 ], [ 126.85797738789347, 35.151974210211343 ], [ 126.857977827334267, 35.151973949338775 ] ], [ [ 126.857300565959207, 35.122728846206833 ], [ 126.857740821244477, 35.122489688543567 ], [ 126.858316283228049, 35.122177093016688 ], [ 126.857300565959207, 35.122728846206833 ] ], [ [ 126.864862820515341, 35.113111991309204 ], [ 126.864834666358675, 35.11274792717122 ], [ 126.864982195086341, 35.112581954549313 ], [ 126.864862820515341, 35.113111991309204 ] ], [ [ 126.865271822322953, 35.112044753850782 ], [ 126.865264814033353, 35.112050721999886 ], [ 126.865283909469611, 35.111992551609688 ], [ 126.865271822322953, 35.112044753850782 ] ], [ [ 126.865500404205136, 35.111222428679838 ], [ 126.865362513851437, 35.11134641840021 ], [ 126.865866532322812, 35.110758042974716 ], [ 126.865500404205136, 35.111222428679838 ] ], [ [ 126.843790414957681, 35.128397031071785 ], [ 126.843433208446285, 35.127828620423116 ], [ 126.843606876753995, 35.12800901007904 ], [ 126.843790414957681, 35.128397031071785 ] ], [ [ 126.842764940960649, 35.127621192334864 ], [ 126.842839853859573, 35.127349089301362 ], [ 126.842880698982242, 35.127287282541062 ], [ 126.842764940960649, 35.127621192334864 ] ], [ [ 126.842880698982242, 35.127287282541062 ], [ 126.843158669222717, 35.126872029661492 ], [ 126.843217255252057, 35.12665086782156 ], [ 126.843196554506363, 35.126871141711497 ], [ 126.842880698982242, 35.127287282541062 ] ], [ [ 126.844003109691627, 35.128617824681768 ], [ 126.844162601242815, 35.128709267154861 ], [ 126.844161786082623, 35.128710969663324 ], [ 126.844003109691627, 35.128617824681768 ] ], [ [ 126.844530614891497, 35.129808508085304 ], [ 126.844509338330326, 35.129455256525233 ], [ 126.844533754528982, 35.129595926961798 ], [ 126.844530614891497, 35.129808508085304 ] ], [ [ 126.837570576063371, 35.111705547871743 ], [ 126.837440378731927, 35.110864411739776 ], [ 126.837538461237941, 35.110926080237974 ], [ 126.837570576063371, 35.111705547871743 ] ], [ [ 126.842124126404244, 35.122213157632487 ], [ 126.84217524466645, 35.122204265295821 ], [ 126.842125437553435, 35.122215890472361 ], [ 126.842016746541347, 35.122246862484957 ], [ 126.842124126404244, 35.122213157632487 ] ], [ [ 126.842890855753552, 35.12605436424559 ], [ 126.843020768651854, 35.125780214758827 ], [ 126.842895579448097, 35.126062527714659 ], [ 126.842890855753552, 35.12605436424559 ] ], [ [ 126.842895579448097, 35.126062527714659 ], [ 126.843219721683809, 35.126612229822079 ], [ 126.843218711532927, 35.126635339323514 ], [ 126.842895579448097, 35.126062527714659 ] ], [ [ 126.833825164717851, 35.139908156255238 ], [ 126.833825186848443, 35.139908066150262 ], [ 126.833790865074278, 35.140073210172218 ], [ 126.833825164717851, 35.139908156255238 ] ], [ [ 126.860891713872277, 35.142069793460209 ], [ 126.861029383596815, 35.141725049160407 ], [ 126.861029141026222, 35.141725724896418 ], [ 126.860891713872277, 35.142069793460209 ] ], [ [ 126.877219047379697, 35.159541238129094 ], [ 126.877218849805644, 35.159541246940094 ], [ 126.877143772269591, 35.159544189484087 ], [ 126.877219047379697, 35.159541238129094 ] ], [ [ 126.883172550389745, 35.160761868239256 ], [ 126.883168590963137, 35.160714417129128 ], [ 126.883172636839049, 35.16076280573121 ], [ 126.883172550389745, 35.160761868239256 ] ], [ [ 126.872308761272748, 35.168683078188231 ], [ 126.872046759960455, 35.168146647351108 ], [ 126.872310532895241, 35.1686866995191 ], [ 126.872308761272748, 35.168683078188231 ] ], [ [ 126.870804456208603, 35.154826883471877 ], [ 126.870790811187533, 35.154856316002387 ], [ 126.870818277438161, 35.154797063547349 ], [ 126.870804456208603, 35.154826883471877 ] ], [ [ 126.870840939625651, 35.154735931091302 ], [ 126.870842429725172, 35.154744360358997 ], [ 126.870831770506271, 35.154684138409962 ], [ 126.870840939625651, 35.154735931091302 ] ], [ [ 126.877340721294829, 35.164846934825029 ], [ 126.87734071033222, 35.164846925800269 ], [ 126.87732473253314, 35.16449765325514 ], [ 126.877340721294829, 35.164846934825029 ] ], [ [ 126.877265417173589, 35.163421286987045 ], [ 126.877265643895043, 35.163430994790936 ], [ 126.877259574474124, 35.163192418460397 ], [ 126.877265417173589, 35.163421286987045 ] ], [ [ 126.877086268231793, 35.159611010916912 ], [ 126.877086046950737, 35.159612173435917 ], [ 126.87708466408462, 35.159619346790919 ], [ 126.877086268231793, 35.159611010916912 ] ] ] ] } },
{ "type": "Feature", "properties": { "sigungu_cd": "29155", "sigungu_nm": "남구" }, "geometry": { "type": "MultiPolygon", "coordinates": [ [ [ [ 126.814287185952196, 35.053357015909974 ], [ 126.807435943347599, 35.050895442349621 ], [ 126.804876695573569, 35.051582366656334 ], [ 126.801460629936585, 35.058152453752101 ], [ 126.796937896403563, 35.059049752258382 ], [ 126.794895421897237, 35.061122924984709 ], [ 126.791385867222772, 35.060446660780748 ], [ 126.781585033126731, 35.053846033255937 ], [ 126.772795656060779, 35.052906030476713 ], [ 126.767477056401717, 35.05569938727168 ], [ 126.768629043109385, 35.060657246276747 ], [ 126.766285544629937, 35.063882610071218 ], [ 126.760515836205713, 35.062987400449991 ], [ 126.756736982565016, 35.058244374239173 ], [ 126.753135951564332, 35.065238048447036 ], [ 126.75696701917451, 35.068369186548004 ], [ 126.766997389204661, 35.06818127570353 ], [ 126.784532894617882, 35.073718220409432 ], [ 126.795986437945999, 35.087995459833124 ], [ 126.80221894397674, 35.091617528785385 ], [ 126.806487814893231, 35.097568382265798 ], [ 126.811091469722399, 35.090946302214732 ], [ 126.816276000461372, 35.093703629436781 ], [ 126.820069088686353, 35.090996313784828 ], [ 126.828351438135186, 35.094436372698048 ], [ 126.831412808309508, 35.098010729629188 ], [ 126.836584797228355, 35.098652547257792 ], [ 126.838102254825813, 35.10228504296623 ], [ 126.84107625630574, 35.101053588149256 ], [ 126.847731649208313, 35.105780267128395 ], [ 126.855251547725885, 35.10719313934289 ], [ 126.857156966514182, 35.105840675728381 ], [ 126.860625579348564, 35.106355663178242 ], [ 126.861223505096973, 35.107590562988563 ], [ 126.859495191780823, 35.108367913851332 ], [ 126.861280082522256, 35.110242540454585 ], [ 126.864024943848207, 35.109082070613198 ], [ 126.865980737618159, 35.110608238276598 ], [ 126.86859652177273, 35.110060590302467 ], [ 126.870826076709648, 35.110237613144321 ], [ 126.868007839759571, 35.113048891805448 ], [ 126.870859150472583, 35.113831366530306 ], [ 126.869486858065841, 35.11575843097566 ], [ 126.873261794233315, 35.120008056449549 ], [ 126.882231054608411, 35.116094210390898 ], [ 126.887645382874382, 35.116928421114672 ], [ 126.888338767679969, 35.124850198998011 ], [ 126.886380949352017, 35.13006913300444 ], [ 126.887531680675465, 35.133943210068672 ], [ 126.8832809611215, 35.138846741883206 ], [ 126.885678097838934, 35.141386391858731 ], [ 126.887815283966589, 35.142066234283618 ], [ 126.888239381929864, 35.141516497305211 ], [ 126.888522577830699, 35.141665886034708 ], [ 126.885406424330043, 35.146567603988572 ], [ 126.894302732095397, 35.151464710320703 ], [ 126.900699363361056, 35.152484446278237 ], [ 126.905350790151005, 35.148275258651587 ], [ 126.907599053670225, 35.148808877952462 ], [ 126.907571813084772, 35.148763464593912 ], [ 126.907437270303802, 35.148620035770733 ], [ 126.907415439815935, 35.148584424306499 ], [ 126.907271691232864, 35.148306821380011 ], [ 126.907249440706082, 35.148140612148985 ], [ 126.907738594157095, 35.147593409957373 ], [ 126.907630547858474, 35.148819871831414 ], [ 126.909732778717853, 35.149192343575372 ], [ 126.920559095911429, 35.138078757069451 ], [ 126.929624032404945, 35.126466384204384 ], [ 126.92428644889759, 35.124786741274136 ], [ 126.91888128679058, 35.117303479063217 ], [ 126.911100578640429, 35.116418704389162 ], [ 126.913551326178009, 35.113707179808557 ], [ 126.912362423350757, 35.111742264717236 ], [ 126.914239450047376, 35.108857037602846 ], [ 126.913930471197759, 35.106269483225233 ], [ 126.917844308929986, 35.102049019892945 ], [ 126.918240512565475, 35.09901536825295 ], [ 126.921326612909496, 35.097216468521118 ], [ 126.919406706897519, 35.091666443970297 ], [ 126.910679673856563, 35.088667834501287 ], [ 126.905841844595315, 35.082066259616106 ], [ 126.901279670986924, 35.080889883560225 ], [ 126.895145371414728, 35.080720280954274 ], [ 126.892013721340888, 35.077955846732614 ], [ 126.885440637982001, 35.081543411462711 ], [ 126.871687377650389, 35.07436392762898 ], [ 126.864501298352906, 35.07563372349432 ], [ 126.861105337289345, 35.078942874800788 ], [ 126.855611346886405, 35.078342953020261 ], [ 126.853447819609485, 35.073838903038023 ], [ 126.848425682260839, 35.072216017667067 ], [ 126.844133565275413, 35.065442489565086 ], [ 126.836918996912956, 35.066233315923974 ], [ 126.835964862147989, 35.063856870724443 ], [ 126.82652745165727, 35.062471407551051 ], [ 126.821858741509601, 35.059948121754786 ], [ 126.818583375447659, 35.052769150099394 ], [ 126.814287185952196, 35.053357015909974 ] ], [ [ 126.899432164538069, 35.081572002613044 ], [ 126.899445807903362, 35.081590028878786 ], [ 126.899115605625354, 35.08120804400717 ], [ 126.899432164538069, 35.081572002613044 ] ], [ [ 126.863532750460038, 35.087104092475563 ], [ 126.863488711708271, 35.087103961269321 ], [ 126.863481364613335, 35.087103934884908 ], [ 126.863532750460038, 35.087104092475563 ] ], [ [ 126.825914777235042, 35.080590679772932 ], [ 126.825683826831963, 35.080576747409317 ], [ 126.825645333884964, 35.080574339063141 ], [ 126.825914777235042, 35.080590679772932 ] ], [ [ 126.826548514493282, 35.080628708081349 ], [ 126.826546646293977, 35.080628593461022 ], [ 126.82655122339655, 35.08062888077238 ], [ 126.826548514493282, 35.080628708081349 ] ], [ [ 126.826621051925713, 35.080633319162487 ], [ 126.826627649688675, 35.080633500245114 ], [ 126.826646629392599, 35.080634854594607 ], [ 126.826621051925713, 35.080633319162487 ] ], [ [ 126.826758419662085, 35.080640687431298 ], [ 126.826713055705795, 35.080638842209758 ], [ 126.826699237717449, 35.080638012706856 ], [ 126.826758419662085, 35.080640687431298 ] ], [ [ 126.826811735864283, 35.080641147600332 ], [ 126.826792745564973, 35.080641130601471 ], [ 126.826823515756104, 35.080640777374533 ], [ 126.826811735864283, 35.080641147600332 ] ], [ [ 126.826910057080028, 35.0806358933485 ], [ 126.82691032374494, 35.080635869693054 ], [ 126.826910212851899, 35.080635881155146 ], [ 126.826910057080028, 35.0806358933485 ] ], [ [ 126.827006891255309, 35.080623436435829 ], [ 126.827008146637795, 35.080623233551471 ], [ 126.827007718517862, 35.080623312179334 ], [ 126.827006891255309, 35.080623436435829 ] ], [ [ 126.827368833235283, 35.080502597425891 ], [ 126.827355373335564, 35.080509602104101 ], [ 126.827371067294678, 35.080501412282999 ], [ 126.827368833235283, 35.080502597425891 ] ], [ [ 126.827398131796627, 35.080487054875015 ], [ 126.827388346362582, 35.080492245935581 ], [ 126.827412689029188, 35.080478599476919 ], [ 126.827398131796627, 35.080487054875015 ] ], [ [ 126.827459363921662, 35.080449622162348 ], [ 126.827424974293322, 35.080471463725083 ], [ 126.827414479973228, 35.080477559228036 ], [ 126.827459363921662, 35.080449622162348 ] ], [ [ 126.827547797177274, 35.080384819843253 ], [ 126.8275554267438, 35.080378690145523 ], [ 126.827550338684958, 35.080382796001608 ], [ 126.827547797177274, 35.080384819843253 ] ], [ [ 126.82763458070643, 35.080305580722609 ], [ 126.82763812561717, 35.08030195877128 ], [ 126.827637120076417, 35.080303068485648 ], [ 126.82763458070643, 35.080305580722609 ] ], [ [ 126.827686672000127, 35.080246521313576 ], [ 126.827699725269653, 35.080229995510152 ], [ 126.827694343556843, 35.080237080435751 ], [ 126.827686672000127, 35.080246521313576 ] ], [ [ 126.827705632168374, 35.080222219187 ], [ 126.827719086278208, 35.080203577199221 ], [ 126.827711749649652, 35.080214165635795 ], [ 126.827705632168374, 35.080222219187 ] ], [ [ 126.827743965796216, 35.08016707039976 ], [ 126.82772860945488, 35.080189978535273 ], [ 126.827744659649625, 35.080165922485456 ], [ 126.827743965796216, 35.08016707039976 ] ], [ [ 126.827773016817659, 35.080117290566491 ], [ 126.827773609908505, 35.080116171856048 ], [ 126.827773161817888, 35.080117032381423 ], [ 126.827773016817659, 35.080117290566491 ] ], [ [ 126.827804076589459, 35.080053401390408 ], [ 126.827811380563858, 35.080036212683211 ], [ 126.827808691481835, 35.080043027119906 ], [ 126.827804076589459, 35.080053401390408 ] ], [ [ 126.827815822439661, 35.080024956469643 ], [ 126.827820509240681, 35.080012345814843 ], [ 126.827818833658668, 35.080017325701554 ], [ 126.827815822439661, 35.080024956469643 ] ], [ [ 126.827843440681491, 35.079938852050908 ], [ 126.827827190529575, 35.079992730052169 ], [ 126.827845403619321, 35.079930504751829 ], [ 126.827843440681491, 35.079938852050908 ] ], [ [ 126.827854737735493, 35.079885570519586 ], [ 126.8278550126591, 35.079885192339844 ], [ 126.827851093713249, 35.07990385566243 ], [ 126.827854737735493, 35.079885570519586 ] ], [ [ 126.827886051744159, 35.079672041320123 ], [ 126.827887135353535, 35.079664638285799 ], [ 126.827887357041689, 35.079664729358228 ], [ 126.827886051744159, 35.079672041320123 ] ], [ [ 126.828113202351233, 35.079776766839302 ], [ 126.828095669237754, 35.07975030676716 ], [ 126.828118661953923, 35.079785003213942 ], [ 126.828113202351233, 35.079776766839302 ] ], [ [ 126.82814028388907, 35.080043152556826 ], [ 126.828147233962724, 35.079949525974129 ], [ 126.828158175599498, 35.079848151726424 ], [ 126.82814028388907, 35.080043152556826 ] ], [ [ 126.828138077570543, 35.080085604993755 ], [ 126.828135674171833, 35.080160236648929 ], [ 126.828136272082418, 35.080129593978917 ], [ 126.828138077570543, 35.080085604993755 ] ], [ [ 126.82817561435867, 35.08045074227261 ], [ 126.828168983088545, 35.080320279355334 ], [ 126.82816639655212, 35.080312080645875 ], [ 126.82817561435867, 35.08045074227261 ] ], [ [ 126.828178558560907, 35.080487774385269 ], [ 126.828201011696507, 35.080678257028026 ], [ 126.828194527208723, 35.080633540078118 ], [ 126.828188920115878, 35.080588734244358 ], [ 126.828178558560907, 35.080487774385269 ] ], [ [ 126.828361878619077, 35.081580609467167 ], [ 126.828333412058953, 35.081421684287442 ], [ 126.828290633710594, 35.081183466236922 ], [ 126.828334039410123, 35.081420576504406 ], [ 126.828361878619077, 35.081580609467167 ] ], [ [ 126.828826998941025, 35.082013646816939 ], [ 126.82864092729659, 35.081572090326929 ], [ 126.828872832490788, 35.081514157791844 ], [ 126.828826998941025, 35.082013646816939 ] ], [ [ 126.834940139807728, 35.086432937590608 ], [ 126.834946151242946, 35.086426465036581 ], [ 126.834932953418914, 35.086445600901385 ], [ 126.834940139807728, 35.086432937590608 ] ], [ [ 126.834262008757619, 35.086898577714834 ], [ 126.834444004041103, 35.086868686840091 ], [ 126.834194835869994, 35.086912789746854 ], [ 126.834262008757619, 35.086898577714834 ] ], [ [ 126.833744212768309, 35.087160970957825 ], [ 126.833746951394232, 35.087160061468808 ], [ 126.833736243429485, 35.087162253395178 ], [ 126.833744212768309, 35.087160970957825 ] ], [ [ 126.833680233852149, 35.08716097935698 ], [ 126.83362369197539, 35.087163778753144 ], [ 126.833649361295841, 35.087159307450207 ], [ 126.833680233852149, 35.08716097935698 ] ], [ [ 126.833466361382506, 35.087256221148841 ], [ 126.833512218310872, 35.087230658879967 ], [ 126.833401600495577, 35.08728650739662 ], [ 126.833466361382506, 35.087256221148841 ] ], [ [ 126.833358894343291, 35.087294263041983 ], [ 126.8333293139776, 35.087296863039107 ], [ 126.833401600495577, 35.08728650739662 ], [ 126.833358894343291, 35.087294263041983 ] ], [ [ 126.833314585946468, 35.087297266264152 ], [ 126.833288602527986, 35.087302471669318 ], [ 126.8333293139776, 35.087296863039107 ], [ 126.833314585946468, 35.087297266264152 ] ], [ [ 126.894190569866467, 35.124530983073676 ], [ 126.894289484128393, 35.124413190812604 ], [ 126.89428989448821, 35.124413078126011 ], [ 126.894190569866467, 35.124530983073676 ] ], [ [ 126.897392622239508, 35.125804662348372 ], [ 126.897720367329441, 35.125397439209948 ], [ 126.897655320056373, 35.124954757082961 ], [ 126.897392622239508, 35.125804662348372 ] ], [ [ 126.898235051653728, 35.124718055526081 ], [ 126.898101172038224, 35.124901629423995 ], [ 126.898100077659791, 35.124901360657951 ], [ 126.898235051653728, 35.124718055526081 ] ], [ [ 126.898364221109844, 35.124671365087522 ], [ 126.8983710002409, 35.124703091451913 ], [ 126.89835931226088, 35.124671389731184 ], [ 126.898364221109844, 35.124671365087522 ] ], [ [ 126.900994034894481, 35.124410548808271 ], [ 126.901015578401186, 35.124382502792749 ], [ 126.9009534873626, 35.124468139926471 ], [ 126.900994034894481, 35.124410548808271 ] ], [ [ 126.901149269553656, 35.124383860520553 ], [ 126.901422295557055, 35.123977969735073 ], [ 126.901352690961588, 35.124099894586664 ], [ 126.901149269553656, 35.124383860520553 ] ], [ [ 126.902828561590397, 35.123272391835449 ], [ 126.903116200618911, 35.122902223488879 ], [ 126.9032027053033, 35.12278269224764 ], [ 126.903310740120233, 35.122643674985973 ], [ 126.903120933601585, 35.122898378523175 ], [ 126.902945645427536, 35.123125135413915 ], [ 126.902828561590397, 35.123272391835449 ] ], [ [ 126.903128968134041, 35.122527448642266 ], [ 126.903378509473995, 35.122591034322532 ], [ 126.903084514441204, 35.122521220227661 ], [ 126.903128968134041, 35.122527448642266 ] ], [ [ 126.903642599766599, 35.122265478338612 ], [ 126.903956574952474, 35.120380150091655 ], [ 126.904172905266904, 35.120061143351847 ], [ 126.904033178277714, 35.119515861719513 ], [ 126.904159635071508, 35.118710354815164 ], [ 126.90474325083899, 35.117545020634914 ], [ 126.905081603606689, 35.117233142361059 ], [ 126.903642599766599, 35.122265478338612 ] ], [ [ 126.905991725637165, 35.125357164946557 ], [ 126.905967241823532, 35.125344779021347 ], [ 126.90599401186536, 35.125354491736339 ], [ 126.905991725637165, 35.125357164946557 ] ], [ [ 126.905920703832805, 35.125397998775888 ], [ 126.905777244721449, 35.125398104097577 ], [ 126.90577708800329, 35.125395384639468 ], [ 126.905920703832805, 35.125397998775888 ] ], [ [ 126.904832441820517, 35.127660939967129 ], [ 126.904734016879999, 35.127615577230564 ], [ 126.904834143781457, 35.127657989369439 ], [ 126.904832441820517, 35.127660939967129 ] ], [ [ 126.911166443659482, 35.133025412156037 ], [ 126.911929803247489, 35.133082361870969 ], [ 126.912346591680617, 35.133114266347405 ], [ 126.911166443659482, 35.133025412156037 ] ], [ [ 126.912474689854577, 35.131978930966305 ], [ 126.912791628026994, 35.132005926523334 ], [ 126.913684440019054, 35.132083155184475 ], [ 126.912474689854577, 35.131978930966305 ] ], [ [ 126.913852450262382, 35.130183495217537 ], [ 126.9143824557231, 35.130211321580056 ], [ 126.914426171378082, 35.130213616647424 ], [ 126.914426141922704, 35.130214102089568 ], [ 126.913852450262382, 35.130183495217537 ] ], [ [ 126.914598111197421, 35.128123265941191 ], [ 126.91476565998147, 35.128122084957397 ], [ 126.914852644456744, 35.128112478783912 ], [ 126.914806378097467, 35.128118950295047 ], [ 126.914762488691224, 35.128122614491495 ], [ 126.914718381487305, 35.128124737192934 ], [ 126.914685916428354, 35.128125435050386 ], [ 126.914598111197421, 35.128123265941191 ] ], [ [ 126.918205262633833, 35.127941014887952 ], [ 126.916469314050062, 35.127280773066609 ], [ 126.916513202368151, 35.127277649065739 ], [ 126.916557429473542, 35.127275796202106 ], [ 126.916601643465484, 35.127276007424769 ], [ 126.916645757221843, 35.127277660735288 ], [ 126.916733629273935, 35.12728520344605 ], [ 126.916777189895626, 35.127291281993877 ], [ 126.916863308506336, 35.127307566566259 ], [ 126.916947215029808, 35.127330528604269 ], [ 126.916987805550704, 35.127344257542262 ], [ 126.917551977377428, 35.127573053576313 ], [ 126.918166884908146, 35.127876252948639 ], [ 126.918205262633833, 35.127941014887952 ] ], [ [ 126.918332423676787, 35.128067670920288 ], [ 126.918347140579883, 35.127793361500487 ], [ 126.918336011771544, 35.128067222700807 ], [ 126.91854593928683, 35.128071390841761 ], [ 126.918332423676787, 35.128067670920288 ] ], [ [ 126.919945111324637, 35.128414851479981 ], [ 126.918721577318252, 35.128046971485034 ], [ 126.919633015651328, 35.128296770594808 ], [ 126.919945111324637, 35.128414851479981 ] ], [ [ 126.920823614752834, 35.128626645243244 ], [ 126.920827487991772, 35.128626323329861 ], [ 126.921080189304064, 35.128778790448479 ], [ 126.920823614752834, 35.128626645243244 ] ], [ [ 126.871036503030638, 35.110306661873608 ], [ 126.873462393526793, 35.108481997356193 ], [ 126.874404332416617, 35.107535936654742 ], [ 126.874431262331129, 35.107517151793978 ], [ 126.872895526310216, 35.10908446237481 ], [ 126.872397534610414, 35.109541320034538 ], [ 126.871198076377254, 35.110368532434627 ], [ 126.871036503030638, 35.110306661873608 ] ], [ [ 126.874878224861774, 35.107211930423531 ], [ 126.875860231904582, 35.106039877279414 ], [ 126.876019821102503, 35.105931095480003 ], [ 126.875098084513937, 35.107068043746786 ], [ 126.875053710250612, 35.107100653824936 ], [ 126.874878224861774, 35.107211930423531 ] ], [ [ 126.876031675799055, 35.105923103168337 ], [ 126.876293090481411, 35.105730837747224 ], [ 126.876246033318225, 35.105782712159382 ], [ 126.876236115185307, 35.105791661452891 ], [ 126.876031675799055, 35.105923103168337 ] ], [ [ 126.876347910733003, 35.105694537948231 ], [ 126.87634883200586, 35.105694583966752 ], [ 126.876296791652663, 35.105727943255985 ], [ 126.876347910733003, 35.105694537948231 ] ], [ [ 126.876507679741522, 35.105498263884648 ], [ 126.876506736083883, 35.105498240915153 ], [ 126.876517864006928, 35.105488371612317 ], [ 126.876507679741522, 35.105498263884648 ] ], [ [ 126.876560630056659, 35.105446831707987 ], [ 126.876577213381864, 35.10542977397003 ], [ 126.876577423864802, 35.105430519395107 ], [ 126.876560630056659, 35.105446831707987 ] ], [ [ 126.876601377965358, 35.105515229908583 ], [ 126.876601355820299, 35.105515148542935 ], [ 126.876633106711793, 35.105601430558252 ], [ 126.876601377965358, 35.105515229908583 ] ], [ [ 126.876732105083548, 35.107054738637643 ], [ 126.87674225995471, 35.107060804286071 ], [ 126.876744741300456, 35.107062475112052 ], [ 126.876732105083548, 35.107054738637643 ] ], [ [ 126.877229430148759, 35.107355819758965 ], [ 126.87707091424285, 35.107259138608718 ], [ 126.877184661343662, 35.107323825027642 ], [ 126.877229430148759, 35.107355819758965 ] ], [ [ 126.877937358391776, 35.107593190707519 ], [ 126.876778873020896, 35.103321434775175 ], [ 126.877442126776202, 35.10315177543886 ], [ 126.87799776071671, 35.103017805570985 ], [ 126.876779838098273, 35.103321507876281 ], [ 126.877937358391776, 35.107593190707519 ] ], [ [ 126.878235954516867, 35.102987680418885 ], [ 126.878032239798941, 35.10301329008287 ], [ 126.878270589932598, 35.102982072654889 ], [ 126.878235954516867, 35.102987680418885 ] ], [ [ 126.878517765539272, 35.102941626359794 ], [ 126.878433185337855, 35.102955747096502 ], [ 126.878306377293484, 35.102976278381327 ], [ 126.878517765539272, 35.102941626359794 ] ], [ [ 126.878574949306014, 35.102932139931156 ], [ 126.877744883941872, 35.100540405686388 ], [ 126.877881417534013, 35.10000757509389 ], [ 126.878574949306014, 35.102932139931156 ] ], [ [ 126.89687115055132, 35.104869568928059 ], [ 126.896877747499857, 35.10489999558316 ], [ 126.896872371490588, 35.104884036840488 ], [ 126.89687115055132, 35.104869568928059 ] ], [ [ 126.897156872860563, 35.096609556981207 ], [ 126.89719050896916, 35.096626919115437 ], [ 126.897372058009637, 35.096955991485814 ], [ 126.897156872860563, 35.096609556981207 ] ], [ [ 126.900374336826815, 35.096215814568339 ], [ 126.901713130799266, 35.097100113313104 ], [ 126.901004176578411, 35.096687554387657 ], [ 126.900374336826815, 35.096215814568339 ] ], [ [ 126.877452996618459, 35.098660604564536 ], [ 126.877552729803313, 35.09848138027025 ], [ 126.877368163201012, 35.098149740800025 ], [ 126.877554155386548, 35.098481498903794 ], [ 126.877452996618459, 35.098660604564536 ] ], [ [ 126.876933281259198, 35.097463089242666 ], [ 126.876934224360582, 35.097463144292732 ], [ 126.877309448375939, 35.098054229341173 ], [ 126.876933281259198, 35.097463089242666 ] ], [ [ 126.876974065296039, 35.094598785619674 ], [ 126.876946049929799, 35.096775741026285 ], [ 126.87693074110453, 35.096565608586445 ], [ 126.876861064343686, 35.096386949976015 ], [ 126.87683465702942, 35.096220125616739 ], [ 126.876974065296039, 35.094598785619674 ] ], [ [ 126.876608879934309, 35.093872193778971 ], [ 126.876625547465039, 35.093851903217221 ], [ 126.876949787486382, 35.094540093902388 ], [ 126.876608879934309, 35.093872193778971 ] ], [ [ 126.876724560004362, 35.093578068845055 ], [ 126.876715572085814, 35.093636930528099 ], [ 126.876715279200411, 35.093637055996687 ], [ 126.876724560004362, 35.093578068845055 ] ], [ [ 126.876807436446114, 35.093079963388071 ], [ 126.876774691885899, 35.093349961139701 ], [ 126.876741466224985, 35.093478607539261 ], [ 126.876807436446114, 35.093079963388071 ] ], [ [ 126.876847261858046, 35.092857503656468 ], [ 126.876819969913996, 35.092983419246515 ], [ 126.876886562685016, 35.092684383294177 ], [ 126.876847261858046, 35.092857503656468 ] ], [ [ 126.879647542030071, 35.092362966773912 ], [ 126.880057941596405, 35.092683263168659 ], [ 126.882380970972434, 35.092607008520332 ], [ 126.881776405973753, 35.092845314550594 ], [ 126.880029400766162, 35.092731484592946 ], [ 126.879668265467984, 35.09245379997116 ], [ 126.877627264157184, 35.092343958570375 ], [ 126.879647542030071, 35.092362966773912 ] ], [ [ 126.883319782175363, 35.092367363909339 ], [ 126.884060429243959, 35.092348578837097 ], [ 126.8845138172086, 35.092350965848588 ], [ 126.883476540670102, 35.09239821825836 ], [ 126.883319782175363, 35.092367363909339 ] ], [ [ 126.885441548915153, 35.094438583781695 ], [ 126.884870696254524, 35.090844939073314 ], [ 126.885264250847342, 35.089914036425078 ], [ 126.886155351869078, 35.089848312000079 ], [ 126.886597779230215, 35.089974255447068 ], [ 126.884921879071896, 35.090850747973683 ], [ 126.885441548915153, 35.094438583781695 ] ], [ [ 126.88736911213995, 35.090713897337274 ], [ 126.888219735696907, 35.090635317827491 ], [ 126.888266804037258, 35.090372785404483 ], [ 126.888415379311027, 35.090195310170117 ], [ 126.888613689975116, 35.090078650994414 ], [ 126.88736911213995, 35.090713897337274 ] ], [ [ 126.896008624155883, 35.087047257011356 ], [ 126.888868320325059, 35.090003713843409 ], [ 126.888907383818292, 35.089659185627994 ], [ 126.888795879807972, 35.089563050776889 ], [ 126.888763034245628, 35.089428762070639 ], [ 126.89174937344238, 35.087910952231525 ], [ 126.89306442287355, 35.087996339922604 ], [ 126.894024591705403, 35.087363201347436 ], [ 126.895284439633969, 35.087112766771128 ], [ 126.896008624155883, 35.087047257011356 ] ], [ [ 126.896490860152113, 35.086857720978351 ], [ 126.896471449404373, 35.086858650613451 ], [ 126.896734126846027, 35.086794146411037 ], [ 126.896490860152113, 35.086857720978351 ] ], [ [ 126.89786446084959, 35.086557061790721 ], [ 126.897903273176922, 35.086544962560218 ], [ 126.897510816632973, 35.086669023347255 ], [ 126.89786446084959, 35.086557061790721 ] ], [ [ 126.898763599793668, 35.086165426169046 ], [ 126.899562209344765, 35.085751140370327 ], [ 126.898323801940833, 35.08629557924894 ], [ 126.898763599793668, 35.086165426169046 ] ], [ [ 126.899780151926493, 35.082088757275045 ], [ 126.900017668833428, 35.082592697241402 ], [ 126.899897414478588, 35.082369479454094 ], [ 126.899780151926493, 35.082088757275045 ] ], [ [ 126.887499709965397, 35.095277471233999 ], [ 126.886956325153321, 35.094919304818085 ], [ 126.886703181997419, 35.094743623664527 ], [ 126.887499709965397, 35.095277471233999 ] ], [ [ 126.892131360188287, 35.096285561676012 ], [ 126.891604722899586, 35.095741190641341 ], [ 126.891924289664203, 35.095977361320763 ], [ 126.892131360188287, 35.096285561676012 ] ], [ [ 126.895174179025346, 35.09513574729872 ], [ 126.895140543957154, 35.095118384602735 ], [ 126.894984564080843, 35.094938732241765 ], [ 126.895174179025346, 35.09513574729872 ] ], [ [ 126.895992421678542, 35.095972394915961 ], [ 126.895958786093217, 35.095955032448451 ], [ 126.895817632419948, 35.095551653649878 ], [ 126.895992421678542, 35.095972394915961 ] ], [ [ 126.904315924723505, 35.111537182837985 ], [ 126.904365266112052, 35.111553897531479 ], [ 126.904314171802014, 35.111536589380798 ], [ 126.904315924723505, 35.111537182837985 ] ], [ [ 126.909599142276448, 35.116973899748423 ], [ 126.909600248158313, 35.116973516880428 ], [ 126.909035899077764, 35.117417099442321 ], [ 126.909599142276448, 35.116973899748423 ] ], [ [ 126.888914394921841, 35.141159007968568 ], [ 126.88882382901086, 35.141275372227973 ], [ 126.888954469977023, 35.141106419599055 ], [ 126.888914394921841, 35.141159007968568 ] ], [ [ 126.890840267898454, 35.139494713174102 ], [ 126.89037966745903, 35.139256690192767 ], [ 126.89084235463271, 35.139492004250421 ], [ 126.890840267898454, 35.139494713174102 ] ], [ [ 126.89159282742493, 35.138519084388705 ], [ 126.891815941015963, 35.138227381078629 ], [ 126.891631747901357, 35.138469860045916 ], [ 126.89159282742493, 35.138519084388705 ] ], [ [ 126.892498225061246, 35.137338946956959 ], [ 126.892509418767801, 35.137324384183117 ], [ 126.892506514164353, 35.137328224509012 ], [ 126.892498225061246, 35.137338946956959 ] ], [ [ 126.893421645646754, 35.136136701233681 ], [ 126.894437855830304, 35.13666790710176 ], [ 126.893419290953773, 35.136139720719491 ], [ 126.893421645646754, 35.136136701233681 ] ], [ [ 126.897082778868338, 35.136998054809773 ], [ 126.89636372178164, 35.13662428974007 ], [ 126.896896238067782, 35.136900601566623 ], [ 126.897082778868338, 35.136998054809773 ] ], [ [ 126.896444862189753, 35.137698893183874 ], [ 126.896630686405004, 35.137794879015928 ], [ 126.896444427119647, 35.137699372263754 ], [ 126.896444862189753, 35.137698893183874 ] ], [ [ 126.89739544064247, 35.138041718325248 ], [ 126.897396563217185, 35.138040383484615 ], [ 126.897430443722854, 35.138073994696455 ], [ 126.89739544064247, 35.138041718325248 ] ], [ [ 126.89752356791297, 35.138172446418459 ], [ 126.897740422337733, 35.138439085777755 ], [ 126.897682808387913, 35.138368993207514 ], [ 126.89752356791297, 35.138172446418459 ] ], [ [ 126.897836942753543, 35.138559491641395 ], [ 126.897836952573144, 35.138560402020268 ], [ 126.897779122315342, 35.138487056534146 ], [ 126.897836942753543, 35.138559491641395 ] ], [ [ 126.898983699799132, 35.138994881051453 ], [ 126.898759313256903, 35.138744117307802 ], [ 126.898821351628953, 35.138780584667721 ], [ 126.898954056361774, 35.138886002476383 ], [ 126.898983699799132, 35.138994881051453 ] ], [ [ 126.899156441381336, 35.139112314862423 ], [ 126.89915471902836, 35.139112006947627 ], [ 126.89907732814963, 35.139076410778912 ], [ 126.899156441381336, 35.139112314862423 ] ], [ [ 126.89927126773776, 35.139354515438662 ], [ 126.899229800510682, 35.139292215465176 ], [ 126.899226722971761, 35.139278118633733 ], [ 126.89927126773776, 35.139354515438662 ] ], [ [ 126.899458250626878, 35.139462765281898 ], [ 126.89954755441245, 35.139493746971333 ], [ 126.899478440785231, 35.139472371761457 ], [ 126.899458250626878, 35.139462765281898 ] ], [ [ 126.899742529061655, 35.13952255584298 ], [ 126.899739004320551, 35.139522288041242 ], [ 126.899773838883505, 35.139524149319485 ], [ 126.899742529061655, 35.13952255584298 ] ], [ [ 126.901065574963155, 35.140190137604861 ], [ 126.900970120270685, 35.140177045277312 ], [ 126.900967087430516, 35.140174895217811 ], [ 126.901065574963155, 35.140190137604861 ] ], [ [ 126.901644377938041, 35.140186111127605 ], [ 126.901817910659915, 35.140131425754397 ], [ 126.901363785375793, 35.140249119890925 ], [ 126.901644377938041, 35.140186111127605 ] ], [ [ 126.902241724129865, 35.140296233513453 ], [ 126.902606574724743, 35.141587283264649 ], [ 126.902683663887785, 35.141833447547207 ], [ 126.902622547898844, 35.141644901983867 ], [ 126.902541625633091, 35.141368525134531 ], [ 126.902241786939399, 35.140298730322947 ], [ 126.902173529256942, 35.140087070353928 ], [ 126.902241724129865, 35.140296233513453 ] ], [ [ 126.902728402950785, 35.14197146956046 ], [ 126.903069061682828, 35.142937296544794 ], [ 126.903210603599334, 35.143346613178423 ], [ 126.902728402950785, 35.14197146956046 ] ], [ [ 126.903275830354175, 35.143519743063585 ], [ 126.903274090766629, 35.143520081455627 ], [ 126.903273628735803, 35.143518819032138 ], [ 126.903275830354175, 35.143519743063585 ] ], [ [ 126.90665039070214, 35.142894674644126 ], [ 126.906806581391365, 35.142926481712415 ], [ 126.90710527198064, 35.14295591588354 ], [ 126.906802774053801, 35.142926118197025 ], [ 126.906757943722496, 35.142920206339959 ], [ 126.90665039070214, 35.142894674644126 ] ], [ [ 126.907158428896636, 35.14296115417968 ], [ 126.907640068018765, 35.143238205740573 ], [ 126.90775731200749, 35.143323887458671 ], [ 126.907158428896636, 35.14296115417968 ] ], [ [ 126.908388263322678, 35.142515102853231 ], [ 126.908327718632549, 35.142508575184145 ], [ 126.908327724563605, 35.142508493105055 ], [ 126.908388263322678, 35.142515102853231 ] ], [ [ 126.908541665137847, 35.142494514994056 ], [ 126.908504363079871, 35.142469013631796 ], [ 126.908543477760517, 35.142493357338893 ], [ 126.908541665137847, 35.142494514994056 ] ], [ [ 126.908382068008152, 35.140291806988834 ], [ 126.908767954526098, 35.140440341502902 ], [ 126.908660834692625, 35.140434871255152 ], [ 126.908492712058475, 35.140371512267272 ], [ 126.908382068008152, 35.140291806988834 ] ], [ [ 126.910225270209864, 35.140169888049314 ], [ 126.910227388539411, 35.140169402910828 ], [ 126.910763800245221, 35.140489038934881 ], [ 126.910928840322626, 35.140692228955473 ], [ 126.910956841286165, 35.140733982679052 ], [ 126.910990571518113, 35.140804331706626 ], [ 126.910922077297556, 35.140953256808309 ], [ 126.910880355340922, 35.141034537028453 ], [ 126.910682372433456, 35.141366232403875 ], [ 126.910645311749136, 35.141488735065352 ], [ 126.910459508817965, 35.141690625800898 ], [ 126.911173515270775, 35.141927233967458 ], [ 126.911215543080132, 35.141956775674316 ], [ 126.909959119134086, 35.144572547495166 ], [ 126.911213424710112, 35.141957260829869 ], [ 126.910457390450389, 35.141691110943292 ], [ 126.910988453176614, 35.140804816858392 ], [ 126.910225270209864, 35.140169888049314 ] ], [ [ 126.914532504918398, 35.134331500720066 ], [ 126.91549699520985, 35.134425749332067 ], [ 126.914531817246953, 35.134331435789541 ], [ 126.914532504918398, 35.134331500720066 ] ], [ [ 126.918357563243859, 35.135939446695751 ], [ 126.918371981334076, 35.135949939365332 ], [ 126.918057481280897, 35.135721193240634 ], [ 126.918357563243859, 35.135939446695751 ] ], [ [ 126.920504617411765, 35.137512181622206 ], [ 126.920430335681118, 35.137453706019599 ], [ 126.92038232399527, 35.137415889023863 ], [ 126.920504617411765, 35.137512181622206 ] ], [ [ 126.896228049836594, 35.134338133394003 ], [ 126.896658493317801, 35.134461314279285 ], [ 126.898805385623206, 35.135086004630935 ], [ 126.896228049836594, 35.134338133394003 ] ], [ [ 126.899074761178355, 35.134789046670086 ], [ 126.900902451663853, 35.13356977941919 ], [ 126.901980784426655, 35.133656162799603 ], [ 126.899074761178355, 35.134789046670086 ] ], [ [ 126.909302696254954, 35.13791693230759 ], [ 126.909266488292616, 35.137963445859825 ], [ 126.909301392931269, 35.137915355170044 ], [ 126.909302696254954, 35.13791693230759 ] ], [ [ 126.908809762154959, 35.137730562777037 ], [ 126.908811879490486, 35.137730906910868 ], [ 126.908810170027792, 35.137755884244484 ], [ 126.908809762154959, 35.137730562777037 ] ], [ [ 126.909527911920975, 35.135633399168128 ], [ 126.911116130044732, 35.136654111289275 ], [ 126.910560770908774, 35.136307536487273 ], [ 126.909527911920975, 35.135633399168128 ] ], [ [ 126.91150468813602, 35.13603923942312 ], [ 126.911502197641227, 35.136039012235855 ], [ 126.911308980285114, 35.135977599068873 ], [ 126.91150468813602, 35.13603923942312 ] ], [ [ 126.911676835608731, 35.134568859524038 ], [ 126.911630248848994, 35.134527449452833 ], [ 126.91166476435636, 35.134550324438017 ], [ 126.911676835608731, 35.134568859524038 ] ], [ [ 126.911625204129408, 35.134485190067707 ], [ 126.911627554372828, 35.134483199808685 ], [ 126.911635909964275, 35.134489599677693 ], [ 126.911625204129408, 35.134485190067707 ] ], [ [ 126.911602339438616, 35.134463892069029 ], [ 126.911606252144281, 35.13446974034435 ], [ 126.911583404429933, 35.134451114809153 ], [ 126.911602339438616, 35.134463892069029 ] ], [ [ 126.911536014551842, 35.134411924691847 ], [ 126.911535527055818, 35.134422507054659 ], [ 126.911535468318618, 35.134409761028287 ], [ 126.911536014551842, 35.134411924691847 ] ], [ [ 126.910368131488767, 35.144689063293058 ], [ 126.910368186507299, 35.144688928130975 ], [ 126.910382901785454, 35.144697206054524 ], [ 126.910368131488767, 35.144689063293058 ] ], [ [ 126.910830959584857, 35.144763633035474 ], [ 126.910802269403803, 35.144768077132369 ], [ 126.910776510936714, 35.144771196817231 ], [ 126.910830959584857, 35.144763633035474 ] ], [ [ 126.904551418171962, 35.147126475153073 ], [ 126.904361657863802, 35.146810681527697 ], [ 126.904317365461907, 35.146710113030679 ], [ 126.904551418171962, 35.147126475153073 ] ], [ [ 126.905005089856843, 35.147824796730298 ], [ 126.905004914963683, 35.147824210709992 ], [ 126.905007739590289, 35.14782822415949 ], [ 126.905005089856843, 35.147824796730298 ] ], [ [ 126.907676306980036, 35.147556958130451 ], [ 126.907677022985325, 35.147557144686836 ], [ 126.907720871010511, 35.147582971067109 ], [ 126.907676306980036, 35.147556958130451 ] ], [ [ 126.907566597767484, 35.147526265048299 ], [ 126.907564674433985, 35.147525735604198 ], [ 126.907527677787115, 35.147499987153154 ], [ 126.907566597767484, 35.147526265048299 ] ], [ [ 126.907785160227931, 35.147432985433994 ], [ 126.907778198816658, 35.147417242383746 ], [ 126.907895678037605, 35.147173397143291 ], [ 126.907785160227931, 35.147432985433994 ] ], [ [ 126.907895140472803, 35.147126843783397 ], [ 126.907895676187437, 35.147173236918128 ], [ 126.907893006857762, 35.147051069982638 ], [ 126.907895140472803, 35.147126843783397 ] ], [ [ 126.908144287246316, 35.146679521706936 ], [ 126.908248434394125, 35.14655859859559 ], [ 126.90823363616569, 35.146679815794364 ], [ 126.908185266355034, 35.14671566155959 ], [ 126.908145860324026, 35.146685796354291 ], [ 126.90798320772933, 35.146799142717455 ], [ 126.907914118122278, 35.146798646460525 ], [ 126.908144287246316, 35.146679521706936 ] ], [ [ 126.908274376456092, 35.146405519472765 ], [ 126.908246327577089, 35.146405308622747 ], [ 126.908284375463921, 35.146398159692247 ], [ 126.908274376456092, 35.146405519472765 ] ], [ [ 126.908297386328385, 35.146384485993742 ], [ 126.90829952762418, 35.1463870069283 ], [ 126.908285792280665, 35.146397116842742 ], [ 126.908297386328385, 35.146384485993742 ] ], [ [ 126.9082543677129, 35.146331511787551 ], [ 126.908257666275915, 35.146326818067294 ], [ 126.908257031711486, 35.14633414304015 ], [ 126.9082543677129, 35.146331511787551 ] ], [ [ 126.908210102974962, 35.146125168165334 ], [ 126.908205852885985, 35.146157891360787 ], [ 126.908202159056103, 35.146177741254462 ], [ 126.908210102974962, 35.146125168165334 ] ], [ [ 126.908213775747768, 35.146061982020264 ], [ 126.908303245318038, 35.14602306030779 ], [ 126.908262751357029, 35.146052566614891 ], [ 126.908213775747768, 35.146061982020264 ] ], [ [ 126.908454279120662, 35.145886530724042 ], [ 126.908657577680486, 35.145991844261438 ], [ 126.908348385675836, 35.145864285089623 ], [ 126.908454279120662, 35.145886530724042 ] ], [ [ 126.908712735245558, 35.145894417312746 ], [ 126.908684927649958, 35.145948232834229 ], [ 126.908740111174865, 35.145828088985049 ], [ 126.908712735245558, 35.145894417312746 ] ], [ [ 126.908849150647967, 35.145593540828088 ], [ 126.908847437799096, 35.145594377780569 ], [ 126.908852673817208, 35.145582978708227 ], [ 126.908849150647967, 35.145593540828088 ] ], [ [ 126.908871865457712, 35.145507009978019 ], [ 126.908917920908877, 35.145441224973965 ], [ 126.908868474521753, 35.145535612251408 ], [ 126.908871865457712, 35.145507009978019 ] ], [ [ 126.908952859167584, 35.145461391091487 ], [ 126.908958971594572, 35.145451625056815 ], [ 126.908960090764921, 35.145452321339278 ], [ 126.908952859167584, 35.145461391091487 ] ], [ [ 126.909174121797165, 35.145558843092374 ], [ 126.909164583223443, 35.145551255426469 ], [ 126.909287637577378, 35.145613187749852 ], [ 126.909174121797165, 35.145558843092374 ] ], [ [ 126.909357797997046, 35.145463114561949 ], [ 126.909316073039989, 35.145564917380803 ], [ 126.909359560684663, 35.145435604158699 ], [ 126.909357797997046, 35.145463114561949 ] ], [ [ 126.909361814536993, 35.145414246090994 ], [ 126.909362514436154, 35.145406648191575 ], [ 126.909363860991746, 35.14540186714035 ], [ 126.909361814536993, 35.145414246090994 ] ], [ [ 126.909355695747692, 35.145259568857348 ], [ 126.909360664089391, 35.145266485924566 ], [ 126.909365291657423, 35.145308614559397 ], [ 126.909355695747692, 35.145259568857348 ] ], [ [ 126.90931599041285, 35.145198147214856 ], [ 126.90931596558552, 35.145197472051919 ], [ 126.909316201137315, 35.14519844346782 ], [ 126.90931599041285, 35.145198147214856 ] ], [ [ 126.909391647787118, 35.145037844444722 ], [ 126.909381775528132, 35.145052621682559 ], [ 126.90940345181788, 35.14495645561972 ], [ 126.909391647787118, 35.145037844444722 ] ], [ [ 126.909415169713142, 35.144925796706602 ], [ 126.909458641413806, 35.144855262267193 ], [ 126.909405840662956, 35.144950205402239 ], [ 126.909415169713142, 35.144925796706602 ] ], [ [ 126.909571868955098, 35.144744021926968 ], [ 126.909500524737481, 35.144787305028117 ], [ 126.909571970594584, 35.144741679460459 ], [ 126.909571868955098, 35.144744021926968 ] ], [ [ 126.909571828336595, 35.144653201253718 ], [ 126.909575744216895, 35.144654709486666 ], [ 126.909572103530763, 35.144738615704938 ], [ 126.909571828336595, 35.144653201253718 ] ], [ [ 126.909828906424323, 35.144487059586183 ], [ 126.909838470750927, 35.144493667907447 ], [ 126.909770110199034, 35.144496632916514 ], [ 126.909828906424323, 35.144487059586183 ] ] ] ] } }
]
}
