{
"type": "FeatureCollection",
"name": "31",
"crs": { "type": "name", "properties": { "name": "urn:ogc:def:crs:OGC:1.3:CRS84" } },
"features": [
{ "type": "Feature", "properties": { "sigungu_cd": "31710", "sigungu_nm": "울주군" }, "geometry": { "type": "MultiPolygon", "coordinates": [ [ [ [ 129.348663424515422, 35.374020927007038 ], [ 129.348861717279902, 35.374103692925445 ], [ 129.348862604562896, 35.374041111900503 ], [ 129.348663424515422, 35.374020927007038 ] ] ], [ [ [ 129.345494088816139, 35.374227326065224 ], [ 129.34553845831681, 35.373947133318822 ], [ 129.345314037130663, 35.374098679723133 ], [ 129.345494088816139, 35.374227326065224 ] ] ], [ [ [ 129.350515609400219, 35.386116432795653 ], [ 129.351200965222972, 35.385716772401658 ], [ 129.349819548470265, 35.385532965014995 ], [ 129.350515609400219, 35.386116432795653 ] ] ], [ [ [ 129.381979162933675, 35.420103293692812 ], [ 129.382075915958751, 35.408164528587839 ], [ 129.381839115105549, 35.408071988790468 ], [ 129.381907496898265, 35.419684680916554 ], [ 129.379498119211291, 35.427623856428447 ], [ 129.381979162933675, 35.420103293692812 ] ] ], [ [ [ 129.378112452043439, 35.439850746482847 ], [ 129.381098907401508, 35.445106572181345 ], [ 129.37828313584086, 35.439817099931687 ], [ 129.377289906279003, 35.426680751454008 ], [ 129.377103095200681, 35.426690589115509 ], [ 129.378112452043439, 35.439850746482847 ] ] ], [ [ [ 129.369190350233993, 35.448678494844096 ], [ 129.373419644952435, 35.447265811619197 ], [ 129.369001276621503, 35.441759562675564 ], [ 129.366027619242857, 35.442819861931497 ], [ 129.369190350233993, 35.448678494844096 ] ] ], [ [ [ 129.365429412078271, 35.445868352821762 ], [ 129.367106890905518, 35.446892395643935 ], [ 129.367872255415108, 35.44661914275958 ], [ 129.366770058590589, 35.444549658639751 ], [ 129.365429412078271, 35.445868352821762 ] ] ], [ [ [ 129.352443608881543, 35.449740732403818 ], [ 129.351689011861708, 35.448450378589691 ], [ 129.351053694155752, 35.449093643454532 ], [ 129.352443608881543, 35.449740732403818 ] ] ], [ [ [ 129.265610499931256, 35.387141271356526 ], [ 129.258052194002715, 35.38409561912664 ], [ 129.250637411364863, 35.387401229507013 ], [ 129.25074529337391, 35.384559970368883 ], [ 129.248804059907769, 35.383193288451281 ], [ 129.24201295096475, 35.383286162389396 ], [ 129.24101892925745, 35.385039688224168 ], [ 129.237080482099771, 35.383498399035233 ], [ 129.2354806270246, 35.380234775555529 ], [ 129.230188037315003, 35.381131799524731 ], [ 129.218646809304857, 35.379057553748744 ], [ 129.205180719984355, 35.384390809406973 ], [ 129.201195685327178, 35.387798798633888 ], [ 129.202860263663524, 35.392664688548358 ], [ 129.207852152020337, 35.395852950282368 ], [ 129.208976814765208, 35.399454355696392 ], [ 129.211732632902454, 35.399928153647217 ], [ 129.218958490254266, 35.406980472929114 ], [ 129.218950590293503, 35.409309937587921 ], [ 129.218185530810871, 35.411547755562339 ], [ 129.214048358297305, 35.41403363437307 ], [ 129.211474181777561, 35.419024543498111 ], [ 129.203192402322401, 35.420969365754146 ], [ 129.200109828963804, 35.424065513362912 ], [ 129.201032285367916, 35.428075269522672 ], [ 129.199881243388717, 35.430355577087205 ], [ 129.20210524757465, 35.431980664242261 ], [ 129.197992908227889, 35.437337705937431 ], [ 129.196494780662078, 35.438339374183592 ], [ 129.190226406657331, 35.434965189385373 ], [ 129.185515052939934, 35.435151427074281 ], [ 129.178440033298187, 35.431838837217917 ], [ 129.17694543387563, 35.433810990648588 ], [ 129.165627516414361, 35.432132511945376 ], [ 129.152090914142889, 35.441883763100876 ], [ 129.143225612245061, 35.445693670020553 ], [ 129.130943147848996, 35.458167147269478 ], [ 129.121769177594587, 35.463471244838907 ], [ 129.120566291408181, 35.465562338296174 ], [ 129.121291487114547, 35.470130207577675 ], [ 129.117452483499562, 35.475896025523411 ], [ 129.108354123182977, 35.481055719155528 ], [ 129.109357900227451, 35.486604707180717 ], [ 129.106738067905354, 35.489505880399683 ], [ 129.106711356179517, 35.495118318807869 ], [ 129.103677960435107, 35.497951138517436 ], [ 129.099514276607607, 35.496524494963118 ], [ 129.096786270846906, 35.498181430076912 ], [ 129.090667696204235, 35.498268560212971 ], [ 129.086282538669309, 35.50199577417191 ], [ 129.071716661343686, 35.505628788750315 ], [ 129.052816422210611, 35.51452579593424 ], [ 129.051148399534867, 35.519923495639389 ], [ 129.052093424745038, 35.524361800498021 ], [ 129.056458944731872, 35.527521099314676 ], [ 129.056668244910895, 35.530535886507352 ], [ 129.053916708274073, 35.536733453750621 ], [ 129.056678473756818, 35.53812606051887 ], [ 129.058341389963459, 35.539233163177492 ], [ 129.06937386559926, 35.541318483689203 ], [ 129.071569765313853, 35.542024060621507 ], [ 129.058341389958628, 35.539233163177649 ], [ 129.053916708269213, 35.536733453750799 ], [ 129.055842749009628, 35.531813654827275 ], [ 129.033354013071119, 35.525833680595433 ], [ 129.027460027167336, 35.527222051690728 ], [ 129.02072446204474, 35.524465256439839 ], [ 129.011085310505422, 35.523191783153017 ], [ 129.009062848522433, 35.524012624798473 ], [ 129.00973440553409, 35.528214495438306 ], [ 129.007651225964281, 35.529144356110379 ], [ 128.99460940205887, 35.528176712830962 ], [ 128.995958430313664, 35.535224797350836 ], [ 128.999016331458336, 35.540025086524317 ], [ 128.997043482655016, 35.544959535572431 ], [ 128.99237811382821, 35.547344151660013 ], [ 128.989393984597115, 35.55159602683203 ], [ 128.980994245197252, 35.546417432100029 ], [ 128.972035726808713, 35.556425365867518 ], [ 128.971250026556305, 35.560294846226419 ], [ 128.983212864741034, 35.56510200548756 ], [ 128.994128682310901, 35.567028065579898 ], [ 129.007990909423853, 35.580278666624793 ], [ 129.019184347550947, 35.584277922801142 ], [ 129.019005344878508, 35.586760429098668 ], [ 129.022795659111239, 35.59127626574692 ], [ 129.022666174422653, 35.595969025478126 ], [ 129.024631523350678, 35.599932903034997 ], [ 129.022604380660027, 35.602980559826932 ], [ 129.022986865868575, 35.613506224999 ], [ 129.016701277830407, 35.616281155141024 ], [ 129.008545280582979, 35.615940242220653 ], [ 129.002681373460803, 35.620260399255422 ], [ 129.009314114528252, 35.626530599015886 ], [ 129.017233424015132, 35.62965091708017 ], [ 129.020338312995818, 35.635465410608631 ], [ 129.026626522055011, 35.636628827385266 ], [ 129.036948331478044, 35.632561691899191 ], [ 129.04331113043267, 35.640949353243123 ], [ 129.046922731077387, 35.650514449044174 ], [ 129.069359740694637, 35.645361421579139 ], [ 129.075548390860774, 35.640328907696407 ], [ 129.080899948699397, 35.64326794094552 ], [ 129.079800248338813, 35.649215029300755 ], [ 129.07625743999958, 35.650990173503374 ], [ 129.070346027796717, 35.658650924028734 ], [ 129.067900002684951, 35.658845496589244 ], [ 129.068970052679049, 35.669092967390661 ], [ 129.067120467303852, 35.671354999521867 ], [ 129.073015469351418, 35.677427909489033 ], [ 129.070640058827024, 35.678620578492286 ], [ 129.069786837703958, 35.682379524203633 ], [ 129.076904976498724, 35.6929519041365 ], [ 129.080281304356788, 35.69629414487968 ], [ 129.087332098549666, 35.698972901026501 ], [ 129.090228119502001, 35.702583978343895 ], [ 129.09174144035353, 35.69861287875846 ], [ 129.093339023712929, 35.695847751422207 ], [ 129.095834855290548, 35.695009699700229 ], [ 129.095765445427418, 35.693946358582053 ], [ 129.095788141654481, 35.693207548128257 ], [ 129.095818750929794, 35.69240560610455 ], [ 129.095834318600367, 35.692350057360926 ], [ 129.096454658802855, 35.69131507738652 ], [ 129.09528609377449, 35.683277852132555 ], [ 129.096324446808779, 35.6809652561696 ], [ 129.098101090824628, 35.678972022331237 ], [ 129.098889357268831, 35.678221065254746 ], [ 129.099569707012819, 35.677882065393852 ], [ 129.099770882189603, 35.677073978741845 ], [ 129.100242440090483, 35.675759080341663 ], [ 129.10033539504829, 35.674992323642556 ], [ 129.101367947031093, 35.673465572849139 ], [ 129.102448006396315, 35.672260583193264 ], [ 129.103817416940672, 35.671055383095748 ], [ 129.103522307061866, 35.66888241817383 ], [ 129.104189162163692, 35.666777177192749 ], [ 129.108718416880578, 35.662142999138602 ], [ 129.108346451473125, 35.655566936271043 ], [ 129.104843615706358, 35.653603382445844 ], [ 129.103960138267382, 35.652747966174182 ], [ 129.108346451478639, 35.655566936270951 ], [ 129.108718416886006, 35.662142999138332 ], [ 129.104189162169092, 35.666777177192593 ], [ 129.103817416946072, 35.67105538309557 ], [ 129.099569707018105, 35.677882065393668 ], [ 129.096324446814094, 35.680965256169422 ], [ 129.095286093779805, 35.683277852132363 ], [ 129.096454658808142, 35.691315077386342 ], [ 129.095834855295834, 35.69500969970013 ], [ 129.093339023718215, 35.695847751422036 ], [ 129.090228119507401, 35.702583978343718 ], [ 129.112707957013953, 35.708441635050306 ], [ 129.115666668998784, 35.708515292056738 ], [ 129.117513015005102, 35.706707160463644 ], [ 129.122731222606774, 35.707755801768521 ], [ 129.127008077300303, 35.714063985727819 ], [ 129.134170900264252, 35.71213033886152 ], [ 129.136792175989257, 35.712871419514329 ], [ 129.136610057729399, 35.715490627295964 ], [ 129.139521436292597, 35.718213512928642 ], [ 129.137530559971168, 35.720636231226685 ], [ 129.141285830881628, 35.724118037847624 ], [ 129.144540449474448, 35.724853595757125 ], [ 129.153969440866433, 35.721934034783644 ], [ 129.160229653398574, 35.714766087981765 ], [ 129.168058747047525, 35.715509391492944 ], [ 129.171863918827825, 35.713914043133926 ], [ 129.178341554139024, 35.717313698236133 ], [ 129.181271163126951, 35.723756542332303 ], [ 129.186193996650843, 35.721241927439152 ], [ 129.186561613904246, 35.719474847753908 ], [ 129.192650330395679, 35.718363455483889 ], [ 129.198012758166414, 35.71448423373468 ], [ 129.205251848080678, 35.721093171490665 ], [ 129.20893584200499, 35.721083163759744 ], [ 129.209398310992583, 35.71862675914619 ], [ 129.217986631356609, 35.713180592150543 ], [ 129.220542331286964, 35.71388989021419 ], [ 129.224341384746509, 35.709568536088092 ], [ 129.232951068401348, 35.707632309865204 ], [ 129.233991128812335, 35.703847329835597 ], [ 129.256863872582244, 35.700688569973082 ], [ 129.262620049898771, 35.691093567649268 ], [ 129.262228741253494, 35.685963398740185 ], [ 129.25867707852359, 35.683159588806141 ], [ 129.261024304715676, 35.679099486598872 ], [ 129.259730176434289, 35.672371541644274 ], [ 129.254625093834534, 35.666290020430964 ], [ 129.255488954681311, 35.660482132667354 ], [ 129.260429377479483, 35.654554148231874 ], [ 129.269768319166729, 35.65103344957631 ], [ 129.275004136705491, 35.653070610510497 ], [ 129.280181234714632, 35.650233298879712 ], [ 129.282995788997482, 35.651705560652275 ], [ 129.297286299970239, 35.642576369562285 ], [ 129.29618495874638, 35.637909001644736 ], [ 129.298139233651455, 35.631420604685722 ], [ 129.294597928988765, 35.626024310222959 ], [ 129.295254012951517, 35.622018273307887 ], [ 129.294004441604955, 35.620608193736658 ], [ 129.294701561149054, 35.618322613956025 ], [ 129.300178150152107, 35.614266440402375 ], [ 129.299275279571759, 35.609663911061425 ], [ 129.296051402691546, 35.607778751800851 ], [ 129.295442050092817, 35.604469525543664 ], [ 129.289394435489356, 35.59554590905541 ], [ 129.293875479098858, 35.585438457486028 ], [ 129.292139204601824, 35.582077978906241 ], [ 129.294538923401262, 35.576131155358382 ], [ 129.290743821160504, 35.578572359261194 ], [ 129.283640311924955, 35.578610448676578 ], [ 129.280798154106918, 35.581120144557723 ], [ 129.281681748083201, 35.584154344094152 ], [ 129.283064619244129, 35.584139287516699 ], [ 129.270631566988584, 35.587390183596241 ], [ 129.265209229591278, 35.585447691337741 ], [ 129.252694451572665, 35.590254117196025 ], [ 129.255393811141801, 35.580171660530162 ], [ 129.259229982954849, 35.577662612345144 ], [ 129.259717945197849, 35.57428475123303 ], [ 129.257797884733804, 35.57395615599382 ], [ 129.25838458553082, 35.570050373535679 ], [ 129.256822807780736, 35.567104767334946 ], [ 129.258885296168984, 35.561527921952404 ], [ 129.26218361648921, 35.560832491346254 ], [ 129.265636842808561, 35.556904435548773 ], [ 129.262770636798962, 35.55617417182863 ], [ 129.260690589871388, 35.552331673231933 ], [ 129.261703675996188, 35.551672403313255 ], [ 129.255924977422154, 35.554344812635406 ], [ 129.25461085231899, 35.553417101716391 ], [ 129.252288821661836, 35.548768900126582 ], [ 129.248868876149487, 35.546260957850976 ], [ 129.249485099210602, 35.544720641691022 ], [ 129.244167037863463, 35.542806692623493 ], [ 129.241983423061754, 35.540016087849523 ], [ 129.238807559045966, 35.539860425945086 ], [ 129.236524207827188, 35.536162482818952 ], [ 129.245608792961661, 35.536093475840588 ], [ 129.247813746459116, 35.533345843511469 ], [ 129.253891040807588, 35.53274347828151 ], [ 129.254639161770314, 35.534963641083863 ], [ 129.257207341882747, 35.534360465333741 ], [ 129.257589469985561, 35.531601562128685 ], [ 129.262109755558811, 35.529114773502165 ], [ 129.264352143456421, 35.530831392211503 ], [ 129.274332173080126, 35.529222324110769 ], [ 129.274053779359349, 35.523717049100881 ], [ 129.280709055175009, 35.520718937770191 ], [ 129.281343897549561, 35.517290777864204 ], [ 129.288245705535957, 35.514985911022855 ], [ 129.288990812573644, 35.509049762682082 ], [ 129.290719859619031, 35.508718620313175 ], [ 129.290577935781641, 35.507013648521934 ], [ 129.291963047108453, 35.507143957037258 ], [ 129.293768190576941, 35.502792710963867 ], [ 129.296522439879936, 35.501358447217406 ], [ 129.300918449953258, 35.495060705089962 ], [ 129.304225215274357, 35.495290171521916 ], [ 129.30616809420448, 35.497620153805443 ], [ 129.310472644682164, 35.492585060609784 ], [ 129.314346774426639, 35.491764285461898 ], [ 129.318244065235376, 35.493020877499283 ], [ 129.32024608863631, 35.48766602368638 ], [ 129.323335204705302, 35.487332634406869 ], [ 129.326719940616982, 35.489601164882558 ], [ 129.329438931158734, 35.485895479081499 ], [ 129.337596809963372, 35.480876433433522 ], [ 129.339222603477566, 35.475306876009732 ], [ 129.337913143419968, 35.475113373405733 ], [ 129.336772997669442, 35.474962756999716 ], [ 129.336135414808723, 35.474869484234858 ], [ 129.347353268643133, 35.464256386140796 ], [ 129.349813939690449, 35.448198056690956 ], [ 129.359786274349148, 35.447911729300806 ], [ 129.358807840000594, 35.442830386259004 ], [ 129.353815140815897, 35.440925824822671 ], [ 129.355236918128583, 35.438264432754892 ], [ 129.365121665256879, 35.441115789246581 ], [ 129.365872900415269, 35.442581212326068 ], [ 129.368869747467357, 35.441511562838201 ], [ 129.366494551361342, 35.437049545174858 ], [ 129.371441150727975, 35.435285412847399 ], [ 129.37145577593995, 35.43121190696256 ], [ 129.37415197246807, 35.431225337493863 ], [ 129.367478465538994, 35.431088560929879 ], [ 129.362919863093737, 35.428581872223745 ], [ 129.362523927824526, 35.426249747732946 ], [ 129.35380240466742, 35.427058115136589 ], [ 129.353540468788566, 35.428179026306758 ], [ 129.352510217898384, 35.426787699937279 ], [ 129.363941671416711, 35.424676681688247 ], [ 129.36262054935537, 35.407755285745935 ], [ 129.374791243393048, 35.407812380307014 ], [ 129.374984687987677, 35.410512021085545 ], [ 129.374971380326002, 35.407627595336542 ], [ 129.362620698155297, 35.407665244230003 ], [ 129.362611480170273, 35.401920937094168 ], [ 129.358468790497739, 35.398688523389943 ], [ 129.353753722992337, 35.3979758164378 ], [ 129.355040831307093, 35.395747694597745 ], [ 129.354347824065144, 35.393029040600801 ], [ 129.345899075591234, 35.390164699709892 ], [ 129.347562606150888, 35.385848854766415 ], [ 129.344347349665242, 35.381095007431654 ], [ 129.345206808953634, 35.374150549172434 ], [ 129.34670936359592, 35.373067118050479 ], [ 129.35026019480398, 35.374142368846357 ], [ 129.355115548100741, 35.371373560035536 ], [ 129.355162500897364, 35.369425882043771 ], [ 129.357122523299296, 35.369087272788882 ], [ 129.357446973941904, 35.368644257055237 ], [ 129.355255591734505, 35.368832812673134 ], [ 129.354612743388259, 35.366623263507698 ], [ 129.36123154433642, 35.363225013457814 ], [ 129.359593927321129, 35.362367468343223 ], [ 129.361678150888309, 35.359921322589855 ], [ 129.360699226527686, 35.357347255787609 ], [ 129.355033613851248, 35.354697452197044 ], [ 129.349983186083733, 35.355411454826367 ], [ 129.344901745378252, 35.352254207791432 ], [ 129.343683578744731, 35.354865463168686 ], [ 129.34258155078237, 35.354206224876911 ], [ 129.340276180002093, 35.35414178418722 ], [ 129.343084483010955, 35.355537415912913 ], [ 129.342123031308176, 35.356399863044629 ], [ 129.334554272288784, 35.355881662312889 ], [ 129.331916239747272, 35.347653250830128 ], [ 129.322162318097696, 35.346524486536325 ], [ 129.320969854509968, 35.343045852600802 ], [ 129.319276222820349, 35.342947277841915 ], [ 129.321420375451567, 35.342714578500122 ], [ 129.320083303880409, 35.338707689719286 ], [ 129.318939320127612, 35.337619052053888 ], [ 129.316284746600587, 35.338679614597432 ], [ 129.312266432693207, 35.330157280934372 ], [ 129.307800954861818, 35.328296796007976 ], [ 129.309568161113532, 35.329484128208144 ], [ 129.306791752271181, 35.331076332332124 ], [ 129.304138528117733, 35.330177279892496 ], [ 129.302189466733239, 35.33364471043874 ], [ 129.303670155106857, 35.335626384317806 ], [ 129.301899972268188, 35.3367268881128 ], [ 129.296075004478809, 35.336456594198026 ], [ 129.294231073087133, 35.337966880638966 ], [ 129.291975456515985, 35.336879438903949 ], [ 129.289197422257047, 35.340515337979333 ], [ 129.285528094382414, 35.339233805988364 ], [ 129.279721875437929, 35.341396022427794 ], [ 129.283846221355105, 35.346109540109481 ], [ 129.283338947854162, 35.348625091795007 ], [ 129.284895470548889, 35.350741751313379 ], [ 129.280478977996182, 35.356258872972958 ], [ 129.283159872689765, 35.365159530338204 ], [ 129.279473630420114, 35.366181475370269 ], [ 129.277121521503489, 35.371901387140696 ], [ 129.26797636756055, 35.380152165753998 ], [ 129.265610499931256, 35.387141271356526 ] ], [ [ 129.336168382538148, 35.476002330305661 ], [ 129.335527278936382, 35.475920114098855 ], [ 129.335234850674425, 35.47589334328233 ], [ 129.335153975971082, 35.475893386648046 ], [ 129.335155385103747, 35.47580775899899 ], [ 129.335167303107141, 35.475092181814766 ], [ 129.335188361892307, 35.474748907481121 ], [ 129.335329871339241, 35.473371505509434 ], [ 129.335270997445264, 35.473149136625274 ], [ 129.333085009013672, 35.471803297770613 ], [ 129.335270997454415, 35.473149136624919 ], [ 129.336168382538148, 35.476002330305661 ] ], [ [ 129.33289977829358, 35.471824987175026 ], [ 129.332678359797939, 35.471646596130775 ], [ 129.332899778301936, 35.471824987174045 ], [ 129.33289977829358, 35.471824987175026 ] ], [ [ 129.330599073643782, 35.470855288376605 ], [ 129.330349896996125, 35.470644089145168 ], [ 129.330215397999325, 35.470425952517594 ], [ 129.330553781593153, 35.469957875703983 ], [ 129.331066833975683, 35.469554890922424 ], [ 129.331356498708516, 35.469426204589858 ], [ 129.33182897096188, 35.468703734135673 ], [ 129.332201757865448, 35.468451339607995 ], [ 129.331356498717554, 35.469426204589503 ], [ 129.330215398008448, 35.470425952517246 ], [ 129.330599073652678, 35.470855288376256 ], [ 129.331129643290126, 35.471036579710201 ], [ 129.331643881180128, 35.471397029411989 ], [ 129.331855527905788, 35.471767634039679 ], [ 129.330599073643782, 35.470855288376605 ] ], [ [ 129.331170901605731, 35.467273000945447 ], [ 129.33217110317193, 35.468014291209926 ], [ 129.332164914734335, 35.468009711514732 ], [ 129.331935279061554, 35.467839543339764 ], [ 129.331170901605731, 35.467273000945447 ] ], [ [ 129.331471523944685, 35.467153342485254 ], [ 129.331049452123551, 35.465829263060748 ], [ 129.330186471741143, 35.464985381600258 ], [ 129.329861670916728, 35.464107007068321 ], [ 129.324043320924062, 35.461527929049083 ], [ 129.323501328816604, 35.461175325469355 ], [ 129.323428154042006, 35.461077548781951 ], [ 129.323249055350317, 35.46083820702983 ], [ 129.323212238869075, 35.460802261966251 ], [ 129.322836124165462, 35.460435017543901 ], [ 129.322713615981002, 35.460269710739865 ], [ 129.322257233965217, 35.460175160701759 ], [ 129.32176735992735, 35.45991291078478 ], [ 129.322259052688821, 35.458607569268551 ], [ 129.320220284063311, 35.457951258200012 ], [ 129.322259052697603, 35.458607569268196 ], [ 129.32176735993616, 35.459912910784446 ], [ 129.322713615989784, 35.460269710739503 ], [ 129.324043320932958, 35.461527929048742 ], [ 129.329861670925737, 35.46410700706798 ], [ 129.331049452132589, 35.465829263060385 ], [ 129.331471523944685, 35.467153342485254 ] ], [ [ 129.31880060416043, 35.458708363914504 ], [ 129.318696768780029, 35.458680759440668 ], [ 129.31880060416384, 35.458708363912727 ], [ 129.31880060416043, 35.458708363914504 ] ], [ [ 129.315049706343586, 35.458474921332837 ], [ 129.316226043569571, 35.458826604831685 ], [ 129.316595328830488, 35.459107560810494 ], [ 129.317020387539941, 35.459562448032258 ], [ 129.315049706343586, 35.458474921332837 ] ], [ [ 129.313479838099994, 35.458626415706135 ], [ 129.313452197847909, 35.457085307973159 ], [ 129.31368282231665, 35.457694787775417 ], [ 129.313479838099994, 35.458626415706135 ] ], [ [ 129.311911181310791, 35.457423025351218 ], [ 129.311883948385798, 35.456906367570632 ], [ 129.311883948393984, 35.456906367561025 ], [ 129.311911181310791, 35.457423025351218 ] ], [ [ 129.30999908907998, 35.457174290826245 ], [ 129.311450984813632, 35.457415014605537 ], [ 129.30999908907728, 35.457174290827169 ], [ 129.30999908907998, 35.457174290826245 ] ], [ [ 129.305093418357899, 35.457520086111096 ], [ 129.305093418366482, 35.457520086110833 ], [ 129.305603222587024, 35.458670473801988 ], [ 129.305093418357899, 35.457520086111096 ] ], [ [ 129.303637373986277, 35.457770985848057 ], [ 129.302900805340954, 35.45769703645928 ], [ 129.303637373988465, 35.457770985847084 ], [ 129.303637373986277, 35.457770985848057 ] ], [ [ 129.302422846589678, 35.45680946877183 ], [ 129.301877038388682, 35.456478083913254 ], [ 129.302380619581612, 35.457805517586756 ], [ 129.302422846589678, 35.45680946877183 ] ], [ [ 129.300691612308441, 35.456662488046376 ], [ 129.300081715212315, 35.456525836956715 ], [ 129.300691612314381, 35.456662488045453 ], [ 129.300691612308441, 35.456662488046376 ] ], [ [ 129.298405223093908, 35.456446394140904 ], [ 129.299365899464561, 35.456647965961189 ], [ 129.298119358038861, 35.456390557987788 ], [ 129.298405223093908, 35.456446394140904 ] ], [ [ 129.073559624367107, 35.541994929127917 ], [ 129.073559624372081, 35.541994929127753 ], [ 129.07462930389417, 35.542363771731345 ], [ 129.073559624367107, 35.541994929127917 ] ], [ [ 129.081034708306191, 35.54288217926684 ], [ 129.079760452495634, 35.542852306154614 ], [ 129.078806716501589, 35.542767370491092 ], [ 129.078117622881109, 35.542150367736525 ], [ 129.077763511067417, 35.541466498544352 ], [ 129.081034708306191, 35.54288217926684 ] ], [ [ 129.081467784529877, 35.542760830476055 ], [ 129.081872913165512, 35.542835882429358 ], [ 129.081467784527405, 35.542760830476752 ], [ 129.081467784529877, 35.542760830476055 ] ], [ [ 129.084529313551684, 35.541509165792725 ], [ 129.087383742932531, 35.541724423577975 ], [ 129.086691178276737, 35.541684618024505 ], [ 129.085670404164972, 35.541675420856755 ], [ 129.084529313551684, 35.541509165792725 ] ], [ [ 129.089184089706691, 35.541651420202506 ], [ 129.089552822174625, 35.54227450667814 ], [ 129.089184089701462, 35.541651420202875 ], [ 129.089184089706691, 35.541651420202506 ] ], [ [ 129.089989055979458, 35.542181254469192 ], [ 129.092730332478027, 35.542820637165917 ], [ 129.093598159796159, 35.542985419355993 ], [ 129.095137416612886, 35.543850289857929 ], [ 129.096465136872609, 35.545200908103759 ], [ 129.096356179119454, 35.546640707182995 ], [ 129.09676499505548, 35.54670952324237 ], [ 129.097375444831556, 35.546987143307831 ], [ 129.097699866742914, 35.547075959966335 ], [ 129.098342236492272, 35.547352224731995 ], [ 129.098702449633691, 35.547872145058335 ], [ 129.098763533148627, 35.548226449454333 ], [ 129.097781470183037, 35.551931501521942 ], [ 129.097805404074023, 35.551951058545306 ], [ 129.097872133681761, 35.552360734248495 ], [ 129.097781470177722, 35.551931501522127 ], [ 129.098702449628405, 35.547872145058534 ], [ 129.096356179114139, 35.546640707183187 ], [ 129.095137416607599, 35.543850289858113 ], [ 129.093598159790872, 35.542985419356192 ], [ 129.091822320170365, 35.54279965377026 ], [ 129.091290525357152, 35.542689975642595 ], [ 129.090873881818993, 35.542600344825551 ], [ 129.090826340525183, 35.542579082411187 ], [ 129.089989055979458, 35.542181254469192 ] ], [ [ 129.095955217174208, 35.553904557714631 ], [ 129.102185990052789, 35.557207429447885 ], [ 129.102261839646218, 35.557594580376851 ], [ 129.101940349485886, 35.558355153982056 ], [ 129.101380831992003, 35.558886274246987 ], [ 129.101394233771913, 35.559286627238286 ], [ 129.102171480726128, 35.559548527651671 ], [ 129.102614739255898, 35.56055025187198 ], [ 129.105225311444514, 35.561278856993695 ], [ 129.102614739250583, 35.560550251872186 ], [ 129.101394233766513, 35.559286627238478 ], [ 129.101380831986575, 35.558886274247186 ], [ 129.102261839640818, 35.557594580377028 ], [ 129.10218599004736, 35.557207429448063 ], [ 129.096667774504482, 35.554968427064587 ], [ 129.095955217169035, 35.553904557714809 ], [ 129.096427892390722, 35.552895618620539 ], [ 129.097009763629899, 35.552351830883865 ], [ 129.095955217174208, 35.553904557714631 ] ], [ [ 129.107284842473916, 35.561715853035466 ], [ 129.10687274586877, 35.561329414592095 ], [ 129.106315687299627, 35.561080115628108 ], [ 129.106872745874227, 35.561329414591832 ], [ 129.107284842479402, 35.561715853035373 ], [ 129.107909146227087, 35.561913353853548 ], [ 129.107284842473916, 35.561715853035466 ] ], [ [ 129.110392721251998, 35.562969371988771 ], [ 129.109488166003388, 35.562055877097173 ], [ 129.108364871610547, 35.561873320738862 ], [ 129.109488166008902, 35.562055877096967 ], [ 129.110392721251998, 35.562969371988771 ] ], [ [ 129.111204442525889, 35.563850425791067 ], [ 129.10903134888261, 35.56522480225518 ], [ 129.107665116760046, 35.570709833187145 ], [ 129.107007643895798, 35.570658153630269 ], [ 129.109031348877124, 35.56522480225545 ], [ 129.109527821936666, 35.564793657056548 ], [ 129.111204442520375, 35.563850425791259 ], [ 129.110490770260043, 35.562953339472301 ], [ 129.111204442525889, 35.563850425791067 ] ], [ [ 129.142448188942609, 35.542637026236982 ], [ 129.142448188942609, 35.542637026236989 ], [ 129.142367347347971, 35.542620969427965 ], [ 129.142448188942609, 35.542637026236982 ] ], [ [ 129.143181255195628, 35.542636473446763 ], [ 129.142870340871724, 35.542679271420155 ], [ 129.1433420898409, 35.542581257595607 ], [ 129.143181255195628, 35.542636473446763 ] ], [ [ 129.145076797032459, 35.541748950324603 ], [ 129.145076797032459, 35.54174895032461 ], [ 129.144999336492702, 35.541864354455136 ], [ 129.145076797032459, 35.541748950324603 ] ], [ [ 129.145340550600196, 35.540754613652695 ], [ 129.145375992364279, 35.540853416599752 ], [ 129.14536115521625, 35.540838031139742 ], [ 129.145340550600196, 35.540754613652695 ] ], [ [ 129.14668965826246, 35.539816449865995 ], [ 129.146689658262488, 35.539816449866009 ], [ 129.146521571348558, 35.539847125012336 ], [ 129.14668965826246, 35.539816449865995 ] ], [ [ 129.147179419754593, 35.539615906345908 ], [ 129.147290164301211, 35.539286393456187 ], [ 129.146730770614425, 35.539805936292659 ], [ 129.147179419754593, 35.539615906345908 ] ], [ [ 129.147314374558789, 35.539198226331365 ], [ 129.147803957967795, 35.538429016007179 ], [ 129.147811535450671, 35.538393666946433 ], [ 129.147803957967795, 35.538429016007186 ], [ 129.147314374558789, 35.539198226331372 ], [ 129.147290164301211, 35.539286393456187 ], [ 129.147314374558789, 35.539198226331365 ] ], [ [ 129.147745065392883, 35.53815706692027 ], [ 129.147745065392883, 35.538157066920256 ], [ 129.147789378764742, 35.538314800271039 ], [ 129.147745065392883, 35.53815706692027 ] ], [ [ 129.148236128302386, 35.536541074931002 ], [ 129.147577061541568, 35.537246347346525 ], [ 129.147601349005839, 35.537655747407406 ], [ 129.148236128302386, 35.536541074931002 ] ], [ [ 129.150093413954977, 35.536500008520839 ], [ 129.150093413954977, 35.536500008520846 ], [ 129.14877604440494, 35.536591610359515 ], [ 129.150093413954977, 35.536500008520839 ] ], [ [ 129.153184207332771, 35.536322570018413 ], [ 129.153184207332771, 35.53632257001842 ], [ 129.152901415071028, 35.536434998651607 ], [ 129.153184207332771, 35.536322570018413 ] ], [ [ 129.15376328666332, 35.536527885768685 ], [ 129.154948959806944, 35.537062645624616 ], [ 129.154948959806944, 35.537062645624623 ], [ 129.15376328666332, 35.536527885768685 ] ], [ [ 129.156566331766868, 35.537118178367507 ], [ 129.156566331766896, 35.537118178367514 ], [ 129.156501271036348, 35.53714738729974 ], [ 129.156566331766868, 35.537118178367507 ] ], [ [ 129.157258185894989, 35.53671911147601 ], [ 129.157258185894989, 35.536719111476017 ], [ 129.157205486901972, 35.53674950845248 ], [ 129.157258185894989, 35.53671911147601 ] ], [ [ 129.160330744141987, 35.53640731022449 ], [ 129.160330744141987, 35.536407310224504 ], [ 129.159854198202993, 35.536480831254366 ], [ 129.160330744141987, 35.53640731022449 ] ], [ [ 129.160656132668834, 35.536358030849335 ], [ 129.161307206895543, 35.53602633947974 ], [ 129.162111843441551, 35.53599913457807 ], [ 129.161307206895543, 35.536026339479747 ], [ 129.160956861512318, 35.536312487542197 ], [ 129.160656132668834, 35.536358030849335 ] ], [ [ 129.166586767781126, 35.536067004502684 ], [ 129.166726075893621, 35.536081910424727 ], [ 129.166063847213053, 35.536011054739561 ], [ 129.166586767781126, 35.536067004502684 ] ], [ [ 129.166709571403516, 35.536099210909462 ], [ 129.166709571403516, 35.536099210909448 ], [ 129.166717823648554, 35.536090560667091 ], [ 129.166709571403516, 35.536099210909462 ] ], [ [ 129.166656594164039, 35.536128936166456 ], [ 129.166675154636977, 35.53613964344656 ], [ 129.166656594164039, 35.536128936166463 ], [ 129.166656594164039, 35.536128936166456 ] ], [ [ 129.167224470136404, 35.53607697233862 ], [ 129.16722447013646, 35.536076972338627 ], [ 129.166973436335752, 35.536151547947568 ], [ 129.167224470136404, 35.53607697233862 ] ], [ [ 129.168390274611852, 35.5351887311325 ], [ 129.168390274611852, 35.535188731132514 ], [ 129.168309447211584, 35.535410958718643 ], [ 129.168390274611852, 35.5351887311325 ] ], [ [ 129.17061819488552, 35.535188826609193 ], [ 129.17061819488552, 35.5351888266092 ], [ 129.16965417484343, 35.534869844680614 ], [ 129.17061819488552, 35.535188826609193 ] ], [ [ 129.171965181306803, 35.535547169463179 ], [ 129.171965181306803, 35.535547169463186 ], [ 129.171542420645778, 35.535368651548673 ], [ 129.171965181306803, 35.535547169463179 ] ], [ [ 129.174360735511925, 35.53559268150881 ], [ 129.174360735511925, 35.535592681508831 ], [ 129.174102784111284, 35.535471195622122 ], [ 129.174360735511925, 35.53559268150881 ] ], [ [ 129.174851384412648, 35.535858815213082 ], [ 129.174851384412648, 35.535858815213089 ], [ 129.174812635952435, 35.535833366026473 ], [ 129.174851384412648, 35.535858815213082 ] ], [ [ 129.177673820633174, 35.537063003511044 ], [ 129.177673820633174, 35.537063003511051 ], [ 129.177059112132468, 35.536780252862563 ], [ 129.177673820633174, 35.537063003511044 ] ], [ [ 129.179512432594294, 35.537964376133786 ], [ 129.179512432594294, 35.537964376133793 ], [ 129.179494677131828, 35.537913497097044 ], [ 129.179512432594294, 35.537964376133786 ] ], [ [ 129.179923219645588, 35.539369161035545 ], [ 129.17998424342116, 35.539553345445476 ], [ 129.179684314951288, 35.538610198865534 ], [ 129.179923219645588, 35.539369161035545 ] ], [ [ 129.1811372044655, 35.543087927957465 ], [ 129.1811372044655, 35.543087927957494 ], [ 129.181026389402064, 35.542969779868407 ], [ 129.1811372044655, 35.543087927957465 ] ], [ [ 129.182730725446845, 35.543749266682354 ], [ 129.182730725446845, 35.543749266682369 ], [ 129.182618244542709, 35.543731009940871 ], [ 129.182730725446845, 35.543749266682354 ] ], [ [ 129.183610139144093, 35.543968443681841 ], [ 129.184665984874471, 35.544252978720124 ], [ 129.185460684320674, 35.544390748649576 ], [ 129.183610139144093, 35.543968443681841 ] ], [ [ 129.187157352427562, 35.544993557399344 ], [ 129.187750021466599, 35.544811771315786 ], [ 129.187750021466599, 35.5448117713158 ], [ 129.187157352427562, 35.544993557399344 ] ], [ [ 129.187737943541748, 35.544782101291354 ], [ 129.187699260439445, 35.544635330948452 ], [ 129.187745995491639, 35.544801881307642 ], [ 129.187737943541748, 35.544782101291354 ] ], [ [ 129.188526023182561, 35.544434414328705 ], [ 129.188526023182561, 35.544434414328691 ], [ 129.189025708200205, 35.544302526306168 ], [ 129.188526023182561, 35.544434414328705 ] ], [ [ 129.190456176800637, 35.544737169471041 ], [ 129.190456176800637, 35.544737169471055 ], [ 129.190233231260549, 35.544690513927655 ], [ 129.190456176800637, 35.544737169471041 ] ], [ [ 129.192920908451327, 35.545201793109207 ], [ 129.192920908451327, 35.545201793109214 ], [ 129.192670041865028, 35.545116414827945 ], [ 129.192920908451327, 35.545201793109207 ] ], [ [ 129.19352290787424, 35.544548784538776 ], [ 129.193522907874211, 35.544548784538797 ], [ 129.193626934813466, 35.544358036521217 ], [ 129.19352290787424, 35.544548784538776 ] ], [ [ 129.194053702658863, 35.543808136485879 ], [ 129.194053702658891, 35.543808136485879 ], [ 129.193732837272023, 35.544199405243809 ], [ 129.194053702658863, 35.543808136485879 ] ], [ [ 129.19438832184548, 35.543437556629456 ], [ 129.19438832184548, 35.543437556629463 ], [ 129.194346882105975, 35.54355132137335 ], [ 129.19438832184548, 35.543437556629456 ] ], [ [ 129.193940787204639, 35.541286870805749 ], [ 129.194039792202773, 35.541988694640892 ], [ 129.194347826596413, 35.542428188034769 ], [ 129.194039792202773, 35.541988694640899 ], [ 129.193940787204639, 35.541286870805749 ] ], [ [ 129.193909017191487, 35.539223230797191 ], [ 129.193909017191544, 35.539223230797177 ], [ 129.193844443437285, 35.539322786698037 ], [ 129.193909017191487, 35.539223230797191 ] ], [ [ 129.193928404770958, 35.538245428320081 ], [ 129.193928404770929, 35.538245428320074 ], [ 129.193905346037667, 35.537792236171761 ], [ 129.193928404770958, 35.538245428320081 ] ], [ [ 129.193904454767193, 35.537774719304188 ], [ 129.193904454767193, 35.537774719304167 ], [ 129.193981042777807, 35.537663888982763 ], [ 129.193904454767193, 35.537774719304188 ] ], [ [ 129.194241517066047, 35.537361549350223 ], [ 129.194241517066075, 35.537361549350223 ], [ 129.194097917915173, 35.537518202526364 ], [ 129.194241517066047, 35.537361549350223 ] ], [ [ 129.195652761804979, 35.536505856430551 ], [ 129.196129694455351, 35.536188795471531 ], [ 129.195503531469541, 35.53663481663687 ], [ 129.195652761804979, 35.536505856430551 ] ], [ [ 129.197012462667743, 35.536959679619784 ], [ 129.197012462667743, 35.536959679619805 ], [ 129.196747187115164, 35.536774638595801 ], [ 129.197012462667743, 35.536959679619784 ] ], [ [ 129.197424164077972, 35.537615164389472 ], [ 129.197519185367184, 35.53772059685987 ], [ 129.197519185367156, 35.537720596859877 ], [ 129.197424164077972, 35.537615164389472 ] ], [ [ 129.198579377807647, 35.537717314048578 ], [ 129.19771611216936, 35.537660935204507 ], [ 129.198458649155839, 35.537705843983083 ], [ 129.198579377807647, 35.537717314048578 ] ], [ [ 129.200087640286426, 35.538203923542675 ], [ 129.200087640286426, 35.538203923542689 ], [ 129.199874539007794, 35.537937346334047 ], [ 129.200087640286426, 35.538203923542675 ] ], [ [ 129.202587208875684, 35.539173848132769 ], [ 129.202587208875684, 35.539173848132798 ], [ 129.202207789646792, 35.539045132896142 ], [ 129.202587208875684, 35.539173848132769 ] ], [ [ 129.203918925462972, 35.539722537269995 ], [ 129.203918925462972, 35.539722537270009 ], [ 129.203735075549844, 35.53966325205414 ], [ 129.203918925462972, 35.539722537269995 ] ], [ [ 129.204677444807629, 35.540319776273151 ], [ 129.204510817940019, 35.539968781007019 ], [ 129.204727705631313, 35.540546565823121 ], [ 129.204677444807629, 35.540319776273151 ] ], [ [ 129.216358173107807, 35.534037186228254 ], [ 129.216358173110933, 35.534037186229092 ], [ 129.21475138458004, 35.534472408496306 ], [ 129.216358173107807, 35.534037186228254 ] ], [ [ 129.22383935484612, 35.535806623717292 ], [ 129.223577589788363, 35.535820922946989 ], [ 129.223577589788135, 35.535820922946876 ], [ 129.22383935484612, 35.535806623717292 ] ], [ [ 129.22740252301972, 35.53672714680738 ], [ 129.22697680001599, 35.536753531384818 ], [ 129.226976800013176, 35.536753531384761 ], [ 129.22740252301972, 35.53672714680738 ] ], [ [ 129.229790307845093, 35.537837400033354 ], [ 129.234657933129512, 35.536019960522061 ], [ 129.235616793426885, 35.535813742869351 ], [ 129.229790307845093, 35.537837400033354 ] ], [ [ 129.216879996145394, 35.512995272888652 ], [ 129.216879996138488, 35.512995272888944 ], [ 129.213623315690597, 35.512122501819832 ], [ 129.216879996145394, 35.512995272888652 ] ], [ [ 129.221466843156776, 35.51049786590459 ], [ 129.220124196283507, 35.510304237986816 ], [ 129.221466843158169, 35.510497865903552 ], [ 129.221466843156776, 35.51049786590459 ] ], [ [ 129.235379806720431, 35.486718253418502 ], [ 129.23620564557433, 35.487808867390591 ], [ 129.236619836275509, 35.488036784739762 ], [ 129.237106901243038, 35.488554020934451 ], [ 129.238713123431808, 35.491622487310117 ], [ 129.241979371454789, 35.49207690248322 ], [ 129.238713123424418, 35.491622487310323 ], [ 129.237106901235762, 35.488554020934679 ], [ 129.235640658955532, 35.487660538001592 ], [ 129.235460481037961, 35.487067234967697 ], [ 129.235379806713155, 35.486718253418708 ], [ 129.234123635092658, 35.486101287901946 ], [ 129.233691217935331, 35.485817750463269 ], [ 129.233500752761785, 35.485507338285771 ], [ 129.235379806720431, 35.486718253418502 ] ], [ [ 129.254512205413221, 35.483114356487732 ], [ 129.254043701285809, 35.483070858601664 ], [ 129.254512205414159, 35.483114356486887 ], [ 129.254512205413221, 35.483114356487732 ] ], [ [ 129.256720700871682, 35.481981859084101 ], [ 129.256087994494322, 35.481882727307912 ], [ 129.256720700871796, 35.481981859082673 ], [ 129.256720700871682, 35.481981859084101 ] ], [ [ 129.250367103822498, 35.468215781226192 ], [ 129.250299776720141, 35.468240805101473 ], [ 129.250698887640226, 35.46811811607396 ], [ 129.250367103822498, 35.468215781226192 ] ], [ [ 129.247929030548278, 35.466988536372249 ], [ 129.247929030552513, 35.466988536373094 ], [ 129.247871119517413, 35.467008672616572 ], [ 129.247929030548278, 35.466988536372249 ] ], [ [ 129.246071204976772, 35.466178156456202 ], [ 129.246071204977795, 35.466178156457048 ], [ 129.245648986269231, 35.466254648960451 ], [ 129.246071204976772, 35.466178156456202 ] ], [ [ 129.24519369753574, 35.466288683130557 ], [ 129.245305966021391, 35.466260903450042 ], [ 129.245287504372357, 35.466276497292277 ], [ 129.24519369753574, 35.466288683130557 ] ], [ [ 129.244928383637131, 35.466091201532095 ], [ 129.243927069958687, 35.466408755393545 ], [ 129.243785536839738, 35.466468760172319 ], [ 129.243501080924119, 35.466588474585329 ], [ 129.244928383637131, 35.466091201532095 ] ], [ [ 129.238049475189626, 35.458177189339331 ], [ 129.239056134018853, 35.458273103312123 ], [ 129.239257754898347, 35.45828637014715 ], [ 129.239056134011463, 35.458273103312351 ], [ 129.238049475189626, 35.458177189339331 ] ], [ [ 129.239724275051628, 35.453291761645822 ], [ 129.239724275053106, 35.453291761646412 ], [ 129.238752342369935, 35.453428358446047 ], [ 129.239724275051628, 35.453291761645822 ] ], [ [ 129.238740869889313, 35.450049329421908 ], [ 129.240086520480872, 35.450308976174185 ], [ 129.240361719909032, 35.450362077833347 ], [ 129.240086520473483, 35.450308976174497 ], [ 129.238740869889313, 35.450049329421908 ] ], [ [ 129.241785397210776, 35.450035457057695 ], [ 129.247177077102918, 35.452132071111222 ], [ 129.249205588419954, 35.454141889896583 ], [ 129.241785397210776, 35.450035457057695 ] ], [ [ 129.25798612779775, 35.452133184063513 ], [ 129.257253274028386, 35.452086654216323 ], [ 129.256665337680772, 35.451887023882691 ], [ 129.256010937715814, 35.451533046567874 ], [ 129.254424497007648, 35.450971882536116 ], [ 129.254348519538922, 35.450945002452151 ], [ 129.25798612779775, 35.452133184063513 ] ], [ [ 129.261133172824287, 35.45255569517763 ], [ 129.260177317909637, 35.452026236874943 ], [ 129.259546015844535, 35.451818619756118 ], [ 129.259509183247133, 35.451805431230824 ], [ 129.261133172824287, 35.45255569517763 ] ], [ [ 129.265787813727712, 35.452753047910981 ], [ 129.263768083099933, 35.452370260175236 ], [ 129.264678069018686, 35.452390208438842 ], [ 129.265787813727712, 35.452753047910981 ] ], [ [ 129.267365258937673, 35.45256774499493 ], [ 129.267365258945489, 35.452567744994703 ], [ 129.267517668133564, 35.452568544864356 ], [ 129.267365258937673, 35.45256774499493 ] ], [ [ 129.267795431818911, 35.452569744047203 ], [ 129.267589055168372, 35.45256441275491 ], [ 129.267795431823203, 35.452569744046841 ], [ 129.267795431818911, 35.452569744047203 ] ], [ [ 129.270404462148321, 35.453314271899465 ], [ 129.268078807457329, 35.452545801731468 ], [ 129.269389809423217, 35.452580285628798 ], [ 129.270404462148321, 35.453314271899465 ] ], [ [ 129.273683022295359, 35.45308021780609 ], [ 129.277069385431844, 35.456688471702684 ], [ 129.2774063384268, 35.458153858081673 ], [ 129.277730442748776, 35.459730502796035 ], [ 129.277789157140859, 35.460651287424753 ], [ 129.277069385423829, 35.456688471703018 ], [ 129.27441850684076, 35.454940874963675 ], [ 129.274010767216367, 35.454454324008736 ], [ 129.273683022287315, 35.453080217806338 ], [ 129.271869472072439, 35.452627790065613 ], [ 129.273683022295359, 35.45308021780609 ] ], [ [ 129.282130282287852, 35.461134106575599 ], [ 129.283144904180205, 35.461551869169334 ], [ 129.282306494276895, 35.461281339735486 ], [ 129.282130282279837, 35.461134106575933 ], [ 129.281781441288672, 35.460874791111806 ], [ 129.281732853761326, 35.460828757042222 ], [ 129.281346501668253, 35.460686201504394 ], [ 129.280851354548616, 35.460483283711653 ], [ 129.279897317464304, 35.459909823512902 ], [ 129.281732853769483, 35.460828757041945 ], [ 129.282130282287852, 35.461134106575599 ] ], [ [ 129.286065855263388, 35.460684856315694 ], [ 129.28583181154076, 35.460678017165428 ], [ 129.28606585526498, 35.460684856315282 ], [ 129.286065855263388, 35.460684856315694 ] ], [ [ 129.286844531608949, 35.460431877989336 ], [ 129.287642861088983, 35.460730889140471 ], [ 129.287478121126668, 35.460621437381221 ], [ 129.286844531608949, 35.460431877989336 ] ], [ [ 129.292219235479934, 35.461231633704259 ], [ 129.288696014731102, 35.460800203922254 ], [ 129.292568514170313, 35.461260264627469 ], [ 129.292219235479934, 35.461231633704259 ] ], [ [ 129.295697600545424, 35.458743288692631 ], [ 129.29557052989054, 35.458588780952645 ], [ 129.295697600549602, 35.458743288687231 ], [ 129.295697600545424, 35.458743288692631 ] ], [ [ 129.204118108482788, 35.430630345514814 ], [ 129.204118108482817, 35.430630345514821 ], [ 129.204388690963469, 35.430731541153222 ], [ 129.204118108482788, 35.430630345514814 ] ], [ [ 129.207472317279098, 35.433099277044633 ], [ 129.207309128757856, 35.433893890719261 ], [ 129.207444573259295, 35.43226333924887 ], [ 129.207472317279098, 35.433099277044633 ] ], [ [ 129.20703344833376, 35.43554050746409 ], [ 129.207033448333789, 35.43554050746409 ], [ 129.207308659561107, 35.435627177678633 ], [ 129.20703344833376, 35.43554050746409 ] ], [ [ 129.208357869407507, 35.436262593637601 ], [ 129.207979122054894, 35.436004268106494 ], [ 129.208357869407507, 35.436262593637586 ], [ 129.208357869407507, 35.436262593637601 ] ], [ [ 129.208243319829421, 35.436524080106608 ], [ 129.208312049576278, 35.436367188225205 ], [ 129.208243319829421, 35.436524080106615 ], [ 129.208243319829421, 35.436524080106608 ] ], [ [ 129.208586964864082, 35.439742461687615 ], [ 129.208586964864082, 35.439742461687629 ], [ 129.208566443887094, 35.44011977671137 ], [ 129.208586964864082, 35.439742461687615 ] ], [ [ 129.208686646782553, 35.440584385602428 ], [ 129.209726632732668, 35.441013446337678 ], [ 129.208566443887094, 35.44011977671137 ], [ 129.208686646782553, 35.440584385602428 ] ], [ [ 129.211402518137106, 35.441596165374797 ], [ 129.212246768987598, 35.441935624298985 ], [ 129.212771913311599, 35.4421448559971 ], [ 129.211402518137106, 35.441596165374797 ] ], [ [ 129.213084472691236, 35.442186327687011 ], [ 129.213821484027079, 35.442312019346232 ], [ 129.212831312657499, 35.442152737351542 ], [ 129.213084472691236, 35.442186327687011 ] ], [ [ 129.214726004266623, 35.442624468752868 ], [ 129.214230957031219, 35.442446206650203 ], [ 129.214726004266623, 35.442624468752847 ], [ 129.214726004266623, 35.442624468752868 ] ], [ [ 129.214626781664435, 35.442950873333629 ], [ 129.214626781664464, 35.44295087333365 ], [ 129.214596648597308, 35.442993044771526 ], [ 129.214626781664435, 35.442950873333629 ] ], [ [ 129.214243823958185, 35.44403764598907 ], [ 129.214243823958213, 35.444037645989084 ], [ 129.214224691060878, 35.444137544897771 ], [ 129.214243823958185, 35.44403764598907 ] ], [ [ 129.214194532556547, 35.44438797304592 ], [ 129.214204879994526, 35.444335525590702 ], [ 129.214194532556547, 35.444387973045927 ], [ 129.214194532556547, 35.44438797304592 ] ], [ [ 129.215739234780955, 35.447714581764998 ], [ 129.217138072111567, 35.448184467459527 ], [ 129.21558332010818, 35.447495332140797 ], [ 129.215739234780955, 35.447714581764998 ] ], [ [ 129.21911906387308, 35.447869032188578 ], [ 129.21911906387308, 35.447869032188571 ], [ 129.219253149869928, 35.447866942700379 ], [ 129.21911906387308, 35.447869032188578 ] ], [ [ 129.220234552452268, 35.447851621674943 ], [ 129.22051106294299, 35.44788017853849 ], [ 129.219253149869928, 35.447866942700379 ], [ 129.220234552452268, 35.447851621674943 ] ], [ [ 129.223626007607407, 35.44879261486561 ], [ 129.223626007607407, 35.448792614865596 ], [ 129.223768701985449, 35.448933318604318 ], [ 129.223626007607407, 35.44879261486561 ] ], [ [ 129.225573110232062, 35.449789280377956 ], [ 129.225573110232062, 35.449789280377949 ], [ 129.225661994050654, 35.449813564803101 ], [ 129.225573110232062, 35.449789280377956 ] ], [ [ 129.226299069541568, 35.450871682839782 ], [ 129.226079166842283, 35.450388332493446 ], [ 129.226299069541597, 35.450871682839782 ], [ 129.227012711921844, 35.451452939861852 ], [ 129.227197883861805, 35.451818271726488 ], [ 129.226299069541568, 35.450871682839782 ] ], [ [ 129.227928820374416, 35.452233714269489 ], [ 129.227928820374473, 35.452233714269475 ], [ 129.228481419861424, 35.452512175378509 ], [ 129.227928820374416, 35.452233714269489 ] ], [ [ 129.229143058268249, 35.4529849606594 ], [ 129.229143058268249, 35.452984960659393 ], [ 129.229190422542644, 35.453080842660562 ], [ 129.229143058268249, 35.4529849606594 ] ], [ [ 129.231822700586463, 35.454139870525516 ], [ 129.231822700586463, 35.454139870525509 ], [ 129.232671776455732, 35.453799121025661 ], [ 129.231822700586463, 35.454139870525516 ] ], [ [ 129.234598208316839, 35.453460796393301 ], [ 129.234598208316868, 35.453460796393294 ], [ 129.234768690114919, 35.453427004844897 ], [ 129.234598208316839, 35.453460796393301 ] ], [ [ 129.235622184112231, 35.453225060250453 ], [ 129.235750653543249, 35.453174529099321 ], [ 129.235505497087047, 35.453267214532211 ], [ 129.235622184112231, 35.453225060250453 ] ], [ [ 129.204551540161731, 35.520569809213264 ], [ 129.203952618495862, 35.520471736247771 ], [ 129.203952618496032, 35.520471736246471 ], [ 129.204551540161731, 35.520569809213264 ] ], [ [ 129.10736622217965, 35.513795678023861 ], [ 129.10742908120929, 35.513814289371012 ], [ 129.107325184068372, 35.513780987372733 ], [ 129.10736622217965, 35.513795678023861 ] ], [ [ 129.108346841138314, 35.571428705693251 ], [ 129.11047868060237, 35.572570915634564 ], [ 129.111386966042318, 35.573293603388592 ], [ 129.111957133212144, 35.573825403443252 ], [ 129.112341216950256, 35.574217518523838 ], [ 129.112682086030617, 35.574581110279119 ], [ 129.113116655990552, 35.575193470068285 ], [ 129.113217451115361, 35.576032263262512 ], [ 129.113432600331208, 35.576468766608201 ], [ 129.11397733656068, 35.577123534645189 ], [ 129.114111442413815, 35.577334500953938 ], [ 129.114365949035715, 35.577784313876627 ], [ 129.114949069014898, 35.579030883528858 ], [ 129.115024561657975, 35.58030269686877 ], [ 129.114982239656115, 35.580833975845415 ], [ 129.115368030458512, 35.580917143584905 ], [ 129.116778458337421, 35.58203753148225 ], [ 129.118742989565646, 35.584643593232201 ], [ 129.11906510365489, 35.587010780152724 ], [ 129.118742989560133, 35.584643593232357 ], [ 129.114982239650487, 35.580833975845707 ], [ 129.114949069009384, 35.579030883529128 ], [ 129.114111442408216, 35.577334500954237 ], [ 129.113432600325581, 35.576468766608414 ], [ 129.113217451109847, 35.576032263262682 ], [ 129.113116655985039, 35.575193470068541 ], [ 129.108346841138314, 35.571428705693251 ] ], [ [ 129.119232190134539, 35.586900623547926 ], [ 129.119504743253344, 35.587299565433504 ], [ 129.119364373704258, 35.58721732489208 ], [ 129.119232190134539, 35.586900623547926 ] ], [ [ 129.119609382816805, 35.587281977881062 ], [ 129.120114142917714, 35.58772518722138 ], [ 129.120074162532177, 35.587766559737794 ], [ 129.120139130501911, 35.587804854696834 ], [ 129.120193930282653, 35.588010871704739 ], [ 129.119609382816805, 35.587281977881062 ] ], [ [ 129.121771670420912, 35.588180236881222 ], [ 129.12065233838436, 35.588121989977139 ], [ 129.120290063664299, 35.588045611832392 ], [ 129.120228488752844, 35.588003879698022 ], [ 129.120208961803428, 35.587983367551914 ], [ 129.121771670420912, 35.588180236881222 ] ], [ [ 129.122961668559981, 35.588350711929152 ], [ 129.12325060236563, 35.594464931031517 ], [ 129.123049390597089, 35.595125067052699 ], [ 129.122843972338188, 35.595369280080213 ], [ 129.122598296666041, 35.595590739620427 ], [ 129.121906192716807, 35.595862757282333 ], [ 129.122096939199338, 35.596354273668659 ], [ 129.122163326538214, 35.596766763139939 ], [ 129.122153988700802, 35.59727982209332 ], [ 129.122019650540096, 35.597509559840347 ], [ 129.122133865865322, 35.597988994176603 ], [ 129.121871184898254, 35.598533842487626 ], [ 129.121598723241306, 35.599004929471043 ], [ 129.121974304651275, 35.599679358124305 ], [ 129.122021431945171, 35.600176551746372 ], [ 129.122242487012414, 35.60042908768478 ], [ 129.122454051049061, 35.600783018641735 ], [ 129.12240401083227, 35.601395719471626 ], [ 129.119961686237474, 35.603894776323436 ], [ 129.119439032075604, 35.604073392586287 ], [ 129.122404010826671, 35.601395719471839 ], [ 129.121598723235593, 35.599004929471327 ], [ 129.121906192711208, 35.595862757282418 ], [ 129.123250602360002, 35.594464931031744 ], [ 129.121865633004035, 35.58951340328899 ], [ 129.122105807663559, 35.589041437004752 ], [ 129.122961668554325, 35.588350711929252 ], [ 129.121801106376324, 35.588178765432041 ], [ 129.122961668559981, 35.588350711929152 ] ], [ [ 129.118571373260295, 35.603937324261523 ], [ 129.116973712693152, 35.605391092984611 ], [ 129.115532453124302, 35.605901431928508 ], [ 129.115193426133885, 35.605991331328468 ], [ 129.114925764830815, 35.606108976331647 ], [ 129.114601008342305, 35.606223934442454 ], [ 129.113820437326325, 35.606343914095639 ], [ 129.112664565031878, 35.607087151349461 ], [ 129.113820437320697, 35.606343914095795 ], [ 129.116973712687525, 35.605391092984782 ], [ 129.116933596553281, 35.605345201817961 ], [ 129.117004876654391, 35.605013441647358 ], [ 129.117624410370411, 35.604204057562043 ], [ 129.11776801144515, 35.604174077420858 ], [ 129.118037423270465, 35.604121722678272 ], [ 129.118429757804364, 35.603966221887383 ], [ 129.118571373260295, 35.603937324261523 ] ], [ [ 129.110833542289441, 35.606999572610647 ], [ 129.110383757357795, 35.60706660315617 ], [ 129.111353806514813, 35.606820869721375 ], [ 129.110833542289441, 35.606999572610647 ] ], [ [ 129.108174814348558, 35.607066948173461 ], [ 129.107375330810299, 35.607245270194213 ], [ 129.108174814343158, 35.607066948173731 ], [ 129.108375340481757, 35.606922167887255 ], [ 129.108174814348558, 35.607066948173461 ] ], [ [ 129.105989645774514, 35.607442293803146 ], [ 129.103938836852365, 35.608683000750204 ], [ 129.10269734118728, 35.609288525375817 ], [ 129.102405374687692, 35.609383675834124 ], [ 129.101968504302448, 35.609441822515926 ], [ 129.105989645774514, 35.607442293803146 ] ], [ [ 129.100187672882839, 35.61308676460289 ], [ 129.099553198970455, 35.614569664596253 ], [ 129.096327228191541, 35.617496506419961 ], [ 129.096067892562417, 35.618891296865939 ], [ 129.09598306507246, 35.619322502447091 ], [ 129.093636188748007, 35.622530120734943 ], [ 129.093201227258191, 35.622984348912063 ], [ 129.09170425745944, 35.624117971108852 ], [ 129.091464113051615, 35.624623167707021 ], [ 129.091046523885495, 35.625323624010733 ], [ 129.091131480823577, 35.627124471688035 ], [ 129.091149991340671, 35.627903447052027 ], [ 129.092965828241091, 35.632225784409442 ], [ 129.093083828640232, 35.633005503357083 ], [ 129.089663602385514, 35.642466479244959 ], [ 129.093083828634803, 35.633005503357261 ], [ 129.091149991335385, 35.627903447052198 ], [ 129.091046523880209, 35.625323624010903 ], [ 129.091704257454126, 35.624117971109008 ], [ 129.095983065067173, 35.619322502447183 ], [ 129.096327228186254, 35.617496506420053 ], [ 129.099553198965054, 35.614569664596452 ], [ 129.099588467132094, 35.614120759230396 ], [ 129.100187672877439, 35.613086764603089 ], [ 129.100379587102196, 35.612270230833481 ], [ 129.101177442104898, 35.6102375860997 ], [ 129.101585735755151, 35.609420618425823 ], [ 129.100187672882839, 35.61308676460289 ] ], [ [ 129.2155456003685, 35.62461990166134 ], [ 129.216169506641052, 35.624860085836765 ], [ 129.2155456003685, 35.624619901661355 ], [ 129.2155456003685, 35.62461990166134 ] ], [ [ 129.219484115979355, 35.626116828104784 ], [ 129.219472449243426, 35.62611437971168 ], [ 129.219500827315755, 35.626128406386954 ], [ 129.219484115979355, 35.626116828104784 ] ], [ [ 129.219562979462353, 35.626108697057283 ], [ 129.219605759404715, 35.626090173291836 ], [ 129.219623030837141, 35.62607930949698 ], [ 129.219562979462353, 35.626108697057283 ] ], [ [ 129.219684315326987, 35.626034232608269 ], [ 129.219756550582559, 35.626016598836749 ], [ 129.219804098950505, 35.626005715307961 ], [ 129.219684315326987, 35.626034232608269 ] ], [ [ 129.219968045192616, 35.626105496541975 ], [ 129.219958121706071, 35.626094382451548 ], [ 129.22000727304021, 35.626163605454202 ], [ 129.219968045192616, 35.626105496541975 ] ], [ [ 129.220264791322791, 35.626318868478059 ], [ 129.220185927058452, 35.626288560317917 ], [ 129.22047383333242, 35.62643753601926 ], [ 129.220264791322791, 35.626318868478059 ] ], [ [ 129.22079237492116, 35.626713599396631 ], [ 129.220778107085039, 35.626699506773747 ], [ 129.221009443092612, 35.626927966005084 ], [ 129.22079237492116, 35.626713599396631 ] ], [ [ 129.221547203368146, 35.627390086658806 ], [ 129.221547203368146, 35.627390086658821 ], [ 129.221333408632091, 35.627224917295301 ], [ 129.221547203368146, 35.627390086658806 ] ], [ [ 129.221332328962177, 35.628282198994924 ], [ 129.221302048530674, 35.628024226064568 ], [ 129.22138593373603, 35.628363213432571 ], [ 129.221332328962177, 35.628282198994924 ] ], [ [ 129.222067515652299, 35.629199802664715 ], [ 129.221948706244262, 35.629061889614285 ], [ 129.222333640820068, 35.629568408226568 ], [ 129.222067515652299, 35.629199802664715 ] ], [ [ 129.223309341360675, 35.630379680269556 ], [ 129.223071348201728, 35.630188180860713 ], [ 129.223415756666469, 35.630465310341798 ], [ 129.223309341360675, 35.630379680269556 ] ], [ [ 129.224043713097416, 35.630779801370679 ], [ 129.224209609337805, 35.630917760955256 ], [ 129.224722623668669, 35.631359277747528 ], [ 129.224043713097416, 35.630779801370679 ] ], [ [ 129.227283707922652, 35.632527225342741 ], [ 129.22726301410097, 35.632517162275676 ], [ 129.227500798687458, 35.632580447098427 ], [ 129.227283707922652, 35.632527225342741 ] ], [ [ 129.23136553905664, 35.632798102955441 ], [ 129.231268749838279, 35.632806738854725 ], [ 129.23126874983825, 35.632806738854725 ], [ 129.23136553905664, 35.632798102955441 ] ], [ [ 129.232812070968748, 35.632787021183354 ], [ 129.232693872293908, 35.632758232731426 ], [ 129.232990758490132, 35.632781720859192 ], [ 129.232812070968748, 35.632787021183354 ] ], [ [ 129.233478953122358, 35.632479690478561 ], [ 129.233153630049401, 35.632582765260409 ], [ 129.233939611322683, 35.632317341437876 ], [ 129.233478953122358, 35.632479690478561 ] ], [ [ 129.237663290612574, 35.631252864216016 ], [ 129.237057765689627, 35.631550715782886 ], [ 129.237838788619115, 35.63114431787082 ], [ 129.237663290612574, 35.631252864216016 ] ], [ [ 129.240939452140196, 35.63025065135465 ], [ 129.239002009723265, 35.630354439097076 ], [ 129.241366447193087, 35.630055219815922 ], [ 129.240939452140196, 35.63025065135465 ] ], [ [ 129.242493142930414, 35.629539541987533 ], [ 129.242573306001333, 35.630184843617364 ], [ 129.242493142930385, 35.629539541987548 ], [ 129.242493142930414, 35.629539541987533 ] ], [ [ 129.243011720133836, 35.63246052175807 ], [ 129.243234052568482, 35.63181565814876 ], [ 129.242690317625829, 35.633294098084733 ], [ 129.243011720133836, 35.63246052175807 ] ], [ [ 129.242980961004832, 35.63566750431584 ], [ 129.242958024676057, 35.635620564094374 ], [ 129.242999272997082, 35.635913909360731 ], [ 129.242980961004832, 35.63566750431584 ] ], [ [ 129.243791499217792, 35.637227075318052 ], [ 129.24357349593663, 35.637010307588142 ], [ 129.243915642870661, 35.637342134764381 ], [ 129.243791499217792, 35.637227075318052 ] ], [ [ 129.243191574792689, 35.640451764477085 ], [ 129.243191574792689, 35.640451764477078 ], [ 129.243272491466769, 35.640366966805587 ], [ 129.243191574792689, 35.640451764477085 ] ], [ [ 129.243799195789308, 35.64348858739384 ], [ 129.243818283915544, 35.643416496174488 ], [ 129.243778134372405, 35.643612938776265 ], [ 129.243799195789308, 35.64348858739384 ] ], [ [ 129.24373130564004, 35.643888360421997 ], [ 129.243748483850339, 35.643787646913125 ], [ 129.243670201375494, 35.644209987805333 ], [ 129.24373130564004, 35.643888360421997 ] ], [ [ 129.243854038212532, 35.645251844862706 ], [ 129.243981968200046, 35.645496207526065 ], [ 129.244070560684634, 35.645658646947084 ], [ 129.243854038212532, 35.645251844862706 ] ], [ [ 129.245236134943525, 35.64698358081553 ], [ 129.244755885751403, 35.646358721466669 ], [ 129.245609522801516, 35.647857218588157 ], [ 129.245236134943525, 35.64698358081553 ] ], [ [ 129.246225107493075, 35.64930368469242 ], [ 129.245826447680173, 35.649039698062424 ], [ 129.246929620767446, 35.649443492728558 ], [ 129.246225107493075, 35.64930368469242 ] ], [ [ 129.248965955829391, 35.650526535817981 ], [ 129.248965955829391, 35.650526535817995 ], [ 129.248574129769253, 35.650177203403899 ], [ 129.248965955829391, 35.650526535817981 ] ], [ [ 129.250476712304533, 35.653871049142467 ], [ 129.250153602887195, 35.653099609265475 ], [ 129.250478301350768, 35.653887066597839 ], [ 129.250476712304533, 35.653871049142467 ] ], [ [ 129.250816545993644, 35.655518499422712 ], [ 129.251100624193612, 35.656002073016303 ], [ 129.252925399863557, 35.657744105731553 ], [ 129.250816545993644, 35.655518499422712 ] ], [ [ 129.215992153518272, 35.62377735386265 ], [ 129.216410192353635, 35.622908763023055 ], [ 129.215762041996868, 35.624250729703292 ], [ 129.215992153518272, 35.62377735386265 ] ], [ [ 129.216657853139623, 35.622575044337893 ], [ 129.216799166739037, 35.622101068224048 ], [ 129.216410192353635, 35.622908763023055 ], [ 129.216657853139623, 35.622575044337893 ] ], [ [ 129.217270010901473, 35.620141186525963 ], [ 129.217332116730887, 35.619535169146474 ], [ 129.216759908005628, 35.620838584172915 ], [ 129.217270010901473, 35.620141186525963 ] ], [ [ 129.217219498962152, 35.618443348089677 ], [ 129.217219498962152, 35.618443348089691 ], [ 129.216762707639276, 35.618169402527975 ], [ 129.217219498962152, 35.618443348089677 ] ], [ [ 129.215720486307163, 35.617443407337561 ], [ 129.215720486307163, 35.617443407337568 ], [ 129.215534595531238, 35.617218276813396 ], [ 129.215720486307163, 35.617443407337561 ] ], [ [ 129.214030168643973, 35.614505987362641 ], [ 129.214030168643973, 35.614505987362648 ], [ 129.213871113852349, 35.614414222428906 ], [ 129.214030168643973, 35.614505987362641 ] ], [ [ 129.213103480450059, 35.61252812645607 ], [ 129.213103480450059, 35.612528126456056 ], [ 129.213138228080481, 35.612461648839982 ], [ 129.213103480450059, 35.61252812645607 ] ], [ [ 129.21383257455696, 35.609481103271939 ], [ 129.21383257455696, 35.609481103271932 ], [ 129.214020456933582, 35.609236676851197 ], [ 129.21383257455696, 35.609481103271939 ] ], [ [ 129.215056146501496, 35.60786555833554 ], [ 129.21479502162768, 35.608268156546998 ], [ 129.215056146501496, 35.607865558335526 ], [ 129.215056146501496, 35.60786555833554 ] ], [ [ 129.215021367163246, 35.607675272921092 ], [ 129.214509406638854, 35.606966322671099 ], [ 129.214986587825024, 35.607484987506652 ], [ 129.215021367163246, 35.607675272921092 ] ], [ [ 129.210304636694246, 35.604834010848379 ], [ 129.210304636694246, 35.604834010848393 ], [ 129.210154671203099, 35.604752433750036 ], [ 129.210304636694246, 35.604834010848379 ] ], [ [ 129.204854658187344, 35.600386947080075 ], [ 129.204854658187344, 35.600386947080082 ], [ 129.204742535414709, 35.600310080799936 ], [ 129.204854658187344, 35.600386947080075 ] ], [ [ 129.204526811311354, 35.59790757200571 ], [ 129.20431092505919, 35.598565460759744 ], [ 129.20431092505919, 35.598565460759737 ], [ 129.204526811311354, 35.59790757200571 ] ], [ [ 129.200514835790386, 35.595319971393806 ], [ 129.200514835790386, 35.595319971393813 ], [ 129.200474733761041, 35.595226711485822 ], [ 129.200514835790386, 35.595319971393806 ] ], [ [ 129.200359314705707, 35.594916834237409 ], [ 129.200354427673034, 35.594946931761861 ], [ 129.200354427673034, 35.594946931761854 ], [ 129.200359314705707, 35.594916834237409 ] ], [ [ 129.200503898526676, 35.594570361226559 ], [ 129.200503898526676, 35.594570361226552 ], [ 129.200534129289423, 35.594533871148478 ], [ 129.200503898526676, 35.594570361226559 ] ], [ [ 129.201273654768329, 35.592869961159565 ], [ 129.201343456051291, 35.592584867083772 ], [ 129.201273654768329, 35.592869961159572 ], [ 129.201243282407972, 35.59325408647117 ], [ 129.20122751532017, 35.593285441412 ], [ 129.201273654768329, 35.592869961159565 ] ], [ [ 129.201241562849049, 35.592117826172071 ], [ 129.201241562849077, 35.592117826172085 ], [ 129.201221688831282, 35.592312780743946 ], [ 129.201241562849049, 35.592117826172071 ] ], [ [ 129.201381516220721, 35.591520706853615 ], [ 129.201381516220749, 35.591520706853636 ], [ 129.201352675578676, 35.591650585287759 ], [ 129.201381516220721, 35.591520706853615 ] ], [ [ 129.201779268183998, 35.590971783658823 ], [ 129.201570628017151, 35.591115597336042 ], [ 129.201570628017151, 35.591115597336035 ], [ 129.201779268183998, 35.590971783658823 ] ], [ [ 129.201895999720023, 35.588980021020816 ], [ 129.201895999720023, 35.588980021020802 ], [ 129.201929904758487, 35.588927064820268 ], [ 129.201895999720023, 35.588980021020816 ] ], [ [ 129.202061929262413, 35.58829956029566 ], [ 129.201893346352932, 35.588477628993537 ], [ 129.201893346352932, 35.58847762899353 ], [ 129.202061929262413, 35.58829956029566 ] ], [ [ 129.201554878110443, 35.586878682713426 ], [ 129.20124229915541, 35.586749111163279 ], [ 129.201794335774309, 35.587169940644635 ], [ 129.201554878110443, 35.586878682713426 ] ], [ [ 129.200671970078332, 35.586375522308956 ], [ 129.200671970078332, 35.58637552230897 ], [ 129.200512195047338, 35.586451927175162 ], [ 129.200671970078332, 35.586375522308956 ] ], [ [ 129.198800695105177, 35.585413445695863 ], [ 129.198800695105177, 35.585413445695849 ], [ 129.199065468192288, 35.585752158118865 ], [ 129.198800695105177, 35.585413445695863 ] ], [ [ 129.19838348877596, 35.583610575482069 ], [ 129.19838348877596, 35.583610575482084 ], [ 129.198349204028744, 35.583530032900413 ], [ 129.19838348877596, 35.583610575482069 ] ], [ [ 129.19589398567669, 35.581645767001227 ], [ 129.195455691398934, 35.581214881387268 ], [ 129.196020939574368, 35.581746903078212 ], [ 129.19589398567669, 35.581645767001227 ] ], [ [ 129.195455691398934, 35.581214881387268 ], [ 129.194995919108038, 35.580746507915883 ], [ 129.194845948910739, 35.580587251681528 ], [ 129.194995919108038, 35.580746507915876 ], [ 129.195392837534513, 35.5811462861897 ], [ 129.195455691398934, 35.581214881387268 ] ], [ [ 129.191953162717283, 35.5791116731207 ], [ 129.191953162717283, 35.579111673120707 ], [ 129.191327414632156, 35.578712307063043 ], [ 129.191953162717283, 35.5791116731207 ] ], [ [ 129.189975036583974, 35.576459282880833 ], [ 129.189958285264225, 35.576782295679081 ], [ 129.189958285264225, 35.576782295679074 ], [ 129.189975036583974, 35.576459282880833 ] ], [ [ 129.190678107415664, 35.575502921115891 ], [ 129.190199408275646, 35.575946376657228 ], [ 129.190121787592005, 35.576103985617273 ], [ 129.190678107415664, 35.575502921115891 ] ], [ [ 129.190857435463272, 35.575527298836853 ], [ 129.191190684073774, 35.575656614843389 ], [ 129.190846618761867, 35.575525828697437 ], [ 129.190857435463272, 35.575527298836853 ] ], [ [ 129.192863589970784, 35.576180937125784 ], [ 129.192863589970784, 35.576180937125777 ], [ 129.192876745607037, 35.576173904194349 ], [ 129.192863589970784, 35.576180937125784 ] ], [ [ 129.192876745607037, 35.576173904194349 ], [ 129.192909740241163, 35.576168227744873 ], [ 129.192914656749991, 35.576148076084934 ], [ 129.192876745607037, 35.576173904194349 ] ], [ [ 129.192928712051639, 35.576115778534657 ], [ 129.192928712051639, 35.576115778534643 ], [ 129.192998550625504, 35.575978941759182 ], [ 129.192928712051639, 35.576115778534657 ] ], [ [ 129.192990840972186, 35.575629780369034 ], [ 129.193028512144565, 35.575663144888978 ], [ 129.193028512144565, 35.575663144888985 ], [ 129.192991486684917, 35.575643825963262 ], [ 129.192990840972186, 35.575629780369034 ] ], [ [ 129.192085781142509, 35.574238251450467 ], [ 129.192063554929547, 35.574263959879644 ], [ 129.192063554929547, 35.574263959879637 ], [ 129.192085781142509, 35.574238251450467 ] ], [ [ 129.1922851987174, 35.574083576325755 ], [ 129.192241348384385, 35.574065493721967 ], [ 129.192241348384385, 35.57406549372196 ], [ 129.1922851987174, 35.574083576325755 ] ], [ [ 129.192450095403586, 35.573183420902026 ], [ 129.192450095403586, 35.573183420902019 ], [ 129.192483991992731, 35.573144602655368 ], [ 129.192450095403586, 35.573183420902026 ] ], [ [ 129.19339222305581, 35.572913682335582 ], [ 129.19339222305581, 35.572913682335567 ], [ 129.193414549368697, 35.572899045868496 ], [ 129.19339222305581, 35.572913682335582 ] ], [ [ 129.193517259199979, 35.572840992341149 ], [ 129.193699532777998, 35.572818348565086 ], [ 129.193509219925716, 35.572844484132595 ], [ 129.193517259199979, 35.572840992341149 ] ], [ [ 129.19375168548379, 35.572819240022511 ], [ 129.19394133429256, 35.572739279942596 ], [ 129.193796508659119, 35.572815247902696 ], [ 129.19375168548379, 35.572819240022511 ] ], [ [ 129.194410568527132, 35.5724856197713 ], [ 129.194789530886709, 35.572404599432339 ], [ 129.194050853133518, 35.57267623224994 ], [ 129.194410568527132, 35.5724856197713 ] ], [ [ 129.195158071581034, 35.572270229179679 ], [ 129.195158071581034, 35.572270229179658 ], [ 129.195180698272054, 35.572302675367922 ], [ 129.195158071581034, 35.572270229179679 ] ], [ [ 129.195376496384597, 35.572228689024513 ], [ 129.195376496384597, 35.572228689024499 ], [ 129.195406364388248, 35.572211131887897 ], [ 129.195376496384597, 35.572228689024513 ] ], [ [ 129.195454849434242, 35.572194854668567 ], [ 129.195432482071453, 35.572199853769249 ], [ 129.195454849434242, 35.572194854668552 ], [ 129.195454849434242, 35.572194854668567 ] ], [ [ 129.195448750234078, 35.572163346320117 ], [ 129.195431225684473, 35.5721698457901 ], [ 129.195431225684473, 35.572169845790093 ], [ 129.195448750234078, 35.572163346320117 ] ], [ [ 129.195243381714846, 35.571652932725655 ], [ 129.195280720107178, 35.571564546130595 ], [ 129.195180028308869, 35.571719639969871 ], [ 129.195243381714846, 35.571652932725655 ] ], [ [ 129.195297838860881, 35.571481221240973 ], [ 129.195297838860881, 35.571481221240965 ], [ 129.195299776562024, 35.571474712923418 ], [ 129.195297838860881, 35.571481221240973 ] ], [ [ 129.19537953480102, 35.570953392633321 ], [ 129.19537953480102, 35.570953392633328 ], [ 129.195371689781183, 35.57109461962645 ], [ 129.19537953480102, 35.570953392633321 ] ], [ [ 129.195449943322814, 35.570740799850434 ], [ 129.1954680154291, 35.570725846467184 ], [ 129.195431698428592, 35.570782414804533 ], [ 129.195449943322814, 35.570740799850434 ] ], [ [ 129.195669769066058, 35.570463316762947 ], [ 129.195645503702622, 35.570516628197169 ], [ 129.195669769066058, 35.570463316762932 ], [ 129.195669769066058, 35.570463316762947 ] ], [ [ 129.195659302157253, 35.57032236258334 ], [ 129.195659302157253, 35.570322362583347 ], [ 129.195650434563674, 35.57034588255555 ], [ 129.195659302157253, 35.57032236258334 ] ], [ [ 129.195707994233487, 35.569760112401653 ], [ 129.195755287093306, 35.569838340876053 ], [ 129.195707994233459, 35.56976011240166 ], [ 129.195707994233487, 35.569760112401653 ] ], [ [ 129.195536731104767, 35.569845812656446 ], [ 129.195536731104767, 35.569845812656467 ], [ 129.195464609962812, 35.569956165734837 ], [ 129.195536731104767, 35.569845812656446 ] ], [ [ 129.195442424417024, 35.569854797091537 ], [ 129.195442424417053, 35.569854797091509 ], [ 129.195556670215439, 35.569795220455269 ], [ 129.195442424417024, 35.569854797091537 ] ], [ [ 129.194707800806555, 35.569833300351576 ], [ 129.195681171490151, 35.569730295816811 ], [ 129.194675949996849, 35.569827949770747 ], [ 129.194707800806555, 35.569833300351576 ] ], [ [ 129.194055791257654, 35.569254515486826 ], [ 129.193853629860399, 35.569723311862667 ], [ 129.193853629860399, 35.56972331186266 ], [ 129.194055791257654, 35.569254515486826 ] ], [ [ 129.194068970020595, 35.56796676452602 ], [ 129.194068970020595, 35.567966764526027 ], [ 129.193922863001603, 35.567523354811243 ], [ 129.194068970020595, 35.56796676452602 ] ], [ [ 129.193906134933684, 35.56721670782332 ], [ 129.193906134933684, 35.567216707823299 ], [ 129.194060039597019, 35.567226547523148 ], [ 129.193906134933684, 35.56721670782332 ] ], [ [ 129.194099722772279, 35.567113417011534 ], [ 129.194099722772279, 35.56711341701152 ], [ 129.194105414354567, 35.567018021152577 ], [ 129.194099722772279, 35.567113417011534 ] ], [ [ 129.194123584107018, 35.566952759588794 ], [ 129.194123584107018, 35.566952759588787 ], [ 129.194144143018747, 35.566965484524374 ], [ 129.194123584107018, 35.566952759588794 ] ], [ [ 129.194239271438306, 35.566858804216288 ], [ 129.194189558433067, 35.566938407712058 ], [ 129.194239271438306, 35.566858804216281 ], [ 129.194239271438306, 35.566858804216288 ] ], [ [ 129.194230741965129, 35.566853103661067 ], [ 129.194233585122845, 35.566855003846143 ], [ 129.194230741965129, 35.566853103661074 ], [ 129.194230741965129, 35.566853103661067 ] ], [ [ 129.195634411582688, 35.565963285535595 ], [ 129.194863049976902, 35.565828258950191 ], [ 129.194863049976902, 35.565828258950184 ], [ 129.195634411582688, 35.565963285535595 ] ], [ [ 129.19605539718151, 35.566062713345453 ], [ 129.196499055789133, 35.56614093164913 ], [ 129.195634411582688, 35.565963285535595 ], [ 129.19605539718151, 35.566062713345453 ] ], [ [ 129.19918477824919, 35.566355679274047 ], [ 129.19777526862444, 35.566298587413868 ], [ 129.198626922466303, 35.566366371867034 ], [ 129.19918477824919, 35.566355679274047 ] ], [ [ 129.19918477824919, 35.566355679274047 ], [ 129.200328981500576, 35.566561842684109 ], [ 129.200676229911096, 35.566623593770096 ], [ 129.19918477824919, 35.566355679274047 ] ], [ [ 129.201330780858569, 35.566798469728809 ], [ 129.201330780858569, 35.566798469728795 ], [ 129.201524029258621, 35.566864610419351 ], [ 129.201330780858569, 35.566798469728809 ] ], [ [ 129.203411071435823, 35.568462483496631 ], [ 129.203110166917327, 35.568115097484551 ], [ 129.203411071435823, 35.568462483496617 ], [ 129.203411071435823, 35.568462483496631 ] ], [ [ 129.204191189636163, 35.56735477526108 ], [ 129.203822155566144, 35.568124720046377 ], [ 129.203643754483096, 35.568271301636123 ], [ 129.203822155566115, 35.568124720046377 ], [ 129.203827057442282, 35.568064929124525 ], [ 129.203894338163678, 35.567798403284463 ], [ 129.203942340352, 35.567691321291953 ], [ 129.204191189636163, 35.56735477526108 ] ], [ [ 129.204316150507935, 35.567193864701153 ], [ 129.204316865183785, 35.567190966856046 ], [ 129.204191189636163, 35.56735477526108 ], [ 129.204316150507935, 35.567193864701153 ] ], [ [ 129.204372476226837, 35.566936478067014 ], [ 129.204393377731748, 35.566887565816664 ], [ 129.204351699152113, 35.567034411632598 ], [ 129.204372476226837, 35.566936478067014 ] ], [ [ 129.204462251330483, 35.566794499615483 ], [ 129.204462251330483, 35.566794499615469 ], [ 129.204639441940202, 35.566480722722126 ], [ 129.204462251330483, 35.566794499615483 ] ], [ [ 129.204712410856928, 35.566332265066137 ], [ 129.20485880372388, 35.566273962908362 ], [ 129.204639441940202, 35.566480722722126 ], [ 129.204712410856928, 35.566332265066137 ] ], [ [ 129.207115484823589, 35.566589862139693 ], [ 129.205182555446271, 35.566376509145989 ], [ 129.205627210112112, 35.566699753487732 ], [ 129.205747847578863, 35.566853561933861 ], [ 129.207115484823589, 35.566589862139693 ] ], [ [ 129.207876980075014, 35.566350917128609 ], [ 129.207876980075014, 35.566350917128574 ], [ 129.207919232214152, 35.566219377858346 ], [ 129.207876980075014, 35.566350917128609 ] ], [ [ 129.208038151676107, 35.565534611141665 ], [ 129.208038151676107, 35.565534611141672 ], [ 129.207947730182582, 35.565142109040053 ], [ 129.208038151676107, 35.565534611141665 ] ], [ [ 129.207682310795235, 35.564818927257733 ], [ 129.207383456774124, 35.564365123590079 ], [ 129.207947730182582, 35.565142109040053 ], [ 129.207682310795235, 35.564818927257733 ] ], [ [ 129.207256118969241, 35.563661224274227 ], [ 129.207256118969241, 35.563661224274213 ], [ 129.207455535331064, 35.563483518373545 ], [ 129.207256118969241, 35.563661224274227 ] ], [ [ 129.207792244742308, 35.563464637382587 ], [ 129.208310338122857, 35.563484578529732 ], [ 129.207455535331064, 35.563483518373545 ], [ 129.207792244742308, 35.563464637382587 ] ], [ [ 129.208622888602321, 35.563421987923398 ], [ 129.208914114467859, 35.563420951590103 ], [ 129.208310338122857, 35.563484578529732 ], [ 129.208622888602321, 35.563421987923398 ] ], [ [ 129.209850378707586, 35.563850870695369 ], [ 129.209850378707586, 35.563850870695347 ], [ 129.210023610394444, 35.563738617075956 ], [ 129.209850378707586, 35.563850870695369 ] ], [ [ 129.206917792569357, 35.560168516515638 ], [ 129.206917792569357, 35.560168516515674 ], [ 129.206859712853145, 35.560102825152811 ], [ 129.206917792569357, 35.560168516515638 ] ], [ [ 129.206392022456214, 35.558944121222531 ], [ 129.206392022456214, 35.558944121222538 ], [ 129.206197088498811, 35.558560145244883 ], [ 129.206392022456214, 35.558944121222531 ] ], [ [ 129.204702353017183, 35.556965893071037 ], [ 129.204702353017183, 35.556965893071045 ], [ 129.204701135092023, 35.556956270696595 ], [ 129.204702353017183, 35.556965893071037 ] ], [ [ 129.203151523222004, 35.556382602122916 ], [ 129.203151523222004, 35.55638260212293 ], [ 129.202890016004972, 35.556362129097977 ], [ 129.203151523222004, 35.556382602122916 ] ], [ [ 129.201659339711796, 35.554580536249254 ], [ 129.201740854427499, 35.5552227621044 ], [ 129.201740854427499, 35.555222762104407 ], [ 129.201659339711796, 35.554580536249254 ] ], [ [ 129.201818696362039, 35.55425540013723 ], [ 129.201818696362039, 35.554255400137237 ], [ 129.201659339711796, 35.554580536249254 ], [ 129.201818696362039, 35.55425540013723 ] ], [ [ 129.201604450490635, 35.553885044660973 ], [ 129.201604450490635, 35.553885044660987 ], [ 129.201460572334014, 35.553716164507613 ], [ 129.201604450490635, 35.553885044660973 ] ], [ [ 129.20144564690554, 35.552856354631651 ], [ 129.20144564690554, 35.552856354631658 ], [ 129.201387756191053, 35.552705335104477 ], [ 129.20144564690554, 35.552856354631651 ] ], [ [ 129.200460730805958, 35.550788025052569 ], [ 129.20044092219419, 35.550847814676594 ], [ 129.20044092219419, 35.550847814676587 ], [ 129.200460730805958, 35.550788025052569 ] ], [ [ 129.200411026118502, 35.548938038481857 ], [ 129.200411026118502, 35.548938038481879 ], [ 129.20037447457463, 35.548865202048532 ], [ 129.200411026118502, 35.548938038481857 ] ], [ [ 129.200855593917254, 35.548493371409364 ], [ 129.201246629827637, 35.548401666379377 ], [ 129.20037447457463, 35.548865202048532 ], [ 129.200855593917254, 35.548493371409364 ] ], [ [ 129.201414743301655, 35.548369635124899 ], [ 129.201414743301655, 35.548369635124878 ], [ 129.201436051578924, 35.548351588890363 ], [ 129.201414743301655, 35.548369635124899 ] ], [ [ 129.201467215984025, 35.548325195383427 ], [ 129.201467215983996, 35.548325195383441 ], [ 129.201410373221478, 35.548332941640446 ], [ 129.201467215984025, 35.548325195383427 ] ], [ [ 129.201422435098266, 35.548220638313964 ], [ 129.201387019122734, 35.548325616781199 ], [ 129.201387019122734, 35.548325616781192 ], [ 129.201422435098266, 35.548220638313964 ] ], [ [ 129.201667244512691, 35.547205896662447 ], [ 129.201989025077381, 35.546936027994363 ], [ 129.201422435098266, 35.548220638313964 ], [ 129.201667244512691, 35.547205896662447 ] ], [ [ 129.201989025077381, 35.546936027994363 ], [ 129.202315716636463, 35.546018299262585 ], [ 129.202499951529745, 35.545663793772619 ], [ 129.202273619419344, 35.546468160765848 ], [ 129.201989025077381, 35.546936027994363 ] ], [ [ 129.202629652549433, 35.544972498689326 ], [ 129.202629652549433, 35.544972498689333 ], [ 129.202623155590715, 35.544951554819725 ], [ 129.202629652549433, 35.544972498689326 ] ], [ [ 129.202598525490203, 35.544360426767511 ], [ 129.202598525490203, 35.544360426767497 ], [ 129.203145172042611, 35.543682064001366 ], [ 129.202598525490203, 35.544360426767511 ] ], [ [ 129.203887526497766, 35.543301924553703 ], [ 129.203887526497766, 35.543301924553688 ], [ 129.204076533197195, 35.543167800650046 ], [ 129.203887526497766, 35.543301924553703 ] ], [ [ 129.204375784048523, 35.542955443552273 ], [ 129.205132413261651, 35.542742018306193 ], [ 129.204890619120732, 35.542912328028578 ], [ 129.204375784048523, 35.542955443552273 ] ], [ [ 129.101906583658462, 35.650617888019184 ], [ 129.099294229684858, 35.649518186205334 ], [ 129.097703063491139, 35.648207355959109 ], [ 129.096440922083445, 35.647085325207456 ], [ 129.093541476383592, 35.644062866262153 ], [ 129.092741309408069, 35.642973248518189 ], [ 129.091279770089216, 35.642292833670012 ], [ 129.092741309413356, 35.642973248518025 ], [ 129.099294229690258, 35.649518186205178 ], [ 129.101203350226115, 35.650031630395866 ], [ 129.102211395984909, 35.650801512755535 ], [ 129.102752392194844, 35.651673093207286 ], [ 129.102799487290611, 35.652083037150568 ], [ 129.102481188590303, 35.653173358291745 ], [ 129.101906583658462, 35.650617888019184 ] ] ] ] } },
{ "type": "Feature", "properties": { "sigungu_cd": "31110", "sigungu_nm": "중구" }, "geometry": { "type": "MultiPolygon", "coordinates": [ [ [ [ 129.351901608641384, 35.548554688846032 ], [ 129.315354519120234, 35.550596758338976 ], [ 129.308587635068932, 35.552377533609366 ], [ 129.308626326257837, 35.552722152175228 ], [ 129.308631552297499, 35.552773764861833 ], [ 129.308617089594492, 35.553510112054802 ], [ 129.30858763506032, 35.552377533609715 ], [ 129.30321053049704, 35.551363924262709 ], [ 129.302836023742486, 35.546467056509215 ], [ 129.295827618095672, 35.54490340884022 ], [ 129.279712501787373, 35.55412485315388 ], [ 129.268783186506056, 35.554262933225907 ], [ 129.262232354099751, 35.56080060639934 ], [ 129.258885254202625, 35.561528598011087 ], [ 129.256827775429997, 35.567088569626804 ], [ 129.258393195382411, 35.57003480792573 ], [ 129.257810858665351, 35.573949395771074 ], [ 129.259743559656073, 35.574273971009156 ], [ 129.259260409792688, 35.577659077316895 ], [ 129.255436526365287, 35.580167136200757 ], [ 129.255532762096948, 35.583607288024432 ], [ 129.252645039246744, 35.590076891836091 ], [ 129.266318748884515, 35.58523049060534 ], [ 129.267486567045523, 35.587116378471862 ], [ 129.270487350213756, 35.587398004273282 ], [ 129.282046559065975, 35.584485908448968 ], [ 129.283100329796042, 35.583826204841358 ], [ 129.281681748106479, 35.584154353107223 ], [ 129.28078389931801, 35.581091426491227 ], [ 129.284441891230983, 35.577275960233735 ], [ 129.290761309267481, 35.578563628873127 ], [ 129.292736626268322, 35.577013549938577 ], [ 129.294266064961874, 35.576200469563908 ], [ 129.294769130962123, 35.576055698383271 ], [ 129.295293982714867, 35.575817065871668 ], [ 129.296303941621773, 35.575415608470543 ], [ 129.296386082843043, 35.575393704512372 ], [ 129.294174858203434, 35.57646917595369 ], [ 129.292139082328845, 35.582077726840431 ], [ 129.293875356848133, 35.585438214435079 ], [ 129.290447858728754, 35.593252552910556 ], [ 129.294674632810086, 35.592458396662593 ], [ 129.297961723277382, 35.594410877797934 ], [ 129.303878875623383, 35.594252348974898 ], [ 129.306073111442487, 35.590325228836548 ], [ 129.309599348285218, 35.589086821064079 ], [ 129.31721626456374, 35.594210647183147 ], [ 129.321090719485568, 35.594467809978482 ], [ 129.324013695338977, 35.598636982650433 ], [ 129.327080007299998, 35.597697088406726 ], [ 129.331465732591823, 35.599054814398066 ], [ 129.331156407365341, 35.595667714372851 ], [ 129.334625632973768, 35.593658313477121 ], [ 129.341151223883571, 35.596122200517492 ], [ 129.346987829800042, 35.59547252900267 ], [ 129.348491640075537, 35.593515855076795 ], [ 129.348538498558469, 35.582753272847874 ], [ 129.352048970097059, 35.575283551939776 ], [ 129.353686746712924, 35.562653930462133 ], [ 129.353210565593002, 35.560251798424659 ], [ 129.349299081239508, 35.557940251765139 ], [ 129.350583753109305, 35.553979712878871 ], [ 129.349557584936662, 35.552121370161665 ], [ 129.351901608641384, 35.548554688846032 ] ], [ [ 129.28363598672459, 35.576732353227627 ], [ 129.283420597303234, 35.576493943520269 ], [ 129.284441891230983, 35.577275960233735 ], [ 129.28363598672459, 35.576732353227627 ] ], [ [ 129.2964103951021, 35.575423180265062 ], [ 129.296517937227634, 35.575378645797542 ], [ 129.297203208485541, 35.575227686177897 ], [ 129.297543193549984, 35.575045250967605 ], [ 129.298722986317216, 35.574003846527575 ], [ 129.297543193558369, 35.575045250967271 ], [ 129.297203208494153, 35.575227686177584 ], [ 129.296517937236018, 35.57537864579718 ], [ 129.296537917159156, 35.575405987061103 ], [ 129.2964103951021, 35.575423180265062 ] ], [ [ 129.298768787729443, 35.574012088530651 ], [ 129.298768787736492, 35.574012088532093 ], [ 129.29876868887834, 35.574012205940434 ], [ 129.298768787729443, 35.574012088530651 ] ], [ [ 129.299091817110735, 35.573551679148707 ], [ 129.298774914456459, 35.574013191019425 ], [ 129.298782529727418, 35.573993190662392 ], [ 129.298791888902741, 35.573973429351902 ], [ 129.298851022088286, 35.573866706075854 ], [ 129.29890385182793, 35.573785721109012 ], [ 129.299031370894596, 35.57361045721386 ], [ 129.299091817102351, 35.57355167914902 ], [ 129.299501176105679, 35.573260876366412 ], [ 129.299520125193453, 35.573254006761033 ], [ 129.29960642945673, 35.573239994620302 ], [ 129.299601392863025, 35.573223450396362 ], [ 129.299602710473948, 35.5731979586836 ], [ 129.29962850717493, 35.5731843124587 ], [ 129.299606429465086, 35.573239994620039 ], [ 129.299091817110735, 35.573551679148707 ] ], [ [ 129.300091746563226, 35.573061482827526 ], [ 129.299838288021562, 35.573161089964657 ], [ 129.300091746554727, 35.573061482827761 ], [ 129.300218750638038, 35.572700967979728 ], [ 129.300263763056563, 35.572630573899808 ], [ 129.300331953216443, 35.572578112076258 ], [ 129.300383670876613, 35.572542869629402 ], [ 129.30090011113225, 35.57246460890962 ], [ 129.300383670885111, 35.572542869629132 ], [ 129.300091746563226, 35.573061482827526 ] ], [ [ 129.301207605852653, 35.572589006786508 ], [ 129.301207605852852, 35.572589006786586 ], [ 129.301142906769854, 35.57259232214389 ], [ 129.301207605852653, 35.572589006786508 ] ], [ [ 129.30194763561849, 35.572812495834192 ], [ 129.30238074798163, 35.572759140770479 ], [ 129.302705222020961, 35.57269445607151 ], [ 129.30194763561849, 35.572812495834192 ] ], [ [ 129.302775313093349, 35.572705204532085 ], [ 129.303064709596953, 35.572653242604517 ], [ 129.303064709600818, 35.572653242604716 ], [ 129.302775313093349, 35.572705204532085 ] ], [ [ 129.303949752972528, 35.57230948172792 ], [ 129.303846349008296, 35.572592917137349 ], [ 129.303889167130876, 35.572406233888515 ], [ 129.303941419444385, 35.572319975616317 ], [ 129.303949752972528, 35.57230948172792 ] ], [ [ 129.314161261981099, 35.57025185050469 ], [ 129.31474054216531, 35.56871154854975 ], [ 129.315016063341915, 35.568459030091354 ], [ 129.315117436066942, 35.568373459367727 ], [ 129.315182809357481, 35.568323393897352 ], [ 129.315319380565654, 35.568220561844605 ], [ 129.315771311393974, 35.567811343764816 ], [ 129.314161261981099, 35.57025185050469 ] ], [ [ 129.316040336188223, 35.567540895204509 ], [ 129.317649692978478, 35.565572829448719 ], [ 129.318328493160209, 35.564341769246575 ], [ 129.318504110336164, 35.564039546713914 ], [ 129.318640723447999, 35.563608731332955 ], [ 129.318673544213851, 35.563456146723603 ], [ 129.318708622981973, 35.563232804893985 ], [ 129.318739012513248, 35.563081930093247 ], [ 129.318824603627746, 35.562747957121005 ], [ 129.319220388068914, 35.561889237987536 ], [ 129.319243399659655, 35.561839543357422 ], [ 129.316040336188223, 35.567540895204509 ] ], [ [ 129.323499315654061, 35.557737906997744 ], [ 129.323499315654118, 35.557737906997716 ], [ 129.323509296454461, 35.557756969678103 ], [ 129.323499315654061, 35.557737906997744 ] ], [ [ 129.317887804032694, 35.555734763878966 ], [ 129.318555882551351, 35.556101889306582 ], [ 129.318630896656344, 35.556161582809999 ], [ 129.318654885203102, 35.556189504797707 ], [ 129.318718356262991, 35.55622795814007 ], [ 129.318722685425797, 35.55623219183061 ], [ 129.318775788380577, 35.556306886296525 ], [ 129.318782822630737, 35.556317448942458 ], [ 129.31881183648656, 35.556375091264911 ], [ 129.318833052347003, 35.556382299831938 ], [ 129.31897507606871, 35.556446206014499 ], [ 129.31906447909239, 35.556490629534949 ], [ 129.319143004914622, 35.556534468768284 ], [ 129.319275256109393, 35.556623275972441 ], [ 129.319369557840702, 35.556640088822554 ], [ 129.319416445159959, 35.556665543833951 ], [ 129.319668697397248, 35.556832563597347 ], [ 129.319369557831919, 35.556640088822896 ], [ 129.319275256100468, 35.556623275972797 ], [ 129.318811836477749, 35.556375091265252 ], [ 129.317887804032694, 35.555734763878966 ] ], [ [ 129.319976628674624, 35.557409748439241 ], [ 129.319821433079881, 35.557011066686471 ], [ 129.319924930163495, 35.557233277044823 ], [ 129.319976628674624, 35.557409748439241 ] ], [ [ 129.319160364327871, 35.561800375724914 ], [ 129.319181907236384, 35.561758724415313 ], [ 129.319158591017072, 35.561803814313237 ], [ 129.319160364327871, 35.561800375724914 ] ], [ [ 129.319169771413272, 35.56181673639405 ], [ 129.319162136840561, 35.561807914853766 ], [ 129.319158591017072, 35.561803814313237 ], [ 129.319169771413272, 35.56181673639405 ] ], [ [ 129.279001239215546, 35.554317836702104 ], [ 129.278831124447947, 35.554358568162485 ], [ 129.279118837602226, 35.554286202801627 ], [ 129.279001239215546, 35.554317836702104 ] ], [ [ 129.278434279117505, 35.554446862457006 ], [ 129.278434279117562, 35.55444686245697 ], [ 129.278722725301947, 35.554383163176446 ], [ 129.278434279117505, 35.554446862457006 ] ], [ [ 129.27749668918463, 35.554645385994903 ], [ 129.277496689184545, 35.554645385994839 ], [ 129.27791662297227, 35.554558206331514 ], [ 129.27749668918463, 35.554645385994903 ] ], [ [ 129.277456330214875, 35.5546540857192 ], [ 129.276525300998088, 35.55485031543428 ], [ 129.276468638089909, 35.554861091593693 ], [ 129.276525300998117, 35.554850315434265 ], [ 129.276868067604568, 35.554776573435113 ], [ 129.277456330214875, 35.5546540857192 ] ], [ [ 129.275924279768532, 35.554948393614843 ], [ 129.275924279768532, 35.554948393614801 ], [ 129.276010295451243, 35.554938929356524 ], [ 129.275924279768532, 35.554948393614843 ] ], [ [ 129.275740577295807, 35.554991779073895 ], [ 129.275244567936625, 35.555115866750043 ], [ 129.275196395989639, 35.555127396877921 ], [ 129.275740577295807, 35.554991779073895 ] ], [ [ 129.27837452963189, 35.557094608638863 ], [ 129.276967986489495, 35.556306153631262 ], [ 129.275394944059343, 35.555400943898292 ], [ 129.276967986489609, 35.556306153631262 ], [ 129.27837452963189, 35.557094608638863 ] ], [ [ 129.27830591111703, 35.557237792230765 ], [ 129.278342324178681, 35.557206604871908 ], [ 129.278305911117002, 35.557237792230794 ], [ 129.27830591111703, 35.557237792230765 ] ], [ [ 129.278305911117002, 35.557237792230801 ], [ 129.278305584614088, 35.557238226389465 ], [ 129.278305911117002, 35.557237792230794 ], [ 129.278305911117002, 35.557237792230801 ] ], [ [ 129.278293669174786, 35.557254070631728 ], [ 129.278288788206169, 35.557258191557104 ], [ 129.278305584614088, 35.557238226389465 ], [ 129.278293669174786, 35.557254070631728 ] ], [ [ 129.278350351999137, 35.557459957801704 ], [ 129.278350351999137, 35.557459957801747 ], [ 129.278285640930164, 35.557260848752982 ], [ 129.278350351999137, 35.557459957801704 ] ], [ [ 129.278360870160043, 35.557615938270729 ], [ 129.278360870160043, 35.557615938270722 ], [ 129.278368083620961, 35.557623444257061 ], [ 129.278360870160043, 35.557615938270729 ] ], [ [ 129.278545946350221, 35.557846712516906 ], [ 129.278545946350164, 35.55784671251687 ], [ 129.278526368307269, 35.557814497592027 ], [ 129.278545946350221, 35.557846712516906 ] ], [ [ 129.279003938637061, 35.558208050627343 ], [ 129.279146244842678, 35.558272498830419 ], [ 129.278911467543651, 35.558182874048192 ], [ 129.279003938637061, 35.558208050627343 ] ], [ [ 129.279494883300885, 35.558616145720606 ], [ 129.279346963873479, 35.558384733943932 ], [ 129.279445711860262, 35.55853787914895 ], [ 129.279494883300885, 35.558616145720606 ] ], [ [ 129.279596417673872, 35.558693193709651 ], [ 129.279596417673815, 35.558693193709651 ], [ 129.279550384601919, 35.558665843291863 ], [ 129.279596417673872, 35.558693193709651 ] ], [ [ 129.280940137996311, 35.559555227502329 ], [ 129.280940137996254, 35.559555227502329 ], [ 129.280899983342323, 35.55952964276478 ], [ 129.280940137996311, 35.559555227502329 ] ], [ [ 129.281580237193225, 35.560032165708229 ], [ 129.281646312444366, 35.560057062439633 ], [ 129.281037371122522, 35.55962023757381 ], [ 129.281580237193225, 35.560032165708229 ] ], [ [ 129.282160192103078, 35.560197501813967 ], [ 129.282160192103049, 35.560197501813967 ], [ 129.281689889888298, 35.560069464585531 ], [ 129.282160192103078, 35.560197501813967 ] ], [ [ 129.28264072328821, 35.560479462183906 ], [ 129.282223608052391, 35.561552589911713 ], [ 129.281726847820153, 35.562174338701517 ], [ 129.28264072328821, 35.560479462183906 ] ], [ [ 129.281637049469651, 35.562287983905804 ], [ 129.282101658607417, 35.562476327745564 ], [ 129.282109810359003, 35.562492320921066 ], [ 129.281637049469651, 35.562287983905804 ] ], [ [ 129.306630810017339, 35.556597473274572 ], [ 129.306333395282195, 35.557889109045362 ], [ 129.306269821111187, 35.557994107958699 ], [ 129.306630810017339, 35.556597473274572 ] ], [ [ 129.309494004584877, 35.556378777091119 ], [ 129.307479531065439, 35.556529735338607 ], [ 129.308210119095861, 35.556471818661606 ], [ 129.309494004576266, 35.556378777091474 ], [ 129.309444509840432, 35.556178276070291 ], [ 129.309400993849891, 35.555977930998552 ], [ 129.309373956099535, 35.555869944220632 ], [ 129.309340478293876, 35.555718946226264 ], [ 129.309309012249003, 35.555586383505052 ], [ 129.309171862317356, 35.554994494940999 ], [ 129.309132046828836, 35.55482127817497 ], [ 129.309044901963063, 35.554442146868368 ], [ 129.308995923481746, 35.554228927050708 ], [ 129.308965382559336, 35.554095712914872 ], [ 129.308944858843716, 35.554006537375351 ], [ 129.308915025957731, 35.553876737311484 ], [ 129.308886055510612, 35.55373881439985 ], [ 129.308846276038565, 35.553577593601482 ], [ 129.308844818552643, 35.553571378403504 ], [ 129.308886055519224, 35.55373881439953 ], [ 129.308915025966343, 35.553876737311143 ], [ 129.309400993858475, 35.555977930998196 ], [ 129.309444509849044, 35.556178276069915 ], [ 129.309494004584877, 35.556378777091119 ] ], [ [ 129.308835571498662, 35.553573024299169 ], [ 129.308714952226609, 35.553522291550728 ], [ 129.308676557276414, 35.553504156244301 ], [ 129.308835571498662, 35.553573024299169 ] ], [ [ 129.317734393826214, 35.555806828015868 ], [ 129.317702238716947, 35.555794402431282 ], [ 129.317734393829681, 35.555806828013438 ], [ 129.317734393826214, 35.555806828015868 ] ], [ [ 129.321309065673717, 35.557119250377468 ], [ 129.321309065664792, 35.557119250377816 ], [ 129.321165414880085, 35.557112997837912 ], [ 129.321309065673717, 35.557119250377468 ] ], [ [ 129.322076174066638, 35.557195967909131 ], [ 129.321809933335771, 35.557143364182934 ], [ 129.322128361990849, 35.557212153875462 ], [ 129.322076174066638, 35.557195967909131 ] ], [ [ 129.322272524600208, 35.557257733871573 ], [ 129.322170367662238, 35.557225384449467 ], [ 129.322306424474277, 35.55726496958183 ], [ 129.322272524600208, 35.557257733871573 ] ], [ [ 129.322725004340299, 35.557377942046571 ], [ 129.322725004340299, 35.557377942046593 ], [ 129.322604924767973, 35.557341696551838 ], [ 129.322569306971502, 35.557329756161849 ], [ 129.322725004340299, 35.557377942046571 ] ], [ [ 129.323272915756661, 35.557612198022078 ], [ 129.323368282326584, 35.557657393082927 ], [ 129.323316348202468, 35.557628059512354 ], [ 129.323272915756661, 35.557612198022078 ] ], [ [ 129.306423045296071, 35.558367062349092 ], [ 129.306418026135134, 35.558064033930876 ], [ 129.306426201563653, 35.558131664166552 ], [ 129.306423045296071, 35.558367062349092 ] ], [ [ 129.306458906848206, 35.558365241165347 ], [ 129.306542856059906, 35.558549270711055 ], [ 129.306592415750885, 35.558640364974217 ], [ 129.306542856051294, 35.558549270711325 ], [ 129.306496645159427, 35.558457032327759 ], [ 129.306458906848206, 35.558365241165347 ] ], [ [ 129.306655145259839, 35.558757707528279 ], [ 129.306699672214791, 35.558847895165059 ], [ 129.306701848792159, 35.558953611090232 ], [ 129.306684562999891, 35.558970490963773 ], [ 129.306655145251256, 35.558757707528635 ], [ 129.306405090290355, 35.558559605508449 ], [ 129.306355107983023, 35.558467520814887 ], [ 129.306655145259839, 35.558757707528279 ] ], [ [ 129.306675129549518, 35.558969694669052 ], [ 129.30635209893137, 35.56019814224387 ], [ 129.306346636141853, 35.560270169193331 ], [ 129.306340807634683, 35.560333003900325 ], [ 129.306330099193389, 35.560476155954326 ], [ 129.30632397218676, 35.56054755367542 ], [ 129.306322161956672, 35.560564682777049 ], [ 129.306259053113706, 35.561026213051761 ], [ 129.306143208392768, 35.561438116275909 ], [ 129.306426170972117, 35.55954460916945 ], [ 129.306675129549518, 35.558969694669052 ] ], [ [ 129.306475691954688, 35.561407091428116 ], [ 129.307213837421443, 35.561779257477788 ], [ 129.307042019396164, 35.563664660861122 ], [ 129.306475691954688, 35.561407091428116 ] ], [ [ 129.305863167782547, 35.565776220183253 ], [ 129.30584209924578, 35.564352703680257 ], [ 129.305856201889526, 35.56437754368666 ], [ 129.30586688819065, 35.56440320347788 ], [ 129.305875492822992, 35.564429679684984 ], [ 129.305880888299072, 35.564456344252136 ], [ 129.305882866742564, 35.564483648349686 ], [ 129.305863167782547, 35.565776220183253 ] ], [ [ 129.305717830059422, 35.567548189437964 ], [ 129.306477261095296, 35.564385951413996 ], [ 129.306501234457556, 35.564477272575353 ], [ 129.306535298241926, 35.564611577765476 ], [ 129.30656410252837, 35.564737667473167 ], [ 129.306537564531936, 35.564866114390739 ], [ 129.306467523329502, 35.565018231082604 ], [ 129.306316087840713, 35.565257915608626 ], [ 129.306304971904154, 35.565308199648264 ], [ 129.306326191041904, 35.565586797835593 ], [ 129.306315624320177, 35.565688904659986 ], [ 129.306034923682063, 35.567139762487756 ], [ 129.306004004855311, 35.567174927802689 ], [ 129.305855855877809, 35.567398353121618 ], [ 129.305830699131093, 35.5674316922507 ], [ 129.305717830059422, 35.567548189437964 ] ], [ [ 129.305631503144724, 35.567545550173499 ], [ 129.30533460533124, 35.567983649676783 ], [ 129.305440198882138, 35.5679937393081 ], [ 129.305461926844572, 35.568001687975659 ], [ 129.305496791192127, 35.568082238447104 ], [ 129.305455553471745, 35.568303176420962 ], [ 129.305631503144724, 35.567545550173499 ] ], [ [ 129.303834627116032, 35.570483208812853 ], [ 129.305432048642416, 35.568738973152676 ], [ 129.305433997898206, 35.568875387424818 ], [ 129.305447274140647, 35.568949944673008 ], [ 129.305453419239456, 35.569002717706212 ], [ 129.305351190487158, 35.569174193395632 ], [ 129.303834627124502, 35.570483208812611 ], [ 129.304268390431673, 35.571922894043048 ], [ 129.304266932766183, 35.572033900470686 ], [ 129.304136621679447, 35.572266787324111 ], [ 129.304083910596518, 35.572304323146184 ], [ 129.303976072722634, 35.572308469690135 ], [ 129.303834627116032, 35.570483208812853 ] ], [ [ 129.317261737486717, 35.555810815758335 ], [ 129.31756303178048, 35.555843428148727 ], [ 129.317261737482426, 35.555810815759173 ], [ 129.317261737486717, 35.555810815758335 ] ], [ [ 129.313503157493216, 35.562816978495341 ], [ 129.313503189981049, 35.562816825192257 ], [ 129.313503189989348, 35.562816825193828 ], [ 129.313503157493216, 35.562816978495341 ] ], [ [ 129.314016665051042, 35.562914709239116 ], [ 129.314016708497974, 35.562914537881653 ], [ 129.314016708506301, 35.562914537883266 ], [ 129.314016665051042, 35.562914709239116 ] ], [ [ 129.313669328014612, 35.562990344119648 ], [ 129.314002035018035, 35.563052923963312 ], [ 129.3136693280141, 35.562990344121452 ], [ 129.313669328014612, 35.562990344119648 ] ], [ [ 129.3124001127631, 35.566527464762281 ], [ 129.312400112771797, 35.56652746476194 ], [ 129.31242369644508, 35.566541707405044 ], [ 129.3124001127631, 35.566527464762281 ] ], [ [ 129.312389177553996, 35.566694979621985 ], [ 129.3124229202609, 35.566669151769943 ], [ 129.312389177555957, 35.566694979626782 ], [ 129.312389177553996, 35.566694979621985 ] ], [ [ 129.312673983907757, 35.567947938602323 ], [ 129.312673983907388, 35.567947938606714 ], [ 129.312629432827435, 35.567925890889519 ], [ 129.312673983907757, 35.567947938602323 ] ], [ [ 129.312866278683828, 35.568353527056139 ], [ 129.312887760322155, 35.568348920057808 ], [ 129.312887760325765, 35.568348920058632 ], [ 129.312866278683828, 35.568353527056139 ] ], [ [ 129.313067052581289, 35.568310314229841 ], [ 129.31294962191447, 35.568363063710841 ], [ 129.312949621910832, 35.568363063710009 ], [ 129.313067052581289, 35.568310314229841 ] ], [ [ 129.31332048627479, 35.569080775076529 ], [ 129.313320486274478, 35.56908077507736 ], [ 129.313303218865713, 35.569079819310311 ], [ 129.31332048627479, 35.569080775076529 ] ], [ [ 129.281800322399363, 35.562738853815745 ], [ 129.28180032239942, 35.562738853815695 ], [ 129.281905752889855, 35.562714758839213 ], [ 129.281800322399363, 35.562738853815745 ] ], [ [ 129.281202138163508, 35.56312242662294 ], [ 129.281202138163565, 35.563122426622925 ], [ 129.281192695851416, 35.56313479183914 ], [ 129.281202138163508, 35.56312242662294 ] ], [ [ 129.280775953341703, 35.569645049800648 ], [ 129.280774468202623, 35.5694443311139 ], [ 129.28085105870656, 35.569161874060299 ], [ 129.280775953341703, 35.569645049800648 ] ], [ [ 129.281075196796337, 35.571001102631904 ], [ 129.281045250883778, 35.570285850845259 ], [ 129.28100618719435, 35.570199845276086 ], [ 129.281045250883835, 35.570285850845302 ], [ 129.281075196796337, 35.571001102631904 ] ], [ [ 129.280764638728698, 35.572791104448235 ], [ 129.280844732711103, 35.571899444250164 ], [ 129.281025233018596, 35.571614209551107 ], [ 129.280764638728698, 35.572791104448235 ] ], [ [ 129.281580028398565, 35.574767605997145 ], [ 129.281253117126653, 35.57440203611965 ], [ 129.281979594736896, 35.575217339550306 ], [ 129.281580028398565, 35.574767605997145 ] ], [ [ 129.282468736026999, 35.575629549601729 ], [ 129.282468736026942, 35.575629549601736 ], [ 129.281979594736896, 35.575217339550306 ], [ 129.282468736026999, 35.575629549601729 ] ], [ [ 129.283031614471611, 35.57558282027145 ], [ 129.283031614471639, 35.575582820271457 ], [ 129.282629297490928, 35.575616220028095 ], [ 129.283031614471611, 35.57558282027145 ] ], [ [ 129.283249805236181, 35.575677126071092 ], [ 129.283085494384181, 35.575606094692596 ], [ 129.2833342211336, 35.575939636426256 ], [ 129.283249805236181, 35.575677126071092 ] ], [ [ 129.298331126498681, 35.574602159377228 ], [ 129.298331126507151, 35.574602159376958 ], [ 129.29825314457841, 35.574659664343685 ], [ 129.298331126498681, 35.574602159377228 ] ], [ [ 129.321525566575218, 35.586806510593483 ], [ 129.321972771231259, 35.586804655346818 ], [ 129.321792781508947, 35.586810361269073 ], [ 129.321525566575218, 35.586806510593483 ] ], [ [ 129.323298221220568, 35.584193359191254 ], [ 129.323345000020538, 35.584192873771656 ], [ 129.323298221220369, 35.584193359191495 ], [ 129.323298221220568, 35.584193359191254 ] ], [ [ 129.324119562476426, 35.58385705647197 ], [ 129.324302725612768, 35.583915239820541 ], [ 129.324000162487096, 35.583851742973074 ], [ 129.324119562476426, 35.58385705647197 ] ], [ [ 129.324770070665238, 35.583786860750294 ], [ 129.325019276445687, 35.583833554708448 ], [ 129.324531201014537, 35.583772584897282 ], [ 129.324770070665238, 35.583786860750294 ] ], [ [ 129.325974245540692, 35.583129489065939 ], [ 129.326107058081476, 35.583136873502674 ], [ 129.325974245533615, 35.583129489066422 ], [ 129.325974245540692, 35.583129489065939 ] ], [ [ 129.327050889101315, 35.582662008518255 ], [ 129.327360650177212, 35.58266993195943 ], [ 129.327050889097478, 35.582662008518724 ], [ 129.327050889101315, 35.582662008518255 ] ], [ [ 129.327374967236864, 35.581762180150299 ], [ 129.32692493033079, 35.582049635793254 ], [ 129.327466512530975, 35.581755407289613 ], [ 129.327374967236864, 35.581762180150299 ] ], [ [ 129.324828788812766, 35.578017392660982 ], [ 129.325182737697872, 35.578145777468748 ], [ 129.325339954861875, 35.578149996810332 ], [ 129.325182737688948, 35.578145777469096 ], [ 129.324828788812766, 35.578017392660982 ] ], [ [ 129.327183863766408, 35.57524034951058 ], [ 129.327198827137011, 35.5752413455618 ], [ 129.327183863765953, 35.57524034951139 ], [ 129.327183863766408, 35.57524034951058 ] ], [ [ 129.327819260433415, 35.572800358228108 ], [ 129.327936346988338, 35.572747910692527 ], [ 129.327936346995386, 35.572747910693082 ], [ 129.327819260433415, 35.572800358228108 ] ], [ [ 129.327472193686532, 35.572792050046203 ], [ 129.327557097891486, 35.572771451302593 ], [ 129.327557097900012, 35.572771451302344 ], [ 129.327472193686532, 35.572792050046203 ] ], [ [ 129.32732997119632, 35.572862212302979 ], [ 129.327199249764021, 35.572912136432272 ], [ 129.327430071989312, 35.572788603856182 ], [ 129.32732997119632, 35.572862212302979 ] ], [ [ 129.3267630330472, 35.572919506124535 ], [ 129.326739598732956, 35.572921471073641 ], [ 129.326763033038276, 35.572919506124897 ], [ 129.326846607735177, 35.572905599027692 ], [ 129.326975966739354, 35.572886980702805 ], [ 129.3267630330472, 35.572919506124535 ] ], [ [ 129.32551724575589, 35.57170462565022 ], [ 129.325845772468597, 35.571654901314012 ], [ 129.325845772471524, 35.571654901314545 ], [ 129.32551724575589, 35.57170462565022 ] ], [ [ 129.325508023047831, 35.571688093770526 ], [ 129.325176096501991, 35.571759313034185 ], [ 129.325121834920992, 35.571776348868063 ], [ 129.325508023047831, 35.571688093770526 ] ], [ [ 129.322662264013331, 35.568271577494045 ], [ 129.322610726624049, 35.568268686456612 ], [ 129.322610726624049, 35.568268686455802 ], [ 129.322662264013331, 35.568271577494045 ] ], [ [ 129.323987590874282, 35.567681182917894 ], [ 129.322336060536372, 35.568043338401004 ], [ 129.322272776062192, 35.568051708544317 ], [ 129.322207935428594, 35.56805711755316 ], [ 129.323987590874282, 35.567681182917894 ] ], [ [ 129.322154173331711, 35.568058871412077 ], [ 129.322141758133768, 35.568059276428009 ], [ 129.322141758133341, 35.568059276428009 ], [ 129.322154173331711, 35.568058871412077 ] ], [ [ 129.327788348058448, 35.559067910535894 ], [ 129.328010129837622, 35.559118485373027 ], [ 129.328061990000265, 35.559139804636658 ], [ 129.327788348058448, 35.559067910535894 ] ], [ [ 129.328339992444228, 35.558927248064052 ], [ 129.328341031453903, 35.55880955551514 ], [ 129.328304383540882, 35.559008581972236 ], [ 129.328339992444228, 35.558927248064052 ] ], [ [ 129.328340023851922, 35.558785565127003 ], [ 129.328341035946437, 35.558809365463148 ], [ 129.32834078944461, 35.55874100625212 ], [ 129.328340023851922, 35.558785565127003 ] ], [ [ 129.328341941989009, 35.558673926095018 ], [ 129.328341941989009, 35.558673926094983 ], [ 129.32838209300678, 35.558673522150087 ], [ 129.328341941989009, 35.558673926095018 ] ], [ [ 129.328466885653683, 35.558665470524389 ], [ 129.32850282785509, 35.558656572610609 ], [ 129.32847452209586, 35.558663841678651 ], [ 129.328466885653683, 35.558665470524389 ] ], [ [ 129.328661456768458, 35.558637539623248 ], [ 129.328633461622331, 35.558642527620755 ], [ 129.328748623135141, 35.558628543170151 ], [ 129.328661456768458, 35.558637539623248 ] ], [ [ 129.328856657485829, 35.558617875370594 ], [ 129.328828185376295, 35.558620568347074 ], [ 129.328898210417208, 35.558613458868692 ], [ 129.328856657485829, 35.558617875370594 ] ], [ [ 129.329103835707883, 35.558548120060436 ], [ 129.329063122278399, 35.558563237512487 ], [ 129.329158233157273, 35.558527571514027 ], [ 129.329103835707883, 35.558548120060436 ] ], [ [ 129.3295342045962, 35.558445716920069 ], [ 129.329460726300653, 35.558459580383619 ], [ 129.3295342045962, 35.558445716920055 ], [ 129.3295342045962, 35.558445716920069 ] ], [ [ 129.329531203434613, 35.55844274181446 ], [ 129.329531203434556, 35.558442741814396 ], [ 129.329634357536833, 35.558406573817287 ], [ 129.329531203434613, 35.55844274181446 ] ], [ [ 129.329790739346635, 35.558336494275082 ], [ 129.329766327187656, 35.558347676298901 ], [ 129.329819042118345, 35.558325011435194 ], [ 129.329790739346635, 35.558336494275082 ] ], [ [ 129.329990255800482, 35.558271896121525 ], [ 129.329957503281776, 35.558278654900114 ], [ 129.329993086496671, 35.558271556737708 ], [ 129.329990255800482, 35.558271896121525 ] ], [ [ 129.330079223483494, 35.558267129207564 ], [ 129.330079223483523, 35.558267129207614 ], [ 129.330038210910402, 35.55826613518758 ], [ 129.330079223483494, 35.558267129207564 ] ], [ [ 129.330465789917753, 35.558150971253681 ], [ 129.330574213025983, 35.55811905809707 ], [ 129.33046578991781, 35.558150971253689 ], [ 129.330341475538489, 35.558188305378721 ], [ 129.330465789917753, 35.558150971253681 ] ], [ [ 129.330733509483963, 35.558071138496388 ], [ 129.330815223937265, 35.558033435376032 ], [ 129.33078882811381, 35.558054525565652 ], [ 129.330733509483963, 35.558071138496388 ] ], [ [ 129.330926889129557, 35.5581344651034 ], [ 129.330930846441959, 35.558149124596248 ], [ 129.330930846441959, 35.558149124596277 ], [ 129.330926889129557, 35.5581344651034 ] ], [ [ 129.330930554217503, 35.558152784617128 ], [ 129.330958923661484, 35.558344844205507 ], [ 129.330924698184106, 35.558226129624337 ], [ 129.330930554217503, 35.558152784617128 ] ], [ [ 129.331021167254534, 35.558423789370245 ], [ 129.3309970199671, 35.558398254416154 ], [ 129.331041269156401, 35.55844384607299 ], [ 129.331021167254534, 35.558423789370245 ] ], [ [ 129.33118829826455, 35.55908058942267 ], [ 129.33118829826455, 35.559080589422635 ], [ 129.331228821699256, 35.558730543623739 ], [ 129.33118829826455, 35.55908058942267 ] ], [ [ 129.331082265172569, 35.55941634858258 ], [ 129.331110602662847, 35.559326735198653 ], [ 129.331075355719292, 35.559441556000401 ], [ 129.331082265172569, 35.55941634858258 ] ], [ [ 129.331074766611209, 35.559443705214342 ], [ 129.331074896589058, 35.559444834126275 ], [ 129.331074766611209, 35.559443705214349 ], [ 129.331074766611209, 35.559443705214342 ] ], [ [ 129.331185960877434, 35.560699421110677 ], [ 129.331252948222982, 35.560936935126243 ], [ 129.331188305305147, 35.560498906140872 ], [ 129.331185960877434, 35.560699421110677 ] ], [ [ 129.331300707043738, 35.560960895969757 ], [ 129.331270734685859, 35.56093303796743 ], [ 129.331364069193341, 35.560975765151312 ], [ 129.331300707043738, 35.560960895969757 ] ], [ [ 129.33221845689414, 35.56079664541533 ], [ 129.332167986299226, 35.560713348077371 ], [ 129.33225412194804, 35.560855510046032 ], [ 129.33221845689414, 35.56079664541533 ] ], [ [ 129.332372016598754, 35.561024800227258 ], [ 129.332362550811212, 35.561016254937776 ], [ 129.332427980900633, 35.561075290105009 ], [ 129.332372016598754, 35.561024800227258 ] ], [ [ 129.332985328056282, 35.560619959438803 ], [ 129.333335967152777, 35.560330167435524 ], [ 129.332550437454614, 35.561003175176424 ], [ 129.332985328056282, 35.560619959438803 ] ], [ [ 129.333849839934118, 35.560078986443031 ], [ 129.334109923436415, 35.559954732697221 ], [ 129.333335967152777, 35.560330167435524 ], [ 129.333849839934118, 35.560078986443031 ] ], [ [ 129.334923495843952, 35.559288487522302 ], [ 129.335004021480614, 35.559217149143073 ], [ 129.335004021480643, 35.55921714914308 ], [ 129.334923495843952, 35.559288487522302 ] ], [ [ 129.336188327171101, 35.559210696636903 ], [ 129.336412479652751, 35.559132534264286 ], [ 129.336358859856631, 35.559173962291112 ], [ 129.336188327171101, 35.559210696636903 ] ], [ [ 129.336682322896593, 35.559206771699351 ], [ 129.336868860187053, 35.558865682452499 ], [ 129.33676630747928, 35.55908589148558 ], [ 129.336682322896593, 35.559206771699351 ] ], [ [ 129.337278513993709, 35.558812555812523 ], [ 129.337164413606928, 35.558783933110547 ], [ 129.337348915764096, 35.558830191144956 ], [ 129.337278513993709, 35.558812555812523 ] ], [ [ 129.337393265815535, 35.558857183503967 ], [ 129.337375268478155, 35.558836792383424 ], [ 129.337393265815564, 35.558857183503946 ], [ 129.337393265815535, 35.558857183503967 ] ], [ [ 129.337485512391567, 35.558802894122479 ], [ 129.337439389103565, 35.558830038813227 ], [ 129.337503474765043, 35.558795480978183 ], [ 129.337485512391567, 35.558802894122479 ] ], [ [ 129.337645481207488, 35.558786688502394 ], [ 129.337662562454426, 35.55878996278561 ], [ 129.337662562454426, 35.558789962785617 ], [ 129.337645481207488, 35.558786688502394 ] ], [ [ 129.337660041283783, 35.558664284903728 ], [ 129.337660041283812, 35.558664284903735 ], [ 129.337661652070437, 35.558744587783259 ], [ 129.337660041283783, 35.558664284903728 ] ], [ [ 129.33779312383254, 35.558653314591758 ], [ 129.337707178527154, 35.558660401768442 ], [ 129.337826413645075, 35.558650572691576 ], [ 129.33779312383254, 35.558653314591758 ] ], [ [ 129.337877401101025, 35.558484231783716 ], [ 129.337877641381255, 35.558543323283956 ], [ 129.337879382931959, 35.558440629045442 ], [ 129.337877401101025, 35.558484231783716 ] ], [ [ 129.337932714819459, 35.558317942622594 ], [ 129.337923458481271, 35.558344524002649 ], [ 129.337921409016559, 35.558222824963153 ], [ 129.337932714819459, 35.558317942622594 ] ], [ [ 129.337937682501178, 35.55812895524015 ], [ 129.337939116731206, 35.558086826530875 ], [ 129.337921409016559, 35.558222824963153 ], [ 129.337937682501178, 35.55812895524015 ] ], [ [ 129.338076910027951, 35.557704365367769 ], [ 129.338085929429297, 35.557632471299954 ], [ 129.338024749826303, 35.557838595925887 ], [ 129.338076910027951, 35.557704365367769 ] ], [ [ 129.338085929429297, 35.557632471299954 ], [ 129.338087550976496, 35.557479508793776 ], [ 129.338090030223299, 35.557464646469732 ], [ 129.338085929429297, 35.557632471299954 ] ], [ [ 129.338124885859571, 35.5573634265184 ], [ 129.338116039044706, 35.557386893780581 ], [ 129.338124774507548, 35.557331536457554 ], [ 129.338124885859571, 35.5573634265184 ] ], [ [ 129.338129077120527, 35.557247373683431 ], [ 129.338126714024185, 35.5572578544447 ], [ 129.338133722720784, 35.557226793266445 ], [ 129.338129077120527, 35.557247373683431 ] ], [ [ 129.338095210366362, 35.557016377384798 ], [ 129.338096206121662, 35.556984050257896 ], [ 129.338093277424349, 35.557153539161419 ], [ 129.338095210366362, 35.557016377384798 ] ], [ [ 129.33825217174973, 35.556539354726866 ], [ 129.338182330539667, 35.556693331521458 ], [ 129.338255090255586, 35.55653252921411 ], [ 129.33825217174973, 35.556539354726866 ] ], [ [ 129.338274100778193, 35.556500420817613 ], [ 129.338271535216734, 35.556504364833039 ], [ 129.338279994061878, 35.556491610765015 ], [ 129.338274100778193, 35.556500420817613 ] ], [ [ 129.3383474440204, 35.556399713027716 ], [ 129.338319612324824, 35.556436851843763 ], [ 129.338355718970689, 35.556392919861203 ], [ 129.3383474440204, 35.556399713027716 ] ], [ [ 129.339009411352606, 35.556611611802644 ], [ 129.339009411352691, 35.556611611802694 ], [ 129.338716740483562, 35.556483906722498 ], [ 129.339009411352606, 35.556611611802644 ] ], [ [ 129.33922927701758, 35.556702296836839 ], [ 129.339397657344733, 35.556771855317564 ], [ 129.339434044448552, 35.556767905260678 ], [ 129.33922927701758, 35.556702296836839 ] ], [ [ 129.339504046959064, 35.556708737163589 ], [ 129.339575687130207, 35.556617776357534 ], [ 129.339504046959121, 35.556708737163589 ], [ 129.339484733416896, 35.556733298258784 ], [ 129.339504046959064, 35.556708737163589 ] ], [ [ 129.339632766991912, 35.556526495827626 ], [ 129.339693519829211, 35.556495681554651 ], [ 129.339576674466826, 35.556616511782472 ], [ 129.339632766991912, 35.556526495827626 ] ], [ [ 129.340141806831895, 35.556387530216789 ], [ 129.340113208203121, 35.556385873710667 ], [ 129.340159771656857, 35.556385506075024 ], [ 129.340141806831895, 35.556387530216789 ] ], [ [ 129.340483082974998, 35.556359929029824 ], [ 129.340460264068554, 35.556358140432643 ], [ 129.340484694170414, 35.556359956731086 ], [ 129.340483082974998, 35.556359929029824 ] ], [ [ 129.340605940525677, 35.556245029530317 ], [ 129.340604761783965, 35.556213938325548 ], [ 129.340605940525677, 35.556245029530309 ], [ 129.340605940525677, 35.556245029530317 ] ], [ [ 129.340641438009982, 35.55613362932835 ], [ 129.340641438009982, 35.5561336293284 ], [ 129.340601777205109, 35.556165222958505 ], [ 129.340641438009982, 35.55613362932835 ] ], [ [ 129.340956280704745, 35.555795949079588 ], [ 129.340965798843428, 35.555871774888303 ], [ 129.34094838397462, 35.555733223467982 ], [ 129.340956280704745, 35.555795949079588 ] ], [ [ 129.34083313029987, 35.554851887437451 ], [ 129.340833130299927, 35.554851887437451 ], [ 129.340844477478896, 35.554918617102011 ], [ 129.34083313029987, 35.554851887437451 ] ], [ [ 129.340735653944051, 35.554155436994499 ], [ 129.340751108473626, 35.554270712768819 ], [ 129.34073205824032, 35.554126303749086 ], [ 129.340735653944051, 35.554155436994499 ] ], [ [ 129.340665185190517, 35.553604640134182 ], [ 129.340634579907857, 35.553256413358369 ], [ 129.340619645149587, 35.553140819743447 ], [ 129.34066456288275, 35.553488321289024 ], [ 129.340670088693486, 35.553543374615472 ], [ 129.340665185190517, 35.553604640134182 ] ], [ [ 129.340601747681177, 35.553002612054776 ], [ 129.340604635950712, 35.553024567059744 ], [ 129.340586698557416, 35.552886027332249 ], [ 129.340601747681177, 35.553002612054776 ] ], [ [ 129.340575410415767, 35.552798273339413 ], [ 129.340560021400307, 35.552679526466925 ], [ 129.340586698557416, 35.552886027332249 ], [ 129.340575410415767, 35.552798273339413 ] ], [ [ 129.340437882292633, 35.551724501361775 ], [ 129.340446050835681, 35.551788466143996 ], [ 129.340433484156449, 35.551691944341187 ], [ 129.340437882292633, 35.551724501361775 ] ], [ [ 129.340365841348472, 35.5511686072036 ], [ 129.340155909396316, 35.551189268776234 ], [ 129.340365841348472, 35.551168607203593 ], [ 129.340365841348472, 35.5511686072036 ] ], [ [ 129.339516274204641, 35.551239202611349 ], [ 129.339380883767035, 35.55125041458129 ], [ 129.339380883767035, 35.551250414581254 ], [ 129.339516274204641, 35.551239202611349 ] ], [ [ 129.338647531658353, 35.55131618869251 ], [ 129.33885064819691, 35.551308590497349 ], [ 129.338572587657012, 35.551328385400396 ], [ 129.338647531658353, 35.55131618869251 ] ], [ [ 129.338357742999932, 35.551105528680694 ], [ 129.338357742999932, 35.551105528680687 ], [ 129.338362712830417, 35.5510955818336 ], [ 129.338357742999932, 35.551105528680694 ] ], [ [ 129.338199208666595, 35.55064455539857 ], [ 129.33836329148383, 35.55042295624559 ], [ 129.338234625932898, 35.55056913557403 ], [ 129.338199208666595, 35.55064455539857 ] ], [ [ 129.338781860439838, 35.550168000491723 ], [ 129.339104646219965, 35.550022674577754 ], [ 129.338638556916123, 35.550213064741953 ], [ 129.338781860439838, 35.550168000491723 ] ], [ [ 129.339224829924945, 35.549920248361261 ], [ 129.339218991274123, 35.549933394533049 ], [ 129.339257567529501, 35.549864524377107 ], [ 129.339224829924945, 35.549920248361261 ] ], [ [ 129.323539961594633, 35.557879021674943 ], [ 129.323539961594605, 35.557879021674957 ], [ 129.323497986030304, 35.557819116841564 ], [ 129.323539961594633, 35.557879021674943 ] ], [ [ 129.323626978711872, 35.557998723961688 ], [ 129.323626978711928, 35.557998723961688 ], [ 129.323635080469813, 35.558002496238323 ], [ 129.323626978711872, 35.557998723961688 ] ], [ [ 129.323671918535723, 35.558024831439909 ], [ 129.323671918535723, 35.558024831439852 ], [ 129.323707744563364, 35.558050098019017 ], [ 129.323671918535723, 35.558024831439909 ] ], [ [ 129.323784871114412, 35.558076768360351 ], [ 129.323784871114384, 35.558076768360301 ], [ 129.323820374480562, 35.558090300963883 ], [ 129.323784871114412, 35.558076768360351 ] ], [ [ 129.323858022277108, 35.558091227780025 ], [ 129.323880199626871, 35.558098035282441 ], [ 129.323820374480562, 35.558090300963883 ], [ 129.323858022277108, 35.558091227780025 ] ], [ [ 129.324003367710532, 35.558109784203346 ], [ 129.323919115368767, 35.558105007382778 ], [ 129.323914536118139, 35.558104593620385 ], [ 129.324003367710532, 35.558109784203346 ] ], [ [ 129.323979608340892, 35.558090118504218 ], [ 129.324061581288333, 35.558082067002225 ], [ 129.32397960834092, 35.558090118504246 ], [ 129.323979608340892, 35.558090118504218 ] ], [ [ 129.324226271716128, 35.558105880000653 ], [ 129.3242262717161, 35.558105880000603 ], [ 129.324241889368295, 35.558105969404998 ], [ 129.324226271716128, 35.558105880000653 ] ], [ [ 129.324266874662698, 35.558109358444057 ], [ 129.324266874662754, 35.558109358444028 ], [ 129.324378262801559, 35.558147860751603 ], [ 129.324266874662698, 35.558109358444057 ] ], [ [ 129.324400114307707, 35.558153813838167 ], [ 129.324439397639082, 35.558168188515118 ], [ 129.324378262801559, 35.558147860751603 ], [ 129.324400114307707, 35.558153813838167 ] ], [ [ 129.324721172795108, 35.558268471951351 ], [ 129.324721172795108, 35.558268471951301 ], [ 129.324769908889095, 35.558288268832428 ], [ 129.324721172795108, 35.558268471951351 ] ], [ [ 129.32483959836091, 35.558317977747514 ], [ 129.324839598360967, 35.558317977747485 ], [ 129.324862138845901, 35.558325190708963 ], [ 129.32483959836091, 35.558317977747514 ] ], [ [ 129.324949578153991, 35.558359944257312 ], [ 129.325084757126803, 35.558411964528851 ], [ 129.324862138845901, 35.558325190708963 ], [ 129.324949578153991, 35.558359944257312 ] ], [ [ 129.325710020460178, 35.558653687258349 ], [ 129.325725675764289, 35.558672371818531 ], [ 129.325710020460122, 35.558653687258399 ], [ 129.325403111378165, 35.558542085206945 ], [ 129.325287592572181, 35.558496970459302 ], [ 129.32526375767597, 35.558486056749636 ], [ 129.325710020460178, 35.558653687258349 ] ], [ [ 129.325747078287407, 35.558694280865687 ], [ 129.325747078287435, 35.558694280865645 ], [ 129.325809799989145, 35.558717879193409 ], [ 129.325747078287407, 35.558694280865687 ] ], [ [ 129.325890490144332, 35.558747206415234 ], [ 129.325935878315818, 35.558772068056108 ], [ 129.325809799989145, 35.558717879193409 ], [ 129.325890490144332, 35.558747206415234 ] ], [ [ 129.32600813489907, 35.558810611056174 ], [ 129.326040409155183, 35.558827351275312 ], [ 129.325935878315818, 35.558772068056108 ], [ 129.32600813489907, 35.558810611056174 ] ], [ [ 129.326109634567928, 35.558858160288302 ], [ 129.326109634567928, 35.558858160288288 ], [ 129.326132651825503, 35.558868661437479 ], [ 129.326109634567928, 35.558858160288302 ] ], [ [ 129.326152896151086, 35.558878052449003 ], [ 129.326262158979972, 35.558933322731747 ], [ 129.326132651825503, 35.558868661437479 ], [ 129.326152896151086, 35.558878052449003 ] ], [ [ 129.326391093775072, 35.559000959686571 ], [ 129.326391093775158, 35.559000959686593 ], [ 129.326395397837814, 35.55900218827032 ], [ 129.326391093775072, 35.559000959686571 ] ], [ [ 129.326585072604217, 35.559052549410374 ], [ 129.326585072604217, 35.559052549410346 ], [ 129.326649702042289, 35.559062262281913 ], [ 129.326585072604217, 35.559052549410374 ] ], [ [ 129.32676455022812, 35.559085692478099 ], [ 129.3270628571141, 35.559158387541189 ], [ 129.326755990250973, 35.559084523391057 ], [ 129.32676455022812, 35.559085692478099 ] ], [ [ 129.3270628571141, 35.559158387541189 ], [ 129.327225975686332, 35.559196405011249 ], [ 129.327242541920725, 35.559198492517488 ], [ 129.3270628571141, 35.559158387541189 ] ] ] ] } },
{ "type": "Feature", "properties": { "sigungu_cd": "31200", "sigungu_nm": "북구" }, "geometry": { "type": "MultiPolygon", "coordinates": [ [ [ [ 129.452940365564217, 35.577137451433025 ], [ 129.453775641530228, 35.578122036621515 ], [ 129.453868631478684, 35.578106095478027 ], [ 129.453334302390601, 35.577326020041717 ], [ 129.452940365564217, 35.577137451433025 ] ] ], [ [ [ 129.452883475529887, 35.578231209501539 ], [ 129.452869316712338, 35.578871443938517 ], [ 129.452979135515164, 35.578860037004176 ], [ 129.452883475529887, 35.578231209501539 ] ] ], [ [ [ 129.453332001896996, 35.578986778124467 ], [ 129.4532904651455, 35.578957371732137 ], [ 129.4527621206459, 35.579094732606734 ], [ 129.453332001896996, 35.578986778124467 ] ] ], [ [ [ 129.351902918848879, 35.548564328854496 ], [ 129.349558872517576, 35.552130929139729 ], [ 129.350588749867853, 35.553982393269962 ], [ 129.349300302828624, 35.557949837965502 ], [ 129.353211732811957, 35.560261447829255 ], [ 129.353681215380135, 35.562665347927144 ], [ 129.352049949829876, 35.575293192863533 ], [ 129.348539389550922, 35.582762877993119 ], [ 129.348129164397051, 35.594886652355733 ], [ 129.341807591418956, 35.596222446300438 ], [ 129.334351799327408, 35.593801824628727 ], [ 129.331157130290052, 35.595677166872477 ], [ 129.331466411483262, 35.599064276023753 ], [ 129.326636136155315, 35.597722288018417 ], [ 129.323980950855457, 35.598649958649517 ], [ 129.321095158979887, 35.594482588295946 ], [ 129.317217007435659, 35.594219982553923 ], [ 129.309580941782457, 35.589034458313712 ], [ 129.305909403447771, 35.59024761809431 ], [ 129.303705405275053, 35.594094977980077 ], [ 129.297774075741103, 35.594295992699479 ], [ 129.294139839102883, 35.592269498021764 ], [ 129.290448882948454, 35.593261211815907 ], [ 129.289394907699318, 35.595554515208143 ], [ 129.295442390776401, 35.604478186056241 ], [ 129.296051699345014, 35.607787421427261 ], [ 129.299509153201853, 35.610638593691121 ], [ 129.299783768550498, 35.615046459251097 ], [ 129.294701714146868, 35.618331265894668 ], [ 129.294004561419428, 35.620616845753574 ], [ 129.295254121898324, 35.622026934360534 ], [ 129.294597971607431, 35.626032962419153 ], [ 129.298139199481341, 35.631429284099497 ], [ 129.296184836010355, 35.637917672252925 ], [ 129.297286111136088, 35.64258504933975 ], [ 129.296267287737521, 35.644784016933315 ], [ 129.298361614850393, 35.647671020402051 ], [ 129.302940311497963, 35.647814261650865 ], [ 129.302578614649036, 35.65173193796516 ], [ 129.30721894236126, 35.650406653744973 ], [ 129.303935480438355, 35.651614418440289 ], [ 129.304258424685997, 35.657035201107476 ], [ 129.307715413831289, 35.657185661687386 ], [ 129.311139853045802, 35.660552471790623 ], [ 129.314873288644492, 35.658264199786956 ], [ 129.318055153848235, 35.658827439676863 ], [ 129.319357503294924, 35.656387761444016 ], [ 129.323624103431911, 35.658616004405218 ], [ 129.32903648331947, 35.658231665718702 ], [ 129.33013285021633, 35.659987120910579 ], [ 129.32866871096212, 35.660455588867713 ], [ 129.328633861680885, 35.662665997303016 ], [ 129.33102368632737, 35.665559647403249 ], [ 129.332884281682993, 35.665226675755093 ], [ 129.33416024530689, 35.669800448266329 ], [ 129.339887321988357, 35.669654039051323 ], [ 129.349823161630212, 35.67779946354284 ], [ 129.359279911235717, 35.679351391121997 ], [ 129.364114275448401, 35.678919098337282 ], [ 129.365058008017542, 35.675704526232622 ], [ 129.37158319966133, 35.67208158675659 ], [ 129.372167495838653, 35.667564360690669 ], [ 129.372654557107523, 35.669223437078855 ], [ 129.381859897915916, 35.671218471551697 ], [ 129.399999379774158, 35.667588388906942 ], [ 129.403356046483481, 35.662992201306636 ], [ 129.411001151004939, 35.663809720904766 ], [ 129.42812438599546, 35.65673385361125 ], [ 129.428233002080532, 35.655558155404727 ], [ 129.43277105506229, 35.656682495692209 ], [ 129.435036729017014, 35.652473701025464 ], [ 129.43736797706444, 35.654567892163307 ], [ 129.442059192083036, 35.654995086293255 ], [ 129.449648920528233, 35.650977168761194 ], [ 129.447941710211978, 35.647785757587286 ], [ 129.445799592962061, 35.645663285236729 ], [ 129.442494063665833, 35.6460334824135 ], [ 129.441255827446184, 35.644541652242012 ], [ 129.441171708611478, 35.639586700328195 ], [ 129.439905285012571, 35.639238160927505 ], [ 129.442942900285942, 35.635170059612975 ], [ 129.440639555371149, 35.632819723970691 ], [ 129.44078459062419, 35.630243971143308 ], [ 129.443959941608853, 35.623129806354299 ], [ 129.452313126962423, 35.6184975050259 ], [ 129.454051636966341, 35.616405756276407 ], [ 129.450675298459686, 35.618122643319651 ], [ 129.450014736079396, 35.614796460761731 ], [ 129.4527742002943, 35.616002196853529 ], [ 129.449969424617251, 35.614119670597226 ], [ 129.458219662335495, 35.61326031559183 ], [ 129.457163672782684, 35.608573629772167 ], [ 129.459023927929991, 35.606441383918344 ], [ 129.461271002799691, 35.60713511630496 ], [ 129.463858554661726, 35.599600806799721 ], [ 129.463804330661361, 35.593481891399406 ], [ 129.462558182888472, 35.592979893149142 ], [ 129.463637995719438, 35.585843956203661 ], [ 129.460808618651015, 35.584305495154204 ], [ 129.457592661476838, 35.585126121335854 ], [ 129.456714042624185, 35.584179491598746 ], [ 129.456717872134959, 35.583339473104374 ], [ 129.456819289875966, 35.584177922392684 ], [ 129.457338912792778, 35.584831181382654 ], [ 129.457140149704287, 35.582706430133328 ], [ 129.457829943899554, 35.583152478903706 ], [ 129.458670460391033, 35.583311785972583 ], [ 129.45597308327811, 35.580643933999852 ], [ 129.451604621512558, 35.580385547684507 ], [ 129.452577726756743, 35.579616544640864 ], [ 129.452394949253062, 35.578139962386643 ], [ 129.452631772807621, 35.577471766148058 ], [ 129.45284989128703, 35.57717098450383 ], [ 129.452998513968623, 35.577083985824366 ], [ 129.452148981527131, 35.572124408044573 ], [ 129.447839012742975, 35.570527495581267 ], [ 129.445255826124026, 35.567403832522317 ], [ 129.440489773731457, 35.568406954594423 ], [ 129.437001530347374, 35.566746974007593 ], [ 129.429536671775651, 35.567007926706985 ], [ 129.420062377334148, 35.563765450248532 ], [ 129.413320971688194, 35.558795093996046 ], [ 129.414371453035471, 35.558030183573081 ], [ 129.413283581901197, 35.554702310977596 ], [ 129.407085047451005, 35.550066055613073 ], [ 129.408493353662038, 35.545322041885349 ], [ 129.40559071414242, 35.54166366091227 ], [ 129.406634541066211, 35.537466984480936 ], [ 129.401219266800268, 35.529443035284508 ], [ 129.410370791450617, 35.524071018864639 ], [ 129.409016925466545, 35.516613295770505 ], [ 129.406600915750857, 35.516692491786365 ], [ 129.403357521675105, 35.520166734196749 ], [ 129.392733615662536, 35.52227444785305 ], [ 129.382440801450571, 35.532825840014475 ], [ 129.383188468839535, 35.533448873938497 ], [ 129.379164480489123, 35.536593830787098 ], [ 129.379338240207431, 35.537097379184829 ], [ 129.374554582079782, 35.539535711151906 ], [ 129.369754617480368, 35.53912162971784 ], [ 129.363195089794971, 35.543998346223717 ], [ 129.348126559412435, 35.54926042358057 ], [ 129.351902918848879, 35.548564328854496 ] ], [ [ 129.373744762703609, 35.669080716906144 ], [ 129.37328209774671, 35.669021950352963 ], [ 129.372609491378171, 35.668936511684336 ], [ 129.373744762703609, 35.669080716906144 ] ], [ [ 129.448001291534069, 35.648071384446503 ], [ 129.448053282313367, 35.648175532057827 ], [ 129.447956874830169, 35.648090133349299 ], [ 129.448001291534069, 35.648071384446503 ] ], [ [ 129.37856621808595, 35.656870010358645 ], [ 129.379810338556354, 35.656026607673404 ], [ 129.379322699806693, 35.656357202768881 ], [ 129.37856621808595, 35.656870010358645 ] ], [ [ 129.380293002817837, 35.655705129113855 ], [ 129.38027132572887, 35.65570519729458 ], [ 129.380560458727814, 35.655301994787919 ], [ 129.380293002817837, 35.655705129113855 ] ], [ [ 129.380599247922447, 35.654240256206741 ], [ 129.380597058474336, 35.654300248317163 ], [ 129.380560458727814, 35.655301994787919 ], [ 129.380599247922447, 35.654240256206741 ] ], [ [ 129.379098210814732, 35.637234532683479 ], [ 129.379228463399784, 35.637196405854503 ], [ 129.379074086185426, 35.637668501089728 ], [ 129.379098210814732, 35.637234532683479 ] ], [ [ 129.380003449560149, 35.626701062446308 ], [ 129.375456149497495, 35.626407179741655 ], [ 129.376683220889504, 35.62599869028876 ], [ 129.379204420412378, 35.625571420008697 ], [ 129.380003449560149, 35.626701062446308 ] ], [ [ 129.379207597990188, 35.625559341922987 ], [ 129.379550741728337, 35.625114007228973 ], [ 129.379204420412378, 35.625571420008697 ], [ 129.379207597990188, 35.625559341922987 ] ], [ [ 129.381598900196821, 35.625808757350661 ], [ 129.382332218309472, 35.627836011516514 ], [ 129.382321089537726, 35.627832271277654 ], [ 129.381598900196821, 35.625808757350661 ] ], [ [ 129.384418094338827, 35.628537047961331 ], [ 129.384414044643364, 35.628535686910112 ], [ 129.384895385371124, 35.628309834321428 ], [ 129.384418094338827, 35.628537047961331 ] ], [ [ 129.385727438907253, 35.628089441057682 ], [ 129.385783562860041, 35.628096499302494 ], [ 129.385256304406141, 35.628214234554562 ], [ 129.385727438907253, 35.628089441057682 ] ], [ [ 129.388430104337743, 35.628232412667387 ], [ 129.388804089663353, 35.628156612090656 ], [ 129.389369604664694, 35.628042024709892 ], [ 129.388430104337743, 35.628232412667387 ] ], [ [ 129.390014838298129, 35.627931035076656 ], [ 129.390023247106484, 35.627929823369385 ], [ 129.389369604664694, 35.628042024709892 ], [ 129.390014838298129, 35.627931035076656 ] ], [ [ 129.39250156224648, 35.623472639424172 ], [ 129.392501109058685, 35.623377285611639 ], [ 129.392501150171938, 35.623385730459425 ], [ 129.39250156224648, 35.623472639424172 ] ], [ [ 129.389662667557673, 35.622571086456034 ], [ 129.390678284016246, 35.623002199283363 ], [ 129.391578514800443, 35.623237964470746 ], [ 129.390672327609593, 35.623014493941838 ], [ 129.389662667557673, 35.622571086456034 ] ], [ [ 129.388913897131175, 35.62255050499315 ], [ 129.386662940216326, 35.621199611969899 ], [ 129.386364719640966, 35.620285036499098 ], [ 129.386116068476582, 35.620110829136948 ], [ 129.385729167762094, 35.619636918154733 ], [ 129.388913897131175, 35.62255050499315 ] ], [ [ 129.385505115613512, 35.618828373590418 ], [ 129.386766171503922, 35.617849199133353 ], [ 129.386946901257545, 35.617133149157048 ], [ 129.387742142320576, 35.616501283766318 ], [ 129.389927405841036, 35.616018400776831 ], [ 129.390633619644973, 35.613630082227985 ], [ 129.39133233388813, 35.614090315502409 ], [ 129.390054418788651, 35.615975865413645 ], [ 129.385505115613512, 35.618828373590418 ] ], [ [ 129.392466486240778, 35.610097321360392 ], [ 129.392197569353328, 35.610681484426543 ], [ 129.393039625349871, 35.608851972282231 ], [ 129.392466486240778, 35.610097321360392 ] ], [ [ 129.392859329866155, 35.607321849463823 ], [ 129.39303973383241, 35.606989673069855 ], [ 129.392631055994656, 35.607136295853032 ], [ 129.392859329866155, 35.607321849463823 ] ], [ [ 129.394454098183019, 35.598517581432297 ], [ 129.393812282295698, 35.599749598384982 ], [ 129.393773485855235, 35.599768444311714 ], [ 129.394454098183019, 35.598517581432297 ] ], [ [ 129.395705467428371, 35.597856801932082 ], [ 129.397145042719359, 35.597489004008871 ], [ 129.39687954204814, 35.597646796527982 ], [ 129.395705467428371, 35.597856801932082 ] ], [ [ 129.397708336842953, 35.596332311965838 ], [ 129.397712142403975, 35.596365601844411 ], [ 129.397556442783667, 35.596997642296067 ], [ 129.397708336842953, 35.596332311965838 ] ], [ [ 129.399065460082767, 35.590856965067182 ], [ 129.400148393866942, 35.590415066751596 ], [ 129.39829757237996, 35.591111070911218 ], [ 129.399065460082767, 35.590856965067182 ] ], [ [ 129.397975878989683, 35.590987022482906 ], [ 129.397818342762548, 35.590926091130655 ], [ 129.397821564655089, 35.590921601157405 ], [ 129.397975878989683, 35.590987022482906 ] ], [ [ 129.397840643848696, 35.590514428707131 ], [ 129.396807974959387, 35.585490062498849 ], [ 129.396935081837654, 35.584040957185223 ], [ 129.397695122613442, 35.583611000054383 ], [ 129.397840643848696, 35.590514428707131 ] ], [ [ 129.394134876155334, 35.590982589882707 ], [ 129.395786914063081, 35.590883877580993 ], [ 129.395892857356642, 35.590812915377697 ], [ 129.394134876155334, 35.590982589882707 ] ], [ [ 129.392010510819034, 35.591990718832008 ], [ 129.392005284870322, 35.591993872231633 ], [ 129.391761240107286, 35.592000593188267 ], [ 129.392010510819034, 35.591990718832008 ] ], [ [ 129.383628860106001, 35.589047206752916 ], [ 129.383599650097949, 35.588904833378287 ], [ 129.383602076146332, 35.588906862588949 ], [ 129.383628860106001, 35.589047206752916 ] ], [ [ 129.383441700697148, 35.588772358565635 ], [ 129.382894521383434, 35.588322917488426 ], [ 129.382904900343419, 35.588322118552206 ], [ 129.383441700697148, 35.588772358565635 ] ], [ [ 129.382531445006236, 35.588350834037819 ], [ 129.38286958319128, 35.588324835022554 ], [ 129.382523662937132, 35.588357152074366 ], [ 129.382531445006236, 35.588350834037819 ] ], [ [ 129.382256334527, 35.588574188268915 ], [ 129.382503493595408, 35.58837352697882 ], [ 129.382471524607496, 35.588405217683551 ], [ 129.382256334527, 35.588574188268915 ] ], [ [ 129.380747603377586, 35.589075138894984 ], [ 129.380759551538944, 35.589168281672883 ], [ 129.380731731000509, 35.589172073493756 ], [ 129.380747603377586, 35.589075138894984 ] ], [ [ 129.379494383903136, 35.588693279731999 ], [ 129.380199240493141, 35.588908049245859 ], [ 129.379693408941421, 35.588760871599199 ], [ 129.379494383903136, 35.588693279731999 ] ], [ [ 129.379141216354299, 35.588609222519743 ], [ 129.37922894988381, 35.5886268917506 ], [ 129.377901303046713, 35.588627395614608 ], [ 129.379141216354299, 35.588609222519743 ] ], [ [ 129.376489931645779, 35.588062742182828 ], [ 129.376475145465349, 35.588098019398807 ], [ 129.376207016367317, 35.588119573842519 ], [ 129.376489931645779, 35.588062742182828 ] ], [ [ 129.375652993222445, 35.588013231012354 ], [ 129.375654826955184, 35.588020805122781 ], [ 129.375650398238292, 35.588015158804367 ], [ 129.375652993222445, 35.588013231012354 ] ], [ [ 129.375535805569029, 35.588034856055955 ], [ 129.375134487356831, 35.588362501050028 ], [ 129.374604226369115, 35.588764169869783 ], [ 129.374977388585251, 35.58815337622601 ], [ 129.375250092892429, 35.588043069850869 ], [ 129.375535805569029, 35.588034856055955 ] ], [ [ 129.374432984349255, 35.588736183226061 ], [ 129.37458215446199, 35.588655394633484 ], [ 129.37443196554716, 35.58873799630107 ], [ 129.374432984349255, 35.588736183226061 ] ], [ [ 129.372704800088286, 35.589459517648756 ], [ 129.372703713738701, 35.589460818844223 ], [ 129.372577338733777, 35.589421749778595 ], [ 129.372704800088286, 35.589459517648756 ] ], [ [ 129.372220083509745, 35.589493600045323 ], [ 129.372219418538009, 35.589466635660031 ], [ 129.372222019572149, 35.589489925862338 ], [ 129.372413532111608, 35.589398388005343 ], [ 129.372461838199285, 35.589388757817488 ], [ 129.372220083509745, 35.589493600045323 ] ], [ [ 129.372204062458451, 35.589350029646155 ], [ 129.372203299558151, 35.589350455705102 ], [ 129.372200018390174, 35.589322471792997 ], [ 129.372204062458451, 35.589350029646155 ] ], [ [ 129.371759004013029, 35.589061012897574 ], [ 129.371750550589383, 35.588950451254753 ], [ 129.371741976894668, 35.588837726895839 ], [ 129.371759004013029, 35.589061012897574 ] ], [ [ 129.371733046074581, 35.588719325538293 ], [ 129.371725052743898, 35.588612818254454 ], [ 129.371716939971066, 35.588504328509039 ], [ 129.371733046074581, 35.588719325538293 ] ], [ [ 129.370575924127252, 35.588405171720431 ], [ 129.371062173252966, 35.588403321186689 ], [ 129.371119635047421, 35.588403144959955 ], [ 129.370575924127252, 35.588405171720431 ] ], [ [ 129.369656975749507, 35.588079373901508 ], [ 129.369632345572199, 35.58809801560156 ], [ 129.369624538561709, 35.588103897798248 ], [ 129.369656975749507, 35.588079373901508 ] ], [ [ 129.369547869759174, 35.588155505180659 ], [ 129.369526964549635, 35.588168367261545 ], [ 129.369521463025677, 35.588171718814323 ], [ 129.369547869759174, 35.588155505180659 ] ], [ [ 129.369438474025429, 35.588216585790285 ], [ 129.369428676409399, 35.588221482638154 ], [ 129.369409961798368, 35.588230823000849 ], [ 129.369438474025429, 35.588216585790285 ] ], [ [ 129.369198355384214, 35.588307717456594 ], [ 129.36918402861329, 35.588311456432095 ], [ 129.36916672606813, 35.588315925511701 ], [ 129.369198355384214, 35.588307717456594 ] ], [ [ 129.363705310510369, 35.58840447505321 ], [ 129.363107527852719, 35.58840789239693 ], [ 129.363107528112238, 35.588407889374061 ], [ 129.363705310510369, 35.58840447505321 ] ], [ [ 129.363113313391011, 35.588340504888919 ], [ 129.363118106821474, 35.58828467303389 ], [ 129.363120690959789, 35.58826844902287 ], [ 129.363113313391011, 35.588340504888919 ] ], [ [ 129.363082138934828, 35.58727901898903 ], [ 129.363083149157774, 35.587286567921083 ], [ 129.363077989416951, 35.58727146064318 ], [ 129.363082138934828, 35.58727901898903 ] ], [ [ 129.362706400949463, 35.587193126573553 ], [ 129.362707368338334, 35.587204615059363 ], [ 129.362705481800958, 35.587192831899941 ], [ 129.362706400949463, 35.587193126573553 ] ], [ [ 129.358954264840946, 35.585684502776481 ], [ 129.359082153620193, 35.585739273074175 ], [ 129.358879015342524, 35.585661752160625 ], [ 129.358954264840946, 35.585684502776481 ] ], [ [ 129.358011437642574, 35.584215486933928 ], [ 129.358016350615543, 35.584218699004516 ], [ 129.358030518236376, 35.584268705491127 ], [ 129.358011437642574, 35.584215486933928 ] ], [ [ 129.357978133806711, 35.584151972694158 ], [ 129.35798666405779, 35.584161700871547 ], [ 129.357976654264917, 35.58415047711793 ], [ 129.357978133806711, 35.584151972694158 ] ], [ [ 129.357826888924592, 35.583832733875177 ], [ 129.357826490898447, 35.58383254578191 ], [ 129.357817986619665, 35.583755853478813 ], [ 129.357826888924592, 35.583832733875177 ] ], [ [ 129.35778744389512, 35.583483683355325 ], [ 129.357747240854991, 35.58323493013237 ], [ 129.357787971162509, 35.583475687391534 ], [ 129.35778744389512, 35.583483683355325 ] ], [ [ 129.356899036221364, 35.581503242723969 ], [ 129.356902387521131, 35.581507631118647 ], [ 129.356873347698183, 35.581472341261346 ], [ 129.356899036221364, 35.581503242723969 ] ], [ [ 129.356667586618016, 35.581240154541845 ], [ 129.356648250865078, 35.581221230429108 ], [ 129.356648293682525, 35.581220932878452 ], [ 129.356667586618016, 35.581240154541845 ] ], [ [ 129.356650979904089, 35.581202133146377 ], [ 129.356651194309478, 35.58121071275923 ], [ 129.35664868995201, 35.581218227852283 ], [ 129.356650979904089, 35.581202133146377 ] ], [ [ 129.356589584795699, 35.580940229014338 ], [ 129.356291157500209, 35.580681960973301 ], [ 129.356291057730147, 35.58068185311258 ], [ 129.356581169187109, 35.580925770136631 ], [ 129.356589584795699, 35.580940229014338 ] ], [ [ 129.356266834048938, 35.580655273377566 ], [ 129.356277000868971, 35.580666572621588 ], [ 129.356217870374536, 35.580600105543311 ], [ 129.356266834048938, 35.580655273377566 ] ], [ [ 129.35613571000502, 35.580507532841779 ], [ 129.356185671462924, 35.580563824382303 ], [ 129.356177049875441, 35.580555170365109 ], [ 129.35613571000502, 35.580507532841779 ] ], [ [ 129.356070410498091, 35.580500685903708 ], [ 129.359919932935838, 35.580129461848003 ], [ 129.360082791447894, 35.579168025989546 ], [ 129.360560797059861, 35.571923681324186 ], [ 129.360625597605122, 35.571923307786705 ], [ 129.360563438383451, 35.571924042738885 ], [ 129.360084610924247, 35.579177727431201 ], [ 129.359921708526315, 35.5801392174982 ], [ 129.356070410498091, 35.580500685903708 ] ], [ [ 129.360254761924153, 35.577395828322487 ], [ 129.360258573827821, 35.5773971238428 ], [ 129.360254270594766, 35.577456351183116 ], [ 129.360254761924153, 35.577395828322487 ] ], [ [ 129.360591174110397, 35.571037174309168 ], [ 129.359700867310437, 35.571441707252447 ], [ 129.360019481328607, 35.5708286055389 ], [ 129.360276357266201, 35.570843433565571 ], [ 129.360403583878821, 35.570876041969278 ], [ 129.360510432467862, 35.570940075738363 ], [ 129.360562401735393, 35.570992105505688 ], [ 129.360591174110397, 35.571037174309168 ] ], [ [ 129.360617134761753, 35.571115541683753 ], [ 129.360655204487927, 35.570622904982187 ], [ 129.360619135705207, 35.571125498311758 ], [ 129.360617134761753, 35.571115541683753 ] ], [ [ 129.360397035815282, 35.570577789330699 ], [ 129.360412801563939, 35.570590603766497 ], [ 129.36035512171739, 35.570583835571163 ], [ 129.360397035815282, 35.570577789330699 ] ], [ [ 129.360338307931016, 35.570598216096606 ], [ 129.36032104878413, 35.570581990215999 ], [ 129.36032347268528, 35.570573898450597 ], [ 129.360350579729101, 35.570584489006279 ], [ 129.360338307931016, 35.570598216096606 ] ], [ [ 129.36050204497937, 35.570269173168967 ], [ 129.360490949381642, 35.570306681755085 ], [ 129.360481867800303, 35.570330773181389 ], [ 129.360498267426635, 35.570275502445668 ], [ 129.36050204497937, 35.570269173168967 ] ], [ [ 129.360744604060642, 35.570134041525954 ], [ 129.360746300034691, 35.570133405570402 ], [ 129.360746169673149, 35.570133856602745 ], [ 129.360744604060642, 35.570134041525954 ] ], [ [ 129.360810217325763, 35.569896726182677 ], [ 129.360810638532513, 35.569889766985746 ], [ 129.36081500511159, 35.569864662119159 ], [ 129.360810217325763, 35.569896726182677 ] ], [ [ 129.361096277425077, 35.569197762711163 ], [ 129.361106415714715, 35.569183104566548 ], [ 129.361105445395708, 35.569185667118596 ], [ 129.361096277425077, 35.569197762711163 ] ], [ [ 129.36105026138577, 35.568613919485621 ], [ 129.361037855830517, 35.56863711958561 ], [ 129.361035953401597, 35.568635980623824 ], [ 129.36105026138577, 35.568613919485621 ] ], [ [ 129.361372994590624, 35.567367709900871 ], [ 129.36137308041836, 35.567367168871762 ], [ 129.361375717370976, 35.567359896617653 ], [ 129.361372994590624, 35.567367709900871 ] ], [ [ 129.361426244569174, 35.567277331985387 ], [ 129.361394578720933, 35.567307772895731 ], [ 129.361444642252081, 35.567259665884841 ], [ 129.361426244569174, 35.567277331985387 ] ], [ [ 129.361498063732853, 35.567224923941382 ], [ 129.361460451810586, 35.567247856869479 ], [ 129.361457624335031, 35.567249523682285 ], [ 129.361498063732853, 35.567224923941382 ] ], [ [ 129.361513979617229, 35.567222091431326 ], [ 129.361538724121516, 35.56721767332364 ], [ 129.361548086709234, 35.567219556092049 ], [ 129.361513979617229, 35.567222091431326 ] ], [ [ 129.36155032799914, 35.567220009054992 ], [ 129.361588462903768, 35.567227682281846 ], [ 129.361562843169736, 35.567223856227457 ], [ 129.36155032799914, 35.567220009054992 ] ], [ [ 129.361717194339434, 35.567232912718374 ], [ 129.361721807233181, 35.567233358591636 ], [ 129.361671802488075, 35.567232940188831 ], [ 129.361717194339434, 35.567232912718374 ] ], [ [ 129.362212741085784, 35.567005721390004 ], [ 129.362309709947084, 35.566975499425091 ], [ 129.362280056424879, 35.566984745260989 ], [ 129.362212741085784, 35.567005721390004 ] ], [ [ 129.36248448938025, 35.566740992770072 ], [ 129.362386658513003, 35.566667461160385 ], [ 129.362459043797088, 35.566721862510668 ], [ 129.36248448938025, 35.566740992770072 ] ], [ [ 129.365488162415687, 35.560123929529681 ], [ 129.365488164090948, 35.560123929577543 ], [ 129.365428863982999, 35.560196355927054 ], [ 129.365488162415687, 35.560123929529681 ] ], [ [ 129.367705948344508, 35.560673254711936 ], [ 129.367699216473255, 35.560677312934168 ], [ 129.367575589927384, 35.56039049265695 ], [ 129.36756212540206, 35.56029655613861 ], [ 129.367705948344508, 35.560673254711936 ] ], [ [ 129.367559208002746, 35.560183768679558 ], [ 129.367607751782487, 35.560084605667925 ], [ 129.367553468685401, 35.560221748398028 ], [ 129.367559208002746, 35.560183768679558 ] ], [ [ 129.36815300658111, 35.559441311997162 ], [ 129.368131032374805, 35.559462477999986 ], [ 129.368007025466142, 35.559569297279737 ], [ 129.36815300658111, 35.559441311997162 ] ], [ [ 129.36871607412948, 35.55902716840842 ], [ 129.368722654492558, 35.559021371102325 ], [ 129.368707073700932, 35.559036803563885 ], [ 129.36871607412948, 35.55902716840842 ] ], [ [ 129.368737586413403, 35.559009392879446 ], [ 129.368750498849238, 35.558995942038187 ], [ 129.368737589250344, 35.559009392543835 ], [ 129.368737586413403, 35.559009392879446 ] ], [ [ 129.368835537652899, 35.558780725508683 ], [ 129.368834775586492, 35.558780502508199 ], [ 129.368836159115176, 35.558774306436305 ], [ 129.368835537652899, 35.558780725508683 ] ], [ [ 129.368870841856534, 35.55862804770662 ], [ 129.368846166250449, 35.558733916217051 ], [ 129.36884154259829, 35.558750351793357 ], [ 129.368870841856534, 35.55862804770662 ] ], [ [ 129.368987399817655, 35.558412203252757 ], [ 129.368993152741865, 35.558401541491747 ], [ 129.368997961599547, 35.558401526833777 ], [ 129.368987399817655, 35.558412203252757 ] ], [ [ 129.370127581204002, 35.558436923874559 ], [ 129.370127620161583, 35.558445431925236 ], [ 129.370043139340339, 35.558403437759281 ], [ 129.370127581204002, 35.558436923874559 ] ], [ [ 129.370134637767734, 35.558446032358262 ], [ 129.370137828015544, 35.558446617454628 ], [ 129.370144579170329, 35.558449246602336 ], [ 129.370134637767734, 35.558446032358262 ] ], [ [ 129.371319265614432, 35.558205807049532 ], [ 129.371236760310978, 35.558394708930628 ], [ 129.371134108776715, 35.558433436631894 ], [ 129.371319265614432, 35.558205807049532 ] ], [ [ 129.371323145814728, 35.558195718734481 ], [ 129.371362026592692, 35.558042371290774 ], [ 129.371342067468134, 35.558146576483978 ], [ 129.371323145814728, 35.558195718734481 ] ], [ [ 129.371494079172464, 35.557527753572892 ], [ 129.371454011257981, 35.557645873316787 ], [ 129.371558625535044, 35.557379329440955 ], [ 129.371494079172464, 35.557527753572892 ] ], [ [ 129.371595051225853, 35.557313513643393 ], [ 129.371614647612802, 35.557279267584953 ], [ 129.371624277792563, 35.557267584351251 ], [ 129.371595051225853, 35.557313513643393 ] ], [ [ 129.371748325400603, 35.557137850435254 ], [ 129.371780931963258, 35.55712661036344 ], [ 129.371652641559109, 35.557233113087683 ], [ 129.371748325400603, 35.557137850435254 ] ], [ [ 129.371985032593642, 35.557009239357527 ], [ 129.371888177880578, 35.557053682090675 ], [ 129.371990963773953, 35.55700147004346 ], [ 129.371985032593642, 35.557009239357527 ] ], [ [ 129.371996675694447, 35.556993989815503 ], [ 129.372010361216297, 35.556852147907506 ], [ 129.372098436926223, 35.556896518074716 ], [ 129.37222463907932, 35.556983474038574 ], [ 129.372260439178376, 35.557031051171492 ], [ 129.371996675694447, 35.556993989815503 ] ], [ [ 129.371903805497539, 35.556638698486523 ], [ 129.37186751310395, 35.55650080454452 ], [ 129.371786031676379, 35.556247395919129 ], [ 129.371858613545129, 35.556426727866594 ], [ 129.371903805497539, 35.556638698486523 ] ], [ [ 129.371670018927688, 35.55587904364485 ], [ 129.371687011216608, 35.555962162469214 ], [ 129.371709926055757, 35.556054825786134 ], [ 129.371696966325231, 35.556023581820753 ], [ 129.371670018927688, 35.55587904364485 ] ], [ [ 129.37168283617919, 35.555747370958279 ], [ 129.371786720350798, 35.555605747783964 ], [ 129.371671491960541, 35.555827602529789 ], [ 129.37168283617919, 35.555747370958279 ] ], [ [ 129.371974191964881, 35.555413179181443 ], [ 129.37197264446047, 35.555422025587163 ], [ 129.371859055842094, 35.55553263832234 ], [ 129.371974191964881, 35.555413179181443 ] ], [ [ 129.372217362989659, 35.555123009631274 ], [ 129.372216130157057, 35.555030117501559 ], [ 129.372219171580497, 35.555110989879978 ], [ 129.372217362989659, 35.555123009631274 ] ], [ [ 129.372157227900658, 35.554786743094724 ], [ 129.372197199789696, 35.554880660768397 ], [ 129.372214935333972, 35.554998179471092 ], [ 129.372157227900658, 35.554786743094724 ] ], [ [ 129.372026560216597, 35.55437813946061 ], [ 129.37201218106182, 35.554316427276184 ], [ 129.372013174456271, 35.554318992899184 ], [ 129.372026560216597, 35.55437813946061 ] ], [ [ 129.37175376196825, 35.553643182533207 ], [ 129.371744276766179, 35.553619138208383 ], [ 129.371722593577459, 35.553537538916231 ], [ 129.37175376196825, 35.553643182533207 ] ], [ [ 129.37168214553796, 35.553385363144727 ], [ 129.371679272360865, 35.553374538461561 ], [ 129.37166916329079, 35.553260358042508 ], [ 129.37168214553796, 35.553385363144727 ] ], [ [ 129.371687309080642, 35.553160295203313 ], [ 129.371690514129284, 35.553149749283875 ], [ 129.371690700789571, 35.553149568452746 ], [ 129.371687309080642, 35.553160295203313 ] ], [ [ 129.372014327641295, 35.552812735739522 ], [ 129.372057573853709, 35.552314676167953 ], [ 129.37207723460557, 35.552213238639553 ], [ 129.372063149564895, 35.552675499498271 ], [ 129.37206010207035, 35.552696301624067 ], [ 129.372027656529553, 35.552792469833079 ], [ 129.372014327641295, 35.552812735739522 ] ], [ [ 129.372083997544536, 35.552180185573519 ], [ 129.372095339909151, 35.552157257944863 ], [ 129.372077310146977, 35.552212877891314 ], [ 129.372083997544536, 35.552180185573519 ] ], [ [ 129.372156769079481, 35.551943760800185 ], [ 129.37226835163284, 35.551017783735666 ], [ 129.372191899325799, 35.551750497320384 ], [ 129.372156769079481, 35.551943760800185 ] ], [ [ 129.37230177822579, 35.55069897570192 ], [ 129.372294774136151, 35.550765836926956 ], [ 129.372287999323873, 35.550748363716728 ], [ 129.37230177822579, 35.55069897570192 ] ], [ [ 129.372182422988317, 35.55062865449446 ], [ 129.372717251611732, 35.550266907581744 ], [ 129.3728634635454, 35.55017031671408 ], [ 129.373061769349562, 35.550089499963882 ], [ 129.373362632921044, 35.549868684662478 ], [ 129.372676295963288, 35.550389870520597 ], [ 129.372182422988317, 35.55062865449446 ] ], [ [ 129.373623297266192, 35.549519225317802 ], [ 129.373664862734046, 35.549457034175333 ], [ 129.373659528600513, 35.549469749820936 ], [ 129.373623297266192, 35.549519225317802 ] ], [ [ 129.374054271906004, 35.548886360279397 ], [ 129.374472377501888, 35.548509950620229 ], [ 129.373917259239192, 35.549113656369308 ], [ 129.374054271906004, 35.548886360279397 ] ], [ [ 129.375063650117085, 35.548263131470442 ], [ 129.375112329005304, 35.54824415269065 ], [ 129.375162301160202, 35.548232948020846 ], [ 129.375063650117085, 35.548263131470442 ] ], [ [ 129.375332410374625, 35.548192232206411 ], [ 129.375594547402898, 35.54808684247746 ], [ 129.375498856477606, 35.548129806411936 ], [ 129.375332410374625, 35.548192232206411 ] ], [ [ 129.375594506877945, 35.548078118110588 ], [ 129.375648205957646, 35.548050200763065 ], [ 129.37559452060944, 35.548081074301059 ], [ 129.375594506877945, 35.548078118110588 ] ], [ [ 129.376450048072513, 35.547664535386531 ], [ 129.376851338186839, 35.547403616056982 ], [ 129.37705697018535, 35.547288034185684 ], [ 129.377077502317775, 35.547249719461199 ], [ 129.376450048072513, 35.547664535386531 ] ], [ [ 129.378561488742804, 35.546670136796536 ], [ 129.378545496568108, 35.546674522011394 ], [ 129.378572178661841, 35.546666227818676 ], [ 129.378561488742804, 35.546670136796536 ] ], [ [ 129.378982721440934, 35.54601257107587 ], [ 129.378988700407859, 35.545935311741211 ], [ 129.378991458496444, 35.545930841717663 ], [ 129.378982721440934, 35.54601257107587 ] ], [ [ 129.379117310706192, 35.545726512601995 ], [ 129.379125223252657, 35.545713581338831 ], [ 129.379125071906742, 35.545714230742142 ], [ 129.379117310706192, 35.545726512601995 ] ], [ [ 129.379141463772186, 35.545644608771156 ], [ 129.379191185249681, 35.545425196028091 ], [ 129.379193267329612, 35.545424729848264 ], [ 129.379141463772186, 35.545644608771156 ] ], [ [ 129.379297898975182, 35.545401067654922 ], [ 129.379325378459214, 35.545323073976824 ], [ 129.379301435441477, 35.545400326529304 ], [ 129.379297898975182, 35.545401067654922 ] ], [ [ 129.379460222942356, 35.545195308009554 ], [ 129.37952056029286, 35.54507399439332 ], [ 129.379464743461114, 35.545190417856752 ], [ 129.379460222942356, 35.545195308009554 ] ], [ [ 129.379941768874687, 35.544670553264332 ], [ 129.380172953288564, 35.544212818910573 ], [ 129.37975066966132, 35.544851546232138 ], [ 129.379941768874687, 35.544670553264332 ] ], [ [ 129.380354338588575, 35.543945908671148 ], [ 129.380327611693389, 35.544012444824219 ], [ 129.380240893215472, 35.544120989312162 ], [ 129.380354338588575, 35.543945908671148 ] ], [ [ 129.380419207746712, 35.543799172954813 ], [ 129.380347490513373, 35.543945930186091 ], [ 129.380345891526446, 35.54394593520967 ], [ 129.380419207746712, 35.543799172954813 ] ], [ [ 129.380587828512006, 35.543472862314417 ], [ 129.381028075631292, 35.542759754951959 ], [ 129.380807367475256, 35.543147689130869 ], [ 129.380587828512006, 35.543472862314417 ] ], [ [ 129.378173491743922, 35.541161910242096 ], [ 129.378176721634361, 35.54114752455375 ], [ 129.378135966154332, 35.541378950286131 ], [ 129.378173491743922, 35.541161910242096 ] ], [ [ 129.378314060585126, 35.540347100079472 ], [ 129.378257523093765, 35.540676942157951 ], [ 129.378232691377463, 35.54081875684755 ], [ 129.378314060585126, 35.540347100079472 ] ], [ [ 129.378516279296946, 35.539131797201414 ], [ 129.378389557848351, 35.539883888651474 ], [ 129.378508200336114, 35.539175030387433 ], [ 129.378516279296946, 35.539131797201414 ] ], [ [ 129.378571248441233, 35.538806574441395 ], [ 129.378567153828584, 35.5384052780256 ], [ 129.378730171453157, 35.53832668928073 ], [ 129.379148541954578, 35.538166563199468 ], [ 129.379542116255067, 35.537936969716327 ], [ 129.378571248441233, 35.538806574441395 ] ], [ [ 129.379622379594394, 35.537863920727673 ], [ 129.379764108450331, 35.537763153447926 ], [ 129.379578201931906, 35.537907672755459 ], [ 129.379622379594394, 35.537863920727673 ] ], [ [ 129.379836260924662, 35.537766361030783 ], [ 129.379933071215333, 35.537762920776871 ], [ 129.379889591523806, 35.537767410451167 ], [ 129.379836260924662, 35.537766361030783 ] ], [ [ 129.379986510755373, 35.537754298949842 ], [ 129.38128932113645, 35.536990143521194 ], [ 129.38151160474149, 35.536739190537091 ], [ 129.379986510755373, 35.537754298949842 ] ], [ [ 129.381520049990911, 35.536731926549642 ], [ 129.381518351908881, 35.536731931900626 ], [ 129.381529564162207, 35.536719846293593 ], [ 129.381520049990911, 35.536731926549642 ] ], [ [ 129.381639105169967, 35.536552013947322 ], [ 129.38164969657609, 35.536532215225776 ], [ 129.381666140989665, 35.53650495337984 ], [ 129.381639105169967, 35.536552013947322 ] ], [ [ 129.381697726490927, 35.536449974130967 ], [ 129.381191592692659, 35.535869613401317 ], [ 129.380987012968006, 35.535777442260716 ], [ 129.381697726490927, 35.536449974130967 ] ], [ [ 129.380906559633672, 35.535750899980961 ], [ 129.380724842816221, 35.535854092668245 ], [ 129.38090299217339, 35.535749649395335 ], [ 129.380906559633672, 35.535750899980961 ] ], [ [ 129.380089452206079, 35.53626079625451 ], [ 129.380085169567764, 35.536262224727622 ], [ 129.380085345228622, 35.536262061943582 ], [ 129.380089452206079, 35.53626079625451 ] ], [ [ 129.379657141770679, 35.536540102124654 ], [ 129.379724087493059, 35.536498450769443 ], [ 129.37965215131382, 35.536543434528355 ], [ 129.379657141770679, 35.536540102124654 ] ], [ [ 129.379344776926018, 35.536786557138342 ], [ 129.379357061453845, 35.536774973096442 ], [ 129.379310296664443, 35.536833622484423 ], [ 129.379344776926018, 35.536786557138342 ] ], [ [ 129.303055911648386, 35.614360017467106 ], [ 129.303055911547006, 35.614359990428866 ], [ 129.304258972896321, 35.614805356486968 ], [ 129.303055911648386, 35.614360017467106 ] ], [ [ 129.311341939293669, 35.618706048476895 ], [ 129.311341941832978, 35.618706052843827 ], [ 129.311147431429845, 35.618600801144666 ], [ 129.311341939293669, 35.618706048476895 ] ], [ [ 129.319078752470659, 35.619748171256596 ], [ 129.319166888791898, 35.619780970863012 ], [ 129.319050514081312, 35.61974741651126 ], [ 129.319078752470659, 35.619748171256596 ] ], [ [ 129.318987017061943, 35.619678879167971 ], [ 129.318989147546034, 35.61974034996669 ], [ 129.318963065346878, 35.619681898487919 ], [ 129.318987017061943, 35.619678879167971 ] ], [ [ 129.319121648578118, 35.619664969030147 ], [ 129.319033861306139, 35.619672960472066 ], [ 129.318999369496083, 35.619444522425027 ], [ 129.319121648578118, 35.619664969030147 ] ], [ [ 129.318627860796312, 35.616768522776333 ], [ 129.318742608510377, 35.616600852618731 ], [ 129.31862622677221, 35.616782388794199 ], [ 129.318627860796312, 35.616768522776333 ] ], [ [ 129.318681727107389, 35.608955090298814 ], [ 129.318653337807206, 35.609015803357629 ], [ 129.318650578684753, 35.609015810620058 ], [ 129.318681727107389, 35.608955090298814 ] ], [ [ 129.319589415764142, 35.6077354063437 ], [ 129.319601965122445, 35.607735643599135 ], [ 129.319425032107063, 35.607733614016063 ], [ 129.319589415764142, 35.6077354063437 ] ], [ [ 129.319768981184382, 35.607638566965448 ], [ 129.320070679053003, 35.607553887252109 ], [ 129.31963308030106, 35.607719798006201 ], [ 129.319768981184382, 35.607638566965448 ] ], [ [ 129.320338053032486, 35.607357926030708 ], [ 129.32039136353572, 35.607339669159316 ], [ 129.320332857165567, 35.607372405377085 ], [ 129.320273542095549, 35.607457246895621 ], [ 129.320197292961552, 35.607510444052735 ], [ 129.320338053032486, 35.607357926030708 ] ], [ [ 129.320571359796389, 35.607210047767701 ], [ 129.320517967921717, 35.607218895535837 ], [ 129.320434530231466, 35.607315508669913 ], [ 129.320515717745053, 35.60721920792971 ], [ 129.320571359796389, 35.607210047767701 ] ], [ [ 129.325489951712484, 35.60518371717162 ], [ 129.32358484699887, 35.60618278699495 ], [ 129.323101158510298, 35.606377503358019 ], [ 129.325489951712484, 35.60518371717162 ] ], [ [ 129.326718972436794, 35.605300781771 ], [ 129.325690346016785, 35.605225060835721 ], [ 129.325528658512695, 35.605137999132182 ], [ 129.325690228699898, 35.605215129006957 ], [ 129.326718972436794, 35.605300781771 ] ], [ [ 129.326609390389905, 35.606641808607527 ], [ 129.326627712678743, 35.606620497898071 ], [ 129.326490504447492, 35.607039451024058 ], [ 129.326609390389905, 35.606641808607527 ] ], [ [ 129.326399538506195, 35.607556978807871 ], [ 129.326406517000919, 35.607320364147682 ], [ 129.326413703919741, 35.607296352610014 ], [ 129.326399538506195, 35.607556978807871 ] ], [ [ 129.327133544304729, 35.608196215248682 ], [ 129.327541998363898, 35.608686967867968 ], [ 129.327115214598393, 35.608188513749326 ], [ 129.326390174194472, 35.607875012794139 ], [ 129.327133544304729, 35.608196215248682 ] ], [ [ 129.329891110321341, 35.611963402309847 ], [ 129.329881885867934, 35.611961309437199 ], [ 129.329874772778254, 35.611895210747136 ], [ 129.329891110321341, 35.611963402309847 ] ], [ [ 129.344047320394935, 35.611951999781716 ], [ 129.344052871677945, 35.611949334230339 ], [ 129.344045271726287, 35.611952988003274 ], [ 129.344047320394935, 35.611951999781716 ] ], [ [ 129.348457363432487, 35.610178896437347 ], [ 129.348340871130915, 35.610158053579589 ], [ 129.348322976290433, 35.610162178884657 ], [ 129.348457363432487, 35.610178896437347 ] ], [ [ 129.348457411180675, 35.610178904978731 ], [ 129.349357189157359, 35.608931516060885 ], [ 129.349361228495837, 35.608931504399486 ], [ 129.349046002488222, 35.610023830712095 ], [ 129.348968387493557, 35.610270311864227 ], [ 129.348457411180675, 35.610178904978731 ] ], [ [ 129.349775088211061, 35.605149681040018 ], [ 129.349780976450461, 35.605202001513689 ], [ 129.349749206454675, 35.6049658040182 ], [ 129.349775088211061, 35.605149681040018 ] ], [ [ 129.350124331273662, 35.603899556118549 ], [ 129.351940888260032, 35.604126024728217 ], [ 129.35205038140532, 35.604147589396227 ], [ 129.35227873909659, 35.604201227149971 ], [ 129.352529517838803, 35.604271572030655 ], [ 129.352869535225693, 35.604400320705466 ], [ 129.352909442300842, 35.604428324356334 ], [ 129.350124331273662, 35.603899556118549 ] ], [ [ 129.353655189508601, 35.606129066777477 ], [ 129.353666230804578, 35.605996753268123 ], [ 129.353655505175368, 35.606133103600669 ], [ 129.353655189508601, 35.606129066777477 ] ], [ [ 129.353741604822233, 35.606643149081762 ], [ 129.353745445288666, 35.606731238215268 ], [ 129.353731684233395, 35.606593021712492 ], [ 129.353741604822233, 35.606643149081762 ] ], [ [ 129.353713780825785, 35.607131292875785 ], [ 129.353714117250234, 35.607124955877119 ], [ 129.353716539194949, 35.607105949764808 ], [ 129.353713780825785, 35.607131292875785 ] ], [ [ 129.353705078154746, 35.607296108783956 ], [ 129.353711896347164, 35.607167169423263 ], [ 129.353710307999677, 35.607220250585513 ], [ 129.353705078154746, 35.607296108783956 ] ], [ [ 129.353704706631845, 35.607317100736253 ], [ 129.353704466997158, 35.607330413377106 ], [ 129.353705078154746, 35.607296108783956 ], [ 129.353704706631845, 35.607317100736253 ] ], [ [ 129.355291859635571, 35.606999480789845 ], [ 129.355291826606361, 35.606999498912479 ], [ 129.355199011196191, 35.607039617088127 ], [ 129.355291859635571, 35.606999480789845 ] ], [ [ 129.359946246517978, 35.606449795549153 ], [ 129.359941093189008, 35.606444980005683 ], [ 129.360023568355842, 35.606474972660152 ], [ 129.359946246517978, 35.606449795549153 ] ], [ [ 129.368954827706801, 35.609051672709263 ], [ 129.369145883207921, 35.609063969232494 ], [ 129.368953028231829, 35.609051561030306 ], [ 129.368954827706801, 35.609051672709263 ] ], [ [ 129.370709018500492, 35.609419612189896 ], [ 129.370862702725503, 35.609424197369151 ], [ 129.370360168783264, 35.609409216312947 ], [ 129.370709018500492, 35.609419612189896 ] ], [ [ 129.372839998543071, 35.609499172127222 ], [ 129.37324523183409, 35.609527926239927 ], [ 129.373378100169049, 35.609549821774934 ], [ 129.3729655338974, 35.609514467478675 ], [ 129.372839998543071, 35.609499172127222 ] ], [ [ 129.373814374930419, 35.609659991232483 ], [ 129.373908576438112, 35.609686347858663 ], [ 129.373453137574558, 35.609566085739061 ], [ 129.373814374930419, 35.609659991232483 ] ], [ [ 129.373946412401807, 35.60969695029862 ], [ 129.374361053839635, 35.609858057091614 ], [ 129.373935622902479, 35.609693934212615 ], [ 129.373946412401807, 35.60969695029862 ] ], [ [ 129.374602997546475, 35.609951386757459 ], [ 129.375880140718152, 35.609766322715615 ], [ 129.376617539439906, 35.609972991360287 ], [ 129.375871638631708, 35.609774974393815 ], [ 129.375217020707964, 35.609991159965496 ], [ 129.374995781461735, 35.610015504587842 ], [ 129.374800267977719, 35.610011189476005 ], [ 129.374725848519745, 35.609997179769529 ], [ 129.374602997546475, 35.609951386757459 ] ], [ [ 129.378561746812977, 35.610768351130694 ], [ 129.382874987373157, 35.61604083144065 ], [ 129.380562511593752, 35.614737973966569 ], [ 129.378561746812977, 35.610768351130694 ] ], [ [ 129.383166357966729, 35.616180535528464 ], [ 129.38347376698141, 35.616568580834475 ], [ 129.383162421116936, 35.616178961746478 ], [ 129.383166357966729, 35.616180535528464 ] ], [ [ 129.383657198871902, 35.616800123812389 ], [ 129.383789415419244, 35.617068448018514 ], [ 129.383614425053366, 35.616746137615699 ], [ 129.383657198871902, 35.616800123812389 ] ], [ [ 129.351957572544023, 35.57800148649342 ], [ 129.351925664246409, 35.578038838458966 ], [ 129.351901841727766, 35.578015194857542 ], [ 129.351957572544023, 35.57800148649342 ] ], [ [ 129.351971088006934, 35.578004214147306 ], [ 129.351958311583331, 35.578001457306065 ], [ 129.351977382435479, 35.578000757244084 ], [ 129.351971088006934, 35.578004214147306 ] ], [ [ 129.352467653908661, 35.577796951456648 ], [ 129.352463735978233, 35.577794087759443 ], [ 129.352468704166455, 35.577797453119317 ], [ 129.352467653908661, 35.577796951456648 ] ], [ [ 129.352610258211485, 35.57786535841322 ], [ 129.35261037600398, 35.577862014296066 ], [ 129.352644448051137, 35.577885736053702 ], [ 129.352610258211485, 35.57786535841322 ] ], [ [ 129.352929414789998, 35.578088208821939 ], [ 129.353000731034172, 35.578174776765493 ], [ 129.352903754418776, 35.578068202963678 ], [ 129.352929414789998, 35.578088208821939 ] ], [ [ 129.353027397930759, 35.578207983518254 ], [ 129.35302278028837, 35.578201534758804 ], [ 129.353026595655251, 35.578206165258706 ], [ 129.353027397930759, 35.578207983518254 ] ], [ [ 129.353046551442731, 35.578256254653802 ], [ 129.353046509602564, 35.578254253919248 ], [ 129.353046655030198, 35.578254713151416 ], [ 129.353046551442731, 35.578256254653802 ] ], [ [ 129.353045334138244, 35.578265496393293 ], [ 129.353046054349193, 35.578263682706464 ], [ 129.353045930587712, 35.578265656885314 ], [ 129.353045334138244, 35.578265496393293 ] ], [ [ 129.353477768760087, 35.578446753991734 ], [ 129.353469435997596, 35.578440956011896 ], [ 129.353472699424742, 35.57844298339046 ], [ 129.353477768760087, 35.578446753991734 ] ], [ [ 129.354887380847345, 35.579670434207756 ], [ 129.354339967794829, 35.579192697662378 ], [ 129.354612600986997, 35.579428514035932 ], [ 129.354887380847345, 35.579670434207756 ] ], [ [ 129.35555351480653, 35.580256703948308 ], [ 129.355550058980299, 35.580253604661365 ], [ 129.355554355696455, 35.580257251262957 ], [ 129.35555351480653, 35.580256703948308 ] ], [ [ 129.355586077046866, 35.580277869641478 ], [ 129.355567666038553, 35.580265900565124 ], [ 129.355576320198367, 35.580269444237274 ], [ 129.355586077046866, 35.580277869641478 ] ], [ [ 129.3559807646092, 35.580456903717305 ], [ 129.355988789079589, 35.580460250928446 ], [ 129.355985762044952, 35.58046182806914 ], [ 129.3559807646092, 35.580456903717305 ] ], [ [ 129.35607114573591, 35.580488001056771 ], [ 129.356072301611363, 35.580489197952922 ], [ 129.356071040813134, 35.580489812989569 ], [ 129.35607114573591, 35.580488001056771 ] ], [ [ 129.354240888025373, 35.559991875746242 ], [ 129.354471133123496, 35.559412528958468 ], [ 129.354394892688077, 35.559175433590426 ], [ 129.354457151291541, 35.559116577389148 ], [ 129.354474497608578, 35.559407589054494 ], [ 129.354361753403992, 35.559720134785408 ], [ 129.354240888025373, 35.559991875746242 ] ], [ [ 129.354620840472364, 35.558705957220461 ], [ 129.354736102567045, 35.558434890187925 ], [ 129.354522121267365, 35.55891393048698 ], [ 129.354620840472364, 35.558705957220461 ] ], [ [ 129.354857770061102, 35.557997507295759 ], [ 129.354684770626648, 35.557861685119285 ], [ 129.354848573834602, 35.55815135736497 ], [ 129.354857770061102, 35.557997507295759 ] ], [ [ 129.354868290570636, 35.557492033157779 ], [ 129.355040571541537, 35.557331242712522 ], [ 129.355392303353, 35.557025349513644 ], [ 129.355473683551793, 35.556976278730275 ], [ 129.355521882941588, 35.556918743072139 ], [ 129.355553771977583, 35.556829115294818 ], [ 129.355570895544474, 35.556664931105509 ], [ 129.355577976693411, 35.556634897355849 ], [ 129.355588772400182, 35.556624392662002 ], [ 129.355550608667272, 35.556867222107549 ], [ 129.355521448257292, 35.556922728049713 ], [ 129.355466663929207, 35.55698770966886 ], [ 129.354943474990193, 35.557423323762222 ], [ 129.354773671029761, 35.557593200823497 ], [ 129.354650444526271, 35.557826013478916 ], [ 129.354661596211798, 35.557715563803548 ], [ 129.354771147582596, 35.557588701768452 ], [ 129.354868290570636, 35.557492033157779 ] ], [ [ 129.355600457668828, 35.556613020116203 ], [ 129.356254033796574, 35.556354231191804 ], [ 129.35629891059142, 35.556343833446931 ], [ 129.356601005263514, 35.556361411512086 ], [ 129.356726000887591, 35.556308867630378 ], [ 129.35685943761581, 35.556192217025668 ], [ 129.35692243074655, 35.556160765596026 ], [ 129.356985777505628, 35.556134477482153 ], [ 129.357054470040424, 35.556129894658255 ], [ 129.357143524800279, 35.55613576978719 ], [ 129.356614135527963, 35.556362616619523 ], [ 129.355600457668828, 35.556613020116203 ] ], [ [ 129.357276500078598, 35.556196935573603 ], [ 129.357239064007473, 35.556178903069593 ], [ 129.357337270479036, 35.556204128785829 ], [ 129.357276500078598, 35.556196935573603 ] ], [ [ 129.357829884513308, 35.55603699878997 ], [ 129.357917608414368, 35.556018803826639 ], [ 129.357973789893833, 35.556023360491594 ], [ 129.357992245668811, 35.556029182333802 ], [ 129.357837663036719, 35.556037642755442 ], [ 129.357521531181561, 35.556162729355144 ], [ 129.35740256454315, 35.55619921330338 ], [ 129.357346275168652, 35.556205201783257 ], [ 129.357829884513308, 35.55603699878997 ] ], [ [ 129.35825017212386, 35.556052880435743 ], [ 129.35830524883329, 35.556064479289212 ], [ 129.358122731968081, 35.556053717110835 ], [ 129.35825017212386, 35.556052880435743 ] ], [ [ 129.358337153792775, 35.556081248000595 ], [ 129.358365382560578, 35.556104706142811 ], [ 129.358318647598338, 35.556071523775294 ], [ 129.358337153792775, 35.556081248000595 ] ], [ [ 129.358460817432871, 35.556188847454649 ], [ 129.35914675342022, 35.556206003136815 ], [ 129.359486547591274, 35.556032830316795 ], [ 129.359577680120054, 35.556014849348365 ], [ 129.358460817432871, 35.556188847454649 ] ], [ [ 129.359608825586832, 35.556014549548053 ], [ 129.360117562665266, 35.556130628720744 ], [ 129.360182762663214, 35.55615416573351 ], [ 129.359608825586832, 35.556014549548053 ] ], [ [ 129.360807683948991, 35.556319512292248 ], [ 129.36080249543167, 35.556318455219746 ], [ 129.360973671773763, 35.556353185407772 ], [ 129.360807683948991, 35.556319512292248 ] ], [ [ 129.361748037901805, 35.556440660624368 ], [ 129.361748344198588, 35.556432701320695 ], [ 129.361754986360893, 35.556455439040192 ], [ 129.361748037901805, 35.556440660624368 ] ], [ [ 129.362606480865651, 35.556702314683328 ], [ 129.362637665438712, 35.556713135897439 ], [ 129.362605322706173, 35.556704388177927 ], [ 129.362606480865651, 35.556702314683328 ] ], [ [ 129.364190155707661, 35.557065900107673 ], [ 129.364107873990605, 35.557082614161104 ], [ 129.364097515897697, 35.557060257279801 ], [ 129.364190155707661, 35.557065900107673 ] ], [ [ 129.364614367242922, 35.556930592470536 ], [ 129.364606019503555, 35.556935827065097 ], [ 129.364606015601339, 35.556934961838849 ], [ 129.364614367242922, 35.556930592470536 ] ], [ [ 129.365061446321249, 35.556828138497316 ], [ 129.365064170675225, 35.556828157320851 ], [ 129.365038029288741, 35.55683023700896 ], [ 129.365061446321249, 35.556828138497316 ] ], [ [ 129.365519816894761, 35.556842446892801 ], [ 129.365519816894562, 35.556842446892823 ], [ 129.365519816893197, 35.556842446892809 ], [ 129.365519816894761, 35.556842446892801 ] ], [ [ 129.365565709292781, 35.556837333205841 ], [ 129.365606356476377, 35.556833280837743 ], [ 129.365520247006174, 35.556842401336482 ], [ 129.365565709292781, 35.556837333205841 ] ], [ [ 129.365706180120696, 35.556822704633035 ], [ 129.365709307339046, 35.556821568574364 ], [ 129.365928717965062, 35.556768450526079 ], [ 129.365706180120696, 35.556822704633035 ] ], [ [ 129.366287824946198, 35.556707609049369 ], [ 129.366553951184784, 35.556670580737695 ], [ 129.36668441714437, 35.556621750341037 ], [ 129.366287824946198, 35.556707609049369 ] ], [ [ 129.36688683139252, 35.556532423150486 ], [ 129.366885923614603, 35.556534111313091 ], [ 129.366806186679611, 35.556574225984065 ], [ 129.36688683139252, 35.556532423150486 ] ], [ [ 129.367176264577211, 35.556510563638007 ], [ 129.367085069494806, 35.556507226023172 ], [ 129.367075256035491, 35.556505390109834 ], [ 129.367176264577211, 35.556510563638007 ] ], [ [ 129.367726749880319, 35.556463981524381 ], [ 129.367744382579048, 35.556463261009185 ], [ 129.367626500509544, 35.55647537185385 ], [ 129.367726749880319, 35.556463981524381 ] ], [ [ 129.368396090276576, 35.556485875767585 ], [ 129.36834809017131, 35.556485823542189 ], [ 129.368155542702311, 35.556474476174465 ], [ 129.368396090276576, 35.556485875767585 ] ], [ [ 129.368504207212624, 35.556484978898929 ], [ 129.368476670393278, 35.556485756709947 ], [ 129.368528035160153, 35.556473865568307 ], [ 129.368504207212624, 35.556484978898929 ] ], [ [ 129.368820750852791, 35.556627698506404 ], [ 129.368818786947827, 35.556627551270438 ], [ 129.368791023749964, 35.556595640073091 ], [ 129.368820750852791, 35.556627698506404 ] ], [ [ 129.368881901862437, 35.55661165850605 ], [ 129.368886463486945, 35.556610662200661 ], [ 129.368863046214187, 35.556624757618714 ], [ 129.368881901862437, 35.55661165850605 ] ], [ [ 129.369460444027879, 35.556485092683587 ], [ 129.369255430318674, 35.556480355518232 ], [ 129.369473248507205, 35.556484954463038 ], [ 129.369460444027879, 35.556485092683587 ] ], [ [ 129.370244006656776, 35.556531359400523 ], [ 129.369797789230489, 35.556485216318194 ], [ 129.36978413195601, 35.556484582069146 ], [ 129.36981931104458, 35.556485979759955 ], [ 129.370244006656776, 35.556531359400523 ] ], [ [ 129.370260651123232, 35.556534012362341 ], [ 129.370436872216317, 35.556554266002166 ], [ 129.370471370551542, 35.556546697755593 ], [ 129.370260651123232, 35.556534012362341 ] ], [ [ 129.370536154188869, 35.556500326423112 ], [ 129.370539835720109, 35.556499828458271 ], [ 129.370493482018588, 35.556541348530033 ], [ 129.370536154188869, 35.556500326423112 ] ], [ [ 129.370565898544527, 35.556466229726126 ], [ 129.370569854232542, 35.556462981988297 ], [ 129.3705646697166, 35.556467639499196 ], [ 129.370565898544527, 35.556466229726126 ] ], [ [ 129.370675315782762, 35.556424201092639 ], [ 129.370679792906174, 35.556426431594438 ], [ 129.370628277497758, 35.556427039968895 ], [ 129.370675315782762, 35.556424201092639 ] ], [ [ 129.370866714153863, 35.556466308965248 ], [ 129.370858850638371, 35.556463998715692 ], [ 129.370803345204109, 35.556445944670976 ], [ 129.370866714153863, 35.556466308965248 ] ], [ [ 129.371375725556476, 35.556563565875081 ], [ 129.371082170375701, 35.556545016256763 ], [ 129.370976806244215, 35.5565016717158 ], [ 129.371375725556476, 35.556563565875081 ] ], [ [ 129.371637327832048, 35.556557932139896 ], [ 129.371559795668958, 35.556549301447532 ], [ 129.371617887667043, 35.556551745883191 ], [ 129.371637327832048, 35.556557932139896 ] ], [ [ 129.37169787607786, 35.556562054407514 ], [ 129.371668650333106, 35.556567317541635 ], [ 129.371666286803162, 35.556566612779541 ], [ 129.37169787607786, 35.556562054407514 ] ], [ [ 129.375594366882552, 35.548047979388912 ], [ 129.375594376260295, 35.548049998250676 ], [ 129.375570859210086, 35.548063193999575 ], [ 129.375594366882552, 35.548047979388912 ] ], [ [ 129.37216889591474, 35.551010698940146 ], [ 129.372169975999924, 35.551010542400498 ], [ 129.372166767484941, 35.55104905538218 ], [ 129.37216889591474, 35.551010698940146 ] ], [ [ 129.372147957903167, 35.551189173702568 ], [ 129.372142601852431, 35.551331386719795 ], [ 129.37214244625676, 35.551218509615332 ], [ 129.372147957903167, 35.551189173702568 ] ], [ [ 129.36487594357547, 35.560752803160064 ], [ 129.364897760146903, 35.560752647273382 ], [ 129.36488976369219, 35.560752707427639 ], [ 129.36487594357547, 35.560752803160064 ] ], [ [ 129.357985179883173, 35.556074925663495 ], [ 129.357957603354237, 35.556051780954995 ], [ 129.357956573769826, 35.556050909747761 ], [ 129.357985179883173, 35.556074925663495 ] ], [ [ 129.354744071521026, 35.558554296732979 ], [ 129.354737991189552, 35.558568699130547 ], [ 129.35467406552894, 35.558720077745178 ], [ 129.354744071521026, 35.558554296732979 ] ], [ [ 129.362460742055902, 35.566377430137081 ], [ 129.362526780695589, 35.566268699256348 ], [ 129.362515053424687, 35.56628801293153 ], [ 129.362460742055902, 35.566377430137081 ] ], [ [ 129.362544020735243, 35.566219302093927 ], [ 129.362540350616342, 35.566229831119308 ], [ 129.362526780695589, 35.566268699256348 ], [ 129.362544020735243, 35.566219302093927 ] ], [ [ 129.349606985820628, 35.588862792523365 ], [ 129.349607063095505, 35.58886280131302 ], [ 129.349580456111426, 35.588861778592296 ], [ 129.349606985820628, 35.588862792523365 ] ], [ [ 129.35103239155481, 35.588654823350467 ], [ 129.351034560224065, 35.588656214053067 ], [ 129.351015332225415, 35.588646959539616 ], [ 129.35103239155481, 35.588654823350467 ] ], [ [ 129.351092001712971, 35.588750015447815 ], [ 129.351058572029189, 35.588735421462054 ], [ 129.351060904203791, 35.588728736174232 ], [ 129.351092001712971, 35.588750015447815 ] ], [ [ 129.351613881204145, 35.58889246280846 ], [ 129.351621016738136, 35.588894226624241 ], [ 129.351608679744686, 35.588891423414843 ], [ 129.351613881204145, 35.58889246280846 ] ], [ [ 129.35180967082124, 35.58890381788445 ], [ 129.351791806488279, 35.588903689550875 ], [ 129.351831275224214, 35.588891191171172 ], [ 129.35180967082124, 35.58890381788445 ] ], [ [ 129.352408104602063, 35.589296398240577 ], [ 129.352403038539791, 35.589296052476818 ], [ 129.352296802144366, 35.589227269226079 ], [ 129.352408104602063, 35.589296398240577 ] ], [ [ 129.352822389074248, 35.590068097297269 ], [ 129.352705367893947, 35.589104252622356 ], [ 129.352788483507169, 35.590467591543415 ], [ 129.352822389074248, 35.590068097297269 ] ], [ [ 129.352704735330036, 35.591561517742015 ], [ 129.352704798424526, 35.591560805543175 ], [ 129.352705747825638, 35.591560910930639 ], [ 129.352704735330036, 35.591561517742015 ] ], [ [ 129.353733372487369, 35.59293846364119 ], [ 129.357214036865457, 35.59313557184479 ], [ 129.354186080695598, 35.592968765725693 ], [ 129.353733389188847, 35.592942276025894 ], [ 129.353733372487369, 35.59293846364119 ] ], [ [ 129.357407964923226, 35.593015534044547 ], [ 129.357406908740785, 35.59302122426822 ], [ 129.357400086039888, 35.593022938831453 ], [ 129.357407964923226, 35.593015534044547 ] ], [ [ 129.357742882720743, 35.592962853264304 ], [ 129.357699355619161, 35.592952006850972 ], [ 129.357700753655962, 35.592943783005246 ], [ 129.357742882720743, 35.592962853264304 ] ], [ [ 129.358176972407875, 35.593159466900701 ], [ 129.3578487132161, 35.593010759781819 ], [ 129.358227611725766, 35.593182389897464 ], [ 129.358176972407875, 35.593159466900701 ] ], [ [ 129.359506447663762, 35.593633917540195 ], [ 129.359506458737428, 35.593633919826679 ], [ 129.359459276736033, 35.593629289865312 ], [ 129.359506447663762, 35.593633917540195 ] ], [ [ 129.360739933504505, 35.594616080572209 ], [ 129.360784452745065, 35.594627213906769 ], [ 129.360740905221604, 35.594628578485349 ], [ 129.360739933504505, 35.594616080572209 ] ], [ [ 129.372423463018578, 35.601830572212144 ], [ 129.372427062383423, 35.601797475048912 ], [ 129.372421878408403, 35.601845898893771 ], [ 129.372423463018578, 35.601830572212144 ] ], [ [ 129.372444231882469, 35.601800926492182 ], [ 129.372438225796486, 35.601849084178326 ], [ 129.372443852052839, 35.601800848240721 ], [ 129.372444231882469, 35.601800926492182 ] ], [ [ 129.372942091284131, 35.601811318577013 ], [ 129.372810555272622, 35.60181550032717 ], [ 129.372630310049686, 35.601829374025506 ], [ 129.372942091284131, 35.601811318577013 ] ], [ [ 129.37768770825474, 35.603603803374462 ], [ 129.377627148968543, 35.603533579081201 ], [ 129.378346753759672, 35.603991350353709 ], [ 129.37768770825474, 35.603603803374462 ] ], [ [ 129.383531286726253, 35.604588807006003 ], [ 129.380484059328978, 35.604100380947401 ], [ 129.379227870120843, 35.604122783466522 ], [ 129.383531286726253, 35.604588807006003 ] ], [ [ 129.382991512227278, 35.605503495433148 ], [ 129.382984615434225, 35.605492289343005 ], [ 129.383531286726253, 35.604588807006003 ], [ 129.382991512227278, 35.605503495433148 ] ], [ [ 129.383568732443564, 35.60637409121788 ], [ 129.384313595270868, 35.606852944090022 ], [ 129.383076651568899, 35.605641832067157 ], [ 129.383568732443564, 35.60637409121788 ] ], [ [ 129.385634395471385, 35.607386043871536 ], [ 129.385431806654253, 35.607345627164335 ], [ 129.386165432592946, 35.607310129274111 ], [ 129.385634395471385, 35.607386043871536 ] ], [ [ 129.387405354732863, 35.606937792953005 ], [ 129.386763777251815, 35.60722457876539 ], [ 129.386727966850202, 35.607229704380821 ], [ 129.387405354732863, 35.606937792953005 ] ], [ [ 129.387601405882805, 35.606853309703176 ], [ 129.387663011121191, 35.606832788395671 ], [ 129.387601086528349, 35.606853454931503 ], [ 129.387601405882805, 35.606853309703176 ] ], [ [ 129.389031988896903, 35.60626848138071 ], [ 129.389059931981052, 35.606261496707603 ], [ 129.388615567406504, 35.606503720448231 ], [ 129.389031988896903, 35.60626848138071 ] ], [ [ 129.359081029136973, 35.585749406858682 ], [ 129.359093763593449, 35.585757282362991 ], [ 129.35909376367357, 35.58575730038848 ], [ 129.359081029136973, 35.585749406858682 ] ], [ [ 129.366186542469109, 35.600544524079979 ], [ 129.366215810825139, 35.600525598686836 ], [ 129.366215700881412, 35.600525689147958 ], [ 129.366186542469109, 35.600544524079979 ] ], [ [ 129.318731927607757, 35.597040244391039 ], [ 129.318751175455589, 35.59704656580513 ], [ 129.318752413812717, 35.597047184431688 ], [ 129.318731927607757, 35.597040244391039 ] ], [ [ 129.318493301372285, 35.596968697425531 ], [ 129.318513118729754, 35.596968338858233 ], [ 129.318526201071819, 35.596972639623495 ], [ 129.318493301372285, 35.596968697425531 ] ], [ [ 129.318131514889814, 35.597026105038239 ], [ 129.318135704474315, 35.59702516570669 ], [ 129.317882164211483, 35.597215561112002 ], [ 129.318131514889814, 35.597026105038239 ] ], [ [ 129.317397634585348, 35.59797516432139 ], [ 129.317396622063541, 35.59795057992509 ], [ 129.317397661389919, 35.597948287937079 ], [ 129.317397634585348, 35.59797516432139 ] ], [ [ 129.316691271624194, 35.598812090328288 ], [ 129.316672080546255, 35.598820315174798 ], [ 129.316723778302048, 35.598791618239822 ], [ 129.316691271624194, 35.598812090328288 ] ], [ [ 129.316329534829634, 35.599053687966645 ], [ 129.316423320697425, 35.598982601929521 ], [ 129.316295106906267, 35.599088017713143 ], [ 129.316329534829634, 35.599053687966645 ] ], [ [ 129.315712150170356, 35.59954022656099 ], [ 129.31577174767088, 35.600143174754628 ], [ 129.316189608062842, 35.599189002812508 ], [ 129.315712150170356, 35.59954022656099 ] ], [ [ 129.315876482781334, 35.60228422710864 ], [ 129.31583214795964, 35.602257682778358 ], [ 129.315893760952747, 35.602294564824561 ], [ 129.315876482781334, 35.60228422710864 ] ], [ [ 129.316885719766503, 35.602886549829137 ], [ 129.316843846171736, 35.602801172618548 ], [ 129.31696067871647, 35.603039409681998 ], [ 129.316885719766503, 35.602886549829137 ] ], [ [ 129.317799215452993, 35.605412896727579 ], [ 129.317688914058834, 35.605220500765483 ], [ 129.317802128955918, 35.605412889079759 ], [ 129.317799215452993, 35.605412896727579 ] ], [ [ 129.320156953570802, 35.597703886100959 ], [ 129.320148830460852, 35.597700771109395 ], [ 129.320648908232386, 35.597676356839912 ], [ 129.320156953570802, 35.597703886100959 ] ], [ [ 129.31973523368265, 35.59759685534577 ], [ 129.319734470631829, 35.59759644276977 ], [ 129.319798896727946, 35.597616848950182 ], [ 129.31973523368265, 35.59759685534577 ] ], [ [ 129.319413099207992, 35.597454626633009 ], [ 129.31934436640077, 35.597405480617162 ], [ 129.319454681700705, 35.597472010865879 ], [ 129.319413099207992, 35.597454626633009 ] ], [ [ 129.326744144123381, 35.60527310751776 ], [ 129.326743684034767, 35.605303950680167 ], [ 129.326796388729321, 35.605223972718754 ], [ 129.326744144123381, 35.60527310751776 ] ], [ [ 129.347043694005151, 35.609876984443979 ], [ 129.347045122016254, 35.609875412117738 ], [ 129.347043803867024, 35.609876866962281 ], [ 129.347043694005151, 35.609876984443979 ] ], [ [ 129.309302592356602, 35.647506795472246 ], [ 129.309414057353592, 35.648708769701294 ], [ 129.309321242293436, 35.647032801098121 ], [ 129.309302592356602, 35.647506795472246 ] ], [ [ 129.309347280916342, 35.646796429386022 ], [ 129.309461128017176, 35.646666606875051 ], [ 129.309346513299403, 35.646803397608963 ], [ 129.309347280916342, 35.646796429386022 ] ], [ [ 129.309645828991705, 35.646071962805301 ], [ 129.309599497471169, 35.646221126955631 ], [ 129.309639334969745, 35.646082916015274 ], [ 129.309645828991705, 35.646071962805301 ] ], [ [ 129.311750510810498, 35.644261647060013 ], [ 129.31115056297412, 35.64514575789218 ], [ 129.309655486249852, 35.646055674290039 ], [ 129.311129089952601, 35.645143632004256 ], [ 129.311750510810498, 35.644261647060013 ] ], [ [ 129.312282900068482, 35.64432793287051 ], [ 129.312284688697417, 35.644327910229684 ], [ 129.313171969710282, 35.644669139545933 ], [ 129.312282900068482, 35.64432793287051 ] ], [ [ 129.313767898957252, 35.644776199947692 ], [ 129.313762803821334, 35.6450359704573 ], [ 129.313499728396266, 35.644698204358633 ], [ 129.313767898957252, 35.644776199947692 ] ], [ [ 129.316306812448119, 35.645680701270528 ], [ 129.315983896361502, 35.64533334523589 ], [ 129.31631277595389, 35.645681737262244 ], [ 129.316306812448119, 35.645680701270528 ] ], [ [ 129.316605272211461, 35.645732357122483 ], [ 129.316604507420948, 35.64573222476664 ], [ 129.316619777321023, 35.64572606106298 ], [ 129.316605272211461, 35.645732357122483 ] ], [ [ 129.320364483409662, 35.641664917838909 ], [ 129.320129961344605, 35.640222016541763 ], [ 129.320105977158335, 35.640096261273285 ], [ 129.320364483409662, 35.641664917838909 ] ], [ [ 129.320002108032298, 35.63920067324085 ], [ 129.320014514235794, 35.639442014001958 ], [ 129.320014168999251, 35.639438580050232 ], [ 129.320002108032298, 35.63920067324085 ] ], [ [ 129.320033081546512, 35.637905554194774 ], [ 129.320032486433973, 35.637905973341056 ], [ 129.32003248700704, 35.637905970355234 ], [ 129.320033081546512, 35.637905554194774 ] ], [ [ 129.320813365133375, 35.637115076552298 ], [ 129.320812021791852, 35.637110429514514 ], [ 129.320814529992475, 35.637108160655444 ], [ 129.320813365133375, 35.637115076552298 ] ], [ [ 129.321015646897933, 35.636376861380306 ], [ 129.320998902360742, 35.636402754476514 ], [ 129.321001052654395, 35.636399332925627 ], [ 129.321015646897933, 35.636376861380306 ] ], [ [ 129.322433454122432, 35.635204151295589 ], [ 129.323726653074345, 35.635505168920595 ], [ 129.324081941211972, 35.635733719654333 ], [ 129.324941604175791, 35.636073729124725 ], [ 129.324951012750319, 35.636082500342695 ], [ 129.322433454122432, 35.635204151295589 ] ], [ [ 129.32868572324503, 35.635318902560932 ], [ 129.328353114585838, 35.635365100847132 ], [ 129.328685722740516, 35.63531889958368 ], [ 129.32868572324503, 35.635318902560932 ] ], [ [ 129.328688100194228, 35.635327959991749 ], [ 129.328688099506309, 35.635327955566666 ], [ 129.328797093729918, 35.635312819823895 ], [ 129.328688100194228, 35.635327959991749 ] ], [ [ 129.329982290918878, 35.636639491458737 ], [ 129.329939518912084, 35.63609494325825 ], [ 129.329982456396948, 35.636639493080402 ], [ 129.329982290918878, 35.636639491458737 ] ], [ [ 129.332753384555446, 35.635095359753159 ], [ 129.332607836815981, 35.635128945007949 ], [ 129.33279535247695, 35.635085672752936 ], [ 129.332753384555446, 35.635095359753159 ] ], [ [ 129.330451306162757, 35.632705176443892 ], [ 129.33045129635596, 35.632705177884368 ], [ 129.330786743896368, 35.632191738484025 ], [ 129.330451306162757, 35.632705176443892 ] ], [ [ 129.330786743896368, 35.632191738484025 ], [ 129.330786819436668, 35.632191314676277 ], [ 129.330786907680107, 35.632191296409495 ], [ 129.330786743896368, 35.632191738484025 ] ], [ [ 129.331746463035074, 35.631177185614824 ], [ 129.331746398289226, 35.631177553913211 ], [ 129.331754476344997, 35.631117215691411 ], [ 129.331746463035074, 35.631177185614824 ] ], [ [ 129.333007678101978, 35.629289376312506 ], [ 129.332997856793696, 35.629295631182252 ], [ 129.333720247239768, 35.628835529651077 ], [ 129.333007678101978, 35.629289376312506 ] ], [ [ 129.333754623184149, 35.628851414532946 ], [ 129.333726485354248, 35.628838414568044 ], [ 129.333720247239768, 35.628835529651077 ], [ 129.333754623184149, 35.628851414532946 ] ], [ [ 129.333795794032852, 35.628871345433303 ], [ 129.333838653425147, 35.628901825646643 ], [ 129.333754623184149, 35.628851414532946 ], [ 129.333795794032852, 35.628871345433303 ] ], [ [ 129.334768037028567, 35.629413546265766 ], [ 129.334432770381397, 35.629296396683223 ], [ 129.334432005375248, 35.629295771270741 ], [ 129.334678083128921, 35.629375130197552 ], [ 129.334752610274592, 35.629404431942554 ], [ 129.334768037028567, 35.629413546265766 ] ], [ [ 129.334927677490583, 35.629509171901141 ], [ 129.33496482154672, 35.629542867070313 ], [ 129.334913710805125, 35.629500756555657 ], [ 129.334927677490583, 35.629509171901141 ] ], [ [ 129.33496482154672, 35.629542867070313 ], [ 129.335101392414259, 35.62966828053117 ], [ 129.335190646847622, 35.629718892529965 ], [ 129.33496482154672, 35.629542867070313 ] ], [ [ 129.335709325280533, 35.630090494235276 ], [ 129.335536021515935, 35.629935197770827 ], [ 129.335428806999204, 35.629845150762094 ], [ 129.33552746164716, 35.62992620871136 ], [ 129.335709325280533, 35.630090494235276 ] ], [ [ 129.336149988618217, 35.630236134352053 ], [ 129.336719115988842, 35.630248458691476 ], [ 129.336763752509711, 35.630252002677622 ], [ 129.336799189902536, 35.630265351134469 ], [ 129.336829434996844, 35.630285735001372 ], [ 129.336420087194739, 35.63032751248906 ], [ 129.336346517407094, 35.630308411606052 ], [ 129.336126370442685, 35.630229719762653 ], [ 129.335957870737957, 35.630181149094852 ], [ 129.335840594588177, 35.630137897785737 ], [ 129.335953255791367, 35.630178394979922 ], [ 129.336149988618217, 35.630236134352053 ] ], [ [ 129.336900903868752, 35.630322497502725 ], [ 129.337214890728546, 35.630206484422352 ], [ 129.336968027748668, 35.630333919071631 ], [ 129.336900903868752, 35.630322497502725 ] ], [ [ 129.337220109831037, 35.630205866019999 ], [ 129.33748507203498, 35.630185461383093 ], [ 129.337326325941262, 35.630209697817143 ], [ 129.337220109831037, 35.630205866019999 ] ], [ [ 129.338975823660689, 35.630560750907733 ], [ 129.338881327596084, 35.630461523376546 ], [ 129.338986305994439, 35.6305673819951 ], [ 129.338975823660689, 35.630560750907733 ] ], [ [ 129.339010715627182, 35.630591530982002 ], [ 129.339123664549703, 35.63064192945594 ], [ 129.339000582416901, 35.630591559372817 ], [ 129.339010715627182, 35.630591530982002 ] ], [ [ 129.339234791844063, 35.630689881450664 ], [ 129.339246159463727, 35.630694383014074 ], [ 129.339256956969905, 35.630702446228021 ], [ 129.339234791844063, 35.630689881450664 ] ], [ [ 129.341467661503884, 35.631157799587768 ], [ 129.341207094049025, 35.631228519008339 ], [ 129.341473581705003, 35.631155890193376 ], [ 129.341467661503884, 35.631157799587768 ] ], [ [ 129.34285941619649, 35.630902974654454 ], [ 129.342666794375333, 35.630982850934025 ], [ 129.342677697324177, 35.630971472950201 ], [ 129.342407988471166, 35.631044257747149 ], [ 129.342283377809707, 35.631053145445691 ], [ 129.34285941619649, 35.630902974654454 ] ], [ [ 129.34467896767822, 35.631330094247048 ], [ 129.344677064873167, 35.631329162337686 ], [ 129.344694169436735, 35.631327545382526 ], [ 129.34467896767822, 35.631330094247048 ] ], [ [ 129.346026570819816, 35.630571777858449 ], [ 129.346015222294767, 35.630571810315054 ], [ 129.346498296243823, 35.63005913213474 ], [ 129.346026570819816, 35.630571777858449 ] ], [ [ 129.347453727720108, 35.628977209330834 ], [ 129.34746398742891, 35.628955116548966 ], [ 129.347731481624777, 35.628591592117786 ], [ 129.347453727720108, 35.628977209330834 ] ], [ [ 129.348023412458303, 35.629378759224949 ], [ 129.34801606920081, 35.629373165378496 ], [ 129.348044002436694, 35.62939437409414 ], [ 129.348023412458303, 35.629378759224949 ] ], [ [ 129.348057782840755, 35.629431015661297 ], [ 129.348057760801112, 35.629431024737549 ], [ 129.34804634597873, 35.629399923927473 ], [ 129.348057782840755, 35.629431015661297 ] ], [ [ 129.34952195475023, 35.630023152930612 ], [ 129.349504195186057, 35.629998364985539 ], [ 129.349504870460635, 35.62999879564876 ], [ 129.34952195475023, 35.630023152930612 ] ], [ [ 129.350184403544546, 35.630559411565947 ], [ 129.350169136196428, 35.630544987670717 ], [ 129.350175931147334, 35.630548825477248 ], [ 129.350184403544546, 35.630559411565947 ] ], [ [ 129.35031825441132, 35.63104210700854 ], [ 129.350319833107505, 35.630719399516565 ], [ 129.350333612634699, 35.631073084555013 ], [ 129.35031825441132, 35.63104210700854 ] ], [ [ 129.350373471708195, 35.631117663544991 ], [ 129.35034147292356, 35.631088347483114 ], [ 129.350387317227671, 35.631118083098045 ], [ 129.350373471708195, 35.631117663544991 ] ], [ [ 129.350701515830536, 35.631097705068171 ], [ 129.350696089341142, 35.631098856410013 ], [ 129.350737514817553, 35.6310720404379 ], [ 129.350701515830536, 35.631097705068171 ] ], [ [ 129.350957982240857, 35.630802053868265 ], [ 129.350930131977066, 35.630810264193705 ], [ 129.350976781863181, 35.630796798950271 ], [ 129.350957982240857, 35.630802053868265 ] ], [ [ 129.351139793070189, 35.63080929097714 ], [ 129.35696885579091, 35.633556393723524 ], [ 129.357548567338341, 35.632720674675355 ], [ 129.351139793070189, 35.63080929097714 ] ], [ [ 129.366154771840939, 35.636121858506066 ], [ 129.366151295758641, 35.636037148930107 ], [ 129.366151649480145, 35.636042104886386 ], [ 129.366154771840939, 35.636121858506066 ] ], [ [ 129.367571150883151, 35.636103889992981 ], [ 129.367198641536305, 35.636147639451011 ], [ 129.367197104241882, 35.636137607347152 ], [ 129.367571150883151, 35.636103889992981 ] ], [ [ 129.367571150883151, 35.636103889992981 ], [ 129.368525658473061, 35.636052217278419 ], [ 129.368528772241547, 35.636052116999359 ], [ 129.367571150883151, 35.636103889992981 ] ], [ [ 129.368912177421464, 35.636039769417302 ], [ 129.372326559034775, 35.635641346176612 ], [ 129.373051967514812, 35.635912891868067 ], [ 129.368912177421464, 35.636039769417302 ] ], [ [ 129.374257057737196, 35.636331227866442 ], [ 129.374286060023309, 35.63631681681639 ], [ 129.375153185332209, 35.636794916478202 ], [ 129.374257057737196, 35.636331227866442 ] ], [ [ 129.376248469471221, 35.636695392688132 ], [ 129.376171861806682, 35.636679173676377 ], [ 129.37619993257249, 35.63667575163398 ], [ 129.376248469471221, 35.636695392688132 ] ], [ [ 129.37782153298113, 35.637594171961396 ], [ 129.376895318651094, 35.637201455510336 ], [ 129.376406159312069, 35.636759217136635 ], [ 129.37782153298113, 35.637594171961396 ] ], [ [ 129.323643444194033, 35.624592086765801 ], [ 129.323789196636, 35.624713257159371 ], [ 129.323799998444741, 35.624731102063933 ], [ 129.323643444194033, 35.624592086765801 ] ], [ [ 129.325333470722995, 35.62518307232687 ], [ 129.325272369781118, 35.625120165828172 ], [ 129.325291593243037, 35.625118310717689 ], [ 129.325333470722995, 35.62518307232687 ] ], [ [ 129.326110906672653, 35.625126894150512 ], [ 129.326084007648745, 35.625083831342756 ], [ 129.326103401269904, 35.625079025319849 ], [ 129.326110906672653, 35.625126894150512 ] ], [ [ 129.326746053682484, 35.625153075672415 ], [ 129.326388333634242, 35.625039443105116 ], [ 129.326958804700524, 35.625191175040143 ], [ 129.326746053682484, 35.625153075672415 ] ], [ [ 129.327097705764658, 35.625250960177809 ], [ 129.326963880377775, 35.625193360451995 ], [ 129.326958804700524, 35.625191175040143 ], [ 129.327097705764658, 35.625250960177809 ] ], [ [ 129.327596166973365, 35.62543649243247 ], [ 129.327602380413794, 35.625433420272515 ], [ 129.327840441746105, 35.625549572548103 ], [ 129.327596166973365, 35.62543649243247 ] ], [ [ 129.328146291607311, 35.625676094555573 ], [ 129.328148439144712, 35.625674853978488 ], [ 129.328201528578234, 35.625675692411562 ], [ 129.328146291607311, 35.625676094555573 ] ], [ [ 129.32837730774591, 35.625414330964098 ], [ 129.328347062506197, 35.6254607388395 ], [ 129.328201528578234, 35.625675692411562 ], [ 129.32837730774591, 35.625414330964098 ] ], [ [ 129.32863520465574, 35.627909077538305 ], [ 129.328627068183948, 35.627906224550038 ], [ 129.328606432570012, 35.627883721545693 ], [ 129.32863520465574, 35.627909077538305 ] ], [ [ 129.328731962038006, 35.627976509887986 ], [ 129.328683112594604, 35.627930217638927 ], [ 129.328814411409809, 35.628111315663901 ], [ 129.328731962038006, 35.627976509887986 ] ], [ [ 129.328861906004448, 35.62835325238143 ], [ 129.328869179700007, 35.628244655418591 ], [ 129.328862548221764, 35.6283537283146 ], [ 129.328861906004448, 35.62835325238143 ] ], [ [ 129.328983589198828, 35.628474432208748 ], [ 129.328984120144099, 35.628474692136614 ], [ 129.32897872250166, 35.628485657361118 ], [ 129.328983589198828, 35.628474432208748 ] ], [ [ 129.328981141467892, 35.628553661368009 ], [ 129.328977767564027, 35.628554670960611 ], [ 129.328976430058702, 35.628505518789702 ], [ 129.328981141467892, 35.628553661368009 ] ], [ [ 129.329005750119109, 35.628651608657279 ], [ 129.328931730907073, 35.628678505780364 ], [ 129.329004773830377, 35.628647717782336 ], [ 129.329005750119109, 35.628651608657279 ] ], [ [ 129.329087877870592, 35.628796590552106 ], [ 129.329091273853408, 35.628798284736135 ], [ 129.329098200635258, 35.628804953395907 ], [ 129.329087877870592, 35.628796590552106 ] ], [ [ 129.329143551906242, 35.62888113240993 ], [ 129.329138251578541, 35.628880777301127 ], [ 129.329131710806337, 35.628838849525529 ], [ 129.329143551906242, 35.62888113240993 ] ], [ [ 129.348366932361017, 35.62804388620431 ], [ 129.348111165818949, 35.628241011162892 ], [ 129.348366893039469, 35.628034783395407 ], [ 129.348366932361017, 35.62804388620431 ] ], [ [ 129.348373363063587, 35.628035026136686 ], [ 129.349129840495891, 35.627062032364343 ], [ 129.348651758454366, 35.62767699307954 ], [ 129.3485459451542, 35.627867873497607 ], [ 129.348373363063587, 35.628035026136686 ] ], [ [ 129.349848815277056, 35.625079627759874 ], [ 129.34986887998167, 35.624994768321343 ], [ 129.349879874140044, 35.624953944603512 ], [ 129.349848815277056, 35.625079627759874 ] ], [ [ 129.350087736948666, 35.624189039953798 ], [ 129.350201569060715, 35.623698657563139 ], [ 129.35015389117433, 35.623942267333014 ], [ 129.350087736948666, 35.624189039953798 ] ], [ [ 129.350925968188221, 35.620527477108922 ], [ 129.351270060911332, 35.619457713127581 ], [ 129.350851573640341, 35.620825034288671 ], [ 129.350595775156023, 35.622374463759797 ], [ 129.350444328612923, 35.622908162942522 ], [ 129.350399486791446, 35.62301663569869 ], [ 129.350585083284329, 35.622375468123614 ], [ 129.350666646717855, 35.621555454274336 ], [ 129.350925968188221, 35.620527477108922 ] ], [ [ 129.351252833067207, 35.61733138041955 ], [ 129.351279824261013, 35.617372842100217 ], [ 129.351536449208169, 35.618182834981056 ], [ 129.351252833067207, 35.61733138041955 ] ], [ [ 129.352172424615304, 35.617865969907463 ], [ 129.352171484643037, 35.617865567066978 ], [ 129.352171238886683, 35.617670206146933 ], [ 129.352172424615304, 35.617865969907463 ] ], [ [ 129.353310560407209, 35.618358635670837 ], [ 129.35245719871844, 35.617989454365492 ], [ 129.35360899134065, 35.618487034550746 ], [ 129.353310560407209, 35.618358635670837 ] ], [ [ 129.355763600397552, 35.619398348101321 ], [ 129.355768811202779, 35.619393537966836 ], [ 129.355756868456496, 35.619408642493745 ], [ 129.355763600397552, 35.619398348101321 ] ], [ [ 129.35613757950884, 35.619825869785849 ], [ 129.356393334722299, 35.620028905184263 ], [ 129.356443085955021, 35.620401654349124 ], [ 129.356577715700752, 35.620523408154234 ], [ 129.356753900935985, 35.620741656520345 ], [ 129.356434931640393, 35.620407302361727 ], [ 129.356393294243873, 35.620039729680727 ], [ 129.35614024902884, 35.619842986255591 ], [ 129.355900721175232, 35.619534921429612 ], [ 129.35613757950884, 35.619825869785849 ] ], [ [ 129.356898864376859, 35.620915996224511 ], [ 129.357141302935673, 35.621017071386795 ], [ 129.357036300470099, 35.620983132656384 ], [ 129.356891206827811, 35.620919164281609 ], [ 129.356832408571051, 35.620877283979816 ], [ 129.356780427488076, 35.620776989598582 ], [ 129.356898864376859, 35.620915996224511 ] ], [ [ 129.357660342152741, 35.621293186452206 ], [ 129.358128471982951, 35.621414213486624 ], [ 129.35818682431011, 35.621447406129292 ], [ 129.357670274044182, 35.6213025664551 ], [ 129.357297031816699, 35.621136995574894 ], [ 129.357211314420454, 35.621070986570892 ], [ 129.357660342152741, 35.621293186452206 ] ], [ [ 129.358587860594298, 35.621795869732964 ], [ 129.358582480779802, 35.621785007228524 ], [ 129.358612150183575, 35.621821871767722 ], [ 129.358587860594298, 35.621795869732964 ] ], [ [ 129.358725296545202, 35.622073272845903 ], [ 129.359270911116624, 35.62226617703859 ], [ 129.358791330993768, 35.622133462785129 ], [ 129.358725296545202, 35.622073272845903 ] ], [ [ 129.35948758644804, 35.622462354897074 ], [ 129.359832049630683, 35.622278758566587 ], [ 129.359369638243265, 35.622345358674941 ], [ 129.35948758644804, 35.622462354897074 ] ], [ [ 129.363438624533273, 35.622338863078809 ], [ 129.36343917807136, 35.622339221927732 ], [ 129.363440788873589, 35.622346391275592 ], [ 129.363438624533273, 35.622338863078809 ] ], [ [ 129.3637596748882, 35.622737318279839 ], [ 129.363762300727331, 35.622739473455368 ], [ 129.36377746931089, 35.622752090823113 ], [ 129.3637596748882, 35.622737318279839 ] ], [ [ 129.364115836092708, 35.623063564540949 ], [ 129.364098837865441, 35.62301001660078 ], [ 129.364125986484623, 35.623086895157691 ], [ 129.364115836092708, 35.623063564540949 ] ], [ [ 129.364173747625216, 35.623047221260798 ], [ 129.364180419170481, 35.623043280610013 ], [ 129.3641363253181, 35.623107953981467 ], [ 129.364173747625216, 35.623047221260798 ] ], [ [ 129.36425774910515, 35.623105515480603 ], [ 129.364151380273569, 35.622985370679622 ], [ 129.36415613929924, 35.622978353410751 ], [ 129.364205114727383, 35.623016924947478 ], [ 129.36425774910515, 35.623105515480603 ] ], [ [ 129.36606026992888, 35.624872868330904 ], [ 129.366503467060511, 35.625101258220177 ], [ 129.366060271284056, 35.624872873117148 ], [ 129.36606026992888, 35.624872868330904 ] ], [ [ 129.366819654469083, 35.625116431046031 ], [ 129.366819654115403, 35.625116432718698 ], [ 129.366503467060511, 35.625101258220177 ], [ 129.366819654469083, 35.625116431046031 ] ], [ [ 129.366819730059234, 35.625116281491273 ], [ 129.366819730689002, 35.625116279268994 ], [ 129.367042288374705, 35.625126960291034 ], [ 129.366819730059234, 35.625116281491273 ] ], [ [ 129.371479603705353, 35.626088859825757 ], [ 129.371458864257733, 35.626072673457884 ], [ 129.372239610361078, 35.626160238943719 ], [ 129.371479603705353, 35.626088859825757 ] ], [ [ 129.373384465776553, 35.627091390491401 ], [ 129.373371481238536, 35.627069376282478 ], [ 129.375109469868363, 35.626539905186796 ], [ 129.373384465776553, 35.627091390491401 ] ], [ [ 129.375109469868363, 35.626539905186796 ], [ 129.375307411195678, 35.626459527978021 ], [ 129.375315939258257, 35.626456067643602 ], [ 129.375109469868363, 35.626539905186796 ] ], [ [ 129.329093733699295, 35.628952045404432 ], [ 129.329145009707958, 35.628943506023795 ], [ 129.329091236915843, 35.628954287368238 ], [ 129.329093733699295, 35.628952045404432 ] ], [ [ 129.350848717933303, 35.615706632809847 ], [ 129.350852759037934, 35.615709487166605 ], [ 129.350976120247594, 35.616137111776389 ], [ 129.350848717933303, 35.615706632809847 ] ], [ [ 129.350958758367227, 35.616137162135502 ], [ 129.35108296713878, 35.616792240439572 ], [ 129.350953935009557, 35.616137176125434 ], [ 129.350958758367227, 35.616137162135502 ] ], [ [ 129.357558469855405, 35.621223458104339 ], [ 129.357613486297652, 35.621256210245718 ], [ 129.357358536315274, 35.621104457962375 ], [ 129.357558469855405, 35.621223458104339 ] ], [ [ 129.356826148901121, 35.620827155209682 ], [ 129.356955839962495, 35.62092512934813 ], [ 129.356953570016231, 35.62092352275377 ], [ 129.356826148901121, 35.620827155209682 ] ], [ [ 129.356205223141814, 35.619856386287957 ], [ 129.356161806884842, 35.61982059807999 ], [ 129.35617305874473, 35.619816518207351 ], [ 129.356205223141814, 35.619856386287957 ] ], [ [ 129.356205223141814, 35.619856386287957 ], [ 129.356262513008858, 35.619901876469186 ], [ 129.356314429340756, 35.619945309503407 ], [ 129.356205223141814, 35.619856386287957 ] ], [ [ 129.337930422965798, 35.613930415394378 ], [ 129.337928421615288, 35.613924283253276 ], [ 129.33792607366027, 35.613917088567426 ], [ 129.337930422965798, 35.613930415394378 ] ], [ [ 129.339309397190874, 35.630721343213771 ], [ 129.339500225594975, 35.630770747811255 ], [ 129.339414579375187, 35.630759992485402 ], [ 129.339309397190874, 35.630721343213771 ] ], [ [ 129.379237164175123, 35.637173134634502 ], [ 129.379240512393693, 35.637173764041307 ], [ 129.37923713109663, 35.637173143750978 ], [ 129.379237164175123, 35.637173134634502 ] ], [ [ 129.364051451784377, 35.623132778312105 ], [ 129.364024872537271, 35.62301817947111 ], [ 129.364080791553249, 35.623005492413981 ], [ 129.364051451784377, 35.623132778312105 ] ], [ [ 129.327175722903917, 35.625314974537751 ], [ 129.327181155525267, 35.625320791135671 ], [ 129.327173447390749, 35.625322767752415 ], [ 129.327175722903917, 35.625314974537751 ] ], [ [ 129.33907576793294, 35.639789834367789 ], [ 129.339340211608686, 35.63809907041572 ], [ 129.339532870433459, 35.637800305955345 ], [ 129.339348606644506, 35.638105310752522 ], [ 129.339337138207355, 35.638635844243026 ], [ 129.339167778907836, 35.639479374614162 ], [ 129.33907576793294, 35.639789834367789 ] ], [ [ 129.338863856685919, 35.640516335323369 ], [ 129.33880383246742, 35.640696245265154 ], [ 129.338809540207535, 35.640661989737168 ], [ 129.338863856685919, 35.640516335323369 ] ], [ [ 129.338707287507106, 35.641407722878519 ], [ 129.338712266961892, 35.641407708937756 ], [ 129.338626756593527, 35.641526601516397 ], [ 129.338707287507106, 35.641407722878519 ] ], [ [ 129.337213879894648, 35.642881725208937 ], [ 129.337108461956888, 35.643049007689413 ], [ 129.337204547530717, 35.642894324041841 ], [ 129.337213879894648, 35.642881725208937 ] ], [ [ 129.336385533297829, 35.643924003482368 ], [ 129.336526315713343, 35.643761682222006 ], [ 129.336387392278539, 35.643925899459674 ], [ 129.336385533297829, 35.643924003482368 ] ], [ [ 129.336841046824929, 35.644807261427268 ], [ 129.336747956945572, 35.644296715686664 ], [ 129.336841758542164, 35.644812797117133 ], [ 129.336841046824929, 35.644807261427268 ] ], [ [ 129.336865349303764, 35.644996312906727 ], [ 129.336868476924735, 35.645017903795846 ], [ 129.336868095526142, 35.645017904729521 ], [ 129.336865349303764, 35.644996312906727 ] ], [ [ 129.337107197589944, 35.645017274768882 ], [ 129.337107213320223, 35.645017319364406 ], [ 129.337106513022036, 35.645017276676441 ], [ 129.337107197589944, 35.645017274768882 ] ], [ [ 129.337114928949546, 35.645039192495467 ], [ 129.337117410620863, 35.645046208911069 ], [ 129.337116755793488, 35.645045413047455 ], [ 129.337114928949546, 35.645039192495467 ] ], [ [ 129.337389221773009, 35.645373178722743 ], [ 129.337254864608411, 35.645222489599149 ], [ 129.337195825396066, 35.645143147737627 ], [ 129.337389221773009, 35.645373178722743 ] ], [ [ 129.33739989036215, 35.645382125008098 ], [ 129.337400481993512, 35.645526103705691 ], [ 129.337399846040313, 35.645382087841462 ], [ 129.33739989036215, 35.645382125008098 ] ], [ [ 129.337423006271138, 35.645539144128371 ], [ 129.337588860373103, 35.645627233369844 ], [ 129.337446493436431, 35.645552723953486 ], [ 129.337423006271138, 35.645539144128371 ] ], [ [ 129.337931397304317, 35.645808207365967 ], [ 129.33794102285097, 35.645812048707484 ], [ 129.337931282943572, 35.645808161651438 ], [ 129.337931397304317, 35.645808207365967 ] ], [ [ 129.338194898274679, 35.645909536771356 ], [ 129.338207605800079, 35.645913822249916 ], [ 129.338207650041824, 35.645913840151735 ], [ 129.338194898274679, 35.645909536771356 ] ], [ [ 129.343280672701354, 35.64632207571816 ], [ 129.343282327033137, 35.646321623311316 ], [ 129.343280672713831, 35.646322078644374 ], [ 129.343280672701354, 35.64632207571816 ] ], [ [ 129.343290709006453, 35.646319337320136 ], [ 129.343289557191895, 35.646326298445828 ], [ 129.343300771656061, 35.646317101682563 ], [ 129.343290709006453, 35.646319337320136 ] ], [ [ 129.343380393425861, 35.64629943494193 ], [ 129.34338033825631, 35.646299444111335 ], [ 129.343491148414159, 35.646258844121419 ], [ 129.343380393425861, 35.64629943494193 ] ], [ [ 129.343500339300334, 35.646255476869342 ], [ 129.343500351023891, 35.646255472574197 ], [ 129.343498974077335, 35.646264011575603 ], [ 129.343500339300334, 35.646255476869342 ] ], [ [ 129.345349377290688, 35.647107045320176 ], [ 129.345348973094531, 35.647107494471143 ], [ 129.345348659655144, 35.647106981975917 ], [ 129.345349377290688, 35.647107045320176 ] ], [ [ 129.346500329753695, 35.646908088782666 ], [ 129.346185229730082, 35.647072333675617 ], [ 129.34615907418376, 35.647085941181281 ], [ 129.346500329753695, 35.646908088782666 ] ], [ [ 129.346764323313437, 35.646770471408672 ], [ 129.346978223401919, 35.646658960779178 ], [ 129.346931219891133, 35.646683476643283 ], [ 129.346764323313437, 35.646770471408672 ] ], [ [ 129.347506252662328, 35.646383719763591 ], [ 129.347505756762104, 35.646383946507385 ], [ 129.347569552998323, 35.646350700448259 ], [ 129.347506252662328, 35.646383719763591 ] ], [ [ 129.347681238365283, 35.646292525062549 ], [ 129.347681246078878, 35.64629252143525 ], [ 129.347681268200887, 35.646292530384471 ], [ 129.347681238365283, 35.646292525062549 ] ], [ [ 129.34818834200891, 35.646038110509011 ], [ 129.348187846034875, 35.646038319230279 ], [ 129.348189465676683, 35.64603751243186 ], [ 129.34818834200891, 35.646038110509011 ] ], [ [ 129.348807286449357, 35.643992682031062 ], [ 129.348823518950212, 35.643982856367067 ], [ 129.34883435531097, 35.6439762998723 ], [ 129.348807286449357, 35.643992682031062 ] ], [ [ 129.349556725072716, 35.643150816849236 ], [ 129.349556725033665, 35.64315080783657 ], [ 129.349558761251728, 35.643141690040849 ], [ 129.349556725072716, 35.643150816849236 ] ], [ [ 129.35018513621921, 35.642900940757251 ], [ 129.349832923251597, 35.642458982156498 ], [ 129.349833839460103, 35.642458502496332 ], [ 129.35018513621921, 35.642900940757251 ] ], [ [ 129.349672716449049, 35.642255576463761 ], [ 129.349672361611454, 35.642255225991335 ], [ 129.349856888203277, 35.642157561793482 ], [ 129.349672716449049, 35.642255576463761 ] ], [ [ 129.352194858829762, 35.641375967180132 ], [ 129.350173301628871, 35.64255568672715 ], [ 129.349863818915452, 35.642166166840155 ], [ 129.350172634857898, 35.642554697252457 ], [ 129.352194858829762, 35.641375967180132 ] ], [ [ 129.352651546468564, 35.641595759804702 ], [ 129.352691760039164, 35.641532224875824 ], [ 129.352651550469886, 35.641595764989425 ], [ 129.352651546468564, 35.641595759804702 ] ], [ [ 129.353305056391605, 35.64091980172563 ], [ 129.353327603359418, 35.640898839560158 ], [ 129.353327598526306, 35.640898844274098 ], [ 129.353305056391605, 35.64091980172563 ] ], [ [ 129.354143068090224, 35.640633683123646 ], [ 129.35412762266256, 35.640608744934845 ], [ 129.354144006716211, 35.640633716426713 ], [ 129.354143068090224, 35.640633683123646 ] ], [ [ 129.35429083262332, 35.640639541332071 ], [ 129.354370202120919, 35.640643698055634 ], [ 129.35425164182692, 35.640638060853576 ], [ 129.35429083262332, 35.640639541332071 ] ], [ [ 129.354224462834594, 35.640426319585963 ], [ 129.354224455952533, 35.640426322263536 ], [ 129.354166627766119, 35.640384537132505 ], [ 129.354224462834594, 35.640426319585963 ] ], [ [ 129.354075545054457, 35.640031223640726 ], [ 129.354085870058185, 35.640049227978764 ], [ 129.354072876012879, 35.64003187136035 ], [ 129.354075545054457, 35.640031223640726 ] ], [ [ 129.354167719059433, 35.639027228071896 ], [ 129.354172395917601, 35.638991046108771 ], [ 129.354163248615009, 35.639080236282581 ], [ 129.354167719059433, 35.639027228071896 ] ], [ [ 129.354185828745528, 35.638836924358706 ], [ 129.354208556684085, 35.638735319871515 ], [ 129.354224138032691, 35.638710867646672 ], [ 129.354185828745528, 35.638836924358706 ] ], [ [ 129.354351901190768, 35.638545217149776 ], [ 129.354362996912641, 35.638532629847681 ], [ 129.354373468368038, 35.638523703560601 ], [ 129.354351901190768, 35.638545217149776 ] ], [ [ 129.354417796122561, 35.638485936335591 ], [ 129.354417939094304, 35.638485809737844 ], [ 129.354418302717505, 35.638485646442476 ], [ 129.354417796122561, 35.638485936335591 ] ], [ [ 129.354656846063989, 35.638447832670991 ], [ 129.354665692791116, 35.638448554793108 ], [ 129.354695033935911, 35.63845497598566 ], [ 129.354656846063989, 35.638447832670991 ] ], [ [ 129.354909738230134, 35.638501942699705 ], [ 129.355078047701369, 35.638548396307961 ], [ 129.354777465392999, 35.638473003145698 ], [ 129.354909738230134, 35.638501942699705 ] ], [ [ 129.355144005788958, 35.638561208110424 ], [ 129.355220913144279, 35.638570815226046 ], [ 129.355190615203696, 35.638570273301454 ], [ 129.355144005788958, 35.638561208110424 ] ], [ [ 129.35636374700232, 35.638062449856022 ], [ 129.356097445151903, 35.638239217586616 ], [ 129.355991162448163, 35.638302899255002 ], [ 129.35636374700232, 35.638062449856022 ] ], [ [ 129.356590513083944, 35.637721332937815 ], [ 129.356601411761403, 35.637679283241631 ], [ 129.356608196456079, 35.637653144211662 ], [ 129.356590513083944, 35.637721332937815 ] ], [ [ 129.356699276206655, 35.636454482620273 ], [ 129.356716376650212, 35.636534078119794 ], [ 129.356714183813068, 35.636542511534564 ], [ 129.356699276206655, 35.636454482620273 ] ], [ [ 129.356626473514211, 35.636389021159822 ], [ 129.356663967317587, 35.63641664293521 ], [ 129.356545562660131, 35.636337481259211 ], [ 129.356626473514211, 35.636389021159822 ] ], [ [ 129.358304620955295, 35.635427268349211 ], [ 129.358157409067019, 35.635219298738647 ], [ 129.358304626978651, 35.635427265268731 ], [ 129.358304620955295, 35.635427268349211 ] ], [ [ 129.343425469739373, 35.632815541644106 ], [ 129.343144259181372, 35.633001606414936 ], [ 129.343150300058824, 35.632994306948866 ], [ 129.343425469739373, 35.632815541644106 ] ], [ [ 129.342869773089717, 35.633349223720799 ], [ 129.342869744960808, 35.633342608414225 ], [ 129.342957573364117, 35.633232331368731 ], [ 129.342869773089717, 35.633349223720799 ] ], [ [ 129.342256134311896, 35.63410214995762 ], [ 129.342185521152459, 35.63418775485929 ], [ 129.34225587015743, 35.634102339973339 ], [ 129.342256134311896, 35.63410214995762 ] ], [ [ 129.351641501380101, 35.646509711482842 ], [ 129.351586605498738, 35.646440064957901 ], [ 129.351468088359383, 35.646291806915116 ], [ 129.351641501380101, 35.646509711482842 ] ], [ [ 129.351868421955089, 35.64680127923112 ], [ 129.351868465964287, 35.646801243052089 ], [ 129.351963168443092, 35.646919563160601 ], [ 129.351868421955089, 35.64680127923112 ] ], [ [ 129.352717494190387, 35.64666157083149 ], [ 129.352704353316312, 35.646660426507182 ], [ 129.352717498019075, 35.646661568848664 ], [ 129.352717494190387, 35.64666157083149 ] ], [ [ 129.353425064942456, 35.640832622087181 ], [ 129.353426718798261, 35.640834618090594 ], [ 129.353420566837542, 35.64082909320971 ], [ 129.353425064942456, 35.640832622087181 ] ], [ [ 129.337731012039114, 35.666381245903267 ], [ 129.337716337652068, 35.666142440257637 ], [ 129.337747397293811, 35.6666461206148 ], [ 129.337731012039114, 35.666381245903267 ] ], [ [ 129.337678277923004, 35.665781406015128 ], [ 129.33761726424288, 35.665530048770485 ], [ 129.337679586018083, 35.665791540726346 ], [ 129.337678277923004, 35.665781406015128 ] ], [ [ 129.337594759492703, 35.665478225236754 ], [ 129.337485941144337, 35.665149158283562 ], [ 129.337597123648834, 35.66548365332082 ], [ 129.337594759492703, 35.665478225236754 ] ], [ [ 129.336640447023768, 35.664122060968282 ], [ 129.336505542820873, 35.66396618242274 ], [ 129.336720025729022, 35.664213183612212 ], [ 129.336640447023768, 35.664122060968282 ] ], [ [ 129.335589753286428, 35.663046984327991 ], [ 129.334950295034901, 35.662093937418348 ], [ 129.335828095126686, 35.663224630976323 ], [ 129.335589753286428, 35.663046984327991 ] ], [ [ 129.333904078408665, 35.659446531887646 ], [ 129.333827444388135, 35.660106810229742 ], [ 129.333900798516623, 35.659446540941246 ], [ 129.333904078408665, 35.659446531887646 ] ], [ [ 129.335071555095908, 35.657308552048299 ], [ 129.335759585125913, 35.654749292813534 ], [ 129.334639137629608, 35.657926059181904 ], [ 129.335071555095908, 35.657308552048299 ] ], [ [ 129.335981614283071, 35.651605692568651 ], [ 129.33602343779134, 35.651466707758267 ], [ 129.335981622230207, 35.65160569235578 ], [ 129.335981614283071, 35.651605692568651 ] ], [ [ 129.336243960783406, 35.643781682523965 ], [ 129.336243966454163, 35.643781688264959 ], [ 129.336220924162944, 35.643878597816752 ], [ 129.336243960783406, 35.643781682523965 ] ], [ [ 129.336244681084878, 35.64377966166068 ], [ 129.336244499659898, 35.643780163056725 ], [ 129.336244362392392, 35.643780023057388 ], [ 129.336244681084878, 35.64377966166068 ] ], [ [ 129.336244002244058, 35.643781537742463 ], [ 129.336243982489975, 35.643781592335905 ], [ 129.336244362392392, 35.643780023057388 ], [ 129.336244002244058, 35.643781537742463 ] ], [ [ 129.348746801422465, 35.646363133401607 ], [ 129.348633140520462, 35.646363749428701 ], [ 129.348746801400182, 35.646363133373619 ], [ 129.348746801422465, 35.646363133401607 ] ], [ [ 129.348794939896464, 35.646423569377362 ], [ 129.348794906927708, 35.646423605523481 ], [ 129.34875523247203, 35.64637371825534 ], [ 129.348794939896464, 35.646423569377362 ] ], [ [ 129.35047057083159, 35.64854946337902 ], [ 129.350071508906325, 35.648032751887428 ], [ 129.349857407886219, 35.647770234433068 ], [ 129.35047057083159, 35.64854946337902 ] ], [ [ 129.350595191775426, 35.648712005144617 ], [ 129.350517044029317, 35.648609738500099 ], [ 129.350602395732864, 35.648720230330447 ], [ 129.350595191775426, 35.648712005144617 ] ], [ [ 129.350781889660766, 35.648948123290424 ], [ 129.350888337585729, 35.649083274005449 ], [ 129.35088826335965, 35.649083274220757 ], [ 129.350781889660766, 35.648948123290424 ] ], [ [ 129.351580683635831, 35.65000195933132 ], [ 129.351016454038586, 35.649246177459489 ], [ 129.350932927004038, 35.649139886586404 ], [ 129.351016197599677, 35.649245610399696 ], [ 129.351321970565948, 35.649652099435848 ], [ 129.351580683635831, 35.65000195933132 ] ], [ [ 129.351736258592013, 35.650234169573793 ], [ 129.351644759828332, 35.650085756724458 ], [ 129.351722814721768, 35.650209094706646 ], [ 129.351736258592013, 35.650234169573793 ] ], [ [ 129.35220372179009, 35.650596929319782 ], [ 129.351978876651458, 35.650609192288584 ], [ 129.351793897707466, 35.650637435678242 ], [ 129.35220372179009, 35.650596929319782 ] ], [ [ 129.351612937304623, 35.649653317856234 ], [ 129.351517967670105, 35.64970236194776 ], [ 129.351891785899113, 35.649509294140486 ], [ 129.351612937304623, 35.649653317856234 ] ], [ [ 129.353096129564307, 35.648876224880397 ], [ 129.352681799161928, 35.649093478638484 ], [ 129.353273570496242, 35.648783160853959 ], [ 129.353096129564307, 35.648876224880397 ] ], [ [ 129.353964941115208, 35.648420614400074 ], [ 129.353540654364451, 35.648643109107745 ], [ 129.353400262622415, 35.648716725023704 ], [ 129.353964941115208, 35.648420614400074 ] ], [ [ 129.356083049146633, 35.650249367400946 ], [ 129.357352946964426, 35.649759996454982 ], [ 129.357639251269291, 35.649531659124769 ], [ 129.358177094115916, 35.649149422614904 ], [ 129.356083049146633, 35.650249367400946 ] ], [ [ 129.358362968476115, 35.649611776314345 ], [ 129.358362967577449, 35.649611774087809 ], [ 129.358388946539264, 35.649595945034207 ], [ 129.358362968476115, 35.649611776314345 ] ], [ [ 129.360668083394614, 35.654008718142791 ], [ 129.359349212480566, 35.653038491927646 ], [ 129.361046097436827, 35.654424610153228 ], [ 129.360668083394614, 35.654008718142791 ] ], [ [ 129.363007379346612, 35.656271705750108 ], [ 129.36158816297683, 35.655414915782806 ], [ 129.361344001457013, 35.654752370321063 ], [ 129.361623820087345, 35.655419694070382 ], [ 129.362813804753046, 35.656053430136566 ], [ 129.363007379346612, 35.656271705750108 ] ], [ [ 129.364813780801398, 35.658048134411366 ], [ 129.364810348311266, 35.658051010819456 ], [ 129.36456870649701, 35.657935745572061 ], [ 129.364813780801398, 35.658048134411366 ] ], [ [ 129.368435974408413, 35.665970983114164 ], [ 129.368555868144796, 35.664104901019407 ], [ 129.367046200663623, 35.662247263925558 ], [ 129.365942834465329, 35.660603800697288 ], [ 129.365224763021729, 35.659130441814469 ], [ 129.368435974408413, 35.665970983114164 ] ], [ [ 129.369311215033434, 35.666932458607498 ], [ 129.368925053371044, 35.666508254745651 ], [ 129.36932224693274, 35.666934515862152 ], [ 129.369311215033434, 35.666932458607498 ] ], [ [ 129.372496348622434, 35.667876783525813 ], [ 129.372496392675373, 35.667876756351966 ], [ 129.372508830809608, 35.667877150639264 ], [ 129.372496348622434, 35.667876783525813 ] ], [ [ 129.364922917934194, 35.657983859683817 ], [ 129.3648169950294, 35.657904425523398 ], [ 129.364835422632694, 35.6579182405398 ], [ 129.364922917934194, 35.657983859683817 ] ], [ [ 129.33626691438576, 35.64870689949111 ], [ 129.336266659707093, 35.648706728956469 ], [ 129.336267155728876, 35.648706520284108 ], [ 129.33626691438576, 35.64870689949111 ] ], [ [ 129.3450345119698, 35.646083378821857 ], [ 129.345075703578175, 35.646100277429596 ], [ 129.345034500928307, 35.646083378853334 ], [ 129.3450345119698, 35.646083378821857 ] ], [ [ 129.346710508941726, 35.674479110947608 ], [ 129.346699897178183, 35.67448238595388 ], [ 129.346693058701163, 35.674479530500868 ], [ 129.346710508941726, 35.674479110947608 ] ], [ [ 129.360828775850877, 35.570873432380466 ], [ 129.360827596232184, 35.570876067656563 ], [ 129.360672548945161, 35.570846057188724 ], [ 129.360828775850877, 35.570873432380466 ] ], [ [ 129.36094201385967, 35.570935427835998 ], [ 129.360976146949156, 35.570958110604863 ], [ 129.36093776740509, 35.57093309715011 ], [ 129.36094201385967, 35.570935427835998 ] ], [ [ 129.361398358163001, 35.571167013047628 ], [ 129.361399722799149, 35.571163818415542 ], [ 129.361529904849192, 35.571191063154473 ], [ 129.361398358163001, 35.571167013047628 ] ], [ [ 129.361657135922087, 35.571199786097345 ], [ 129.36210909870195, 35.571277504874374 ], [ 129.362245755240394, 35.571260151790213 ], [ 129.362112757764436, 35.571279215387577 ], [ 129.362043959189236, 35.571272796714467 ], [ 129.361657135922087, 35.571199786097345 ] ], [ [ 129.362282477826085, 35.571284538883567 ], [ 129.362282174890396, 35.571283404167957 ], [ 129.362349958024595, 35.571341352350856 ], [ 129.362282477826085, 35.571284538883567 ] ], [ [ 129.362563794208143, 35.571502901918038 ], [ 129.362564540534493, 35.571503464309231 ], [ 129.362564994394631, 35.571503814452015 ], [ 129.362563794208143, 35.571502901918038 ] ], [ [ 129.362689048636753, 35.571623006792812 ], [ 129.362686338217912, 35.571617917443817 ], [ 129.362688815420228, 35.571620241354921 ], [ 129.362689048636753, 35.571623006792812 ] ], [ [ 129.362694230281278, 35.571632176201852 ], [ 129.362726387967882, 35.571632395293477 ], [ 129.36269393243586, 35.571632177094266 ], [ 129.362694230281278, 35.571632176201852 ] ], [ [ 129.363626529506149, 35.57160956883444 ], [ 129.363825226884444, 35.571687699227972 ], [ 129.363525405519169, 35.571558382023355 ], [ 129.363626529506149, 35.57160956883444 ] ], [ [ 129.364373175140912, 35.571571236013845 ], [ 129.364701530139143, 35.571493890070883 ], [ 129.364903815689928, 35.571350228086338 ], [ 129.364373175140912, 35.571571236013845 ] ], [ [ 129.365737066557273, 35.571706840217978 ], [ 129.365737299194024, 35.571707055823964 ], [ 129.365726167232793, 35.571697040105647 ], [ 129.365737066557273, 35.571706840217978 ] ], [ [ 129.366066140663207, 35.571854125239142 ], [ 129.366096797887394, 35.571874485905781 ], [ 129.366096713683675, 35.57187465422669 ], [ 129.366066140663207, 35.571854125239142 ] ], [ [ 129.366289678063396, 35.571947994024562 ], [ 129.366290008963091, 35.57194798401035 ], [ 129.366283830837659, 35.571960043904141 ], [ 129.366289678063396, 35.571947994024562 ] ], [ [ 129.366619642920512, 35.572077204018449 ], [ 129.366588727317009, 35.57206874443861 ], [ 129.366547837844962, 35.572057548103217 ], [ 129.366619642920512, 35.572077204018449 ] ], [ [ 129.366682846350358, 35.572114515127346 ], [ 129.366657881577453, 35.572097403205952 ], [ 129.366634255782117, 35.572081206536446 ], [ 129.366682846350358, 35.572114515127346 ] ], [ [ 129.367492021109939, 35.572539271204072 ], [ 129.367476060308235, 35.572542113652538 ], [ 129.367476623965899, 35.572525366026049 ], [ 129.367492021109939, 35.572539271204072 ] ], [ [ 129.368399187951127, 35.573247196374588 ], [ 129.368312216707608, 35.573184830622445 ], [ 129.368012860705306, 35.572961888518833 ], [ 129.368286764721233, 35.57315778834284 ], [ 129.368399187951127, 35.573247196374588 ] ], [ [ 129.368714459222332, 35.573420563301141 ], [ 129.368638004462298, 35.573390440836981 ], [ 129.368618611697372, 35.573383397758185 ], [ 129.368657413874445, 35.573393878713986 ], [ 129.368714459222332, 35.573420563301141 ] ], [ [ 129.369245559055287, 35.573538968614784 ], [ 129.369241420274733, 35.573536142187073 ], [ 129.369248466082496, 35.573540212535001 ], [ 129.369245559055287, 35.573538968614784 ] ], [ [ 129.370863897939472, 35.574379382616215 ], [ 129.371080810580736, 35.574423646905586 ], [ 129.370518779647455, 35.574309968014731 ], [ 129.370863897939472, 35.574379382616215 ] ], [ [ 129.371852242005787, 35.574432590389563 ], [ 129.371606265442352, 35.574463845415707 ], [ 129.371606265348731, 35.574463844821885 ], [ 129.371852242005787, 35.574432590389563 ] ], [ [ 129.373241718352091, 35.574168679720714 ], [ 129.37324170732046, 35.574168679754685 ], [ 129.373257656123087, 35.574167990655553 ], [ 129.373241718352091, 35.574168679720714 ] ], [ [ 129.373695481230783, 35.574168768266865 ], [ 129.373695478895712, 35.574168775650762 ], [ 129.373560489240873, 35.574170183793143 ], [ 129.373695481230783, 35.574168768266865 ] ], [ [ 129.378646520676853, 35.57214995271044 ], [ 129.378644554203248, 35.572139927540299 ], [ 129.37865720126311, 35.572155101693326 ], [ 129.378646520676853, 35.57214995271044 ] ], [ [ 129.379401683125479, 35.572502180959745 ], [ 129.379415820869923, 35.572519964090063 ], [ 129.378774466033292, 35.572211497788864 ], [ 129.379401683125479, 35.572502180959745 ] ], [ [ 129.379543531095095, 35.572683832165005 ], [ 129.379676502593071, 35.573258165592534 ], [ 129.379796196044708, 35.573471638301051 ], [ 129.379660727935516, 35.573260648554317 ], [ 129.379543531095095, 35.572683832165005 ] ], [ [ 129.379833450712567, 35.573523381411718 ], [ 129.379808009274001, 35.573490041551466 ], [ 129.380105503336182, 35.5736944386529 ], [ 129.379833450712567, 35.573523381411718 ] ], [ [ 129.380348438448578, 35.574105572344429 ], [ 129.380295012773814, 35.573824656017784 ], [ 129.380656472893122, 35.574024650721775 ], [ 129.380348438448578, 35.574105572344429 ] ], [ [ 129.380845116789686, 35.574240014463648 ], [ 129.380844796744469, 35.57423998843224 ], [ 129.380843263626673, 35.574237713002191 ], [ 129.380845116789686, 35.574240014463648 ] ], [ [ 129.384392592339168, 35.573759931267261 ], [ 129.384281424734894, 35.57387803739433 ], [ 129.384279915979391, 35.57387858295715 ], [ 129.384392592339168, 35.573759931267261 ] ], [ [ 129.386817175250258, 35.572484699362299 ], [ 129.38653036843246, 35.572874908457301 ], [ 129.386510806668127, 35.572878954623711 ], [ 129.386817175250258, 35.572484699362299 ] ], [ [ 129.389969481316086, 35.571900390405368 ], [ 129.389933623546085, 35.571919829536604 ], [ 129.38992776648297, 35.571919965576726 ], [ 129.389969481316086, 35.571900390405368 ] ], [ [ 129.392541269966074, 35.572383213179272 ], [ 129.392181579423891, 35.572259109661374 ], [ 129.392162697220442, 35.572246255422293 ], [ 129.392541269966074, 35.572383213179272 ] ], [ [ 129.39450150372906, 35.572226062215506 ], [ 129.394502229015018, 35.572252593719057 ], [ 129.393373371005282, 35.572490143500502 ], [ 129.39450150372906, 35.572226062215506 ] ], [ [ 129.399691444335048, 35.575548384591251 ], [ 129.399852171526163, 35.575031912583349 ], [ 129.399714895670627, 35.575576823797249 ], [ 129.399691444335048, 35.575548384591251 ] ], [ [ 129.399955200140198, 35.575831931711285 ], [ 129.400336835699505, 35.576571751577028 ], [ 129.399785826911852, 35.575662842482188 ], [ 129.399955200140198, 35.575831931711285 ] ], [ [ 129.400325699665331, 35.576608650996597 ], [ 129.400645893399968, 35.578778327663123 ], [ 129.399742032081775, 35.581593533516404 ], [ 129.399233566396418, 35.582720998033679 ], [ 129.398259833500163, 35.583614126570012 ], [ 129.398098743384367, 35.583605986380974 ], [ 129.400325699665331, 35.576608650996597 ] ], [ [ 129.400319514703028, 35.590340487220821 ], [ 129.403882028130596, 35.58883587715124 ], [ 129.404986995526571, 35.589041972102422 ], [ 129.400319514703028, 35.590340487220821 ] ], [ [ 129.409638674225647, 35.587140845256663 ], [ 129.411655041284121, 35.586780778356967 ], [ 129.408896749357694, 35.587388837513863 ], [ 129.409638674225647, 35.587140845256663 ] ], [ [ 129.412500216556197, 35.586749707026776 ], [ 129.412924878538348, 35.586848701802992 ], [ 129.411898339195062, 35.586736528464783 ], [ 129.412500216556197, 35.586749707026776 ] ], [ [ 129.413114976265945, 35.586893023753262 ], [ 129.413944160260371, 35.587121736224901 ], [ 129.414254663554743, 35.587212675019529 ], [ 129.413114976265945, 35.586893023753262 ] ], [ [ 129.414685535548585, 35.58673248327279 ], [ 129.416922123313043, 35.587049887888426 ], [ 129.414435863252862, 35.587011157778448 ], [ 129.414685535548585, 35.58673248327279 ] ], [ [ 129.416989505632671, 35.587050151402259 ], [ 129.417105636553146, 35.587050039747716 ], [ 129.416988525172314, 35.587050574892828 ], [ 129.416989505632671, 35.587050151402259 ] ], [ [ 129.418057226358968, 35.587038156075565 ], [ 129.418126891273289, 35.587057148665423 ], [ 129.418010433843477, 35.587049169826727 ], [ 129.418057226358968, 35.587038156075565 ] ], [ [ 129.420330740105584, 35.586897839239121 ], [ 129.422350611628815, 35.587031884248553 ], [ 129.424457766080479, 35.585097763058343 ], [ 129.425449078537383, 35.584658749028137 ], [ 129.420330740105584, 35.586897839239121 ] ], [ [ 129.426409767273952, 35.58402726587687 ], [ 129.427349671931637, 35.583671662860475 ], [ 129.425657710762664, 35.58456493862554 ], [ 129.426409767273952, 35.58402726587687 ] ], [ [ 129.4274379472227, 35.583638898551982 ], [ 129.427642612964945, 35.583546909585138 ], [ 129.427643010606317, 35.583562787107127 ], [ 129.4274379472227, 35.583638898551982 ] ], [ [ 129.430182582188905, 35.584108523083259 ], [ 129.430182582747449, 35.58410852478692 ], [ 129.430104742739445, 35.584122895974637 ], [ 129.430182582188905, 35.584108523083259 ] ], [ [ 129.430500614145785, 35.584030232682927 ], [ 129.430500673396523, 35.584030998562739 ], [ 129.43018889726747, 35.584117576544436 ], [ 129.430500614145785, 35.584030232682927 ] ], [ [ 129.439252964189507, 35.5923390124156 ], [ 129.439117346970136, 35.592343975291087 ], [ 129.439019319739316, 35.5923475552081 ], [ 129.439252964189507, 35.5923390124156 ] ], [ [ 129.441165037447036, 35.589348412922547 ], [ 129.442198319020207, 35.587442672515721 ], [ 129.442998564037765, 35.587306119684662 ], [ 129.443763744896188, 35.58689327596948 ], [ 129.444714682585214, 35.586891828723978 ], [ 129.444881068008186, 35.586389499965939 ], [ 129.445313727939038, 35.585970604851724 ], [ 129.446705466542568, 35.585591539063564 ], [ 129.448423061558003, 35.585518523561589 ], [ 129.448640084461971, 35.585051683584595 ], [ 129.448871495003232, 35.58474007173028 ], [ 129.450055166055449, 35.584112581599896 ], [ 129.448389580927767, 35.585587027990286 ], [ 129.445299776066406, 35.586025562344794 ], [ 129.444689909858624, 35.586961453741694 ], [ 129.442215246016445, 35.587471127191272 ], [ 129.441165037447036, 35.589348412922547 ] ], [ [ 129.450094330318848, 35.583713697780318 ], [ 129.450098259520786, 35.583713953541249 ], [ 129.450069403756544, 35.583980878403224 ], [ 129.450094330318848, 35.583713697780318 ] ], [ [ 129.450762366868958, 35.583066846705151 ], [ 129.450840916770971, 35.58248136913631 ], [ 129.451002516118848, 35.581589055517796 ], [ 129.450762366868958, 35.583066846705151 ] ], [ [ 129.450993924543894, 35.581512586676226 ], [ 129.451446599050257, 35.581269072653924 ], [ 129.451000612296582, 35.581572154552951 ], [ 129.450993924543894, 35.581512586676226 ] ], [ [ 129.451470745097339, 35.581229670444003 ], [ 129.451466933485477, 35.581261097459837 ], [ 129.451470735988011, 35.581229577003178 ], [ 129.451470745097339, 35.581229670444003 ] ], [ [ 129.451549183437493, 35.58053058009844 ], [ 129.451512286881098, 35.580672198099805 ], [ 129.451490173936236, 35.580761284315415 ], [ 129.451549183437493, 35.58053058009844 ] ], [ [ 129.394498949772469, 35.572134553932024 ], [ 129.394915771473848, 35.570211327185348 ], [ 129.396607409876538, 35.568972591114296 ], [ 129.394498949772469, 35.572134553932024 ] ], [ [ 129.396640778778277, 35.568909644091541 ], [ 129.399521348398196, 35.568500050575459 ], [ 129.401133543153605, 35.565679015717571 ], [ 129.399539153851492, 35.568540477583213 ], [ 129.396640778778277, 35.568909644091541 ] ], [ [ 129.401929767483182, 35.563830023857783 ], [ 129.401549625644066, 35.565150076348189 ], [ 129.401191357742164, 35.565546361896025 ], [ 129.401929767483182, 35.563830023857783 ] ], [ [ 129.402252354876055, 35.56294688908725 ], [ 129.402253391947426, 35.562944095564077 ], [ 129.402237845902505, 35.562985927008626 ], [ 129.402252354876055, 35.56294688908725 ] ], [ [ 129.402438679289958, 35.562504278226506 ], [ 129.402325759549086, 35.56275451717044 ], [ 129.402600246918496, 35.562149579887368 ], [ 129.402438679289958, 35.562504278226506 ] ], [ [ 129.403112627875572, 35.561483679287328 ], [ 129.402663280948275, 35.562022775314759 ], [ 129.403318208355358, 35.561236672384098 ], [ 129.403112627875572, 35.561483679287328 ] ], [ [ 129.403374882884691, 35.56117085171671 ], [ 129.403348474868721, 35.56120134918536 ], [ 129.403348474778767, 35.561201331159971 ], [ 129.403374882884691, 35.56117085171671 ] ], [ [ 129.408279012368183, 35.561742864372889 ], [ 129.408072424136378, 35.561684941502932 ], [ 129.408337742506916, 35.561759321990905 ], [ 129.408279012368183, 35.561742864372889 ] ], [ [ 129.40848200119018, 35.561714933391713 ], [ 129.408553348611093, 35.561692980105427 ], [ 129.408337742506916, 35.561759321990905 ], [ 129.40848200119018, 35.561714933391713 ] ], [ [ 129.408900993132249, 35.561628409696326 ], [ 129.408955529126871, 35.561624710375249 ], [ 129.40872417569534, 35.5616404173661 ], [ 129.408900993132249, 35.561628409696326 ] ], [ [ 129.409230151514919, 35.561499746768455 ], [ 129.409054241589615, 35.561579826087019 ], [ 129.40937775012452, 35.561435526494044 ], [ 129.409230151514919, 35.561499746768455 ] ], [ [ 129.372521226257788, 35.557223963040386 ], [ 129.372378952656675, 35.557122464957686 ], [ 129.372305856022535, 35.557066440324498 ], [ 129.372521226257788, 35.557223963040386 ] ], [ [ 129.372848913382796, 35.557470529344208 ], [ 129.372757077863668, 35.557414697898068 ], [ 129.372529350399873, 35.557230147922731 ], [ 129.372848913382796, 35.557470529344208 ] ], [ [ 129.373052155146297, 35.557599778956543 ], [ 129.372937620368816, 35.557522386659492 ], [ 129.373059736592268, 35.557653256119437 ], [ 129.373052155146297, 35.557599778956543 ] ], [ [ 129.373000815926019, 35.558382075882854 ], [ 129.373030496573989, 35.558389221774696 ], [ 129.373000059167339, 35.558385394958478 ], [ 129.373000815926019, 35.558382075882854 ] ], [ [ 129.373104273511075, 35.55840109871523 ], [ 129.373042640035152, 35.558389184353032 ], [ 129.373158038515527, 35.558421626586615 ], [ 129.373104273511075, 35.55840109871523 ] ], [ [ 129.373360649913423, 35.558540332511271 ], [ 129.373366564222465, 35.558538466626906 ], [ 129.373430675853399, 35.558580620438271 ], [ 129.373360649913423, 35.558540332511271 ] ], [ [ 129.374057995489835, 35.559006453368632 ], [ 129.374055461317226, 35.559007029011553 ], [ 129.374007360755996, 35.55897128831085 ], [ 129.374057995489835, 35.559006453368632 ] ], [ [ 129.375037170173016, 35.559641445465083 ], [ 129.375037171718759, 35.559641446019256 ], [ 129.375032685577679, 35.559642090820596 ], [ 129.375037170173016, 35.559641445465083 ] ], [ [ 129.37573604039838, 35.559638602746965 ], [ 129.37633570984346, 35.559475310007521 ], [ 129.37574251199635, 35.559637978795074 ], [ 129.375403378339712, 35.559740074516917 ], [ 129.375331867860126, 35.559758186854388 ], [ 129.37573604039838, 35.559638602746965 ] ], [ [ 129.376804703450489, 35.55948865014301 ], [ 129.376802166173604, 35.559488558899552 ], [ 129.376618267832214, 35.559420200647885 ], [ 129.376804703450489, 35.55948865014301 ] ], [ [ 129.377234756059693, 35.55967321949192 ], [ 129.377263656442523, 35.559687883517483 ], [ 129.37726365644761, 35.559687884609282 ], [ 129.377234756059693, 35.55967321949192 ] ], [ [ 129.377263689816004, 35.559687944374232 ], [ 129.377390289730499, 35.559713860477721 ], [ 129.377263689825952, 35.559687946503637 ], [ 129.377263689816004, 35.559687944374232 ] ], [ [ 129.382963650225122, 35.561206897533772 ], [ 129.382963650944419, 35.561206896545521 ], [ 129.383439720964219, 35.561435398064489 ], [ 129.382963650225122, 35.561206897533772 ] ], [ [ 129.385305859260058, 35.563567588311344 ], [ 129.385606622433784, 35.5638562592898 ], [ 129.38530585938895, 35.563567615349655 ], [ 129.385305859260058, 35.563567588311344 ] ], [ [ 129.394731964782096, 35.56830067631207 ], [ 129.395062204313717, 35.568087372619999 ], [ 129.395062208605538, 35.568087374772468 ], [ 129.394731964782096, 35.56830067631207 ] ], [ [ 129.396082332017414, 35.568729918071355 ], [ 129.396344109133111, 35.568824209790591 ], [ 129.39605500929062, 35.568736491766693 ], [ 129.396082332017414, 35.568729918071355 ] ], [ [ 129.385615647372589, 35.535458602312538 ], [ 129.386906258009674, 35.535307186528243 ], [ 129.387422426880221, 35.536713272782073 ], [ 129.385615647372589, 35.535458602312538 ] ], [ [ 129.387923267364982, 35.537591158515212 ], [ 129.388876863379352, 35.538313476651219 ], [ 129.388938691723666, 35.53837551220991 ], [ 129.389185032566104, 35.538774245027703 ], [ 129.389216726686413, 35.538836665722762 ], [ 129.387923267364982, 35.537591158515212 ] ], [ [ 129.389381893576228, 35.539146926913979 ], [ 129.389962691119223, 35.539438508863697 ], [ 129.389621125349208, 35.539327965698448 ], [ 129.389509695171569, 35.539277157967064 ], [ 129.389381893576228, 35.539146926913979 ] ], [ [ 129.391899765367356, 35.541124355493785 ], [ 129.391840346424317, 35.541066630880309 ], [ 129.391911708922237, 35.541135943481294 ], [ 129.391899765367356, 35.541124355493785 ] ], [ [ 129.392405691375473, 35.541927767652588 ], [ 129.392479493941806, 35.54196563496776 ], [ 129.39240381929838, 35.541926808462925 ], [ 129.392405691375473, 35.541927767652588 ] ], [ [ 129.39403608857836, 35.543163233385172 ], [ 129.394086849877851, 35.543235946498072 ], [ 129.393966493272671, 35.543063551841598 ], [ 129.39403608857836, 35.543163233385172 ] ], [ [ 129.39458611631818, 35.543720530260678 ], [ 129.394420715724124, 35.543522145475144 ], [ 129.394327938107722, 35.543410840931649 ], [ 129.39458611631818, 35.543720530260678 ] ], [ [ 129.395251694738988, 35.544112087535808 ], [ 129.395191933135266, 35.544107037151328 ], [ 129.395251716793894, 35.544112087463773 ], [ 129.395251694738988, 35.544112087535808 ] ], [ [ 129.396055806802707, 35.546213935939328 ], [ 129.397469244782371, 35.549633582227152 ], [ 129.396875879151423, 35.550095718767146 ], [ 129.396055806802707, 35.546213935939328 ] ], [ [ 129.396713938859335, 35.550230983433238 ], [ 129.396736641825754, 35.550342371489847 ], [ 129.396623930725525, 35.550288519314059 ], [ 129.396713938859335, 35.550230983433238 ] ], [ [ 129.39657300885483, 35.551133113257315 ], [ 129.396519269775467, 35.551104592270292 ], [ 129.396393771216879, 35.550703505955681 ], [ 129.39657300885483, 35.551133113257315 ] ], [ [ 129.398077641889017, 35.55288130752178 ], [ 129.397295651472916, 35.552865797166803 ], [ 129.396957963792744, 35.552175219843697 ], [ 129.39664246800362, 35.552164897943875 ], [ 129.39642451181922, 35.55181297359298 ], [ 129.398077641889017, 35.55288130752178 ] ], [ [ 129.399216087743838, 35.553450957738995 ], [ 129.399215411927628, 35.553443641502014 ], [ 129.399245300490662, 35.55347045539682 ], [ 129.399216087743838, 35.553450957738995 ] ], [ [ 129.399808630420949, 35.553841368849476 ], [ 129.399838628458781, 35.553927795522142 ], [ 129.399800247683316, 35.553838999113033 ], [ 129.399808630420949, 35.553841368849476 ] ], [ [ 129.401870542482243, 35.554692170013958 ], [ 129.401724793665096, 35.554630248675196 ], [ 129.401881670682229, 35.554692133060954 ], [ 129.401870542482243, 35.554692170013958 ] ], [ [ 129.402099287839064, 35.554741215431093 ], [ 129.404386456924613, 35.555394392273989 ], [ 129.404743227285081, 35.55576161024706 ], [ 129.402099287839064, 35.554741215431093 ] ], [ [ 129.406169816138316, 35.556039772044883 ], [ 129.405076469776105, 35.555676639390946 ], [ 129.407438021682907, 35.555998411838907 ], [ 129.406169816138316, 35.556039772044883 ] ], [ [ 129.412362066689326, 35.558275077920861 ], [ 129.411365377009105, 35.557664296720937 ], [ 129.410120037979311, 35.557413125835346 ], [ 129.408722179711788, 35.556623229307128 ], [ 129.410677669356687, 35.557324620883563 ], [ 129.411362949984351, 35.557638194662033 ], [ 129.412362066689326, 35.558275077920861 ] ], [ [ 129.39576622665831, 35.544556454955618 ], [ 129.395758873596691, 35.544525411517306 ], [ 129.395772559721053, 35.544588637354337 ], [ 129.39576622665831, 35.544556454955618 ] ], [ [ 129.396673611082576, 35.527508203287923 ], [ 129.394872252006451, 35.528358477215995 ], [ 129.391345744539052, 35.524712416542563 ], [ 129.39261795687321, 35.522765514333919 ], [ 129.3959955945123, 35.524161091221892 ], [ 129.396673611082576, 35.527508203287923 ] ], [ [ 129.395834906714128, 35.544684709322574 ], [ 129.395834928637044, 35.544684682212136 ], [ 129.395841412596525, 35.544745426004454 ], [ 129.395834906714128, 35.544684709322574 ] ], [ [ 129.392290494684801, 35.541838147126192 ], [ 129.392290285736522, 35.541838264971119 ], [ 129.392293364824383, 35.541836497475536 ], [ 129.392290494684801, 35.541838147126192 ] ], [ [ 129.396353964212182, 35.551105124701927 ], [ 129.396353776728404, 35.551105125315814 ], [ 129.396353676500098, 35.551104927360463 ], [ 129.396353964212182, 35.551105124701927 ] ], [ [ 129.381059259782717, 35.542766434510831 ], [ 129.381083712011332, 35.542767339950132 ], [ 129.381083715239129, 35.542768024921301 ], [ 129.381059259782717, 35.542766434510831 ] ], [ [ 129.364687235643146, 35.571350186810591 ], [ 129.364632759485033, 35.571395965082267 ], [ 129.364687257583739, 35.571350159705879 ], [ 129.364687235643146, 35.571350186810591 ] ], [ [ 129.361249294847511, 35.568873085879538 ], [ 129.361219312002646, 35.569104977581979 ], [ 129.361219674365117, 35.569102137443927 ], [ 129.361249294847511, 35.568873085879538 ] ], [ [ 129.358095933316264, 35.584477574195212 ], [ 129.358097920956197, 35.58449785625465 ], [ 129.358095401858691, 35.584472177066509 ], [ 129.358095933316264, 35.584477574195212 ] ], [ [ 129.371176222033597, 35.574459027267068 ], [ 129.371107907764895, 35.574443509298703 ], [ 129.371042696695696, 35.574428693794601 ], [ 129.371176222033597, 35.574459027267068 ] ], [ [ 129.360135900955044, 35.578764452180366 ], [ 129.360126740442382, 35.578855211941871 ], [ 129.360123017867352, 35.578891292500607 ], [ 129.360135900955044, 35.578764452180366 ] ], [ [ 129.360307360984507, 35.576900504855956 ], [ 129.360312189823844, 35.576808252797854 ], [ 129.360314312592607, 35.576759811329531 ], [ 129.360307360984507, 35.576900504855956 ] ], [ [ 129.360263622486372, 35.577574319794806 ], [ 129.360263068711049, 35.577578782811798 ], [ 129.360254022589402, 35.577489798668381 ], [ 129.360263622486372, 35.577574319794806 ] ], [ [ 129.370287789695055, 35.574080089710357 ], [ 129.370198643019535, 35.574022580913407 ], [ 129.37019863133159, 35.574020030307331 ], [ 129.370287789695055, 35.574080089710357 ] ], [ [ 129.395409549105409, 35.607068922974747 ], [ 129.395374290736896, 35.607053698427599 ], [ 129.395406574489527, 35.607049717387412 ], [ 129.395409549105409, 35.607068922974747 ] ], [ [ 129.395473306202632, 35.60706899393044 ], [ 129.395425355201724, 35.607073846626946 ], [ 129.395425355159489, 35.607073846374313 ], [ 129.395473306202632, 35.60706899393044 ] ], [ [ 129.406076011744091, 35.60607484444165 ], [ 129.405432379482249, 35.606142310536285 ], [ 129.405642882580906, 35.606120181263975 ], [ 129.406076011744091, 35.60607484444165 ] ], [ [ 129.414287453007972, 35.606161754679114 ], [ 129.413701138234046, 35.606145339594484 ], [ 129.413700443716323, 35.60613903300667 ], [ 129.414287453007972, 35.606161754679114 ] ], [ [ 129.418138621463527, 35.606231273934185 ], [ 129.415568861560217, 35.605840134511681 ], [ 129.416036730679252, 35.605823681784408 ], [ 129.417052521065187, 35.605922469334914 ], [ 129.417270726062952, 35.605954162731244 ], [ 129.417840189630397, 35.606090209568187 ], [ 129.418057178214184, 35.606172386452265 ], [ 129.418138621463527, 35.606231273934185 ] ], [ [ 129.418884863856363, 35.606328598321412 ], [ 129.418839069956476, 35.606280935001877 ], [ 129.418745751687794, 35.606173248735047 ], [ 129.418884863856363, 35.606328598321412 ] ], [ [ 129.418736725254377, 35.60616284316405 ], [ 129.41871185596338, 35.606130032541557 ], [ 129.418742709581238, 35.60616974427554 ], [ 129.418736725254377, 35.60616284316405 ] ], [ [ 129.418537857938134, 35.605995704181886 ], [ 129.418587798344561, 35.606038585493827 ], [ 129.41853633076758, 35.605994898314968 ], [ 129.418537857938134, 35.605995704181886 ] ], [ [ 129.417608216449281, 35.605537372310835 ], [ 129.417922565580056, 35.605511275860671 ], [ 129.417714211997804, 35.605553247315058 ], [ 129.417608216449281, 35.605537372310835 ] ], [ [ 129.418852666047428, 35.605624178998674 ], [ 129.419652966984557, 35.605761310231507 ], [ 129.419686377128755, 35.605800219726937 ], [ 129.418852666047428, 35.605624178998674 ] ], [ [ 129.419747170272927, 35.605867145104234 ], [ 129.420355939454737, 35.606143399985434 ], [ 129.420906143300925, 35.606131986717372 ], [ 129.419747170272927, 35.605867145104234 ] ], [ [ 129.424472296528819, 35.605180658092117 ], [ 129.424487853685605, 35.605186254510492 ], [ 129.424477101480733, 35.605187761339984 ], [ 129.424472296528819, 35.605180658092117 ] ], [ [ 129.42668139651073, 35.604643696185306 ], [ 129.426681011368657, 35.60464377038587 ], [ 129.426681352857202, 35.604643652014502 ], [ 129.42668139651073, 35.604643696185306 ] ], [ [ 129.428485954984097, 35.604124694973329 ], [ 129.428485795777561, 35.604124688484966 ], [ 129.428485789401066, 35.604124686547252 ], [ 129.428485954984097, 35.604124694973329 ] ], [ [ 129.431256143372195, 35.604422625404887 ], [ 129.431219654088039, 35.604409398563341 ], [ 129.431256143452373, 35.604422624931814 ], [ 129.431256143372195, 35.604422625404887 ] ], [ [ 129.43171602143633, 35.604610217184621 ], [ 129.431676000470077, 35.60459904899686 ], [ 129.431658098187143, 35.60459043357767 ], [ 129.43171602143633, 35.604610217184621 ] ], [ [ 129.433239177496944, 35.604588898011457 ], [ 129.433339254824944, 35.604452245192178 ], [ 129.433418510244792, 35.604582469136055 ], [ 129.433239177496944, 35.604588898011457 ] ], [ [ 129.435793440184369, 35.604072785451116 ], [ 129.436038967340608, 35.603915789604748 ], [ 129.435977761474845, 35.603956432709857 ], [ 129.435861697996245, 35.604030071114998 ], [ 129.435793440184369, 35.604072785451116 ] ], [ [ 129.436670608283464, 35.603557747953083 ], [ 129.436676983083572, 35.603561104731732 ], [ 129.436611002268762, 35.603547255986243 ], [ 129.436670608283464, 35.603557747953083 ] ], [ [ 129.436676983083572, 35.603561104731732 ], [ 129.436679764059619, 35.603559057795835 ], [ 129.436948964458423, 35.603608674160803 ], [ 129.436676983083572, 35.603561104731732 ] ], [ [ 129.438347093613288, 35.604045565391381 ], [ 129.438412743812052, 35.604134481983259 ], [ 129.438243634288227, 35.603997190180287 ], [ 129.438347093613288, 35.604045565391381 ] ], [ [ 129.442792622687449, 35.603300583511675 ], [ 129.442071344203583, 35.603350422760613 ], [ 129.442781723476259, 35.603301335436072 ], [ 129.442792622687449, 35.603300583511675 ] ], [ [ 129.443435140639025, 35.602994317285649 ], [ 129.443397370062712, 35.603021268875246 ], [ 129.443416068468963, 35.603007924452896 ], [ 129.443435140639025, 35.602994317285649 ] ], [ [ 129.444074002691394, 35.609570140134942 ], [ 129.444064030087759, 35.609524869476004 ], [ 129.44417892498879, 35.610046405020363 ], [ 129.444074002691394, 35.609570140134942 ] ], [ [ 129.445989777456731, 35.611418316283093 ], [ 129.445989832654021, 35.611400362611839 ], [ 129.44599143700728, 35.611423032860316 ], [ 129.445989777456731, 35.611418316283093 ] ], [ [ 129.438698075417335, 35.594606154252141 ], [ 129.43847474333154, 35.594219800812041 ], [ 129.438754351546976, 35.594703504770742 ], [ 129.438698075417335, 35.594606154252141 ] ], [ [ 129.440091570324427, 35.595891401106186 ], [ 129.440430789613742, 35.597453708231242 ], [ 129.440737013235633, 35.598149066208222 ], [ 129.440091570324427, 35.595891401106186 ] ], [ [ 129.441230551554497, 35.598949063601566 ], [ 129.441351115700797, 35.599010460468378 ], [ 129.443218937433045, 35.600070338157977 ], [ 129.441985846978071, 35.599543899229964 ], [ 129.441230551554497, 35.598949063601566 ] ], [ [ 129.448349779482953, 35.599323918403186 ], [ 129.447317736900487, 35.598807359607711 ], [ 129.44605421614213, 35.598720825521447 ], [ 129.447327787177187, 35.598782987858016 ], [ 129.448349779482953, 35.599323918403186 ] ], [ [ 129.448441245569796, 35.599279680236471 ], [ 129.449013203050868, 35.598924983420183 ], [ 129.448589221667902, 35.599196932193649 ], [ 129.448441245569796, 35.599279680236471 ] ], [ [ 129.450565074906649, 35.597324286883712 ], [ 129.449839306249373, 35.598017806915969 ], [ 129.450634811810232, 35.597166013013513 ], [ 129.450565074906649, 35.597324286883712 ] ], [ [ 129.451232440305063, 35.596348775824573 ], [ 129.450856010593384, 35.596702301292865 ], [ 129.451256118660126, 35.59632468635813 ], [ 129.451232440305063, 35.596348775824573 ] ], [ [ 129.451256118660126, 35.59632468635813 ], [ 129.451562284353543, 35.596321632641654 ], [ 129.451789684726634, 35.596324898326898 ], [ 129.451256118660126, 35.59632468635813 ] ], [ [ 129.45292834510343, 35.596151895384892 ], [ 129.455579981898751, 35.594861784476088 ], [ 129.452329072345265, 35.596255804738341 ], [ 129.45292834510343, 35.596151895384892 ] ], [ [ 129.455998806419871, 35.594635270354715 ], [ 129.45570129166174, 35.594793377057059 ], [ 129.455589616375789, 35.59485573527764 ], [ 129.455934885022231, 35.594631698986667 ], [ 129.455998806419871, 35.594635270354715 ] ], [ [ 129.458628028195704, 35.594239838708283 ], [ 129.458703066018586, 35.594244349598156 ], [ 129.458706517652331, 35.594249789250973 ], [ 129.458628028195704, 35.594239838708283 ] ], [ [ 129.46055718590722, 35.605846287494437 ], [ 129.460545229446922, 35.605797222364252 ], [ 129.46055186400713, 35.605865171532749 ], [ 129.46055718590722, 35.605846287494437 ] ], [ [ 129.460724827751136, 35.606014899859957 ], [ 129.460641090554503, 35.605990659108834 ], [ 129.460794421899266, 35.606036193202847 ], [ 129.460724827751136, 35.606014899859957 ] ], [ [ 129.461159362379192, 35.606170831640277 ], [ 129.461156995478348, 35.606173787850331 ], [ 129.4611403298303, 35.606163955382073 ], [ 129.461159362379192, 35.606170831640277 ] ], [ [ 129.461362750704524, 35.606211865936714 ], [ 129.461351409287232, 35.606212522088043 ], [ 129.46131595382289, 35.606205456171971 ], [ 129.461362750704524, 35.606211865936714 ] ], [ [ 129.461420506312834, 35.606218242869446 ], [ 129.461474216854157, 35.606225527481328 ], [ 129.461493236857876, 35.606228569123161 ], [ 129.461420506312834, 35.606218242869446 ] ], [ [ 129.462975842997139, 35.597655118801455 ], [ 129.462984714458685, 35.597716516065333 ], [ 129.462975832117593, 35.597655145881539 ], [ 129.462975842997139, 35.597655118801455 ] ], [ [ 129.428335370851187, 35.60411856799783 ], [ 129.428313552026282, 35.604099700370043 ], [ 129.428335392874686, 35.604118558907004 ], [ 129.428335370851187, 35.60411856799783 ] ], [ [ 129.453797220452486, 35.613527616212892 ], [ 129.453797220503162, 35.613527625225451 ], [ 129.453791740581238, 35.613550177742809 ], [ 129.453797220452486, 35.613527616212892 ] ], [ [ 129.438892970733093, 35.619332435974258 ], [ 129.438944927376753, 35.619375166177882 ], [ 129.438892915642526, 35.619332454199828 ], [ 129.438892970733093, 35.619332435974258 ] ], [ [ 129.43910037594506, 35.619502943593922 ], [ 129.439117051927155, 35.619524784067842 ], [ 129.439099061835009, 35.619501865470532 ], [ 129.43910037594506, 35.619502943593922 ] ], [ [ 129.439645915995868, 35.620216926700067 ], [ 129.442068746960587, 35.621251847354394 ], [ 129.441785144139658, 35.621173710985012 ], [ 129.440928006292495, 35.620877553196735 ], [ 129.439645915995868, 35.620216926700067 ] ], [ [ 129.442426629394561, 35.621350448750398 ], [ 129.442666669203078, 35.621364891720894 ], [ 129.442778706742246, 35.621374810044557 ], [ 129.442426629394561, 35.621350448750398 ] ], [ [ 129.44279586990217, 35.621376323528629 ], [ 129.442795868505414, 35.621376324419231 ], [ 129.442778706742246, 35.621374810044557 ], [ 129.44279586990217, 35.621376323528629 ] ], [ [ 129.443221305940654, 35.621635450726316 ], [ 129.44326921895302, 35.621658771340506 ], [ 129.443280574646025, 35.621664299592901 ], [ 129.443221305940654, 35.621635450726316 ] ], [ [ 129.44331103283298, 35.621687017249329 ], [ 129.443320154844031, 35.621693833502668 ], [ 129.443280574646025, 35.621664299592901 ], [ 129.44331103283298, 35.621687017249329 ] ], [ [ 129.443351912830053, 35.621728091740927 ], [ 129.443355165787551, 35.621759588456285 ], [ 129.443357241181218, 35.621779688335543 ], [ 129.443351912830053, 35.621728091740927 ] ], [ [ 129.443840784053123, 35.622094145004681 ], [ 129.443880871498209, 35.622143550021391 ], [ 129.443883272116466, 35.622146515420532 ], [ 129.443840784053123, 35.622094145004681 ] ], [ [ 129.443786030138114, 35.622416201039421 ], [ 129.44377335704371, 35.622482166957951 ], [ 129.443762722326397, 35.622537436247505 ], [ 129.443786030138114, 35.622416201039421 ] ], [ [ 129.44376380505912, 35.622585722689635 ], [ 129.443764640093946, 35.622623104590204 ], [ 129.443762722326397, 35.622537436247505 ], [ 129.44376380505912, 35.622585722689635 ] ], [ [ 129.443786773302662, 35.62267944327143 ], [ 129.443805607296554, 35.622721977485753 ], [ 129.443782827731127, 35.622670544127715 ], [ 129.443786773302662, 35.62267944327143 ] ], [ [ 129.443813066331359, 35.622733468419611 ], [ 129.443859855760479, 35.622805599521548 ], [ 129.443805607296554, 35.622721977485753 ], [ 129.443813066331359, 35.622733468419611 ] ], [ [ 129.443869688597943, 35.622820756483193 ], [ 129.443875036605561, 35.622827748779926 ], [ 129.443899508575015, 35.622859762400651 ], [ 129.443869688597943, 35.622820756483193 ] ], [ [ 129.400474126397825, 35.628484626500288 ], [ 129.401294827093778, 35.62863960216999 ], [ 129.401480217430048, 35.628674704212877 ], [ 129.400474126397825, 35.628484626500288 ] ], [ [ 129.402900069592391, 35.628398967607424 ], [ 129.403400060895251, 35.628401626716709 ], [ 129.403564704474178, 35.628402510355038 ], [ 129.402900069592391, 35.628398967607424 ] ], [ [ 129.414417374387597, 35.625736143351538 ], [ 129.416101398317807, 35.620751953030577 ], [ 129.41711129811867, 35.619822977821151 ], [ 129.414417374387597, 35.625736143351538 ] ], [ [ 129.423477936333683, 35.620766764672481 ], [ 129.42350077273818, 35.620758059455255 ], [ 129.423435326054488, 35.620783019745488 ], [ 129.423477936333683, 35.620766764672481 ] ], [ [ 129.428283829176451, 35.618139428634819 ], [ 129.427662241707026, 35.618530859486107 ], [ 129.42833272573526, 35.618108089219433 ], [ 129.428283829176451, 35.618139428634819 ] ], [ [ 129.437848725074758, 35.608777502502328 ], [ 129.437845059087465, 35.608779192157165 ], [ 129.43781035857981, 35.608795144274517 ], [ 129.437848725074758, 35.608777502502328 ] ], [ [ 129.435701797809855, 35.610709056380543 ], [ 129.435536940846731, 35.610892862332278 ], [ 129.435867487623796, 35.610494509733797 ], [ 129.435701797809855, 35.610709056380543 ] ], [ [ 129.434854680637358, 35.613510603816657 ], [ 129.434850758069473, 35.613516306913333 ], [ 129.434850752202209, 35.613516302023662 ], [ 129.434854680637358, 35.613510603816657 ] ], [ [ 129.435175848303714, 35.613716553069636 ], [ 129.435173182703267, 35.613719437435925 ], [ 129.435173181913939, 35.613719435653756 ], [ 129.435175848303714, 35.613716553069636 ] ], [ [ 129.435370199728396, 35.614269650441152 ], [ 129.435342651644618, 35.614247625789808 ], [ 129.43534262930865, 35.614247470924191 ], [ 129.435370199728396, 35.614269650441152 ] ], [ [ 129.436341557836101, 35.615051011505571 ], [ 129.43634160306533, 35.615051086297221 ], [ 129.436331435652676, 35.615042869125674 ], [ 129.436341557836101, 35.615051011505571 ] ], [ [ 129.444086735667639, 35.61002039028584 ], [ 129.443927941184285, 35.610000604550123 ], [ 129.443916755806868, 35.609997653374442 ], [ 129.444086735667639, 35.61002039028584 ] ], [ [ 129.443290023406576, 35.609804393436775 ], [ 129.443879010459199, 35.609987652571633 ], [ 129.443012907531994, 35.609644368652923 ], [ 129.443290023406576, 35.609804393436775 ] ], [ [ 129.442923354253139, 35.609587753959325 ], [ 129.442519063362511, 35.609300744003832 ], [ 129.442982667893062, 35.609626426836769 ], [ 129.442923354253139, 35.609587753959325 ] ], [ [ 129.442113744108212, 35.608966554472566 ], [ 129.442434440233939, 35.609237378342485 ], [ 129.442435820918604, 35.609249648709429 ], [ 129.442113744108212, 35.608966554472566 ] ], [ [ 129.442095720750729, 35.608954353969708 ], [ 129.442062071851467, 35.60892443737383 ], [ 129.44209570706235, 35.60895185747686 ], [ 129.442095720750729, 35.608954353969708 ] ], [ [ 129.441633168491279, 35.60853530933035 ], [ 129.441977642563671, 35.608807705944528 ], [ 129.441999587454092, 35.608868885657849 ], [ 129.441633168491279, 35.60853530933035 ] ], [ [ 129.441373005185255, 35.608692541138907 ], [ 129.441286719965717, 35.608754728903904 ], [ 129.441607857386316, 35.608514347901462 ], [ 129.441373005185255, 35.608692541138907 ] ], [ [ 129.439489393660665, 35.610122197758507 ], [ 129.439313198444751, 35.609989574985704 ], [ 129.438834685171543, 35.609601049884077 ], [ 129.439489393660665, 35.610122197758507 ] ], [ [ 129.438734869164193, 35.609511680782781 ], [ 129.438729366408808, 35.60951453977939 ], [ 129.438737080277434, 35.609506292123314 ], [ 129.438734869164193, 35.609511680782781 ] ], [ [ 129.438689783485074, 35.609483084560608 ], [ 129.438695285754278, 35.609503220298926 ], [ 129.438678537640556, 35.609481142549384 ], [ 129.438689783485074, 35.609483084560608 ] ], [ [ 129.438678481968196, 35.609481052623522 ], [ 129.43829371700005, 35.609165179743925 ], [ 129.438639478370277, 35.609428271022935 ], [ 129.438685706910121, 35.609468138118949 ], [ 129.438678481968196, 35.609481052623522 ] ], [ [ 129.428718980640525, 35.604175061763399 ], [ 129.428723944448194, 35.604174620563199 ], [ 129.42871899167622, 35.604175061724277 ], [ 129.428718980640525, 35.604175061763399 ] ], [ [ 129.409901190484049, 35.636328184822702 ], [ 129.409954665204367, 35.636513882690707 ], [ 129.409885604077147, 35.636270087331177 ], [ 129.409901190484049, 35.636328184822702 ] ], [ [ 129.412929778625283, 35.638942420672436 ], [ 129.412916611300147, 35.638943248378837 ], [ 129.41291654523863, 35.638941122972284 ], [ 129.412929778625283, 35.638942420672436 ] ], [ [ 129.413084408504631, 35.638902550905016 ], [ 129.413016008776395, 35.638921360715123 ], [ 129.413079090738108, 35.638879578353034 ], [ 129.413084408504631, 35.638902550905016 ] ], [ [ 129.424892124183089, 35.643859420447804 ], [ 129.425228743780536, 35.64396643468443 ], [ 129.424706351172887, 35.64380036390255 ], [ 129.424892124183089, 35.643859420447804 ] ], [ [ 129.42978357784736, 35.643988250261913 ], [ 129.430060539369407, 35.64381868177226 ], [ 129.429887939279638, 35.643932108276672 ], [ 129.42978357784736, 35.643988250261913 ] ], [ [ 129.430125742730297, 35.643745049978598 ], [ 129.430107803521054, 35.643770412585042 ], [ 129.430180754624359, 35.6436672454712 ], [ 129.430125742730297, 35.643745049978598 ] ], [ [ 129.430433858774649, 35.643221754785735 ], [ 129.430388363104981, 35.643313666521486 ], [ 129.430491435174588, 35.643105375470235 ], [ 129.430433858774649, 35.643221754785735 ] ], [ [ 129.4304935714772, 35.643098112602956 ], [ 129.430546359652908, 35.642918426776781 ], [ 129.430491435174588, 35.643105375470235 ], [ 129.4304935714772, 35.643098112602956 ] ], [ [ 129.431148852253216, 35.641607890005453 ], [ 129.430881124529861, 35.642054867440578 ], [ 129.431424621599177, 35.641114765027943 ], [ 129.431148852253216, 35.641607890005453 ] ], [ [ 129.441951776344126, 35.636046347242399 ], [ 129.442016741176275, 35.635958532792642 ], [ 129.442048675618196, 35.635915371110379 ], [ 129.441951776344126, 35.636046347242399 ] ], [ [ 129.446509874745146, 35.652531759737791 ], [ 129.446496450071976, 35.652504437701744 ], [ 129.446506769839885, 35.652525435266099 ], [ 129.446509874745146, 35.652531759737791 ] ], [ [ 129.424956135798936, 35.657179340863493 ], [ 129.42494959912645, 35.657215072261927 ], [ 129.424947849456885, 35.657224613876494 ], [ 129.424956135798936, 35.657179340863493 ] ] ] ] } },
{ "type": "Feature", "properties": { "sigungu_cd": "31140", "sigungu_nm": "남구" }, "geometry": { "type": "MultiPolygon", "coordinates": [ [ [ [ 129.3770628416151, 35.451383538644521 ], [ 129.373382372759664, 35.452599977624089 ], [ 129.371052233400178, 35.452578742361254 ], [ 129.373402525134679, 35.452694552558022 ], [ 129.3770628416151, 35.451383538644521 ] ] ], [ [ [ 129.380399088060813, 35.455475581256366 ], [ 129.391030358082645, 35.467592388960696 ], [ 129.391172049330862, 35.467503063197071 ], [ 129.380626119315423, 35.455405197600811 ], [ 129.379118996447801, 35.450601551319963 ], [ 129.378940180585658, 35.450639334437781 ], [ 129.380399088060813, 35.455475581256366 ] ] ], [ [ [ 129.349212279499, 35.466965636705197 ], [ 129.349298548794792, 35.467238023447599 ], [ 129.349318070325381, 35.467030559221151 ], [ 129.349212279499, 35.466965636705197 ] ] ], [ [ [ 129.345885784239442, 35.470653528628269 ], [ 129.341295403437016, 35.475693061091867 ], [ 129.339578134714117, 35.475378868034227 ], [ 129.339882626651843, 35.478663144532071 ], [ 129.337666759619225, 35.482138908252452 ], [ 129.32877603954131, 35.486561628007536 ], [ 129.32786748060434, 35.488195236618431 ], [ 129.328073413052778, 35.488195391467848 ], [ 129.328385777626636, 35.488579311042237 ], [ 129.328728917089478, 35.488991302959448 ], [ 129.328933634754662, 35.489240236692993 ], [ 129.327867480595415, 35.488195236618758 ], [ 129.326727585454108, 35.489589427365964 ], [ 129.323335204705302, 35.487332634406869 ], [ 129.32024608863631, 35.48766602368638 ], [ 129.318445918129896, 35.492902358169069 ], [ 129.310524931162036, 35.492568955653368 ], [ 129.30617954022847, 35.497607110125266 ], [ 129.304234057421212, 35.495255791755547 ], [ 129.30090809405425, 35.495100351970031 ], [ 129.296520183656412, 35.501374405743043 ], [ 129.29375543051998, 35.502808884154959 ], [ 129.291985517159645, 35.507136404122392 ], [ 129.290596741694998, 35.506974027406031 ], [ 129.290761316946771, 35.508743288605679 ], [ 129.289023237628214, 35.509098004038648 ], [ 129.288258578799855, 35.514969720144663 ], [ 129.281340342449084, 35.517260646709502 ], [ 129.280388163022593, 35.518873336057844 ], [ 129.281945846076013, 35.519471890307933 ], [ 129.280654844152167, 35.520682912210688 ], [ 129.274075634348975, 35.523750708223261 ], [ 129.274285255406426, 35.52920828890219 ], [ 129.258918461535558, 35.530353411445553 ], [ 129.257213131320782, 35.534357172340172 ], [ 129.25750240871119, 35.534638294678103 ], [ 129.258524899385321, 35.534679463052584 ], [ 129.259273100321764, 35.535021394956267 ], [ 129.25931387537787, 35.535065921931505 ], [ 129.259333509031308, 35.535188555321774 ], [ 129.25941101949698, 35.535913545055593 ], [ 129.259471594436377, 35.535918805235504 ], [ 129.259806657939777, 35.535969813350732 ], [ 129.260045129643458, 35.53629600393608 ], [ 129.260047434948916, 35.536557374703953 ], [ 129.260197470669823, 35.536775770314243 ], [ 129.260344257212125, 35.537032820251994 ], [ 129.260501246445898, 35.537239033049545 ], [ 129.260514229487399, 35.537257589875722 ], [ 129.259411019489164, 35.535913545055934 ], [ 129.25931387537014, 35.535065921931761 ], [ 129.258524899377591, 35.534679463052818 ], [ 129.254620528047582, 35.534967474652781 ], [ 129.253851090872644, 35.532728717535917 ], [ 129.247789192109792, 35.533346209115138 ], [ 129.245601548996063, 35.536090011501933 ], [ 129.23653927620893, 35.536172097320126 ], [ 129.237701019919314, 35.538232677443723 ], [ 129.249492159090863, 35.544703412445699 ], [ 129.248883581984842, 35.546255564979198 ], [ 129.255918261433578, 35.554345052131353 ], [ 129.261689392911762, 35.55168238441464 ], [ 129.260690589863572, 35.552331673232167 ], [ 129.262770636791174, 35.556174171828964 ], [ 129.265643369453642, 35.556910306688792 ], [ 129.270715019493707, 35.553460188890632 ], [ 129.279581662838581, 35.55339012394041 ], [ 129.287373502314125, 35.550172735791882 ], [ 129.294670118144722, 35.54519487686958 ], [ 129.294586202283256, 35.544811688673178 ], [ 129.294562215181429, 35.544699103318237 ], [ 129.294555333107041, 35.544668593234618 ], [ 129.294548610681744, 35.544636496485943 ], [ 129.294561007912563, 35.54437336075992 ], [ 129.294577841707337, 35.544320305761261 ], [ 129.294599422585009, 35.544253521533825 ], [ 129.294709227096462, 35.544156960379645 ], [ 129.294712968051527, 35.544130399175273 ], [ 129.29469030001809, 35.544046931420276 ], [ 129.294685882299461, 35.543948160386975 ], [ 129.294417957510888, 35.543630853168821 ], [ 129.294685882307732, 35.543948160386627 ], [ 129.294712968059912, 35.544130399174918 ], [ 129.29470922710496, 35.54415696037929 ], [ 129.294548610690214, 35.544636496485595 ], [ 129.294670118153107, 35.545194876869246 ], [ 129.302828233517801, 35.546457026560304 ], [ 129.303215085317362, 35.551363912864673 ], [ 129.306923698231856, 35.552896785337126 ], [ 129.325431238276337, 35.549577938502566 ], [ 129.34635117719867, 35.549698873124861 ], [ 129.363208664915646, 35.543988535503793 ], [ 129.364466937135774, 35.542976227329987 ], [ 129.362383298941182, 35.54093145618733 ], [ 129.365248122317297, 35.540320497241289 ], [ 129.378064661825704, 35.52803618683236 ], [ 129.374566859953575, 35.529238981603591 ], [ 129.372991002060502, 35.524702325515676 ], [ 129.357637535078936, 35.528605699650157 ], [ 129.375947589567829, 35.522389483895303 ], [ 129.374989897123271, 35.517554456015219 ], [ 129.384816034344027, 35.515948662933361 ], [ 129.386022159738218, 35.511125769020211 ], [ 129.384802017683398, 35.51075033275977 ], [ 129.387700741901853, 35.507660547970687 ], [ 129.388583377683887, 35.504693932125633 ], [ 129.387384886317193, 35.504128386399387 ], [ 129.388700842934867, 35.504280752302066 ], [ 129.387395541606452, 35.501865051567677 ], [ 129.389379407926157, 35.501778203871943 ], [ 129.385116211870468, 35.500877531871815 ], [ 129.380228997134907, 35.503150794400547 ], [ 129.380565923188584, 35.502541585976992 ], [ 129.369921081510455, 35.501051486656259 ], [ 129.365150550036418, 35.504966172624627 ], [ 129.355395792596568, 35.508159042769172 ], [ 129.354939540510344, 35.507716924093529 ], [ 129.354745800059703, 35.507521937082885 ], [ 129.354596073605734, 35.507372174216449 ], [ 129.354339529171909, 35.507114504851572 ], [ 129.363780163489906, 35.503785296731841 ], [ 129.367113154050315, 35.49763359052821 ], [ 129.372235403032931, 35.497297187640463 ], [ 129.375540910288493, 35.499982154635283 ], [ 129.379313651549779, 35.499859323237452 ], [ 129.388901148632925, 35.48769029718698 ], [ 129.384690827224915, 35.48428481444892 ], [ 129.38697885033298, 35.483705562290716 ], [ 129.383722066536791, 35.480851148473995 ], [ 129.383971172166611, 35.477533735252116 ], [ 129.388027532263436, 35.477837997041696 ], [ 129.383974892648865, 35.476704797016815 ], [ 129.384574287674781, 35.475622740666097 ], [ 129.380666647192641, 35.471653581546789 ], [ 129.377561063401771, 35.472180834946627 ], [ 129.383223633623345, 35.468234147176958 ], [ 129.377544151052859, 35.460932314383513 ], [ 129.373602593147126, 35.462313429541688 ], [ 129.371001441035702, 35.457341445776059 ], [ 129.373896645769719, 35.455984089149183 ], [ 129.370257820710549, 35.457257717318683 ], [ 129.368681094920106, 35.454244613437346 ], [ 129.354337625815646, 35.459272508400147 ], [ 129.350538147242105, 35.468280659954026 ], [ 129.345885784239442, 35.470653528628269 ] ], [ [ 129.263294142384524, 35.538518141034878 ], [ 129.261921309655264, 35.537826097813735 ], [ 129.261895873143999, 35.538372707201248 ], [ 129.263294142384524, 35.538518141034878 ] ], [ [ 129.263498934948643, 35.538490990885379 ], [ 129.264160929445808, 35.538576273384216 ], [ 129.264450868742983, 35.538571756916355 ], [ 129.264772631710542, 35.538567206328835 ], [ 129.265239739792662, 35.538565644837036 ], [ 129.265277916104822, 35.5385659398789 ], [ 129.26555825955046, 35.538601098722573 ], [ 129.265277916097006, 35.53856593987922 ], [ 129.264160929437992, 35.538576273384535 ], [ 129.263776469754504, 35.538557939642885 ], [ 129.263686618725615, 35.538533196197051 ], [ 129.263577321528913, 35.538510090240948 ], [ 129.263498934948643, 35.538490990885379 ] ], [ [ 129.265849211956748, 35.541163500599971 ], [ 129.266374192280978, 35.53854172552596 ], [ 129.266504050925363, 35.538593580139235 ], [ 129.266563754561844, 35.538644957933137 ], [ 129.266624286971648, 35.538733701567814 ], [ 129.266657062630998, 35.538811807835138 ], [ 129.266678149619537, 35.538916681220371 ], [ 129.266475765263294, 35.539645814077915 ], [ 129.266806529493948, 35.539717965511947 ], [ 129.26619792762321, 35.540830896937813 ], [ 129.266153844107379, 35.540872245958909 ], [ 129.265929241053016, 35.541087409077356 ], [ 129.265849211956748, 35.541163500599971 ] ], [ [ 129.265682576172537, 35.541122550441671 ], [ 129.265507250809719, 35.541603045090028 ], [ 129.264843616240114, 35.542228318289233 ], [ 129.264331733091922, 35.542549601982714 ], [ 129.264198622334618, 35.543108216950102 ], [ 129.264331733084134, 35.542549601983062 ], [ 129.265507250801789, 35.541603045090291 ], [ 129.265612200368082, 35.541159702750896 ], [ 129.265682576172537, 35.541122550441671 ] ], [ [ 129.264594192532513, 35.543297185144823 ], [ 129.264594192524697, 35.543297185145065 ], [ 129.264457829757703, 35.543028383117928 ], [ 129.264594192532513, 35.543297185144823 ] ], [ [ 129.265614737269033, 35.543621727402353 ], [ 129.265988206160642, 35.543734480890315 ], [ 129.265413659495522, 35.54359158674999 ], [ 129.265614737269033, 35.543621727402353 ] ], [ [ 129.268598918422157, 35.543617975113818 ], [ 129.268179910836722, 35.543337933047397 ], [ 129.268484529332767, 35.543535029971984 ], [ 129.268598918422157, 35.543617975113818 ] ], [ [ 129.270798293341244, 35.542225360358678 ], [ 129.270092588295142, 35.541745048239719 ], [ 129.270798293346559, 35.54222536035666 ], [ 129.270798293341244, 35.542225360358678 ] ], [ [ 129.273224853693364, 35.541166312511002 ], [ 129.274123394849255, 35.541981569190284 ], [ 129.274552135025772, 35.542246489952895 ], [ 129.274553097988729, 35.542309353051927 ], [ 129.274312892644758, 35.544010729034675 ], [ 129.274310226486705, 35.544014736812564 ], [ 129.274251439161702, 35.544103070440372 ], [ 129.273856349734302, 35.54469680765154 ], [ 129.274034274107805, 35.545512121699723 ], [ 129.274033884676044, 35.545524136827041 ], [ 129.273797233391065, 35.545891750430258 ], [ 129.273286749979206, 35.546454137789866 ], [ 129.274652291349895, 35.547193808160763 ], [ 129.273286749971192, 35.5464541377901 ], [ 129.274552135017728, 35.542246489953229 ], [ 129.273641686871571, 35.541688745194513 ], [ 129.273224853685321, 35.541166312511336 ], [ 129.272659425891788, 35.540965848557001 ], [ 129.273224853693364, 35.541166312511002 ] ], [ [ 129.281640134569585, 35.544649439659011 ], [ 129.282613776576824, 35.544658448886601 ], [ 129.282601083183607, 35.544658334271865 ], [ 129.281640134569585, 35.544649439659011 ] ], [ [ 129.282995040892331, 35.544636496193313 ], [ 129.283896980750541, 35.544636234895698 ], [ 129.28335286190341, 35.54464032001875 ], [ 129.283108371197784, 35.54464215307069 ], [ 129.282995040892331, 35.544636496193313 ] ], [ [ 129.285459845835902, 35.544062649499864 ], [ 129.287248681361064, 35.544497191472878 ], [ 129.287561895188958, 35.54456017929823 ], [ 129.286389820014534, 35.544454483495137 ], [ 129.285459845835902, 35.544062649499864 ] ], [ [ 129.287827957064792, 35.544549285966809 ], [ 129.287850725753714, 35.544548353751793 ], [ 129.287850725753714, 35.5445483537518 ], [ 129.287827957064792, 35.544549285966809 ] ], [ [ 129.290335906952805, 35.541597728292082 ], [ 129.291543841377631, 35.542368463572025 ], [ 129.291734787184197, 35.542697345925298 ], [ 129.291754372879808, 35.542734296894444 ], [ 129.291840236070868, 35.543007380493343 ], [ 129.291909402847295, 35.543228130049997 ], [ 129.292112921394789, 35.543226269762513 ], [ 129.292370879979302, 35.543223529749795 ], [ 129.292504706279459, 35.54322226951394 ], [ 129.292112921386405, 35.543226269762847 ], [ 129.291909402839053, 35.543228130050231 ], [ 129.290335906952805, 35.541597728292082 ] ], [ [ 129.294404322466704, 35.543668938907281 ], [ 129.293846872499472, 35.542851033761352 ], [ 129.293936198518878, 35.542900442397588 ], [ 129.294326468043522, 35.543129217039152 ], [ 129.294404322466704, 35.543668938907281 ] ], [ [ 129.344210202559054, 35.510248206972143 ], [ 129.344210202559083, 35.510248206972129 ], [ 129.344259921427977, 35.510306925828424 ], [ 129.344210202559054, 35.510248206972143 ] ], [ [ 129.344268967719529, 35.509849080777926 ], [ 129.344259279660406, 35.509932352122313 ], [ 129.344280818103698, 35.509615818401727 ], [ 129.344268967719529, 35.509849080777926 ] ], [ [ 129.344405678248677, 35.509486866442735 ], [ 129.344405678248677, 35.509486866442749 ], [ 129.344318376497796, 35.509547830462985 ], [ 129.344405678248677, 35.509486866442735 ] ], [ [ 129.344453193006103, 35.509419714581789 ], [ 129.344487367292118, 35.509354179552659 ], [ 129.344475856286522, 35.509376789779061 ], [ 129.344453193006103, 35.509419714581789 ] ], [ [ 129.344892858457996, 35.508960952602614 ], [ 129.344809803598309, 35.509039250362584 ], [ 129.344937033764921, 35.508902963553346 ], [ 129.344892858457996, 35.508960952602614 ] ], [ [ 129.345387905106747, 35.508298602969447 ], [ 129.345259507797607, 35.508359788470472 ], [ 129.345402020676175, 35.508272757232866 ], [ 129.345387905106747, 35.508298602969447 ] ], [ [ 129.345492282764525, 35.507777193179408 ], [ 129.345486206444377, 35.507795921443012 ], [ 129.345514632537316, 35.507745169435616 ], [ 129.345492282764525, 35.507777193179408 ] ], [ [ 129.345502258303299, 35.507741004675609 ], [ 129.345516270986593, 35.507726156397609 ], [ 129.345514632537316, 35.507745169435616 ], [ 129.345502258303299, 35.507741004675609 ] ], [ [ 129.345446900775812, 35.50739947158818 ], [ 129.345541900231098, 35.507700648690857 ], [ 129.345428750941011, 35.507387603671447 ], [ 129.345446900775812, 35.50739947158818 ] ], [ [ 129.344799489086313, 35.507234927128749 ], [ 129.344926743185738, 35.507278367996832 ], [ 129.344726992680165, 35.507175251195008 ], [ 129.344799489086313, 35.507234927128749 ] ], [ [ 129.344532069391676, 35.506895610189638 ], [ 129.344451939067341, 35.506712496027674 ], [ 129.344478851570813, 35.506773617633996 ], [ 129.344532069391676, 35.506895610189638 ] ], [ [ 129.344401185224029, 35.506628143636682 ], [ 129.344193520058695, 35.506332396025051 ], [ 129.344109657010534, 35.506212166755908 ], [ 129.344401185224029, 35.506628143636682 ] ], [ [ 129.344098983548889, 35.506203517569695 ], [ 129.344065398678225, 35.506159566516722 ], [ 129.344109657010534, 35.506212166755908 ], [ 129.344098983548889, 35.506203517569695 ] ], [ [ 129.343942555442425, 35.506035554202285 ], [ 129.343850286893172, 35.505934651327379 ], [ 129.344065398678225, 35.506159566516722 ], [ 129.343942555442425, 35.506035554202285 ] ], [ [ 129.344197952571108, 35.505274232663403 ], [ 129.344106480676203, 35.505466946625468 ], [ 129.344240514580321, 35.505233805705316 ], [ 129.344197952571108, 35.505274232663403 ] ], [ [ 129.294864402395746, 35.518059589844057 ], [ 129.294758753146766, 35.518224955433162 ], [ 129.295627515018737, 35.517893109439541 ], [ 129.294864402395746, 35.518059589844057 ] ], [ [ 129.297886263558354, 35.515693110071147 ], [ 129.297875895906429, 35.515697678086099 ], [ 129.297950065482866, 35.515506132287186 ], [ 129.297886263558354, 35.515693110071147 ] ], [ [ 129.298421850991218, 35.51531154436158 ], [ 129.298614464426606, 35.515432862443305 ], [ 129.298345576766707, 35.515275409791208 ], [ 129.298421850991218, 35.51531154436158 ] ], [ [ 129.29882305386451, 35.51573407591151 ], [ 129.298822205957691, 35.515731338056511 ], [ 129.298968108659693, 35.515869417657775 ], [ 129.29882305386451, 35.51573407591151 ] ], [ [ 129.301465882325232, 35.517849105774857 ], [ 129.30146588232526, 35.517849105774843 ], [ 129.30154847510417, 35.517852090941055 ], [ 129.301465882325232, 35.517849105774857 ] ], [ [ 129.301393856889916, 35.517844832462906 ], [ 129.301235113731508, 35.518032759968996 ], [ 129.301218143747349, 35.518052752413652 ], [ 129.301393856889916, 35.517844832462906 ] ], [ [ 129.301845138526403, 35.517802961955617 ], [ 129.301845138526403, 35.51780296195561 ], [ 129.301901980751609, 35.517793291355751 ], [ 129.301845138526403, 35.517802961955617 ] ], [ [ 129.303301331135117, 35.517704618902606 ], [ 129.303301331135145, 35.517704618902577 ], [ 129.303320325576436, 35.517704798901526 ], [ 129.303301331135117, 35.517704618902606 ] ], [ [ 129.303422160094073, 35.517785397220685 ], [ 129.303422160094073, 35.517785397220663 ], [ 129.303456071005797, 35.517816501720972 ], [ 129.303422160094073, 35.517785397220685 ] ], [ [ 129.303616879330548, 35.517920834302991 ], [ 129.303616879330548, 35.517920834302977 ], [ 129.303623651681647, 35.517924719956945 ], [ 129.303616879330548, 35.517920834302991 ] ], [ [ 129.304119148608919, 35.518093859062724 ], [ 129.304119148608891, 35.518093859062716 ], [ 129.304493101243253, 35.518097435780909 ], [ 129.304119148608919, 35.518093859062724 ] ], [ [ 129.304634720203609, 35.51813920658487 ], [ 129.304695084896451, 35.518165120289773 ], [ 129.304493101243253, 35.518097435780909 ], [ 129.304634720203609, 35.51813920658487 ] ], [ [ 129.304792047166671, 35.518242099751838 ], [ 129.304703622179488, 35.518168785224077 ], [ 129.304943877982083, 35.518454568218026 ], [ 129.304792047166671, 35.518242099751838 ] ], [ [ 129.305151290090322, 35.518622156185394 ], [ 129.305092438767417, 35.518556680883968 ], [ 129.305120802676498, 35.518582656976221 ], [ 129.305151290090322, 35.518622156185394 ] ], [ [ 129.30517817984267, 35.518663575194111 ], [ 129.305222437399038, 35.518691584226438 ], [ 129.305151290090322, 35.518622156185394 ], [ 129.30517817984267, 35.518663575194111 ] ], [ [ 129.306619421887376, 35.518404483379719 ], [ 129.306619421887405, 35.518404483379697 ], [ 129.306846445568738, 35.518378942954904 ], [ 129.306619421887376, 35.518404483379719 ] ], [ [ 129.307246526003468, 35.518395351515245 ], [ 129.307747953578797, 35.51838315577686 ], [ 129.30752092347862, 35.518406931371572 ], [ 129.307353946984534, 35.518400045370363 ], [ 129.307246526003468, 35.518395351515245 ] ], [ [ 129.307842064805271, 35.518321628594407 ], [ 129.307842064805271, 35.5183216285944 ], [ 129.307854606863003, 35.518310081166533 ], [ 129.307842064805271, 35.518321628594407 ] ], [ [ 129.30803063449909, 35.518008759956771 ], [ 129.308030634499119, 35.518008759956736 ], [ 129.308037655079801, 35.518002109797322 ], [ 129.30803063449909, 35.518008759956771 ] ], [ [ 129.308159541652145, 35.51791361583966 ], [ 129.308159541652145, 35.517913615839632 ], [ 129.308209630355634, 35.517896868561344 ], [ 129.308159541652145, 35.51791361583966 ] ], [ [ 129.308577502012014, 35.517786974780151 ], [ 129.308567441747243, 35.51779979881065 ], [ 129.30850841492412, 35.517827772091174 ], [ 129.308577502012014, 35.517786974780151 ] ], [ [ 129.309011171606642, 35.517391849878862 ], [ 129.309212971035834, 35.517210958634841 ], [ 129.309234682631342, 35.517198943794789 ], [ 129.309011171606642, 35.517391849878869 ], [ 129.30896570295522, 35.517427999649613 ], [ 129.308849404539927, 35.517495929381781 ], [ 129.308805003897021, 35.51754281452326 ], [ 129.308849404539927, 35.517495929381766 ], [ 129.309011171606642, 35.517391849878862 ] ], [ [ 129.309657694061229, 35.516418466283433 ], [ 129.309657694061201, 35.516418466283433 ], [ 129.309668905401082, 35.516308866926202 ], [ 129.309657694061229, 35.516418466283433 ] ], [ [ 129.309547685583681, 35.513916529109018 ], [ 129.309547685583681, 35.513916529109025 ], [ 129.309522313400095, 35.513777133094742 ], [ 129.309547685583681, 35.513916529109018 ] ], [ [ 129.30931154084621, 35.51264071400459 ], [ 129.30931154084621, 35.512640714004604 ], [ 129.309283686685262, 35.512491034427718 ], [ 129.30931154084621, 35.51264071400459 ] ], [ [ 129.308910847606001, 35.510442063816036 ], [ 129.308910847606001, 35.510442063816043 ], [ 129.308891512213592, 35.51031457938484 ], [ 129.308910847606001, 35.510442063816036 ] ], [ [ 129.30877433857745, 35.509215654468861 ], [ 129.308774338577422, 35.509215654468846 ], [ 129.308760044653866, 35.509022542624301 ], [ 129.30877433857745, 35.509215654468861 ] ], [ [ 129.308997437923011, 35.505195564130787 ], [ 129.308997437923011, 35.505195564130773 ], [ 129.309057069194324, 35.505185559315649 ], [ 129.308997437923011, 35.505195564130787 ] ], [ [ 129.309560426543413, 35.505099851924143 ], [ 129.309259712292459, 35.505151362585174 ], [ 129.309179295540531, 35.50516473940943 ], [ 129.309560426543413, 35.505099851924143 ] ], [ [ 129.309894614644861, 35.505039512347132 ], [ 129.309894614644861, 35.505039512347118 ], [ 129.309917582264944, 35.505035848433266 ], [ 129.309894614644861, 35.505039512347132 ] ], [ [ 129.310297213819211, 35.50496944298402 ], [ 129.310975516992698, 35.504851256998101 ], [ 129.311005368907558, 35.50484640353023 ], [ 129.310504297758996, 35.504933852203102 ], [ 129.310297213827909, 35.504969442983686 ], [ 129.310012918190012, 35.505019471414506 ], [ 129.309942642734256, 35.505031818647858 ], [ 129.310297213819211, 35.50496944298402 ] ], [ [ 129.311293076236723, 35.504824033880787 ], [ 129.311946145758753, 35.505367190279976 ], [ 129.311621148969635, 35.505151894696944 ], [ 129.311293076236723, 35.504824033880787 ] ], [ [ 129.313274072323452, 35.508575723636156 ], [ 129.312369944745996, 35.508452596205878 ], [ 129.312058211820926, 35.508413489637356 ], [ 129.312013735278242, 35.508407907923051 ], [ 129.311627197805052, 35.508359150586095 ], [ 129.311398583115277, 35.508330085377033 ], [ 129.312369944754579, 35.508452596205522 ], [ 129.312620617398721, 35.508484667099715 ], [ 129.313274072323452, 35.508575723636156 ] ], [ [ 129.310639504637066, 35.509042382357286 ], [ 129.310610433450222, 35.509052902901473 ], [ 129.310902366010367, 35.50896141177676 ], [ 129.310639504637066, 35.509042382357286 ] ], [ [ 129.312170497197201, 35.509763075040205 ], [ 129.312780025574767, 35.509660278938405 ], [ 129.312780025583237, 35.509660278938171 ], [ 129.312170497197201, 35.509763075040205 ] ], [ [ 129.313284427796589, 35.509646277024991 ], [ 129.313908011100409, 35.509535705762381 ], [ 129.313908011104786, 35.509535705762779 ], [ 129.313284427796589, 35.509646277024991 ] ], [ [ 129.316999681076339, 35.510321964450952 ], [ 129.315896384133424, 35.510625427870274 ], [ 129.315896384131122, 35.510625427869918 ], [ 129.316999681076339, 35.510321964450952 ] ], [ [ 129.318357899363804, 35.511252906232116 ], [ 129.318597708436187, 35.511165778534668 ], [ 129.318597708439171, 35.51116577853638 ], [ 129.318357899363804, 35.511252906232116 ] ], [ [ 129.322151603662547, 35.513224105015013 ], [ 129.322987534159466, 35.512548944322909 ], [ 129.321117140637114, 35.513486117616083 ], [ 129.322151603662547, 35.513224105015013 ] ], [ [ 129.325191222321081, 35.51330766676417 ], [ 129.32446928391218, 35.513417991873439 ], [ 129.324469283910389, 35.513417991872089 ], [ 129.324870739392281, 35.513327651852364 ], [ 129.325191222321081, 35.51330766676417 ] ], [ [ 129.32592614441495, 35.513380923720455 ], [ 129.327001897731236, 35.512379442306603 ], [ 129.327356935079763, 35.512029492376662 ], [ 129.328821639123873, 35.511511580010385 ], [ 129.328820307555361, 35.511191659054056 ], [ 129.328978343375724, 35.510924698418066 ], [ 129.329015709124036, 35.510861587260436 ], [ 129.329539119311846, 35.510473517393422 ], [ 129.329564008130887, 35.510386474487035 ], [ 129.32970663431712, 35.509887704957315 ], [ 129.329936914862458, 35.509757444557387 ], [ 129.325691351174896, 35.504012408888322 ], [ 129.32555138084885, 35.502819059732452 ], [ 129.325634321690245, 35.502012534871781 ], [ 129.325446666893754, 35.501805136251129 ], [ 129.325634321699141, 35.502012534871305 ], [ 129.325691351183792, 35.504012408887974 ], [ 129.329936914871467, 35.509757444557032 ], [ 129.329539119320856, 35.510473517393059 ], [ 129.329015709133046, 35.510861587260081 ], [ 129.328821639132912, 35.51151158001003 ], [ 129.327356935088687, 35.512029492376314 ], [ 129.326706128244183, 35.513081521507317 ], [ 129.32592614441495, 35.513380923720455 ] ], [ [ 129.330076141413883, 35.508035415262391 ], [ 129.330076141413883, 35.50803541526237 ], [ 129.330216914237297, 35.508007283015061 ], [ 129.330076141413883, 35.508035415262391 ] ], [ [ 129.331213827077761, 35.507281373670921 ], [ 129.330796849851311, 35.507678023236465 ], [ 129.330715365780719, 35.507725617858604 ], [ 129.330796849851311, 35.507678023236451 ], [ 129.331164834162905, 35.507314416981529 ], [ 129.331213827077761, 35.507281373670921 ] ], [ [ 129.331603653332962, 35.507006343044317 ], [ 129.331603653332962, 35.50700634304431 ], [ 129.331624992097233, 35.50698015880883 ], [ 129.331603653332962, 35.507006343044317 ] ], [ [ 129.331884266954603, 35.506661801734438 ], [ 129.331884266954575, 35.506661801734438 ], [ 129.331954041802476, 35.506536084757215 ], [ 129.331884266954603, 35.506661801734438 ] ], [ [ 129.332200336696729, 35.506265941792861 ], [ 129.332200336696729, 35.506265941792847 ], [ 129.332295288808069, 35.506234685821177 ], [ 129.332200336696729, 35.506265941792861 ] ], [ [ 129.332295288808069, 35.506234685821177 ], [ 129.332723838550436, 35.506053421559969 ], [ 129.332845241445654, 35.505994666024826 ], [ 129.332295288808069, 35.506234685821177 ] ], [ [ 129.332891042658844, 35.505971196594494 ], [ 129.332904759546039, 35.505964345099123 ], [ 129.332845241445654, 35.505994666024826 ], [ 129.332891042658844, 35.505971196594494 ] ], [ [ 129.334274982672127, 35.505797789711693 ], [ 129.334179573236696, 35.505787336420795 ], [ 129.333751586622157, 35.505742919227046 ], [ 129.334274982672127, 35.505797789711693 ] ], [ [ 129.334490215612846, 35.50560792833214 ], [ 129.335122344409768, 35.505191121125485 ], [ 129.334915839280313, 35.505379079685248 ], [ 129.334490215612846, 35.50560792833214 ] ], [ [ 129.335535273927064, 35.505024516880617 ], [ 129.335535273927064, 35.505024516880596 ], [ 129.335583705438751, 35.505014252588822 ], [ 129.335535273927064, 35.505024516880617 ] ], [ [ 129.33576308052281, 35.504983796150938 ], [ 129.33576308052281, 35.50498379615091 ], [ 129.335869991167499, 35.504978063236848 ], [ 129.33576308052281, 35.504983796150938 ] ], [ [ 129.336130397645434, 35.504930024856698 ], [ 129.336130397645434, 35.504930024856684 ], [ 129.336194275414329, 35.504922853563968 ], [ 129.336130397645434, 35.504930024856698 ] ], [ [ 129.336605809795543, 35.504825704785695 ], [ 129.336399295457568, 35.50490004958484 ], [ 129.336314610092955, 35.50490942919668 ], [ 129.336605809795543, 35.504825704785695 ] ], [ [ 129.336901294593503, 35.504729877862431 ], [ 129.336901294593531, 35.50472987786241 ], [ 129.336977077473819, 35.504685900103716 ], [ 129.336901294593503, 35.504729877862431 ] ], [ [ 129.336977077473819, 35.504685900103716 ], [ 129.337062222349545, 35.504809844177686 ], [ 129.337070958381418, 35.504827609226979 ], [ 129.336977077473819, 35.504685900103716 ] ], [ [ 129.337367589374679, 35.504975063039318 ], [ 129.337151102259384, 35.504936004003163 ], [ 129.337134114369661, 35.504924497259324 ], [ 129.337367589374679, 35.504975063039318 ] ], [ [ 129.337962184994041, 35.50473608091685 ], [ 129.337768850890143, 35.504952237543598 ], [ 129.337692400240655, 35.504984050132173 ], [ 129.337962184994041, 35.50473608091685 ] ], [ [ 129.338787766977873, 35.504314239251208 ], [ 129.33866602379041, 35.50442178899069 ], [ 129.338593837617879, 35.504432022164892 ], [ 129.338787766977873, 35.504314239251208 ] ], [ [ 129.338998611800577, 35.50430877086437 ], [ 129.339291483790333, 35.504337867970705 ], [ 129.33903747184479, 35.504315839176869 ], [ 129.338998611800577, 35.50430877086437 ] ], [ [ 129.339698358277133, 35.504437493187226 ], [ 129.339698358277133, 35.504437493187218 ], [ 129.339742375209056, 35.504438685679467 ], [ 129.339698358277133, 35.504437493187226 ] ], [ [ 129.340202012364728, 35.504466940664486 ], [ 129.340202012364728, 35.504466940664464 ], [ 129.340262751624095, 35.504472167085197 ], [ 129.340202012364728, 35.504466940664486 ] ], [ [ 129.340696897991535, 35.504588825356002 ], [ 129.34043694148383, 35.504514238942122 ], [ 129.340343052917063, 35.504485192465992 ], [ 129.340696897991535, 35.504588825356002 ] ], [ [ 129.341355477138819, 35.504698511971633 ], [ 129.341355477138819, 35.504698511971618 ], [ 129.341377845213685, 35.504694185812049 ], [ 129.341355477138819, 35.504698511971633 ] ], [ [ 129.341703718666423, 35.504589401698802 ], [ 129.341703718666423, 35.504589401698787 ], [ 129.341830601507496, 35.504502705436181 ], [ 129.341703718666423, 35.504589401698802 ] ], [ [ 129.342342358824595, 35.504440003005314 ], [ 129.342101398038693, 35.504421169902997 ], [ 129.342058239919737, 35.50442062115706 ], [ 129.342342358824595, 35.504440003005314 ] ], [ [ 129.342455501083776, 35.504460673992448 ], [ 129.342455501083805, 35.504460673992448 ], [ 129.34248190781301, 35.50447162714687 ], [ 129.342455501083776, 35.504460673992448 ] ], [ [ 129.342541487527171, 35.504500178194284 ], [ 129.342541487527171, 35.504500178194277 ], [ 129.342608091003882, 35.504540899815353 ], [ 129.342541487527171, 35.504500178194284 ] ], [ [ 129.342608091003882, 35.504540899815353 ], [ 129.342706441176631, 35.504655158657982 ], [ 129.342713822887504, 35.504666638679794 ], [ 129.342608091003882, 35.504540899815353 ] ], [ [ 129.342891624877893, 35.504870856173987 ], [ 129.342891624877893, 35.504870856174001 ], [ 129.342777676606318, 35.50475896696333 ], [ 129.342891624877893, 35.504870856173987 ] ], [ [ 129.343527651021645, 35.505237586210391 ], [ 129.343857789771704, 35.50527399975104 ], [ 129.343677787794007, 35.505272482516688 ], [ 129.343527651021645, 35.505237586210391 ] ], [ [ 129.328594318987768, 35.489138688109279 ], [ 129.323136569508563, 35.495180167390885 ], [ 129.322920953931742, 35.495337757478794 ], [ 129.32271803698427, 35.495410329786687 ], [ 129.32205626173166, 35.495578154385846 ], [ 129.321321959267607, 35.495764013375023 ], [ 129.320986193969446, 35.496020944271613 ], [ 129.328594318987768, 35.489138688109279 ] ], [ [ 129.320927603657225, 35.49601487142359 ], [ 129.321013481606315, 35.496644220107925 ], [ 129.321047082047727, 35.49684933909149 ], [ 129.321036522689923, 35.496882480817092 ], [ 129.321007350352772, 35.496921674491603 ], [ 129.321002968375808, 35.496956205882604 ], [ 129.321053659919812, 35.497038116962173 ], [ 129.321146233637108, 35.497239961195248 ], [ 129.321168808220108, 35.497310256851719 ], [ 129.32116754359464, 35.497419461691671 ], [ 129.321153879866841, 35.497500822177507 ], [ 129.321158419081684, 35.497567190882762 ], [ 129.321129013277385, 35.497619832594403 ], [ 129.321062358208849, 35.497670436885421 ], [ 129.321003635777373, 35.497703670111321 ], [ 129.32095982017043, 35.497724498005411 ], [ 129.320916275362208, 35.497744135450873 ], [ 129.320812610321383, 35.497780822369272 ], [ 129.320742221461387, 35.497829345349338 ], [ 129.320642512316653, 35.497946687984268 ], [ 129.320520895106199, 35.498078671496927 ], [ 129.320463876250642, 35.498197262053601 ], [ 129.320405357803395, 35.498298993227394 ], [ 129.320348439320639, 35.498364974596434 ], [ 129.320311329292878, 35.498403819539647 ], [ 129.320368031343037, 35.498436440949334 ], [ 129.320409480427145, 35.498469237846201 ], [ 129.320475225838521, 35.498522808544081 ], [ 129.320616003937971, 35.49856760940596 ], [ 129.320752473631046, 35.49864883401046 ], [ 129.320475225829739, 35.498522808544351 ], [ 129.320311329284095, 35.498403819539995 ], [ 129.320520895097388, 35.498078671497282 ], [ 129.320742221452576, 35.497829345349679 ], [ 129.320812610312572, 35.497780822369634 ], [ 129.321062358199953, 35.497670436885699 ], [ 129.321158419072873, 35.497567190883103 ], [ 129.320800202168158, 35.4962467346081 ], [ 129.320927603657225, 35.49601487142359 ] ], [ [ 129.321006909720325, 35.498513731620911 ], [ 129.321274495049607, 35.498540296016948 ], [ 129.321716342492238, 35.49866718075581 ], [ 129.321006909720325, 35.498513731620911 ] ], [ [ 129.324501142477743, 35.498719540571024 ], [ 129.324594388283799, 35.49924345063522 ], [ 129.324489978637615, 35.499686115001737 ], [ 129.324644140987687, 35.500030791689362 ], [ 129.324773168577252, 35.500450848077065 ], [ 129.324772801187294, 35.500870773393764 ], [ 129.324489978628719, 35.499686115001985 ], [ 129.324501142468819, 35.498719540571365 ], [ 129.322818428185656, 35.498161442602743 ], [ 129.324501142477743, 35.498719540571024 ] ], [ [ 129.323296632604865, 35.501095051429637 ], [ 129.32404315802026, 35.501843749962703 ], [ 129.324151325532483, 35.501964595321958 ], [ 129.324300422309562, 35.502177443836857 ], [ 129.324322137642895, 35.502194483374538 ], [ 129.324330419564916, 35.502209359686063 ], [ 129.325082692980658, 35.502242765370795 ], [ 129.323296632604865, 35.501095051429637 ] ], [ [ 129.311027717523103, 35.508257491575343 ], [ 129.311300943149774, 35.507446252426085 ], [ 129.311317825165702, 35.507192493506494 ], [ 129.31132830347363, 35.507050782447003 ], [ 129.311027717523103, 35.508257491575343 ] ], [ [ 129.311601493399962, 35.507063509852522 ], [ 129.311280797860519, 35.506554793585899 ], [ 129.311265262873206, 35.506536483035887 ], [ 129.31162079694866, 35.506780452444588 ], [ 129.311608067227553, 35.506967162152485 ], [ 129.311601493399962, 35.507063509852522 ] ], [ [ 129.31087985090258, 35.506537309832581 ], [ 129.310879850911277, 35.506537309832225 ], [ 129.310891015260978, 35.50661450447722 ], [ 129.31087985090258, 35.506537309832581 ] ], [ [ 129.310271132199262, 35.506491938771525 ], [ 129.310112650103349, 35.506483376383706 ], [ 129.310151733152622, 35.506485484575904 ], [ 129.310271132207959, 35.506491938771177 ], [ 129.310404257167505, 35.50649912380571 ], [ 129.310271132199262, 35.506491938771525 ] ], [ [ 129.294633504453941, 35.541743155424179 ], [ 129.29462401862321, 35.541783068078374 ], [ 129.294633504453941, 35.541743155424165 ], [ 129.294633504453941, 35.541743155424179 ] ], [ [ 129.294692084457807, 35.541243939512107 ], [ 129.294706384269148, 35.541198987855267 ], [ 129.294631465227752, 35.541388834697685 ], [ 129.294692084457807, 35.541243939512107 ] ], [ [ 129.295144873580256, 35.540704458790941 ], [ 129.295363890252474, 35.540645242002135 ], [ 129.295022034587902, 35.540804102930601 ], [ 129.295144873580256, 35.540704458790941 ] ], [ [ 129.295364948953733, 35.540615037058387 ], [ 129.295364948953733, 35.540615037058394 ], [ 129.295363890252474, 35.540645242002135 ], [ 129.295364948953733, 35.540615037058387 ] ], [ [ 129.295779596882227, 35.539706936432545 ], [ 129.295365947452183, 35.539870042937814 ], [ 129.295821918215665, 35.539700704345172 ], [ 129.295779596882227, 35.539706936432545 ] ], [ [ 129.296630345529564, 35.539660720918242 ], [ 129.29664598555064, 35.539659292839879 ], [ 129.296335513151121, 35.539687642757904 ], [ 129.296630345529564, 35.539660720918242 ] ], [ [ 129.29714089609584, 35.539587429864142 ], [ 129.297346360035903, 35.539545356406414 ], [ 129.297115811809078, 35.539592572901682 ], [ 129.29714089609584, 35.539587429864142 ] ], [ [ 129.297354866852885, 35.539203377377319 ], [ 129.297405808044914, 35.539301430364858 ], [ 129.297349643567003, 35.539193328744091 ], [ 129.297354866852885, 35.539203377377319 ] ], [ [ 129.297071894542796, 35.538633308673418 ], [ 129.297076108950733, 35.538649912201841 ], [ 129.297071894542796, 35.538633308673425 ], [ 129.297071894542796, 35.538633308673418 ] ], [ [ 129.297076132345779, 35.538586160593738 ], [ 129.297081987202716, 35.538558987240641 ], [ 129.297073307143791, 35.538617592646865 ], [ 129.297076132345779, 35.538586160593738 ] ], [ [ 129.297344360845244, 35.538165166202958 ], [ 129.297423639930173, 35.538040908510482 ], [ 129.297334246378199, 35.538179566724196 ], [ 129.297344360845244, 35.538165166202958 ] ], [ [ 129.296584005572868, 35.536730338711187 ], [ 129.296570161439178, 35.536708729496723 ], [ 129.296603386329139, 35.536760588237037 ], [ 129.296584005572868, 35.536730338711187 ] ], [ [ 129.296335353693905, 35.536341704776035 ], [ 129.296261637277951, 35.536226840086769 ], [ 129.296438913432837, 35.536503607921922 ], [ 129.296335353693905, 35.536341704776035 ] ], [ [ 129.296268549044157, 35.535930436008549 ], [ 129.29615106265399, 35.536054543052877 ], [ 129.29615106265399, 35.536054543052863 ], [ 129.296268549044157, 35.535930436008549 ] ], [ [ 129.296583071198597, 35.535285980162534 ], [ 129.296716820163113, 35.534936193766455 ], [ 129.296577205049545, 35.535299471894604 ], [ 129.296583071198597, 35.535285980162534 ] ], [ [ 129.296378013811164, 35.533451787680484 ], [ 129.296363977968667, 35.53342901220001 ], [ 129.296380594113458, 35.533456072096641 ], [ 129.296378013811164, 35.533451787680484 ] ], [ [ 129.296179454315535, 35.533129528249589 ], [ 129.296178023344623, 35.533127179365735 ], [ 129.296187344559456, 35.533142361438337 ], [ 129.296179454315535, 35.533129528249589 ] ], [ [ 129.296188692251519, 35.533011390944139 ], [ 129.296174274571911, 35.533109126570693 ], [ 129.296172843432373, 35.533118791951729 ], [ 129.2961815903831, 35.533059357201417 ], [ 129.296188692251519, 35.533011390944139 ] ], [ [ 129.296575694755376, 35.53288633631152 ], [ 129.296295461917197, 35.532943200375946 ], [ 129.296603457365535, 35.532879959313235 ], [ 129.296575694755376, 35.53288633631152 ] ], [ [ 129.296634724217455, 35.532866994278052 ], [ 129.296624880225636, 35.532871415058764 ], [ 129.296637268095992, 35.532865607383435 ], [ 129.296634724217455, 35.532866994278052 ] ], [ [ 129.296663214072368, 35.532848448001204 ], [ 129.296666646953526, 35.532845417440967 ], [ 129.296659519612234, 35.53285126908429 ], [ 129.296663214072368, 35.532848448001204 ] ], [ [ 129.296938995640232, 35.532582431404165 ], [ 129.296940603638234, 35.532579891793844 ], [ 129.2969339503193, 35.532589714212079 ], [ 129.296938995640232, 35.532582431404165 ] ], [ [ 129.296956858693846, 35.532552554770454 ], [ 129.296960692744136, 35.532545710555205 ], [ 129.29695147170915, 35.532561881352024 ], [ 129.296956858693846, 35.532552554770454 ] ], [ [ 129.296993525415246, 35.532448635723561 ], [ 129.296993801491652, 35.532447084221403 ], [ 129.296991793641979, 35.532457472660084 ], [ 129.296993525415246, 35.532448635723561 ] ], [ [ 129.296998906879878, 35.532412750986957 ], [ 129.296999612598256, 35.53239472335278 ], [ 129.296996877709063, 35.532430691734284 ], [ 129.296998906879878, 35.532412750986957 ] ], [ [ 129.297479547291601, 35.532094875204692 ], [ 129.297496878758182, 35.532091461823498 ], [ 129.297301017442891, 35.532123064109868 ], [ 129.297479547291601, 35.532094875204692 ] ], [ [ 129.297551658380939, 35.532083035444103 ], [ 129.297613454980166, 35.532078809872885 ], [ 129.297496878758182, 35.532091461823498 ], [ 129.297551658380939, 35.532083035444103 ] ], [ [ 129.297923304809103, 35.531520020704008 ], [ 129.297922328446447, 35.53150937655235 ], [ 129.297927328192969, 35.531563930936656 ], [ 129.297923304809103, 35.531520020704008 ] ], [ [ 129.298025162134309, 35.531402953413512 ], [ 129.297919399358534, 35.531477444097412 ], [ 129.297919399358534, 35.531477444097391 ], [ 129.298025162134309, 35.531402953413512 ] ], [ [ 129.298268514213845, 35.531111948440788 ], [ 129.298268514213817, 35.531111948440802 ], [ 129.298249729193913, 35.531111367980962 ], [ 129.298268514213845, 35.531111948440788 ] ], [ [ 129.298266181260573, 35.531077254308308 ], [ 129.298266181260573, 35.5310772543083 ], [ 129.298281617709677, 35.531047360908545 ], [ 129.298266181260573, 35.531077254308308 ] ], [ [ 129.298384233838846, 35.530828296345675 ], [ 129.298405320093792, 35.530779884992043 ], [ 129.29836171112612, 35.530880050091113 ], [ 129.298384233838846, 35.530828296345675 ] ], [ [ 129.298624593058577, 35.530348395477709 ], [ 129.298665744366872, 35.530265465028727 ], [ 129.298537394637094, 35.530488320841549 ], [ 129.298624593058577, 35.530348395477709 ] ], [ [ 129.298755992660801, 35.530131490364035 ], [ 129.29875803161957, 35.530126287867475 ], [ 129.298738617709773, 35.530173803948792 ], [ 129.298755992660801, 35.530131490364035 ] ], [ [ 129.298873782227389, 35.530051074808576 ], [ 129.298890085775923, 35.53004711397039 ], [ 129.29881132111106, 35.530066010052529 ], [ 129.298873782227389, 35.530051074808576 ] ], [ [ 129.298989519645914, 35.529743357455139 ], [ 129.298989519645914, 35.529743357455132 ], [ 129.299007291648138, 35.5298086575459 ], [ 129.298989519645914, 35.529743357455139 ] ], [ [ 129.298993620557582, 35.529719282746917 ], [ 129.299001446613971, 35.529705974936164 ], [ 129.298989710543168, 35.529742236778588 ], [ 129.298993620557582, 35.529719282746917 ] ], [ [ 129.298908691646261, 35.529501829322101 ], [ 129.298887952783446, 35.529488777286765 ], [ 129.298957678973125, 35.529519335200931 ], [ 129.298908691646261, 35.529501829322101 ] ], [ [ 129.298843079609298, 35.529499377347264 ], [ 129.29879619262627, 35.529521754938813 ], [ 129.298853602674995, 35.529482677433208 ], [ 129.298843079609298, 35.529499377347264 ] ], [ [ 129.298326665507545, 35.52971714065707 ], [ 129.298197639945158, 35.529769190750223 ], [ 129.298546267980043, 35.529627243014851 ], [ 129.298326665507545, 35.52971714065707 ] ], [ [ 129.298136584435042, 35.529663963218674 ], [ 129.298077119881725, 35.52948644606694 ], [ 129.298138647499911, 35.529670294252654 ], [ 129.298136584435042, 35.529663963218674 ] ], [ [ 129.298093029069435, 35.529141670357717 ], [ 129.297824010232233, 35.529149668187657 ], [ 129.298093633720839, 35.529147854900138 ], [ 129.298093029069435, 35.529141670357717 ] ], [ [ 129.297089039154002, 35.529080458690906 ], [ 129.297270083655093, 35.529149435627275 ], [ 129.297003335582787, 35.529047068407408 ], [ 129.297089039154002, 35.529080458690906 ] ], [ [ 129.296870884616794, 35.529053134120858 ], [ 129.296870884616823, 35.529053134120858 ], [ 129.296851901878398, 35.52906610519122 ], [ 129.296870884616794, 35.529053134120858 ] ], [ [ 129.295907791453573, 35.528451846117584 ], [ 129.295870463808569, 35.528374714201895 ], [ 129.29591320152511, 35.528465983256019 ], [ 129.295907791453573, 35.528451846117584 ] ], [ [ 129.295854928681564, 35.528299214510582 ], [ 129.295687496047833, 35.528205951357734 ], [ 129.295761987545035, 35.528243002163585 ], [ 129.295854928681564, 35.528299214510582 ] ], [ [ 129.295161995154842, 35.528193361109111 ], [ 129.295122547813236, 35.528206021218885 ], [ 129.295383100347749, 35.528129623663467 ], [ 129.295161995154842, 35.528193361109111 ] ], [ [ 129.292944836810136, 35.527638349510021 ], [ 129.292915482531384, 35.527626298862856 ], [ 129.293057315571986, 35.527686734457049 ], [ 129.292944836810136, 35.527638349510021 ] ], [ [ 129.291071078139368, 35.526397532944344 ], [ 129.291165616310167, 35.526718389961736 ], [ 129.290941358432008, 35.525931946220048 ], [ 129.291071078139368, 35.526397532944344 ] ], [ [ 129.291593002856672, 35.5249910674886 ], [ 129.291721178088693, 35.524938303672279 ], [ 129.291386638590865, 35.525076024767507 ], [ 129.291593002856672, 35.5249910674886 ] ], [ [ 129.293766890498716, 35.524590537588587 ], [ 129.29433716830107, 35.524267887173373 ], [ 129.293180831333729, 35.524709088826256 ], [ 129.293766890498716, 35.524590537588587 ] ], [ [ 129.295055698967587, 35.523967766244603 ], [ 129.295564752350458, 35.523964209845985 ], [ 129.295055698967559, 35.52396776624461 ], [ 129.295055698967587, 35.523967766244603 ] ], [ [ 129.295878253427162, 35.523736543671525 ], [ 129.295944743857689, 35.523688008780809 ], [ 129.295686502675011, 35.523875794102985 ], [ 129.295878253427162, 35.523736543671525 ] ], [ [ 129.295944743857689, 35.523688008780809 ], [ 129.296517694557849, 35.524611879675682 ], [ 129.296561092711642, 35.524757423014961 ], [ 129.295944743857689, 35.523688008780809 ] ], [ [ 129.297758661327833, 35.524902516233325 ], [ 129.297900681200019, 35.524665842797901 ], [ 129.296561092711642, 35.524757423014961 ], [ 129.297758661327833, 35.524902516233325 ] ], [ [ 129.298049053403162, 35.524423697896189 ], [ 129.298855604225054, 35.523728600108043 ], [ 129.29805222956864, 35.524420962163056 ], [ 129.298049053403162, 35.524423697896189 ] ], [ [ 129.299678293208501, 35.521743139625215 ], [ 129.299629984401776, 35.521956532001234 ], [ 129.299678293208501, 35.521743139625187 ], [ 129.299678293208501, 35.521743139625215 ] ], [ [ 129.299664214149828, 35.52066386301432 ], [ 129.299608855353, 35.520767026516523 ], [ 129.299608855353, 35.520767026516516 ], [ 129.299664214149828, 35.52066386301432 ] ], [ [ 129.300350463457846, 35.519107516790136 ], [ 129.300360904593362, 35.519018604993924 ], [ 129.30034629545591, 35.519142984147031 ], [ 129.300350463457846, 35.519107516790136 ] ], [ [ 129.300427609633118, 35.518952419679174 ], [ 129.300470907302525, 35.518924137816988 ], [ 129.300360904593362, 35.519018604993924 ], [ 129.300427609633118, 35.518952419679174 ] ], [ [ 129.300562215275619, 35.518889824401704 ], [ 129.300574002778035, 35.518886059296484 ], [ 129.300470907302525, 35.518924137816988 ], [ 129.300562215275619, 35.518889824401704 ] ], [ [ 129.300652881370922, 35.518741967088758 ], [ 129.300652532042051, 35.518744593201532 ], [ 129.300652881370922, 35.518741967088751 ], [ 129.300652881370922, 35.518741967088758 ] ], [ [ 129.300649486886584, 35.518537227818584 ], [ 129.300651406377625, 35.518534483675388 ], [ 129.30064780876134, 35.518568260639881 ], [ 129.300649486886584, 35.518537227818584 ] ], [ [ 129.300719587456825, 35.518465292653822 ], [ 129.300719895069619, 35.518465005728864 ], [ 129.300681661254629, 35.518491235936573 ], [ 129.300719587456825, 35.518465292653822 ] ], [ [ 129.30078963378773, 35.518417386167052 ], [ 129.300809030027835, 35.518404063358247 ], [ 129.30078035183459, 35.518423438876461 ], [ 129.30078963378773, 35.518417386167052 ] ], [ [ 129.30100961217542, 35.518266467703285 ], [ 129.301013745374206, 35.518263266847754 ], [ 129.300954225821272, 35.518304811211735 ], [ 129.30100961217542, 35.518266467703285 ] ], [ [ 129.30117112322813, 35.518108159264074 ], [ 129.301172353434055, 35.518106707908089 ], [ 129.301133365056501, 35.518149573033988 ], [ 129.30117112322813, 35.518108159264074 ] ], [ [ 129.321977618131712, 35.549629266673236 ], [ 129.323069332342385, 35.549462550252692 ], [ 129.323134672697364, 35.549459005143724 ], [ 129.321977618131712, 35.549629266673236 ] ], [ [ 129.324860800093546, 35.545468243272509 ], [ 129.324860811121425, 35.545468243242944 ], [ 129.324834149946213, 35.545532486763513 ], [ 129.324860800093546, 35.545468243272509 ] ], [ [ 129.373630655948801, 35.468917778385631 ], [ 129.373834336863439, 35.468707459609817 ], [ 129.373726121279134, 35.468819203406788 ], [ 129.373630655948801, 35.468917778385631 ] ], [ [ 129.344316587738973, 35.510266732789574 ], [ 129.34427490489125, 35.510306877073099 ], [ 129.344316587738973, 35.510266732789539 ], [ 129.344316587738973, 35.510266732789574 ] ], [ [ 129.344790008475286, 35.510039332122119 ], [ 129.344797493746825, 35.510023203351061 ], [ 129.34470136955693, 35.510090514816277 ], [ 129.344790008475286, 35.510039332122119 ] ], [ [ 129.344904026883114, 35.509877918742937 ], [ 129.344935098900862, 35.509846420076997 ], [ 129.344884943035453, 35.509897278849948 ], [ 129.344904026883114, 35.509877918742937 ] ], [ [ 129.345259013311107, 35.509733403135364 ], [ 129.345388472098676, 35.509713836525258 ], [ 129.34524030210369, 35.509742126868794 ], [ 129.345259013311107, 35.509733403135364 ] ], [ [ 129.345445775971768, 35.509689482336881 ], [ 129.345583371758579, 35.509613579263601 ], [ 129.345457941071089, 35.509683309817078 ], [ 129.345445775971768, 35.509689482336881 ] ], [ [ 129.345834109920844, 35.509559011308106 ], [ 129.345860914318905, 35.50955570047801 ], [ 129.345812918827022, 35.509561726108693 ], [ 129.345834109920844, 35.509559011308106 ] ], [ [ 129.346343853953499, 35.50985239659385 ], [ 129.346407102480498, 35.509867510787643 ], [ 129.346275356940907, 35.509839496532614 ], [ 129.346343853953499, 35.50985239659385 ] ], [ [ 129.347102223743065, 35.510415213456298 ], [ 129.347122421043053, 35.510463496659568 ], [ 129.347102223743065, 35.510415213456319 ], [ 129.34703568545865, 35.510319334804571 ], [ 129.346985623111266, 35.510225166458405 ], [ 129.346949909441747, 35.510153354235456 ], [ 129.346735878447447, 35.509994536498191 ], [ 129.346949909441747, 35.510153354235435 ], [ 129.347102223743065, 35.510415213456298 ] ], [ [ 129.347773639162199, 35.510398572218527 ], [ 129.347721599649304, 35.510443396516784 ], [ 129.347684476400332, 35.510482502182136 ], [ 129.347648322087679, 35.510516224311928 ], [ 129.347721599649304, 35.51044339651677 ], [ 129.347765312495852, 35.510403785224717 ], [ 129.347773639162199, 35.510398572218527 ] ], [ [ 129.347967458932487, 35.510320303503129 ], [ 129.347967458932516, 35.510320303503143 ], [ 129.347848515016665, 35.510361354474192 ], [ 129.347967458932487, 35.510320303503129 ] ], [ [ 129.348332855058828, 35.510174973858014 ], [ 129.348407463266398, 35.510133666931267 ], [ 129.348273768322656, 35.510194129258721 ], [ 129.348332855058828, 35.510174973858014 ] ], [ [ 129.348530601700759, 35.510052964377778 ], [ 129.348556915169013, 35.510046065745598 ], [ 129.348475518420969, 35.510090483023589 ], [ 129.348530601700759, 35.510052964377778 ] ], [ [ 129.348654198692486, 35.510064767254796 ], [ 129.348566265077437, 35.510043614469375 ], [ 129.348656226252075, 35.510082534999093 ], [ 129.348654198692486, 35.510064767254796 ] ], [ [ 129.349296625585765, 35.509779476864558 ], [ 129.349271310554911, 35.509807781760131 ], [ 129.349296625585765, 35.509779476864551 ], [ 129.349296625585765, 35.509779476864558 ] ], [ [ 129.350884311717721, 35.50903894379875 ], [ 129.350698510459921, 35.509067986518609 ], [ 129.350884311717721, 35.509038943798743 ], [ 129.350887880709678, 35.509038383670784 ], [ 129.351076872494389, 35.509008841423359 ], [ 129.350884311717721, 35.50903894379875 ] ], [ [ 129.351929786803026, 35.508853164319376 ], [ 129.351551792862864, 35.508924815301519 ], [ 129.351427048472885, 35.508946761946966 ], [ 129.351929786803026, 35.508853164319376 ] ], [ [ 129.351923395419703, 35.508791381277504 ], [ 129.351923035178743, 35.508793518056834 ], [ 129.351923035178743, 35.508793518056819 ], [ 129.351923395419703, 35.508791381277504 ] ], [ [ 129.352536216774212, 35.508353263225985 ], [ 129.352672121044634, 35.508260562787349 ], [ 129.352148560131354, 35.508617929958532 ], [ 129.352536216774212, 35.508353263225985 ] ], [ [ 129.352928476822683, 35.508085706694708 ], [ 129.35310155532872, 35.507966645724025 ], [ 129.352834275001271, 35.508149959631368 ], [ 129.352928476822683, 35.508085706694708 ] ], [ [ 129.354020445700314, 35.50733132544574 ], [ 129.354055663323692, 35.507307426009909 ], [ 129.353933369295333, 35.507390290098016 ], [ 129.354020445700314, 35.50733132544574 ] ], [ [ 129.368620031728994, 35.509502887744731 ], [ 129.368876991817928, 35.509465053175916 ], [ 129.368620031738914, 35.509502887744361 ], [ 129.368553015641709, 35.509544821703308 ], [ 129.36841950104477, 35.509568057714752 ], [ 129.368620031728994, 35.509502887744731 ] ], [ [ 129.370802350625553, 35.509208055137947 ], [ 129.370706825789114, 35.509299495648527 ], [ 129.3707800016536, 35.509238145738131 ], [ 129.370802350625553, 35.509208055137947 ] ], [ [ 129.371299071054182, 35.508543431574758 ], [ 129.371343706912626, 35.508380944176324 ], [ 129.371391250071213, 35.508347693784124 ], [ 129.371387725340213, 35.508309796054391 ], [ 129.372136323255717, 35.507663729243461 ], [ 129.37247329622133, 35.507464381162201 ], [ 129.372732496373686, 35.507361836424764 ], [ 129.371299071054182, 35.508543431574758 ] ], [ [ 129.372824528130081, 35.507427257716614 ], [ 129.372824528120191, 35.507427257716998 ], [ 129.372848066514962, 35.507411583820108 ], [ 129.372824528130081, 35.507427257716614 ] ], [ [ 129.373284367067299, 35.507239714658233 ], [ 129.372872388915312, 35.50743451904728 ], [ 129.373042665782805, 35.507300233297052 ], [ 129.373284367067299, 35.507239714658233 ] ], [ [ 129.374216184556417, 35.507425003072349 ], [ 129.374104875532367, 35.507436468917454 ], [ 129.374104875527337, 35.507436468917319 ], [ 129.374216184556417, 35.507425003072349 ] ], [ [ 129.374576303216116, 35.507421997204773 ], [ 129.379306797979694, 35.505350426064446 ], [ 129.379232530361463, 35.504693964699698 ], [ 129.379248899511737, 35.504529426753457 ], [ 129.379262901298631, 35.504398370383512 ], [ 129.379276190794371, 35.504282331847556 ], [ 129.379276762982613, 35.50427741798719 ], [ 129.379365934707494, 35.504089569803163 ], [ 129.379375284450305, 35.503803126344209 ], [ 129.379385888770884, 35.503756279759443 ], [ 129.37929602018545, 35.503717580120082 ], [ 129.379278168506346, 35.503567849458193 ], [ 129.379279181520417, 35.503513498070625 ], [ 129.379293650273326, 35.503446891974548 ], [ 129.37938588878086, 35.503756279759067 ], [ 129.379306797989699, 35.505350426064084 ], [ 129.374576303216116, 35.507421997204773 ] ], [ [ 129.379368004850903, 35.503465577332932 ], [ 129.3794660777655, 35.503145228518036 ], [ 129.379458486485305, 35.503176437182269 ], [ 129.379368004850903, 35.503465577332932 ] ] ] ] } },
{ "type": "Feature", "properties": { "sigungu_cd": "31170", "sigungu_nm": "동구" }, "geometry": { "type": "MultiPolygon", "coordinates": [ [ [ [ 129.44514653242868, 35.490775377404645 ], [ 129.44578041512068, 35.491440491240382 ], [ 129.445712359395031, 35.490554686190009 ], [ 129.44514653242868, 35.490775377404645 ] ] ], [ [ [ 129.432156120086034, 35.505452060997257 ], [ 129.433900315560606, 35.504241755178917 ], [ 129.4372354901964, 35.506592175056475 ], [ 129.441464982914425, 35.507042072723337 ], [ 129.443540195307037, 35.505586142767818 ], [ 129.443613198292297, 35.502270111247803 ], [ 129.439256044384194, 35.500101322880482 ], [ 129.432665682444707, 35.499904255483344 ], [ 129.430458827642724, 35.496751655280484 ], [ 129.431591611156961, 35.493063501026171 ], [ 129.433610938925483, 35.491288843115349 ], [ 129.441361335132285, 35.495144732143828 ], [ 129.444494897815332, 35.491568316777865 ], [ 129.440008543911489, 35.490990704876786 ], [ 129.439250572643829, 35.487122007572999 ], [ 129.432057909509325, 35.480331359237084 ], [ 129.431776285915618, 35.478021451457927 ], [ 129.427796234604671, 35.478152564961611 ], [ 129.431162552204086, 35.47835968744873 ], [ 129.432125245767082, 35.481519183722092 ], [ 129.42977686408895, 35.484383358895535 ], [ 129.425689109975622, 35.484977828037131 ], [ 129.424386961382083, 35.484206200282301 ], [ 129.425155150371836, 35.481669504906726 ], [ 129.42769971880918, 35.481111924367426 ], [ 129.42868935895217, 35.479953491882803 ], [ 129.418293686862199, 35.482406803521151 ], [ 129.414239294434594, 35.478408703933546 ], [ 129.415710430476537, 35.475643838502656 ], [ 129.411867375856787, 35.472363165182337 ], [ 129.405005984197174, 35.471327848601113 ], [ 129.407116111735121, 35.473241194972161 ], [ 129.404882038598174, 35.47624765210653 ], [ 129.401279658785199, 35.476242604715495 ], [ 129.401279184392479, 35.476413853366353 ], [ 129.404369004946716, 35.477167376186195 ], [ 129.404289140536662, 35.486622193150289 ], [ 129.408490193534618, 35.493246860593935 ], [ 129.403228392504161, 35.49980742615417 ], [ 129.3957601679015, 35.501237319368549 ], [ 129.397414299578088, 35.511892936631448 ], [ 129.387665823437345, 35.527391100814974 ], [ 129.392845983208673, 35.522200312424033 ], [ 129.403364242194442, 35.520163647407678 ], [ 129.406582786538905, 35.51667595984334 ], [ 129.408653045929157, 35.516315916780812 ], [ 129.410437817880364, 35.524067835392891 ], [ 129.401241881854872, 35.529485555412307 ], [ 129.406637034661856, 35.537401506320627 ], [ 129.405582275722452, 35.541647772398989 ], [ 129.408541518796625, 35.545482642372676 ], [ 129.407159979507725, 35.550108551686797 ], [ 129.413484597471125, 35.554898240311786 ], [ 129.414422358117719, 35.557947018669935 ], [ 129.413367149446827, 35.558736199341219 ], [ 129.419899308347397, 35.563744962234708 ], [ 129.429606500488745, 35.566979603702528 ], [ 129.437022362847131, 35.566709432308883 ], [ 129.440453845868689, 35.568425165200033 ], [ 129.445142938598138, 35.567350188923626 ], [ 129.448000809925077, 35.570635131672269 ], [ 129.452418102785856, 35.571497883419475 ], [ 129.458362863703911, 35.561250370574008 ], [ 129.45777631824842, 35.56206121612837 ], [ 129.456855758128853, 35.562073168638307 ], [ 129.458037763115755, 35.553343339140369 ], [ 129.454823928770395, 35.551047566462834 ], [ 129.455123494082699, 35.548082502169208 ], [ 129.452475890410113, 35.544043027326254 ], [ 129.453623687747751, 35.542209330112463 ], [ 129.45102562753479, 35.536872163641718 ], [ 129.454131492139197, 35.526017791754199 ], [ 129.4467486984434, 35.529357633313367 ], [ 129.438574739984119, 35.528578091625597 ], [ 129.438652675290172, 35.519925164167489 ], [ 129.439767048528722, 35.51975264173484 ], [ 129.44023400858066, 35.522259033245895 ], [ 129.445973620034181, 35.522334124259793 ], [ 129.446728888182378, 35.524160726509635 ], [ 129.444191010382667, 35.525448297597585 ], [ 129.446783560308489, 35.524505917616203 ], [ 129.447335064451664, 35.526138804780771 ], [ 129.450425984185301, 35.524663354502898 ], [ 129.445206754342991, 35.511081640389037 ], [ 129.442084857835255, 35.509237147517418 ], [ 129.441858428468151, 35.511042481671062 ], [ 129.433557915334404, 35.511249203771406 ], [ 129.432156120086034, 35.505452060997257 ] ] ], [ [ [ 129.458155545085447, 35.553754420612357 ], [ 129.458232484006913, 35.55371762708306 ], [ 129.458178944879762, 35.553705157787221 ], [ 129.458155545085447, 35.553754420612357 ] ] ], [ [ [ 129.457950659423574, 35.557738674801016 ], [ 129.457936671233767, 35.557658423169116 ], [ 129.457897629390459, 35.557709466588513 ], [ 129.457950659423574, 35.557738674801016 ] ] ] ] } }
]
}
