{
"type": "FeatureCollection",
"name": "50",
"crs": { "type": "name", "properties": { "name": "urn:ogc:def:crs:OGC:1.3:CRS84" } },
"features": [
{ "type": "Feature", "properties": { "sigungu_cd": "50130", "sigungu_nm": "서귀포시" }, "geometry": { "type": "MultiPolygon", "coordinates": [ [ [ [ 126.265458085353487, 33.116742493562377 ], [ 126.269293094307301, 33.122786237351846 ], [ 126.269758933302441, 33.116274679622961 ], [ 126.268398329923428, 33.113891070255974 ], [ 126.266765147651569, 33.113976612482546 ], [ 126.265458085353487, 33.116742493562377 ] ] ], [ [ [ 126.264799249009215, 33.170269148454985 ], [ 126.269835059271031, 33.1744520127207 ], [ 126.27295195041431, 33.174710368115861 ], [ 126.278887548550273, 33.168027975102277 ], [ 126.275683655312207, 33.1679735878446 ], [ 126.274320494980046, 33.167193570922862 ], [ 126.275475411450344, 33.16636542637707 ], [ 126.272230686364765, 33.165227975741431 ], [ 126.272875818341788, 33.164816708574264 ], [ 126.275165297432139, 33.165985325742874 ], [ 126.276290968568048, 33.165874602107479 ], [ 126.270797497915254, 33.164069515409189 ], [ 126.264799249009215, 33.170269148454985 ] ] ], [ [ [ 126.314014250709334, 33.208177113632523 ], [ 126.314351095580506, 33.20779246840678 ], [ 126.314014996029954, 33.207726309311802 ], [ 126.314014250709334, 33.208177113632523 ] ] ], [ [ [ 126.316426696229087, 33.20889419812292 ], [ 126.31639395245935, 33.208954624599912 ], [ 126.316525346595938, 33.208981368367432 ], [ 126.316426696229087, 33.20889419812292 ] ] ], [ [ [ 126.31604638347622, 33.209162084619258 ], [ 126.316022607686605, 33.209286971883571 ], [ 126.316114274077179, 33.20926423296104 ], [ 126.31604638347622, 33.209162084619258 ] ] ], [ [ [ 126.313766838849531, 33.211314048925516 ], [ 126.315633273947014, 33.209665994779648 ], [ 126.314014368194591, 33.208765906115957 ], [ 126.313169729981254, 33.210046546916836 ], [ 126.313766838849531, 33.211314048925516 ] ] ], [ [ [ 126.513203839643751, 33.217224384586451 ], [ 126.514146458866009, 33.218167142911639 ], [ 126.514301518150631, 33.217510192229078 ], [ 126.513203839643751, 33.217224384586451 ] ] ], [ [ [ 126.516511106931233, 33.21976670716252 ], [ 126.518695599105257, 33.217963385936578 ], [ 126.518094458736101, 33.216452934338797 ], [ 126.515269871867218, 33.217229352484566 ], [ 126.516511106931233, 33.21976670716252 ] ] ], [ [ [ 126.239613514388083, 33.225700621142259 ], [ 126.241086560126803, 33.22515775646508 ], [ 126.239452483501751, 33.225201956344897 ], [ 126.239613514388083, 33.225700621142259 ] ] ], [ [ [ 126.240405928461826, 33.226257588018854 ], [ 126.239263691468182, 33.226178008261051 ], [ 126.240403209336961, 33.226295339760689 ], [ 126.240405928461826, 33.226257588018854 ] ] ], [ [ [ 126.49852342694976, 33.23057628501369 ], [ 126.498560254027751, 33.229373096863576 ], [ 126.497686147973738, 33.230311976741078 ], [ 126.49852342694976, 33.23057628501369 ] ] ], [ [ [ 126.518214123143366, 33.236871420178971 ], [ 126.518076605831382, 33.237445257810833 ], [ 126.518139662309764, 33.237454807539656 ], [ 126.518214123143366, 33.236871420178971 ] ] ], [ [ [ 126.544854094122172, 33.239039100475388 ], [ 126.544871564701438, 33.239145863131533 ], [ 126.545006255710376, 33.239132535371652 ], [ 126.544854094122172, 33.239039100475388 ] ] ], [ [ [ 126.228260339472456, 33.239021243668617 ], [ 126.227447309185891, 33.239469226738741 ], [ 126.227473800178743, 33.23950934168159 ], [ 126.228260339472456, 33.239021243668617 ] ] ], [ [ [ 126.407851796305607, 33.245244905701703 ], [ 126.409265287418123, 33.24549952408438 ], [ 126.407605291144662, 33.24498041166347 ], [ 126.407851796305607, 33.245244905701703 ] ] ], [ [ [ 126.655401661695848, 33.226432590775765 ], [ 126.656528798899757, 33.224294555204182 ], [ 126.653292098676957, 33.224565022674028 ], [ 126.653388140446651, 33.225866466278688 ], [ 126.655401661695848, 33.226432590775765 ] ] ], [ [ [ 126.563235423972685, 33.226638229470524 ], [ 126.567843075551792, 33.227122432038627 ], [ 126.56831814902614, 33.225272300495725 ], [ 126.564589672909648, 33.225551612817242 ], [ 126.563235423972685, 33.226638229470524 ] ] ], [ [ [ 126.568133371667287, 33.227510233381992 ], [ 126.56816022535817, 33.227766741401318 ], [ 126.568303661703226, 33.227461398853158 ], [ 126.568133371667287, 33.227510233381992 ] ] ], [ [ [ 126.596177631342172, 33.230474179666579 ], [ 126.600037115359029, 33.231574506520509 ], [ 126.60251796297689, 33.228887247480543 ], [ 126.597691299887032, 33.228885404163769 ], [ 126.596177631342172, 33.230474179666579 ] ] ], [ [ [ 126.562788194770292, 33.238192759567632 ], [ 126.564074277561375, 33.234975597474005 ], [ 126.558761794799111, 33.236373449186402 ], [ 126.560325341535247, 33.237502006949434 ], [ 126.562788194770292, 33.238192759567632 ] ] ], [ [ [ 126.548603260314337, 33.239572725578434 ], [ 126.549144123740007, 33.239518070728401 ], [ 126.549193449794657, 33.239461249157358 ], [ 126.548765382582815, 33.239274885940866 ], [ 126.548603260314337, 33.239572725578434 ] ] ], [ [ [ 126.549167631537173, 33.239762019289387 ], [ 126.54908904560196, 33.239831420364418 ], [ 126.549162745886946, 33.239841948810863 ], [ 126.549167631537173, 33.239762019289387 ] ] ], [ [ [ 126.400919251156665, 33.241969595851735 ], [ 126.384105867808358, 33.233584871869425 ], [ 126.379925642705814, 33.234721972949949 ], [ 126.378141936903759, 33.232595212893457 ], [ 126.375668351211374, 33.234164405796058 ], [ 126.369460872563323, 33.231737361368339 ], [ 126.36849258093487, 33.233012781215749 ], [ 126.364958035212879, 33.232346515015017 ], [ 126.361817923524086, 33.237243474212541 ], [ 126.361776684624829, 33.235529055192458 ], [ 126.357399701622981, 33.237275085062649 ], [ 126.350763378566072, 33.235175629826443 ], [ 126.346591686463654, 33.237125160838374 ], [ 126.33728053050811, 33.236781913550992 ], [ 126.336921615237273, 33.235051151121532 ], [ 126.33366634998437, 33.234139636129569 ], [ 126.335535227145044, 33.234786192487739 ], [ 126.33275028069076, 33.236930243434593 ], [ 126.334479202739075, 33.237419011280181 ], [ 126.333790558423445, 33.239134605399464 ], [ 126.336437448728262, 33.23853966931717 ], [ 126.334946693155374, 33.240491584274935 ], [ 126.331632765793543, 33.241424564805186 ], [ 126.328555517568347, 33.239585482712798 ], [ 126.328367435496418, 33.235887849261758 ], [ 126.328104059273372, 33.241454527760609 ], [ 126.32069982884282, 33.239484988857136 ], [ 126.314653882449662, 33.236361527730075 ], [ 126.315371098852864, 33.231591875505309 ], [ 126.313780197998071, 33.23324812956681 ], [ 126.310838149368905, 33.232763960368459 ], [ 126.30866892051489, 33.227408940875556 ], [ 126.306352575435355, 33.226138082827326 ], [ 126.306502681425314, 33.226886422035761 ], [ 126.308591903250687, 33.227466413688383 ], [ 126.308694684161495, 33.227979805735366 ], [ 126.301241570204979, 33.226909591507557 ], [ 126.294422739615328, 33.220250804624015 ], [ 126.29328887929266, 33.216959318913915 ], [ 126.294355122786769, 33.213758231293383 ], [ 126.292375092487944, 33.212035747063254 ], [ 126.290403277958006, 33.206460668578707 ], [ 126.291193563685979, 33.20599463653398 ], [ 126.291327671319664, 33.20579398982732 ], [ 126.290149908195389, 33.206473601711828 ], [ 126.289680349855146, 33.205108062896954 ], [ 126.293031544413338, 33.202119056380582 ], [ 126.294274260628455, 33.197302996980511 ], [ 126.288400891237472, 33.195653454756787 ], [ 126.287300391493446, 33.19989672550706 ], [ 126.284228441751168, 33.201215853683166 ], [ 126.27604161609375, 33.20021354147908 ], [ 126.273730710542452, 33.197140882781035 ], [ 126.269790892422947, 33.196053920019693 ], [ 126.262405867320524, 33.199562297149285 ], [ 126.264837567569913, 33.20526127668407 ], [ 126.263366279585625, 33.209859460550099 ], [ 126.260685989586761, 33.211525738483694 ], [ 126.259445460278755, 33.209469300079036 ], [ 126.256043551848251, 33.210476693418556 ], [ 126.256696665980897, 33.207509385393131 ], [ 126.259443010660931, 33.206925764482875 ], [ 126.256552969999163, 33.207492720248311 ], [ 126.252779833591305, 33.214318732772654 ], [ 126.250318168410161, 33.213827263565285 ], [ 126.251782393729897, 33.214452784880663 ], [ 126.249428632165078, 33.216512712756646 ], [ 126.250426108433999, 33.220240285933222 ], [ 126.24738384836931, 33.216997965740184 ], [ 126.249388365137079, 33.215816696590068 ], [ 126.249609896911352, 33.212543447693108 ], [ 126.247145595277317, 33.216926349575658 ], [ 126.247112181340071, 33.220900957563757 ], [ 126.241030418537619, 33.223845113031565 ], [ 126.241581844833874, 33.228739057972589 ], [ 126.238327296849832, 33.229241676064525 ], [ 126.238551721329117, 33.231304731291914 ], [ 126.236571053848763, 33.231719671478068 ], [ 126.237799963758661, 33.232264073087613 ], [ 126.235414841109971, 33.235896221336979 ], [ 126.22923005602307, 33.237384757499825 ], [ 126.228769809828989, 33.241824686801792 ], [ 126.228008853340356, 33.241802872680886 ], [ 126.228037880223454, 33.240946961073817 ], [ 126.227873572030134, 33.240906611460616 ], [ 126.227622815644537, 33.24017220922709 ], [ 126.227249563950352, 33.239742670356108 ], [ 126.227777156862288, 33.240693548637559 ], [ 126.222546149206337, 33.241385589918607 ], [ 126.219633867595959, 33.243490230017294 ], [ 126.212146533472037, 33.243027571161427 ], [ 126.202322475416707, 33.24658421626426 ], [ 126.192826016817293, 33.254709146244799 ], [ 126.183410768748047, 33.259463901157481 ], [ 126.179120277140981, 33.268140314211713 ], [ 126.171778930532568, 33.273585523279223 ], [ 126.172346068431438, 33.275005081546333 ], [ 126.170652695863765, 33.276698009451145 ], [ 126.170249997968426, 33.276344850028636 ], [ 126.170074630373293, 33.276277058702568 ], [ 126.168750175090949, 33.276591597708276 ], [ 126.170616552800482, 33.276737970059145 ], [ 126.168996662727025, 33.277590375947355 ], [ 126.170190154642214, 33.278561940362913 ], [ 126.168789200484241, 33.28251583887829 ], [ 126.17206516916535, 33.285528837733928 ], [ 126.170968831104389, 33.288375918686413 ], [ 126.174651840683609, 33.290724686406001 ], [ 126.180419658335452, 33.290091885895556 ], [ 126.191691798280146, 33.293674180799485 ], [ 126.192006525609415, 33.29835194274257 ], [ 126.229787557514271, 33.284674477855049 ], [ 126.244650975454547, 33.272966050668359 ], [ 126.242754002989457, 33.283164257359786 ], [ 126.24454826565298, 33.288501820256727 ], [ 126.246773169710764, 33.288354357057123 ], [ 126.253028926080759, 33.292805292181306 ], [ 126.279093825475442, 33.299540492931051 ], [ 126.280076037486097, 33.301999822826552 ], [ 126.28635249447855, 33.304337401536827 ], [ 126.287350121146574, 33.307101368468864 ], [ 126.292409193921003, 33.310493655873181 ], [ 126.296322706986288, 33.321992053851318 ], [ 126.300174384774408, 33.322523318472619 ], [ 126.305946614416385, 33.326653549585224 ], [ 126.309319214238556, 33.325453366136443 ], [ 126.318332583867829, 33.32742602754432 ], [ 126.322572263424092, 33.325814167928876 ], [ 126.334802317352555, 33.336479056388498 ], [ 126.340236640098382, 33.343610190226613 ], [ 126.351975205825397, 33.340685055537421 ], [ 126.361215867469696, 33.34203462120329 ], [ 126.367470311857019, 33.341149175377069 ], [ 126.375923720289208, 33.346893615441729 ], [ 126.391644470911359, 33.343558231564053 ], [ 126.400687230248508, 33.344716207208982 ], [ 126.409102749601644, 33.342124515944711 ], [ 126.432589701421719, 33.341121384965263 ], [ 126.432748336458559, 33.344931449132353 ], [ 126.437604320100434, 33.348702262811948 ], [ 126.437021519407296, 33.354802505440844 ], [ 126.44558152927624, 33.358886916888572 ], [ 126.467285540048536, 33.359868081069969 ], [ 126.472549747582462, 33.358369025551447 ], [ 126.474681248060776, 33.356016787143595 ], [ 126.482748315707937, 33.359678461697925 ], [ 126.487421334201471, 33.355124688792692 ], [ 126.490448492163878, 33.354954397358739 ], [ 126.499091408338572, 33.359846759255042 ], [ 126.506634943526478, 33.357995965180137 ], [ 126.511103643221915, 33.361039880890758 ], [ 126.517470975386118, 33.360384828799482 ], [ 126.526907708913754, 33.363035367846621 ], [ 126.529522726394916, 33.361740416758444 ], [ 126.534735675713279, 33.363232749769402 ], [ 126.553716044909237, 33.373676375858075 ], [ 126.55736623916205, 33.372020715283362 ], [ 126.5594520225346, 33.373242389142732 ], [ 126.567206662351012, 33.371631184121902 ], [ 126.591579190621587, 33.373774894917524 ], [ 126.593224579484399, 33.37615304500985 ], [ 126.606933946297659, 33.382237503568611 ], [ 126.617621276045298, 33.383192104716315 ], [ 126.621226191942327, 33.385166613667018 ], [ 126.623694627135748, 33.384352070141041 ], [ 126.62633467553016, 33.390190069265351 ], [ 126.630779073816342, 33.393086015250525 ], [ 126.652670447614298, 33.394671681610888 ], [ 126.654970647286987, 33.399423200586533 ], [ 126.66046356185889, 33.401958884917647 ], [ 126.669431805741183, 33.400385401957543 ], [ 126.687728287536856, 33.41328472019439 ], [ 126.705364557322795, 33.421123889247276 ], [ 126.71728460974434, 33.421884989160226 ], [ 126.731825317345383, 33.426721937642284 ], [ 126.734269436174699, 33.423730686514205 ], [ 126.741404764716847, 33.420269215498145 ], [ 126.750580175301323, 33.419422756126643 ], [ 126.761283198017168, 33.421460513204529 ], [ 126.770030762182643, 33.426259229412061 ], [ 126.778478156718748, 33.433991881921983 ], [ 126.7834602001425, 33.434901782690609 ], [ 126.788562796735093, 33.441355284053593 ], [ 126.797031293015976, 33.440085023964798 ], [ 126.806857106089481, 33.444335192353378 ], [ 126.814424307529322, 33.445243369298929 ], [ 126.818212880108007, 33.447825209464902 ], [ 126.822121652313839, 33.446705724836143 ], [ 126.823939120360819, 33.453022502302716 ], [ 126.829501110638944, 33.4536417055862 ], [ 126.846312959049442, 33.462005194908599 ], [ 126.854692172020805, 33.463313620212872 ], [ 126.857736644327019, 33.46705804052263 ], [ 126.866244689697055, 33.468584337942588 ], [ 126.870356790443282, 33.472796708010939 ], [ 126.872738894619459, 33.472311966949633 ], [ 126.87256649265511, 33.474931541016666 ], [ 126.881467572172923, 33.477067279695447 ], [ 126.884519948062305, 33.48066804064085 ], [ 126.887941304515849, 33.47882338379361 ], [ 126.889480675057285, 33.480876037296269 ], [ 126.898015787287321, 33.483081067840473 ], [ 126.901817714992134, 33.482533219415309 ], [ 126.902422522603459, 33.480007827652116 ], [ 126.902258655657874, 33.481297719029406 ], [ 126.904886868055044, 33.478998433190554 ], [ 126.902990213439679, 33.4802586095404 ], [ 126.903802580531391, 33.477602362639949 ], [ 126.908173353310417, 33.478176702021322 ], [ 126.906136332820864, 33.478634214081858 ], [ 126.908117160300108, 33.478306589799885 ], [ 126.909525572052047, 33.479760069815903 ], [ 126.910117594755917, 33.47971575147438 ], [ 126.912383739529702, 33.472536748726547 ], [ 126.917072558698038, 33.471930045336002 ], [ 126.920491775644777, 33.469262167445784 ], [ 126.927022427380976, 33.473458310435156 ], [ 126.927562200307875, 33.475696927829468 ], [ 126.927523879676642, 33.473932051454604 ], [ 126.926733012762199, 33.472911998849341 ], [ 126.925445573285742, 33.472010721823438 ], [ 126.926070663080466, 33.471054185277282 ], [ 126.924574570431915, 33.469902982512927 ], [ 126.925962584166498, 33.468896940449532 ], [ 126.921678772219323, 33.468660015009803 ], [ 126.920924164687776, 33.465290031495442 ], [ 126.914858713598889, 33.462697465753138 ], [ 126.91668550813678, 33.461679894475942 ], [ 126.922050340782832, 33.463088441621984 ], [ 126.921261508716682, 33.459108138074384 ], [ 126.923358746907169, 33.455105576236008 ], [ 126.928520076989443, 33.45799291914259 ], [ 126.927763206886993, 33.460304460929031 ], [ 126.931876492713243, 33.464253893155345 ], [ 126.927794968685404, 33.468674335225415 ], [ 126.929684370280114, 33.471980354756802 ], [ 126.928209712310419, 33.473129246058086 ], [ 126.9352191593822, 33.473528691102722 ], [ 126.93552314253391, 33.475113268738234 ], [ 126.934824262340001, 33.47137731502216 ], [ 126.935779317728048, 33.473608501203351 ], [ 126.935914879951568, 33.478249749686519 ], [ 126.935898657151839, 33.473540727590105 ], [ 126.934519098702864, 33.470593124581896 ], [ 126.936285942528357, 33.468450445347237 ], [ 126.93604117175235, 33.46423511394908 ], [ 126.938535510887021, 33.463196473159805 ], [ 126.93811078914149, 33.461612974315514 ], [ 126.943041012308683, 33.460744890968577 ], [ 126.945078667247486, 33.458841442051394 ], [ 126.944521633627332, 33.456347163915829 ], [ 126.941805422671678, 33.456205048983598 ], [ 126.935625919628833, 33.460648054263281 ], [ 126.933310150602878, 33.460722936410107 ], [ 126.924727703083832, 33.453514633926929 ], [ 126.920790082124981, 33.445079997243667 ], [ 126.921748169220095, 33.438798441294082 ], [ 126.923911508001595, 33.435236912234373 ], [ 126.930999975647381, 33.432897987168346 ], [ 126.935007858383415, 33.42935904018276 ], [ 126.930567967824999, 33.42333921570205 ], [ 126.929139897300217, 33.423565147795735 ], [ 126.923322099693308, 33.427574839477167 ], [ 126.9261052642008, 33.430153335289525 ], [ 126.923660081305826, 33.434521336687901 ], [ 126.916189266441975, 33.434593383897671 ], [ 126.916091216291747, 33.428995670260335 ], [ 126.918585765113946, 33.428984683352212 ], [ 126.917775702576535, 33.427479370026894 ], [ 126.919645344445996, 33.427417250556083 ], [ 126.916408376787828, 33.427433297495234 ], [ 126.913865823664466, 33.424266506092529 ], [ 126.913780334208141, 33.421737534096067 ], [ 126.911214669856278, 33.419682519124315 ], [ 126.910743582320364, 33.414519490404992 ], [ 126.908226242370716, 33.412206612557064 ], [ 126.907569594202172, 33.407097144457659 ], [ 126.902866304727823, 33.403448203356646 ], [ 126.904266124434898, 33.402485084253044 ], [ 126.902744235175135, 33.401960352787334 ], [ 126.902789936444108, 33.401765378931692 ], [ 126.906274348213302, 33.397894508663398 ], [ 126.905549176354128, 33.391645711051531 ], [ 126.89112299637145, 33.387869498411916 ], [ 126.88029887925984, 33.382746327888952 ], [ 126.88223809511662, 33.381947487020803 ], [ 126.880605062443294, 33.381752899998901 ], [ 126.880772386835943, 33.379413834902962 ], [ 126.870773860926633, 33.372138943542105 ], [ 126.872493148881674, 33.3694064016114 ], [ 126.871785713830491, 33.366278733673802 ], [ 126.867093164270642, 33.363936227818527 ], [ 126.868257765044646, 33.36291117721791 ], [ 126.867103593853315, 33.361069692736507 ], [ 126.868178691481333, 33.354723127833672 ], [ 126.86307958792888, 33.348703101317248 ], [ 126.859397928421672, 33.347332440753419 ], [ 126.85717705015, 33.343279850430733 ], [ 126.859034746019574, 33.341865381915618 ], [ 126.859127955989635, 33.341329618327705 ], [ 126.856714931087012, 33.34309615756699 ], [ 126.855237460035696, 33.339759416577678 ], [ 126.858285124839227, 33.340922433277953 ], [ 126.855631335743041, 33.338853613101001 ], [ 126.853053184655053, 33.339161756750414 ], [ 126.848746764114935, 33.335387197056171 ], [ 126.847467716279212, 33.335934004357512 ], [ 126.841522959269966, 33.330239452814787 ], [ 126.837043237078859, 33.329691705306686 ], [ 126.837678224330602, 33.325967618352152 ], [ 126.842256417064846, 33.325464778952366 ], [ 126.845817506181277, 33.327478757044346 ], [ 126.844672532460805, 33.325828607667134 ], [ 126.845638720039744, 33.32534249431135 ], [ 126.846830463948081, 33.327701279774061 ], [ 126.846979187942907, 33.324977296105779 ], [ 126.845570244963611, 33.324018507662018 ], [ 126.847052781812707, 33.320898201157817 ], [ 126.837006338433625, 33.314570511983888 ], [ 126.837505156580818, 33.312502046580079 ], [ 126.831106864585905, 33.309764861618895 ], [ 126.829093419010192, 33.306514273298362 ], [ 126.82251132338601, 33.306014318586726 ], [ 126.816343238377399, 33.307996531718459 ], [ 126.808217034248827, 33.303008873231128 ], [ 126.804776475610055, 33.302811576358941 ], [ 126.806238358278378, 33.303723342431006 ], [ 126.805971761319753, 33.30587968737337 ], [ 126.80331065699437, 33.304467287203586 ], [ 126.80334184196623, 33.30283600502576 ], [ 126.793714288741043, 33.304981654219041 ], [ 126.791803045208127, 33.303625798736867 ], [ 126.788691299357126, 33.303747534013411 ], [ 126.786216724237136, 33.306428111059667 ], [ 126.775729999721932, 33.307005028961051 ], [ 126.773317561934661, 33.302093750260532 ], [ 126.765959505543165, 33.298512754542614 ], [ 126.763344227897903, 33.292323043329418 ], [ 126.75375377841344, 33.287442091741376 ], [ 126.751978946948057, 33.28980533534537 ], [ 126.751240707191187, 33.288130611038952 ], [ 126.752926219355018, 33.285615391650552 ], [ 126.752342480573219, 33.284259166204251 ], [ 126.75280800282053, 33.285649741811596 ], [ 126.750816800410576, 33.287820652241365 ], [ 126.750021507751143, 33.287476067483979 ], [ 126.75160329206777, 33.284578509833636 ], [ 126.749579720662254, 33.284912511521767 ], [ 126.743353195463158, 33.278851790616493 ], [ 126.739434776517626, 33.278843209499129 ], [ 126.738904821023468, 33.280307157731222 ], [ 126.737800741521852, 33.279300254218398 ], [ 126.733419746072954, 33.281860882861864 ], [ 126.730775785296956, 33.279321219549082 ], [ 126.723443362357699, 33.278938893517321 ], [ 126.721368568068129, 33.276452018446939 ], [ 126.719209706771267, 33.278270095842494 ], [ 126.719500565954021, 33.276127674374919 ], [ 126.718493293384569, 33.277800017817903 ], [ 126.716722398885807, 33.275820805292149 ], [ 126.713492177495837, 33.27640483664171 ], [ 126.691492759939194, 33.269389390319098 ], [ 126.681109263830507, 33.271181295652916 ], [ 126.677868044417437, 33.270571465201044 ], [ 126.676685643761402, 33.268302546220184 ], [ 126.66888086008467, 33.271473144659993 ], [ 126.665063028572277, 33.271206797008105 ], [ 126.665097338643619, 33.270874712120467 ], [ 126.663255195511624, 33.268298526462416 ], [ 126.661115887209363, 33.267288665182015 ], [ 126.664205341400589, 33.269777738539439 ], [ 126.661165382063402, 33.271312458978599 ], [ 126.662856639567849, 33.273714123373225 ], [ 126.658445381762334, 33.274132183656988 ], [ 126.660133441133908, 33.270926178129969 ], [ 126.65916901602516, 33.269674439904975 ], [ 126.660831088180274, 33.268594488806784 ], [ 126.658280010179098, 33.270096431384253 ], [ 126.65457395858536, 33.268725684732004 ], [ 126.653072773787244, 33.270175940348381 ], [ 126.650763740807136, 33.268142403375464 ], [ 126.647679193918918, 33.268853617618952 ], [ 126.643936372020889, 33.267035963951756 ], [ 126.641072198683787, 33.264968642437552 ], [ 126.641088861887098, 33.262875561743549 ], [ 126.641420055740397, 33.263361281072619 ], [ 126.642622892090372, 33.263513236918499 ], [ 126.639273279608787, 33.26059173017525 ], [ 126.640555401785321, 33.258799557078078 ], [ 126.639343545812906, 33.259193572315496 ], [ 126.63951799547759, 33.257891190715434 ], [ 126.631484090241472, 33.254360067997617 ], [ 126.6279626060239, 33.254732521150757 ], [ 126.627066334271959, 33.252197728889442 ], [ 126.624015147019833, 33.252384748762495 ], [ 126.619541711176808, 33.250010902563297 ], [ 126.618883065695442, 33.2439799358351 ], [ 126.617210923353056, 33.242261668333214 ], [ 126.607267985357183, 33.239354060021014 ], [ 126.60488492095962, 33.240042996776317 ], [ 126.599079997330762, 33.236173544417078 ], [ 126.593437508367174, 33.238070277275391 ], [ 126.591761900128461, 33.239309047125118 ], [ 126.592686856602484, 33.241098045333828 ], [ 126.585927678220301, 33.244785667905063 ], [ 126.581410844335679, 33.243774535192394 ], [ 126.572030550745609, 33.245107505237819 ], [ 126.568736350996886, 33.243432985580881 ], [ 126.566204567199932, 33.240793222923216 ], [ 126.570890373379939, 33.235542302918532 ], [ 126.567414346556646, 33.232842218451985 ], [ 126.570222713373539, 33.235729504250635 ], [ 126.569252260426495, 33.23669242176053 ], [ 126.567368290340383, 33.23535276067166 ], [ 126.568461704030071, 33.237189500103874 ], [ 126.567420976255605, 33.238227354168743 ], [ 126.565595007660761, 33.237635237591974 ], [ 126.561755441065415, 33.239896256613321 ], [ 126.561710527048731, 33.243195459603172 ], [ 126.559283802908155, 33.241039245710063 ], [ 126.559750471465577, 33.237369501996447 ], [ 126.557734256766679, 33.239945888665851 ], [ 126.550962812439437, 33.241779295629321 ], [ 126.547011156698218, 33.238693730967285 ], [ 126.546135088553186, 33.240245735703425 ], [ 126.543418870903878, 33.238900474741712 ], [ 126.539376964293126, 33.242022568306538 ], [ 126.532353373798813, 33.23953399822706 ], [ 126.520867540892141, 33.241412005995493 ], [ 126.51807034790626, 33.237631049577345 ], [ 126.515750062963292, 33.237170957487557 ], [ 126.516729413947274, 33.236302453491966 ], [ 126.515324918633908, 33.237307101674226 ], [ 126.513655151674996, 33.233982619422335 ], [ 126.508177074705188, 33.230874613314121 ], [ 126.497775767358149, 33.233206918362484 ], [ 126.495034294235936, 33.231848555598489 ], [ 126.492119146940453, 33.233230561029536 ], [ 126.489382861299006, 33.232309780317273 ], [ 126.490848195041394, 33.23129062692697 ], [ 126.491843116117195, 33.227151284847658 ], [ 126.490770337623445, 33.225801300470579 ], [ 126.490479182234495, 33.230249628334334 ], [ 126.488202155233594, 33.229726691637346 ], [ 126.489108649511607, 33.226899142445454 ], [ 126.488132756730209, 33.228916204784639 ], [ 126.481820647263703, 33.22746625056476 ], [ 126.479553781416797, 33.226571909167589 ], [ 126.480119797203315, 33.224832701894371 ], [ 126.483383399339004, 33.222221337063885 ], [ 126.49073031130952, 33.222978144338882 ], [ 126.49474422562443, 33.222058122301583 ], [ 126.483345599771795, 33.221900381107503 ], [ 126.479600569285864, 33.224925016025836 ], [ 126.477934783407576, 33.227668571748772 ], [ 126.475326801876832, 33.227368358579575 ], [ 126.477505640745463, 33.226096062485261 ], [ 126.474919938602028, 33.227398194619184 ], [ 126.471160558748736, 33.22647455664891 ], [ 126.462988359116437, 33.232086479085446 ], [ 126.463776801214237, 33.234273926963226 ], [ 126.462332344379476, 33.237679012316732 ], [ 126.457905628827277, 33.240580819235923 ], [ 126.457999222012461, 33.242185294589056 ], [ 126.456507311939873, 33.240451631042966 ], [ 126.44985707225571, 33.241524890969472 ], [ 126.447721969595776, 33.239428198095034 ], [ 126.443702267112101, 33.239240386724347 ], [ 126.442557766870266, 33.237427382701483 ], [ 126.440484379814492, 33.238833218613173 ], [ 126.438927244863905, 33.237355734165803 ], [ 126.438197324706962, 33.239025633423175 ], [ 126.437279413292188, 33.23665581904082 ], [ 126.435234385675798, 33.236785838879044 ], [ 126.432877061256335, 33.233956224235662 ], [ 126.431594973278862, 33.235636931729566 ], [ 126.424282510992171, 33.237511045972035 ], [ 126.417863511104926, 33.244000335170867 ], [ 126.415544954028888, 33.243433553229195 ], [ 126.413266410117373, 33.245673656300518 ], [ 126.409935890746112, 33.246027708734523 ], [ 126.407637221192076, 33.245529947068661 ], [ 126.405238630555985, 33.243517342447653 ], [ 126.402395155790003, 33.243978943742192 ], [ 126.400919251156665, 33.241969595851735 ] ], [ [ 126.46401150058621, 33.234274381910417 ], [ 126.464290451830422, 33.234257977762908 ], [ 126.463776801214237, 33.234273926963226 ], [ 126.46401150058621, 33.234274381910417 ] ], [ [ 126.384669831235314, 33.247115706347543 ], [ 126.384600466157607, 33.247102622573507 ], [ 126.384664259798953, 33.247114524655011 ], [ 126.384669831235314, 33.247115706347529 ], [ 126.384845977046879, 33.247064042377851 ], [ 126.384669831235314, 33.247115706347543 ] ], [ [ 126.383885054461317, 33.247159652666575 ], [ 126.38382198085452, 33.247170492523431 ], [ 126.384393047657468, 33.247147287808367 ], [ 126.383885054461317, 33.247159652666575 ] ], [ [ 126.384921236668447, 33.247041451220454 ], [ 126.385092610267137, 33.247021464079857 ], [ 126.384845977046879, 33.247064042377851 ], [ 126.384921236668447, 33.247041451220454 ] ], [ [ 126.385200647307656, 33.247025353331338 ], [ 126.385256355782616, 33.247015071358305 ], [ 126.385092610267137, 33.247021464079857 ], [ 126.385200647307656, 33.247025353331338 ] ], [ [ 126.385940571995761, 33.246990292127357 ], [ 126.385839124117553, 33.247000065478574 ], [ 126.385997658930194, 33.246984386450002 ], [ 126.385940571995761, 33.246990292127357 ] ], [ [ 126.386111832799102, 33.246972575095292 ], [ 126.386178791511284, 33.24698148065773 ], [ 126.386111832799088, 33.246972575095292 ], [ 126.386111832799102, 33.246972575095292 ] ], [ [ 126.386661049081638, 33.246873002159923 ], [ 126.386521813769889, 33.24693888032391 ], [ 126.386862597220315, 33.246846583004057 ], [ 126.386661049081638, 33.246873002159923 ] ], [ [ 126.387250995771595, 33.246868604182005 ], [ 126.387250995771595, 33.246868604181984 ], [ 126.387325942730612, 33.246858391461686 ], [ 126.387250995771595, 33.246868604182005 ] ], [ [ 126.38774042850244, 33.24683404438975 ], [ 126.38787470965255, 33.24683974680913 ], [ 126.388105763753174, 33.246872001003936 ], [ 126.38774042850244, 33.24683404438975 ] ], [ [ 126.388209845002379, 33.246886119518336 ], [ 126.388213751484386, 33.246888164602929 ], [ 126.388105763753174, 33.246872001003936 ], [ 126.388209845002379, 33.246886119518336 ] ], [ [ 126.388533561382147, 33.246922066474667 ], [ 126.388650724947851, 33.246920515865924 ], [ 126.388942336209482, 33.246962696067186 ], [ 126.388533561382147, 33.246922066474667 ] ], [ [ 126.389438667916934, 33.246918967069121 ], [ 126.389148470135595, 33.246961844489327 ], [ 126.389122998413868, 33.246968058918476 ], [ 126.389148470135609, 33.246961844489292 ], [ 126.38930904694854, 33.246935856734289 ], [ 126.389438667916934, 33.246918967069121 ] ], [ [ 126.38973279461554, 33.246903544486329 ], [ 126.389648360604752, 33.246909386487822 ], [ 126.38983415585075, 33.246909218151643 ], [ 126.38973279461554, 33.246903544486329 ] ], [ [ 126.389950379812731, 33.246906994502297 ], [ 126.390110173959087, 33.24689011720853 ], [ 126.38983415585075, 33.246909218151643 ], [ 126.389950379812731, 33.246906994502297 ] ], [ [ 126.390200085430664, 33.246888169743059 ], [ 126.390213211256508, 33.246889462807346 ], [ 126.390200085430649, 33.246888169743059 ], [ 126.390200085430664, 33.246888169743059 ] ], [ [ 126.39060089209768, 33.246809461819183 ], [ 126.390539374077875, 33.246838707815044 ], [ 126.390731375156591, 33.246768835466099 ], [ 126.39060089209768, 33.246809461819183 ] ], [ [ 126.390757926691208, 33.246765034763158 ], [ 126.390811363986543, 33.246754117030946 ], [ 126.390731375156591, 33.246768835466099 ], [ 126.390757926691208, 33.246765034763158 ] ], [ [ 126.39067353251491, 33.245638744382617 ], [ 126.390604365466473, 33.245816311832485 ], [ 126.390679997542364, 33.245626612019031 ], [ 126.39067353251491, 33.245638744382617 ] ], [ [ 126.390823126199805, 33.245397160164892 ], [ 126.390816405878738, 33.245405944536891 ], [ 126.390886772007747, 33.245321716198688 ], [ 126.390823126199805, 33.245397160164892 ] ], [ [ 126.391458754251872, 33.244162466344157 ], [ 126.39142053912326, 33.24427897953089 ], [ 126.391472764244298, 33.244133530618328 ], [ 126.391458754251872, 33.244162466344157 ] ], [ [ 126.390885496584445, 33.243719692039846 ], [ 126.390989752764668, 33.243839406484824 ], [ 126.390730223134341, 33.243564077123679 ], [ 126.390885496584445, 33.243719692039846 ] ], [ [ 126.38842417103173, 33.241478763030685 ], [ 126.388446821564713, 33.241172712403987 ], [ 126.38842417103173, 33.241478763030692 ], [ 126.38842417103173, 33.241478763030685 ] ], [ [ 126.389161772967469, 33.240436911171273 ], [ 126.38935618099157, 33.240202676337745 ], [ 126.389515082924817, 33.240054907481436 ], [ 126.389161772967469, 33.240436911171273 ] ], [ [ 126.389808478463522, 33.239939311225029 ], [ 126.389992875569149, 33.239999165389669 ], [ 126.389515082924817, 33.240054907481436 ], [ 126.389808478463522, 33.239939311225029 ] ], [ [ 126.390267084729459, 33.239948552518413 ], [ 126.390207443578817, 33.239969636873006 ], [ 126.390394596044089, 33.239858611348666 ], [ 126.390267084729459, 33.239948552518413 ] ], [ [ 126.390533244597634, 33.239696090402688 ], [ 126.390533244597634, 33.239696090402695 ], [ 126.390457479217844, 33.239749319523185 ], [ 126.390533244597634, 33.239696090402688 ] ], [ [ 126.390561788822254, 33.239129194073691 ], [ 126.390571129547752, 33.239104441594371 ], [ 126.390561788822254, 33.239129194073698 ], [ 126.390561788822254, 33.239129194073691 ] ], [ [ 126.390726687863491, 33.238746320118729 ], [ 126.390717681035326, 33.238762792399712 ], [ 126.390782791328562, 33.238682215458141 ], [ 126.390726687863491, 33.238746320118729 ] ], [ [ 126.368235727351319, 33.235326727796199 ], [ 126.368217699158436, 33.235245373311933 ], [ 126.368250295118528, 33.235398462446227 ], [ 126.368235727351319, 33.235326727796199 ] ], [ [ 126.372639609092445, 33.24565811422174 ], [ 126.37214945235408, 33.246527400427418 ], [ 126.372185577483023, 33.246339914141295 ], [ 126.372355428328888, 33.246078790742168 ], [ 126.372455863664925, 33.245509216015925 ], [ 126.372618363926463, 33.245640501330165 ], [ 126.372639609092445, 33.24565811422174 ] ], [ [ 126.373100645963419, 33.245922817811326 ], [ 126.372897026061338, 33.245851607396951 ], [ 126.373413948492328, 33.245988819390462 ], [ 126.373100645963419, 33.245922817811326 ] ], [ [ 126.373438596598504, 33.245994011860297 ], [ 126.373553669883364, 33.24605505507953 ], [ 126.373438596598476, 33.24599401186029 ], [ 126.373438596598504, 33.245994011860297 ] ], [ [ 126.374024686116485, 33.24651674167373 ], [ 126.374024686116471, 33.24651674167373 ], [ 126.374004544364468, 33.24651406858505 ], [ 126.374024686116485, 33.24651674167373 ] ], [ [ 126.375920042942326, 33.2460858923872 ], [ 126.375536970116414, 33.246198344569208 ], [ 126.375366841268928, 33.246398900422292 ], [ 126.375164641220806, 33.246475764197427 ], [ 126.375079639060758, 33.246499164400781 ], [ 126.375536970116414, 33.246198344569194 ], [ 126.375920042942326, 33.2460858923872 ] ], [ [ 126.376984051708021, 33.245772660958671 ], [ 126.377202732547218, 33.245697950682612 ], [ 126.377281349119983, 33.245711923492131 ], [ 126.376984051708021, 33.245772660958671 ] ], [ [ 126.377431024278238, 33.245743464563319 ], [ 126.377543531921276, 33.245722842690803 ], [ 126.377281349119983, 33.245711923492131 ], [ 126.377431024278238, 33.245743464563319 ] ], [ [ 126.377642828118525, 33.245681143214064 ], [ 126.377789734322448, 33.245726631615646 ], [ 126.37764282811851, 33.245681143214071 ], [ 126.377642828118525, 33.245681143214064 ] ], [ [ 126.377862484219392, 33.245764174326567 ], [ 126.377819308874862, 33.245740432381155 ], [ 126.377883853511591, 33.24576502699329 ], [ 126.377862484219392, 33.245764174326567 ] ], [ [ 126.378064594173424, 33.245749336865131 ], [ 126.378640047933061, 33.245740371930793 ], [ 126.378720834306719, 33.245752542446574 ], [ 126.378466691984443, 33.245782826569602 ], [ 126.378064594173424, 33.245749336865131 ] ], [ [ 126.378994479914141, 33.245638009198672 ], [ 126.378932746365351, 33.2456748288485 ], [ 126.379316986265678, 33.245545142103651 ], [ 126.378994479914141, 33.245638009198672 ] ], [ [ 126.379451669945269, 33.245560304552839 ], [ 126.379564759304515, 33.245580786638286 ], [ 126.379316986265678, 33.245545142103651 ], [ 126.379451669945269, 33.245560304552839 ] ], [ [ 126.380681722232367, 33.245456992380284 ], [ 126.380256824003041, 33.245340005499273 ], [ 126.380920939277942, 33.24548263767673 ], [ 126.380681722232367, 33.245456992380284 ] ], [ [ 126.382649631107938, 33.24567695444054 ], [ 126.382866469228802, 33.246176037651352 ], [ 126.382136038397817, 33.245411784864707 ], [ 126.382649631107938, 33.24567695444054 ] ], [ [ 126.382981606630736, 33.246341723104813 ], [ 126.383057739118669, 33.246452687847061 ], [ 126.383069378778714, 33.246483535904503 ], [ 126.382981606630736, 33.246341723104813 ] ], [ [ 126.383062934130962, 33.246633821340964 ], [ 126.383109359792599, 33.246895006913931 ], [ 126.383194782957148, 33.24693121662645 ], [ 126.383062934130962, 33.246633821340964 ] ], [ [ 126.289409117964567, 33.298488517887144 ], [ 126.289016369760375, 33.298838288864324 ], [ 126.290075706305018, 33.297581761628422 ], [ 126.289409117964567, 33.298488517887144 ] ], [ [ 126.300480818294346, 33.28150804003468 ], [ 126.300406453266206, 33.281543946423646 ], [ 126.300572137357349, 33.281468884218846 ], [ 126.300480818294346, 33.28150804003468 ] ], [ [ 126.295977927901035, 33.265112218316887 ], [ 126.295543751647273, 33.265380146591724 ], [ 126.29598088194183, 33.264955670973116 ], [ 126.295977927901035, 33.265112218316887 ] ], [ [ 126.296597017712415, 33.263631105888081 ], [ 126.296256698763912, 33.263962482868322 ], [ 126.296665605375068, 33.263513717607154 ], [ 126.296597017712415, 33.263631105888081 ] ], [ [ 126.40066915023607, 33.289687943320317 ], [ 126.400676161341906, 33.289504490288877 ], [ 126.400630108772447, 33.289861350876656 ], [ 126.40066915023607, 33.289687943320317 ] ], [ [ 126.400540326682886, 33.289059420563831 ], [ 126.400393283147295, 33.288837847956692 ], [ 126.400663812165405, 33.289241746154488 ], [ 126.400540326682886, 33.289059420563831 ] ], [ [ 126.399871368152944, 33.287333837022082 ], [ 126.399850958001565, 33.287202452792677 ], [ 126.399950687073627, 33.287681792050776 ], [ 126.399871368152944, 33.287333837022082 ] ], [ [ 126.399778568696632, 33.28691596936612 ], [ 126.399481206345158, 33.286137718836983 ], [ 126.399356402259173, 33.285793492235854 ], [ 126.399778568696632, 33.28691596936612 ] ], [ [ 126.398980718701893, 33.284898274204799 ], [ 126.398694763294444, 33.28415467228497 ], [ 126.398458143516109, 33.283589906004359 ], [ 126.398694763294472, 33.284154672285005 ], [ 126.398980718701907, 33.284898274204792 ], [ 126.399356402259173, 33.285793492235854 ], [ 126.398980718701893, 33.284898274204799 ] ], [ [ 126.397764622268468, 33.282026159886769 ], [ 126.397541070948094, 33.281381341179681 ], [ 126.397812471668175, 33.282155378857929 ], [ 126.397764622268468, 33.282026159886769 ] ], [ [ 126.397402246675782, 33.280361231794203 ], [ 126.397195237999895, 33.279109473053431 ], [ 126.397282812450342, 33.279512414512702 ], [ 126.397402246675782, 33.280361231794203 ] ], [ [ 126.397098014874928, 33.278569340317894 ], [ 126.397089189895283, 33.278449590312938 ], [ 126.397114449706322, 33.278771769119196 ], [ 126.397098014874928, 33.278569340317894 ] ], [ [ 126.397616857180921, 33.277630820767662 ], [ 126.398005281981995, 33.276754760865977 ], [ 126.397846514450322, 33.277252798595008 ], [ 126.397616857180921, 33.277630820767662 ] ], [ [ 126.398142507434585, 33.275705345076815 ], [ 126.397890820176116, 33.276348095543298 ], [ 126.397876409816377, 33.27605593528623 ], [ 126.398142507434585, 33.275705345076815 ] ], [ [ 126.397749318188119, 33.274696163550274 ], [ 126.397464897645193, 33.274548107946259 ], [ 126.398000401522339, 33.274954937123688 ], [ 126.397749318188119, 33.274696163550274 ] ], [ [ 126.397363265764056, 33.274485051316177 ], [ 126.397245333760154, 33.274271769746562 ], [ 126.397464897645193, 33.274548107946259 ], [ 126.397363265764056, 33.274485051316177 ] ], [ [ 126.395946423013967, 33.270843909781611 ], [ 126.39722745438354, 33.271850742575054 ], [ 126.397382530147354, 33.272251271447679 ], [ 126.39722745438354, 33.271850742575062 ], [ 126.39624533264768, 33.271266175021324 ], [ 126.396197695936124, 33.271219879734907 ], [ 126.396013365026192, 33.271037676946335 ], [ 126.395946423013967, 33.270843909781611 ] ], [ [ 126.395813411746559, 33.270557811185959 ], [ 126.395857457916691, 33.270619365473252 ], [ 126.395522893124266, 33.270148154290283 ], [ 126.395813411746559, 33.270557811185959 ] ], [ [ 126.39561749471909, 33.269202885407637 ], [ 126.395617494719119, 33.26920288540763 ], [ 126.395539355410023, 33.269918419159403 ], [ 126.39561749471909, 33.269202885407637 ] ], [ [ 126.395277827034093, 33.266967075701949 ], [ 126.395239539388172, 33.266769342141188 ], [ 126.395424056643407, 33.26729669008364 ], [ 126.395277827034093, 33.266967075701949 ] ], [ [ 126.395366033629145, 33.266228082742543 ], [ 126.395353495606017, 33.266179855147527 ], [ 126.395366033629145, 33.266228082742536 ], [ 126.395366033629145, 33.266228082742543 ] ], [ [ 126.395232453686916, 33.265522919236503 ], [ 126.395311149575207, 33.265966644633878 ], [ 126.395069066079813, 33.264977042679 ], [ 126.395232453686916, 33.265522919236503 ] ], [ [ 126.395183561531496, 33.26445007524152 ], [ 126.396010068165822, 33.264139654428625 ], [ 126.395651589232259, 33.264434666222954 ], [ 126.395183561531496, 33.26445007524152 ] ], [ [ 126.397691521062924, 33.263435273381603 ], [ 126.397793115454363, 33.263447356753232 ], [ 126.397414644005949, 33.263402398872223 ], [ 126.397691521062924, 33.263435273381603 ] ], [ [ 126.399917232486686, 33.263106329749377 ], [ 126.399979905152847, 33.263088342042195 ], [ 126.399814600121246, 33.263130135744142 ], [ 126.399917232486686, 33.263106329749377 ] ], [ [ 126.400944465531907, 33.262439906107097 ], [ 126.400944465531907, 33.262439906107112 ], [ 126.400065873677278, 33.262996541765069 ], [ 126.400944465531907, 33.262439906107097 ] ], [ [ 126.401571979814179, 33.26150152172309 ], [ 126.401851209446647, 33.261042543233273 ], [ 126.401389635367423, 33.261808724077753 ], [ 126.401571979814179, 33.26150152172309 ] ], [ [ 126.402966075623382, 33.259503207016898 ], [ 126.403220095648607, 33.259312853733746 ], [ 126.402455218966494, 33.260014686794904 ], [ 126.402966075623382, 33.259503207016898 ] ], [ [ 126.403362956521605, 33.257750228878201 ], [ 126.403180849340032, 33.257367996522561 ], [ 126.403420141962854, 33.258059303250796 ], [ 126.403362956521605, 33.257750228878201 ] ], [ [ 126.403030998488717, 33.256295595651913 ], [ 126.403311585626341, 33.256034648034252 ], [ 126.403177061610904, 33.256163148578281 ], [ 126.403030998488717, 33.256295595651913 ] ], [ [ 126.403341344328055, 33.255788803150864 ], [ 126.403274316642793, 33.255543042819781 ], [ 126.403341344328055, 33.255788803150857 ], [ 126.403341344328055, 33.255788803150864 ] ], [ [ 126.403274316642793, 33.255543042819781 ], [ 126.403138173416551, 33.255273039140782 ], [ 126.403138173416551, 33.255273039140775 ], [ 126.403274316642793, 33.255543042819781 ] ], [ [ 126.403261360261396, 33.254784871345485 ], [ 126.403612321489788, 33.254441215503668 ], [ 126.403297551494802, 33.254681146121285 ], [ 126.403261360261396, 33.254784871345485 ] ], [ [ 126.403846189505529, 33.253641270970419 ], [ 126.403557560363367, 33.253355351765343 ], [ 126.403977198422439, 33.253822052343899 ], [ 126.403846189505529, 33.253641270970419 ] ], [ [ 126.403526215289986, 33.253333246729788 ], [ 126.403430198405005, 33.253249088069957 ], [ 126.403557560363367, 33.253355351765343 ], [ 126.403526215289986, 33.253333246729788 ] ], [ [ 126.4032771431566, 33.253113416179566 ], [ 126.40273716653644, 33.252953332934005 ], [ 126.403430198405005, 33.253249088069957 ], [ 126.4032771431566, 33.253113416179566 ] ], [ [ 126.402447138234066, 33.252745962289872 ], [ 126.402379537785251, 33.252659303922883 ], [ 126.40273716653644, 33.252953332934005 ], [ 126.402447138234066, 33.252745962289872 ] ], [ [ 126.402312075400914, 33.25234848323737 ], [ 126.402354931995802, 33.252100218743408 ], [ 126.402343744857703, 33.252600140011005 ], [ 126.402312075400914, 33.25234848323737 ] ], [ [ 126.403296541841712, 33.25160149801799 ], [ 126.403346179755431, 33.251518409247282 ], [ 126.403128329788032, 33.251696936645146 ], [ 126.403296541841712, 33.25160149801799 ] ], [ [ 126.403523212581575, 33.251225883187026 ], [ 126.403705230347882, 33.25108680897273 ], [ 126.40343077784965, 33.251377845925141 ], [ 126.403523212581575, 33.251225883187026 ] ], [ [ 126.4039232236495, 33.250913636834262 ], [ 126.404045751577783, 33.250804155923127 ], [ 126.404008838849236, 33.250856065063637 ], [ 126.4039232236495, 33.250913636834262 ] ], [ [ 126.404362097888992, 33.250342640269331 ], [ 126.404362097888992, 33.250342640269338 ], [ 126.404325548661234, 33.250396381537811 ], [ 126.404362097888992, 33.250342640269331 ] ], [ [ 126.404477937949409, 33.249395118622687 ], [ 126.404477937949409, 33.249395118622701 ], [ 126.404188700133815, 33.249077343701806 ], [ 126.404477937949409, 33.249395118622687 ] ], [ [ 126.403580494917605, 33.248563430418869 ], [ 126.403345144140374, 33.248471033912232 ], [ 126.404188700133815, 33.249077343701806 ], [ 126.403580494917605, 33.248563430418869 ] ], [ [ 126.402865795848712, 33.248284900963363 ], [ 126.402363606071802, 33.248470921522397 ], [ 126.402861472480112, 33.248284230995552 ], [ 126.402865795848712, 33.248284900963363 ] ], [ [ 126.401912096159421, 33.249177462530881 ], [ 126.401872668836475, 33.249308412723472 ], [ 126.402022727075817, 33.248826987065961 ], [ 126.401912096159421, 33.249177462530881 ] ], [ [ 126.401718295347806, 33.249547832326925 ], [ 126.401516477614095, 33.249739056889581 ], [ 126.401872668836475, 33.249308412723472 ], [ 126.401718295347806, 33.249547832326925 ] ], [ [ 126.399583788493658, 33.25061304402157 ], [ 126.399555088871239, 33.250512113410053 ], [ 126.399892196506144, 33.250848460331319 ], [ 126.399583788493658, 33.25061304402157 ] ], [ [ 126.399474915816171, 33.250237192134946 ], [ 126.399533691769676, 33.249866760629686 ], [ 126.399555088871239, 33.250512113410053 ], [ 126.399474915816171, 33.250237192134946 ] ], [ [ 126.399546379008243, 33.249802372530247 ], [ 126.399597892284461, 33.249766205453334 ], [ 126.399538858631814, 33.24983577257251 ], [ 126.399546379008243, 33.249802372530247 ] ], [ [ 126.399729878126593, 33.249662130173789 ], [ 126.399767237035164, 33.249633098488097 ], [ 126.39968623477624, 33.249698959389377 ], [ 126.399729878126593, 33.249662130173789 ] ], [ [ 126.400367730911512, 33.249038905622015 ], [ 126.400399098816521, 33.24890837679321 ], [ 126.400055770491221, 33.249500062646788 ], [ 126.400367730911512, 33.249038905622015 ] ], [ [ 126.400430466721517, 33.248777847964398 ], [ 126.400101691578456, 33.248599794557364 ], [ 126.400430466721517, 33.248777847964391 ], [ 126.400430466721517, 33.248777847964398 ] ], [ [ 126.39959153797821, 33.248361157787677 ], [ 126.39946111816441, 33.248209632075636 ], [ 126.399908021165416, 33.24853817935233 ], [ 126.39959153797821, 33.248361157787677 ] ], [ [ 126.399366418075516, 33.247991117647295 ], [ 126.399366418075502, 33.247991117647281 ], [ 126.399525982913914, 33.247768189577712 ], [ 126.399366418075516, 33.247991117647295 ] ], [ [ 126.399829058934287, 33.247336239232226 ], [ 126.399847894083237, 33.247064718091629 ], [ 126.399525982913914, 33.247768189577712 ], [ 126.399829058934287, 33.247336239232226 ] ], [ [ 126.399296090722984, 33.246770014391792 ], [ 126.398193474366892, 33.246301646866883 ], [ 126.398048917242349, 33.246115816690981 ], [ 126.397972392796646, 33.245938908805194 ], [ 126.399296090722984, 33.246770014391792 ] ], [ [ 126.397937653421224, 33.24586481666713 ], [ 126.397909405016662, 33.245826757594017 ], [ 126.397972392796646, 33.245938908805194 ], [ 126.397937653421224, 33.24586481666713 ] ], [ [ 126.397090776875572, 33.244973618976907 ], [ 126.397066764635397, 33.244943247049363 ], [ 126.397066764635397, 33.244943247049356 ], [ 126.397090776875572, 33.244973618976907 ] ], [ [ 126.397256144432333, 33.244352723869973 ], [ 126.397273762314768, 33.24433566066589 ], [ 126.397248522334422, 33.244362018593833 ], [ 126.397256144432333, 33.244352723869973 ] ], [ [ 126.397528299317443, 33.24404202251764 ], [ 126.397559933363937, 33.244005040096731 ], [ 126.397478383611116, 33.24409887833076 ], [ 126.397528299317443, 33.24404202251764 ] ], [ [ 126.397771588508888, 33.243631461554607 ], [ 126.397790423653461, 33.243589723896676 ], [ 126.397760604588015, 33.243657264152169 ], [ 126.397771588508888, 33.243631461554607 ] ], [ [ 126.397312384552251, 33.243079002179492 ], [ 126.397312384552279, 33.243079002179492 ], [ 126.397642070477403, 33.243244070486398 ], [ 126.397312384552251, 33.243079002179492 ] ], [ [ 126.396536981155876, 33.24303771800809 ], [ 126.396536981155876, 33.243037718008082 ], [ 126.3968947537129, 33.243055000994282 ], [ 126.396536981155876, 33.24303771800809 ] ], [ [ 126.395787553624359, 33.241999122782758 ], [ 126.395787553624359, 33.241999122782765 ], [ 126.395783253365934, 33.242687895301607 ], [ 126.395787553624359, 33.241999122782758 ] ], [ [ 126.42748584172746, 33.332434157933932 ], [ 126.427157935870895, 33.332110237076009 ], [ 126.427502373645098, 33.333469260821659 ], [ 126.42748584172746, 33.332434157933932 ] ], [ [ 126.421888858349206, 33.312697773339622 ], [ 126.421483176930039, 33.31250290035868 ], [ 126.421949862220202, 33.312727071599092 ], [ 126.421888858349206, 33.312697773339622 ] ], [ [ 126.41745015088037, 33.309387689444542 ], [ 126.417546235189718, 33.309189263866131 ], [ 126.417315719101012, 33.30966532142655 ], [ 126.41745015088037, 33.309387689444542 ] ], [ [ 126.402516348371961, 33.299280968935847 ], [ 126.402464438795505, 33.298619171447669 ], [ 126.402944576267103, 33.299853876903789 ], [ 126.402516348371961, 33.299280968935847 ] ], [ [ 126.400743849850002, 33.291334619209493 ], [ 126.400729789635662, 33.291337238069246 ], [ 126.400743849850002, 33.291334619209486 ], [ 126.400743849850002, 33.291334619209493 ] ], [ [ 126.368699348083965, 33.278369410266393 ], [ 126.368422959259632, 33.277602614736161 ], [ 126.368422959259689, 33.277602614736125 ], [ 126.368699348083965, 33.278369410266393 ] ], [ [ 126.369836967311073, 33.279725561335006 ], [ 126.369836967311073, 33.27972556133502 ], [ 126.369363709794769, 33.279279896646607 ], [ 126.369836967311073, 33.279725561335006 ] ], [ [ 126.370433169006944, 33.281144513772794 ], [ 126.370433169006944, 33.281144513772801 ], [ 126.370392646279711, 33.280842205463465 ], [ 126.370433169006944, 33.281144513772794 ] ], [ [ 126.37066100149822, 33.281567686638965 ], [ 126.371232074097492, 33.28204737218379 ], [ 126.371273998691564, 33.282104274005604 ], [ 126.371232074097492, 33.282047372183797 ], [ 126.370679975364865, 33.281599681874212 ], [ 126.37066100149822, 33.281567686638965 ] ], [ [ 126.371455862097264, 33.283164510534419 ], [ 126.371455862097264, 33.283164510534434 ], [ 126.371271316201529, 33.283710726441797 ], [ 126.371455862097264, 33.283164510534419 ] ], [ [ 126.37160508513054, 33.285938763293807 ], [ 126.37160508513054, 33.285938763293821 ], [ 126.371600015652618, 33.285913763726938 ], [ 126.37160508513054, 33.285938763293807 ] ], [ [ 126.371644020329512, 33.287056965651153 ], [ 126.371124005507156, 33.287550826295067 ], [ 126.371197754686946, 33.287368509366601 ], [ 126.371644020329512, 33.287056965651139 ], [ 126.37175481841328, 33.286803176751597 ], [ 126.371644020329512, 33.287056965651153 ] ], [ [ 126.371342157976571, 33.288573566249944 ], [ 126.371342157976571, 33.288573566249937 ], [ 126.372266109872754, 33.2892654885516 ], [ 126.371342157976571, 33.288573566249944 ] ], [ [ 126.372432617238289, 33.289804078013773 ], [ 126.37259417910461, 33.290119158509789 ], [ 126.372266109872754, 33.2892654885516 ], [ 126.372432617238289, 33.289804078013773 ] ], [ [ 126.374362611151369, 33.292109370601359 ], [ 126.374362611151369, 33.292109370601395 ], [ 126.374072604687598, 33.291538577693352 ], [ 126.374362611151369, 33.292109370601359 ] ], [ [ 126.375378420017284, 33.294119168700639 ], [ 126.37488286786818, 33.293531748657401 ], [ 126.374671733199051, 33.293339786634036 ], [ 126.375378420017284, 33.294119168700639 ] ], [ [ 126.376346281847958, 33.295772658892822 ], [ 126.37554501660658, 33.294725848232098 ], [ 126.375484083724601, 33.294504119789998 ], [ 126.376346281847958, 33.295772658892822 ] ], [ [ 126.376450516726081, 33.295902288256734 ], [ 126.376450516726081, 33.295902288256741 ], [ 126.37644022580632, 33.295890025726706 ], [ 126.376450516726081, 33.295902288256734 ] ], [ [ 126.380702105356391, 33.302829211228449 ], [ 126.379727624331096, 33.302000531102884 ], [ 126.379474442911146, 33.301479054607974 ], [ 126.379727624331096, 33.302000531102877 ], [ 126.380301316430817, 33.302346767775596 ], [ 126.380702105356391, 33.302829211228449 ] ], [ [ 126.381653916418713, 33.30373838980131 ], [ 126.381653916418713, 33.303738389801325 ], [ 126.381562363894261, 33.303632195523015 ], [ 126.381653916418713, 33.30373838980131 ] ], [ [ 126.383416122633633, 33.304802992713888 ], [ 126.383416122633633, 33.304802992713903 ], [ 126.383305195545688, 33.304778620552739 ], [ 126.383416122633633, 33.304802992713888 ] ], [ [ 126.384095689396531, 33.305206638823158 ], [ 126.384095689396503, 33.305206638823158 ], [ 126.384117583627301, 33.305121175962846 ], [ 126.384095689396531, 33.305206638823158 ] ], [ [ 126.384117583627301, 33.305121175962846 ], [ 126.384067807094354, 33.304950209258244 ], [ 126.38387026036834, 33.304700501255255 ], [ 126.384117583627301, 33.305121175962846 ] ], [ [ 126.383832096334004, 33.304652264931107 ], [ 126.383535785112471, 33.304342270942492 ], [ 126.38387026036834, 33.304700501255255 ], [ 126.383832096334004, 33.304652264931107 ] ], [ [ 126.383195951353542, 33.30382774636778 ], [ 126.383195951353557, 33.303827746367766 ], [ 126.383331705534673, 33.304069754275893 ], [ 126.383195951353542, 33.30382774636778 ] ], [ [ 126.382927040673565, 33.301425074194334 ], [ 126.382927040673593, 33.301425074194334 ], [ 126.382927040559792, 33.301425074354697 ], [ 126.382927040673565, 33.301425074194334 ] ], [ [ 126.383562548887667, 33.300664843055301 ], [ 126.383860058882902, 33.300406793583811 ], [ 126.383498130803929, 33.300710144166466 ], [ 126.383562548887667, 33.300664843055301 ] ], [ [ 126.386067075363542, 33.298414623853716 ], [ 126.385791883555726, 33.298571090192134 ], [ 126.385509982167449, 33.298771590941023 ], [ 126.386067075363542, 33.298414623853716 ] ], [ [ 126.386713348668721, 33.29786681468439 ], [ 126.387077857782074, 33.29765150924657 ], [ 126.38697511742626, 33.297713248512295 ], [ 126.386713348668721, 33.29786681468439 ] ], [ [ 126.3876856379445, 33.297332447845186 ], [ 126.387685627145373, 33.297332456807951 ], [ 126.387130149504415, 33.297620121202236 ], [ 126.3876856379445, 33.297332447845186 ] ], [ [ 126.389524750550507, 33.296474446129253 ], [ 126.389524750550507, 33.296474446129267 ], [ 126.389524750323844, 33.29647444623965 ], [ 126.389524750550507, 33.296474446129253 ] ], [ [ 126.389883918283758, 33.296284261001588 ], [ 126.38986623922176, 33.296336070671089 ], [ 126.389866239221732, 33.296336070671096 ], [ 126.389883918283758, 33.296284261001588 ] ], [ [ 126.390843792651836, 33.295865385406039 ], [ 126.390108566189383, 33.296231630084932 ], [ 126.390605083130083, 33.296051855637153 ], [ 126.390843792651836, 33.295865385406039 ] ], [ [ 126.391051966481513, 33.295698366858616 ], [ 126.391262381181193, 33.295520771863004 ], [ 126.391540813334515, 33.295302632183493 ], [ 126.391051966481513, 33.295698366858616 ] ], [ [ 126.391813877719173, 33.295090010760248 ], [ 126.391813877719201, 33.295090010760241 ], [ 126.391723281694127, 33.295160100266727 ], [ 126.391813877719173, 33.295090010760248 ] ], [ [ 126.392459715419193, 33.294588455113328 ], [ 126.392459715419193, 33.294588455113342 ], [ 126.39235907077942, 33.294634455023044 ], [ 126.392459715419193, 33.294588455113328 ] ], [ [ 126.392695912023385, 33.294433408060904 ], [ 126.393054041801051, 33.294138423399133 ], [ 126.393636757134558, 33.29376744556162 ], [ 126.392695912023385, 33.294433408060904 ] ], [ [ 126.393980100500883, 33.293541605219346 ], [ 126.393980100500883, 33.29354160521936 ], [ 126.393903755437833, 33.293595046225285 ], [ 126.393980100500883, 33.293541605219346 ] ], [ [ 126.395609004897125, 33.292467504634246 ], [ 126.395609004897153, 33.292467504634239 ], [ 126.394637715231781, 33.293084725236589 ], [ 126.395609004897125, 33.292467504634246 ] ], [ [ 126.396909145423933, 33.291782271558269 ], [ 126.396909145423948, 33.291782271558276 ], [ 126.396288769833092, 33.292048329853351 ], [ 126.396909145423933, 33.291782271558269 ] ], [ [ 126.39702879967939, 33.291804978897744 ], [ 126.39702879967939, 33.291804978897751 ], [ 126.396984813864606, 33.291796632495981 ], [ 126.39702879967939, 33.291804978897744 ] ], [ [ 126.398283706264934, 33.292108991895724 ], [ 126.39736640216546, 33.291987906720841 ], [ 126.397208651867444, 33.291913625018857 ], [ 126.398283706264934, 33.292108991895724 ] ], [ [ 126.398780312689681, 33.292020672520543 ], [ 126.400338110681261, 33.29144191522029 ], [ 126.400598656812889, 33.291357088949354 ], [ 126.40070153292038, 33.291341997273939 ], [ 126.398780312689681, 33.292020672520543 ] ], [ [ 126.372397490727721, 33.247671319586622 ], [ 126.372397490727721, 33.24767131958663 ], [ 126.372294623963612, 33.247464721596472 ], [ 126.372397490727721, 33.247671319586622 ] ], [ [ 126.372562611976406, 33.248393176273936 ], [ 126.372457516044847, 33.248553817669105 ], [ 126.372562611976392, 33.248393176273915 ], [ 126.372562611976406, 33.248393176273936 ] ], [ [ 126.371495621936461, 33.249744230478633 ], [ 126.371495621936461, 33.249744230478612 ], [ 126.371515231646711, 33.249694929261665 ], [ 126.371495621936461, 33.249744230478633 ] ], [ [ 126.371531367290331, 33.250370799507891 ], [ 126.371531367290331, 33.250370799507877 ], [ 126.371537464053233, 33.250412442917245 ], [ 126.371531367290331, 33.250370799507891 ] ], [ [ 126.371601719956814, 33.250675658166799 ], [ 126.371601719956786, 33.250675658166799 ], [ 126.371544146919817, 33.250447657881168 ], [ 126.371601719956814, 33.250675658166799 ] ], [ [ 126.371313276424402, 33.252114644186143 ], [ 126.371108653586788, 33.252573034195578 ], [ 126.371722284531373, 33.25121960876033 ], [ 126.371313276424402, 33.252114644186143 ] ], [ [ 126.369817018278567, 33.253861687315002 ], [ 126.369929312046708, 33.253259852850313 ], [ 126.37089676495809, 33.253047688179038 ], [ 126.369817018278567, 33.253861687315002 ] ], [ [ 126.369658592739185, 33.254209564030674 ], [ 126.369658592739185, 33.254209564030688 ], [ 126.369586269731798, 33.25417759507917 ], [ 126.369658592739185, 33.254209564030674 ] ], [ [ 126.371400009397689, 33.255341159291802 ], [ 126.371400009397689, 33.255341159291817 ], [ 126.370899936530691, 33.255093594195401 ], [ 126.371400009397689, 33.255341159291802 ] ], [ [ 126.371479554615817, 33.255452614018758 ], [ 126.371684780894412, 33.255759111151093 ], [ 126.371448608180629, 33.255404401240469 ], [ 126.371479554615817, 33.255452614018758 ] ], [ [ 126.372604176513349, 33.256809175399034 ], [ 126.372604176513349, 33.256809175399042 ], [ 126.3725645245501, 33.256751656292572 ], [ 126.372604176513349, 33.256809175399034 ] ], [ [ 126.372695146725249, 33.257096907577534 ], [ 126.372490948906787, 33.257441364652706 ], [ 126.372695146725249, 33.257096907577527 ], [ 126.372695146725249, 33.257096907577534 ] ], [ [ 126.372835718628195, 33.258300247622884 ], [ 126.372657915058582, 33.257668378723629 ], [ 126.372627268727413, 33.25762152018423 ], [ 126.372835718628195, 33.258300247622884 ] ], [ [ 126.372858924643054, 33.258780913416807 ], [ 126.372795262804487, 33.258457417185831 ], [ 126.372795262804487, 33.258457417185824 ], [ 126.372858924643054, 33.258780913416807 ] ], [ [ 126.3717879760854, 33.260211658704847 ], [ 126.3717879760854, 33.260211658704861 ], [ 126.371749690997362, 33.259932523665832 ], [ 126.3717879760854, 33.260211658704847 ] ], [ [ 126.371358514274419, 33.261709056221505 ], [ 126.370715991574869, 33.261562118319006 ], [ 126.371973597828557, 33.261513202798213 ], [ 126.371358514274419, 33.261709056221505 ] ], [ [ 126.372113962370392, 33.267626055567156 ], [ 126.372842531605059, 33.268291695309514 ], [ 126.372917540365052, 33.268420739221639 ], [ 126.372206400997712, 33.267847959357276 ], [ 126.372113962370392, 33.267626055567156 ] ], [ [ 126.372264725797621, 33.270455293489277 ], [ 126.372264725797621, 33.270455293489263 ], [ 126.372475567735961, 33.270244499167454 ], [ 126.372264725797621, 33.270455293489277 ] ], [ [ 126.37168159842966, 33.271908634414217 ], [ 126.37168159842966, 33.27190863441421 ], [ 126.371802446803827, 33.271457033869865 ], [ 126.37168159842966, 33.271908634414217 ] ], [ [ 126.372362419587574, 33.272849017488667 ], [ 126.372362419587574, 33.272849017488674 ], [ 126.372040495667093, 33.272541086467918 ], [ 126.372362419587574, 33.272849017488667 ] ], [ [ 126.372225687735579, 33.273359278074608 ], [ 126.37176816886597, 33.273590862391131 ], [ 126.372225687735593, 33.273359278074594 ], [ 126.372225687735579, 33.273359278074608 ] ], [ [ 126.369871016217999, 33.275971354448124 ], [ 126.369871016217999, 33.275971354448103 ], [ 126.370044069377997, 33.275433351074135 ], [ 126.369871016217999, 33.275971354448124 ] ], [ [ 126.369940289272108, 33.276873894409242 ], [ 126.369861109161008, 33.276969484362063 ], [ 126.369940289272108, 33.276873894409235 ], [ 126.369940289272108, 33.276873894409242 ] ], [ [ 126.369271110872674, 33.277312725159 ], [ 126.369271110872674, 33.277312725159007 ], [ 126.368896741788717, 33.277287622784172 ], [ 126.369271110872674, 33.277312725159 ] ], [ [ 126.545999582462912, 33.319495010437379 ], [ 126.546195919308303, 33.319087532455782 ], [ 126.545999582462926, 33.3194950104374 ], [ 126.545999582462912, 33.319495010437379 ] ], [ [ 126.5462020314055, 33.318764893698429 ], [ 126.546411888892237, 33.318243185062968 ], [ 126.546195919308303, 33.319087532455782 ], [ 126.5462020314055, 33.318764893698429 ] ], [ [ 126.588611448687104, 33.292221676485255 ], [ 126.588532877771982, 33.292357353021139 ], [ 126.588627907001282, 33.292171474755975 ], [ 126.588611448687104, 33.292221676485255 ] ], [ [ 126.591006296823409, 33.287788288511038 ], [ 126.590799431822433, 33.287908594135352 ], [ 126.591050066569224, 33.28772370553385 ], [ 126.591006296823409, 33.287788288511038 ] ], [ [ 126.592857046450362, 33.286603178818936 ], [ 126.59278813139359, 33.286652766974086 ], [ 126.592936277863856, 33.286553615503571 ], [ 126.592857046450362, 33.286603178818936 ] ], [ [ 126.59350198968896, 33.286771059824964 ], [ 126.593485410987697, 33.286760267105905 ], [ 126.59354309937396, 33.286797810593271 ], [ 126.59350198968896, 33.286771059824964 ] ], [ [ 126.596129497285574, 33.28421317464516 ], [ 126.596056437844481, 33.284273011607219 ], [ 126.596231022491935, 33.284102903458248 ], [ 126.596129497285574, 33.28421317464516 ] ], [ [ 126.596426875579425, 33.283662404477589 ], [ 126.596409117289653, 33.283735080562728 ], [ 126.596443131171952, 33.283596656975625 ], [ 126.596426875579425, 33.283662404477589 ] ], [ [ 126.596740041463178, 33.277680647370033 ], [ 126.596687521936772, 33.277880177115122 ], [ 126.596797574105224, 33.277525223319529 ], [ 126.596740041463178, 33.277680647370033 ] ], [ [ 126.594880513792376, 33.264766677805135 ], [ 126.594797836801007, 33.264760610069516 ], [ 126.59494347208458, 33.264775710503216 ], [ 126.594880513792376, 33.264766677805135 ] ], [ [ 126.595234663378946, 33.264816117003932 ], [ 126.595153900403034, 33.264811570487083 ], [ 126.595309121759158, 33.264819335524358 ], [ 126.595234663378946, 33.264816117003932 ] ], [ [ 126.590779709793921, 33.255286680072707 ], [ 126.590732989197448, 33.255425800132649 ], [ 126.590791687995463, 33.255249545537929 ], [ 126.590779709793921, 33.255286680072707 ] ], [ [ 126.589442217589806, 33.248364025608097 ], [ 126.589442217589806, 33.248364025608119 ], [ 126.589422489488911, 33.248401765528783 ], [ 126.589442217589806, 33.248364025608097 ] ], [ [ 126.537115235147652, 33.314171940110526 ], [ 126.537115235147652, 33.314171940110533 ], [ 126.537085351727541, 33.313924380009908 ], [ 126.537115235147652, 33.314171940110526 ] ], [ [ 126.559772081640091, 33.264207471395075 ], [ 126.559772081640091, 33.264207471395139 ], [ 126.559540438696487, 33.264161369023618 ], [ 126.559772081640091, 33.264207471395075 ] ], [ [ 126.55634375316103, 33.249566933340517 ], [ 126.556405531789892, 33.24963851806897 ], [ 126.556304767261551, 33.249541791754993 ], [ 126.55634375316103, 33.249566933340517 ] ], [ [ 126.492554912488885, 33.280820448488868 ], [ 126.492491614117142, 33.280827375307602 ], [ 126.492555202521714, 33.28082041361116 ], [ 126.492554912488885, 33.280820448488868 ] ], [ [ 126.493632048041192, 33.280748701552405 ], [ 126.493632048041192, 33.280748701552369 ], [ 126.494078596128304, 33.280693920876317 ], [ 126.493632048041192, 33.280748701552405 ] ], [ [ 126.50787884511918, 33.278407275762049 ], [ 126.507878199967024, 33.278407471557514 ], [ 126.507940630155531, 33.278260502928703 ], [ 126.50787884511918, 33.278407275762049 ] ], [ [ 126.516991582817411, 33.24794870276768 ], [ 126.51650279595799, 33.24799992207496 ], [ 126.51793501211796, 33.247840138892798 ], [ 126.516991582817411, 33.24794870276768 ] ], [ [ 126.520856541144866, 33.247509896995886 ], [ 126.519045139577756, 33.247711458966052 ], [ 126.519479177665545, 33.247662037192789 ], [ 126.520856541144866, 33.247509896995886 ] ], [ [ 126.520948405035071, 33.247499928239975 ], [ 126.521687287038972, 33.247415998504508 ], [ 126.520856541144866, 33.247509896995886 ], [ 126.520948405035071, 33.247499928239975 ] ], [ [ 126.485192593818383, 33.273584797885491 ], [ 126.485336157951608, 33.2739493142074 ], [ 126.484718841700442, 33.27296768271777 ], [ 126.485192593818383, 33.273584797885491 ] ], [ [ 126.507240484051891, 33.235179370786781 ], [ 126.507191750502002, 33.235158908671373 ], [ 126.507257850920524, 33.235252435374839 ], [ 126.507240484051891, 33.235179370786781 ] ], [ [ 126.505255036761213, 33.242190205091511 ], [ 126.505311212701685, 33.2421131959645 ], [ 126.505184819217405, 33.242287444734366 ], [ 126.505255036761213, 33.242190205091511 ] ], [ [ 126.504363752798099, 33.242790645459657 ], [ 126.504374162709397, 33.242710649855077 ], [ 126.504337116974995, 33.242895713517456 ], [ 126.504363752798099, 33.242790645459657 ] ], [ [ 126.501927071069375, 33.244538746490839 ], [ 126.50201274889136, 33.244278566210802 ], [ 126.501927071069375, 33.244538746490882 ], [ 126.501927071069375, 33.244538746490839 ] ], [ [ 126.507800523538435, 33.256433379420969 ], [ 126.507748451450269, 33.256399542233822 ], [ 126.507855080074137, 33.256464341252681 ], [ 126.507800523538435, 33.256433379420969 ] ], [ [ 126.559425209071023, 33.286845520014033 ], [ 126.559353520717536, 33.286591774427713 ], [ 126.559348467222165, 33.286563535725435 ], [ 126.559425209071023, 33.286845520014033 ] ], [ [ 126.561165264784407, 33.284458584170793 ], [ 126.560713470441229, 33.284984774574461 ], [ 126.560763120617395, 33.284926940250543 ], [ 126.561165264784407, 33.284458584170793 ] ], [ [ 126.563065120361799, 33.282255882498632 ], [ 126.563035284772013, 33.282301769028919 ], [ 126.563437324903802, 33.281554857883904 ], [ 126.563065120361799, 33.282255882498632 ] ], [ [ 126.56439048150223, 33.280322529895422 ], [ 126.564084797807567, 33.280705555077233 ], [ 126.564381159486757, 33.280334209199978 ], [ 126.56439048150223, 33.280322529895422 ] ], [ [ 126.819945243327098, 33.424164709864343 ], [ 126.819945243327098, 33.424164709864392 ], [ 126.81985044116135, 33.424061300804389 ], [ 126.819945243327098, 33.424164709864343 ] ], [ [ 126.817747721025967, 33.415728083935633 ], [ 126.817747721025967, 33.415728083935669 ], [ 126.817729297495731, 33.415567822364089 ], [ 126.817747721025967, 33.415728083935633 ] ], [ [ 126.812603517106851, 33.401373410480083 ], [ 126.812603517106837, 33.401373410480133 ], [ 126.812567302741584, 33.401129658416203 ], [ 126.812603517106851, 33.401373410480083 ] ], [ [ 126.601181246550212, 33.307183812948701 ], [ 126.600947663504996, 33.307816872200441 ], [ 126.600925624954982, 33.307876596608089 ], [ 126.601181246550212, 33.307183812948701 ] ], [ [ 126.605023808688799, 33.296402401148974 ], [ 126.605027758089037, 33.296428876335668 ], [ 126.605027758089037, 33.296428876335682 ], [ 126.605023808688799, 33.296402401148974 ] ], [ [ 126.603248100216405, 33.291780404356871 ], [ 126.603248100216405, 33.291780404356899 ], [ 126.602956391002451, 33.2913444280018 ], [ 126.603248100216405, 33.291780404356871 ] ], [ [ 126.701870148287171, 33.376363864446581 ], [ 126.700982875952391, 33.376083798362608 ], [ 126.702190861521842, 33.37619098694924 ], [ 126.701870148287171, 33.376363864446581 ] ], [ [ 126.74681139189687, 33.350734148966616 ], [ 126.746328298663059, 33.350684443390882 ], [ 126.74714583543259, 33.350719993365544 ], [ 126.74681139189687, 33.350734148966616 ] ], [ [ 126.767299096227902, 33.313933491657728 ], [ 126.766945010704532, 33.314374872717579 ], [ 126.768123008030472, 33.313260183759468 ], [ 126.767299096227902, 33.313933491657728 ] ], [ [ 126.772812596603544, 33.310666726323241 ], [ 126.77210899430851, 33.310453223751743 ], [ 126.77340389374281, 33.310866665876972 ], [ 126.772812596603544, 33.310666726323241 ] ] ], [ [ [ 126.904103481374563, 33.402207223624501 ], [ 126.904102088825084, 33.402067751814741 ], [ 126.904040019789775, 33.402117183746334 ], [ 126.903321758054801, 33.40167731579637 ], [ 126.903236134255636, 33.401700293384209 ], [ 126.904103481374563, 33.402207223624501 ] ] ], [ [ [ 126.904460522562871, 33.401639792448059 ], [ 126.905759054696503, 33.402604003235972 ], [ 126.905323318945008, 33.401882402375328 ], [ 126.904460522562871, 33.401639792448059 ] ] ], [ [ [ 126.934850650778856, 33.426666755129176 ], [ 126.93468315879575, 33.426694344668121 ], [ 126.934675741114006, 33.426734471386155 ], [ 126.934850650778856, 33.426666755129176 ] ] ], [ [ [ 126.94034923009778, 33.455311524854828 ], [ 126.940448615198946, 33.455205373448088 ], [ 126.940323835099235, 33.455296022750389 ], [ 126.94034923009778, 33.455311524854828 ] ] ], [ [ [ 126.947837258722842, 33.457270865996712 ], [ 126.947465004489743, 33.457183041525276 ], [ 126.947433361096586, 33.457232462856631 ], [ 126.947837258722842, 33.457270865996712 ] ] ], [ [ [ 126.904943905325936, 33.478985287119016 ], [ 126.906082214821808, 33.478644450769202 ], [ 126.904912847002024, 33.478895273952944 ], [ 126.904943905325936, 33.478985287119016 ] ] ] ] } },
{ "type": "Feature", "properties": { "sigungu_cd": "50110", "sigungu_nm": "제주시" }, "geometry": { "type": "MultiPolygon", "coordinates": [ [ [ [ 126.150799194776198, 33.30765490115661 ], [ 126.150793577409544, 33.307871848046453 ], [ 126.150919902352712, 33.307612045348051 ], [ 126.150799194776198, 33.30765490115661 ] ] ], [ [ [ 126.152430241087316, 33.30844425199038 ], [ 126.15198147817982, 33.307685401544894 ], [ 126.15174399619157, 33.308416354934643 ], [ 126.152430241087316, 33.30844425199038 ] ] ], [ [ [ 126.150735488407221, 33.308589502609365 ], [ 126.151068228155097, 33.308023724999373 ], [ 126.150989013962771, 33.307994241940747 ], [ 126.150735488407221, 33.308589502609365 ] ] ], [ [ [ 126.15086458161592, 33.308836610064994 ], [ 126.150858134268717, 33.30876410526831 ], [ 126.150823351544858, 33.308820892667384 ], [ 126.15086458161592, 33.308836610064994 ] ] ], [ [ [ 126.150748592895923, 33.308934062232964 ], [ 126.150959714081594, 33.308847935962561 ], [ 126.150691796592639, 33.308841702388385 ], [ 126.150748592895923, 33.308934062232964 ] ] ], [ [ [ 126.147905174673269, 33.308825515614252 ], [ 126.147667289511006, 33.309265659739438 ], [ 126.148112829832669, 33.309138512522303 ], [ 126.147905174673269, 33.308825515614252 ] ] ], [ [ [ 126.149754374332673, 33.309066899496415 ], [ 126.149607240225066, 33.309125080319127 ], [ 126.149786619492346, 33.309153050867017 ], [ 126.149754374332673, 33.309066899496415 ] ] ], [ [ [ 126.147812128086528, 33.309327520939867 ], [ 126.148460511094839, 33.3096207877716 ], [ 126.148620439340021, 33.309444164327324 ], [ 126.147812128086528, 33.309327520939867 ] ] ], [ [ [ 126.145147196267686, 33.309983313104162 ], [ 126.14505289246911, 33.309777317624864 ], [ 126.145018586284252, 33.310010114604829 ], [ 126.145147196267686, 33.309983313104162 ] ] ], [ [ [ 126.159843786789281, 33.310852000706348 ], [ 126.160039381502671, 33.310622292985002 ], [ 126.159412866644345, 33.310639696582363 ], [ 126.159843786789281, 33.310852000706348 ] ] ], [ [ [ 126.161344093037513, 33.311255858199289 ], [ 126.161172454781166, 33.311308865226131 ], [ 126.162101634336011, 33.311327153753751 ], [ 126.161344093037513, 33.311255858199289 ] ] ], [ [ [ 126.164207604337633, 33.311143091573619 ], [ 126.165294100581789, 33.311115596453078 ], [ 126.164209543834872, 33.31108845930595 ], [ 126.164207604337633, 33.311143091573619 ] ] ], [ [ [ 126.144115836690204, 33.311295810890201 ], [ 126.151429220326278, 33.31328976626348 ], [ 126.153259491428955, 33.311713908441909 ], [ 126.150193845994451, 33.311373053804992 ], [ 126.149774897903299, 33.310038546618912 ], [ 126.144115836690204, 33.311295810890201 ] ] ], [ [ [ 126.162327752385607, 33.311751003204364 ], [ 126.162464576095402, 33.311713934056314 ], [ 126.162444899562985, 33.3116090185178 ], [ 126.162327752385607, 33.311751003204364 ] ] ], [ [ [ 126.159572907932343, 33.312022556120745 ], [ 126.160346606489369, 33.311863219202102 ], [ 126.159266532235478, 33.311687397169578 ], [ 126.159572907932343, 33.312022556120745 ] ] ], [ [ [ 126.170724423262769, 33.342236328252689 ], [ 126.1707622563179, 33.34244897679433 ], [ 126.170979477683602, 33.342349163212546 ], [ 126.170724423262769, 33.342236328252689 ] ] ], [ [ [ 126.169103682691073, 33.342547966368123 ], [ 126.169234243754346, 33.342720151424871 ], [ 126.16943998618035, 33.342455228446063 ], [ 126.169103682691073, 33.342547966368123 ] ] ], [ [ [ 126.174988774894871, 33.343738696232947 ], [ 126.175262893841747, 33.34375044630368 ], [ 126.174986480777591, 33.343681340115779 ], [ 126.174988774894871, 33.343738696232947 ] ] ], [ [ [ 126.181149410565695, 33.345876164184574 ], [ 126.181313198879721, 33.346180728644214 ], [ 126.181417400665254, 33.345909985173769 ], [ 126.181149410565695, 33.345876164184574 ] ] ], [ [ [ 126.22200846272942, 33.40767846011763 ], [ 126.221843986657262, 33.407541693946108 ], [ 126.221918735848888, 33.407701130236475 ], [ 126.22200846272942, 33.40767846011763 ] ] ], [ [ [ 126.222616073386561, 33.405894223837507 ], [ 126.223693142242581, 33.410679870751792 ], [ 126.225768537857135, 33.411744582254094 ], [ 126.22911907282807, 33.411805962733055 ], [ 126.231914588768859, 33.40955635940287 ], [ 126.231612625350991, 33.40672187982743 ], [ 126.229259567244483, 33.40492603242555 ], [ 126.22542525790999, 33.404691784679059 ], [ 126.222616073386561, 33.405894223837507 ] ] ], [ [ [ 126.222425979783537, 33.410038624884457 ], [ 126.222604402970376, 33.409930987242689 ], [ 126.222403747032416, 33.40989788384325 ], [ 126.222425979783537, 33.410038624884457 ] ] ], [ [ [ 126.272447519025036, 33.434990194913027 ], [ 126.272503620716094, 33.434964216474697 ], [ 126.27245245542359, 33.434916799173187 ], [ 126.272447519025036, 33.434990194913027 ] ] ], [ [ [ 126.291428822644392, 33.446745545355157 ], [ 126.291492665211663, 33.446577531612007 ], [ 126.291311748053175, 33.446605499699231 ], [ 126.291428822644392, 33.446745545355157 ] ] ], [ [ [ 126.292898441634208, 33.44725084727304 ], [ 126.291573482359581, 33.446645396387744 ], [ 126.291545040554496, 33.44669372060401 ], [ 126.292898441634208, 33.44725084727304 ] ] ], [ [ [ 126.293064096421404, 33.96576805002551 ], [ 126.300067171328223, 33.962418406636175 ], [ 126.300739951496297, 33.96129127072053 ], [ 126.296416923469579, 33.963747172892198 ], [ 126.294302771337584, 33.961479721109093 ], [ 126.301531168073382, 33.958725457843187 ], [ 126.300333676092109, 33.956640263641425 ], [ 126.302369108676075, 33.95406073368774 ], [ 126.30139975257282, 33.952720885533331 ], [ 126.2973415828626, 33.952930107574517 ], [ 126.286149434601271, 33.960692226698264 ], [ 126.289497403106537, 33.962769899002431 ], [ 126.283399474126895, 33.965749681729015 ], [ 126.28428431258402, 33.967492436624347 ], [ 126.293064096421404, 33.96576805002551 ] ] ], [ [ [ 126.282975680323972, 33.960957060738409 ], [ 126.285108060363115, 33.961484535818258 ], [ 126.285295140562766, 33.960569342866044 ], [ 126.282975680323972, 33.960957060738409 ] ] ], [ [ [ 126.281788355695326, 33.970956305594513 ], [ 126.284283339465759, 33.968719676289851 ], [ 126.283806061120174, 33.968116663808168 ], [ 126.281501417721955, 33.969372496819396 ], [ 126.281788355695326, 33.970956305594513 ] ] ], [ [ [ 126.249384463070712, 33.98992742865839 ], [ 126.251990860480177, 33.988849938543616 ], [ 126.252027549209515, 33.985732650848696 ], [ 126.246086252381502, 33.987282512968783 ], [ 126.249384463070712, 33.98992742865839 ] ] ], [ [ [ 126.363404620439297, 33.478691416686651 ], [ 126.363657628375577, 33.478617139054769 ], [ 126.363542910088611, 33.478546432811576 ], [ 126.363404620439297, 33.478691416686651 ] ] ], [ [ [ 126.299211846991753, 33.671585288587387 ], [ 126.298771323237489, 33.671191477017445 ], [ 126.298608014207076, 33.671456189952536 ], [ 126.299211846991753, 33.671585288587387 ] ] ], [ [ [ 126.356178259639222, 33.729116921230741 ], [ 126.356954695429266, 33.730510228140496 ], [ 126.359266311057056, 33.729195618693488 ], [ 126.356178259639222, 33.729116921230741 ] ] ], [ [ [ 126.311961410954709, 33.867153991269539 ], [ 126.312143308023238, 33.867803310581813 ], [ 126.312534655768061, 33.867174009696086 ], [ 126.311961410954709, 33.867153991269539 ] ] ], [ [ [ 126.303743373899664, 33.903714110107501 ], [ 126.30576174967355, 33.903468474526456 ], [ 126.305555081022661, 33.903116112937163 ], [ 126.303743373899664, 33.903714110107501 ] ] ], [ [ [ 126.344920649922017, 33.905441200268982 ], [ 126.344555334549284, 33.902924494772741 ], [ 126.343058992950631, 33.903185304436818 ], [ 126.343231858769002, 33.905968754818424 ], [ 126.344920649922017, 33.905441200268982 ] ] ], [ [ [ 126.32674609809807, 33.913701634216018 ], [ 126.323666189456404, 33.909222115620061 ], [ 126.323997899035874, 33.912447256102332 ], [ 126.320868665592897, 33.915614339830256 ], [ 126.32674609809807, 33.913701634216018 ] ] ], [ [ [ 126.330937444497138, 33.927782941347594 ], [ 126.330988609053676, 33.927509646464308 ], [ 126.33080709809758, 33.927732675438733 ], [ 126.330937444497138, 33.927782941347594 ] ] ], [ [ [ 126.31198591216463, 33.940676222322168 ], [ 126.311685115417831, 33.938951489229396 ], [ 126.309478106467438, 33.939321131417699 ], [ 126.310310831977901, 33.940684862301318 ], [ 126.31198591216463, 33.940676222322168 ] ] ], [ [ [ 126.303172479844562, 33.943110715659223 ], [ 126.303071368418983, 33.943265301062453 ], [ 126.303240454506494, 33.943314490711231 ], [ 126.303172479844562, 33.943110715659223 ] ] ], [ [ [ 126.304851050601201, 33.94885737477609 ], [ 126.304527275042247, 33.953125601332488 ], [ 126.310635797242597, 33.952132361779867 ], [ 126.313688700446448, 33.954922837556197 ], [ 126.32611204883365, 33.951016989691425 ], [ 126.331332978084461, 33.953661492029546 ], [ 126.331938218516612, 33.956073421286995 ], [ 126.337217442708194, 33.956888170282241 ], [ 126.341613220590489, 33.955093533839303 ], [ 126.337802839783905, 33.952754890833205 ], [ 126.341622892396316, 33.950046908813448 ], [ 126.34176771805528, 33.946984429416368 ], [ 126.334485631856509, 33.94622860601941 ], [ 126.333965045439555, 33.94403457997975 ], [ 126.330289246186993, 33.944811959261543 ], [ 126.329519145868545, 33.939109628067307 ], [ 126.330104309303991, 33.944449426987724 ], [ 126.327273107625473, 33.944913589257595 ], [ 126.32649140964719, 33.943228781718268 ], [ 126.326637153445844, 33.944898818721157 ], [ 126.323619742121593, 33.938799468710798 ], [ 126.328225620846524, 33.939446291659316 ], [ 126.324513643758507, 33.937683130387825 ], [ 126.324490444405143, 33.935558805795402 ], [ 126.33082354101839, 33.933221945506801 ], [ 126.329310406422266, 33.930613083358033 ], [ 126.322187897406124, 33.930003582674367 ], [ 126.319953266587447, 33.935965794555699 ], [ 126.317310966943865, 33.937706675457498 ], [ 126.318170462154512, 33.938920401357002 ], [ 126.316599005751229, 33.939496148616492 ], [ 126.316819931886101, 33.941439105708945 ], [ 126.312064887980739, 33.944437396320495 ], [ 126.313024858922589, 33.944760883061477 ], [ 126.311282993700686, 33.947045177235758 ], [ 126.304851050601201, 33.94885737477609 ] ] ], [ [ [ 126.330849124465928, 33.957355471682469 ], [ 126.331238798453427, 33.957449250144805 ], [ 126.331239068148207, 33.957414850006131 ], [ 126.330849124465928, 33.957355471682469 ] ] ], [ [ [ 126.330451202536665, 33.957719938432241 ], [ 126.330810123892803, 33.957548497814827 ], [ 126.330473367071065, 33.957524566892801 ], [ 126.330451202536665, 33.957719938432241 ] ] ], [ [ [ 126.308874305693962, 33.974798588653059 ], [ 126.306516970973291, 33.973819915233342 ], [ 126.306055563653814, 33.974982423743171 ], [ 126.308874305693962, 33.974798588653059 ] ] ], [ [ [ 126.315540290471077, 33.97538979398437 ], [ 126.316004015419693, 33.975195786003461 ], [ 126.315380936109847, 33.975289595927336 ], [ 126.315540290471077, 33.97538979398437 ] ] ], [ [ [ 126.313083636754911, 33.975960750285104 ], [ 126.311586080492077, 33.9761133112588 ], [ 126.31122609483657, 33.977296637338426 ], [ 126.313083636754911, 33.975960750285104 ] ] ], [ [ [ 126.347369948355379, 33.984976926000428 ], [ 126.353255597862471, 33.982230523185144 ], [ 126.351070607473616, 33.980733798102882 ], [ 126.345625425146025, 33.982822993052565 ], [ 126.347369948355379, 33.984976926000428 ] ] ], [ [ [ 126.296140572752108, 33.983208771016102 ], [ 126.29402635818758, 33.982094719450799 ], [ 126.293042209716873, 33.982850765478339 ], [ 126.294784025877263, 33.985020321367735 ], [ 126.296140572752108, 33.983208771016102 ] ] ], [ [ [ 126.341222431188314, 33.985228866436152 ], [ 126.341201809428611, 33.98543116198158 ], [ 126.341436061784549, 33.985316764314355 ], [ 126.341222431188314, 33.985228866436152 ] ] ], [ [ [ 126.297010212203872, 33.986282667164225 ], [ 126.298470665367148, 33.986967749923991 ], [ 126.299702149840073, 33.986304556188109 ], [ 126.298151228648777, 33.986415331766061 ], [ 126.297010212203872, 33.986282667164225 ] ] ], [ [ [ 126.324262683934819, 33.986200485510523 ], [ 126.319407952869398, 33.987189571284929 ], [ 126.318422323104301, 33.989168603889837 ], [ 126.323452640995171, 33.988246506815052 ], [ 126.324262683934819, 33.986200485510523 ] ] ], [ [ [ 126.362354309228735, 33.991310456505495 ], [ 126.362282062764606, 33.990930736204177 ], [ 126.36220343097736, 33.991010760190569 ], [ 126.362354309228735, 33.991310456505495 ] ] ], [ [ [ 126.363578205079392, 33.992589446000736 ], [ 126.364382388141109, 33.992340207546292 ], [ 126.363573386243871, 33.992494185852387 ], [ 126.363578205079392, 33.992589446000736 ] ] ], [ [ [ 126.320802856865598, 33.993166649016324 ], [ 126.32078954896933, 33.993267895399853 ], [ 126.320903043938912, 33.993195438257345 ], [ 126.320802856865598, 33.993166649016324 ] ] ], [ [ [ 126.300618878971534, 33.99810548804691 ], [ 126.300513941288671, 33.997814444521048 ], [ 126.300097704386914, 33.998155905261271 ], [ 126.300618878971534, 33.99810548804691 ] ] ], [ [ [ 126.359541550569375, 34.006829584809836 ], [ 126.358547898895011, 34.00536065064 ], [ 126.358026581978919, 34.006509272643086 ], [ 126.359541550569375, 34.006829584809836 ] ] ], [ [ [ 126.334785836559305, 34.012696730665503 ], [ 126.344678229638944, 34.010653264394037 ], [ 126.352188468332656, 34.005341822655481 ], [ 126.347126523292701, 34.003859815586566 ], [ 126.343064229957704, 34.007750614428858 ], [ 126.330543120828722, 34.01066095409579 ], [ 126.333794838888394, 34.010914117292039 ], [ 126.334785836559305, 34.012696730665503 ] ] ], [ [ [ 126.327771475495013, 34.011202195929613 ], [ 126.327269201390706, 34.011280056583352 ], [ 126.327301607607893, 34.012678003071777 ], [ 126.327771475495013, 34.011202195929613 ] ] ], [ [ [ 126.310921466107217, 34.013036561821792 ], [ 126.311126503349684, 34.013202389627239 ], [ 126.311445923071162, 34.012849170971002 ], [ 126.310921466107217, 34.013036561821792 ] ] ], [ [ [ 126.161634362665225, 33.291661001022732 ], [ 126.167956874404126, 33.298838907595218 ], [ 126.163703002852884, 33.307965761963843 ], [ 126.163983298484283, 33.310501902459691 ], [ 126.16448207415695, 33.309415628553758 ], [ 126.164620403724427, 33.309685846913489 ], [ 126.165376715173167, 33.310314738335407 ], [ 126.164734629822348, 33.309173304951493 ], [ 126.166201529805605, 33.309921403418677 ], [ 126.166598694276658, 33.315390003072068 ], [ 126.168680524067668, 33.316435245994498 ], [ 126.166823136964425, 33.323324488608023 ], [ 126.162879045291703, 33.324597389834054 ], [ 126.163028830405281, 33.328671951459334 ], [ 126.165203033224586, 33.32900694794634 ], [ 126.16579249133963, 33.331607240814364 ], [ 126.161850090470267, 33.333851240931409 ], [ 126.167299772652882, 33.339093584970868 ], [ 126.16594185523094, 33.341704862704297 ], [ 126.168997808860851, 33.341503843028185 ], [ 126.172001191048153, 33.342689874269553 ], [ 126.169319377445248, 33.343588227162151 ], [ 126.169431627020842, 33.345581256794077 ], [ 126.17234004866873, 33.342939504639126 ], [ 126.175018410965791, 33.34324745704911 ], [ 126.179173329529974, 33.345803656212496 ], [ 126.177822006888903, 33.347762061629965 ], [ 126.177833481294201, 33.348573203904394 ], [ 126.178054520449535, 33.349553457475849 ], [ 126.17903582705884, 33.346094237535929 ], [ 126.18213760610189, 33.345395280161021 ], [ 126.181699092728905, 33.346298643060813 ], [ 126.180525117985582, 33.34661241288255 ], [ 126.181243359990077, 33.347605440283829 ], [ 126.179187489262418, 33.347402549907564 ], [ 126.18112201692108, 33.348767972899608 ], [ 126.180689027731788, 33.349085265332697 ], [ 126.180396026566768, 33.348732494772612 ], [ 126.179450203454252, 33.348859222481757 ], [ 126.179001060550618, 33.349143503206513 ], [ 126.178682638634044, 33.349103689924597 ], [ 126.179015910146376, 33.349188852106117 ], [ 126.180218425647766, 33.348796036388251 ], [ 126.180500466115461, 33.349600131684369 ], [ 126.180773826798458, 33.349275645492227 ], [ 126.181349953699041, 33.349403761635486 ], [ 126.179569059991607, 33.351732513615772 ], [ 126.181946408960812, 33.353995784673302 ], [ 126.181215440890739, 33.358509529286934 ], [ 126.183778942055582, 33.358105494123159 ], [ 126.184511441952154, 33.359767742711135 ], [ 126.187519912314528, 33.358497790039031 ], [ 126.191131114223168, 33.363199278675964 ], [ 126.195704160581059, 33.363723898363268 ], [ 126.197491933681619, 33.365938688677666 ], [ 126.200133435886343, 33.364986217104111 ], [ 126.205292237516417, 33.368468550380619 ], [ 126.206693511816141, 33.372403856897968 ], [ 126.213367518504811, 33.375025274139361 ], [ 126.216456902243962, 33.378722761401299 ], [ 126.214521316449193, 33.38073404070758 ], [ 126.221521977124283, 33.386513872426306 ], [ 126.222054121504769, 33.390628958190362 ], [ 126.228796807221556, 33.389766382909215 ], [ 126.227458081579044, 33.39143688135038 ], [ 126.227539865208556, 33.391822214171434 ], [ 126.229792589888831, 33.389173267462901 ], [ 126.23457876638156, 33.389323200447599 ], [ 126.238005230845857, 33.393995604789218 ], [ 126.24211406251149, 33.395513734115845 ], [ 126.243235285780145, 33.398846180334559 ], [ 126.250386587746306, 33.401130604527552 ], [ 126.251477010095428, 33.404291777585108 ], [ 126.250196523662467, 33.404799449919381 ], [ 126.252547032669469, 33.405729873064246 ], [ 126.252388509969308, 33.407688940539011 ], [ 126.258912080283338, 33.409030376182145 ], [ 126.253993011692529, 33.412707431791858 ], [ 126.253127983051499, 33.415672868826633 ], [ 126.255863628298542, 33.412665465366587 ], [ 126.260031881731308, 33.416794527188756 ], [ 126.26490760363663, 33.415105040393058 ], [ 126.261791136964519, 33.419951423575917 ], [ 126.260225891440228, 33.419604403879788 ], [ 126.26244943797434, 33.420370885568367 ], [ 126.262081583570207, 33.422463546917463 ], [ 126.258605297625252, 33.422395592826966 ], [ 126.258462875575901, 33.417947137163146 ], [ 126.257701908818618, 33.417159175179549 ], [ 126.2518962317518, 33.417130594852999 ], [ 126.257661294876883, 33.417252110253116 ], [ 126.25775778510635, 33.420467351604913 ], [ 126.258129165578808, 33.421775392103619 ], [ 126.258852136714637, 33.422794442608115 ], [ 126.264217245672725, 33.423688342620927 ], [ 126.262977549490415, 33.423789952989701 ], [ 126.264322765893084, 33.425117048125117 ], [ 126.263826224274339, 33.427951590091553 ], [ 126.261801298389472, 33.428898779840466 ], [ 126.263557132192204, 33.430819235344828 ], [ 126.262225725016094, 33.433996511327152 ], [ 126.263347526317261, 33.435817504318841 ], [ 126.271426926516767, 33.437343656421646 ], [ 126.272128383755756, 33.435284731710205 ], [ 126.272371871071684, 33.434993933647576 ], [ 126.27245245542359, 33.434916799173187 ], [ 126.272535425751798, 33.434871955262814 ], [ 126.273360943864574, 33.434787682151644 ], [ 126.27810852506127, 33.443679555999616 ], [ 126.278985630289853, 33.442251516182772 ], [ 126.283321781557234, 33.442519195927161 ], [ 126.284675164188243, 33.444684687280002 ], [ 126.28973503788086, 33.442927938187964 ], [ 126.293340925108964, 33.443787669856469 ], [ 126.29447760229948, 33.445540868671145 ], [ 126.292749614965345, 33.446503821610463 ], [ 126.294502014990869, 33.445568731445235 ], [ 126.299320906402301, 33.446782189894428 ], [ 126.30634944592984, 33.452177039549397 ], [ 126.310914156013752, 33.460005407445443 ], [ 126.308422659008571, 33.465835781590279 ], [ 126.31087981750315, 33.46616184349471 ], [ 126.310375326516649, 33.467160146287767 ], [ 126.313949768396739, 33.469215666790731 ], [ 126.319056746875646, 33.467054916866708 ], [ 126.327262053504327, 33.470161797013994 ], [ 126.320935942150129, 33.46709431213651 ], [ 126.320655315145686, 33.465096456776365 ], [ 126.327769035634944, 33.468825805456987 ], [ 126.32894002454654, 33.467714536442003 ], [ 126.331899552146083, 33.469140968435063 ], [ 126.334861351975178, 33.466519469826736 ], [ 126.338273309950651, 33.467065263393273 ], [ 126.340523910435067, 33.470387652543849 ], [ 126.34734735029275, 33.473596359285231 ], [ 126.351295200552258, 33.472790023638403 ], [ 126.353775867002355, 33.477659816655219 ], [ 126.35954869106672, 33.479647057548 ], [ 126.364288672933952, 33.478219694193406 ], [ 126.36907666077262, 33.478272772595297 ], [ 126.377325805920535, 33.484296718066652 ], [ 126.380344372429704, 33.484205799546082 ], [ 126.385507572828701, 33.4889841336553 ], [ 126.390644334526272, 33.489346943123138 ], [ 126.394472022622523, 33.484129960243067 ], [ 126.400275140424839, 33.483109491307111 ], [ 126.403561996423193, 33.485882997525458 ], [ 126.405049067698357, 33.484166063623377 ], [ 126.407698276366929, 33.485171776350157 ], [ 126.408626306176814, 33.486205186205517 ], [ 126.408085854846291, 33.485999013776478 ], [ 126.406319249376551, 33.486870904540908 ], [ 126.408471936594282, 33.486623765202346 ], [ 126.408260157637827, 33.488195374344869 ], [ 126.410919664686105, 33.490159982463986 ], [ 126.418619104758449, 33.489092454831443 ], [ 126.421418629403277, 33.49293762302073 ], [ 126.427042715824186, 33.495870465326085 ], [ 126.426109285912005, 33.494734495665838 ], [ 126.42811274006273, 33.493607991867655 ], [ 126.440769555095699, 33.49609799760762 ], [ 126.445081862497076, 33.498650863663229 ], [ 126.449208500128222, 33.497697493699675 ], [ 126.449523765677142, 33.498269582810913 ], [ 126.450083826776151, 33.498745804037576 ], [ 126.449752706848642, 33.497240073365418 ], [ 126.450153687744873, 33.4982722061389 ], [ 126.450165608746047, 33.497019336549528 ], [ 126.452404590556299, 33.497207374441857 ], [ 126.454522065215031, 33.499436185146521 ], [ 126.452026532508413, 33.501852093805056 ], [ 126.453643764644482, 33.504299803947603 ], [ 126.457597883152459, 33.503496418026216 ], [ 126.460456803900627, 33.505492370841246 ], [ 126.460580772288068, 33.503792993649817 ], [ 126.462856001799366, 33.503027387223014 ], [ 126.463719970910006, 33.508711910740267 ], [ 126.46390809936527, 33.509072305485297 ], [ 126.464626368292471, 33.509693184147238 ], [ 126.463879554221876, 33.506671895702667 ], [ 126.465928259914961, 33.507226846368397 ], [ 126.466514783587428, 33.50527783804305 ], [ 126.467231689146502, 33.505058681084179 ], [ 126.466235164964985, 33.508656145626915 ], [ 126.464870769207394, 33.508715889423314 ], [ 126.477078564523026, 33.509331837841749 ], [ 126.478796254510016, 33.510926694028051 ], [ 126.477971373239328, 33.509151464097023 ], [ 126.482994465319649, 33.510730871329116 ], [ 126.485937614578916, 33.517367826920591 ], [ 126.494253203794443, 33.520424786341721 ], [ 126.501311809803198, 33.518955409003134 ], [ 126.500725794725994, 33.517505702023584 ], [ 126.512986136280446, 33.515581370336754 ], [ 126.51647558667797, 33.517108442161735 ], [ 126.517585284196997, 33.519389273873657 ], [ 126.528279002500994, 33.518080251424863 ], [ 126.528445359399271, 33.520500769027421 ], [ 126.53009882509194, 33.522827642465494 ], [ 126.528466146463884, 33.517078060048973 ], [ 126.53126036878966, 33.516956937141423 ], [ 126.533582367127892, 33.518717454116477 ], [ 126.530481578398025, 33.521123767714272 ], [ 126.534524881604838, 33.523561604065662 ], [ 126.540582171425797, 33.532301843166699 ], [ 126.535565152722924, 33.523541258559696 ], [ 126.531586657004468, 33.521361555213765 ], [ 126.533067341305809, 33.519860215558502 ], [ 126.537554223402282, 33.521353659111782 ], [ 126.537230428529909, 33.523098970687691 ], [ 126.538902852665231, 33.52187461562481 ], [ 126.541019972994576, 33.524261993021817 ], [ 126.54285711215843, 33.522885089391423 ], [ 126.54318913041412, 33.527569494750786 ], [ 126.541614263722366, 33.529470979914173 ], [ 126.543398543560585, 33.527866926721153 ], [ 126.545982367460326, 33.527882133045033 ], [ 126.546227112514117, 33.524356842101128 ], [ 126.553435832793554, 33.524218760342208 ], [ 126.553391802382691, 33.522903998444612 ], [ 126.550176473246353, 33.521873175879151 ], [ 126.547942482051397, 33.522511456044953 ], [ 126.544656348271531, 33.521862161142998 ], [ 126.550917173514193, 33.520341416676033 ], [ 126.55896174617699, 33.522509782440302 ], [ 126.562087614724533, 33.527368637134671 ], [ 126.566122491937023, 33.527465375955423 ], [ 126.563711318213635, 33.526880162410855 ], [ 126.565285232032323, 33.524007741592314 ], [ 126.567343055910129, 33.525008923106014 ], [ 126.565883872073556, 33.525615068293973 ], [ 126.568037953063026, 33.525334755087293 ], [ 126.56823035944025, 33.527034332387615 ], [ 126.573499166071926, 33.525149340829081 ], [ 126.576353471514167, 33.527949379846099 ], [ 126.578197343695081, 33.527923262898 ], [ 126.578918217459417, 33.527436351349209 ], [ 126.576338593716756, 33.527236525424605 ], [ 126.579889289835606, 33.524628168637221 ], [ 126.58622258735781, 33.525528996120173 ], [ 126.589257342678181, 33.529088782423237 ], [ 126.588786773392755, 33.530622302674104 ], [ 126.589554712335257, 33.531040742242801 ], [ 126.589364173570345, 33.532305719764395 ], [ 126.589963362304488, 33.533221198880099 ], [ 126.589636861213037, 33.531779252515719 ], [ 126.591627078617819, 33.532105302638115 ], [ 126.590243658153355, 33.532556470306851 ], [ 126.597720878347616, 33.537676109565915 ], [ 126.603127525750693, 33.534751024024146 ], [ 126.606424626388005, 33.535762649672989 ], [ 126.608943873912182, 33.534690826948037 ], [ 126.612112046632873, 33.535656128328533 ], [ 126.613104650261732, 33.538115878889123 ], [ 126.619264439474847, 33.537553233801205 ], [ 126.622635481629615, 33.539442937634817 ], [ 126.626162356432445, 33.536213873382643 ], [ 126.627908934508824, 33.540232532030487 ], [ 126.628394634893411, 33.537221143716827 ], [ 126.63531903357628, 33.535707985962304 ], [ 126.633805031467134, 33.538488298942703 ], [ 126.636218535617459, 33.539355246418815 ], [ 126.634829151019659, 33.540695246444194 ], [ 126.636223032878121, 33.540290620513083 ], [ 126.636504297141187, 33.5410645154844 ], [ 126.632694232521658, 33.542185579726109 ], [ 126.634475333019466, 33.542282064843228 ], [ 126.635096994156953, 33.545207363212462 ], [ 126.639277410916961, 33.54579416640594 ], [ 126.640201278950187, 33.548462792433682 ], [ 126.639617041691722, 33.547985265843465 ], [ 126.638541901520838, 33.548945834781463 ], [ 126.640515174391609, 33.548703565579686 ], [ 126.640832483170442, 33.550544455833212 ], [ 126.643827770827073, 33.551822177327836 ], [ 126.644650219358709, 33.555518309909765 ], [ 126.650244794753291, 33.553465279677596 ], [ 126.647807376193356, 33.549125519011909 ], [ 126.651736531435148, 33.547513161277983 ], [ 126.65199657509369, 33.548158024918237 ], [ 126.651039952623123, 33.548885372986092 ], [ 126.652934200808915, 33.55241735414193 ], [ 126.652768045825596, 33.550938357094388 ], [ 126.656196451411319, 33.54975992293533 ], [ 126.654477123455976, 33.547802741126674 ], [ 126.656466403456747, 33.547638943757505 ], [ 126.656625056132995, 33.547962983154228 ], [ 126.655818106721384, 33.548485854226655 ], [ 126.655743008283508, 33.548884858268806 ], [ 126.667190492256225, 33.542774846375551 ], [ 126.66803232585832, 33.544304297144009 ], [ 126.674516181716029, 33.544719424193957 ], [ 126.674656367409682, 33.549220754692819 ], [ 126.677777643508193, 33.552442243984501 ], [ 126.680474187467851, 33.552301870242658 ], [ 126.684262673273039, 33.54773991389564 ], [ 126.684384530328657, 33.549435120937794 ], [ 126.689402382253704, 33.548457758598232 ], [ 126.690924585287149, 33.551169043704157 ], [ 126.695248206379091, 33.550239578210395 ], [ 126.695449855786691, 33.551669156503223 ], [ 126.699863101865404, 33.552995010319918 ], [ 126.71392741406747, 33.555299450652107 ], [ 126.714466031255895, 33.55354254917814 ], [ 126.716316379760258, 33.553425288726224 ], [ 126.719504698425027, 33.557519459114125 ], [ 126.725945017773014, 33.557953191688483 ], [ 126.727558547802644, 33.560032910731707 ], [ 126.730254929211029, 33.560361234351532 ], [ 126.735701496352405, 33.557533886864334 ], [ 126.737722034199905, 33.560448216537822 ], [ 126.740894581551245, 33.561102551423879 ], [ 126.736696879536026, 33.558871793620305 ], [ 126.738366088483929, 33.55467362427131 ], [ 126.743950551220152, 33.557355234876354 ], [ 126.745507020671667, 33.55565357509883 ], [ 126.743994284820502, 33.55787017786065 ], [ 126.742453711381629, 33.556974546540729 ], [ 126.741467355979495, 33.558611883087003 ], [ 126.739351762230854, 33.557579045399947 ], [ 126.741181697480542, 33.558620632573792 ], [ 126.740257620641202, 33.560103710892008 ], [ 126.742370112948763, 33.557732869005974 ], [ 126.74939607409172, 33.558853408785744 ], [ 126.752746686463666, 33.557717797660324 ], [ 126.753800280252889, 33.559237652061476 ], [ 126.757304614315132, 33.557658985769947 ], [ 126.755922995055656, 33.557215089125307 ], [ 126.760192466358347, 33.557144986971352 ], [ 126.762256128918125, 33.559739470578201 ], [ 126.7616630780268, 33.562278747447259 ], [ 126.765770019414376, 33.56573364570869 ], [ 126.768810255461062, 33.563970072861913 ], [ 126.772081181606779, 33.565077184510876 ], [ 126.776512626507042, 33.563939276825039 ], [ 126.774681397914406, 33.561117526506898 ], [ 126.778268478981857, 33.563472554626074 ], [ 126.776597715977061, 33.563926926311822 ], [ 126.783614996162953, 33.564610925972687 ], [ 126.784057133189961, 33.561982571280346 ], [ 126.793416577464995, 33.559527994074806 ], [ 126.794951065749359, 33.556576593638553 ], [ 126.798212995908543, 33.555027999221863 ], [ 126.802440565583595, 33.557854153649764 ], [ 126.809840162652833, 33.555618175254075 ], [ 126.806775215051388, 33.557627422276859 ], [ 126.81271054060413, 33.559269811660982 ], [ 126.814674984033445, 33.560377227961936 ], [ 126.814032758762806, 33.561530184386555 ], [ 126.824827070598801, 33.558136567507162 ], [ 126.826642190420657, 33.558811746726391 ], [ 126.82522307870444, 33.554657524086579 ], [ 126.829059417984666, 33.5505108877243 ], [ 126.827109309414382, 33.547752813555654 ], [ 126.827744567740439, 33.543855780560762 ], [ 126.830924634529524, 33.543199664574189 ], [ 126.831280255595402, 33.539917977033234 ], [ 126.834898985139489, 33.540787603019069 ], [ 126.83673098975764, 33.538046341593017 ], [ 126.840824307972653, 33.536646581795409 ], [ 126.840780224823192, 33.533138738115092 ], [ 126.842584227994337, 33.534171495959029 ], [ 126.844838576495576, 33.532608107015534 ], [ 126.851343535537737, 33.532327006711796 ], [ 126.851689362484038, 33.529606772893572 ], [ 126.85481740146848, 33.529396186225469 ], [ 126.855263410663298, 33.529789691327473 ], [ 126.857480103546379, 33.530567639841948 ], [ 126.85800028348595, 33.530549913612028 ], [ 126.854886888499252, 33.528178132309982 ], [ 126.856508741418821, 33.527437548920496 ], [ 126.85708380896267, 33.529199639595298 ], [ 126.858547468158903, 33.529978835400279 ], [ 126.856436700806015, 33.526650984976087 ], [ 126.860962967558891, 33.524668179807549 ], [ 126.864853619608382, 33.525471964608649 ], [ 126.866572951883043, 33.528929022938939 ], [ 126.881746528589005, 33.529244458792299 ], [ 126.882347266381473, 33.527196594320763 ], [ 126.884310074367207, 33.526669237066237 ], [ 126.891468920746021, 33.527873069630395 ], [ 126.890930792000461, 33.52687803165913 ], [ 126.900496804723815, 33.521426492984219 ], [ 126.898483280063061, 33.52130511401301 ], [ 126.899997119347518, 33.519523778689518 ], [ 126.900545918317491, 33.521383274352353 ], [ 126.901714007305273, 33.519875261841499 ], [ 126.903589287032176, 33.521044567692954 ], [ 126.904539978019471, 33.520197497738764 ], [ 126.901249674537269, 33.519084096641222 ], [ 126.901171303535619, 33.515189132383696 ], [ 126.898364589726654, 33.513233536978021 ], [ 126.899630066886843, 33.509489758185076 ], [ 126.906610800878141, 33.510625970287343 ], [ 126.91310414038918, 33.505772158144609 ], [ 126.913611220108677, 33.502431533286575 ], [ 126.911378317846726, 33.499291913267179 ], [ 126.911866202391437, 33.498109484291419 ], [ 126.912613277195305, 33.49812075065482 ], [ 126.913626703336092, 33.496268448932362 ], [ 126.912573294283845, 33.497724495698542 ], [ 126.910872988438086, 33.496551816220183 ], [ 126.912321053602867, 33.495585943596595 ], [ 126.909158849666227, 33.495853498166966 ], [ 126.910642218793981, 33.488685096521777 ], [ 126.907564725606335, 33.48750792828411 ], [ 126.904459609261067, 33.488591446483532 ], [ 126.901782721194564, 33.482536806731375 ], [ 126.898015787287321, 33.483081067840473 ], [ 126.889480675057285, 33.480876037296269 ], [ 126.887895550784108, 33.478853175958022 ], [ 126.884487579060519, 33.480704047178101 ], [ 126.881455342454444, 33.477104161462982 ], [ 126.87256649265511, 33.474931541016666 ], [ 126.872738894619459, 33.472311966949633 ], [ 126.870356790443282, 33.472796708010939 ], [ 126.866244689697055, 33.468584337942588 ], [ 126.857736644327019, 33.46705804052263 ], [ 126.854692172020805, 33.463313620212872 ], [ 126.846312959049442, 33.462005194908599 ], [ 126.829501110638944, 33.4536417055862 ], [ 126.823939120360819, 33.453022502302716 ], [ 126.822121652313839, 33.446705724836143 ], [ 126.818212880108007, 33.447825209464902 ], [ 126.814424307529322, 33.445243369298929 ], [ 126.806857106089481, 33.444335192353378 ], [ 126.797031293015976, 33.440085023964798 ], [ 126.788562796735093, 33.441355284053593 ], [ 126.7834602001425, 33.434901782690609 ], [ 126.778478156718748, 33.433991881921983 ], [ 126.770030762182643, 33.426259229412061 ], [ 126.761283198017168, 33.421460513204529 ], [ 126.750580175301323, 33.419422756126643 ], [ 126.741404764716847, 33.420269215498145 ], [ 126.734269436174699, 33.423730686514205 ], [ 126.731825317345397, 33.42672193764227 ], [ 126.717284609744326, 33.421884989160226 ], [ 126.705364557322767, 33.421123889247276 ], [ 126.687728287536856, 33.413284720194397 ], [ 126.669431805741155, 33.400385401957529 ], [ 126.66046356185889, 33.401958884917647 ], [ 126.654970647286987, 33.399423200586519 ], [ 126.652670447614298, 33.394671681610888 ], [ 126.630779073816342, 33.393086015250525 ], [ 126.626334675530146, 33.390190069265344 ], [ 126.623694627135748, 33.384352070141041 ], [ 126.621226191942327, 33.385166613667018 ], [ 126.617621276045298, 33.383192104716322 ], [ 126.606933946297659, 33.382237503568611 ], [ 126.593224579484399, 33.376153045009858 ], [ 126.591579190621587, 33.373774894917517 ], [ 126.567206662351012, 33.371631184121924 ], [ 126.5594520225346, 33.373242389142732 ], [ 126.55736623916205, 33.372020715283362 ], [ 126.553716044909237, 33.373676375858075 ], [ 126.534735675713279, 33.363232749769402 ], [ 126.529522726394916, 33.361740416758437 ], [ 126.526907708913711, 33.363035367846628 ], [ 126.517470975386118, 33.360384828799489 ], [ 126.511103643221915, 33.361039880890758 ], [ 126.506634943526478, 33.357995965180152 ], [ 126.499091408338572, 33.359846759255063 ], [ 126.490448492163878, 33.354954397358753 ], [ 126.487421334201485, 33.355124688792699 ], [ 126.482748315707909, 33.359678461697925 ], [ 126.474681248060804, 33.356016787143624 ], [ 126.472549747582462, 33.358369025551447 ], [ 126.467285540048536, 33.359868081069948 ], [ 126.44558152927624, 33.358886916888572 ], [ 126.437021519407296, 33.354802505440858 ], [ 126.437604320100405, 33.348702262811926 ], [ 126.432748336458559, 33.344931449132375 ], [ 126.432589701421705, 33.341121384965255 ], [ 126.409102749601644, 33.342124515944718 ], [ 126.400687230248508, 33.344716207208975 ], [ 126.391644470911359, 33.343558231564053 ], [ 126.375923720289208, 33.346893615441722 ], [ 126.367470311857019, 33.341149175377069 ], [ 126.361215867469696, 33.34203462120329 ], [ 126.351975205825397, 33.340685055537421 ], [ 126.340236640098382, 33.343610190226613 ], [ 126.334802317352555, 33.336479056388498 ], [ 126.322572263424092, 33.325814167928876 ], [ 126.318332583867829, 33.32742602754432 ], [ 126.309319214238556, 33.325453366136443 ], [ 126.305946614416385, 33.326653549585224 ], [ 126.300174384774408, 33.322523318472619 ], [ 126.296322706986288, 33.321992053851318 ], [ 126.292409193921003, 33.310493655873181 ], [ 126.287350121146574, 33.307101368468864 ], [ 126.28635249447855, 33.304337401536827 ], [ 126.27998660676711, 33.301859348276061 ], [ 126.279219788486529, 33.299484288805679 ], [ 126.253028926080759, 33.292805292181306 ], [ 126.246773169710764, 33.288354357057123 ], [ 126.24454826565298, 33.288501820256727 ], [ 126.242754002989457, 33.283164257359786 ], [ 126.244650975454547, 33.272966050668359 ], [ 126.229787557514271, 33.284674477855049 ], [ 126.192617538319112, 33.298229002943529 ], [ 126.191691798280146, 33.293674180799485 ], [ 126.180419658335452, 33.290091885895556 ], [ 126.174651840683609, 33.290724686406001 ], [ 126.17123884353559, 33.288615959236679 ], [ 126.170461431621149, 33.287180215843243 ], [ 126.17206516916535, 33.285528837733928 ], [ 126.168789200484241, 33.28251583887829 ], [ 126.162907462283499, 33.285546637326377 ], [ 126.161634362665225, 33.291661001022732 ] ], [ [ 126.420972243075539, 33.490596754005921 ], [ 126.420989895656376, 33.490558780836764 ], [ 126.420909176977801, 33.490732300218141 ], [ 126.420972243075539, 33.490596754005921 ] ], [ [ 126.530038467928279, 33.36267139279046 ], [ 126.530038467928279, 33.362671392790475 ], [ 126.529968030300168, 33.362539220097787 ], [ 126.530038467928279, 33.36267139279046 ] ], [ [ 126.29952644279048, 33.445649317161603 ], [ 126.299526442790452, 33.445649317161582 ], [ 126.299704798387452, 33.445337838273829 ], [ 126.29952644279048, 33.445649317161603 ] ], [ [ 126.299827170116274, 33.445115217852688 ], [ 126.299827170116274, 33.445115217852702 ], [ 126.299704798387452, 33.445337838273829 ], [ 126.299827170116274, 33.445115217852688 ] ], [ [ 126.299051375042325, 33.441073516262726 ], [ 126.29893189298113, 33.441701368509314 ], [ 126.299051375042325, 33.441073516262719 ], [ 126.299051375042325, 33.441073516262726 ] ], [ [ 126.301159912970348, 33.436586974388618 ], [ 126.301159912970348, 33.436586974388632 ], [ 126.301123521787858, 33.436508168935028 ], [ 126.301159912970348, 33.436586974388618 ] ], [ [ 126.300483279535342, 33.435878619612204 ], [ 126.300483279535342, 33.435878619612211 ], [ 126.300410657366825, 33.435831217860674 ], [ 126.300483279535342, 33.435878619612204 ] ], [ [ 126.300278826694466, 33.435160441067907 ], [ 126.300278809728752, 33.435161165304919 ], [ 126.300278809728752, 33.435161165304912 ], [ 126.300278826694466, 33.435160441067907 ] ], [ [ 126.300353954941571, 33.434774477306028 ], [ 126.300353954941571, 33.434774477306036 ], [ 126.300318461410356, 33.434581536251223 ], [ 126.300353954941571, 33.434774477306028 ] ], [ [ 126.300101976574908, 33.43375677931337 ], [ 126.300101976574908, 33.433756779313377 ], [ 126.300080370216079, 33.433702832627922 ], [ 126.300101976574908, 33.43375677931337 ] ], [ [ 126.300052504215557, 33.433380773777948 ], [ 126.300052504215557, 33.433380773777955 ], [ 126.300031479764158, 33.433229982295444 ], [ 126.300052504215557, 33.433380773777948 ] ], [ [ 126.300005969549858, 33.433070059449641 ], [ 126.299982505222488, 33.432994972373642 ], [ 126.300031479764158, 33.433229982295444 ], [ 126.300005969549858, 33.433070059449641 ] ], [ [ 126.300433003420736, 33.432349133011677 ], [ 126.300337427298501, 33.432376551598338 ], [ 126.300433003420764, 33.432349133011655 ], [ 126.300433003420736, 33.432349133011677 ] ], [ [ 126.300914718390956, 33.431447574949054 ], [ 126.300914718390956, 33.431447574949026 ], [ 126.300943053141069, 33.431386272257186 ], [ 126.300914718390956, 33.431447574949054 ] ], [ [ 126.301459544824311, 33.429674791765017 ], [ 126.301491367244424, 33.429434547724085 ], [ 126.301353629075408, 33.429913523994017 ], [ 126.301459544824311, 33.429674791765017 ] ], [ [ 126.30176460974269, 33.429051165042225 ], [ 126.301764609742676, 33.429051165042225 ], [ 126.301833667372861, 33.428989912321754 ], [ 126.30176460974269, 33.429051165042225 ] ], [ [ 126.301977489794467, 33.428861914887079 ], [ 126.301977489794467, 33.428861914887072 ], [ 126.302136390439117, 33.428584284327293 ], [ 126.301977489794467, 33.428861914887079 ] ], [ [ 126.302244662135706, 33.428544747064613 ], [ 126.302420341924574, 33.428325299755755 ], [ 126.302136390439117, 33.428584284327293 ], [ 126.302244662135706, 33.428544747064613 ] ], [ [ 126.303430565761829, 33.427857674199196 ], [ 126.303430565761829, 33.427857674199188 ], [ 126.303502386392566, 33.427734705471302 ], [ 126.303430565761829, 33.427857674199196 ] ], [ [ 126.303569585411793, 33.427314476344215 ], [ 126.303569585411793, 33.427314476344272 ], [ 126.303493796511617, 33.427160369793036 ], [ 126.303569585411793, 33.427314476344215 ] ], [ [ 126.303443500937973, 33.426743785300673 ], [ 126.303442483282467, 33.426749854647362 ], [ 126.303443500937973, 33.426743785300665 ], [ 126.303443500937973, 33.426743785300673 ] ], [ [ 126.303434354988468, 33.426599489332503 ], [ 126.303434354988468, 33.42659948933251 ], [ 126.303368984294011, 33.426393578268417 ], [ 126.303434354988468, 33.426599489332503 ] ], [ [ 126.303311501056285, 33.42593974873445 ], [ 126.303311501056285, 33.425939748734464 ], [ 126.303252866921454, 33.425742626875319 ], [ 126.303311501056285, 33.42593974873445 ] ], [ [ 126.303226062405273, 33.42464104903069 ], [ 126.303195125244869, 33.424735541320416 ], [ 126.303226062405273, 33.424641049030683 ], [ 126.303226062405273, 33.42464104903069 ] ], [ [ 126.303179592765346, 33.424376379713465 ], [ 126.303179592765332, 33.424376379713436 ], [ 126.303125446695546, 33.424247346669354 ], [ 126.303179592765346, 33.424376379713465 ] ], [ [ 126.302997634421502, 33.423804697328308 ], [ 126.302997634421502, 33.423804697328329 ], [ 126.30291624641491, 33.423676673864755 ], [ 126.302997634421502, 33.423804697328308 ] ], [ [ 126.302872056102302, 33.423391467576955 ], [ 126.302868330627561, 33.423415539487458 ], [ 126.302868330627561, 33.423415539487451 ], [ 126.302872056102302, 33.423391467576955 ] ], [ [ 126.303128056245853, 33.422332367768782 ], [ 126.303278830205244, 33.42184296132946 ], [ 126.303056391157668, 33.422623733057939 ], [ 126.303128056245853, 33.422332367768782 ] ], [ [ 126.303278830205244, 33.42184296132946 ], [ 126.303353765014037, 33.421383935133569 ], [ 126.303361670508551, 33.421359642527143 ], [ 126.303278830205244, 33.42184296132946 ] ], [ [ 126.302737253627399, 33.420097103097866 ], [ 126.302737253627399, 33.420097103097959 ], [ 126.302622147465399, 33.42000735114236 ], [ 126.302737253627399, 33.420097103097866 ] ], [ [ 126.30253486773465, 33.419854320279605 ], [ 126.302501976722127, 33.419656265779167 ], [ 126.302572626437083, 33.419941568707706 ], [ 126.30253486773465, 33.419854320279605 ] ], [ [ 126.302333691285597, 33.419012575608555 ], [ 126.302339976071963, 33.419022034379019 ], [ 126.302333691285597, 33.419012575608576 ], [ 126.302333691285597, 33.419012575608555 ] ], [ [ 126.302254051928898, 33.418280598319008 ], [ 126.302254051928898, 33.418280598319015 ], [ 126.302246129978684, 33.418266080619325 ], [ 126.302254051928898, 33.418280598319008 ] ], [ [ 126.302098823975669, 33.417910650372463 ], [ 126.302098823975669, 33.41791065037247 ], [ 126.302043508997087, 33.417747052395086 ], [ 126.302098823975669, 33.417910650372463 ] ], [ [ 126.302011725427192, 33.417392027116158 ], [ 126.302011725427192, 33.417392027116172 ], [ 126.302006857354343, 33.417556728407568 ], [ 126.302011725427192, 33.417392027116158 ] ], [ [ 126.302126843208313, 33.416860064170045 ], [ 126.302126843208313, 33.416860064170038 ], [ 126.30217247584946, 33.416718199863425 ], [ 126.302126843208313, 33.416860064170045 ] ], [ [ 126.302210793022653, 33.416586978103574 ], [ 126.30225305539102, 33.416491684218727 ], [ 126.30219307456062, 33.416646112443267 ], [ 126.302210793022653, 33.416586978103574 ] ], [ [ 126.302693111681833, 33.415969737655537 ], [ 126.302693111681833, 33.415969737655523 ], [ 126.30272675969789, 33.415944965224107 ], [ 126.302693111681833, 33.415969737655537 ] ], [ [ 126.302750866986329, 33.415778448804886 ], [ 126.302787108741342, 33.415856712198561 ], [ 126.302787108741342, 33.415856712198568 ], [ 126.302766492047922, 33.415817332038252 ], [ 126.302750866986329, 33.415778448804886 ] ], [ [ 126.302740123083993, 33.415617967395328 ], [ 126.302933700994657, 33.415442570508191 ], [ 126.302926092475133, 33.415477106509528 ], [ 126.302740123083993, 33.415617967395328 ] ], [ [ 126.303004526244933, 33.41524931150034 ], [ 126.303004526244891, 33.41524931150034 ], [ 126.303011062345433, 33.415226060629884 ], [ 126.303004526244933, 33.41524931150034 ] ], [ [ 126.303011674804367, 33.415223881929705 ], [ 126.303011674804367, 33.415223881929712 ], [ 126.302966472760303, 33.415096981678943 ], [ 126.303011674804367, 33.415223881929705 ] ], [ [ 126.303435320892802, 33.414059991866267 ], [ 126.303435320892802, 33.41405999186626 ], [ 126.30353637931394, 33.413875563801582 ], [ 126.303435320892802, 33.414059991866267 ] ], [ [ 126.30345301853518, 33.413597352204597 ], [ 126.303548470340345, 33.413795336522206 ], [ 126.30345301853518, 33.413597352204604 ], [ 126.30345301853518, 33.413597352204597 ] ], [ [ 126.303464578237808, 33.413490813649084 ], [ 126.303464578237808, 33.413490813649055 ], [ 126.30353848541354, 33.413329899476295 ], [ 126.303464578237808, 33.413490813649084 ] ], [ [ 126.30353848541354, 33.413329899476295 ], [ 126.303608165328569, 33.413185370354178 ], [ 126.303830246529714, 33.413134768865362 ], [ 126.30353848541354, 33.413329899476295 ] ], [ [ 126.304029179654322, 33.412791129433593 ], [ 126.304029179654322, 33.412791129433565 ], [ 126.304316958643298, 33.412436033787387 ], [ 126.304029179654322, 33.412791129433593 ] ], [ [ 126.304766612841718, 33.412051616172903 ], [ 126.304858744719056, 33.411989289369927 ], [ 126.304316958643298, 33.412436033787387 ], [ 126.304766612841718, 33.412051616172903 ] ], [ [ 126.30553744227953, 33.41152688135751 ], [ 126.30553744227953, 33.411526881357489 ], [ 126.305621611689006, 33.411439980578166 ], [ 126.30553744227953, 33.41152688135751 ] ], [ [ 126.306183987723443, 33.41057854693544 ], [ 126.306183987723443, 33.410578546935447 ], [ 126.306174515572437, 33.410519767486136 ], [ 126.306183987723443, 33.41057854693544 ] ], [ [ 126.306230805680329, 33.409737637462527 ], [ 126.306230805680329, 33.40973763746252 ], [ 126.306293496429376, 33.409635568359924 ], [ 126.306230805680329, 33.409737637462527 ] ], [ [ 126.306325540949629, 33.40927266065227 ], [ 126.306325540949629, 33.409272660652299 ], [ 126.306258004753502, 33.409075043871653 ], [ 126.306325540949629, 33.40927266065227 ] ], [ [ 126.306205133899994, 33.408772705107872 ], [ 126.306205133899965, 33.408772705107879 ], [ 126.306222678933253, 33.408712776686329 ], [ 126.306205133899994, 33.408772705107872 ] ], [ [ 126.30634468470852, 33.408433281892442 ], [ 126.30634468470852, 33.408433281892464 ], [ 126.306311176334447, 33.408504289526078 ], [ 126.30634468470852, 33.408433281892442 ] ], [ [ 126.306354796071588, 33.408260690238819 ], [ 126.306352533753042, 33.408275142348046 ], [ 126.306352533753042, 33.408275142348039 ], [ 126.306354796071588, 33.408260690238819 ] ], [ [ 126.306570169694908, 33.407845357318799 ], [ 126.306419046105518, 33.408022385198045 ], [ 126.306419046105518, 33.408022385198038 ], [ 126.306570169694908, 33.407845357318799 ] ], [ [ 126.306753208745789, 33.407721052435008 ], [ 126.306736858056667, 33.407726141958854 ], [ 126.306753208745775, 33.407721052435008 ], [ 126.306753208745789, 33.407721052435008 ] ], [ [ 126.307108134003784, 33.407774276033059 ], [ 126.307108134003812, 33.407774276033045 ], [ 126.307192978487194, 33.40781066543552 ], [ 126.307108134003784, 33.407774276033059 ] ], [ [ 126.307383607518048, 33.407968053549332 ], [ 126.307435649529438, 33.408135507951883 ], [ 126.307315373650894, 33.407870183495291 ], [ 126.307383607518048, 33.407968053549332 ] ], [ [ 126.307502251783419, 33.408234775546383 ], [ 126.307641681798046, 33.40831148686712 ], [ 126.307435649529438, 33.408135507951883 ], [ 126.307502251783419, 33.408234775546383 ] ], [ [ 126.308207719277974, 33.407935478579162 ], [ 126.308207719277974, 33.407935478579148 ], [ 126.308209063630628, 33.407925461691313 ], [ 126.308207719277974, 33.407935478579162 ] ], [ [ 126.308866663472784, 33.40599179138831 ], [ 126.308866663472784, 33.405991791388288 ], [ 126.308908900719999, 33.40564197655894 ], [ 126.308866663472784, 33.40599179138831 ] ], [ [ 126.308952451289784, 33.405398935076605 ], [ 126.308952844425548, 33.405393863683017 ], [ 126.308908900719999, 33.40564197655894 ], [ 126.308952451289784, 33.405398935076605 ] ], [ [ 126.30917194422041, 33.403970583483428 ], [ 126.309032303039103, 33.404924126515731 ], [ 126.309021347998168, 33.404963323626461 ], [ 126.30909237511635, 33.404334065686719 ], [ 126.30917194422041, 33.403970583483421 ], [ 126.309173519186999, 33.403681137354837 ], [ 126.309257977879781, 33.403445148885972 ], [ 126.309173519186999, 33.403681137354852 ], [ 126.30917194422041, 33.403970583483428 ] ], [ [ 126.309276939074991, 33.403190339550051 ], [ 126.309340786812569, 33.403026541166454 ], [ 126.309257977879781, 33.403445148885972 ], [ 126.309276939074991, 33.403190339550051 ] ], [ [ 126.309509759687117, 33.401652400116276 ], [ 126.309508635637997, 33.401662456345292 ], [ 126.309508635637997, 33.401662456345285 ], [ 126.309509759687117, 33.401652400116276 ] ], [ [ 126.309663530950118, 33.400956988228522 ], [ 126.309785426659474, 33.400731576207697 ], [ 126.309617896453915, 33.401047289630441 ], [ 126.309663530950118, 33.400956988228522 ] ], [ [ 126.309866115881761, 33.399779371034313 ], [ 126.309866115881789, 33.399779371034327 ], [ 126.309884718713349, 33.399919065710677 ], [ 126.309866115881761, 33.399779371034313 ] ], [ [ 126.31006946079782, 33.398222666303731 ], [ 126.310069460797791, 33.398222666303724 ], [ 126.310124066167504, 33.398045523639368 ], [ 126.31006946079782, 33.398222666303731 ] ], [ [ 126.310131880213788, 33.398020174466083 ], [ 126.310131880213788, 33.39802017446609 ], [ 126.310122218470397, 33.397954836576275 ], [ 126.310131880213788, 33.398020174466083 ] ], [ [ 126.309822358335509, 33.397413817277041 ], [ 126.309822358335509, 33.397413817277055 ], [ 126.309767645041219, 33.397125121021119 ], [ 126.309822358335509, 33.397413817277041 ] ], [ [ 126.30977576386006, 33.396756903096552 ], [ 126.30977576386006, 33.396756903096559 ], [ 126.309758483444483, 33.396991256081854 ], [ 126.30977576386006, 33.396756903096552 ] ], [ [ 126.311295454047695, 33.395758169041258 ], [ 126.310655606141438, 33.395937777412243 ], [ 126.310895141286764, 33.395791583241611 ], [ 126.311090290173524, 33.395746669730855 ], [ 126.311295454047695, 33.395758169041258 ] ], [ [ 126.311617611757541, 33.395659109068838 ], [ 126.311617611757512, 33.395659109068816 ], [ 126.311879039388828, 33.395704423615136 ], [ 126.311617611757541, 33.395659109068838 ] ], [ [ 126.314199993586186, 33.394341155214619 ], [ 126.314199993586186, 33.394341155214612 ], [ 126.314255845285615, 33.394234130154835 ], [ 126.314199993586186, 33.394341155214619 ] ], [ [ 126.31448437780422, 33.39336463045165 ], [ 126.314577868506049, 33.393025261858043 ], [ 126.314420590565931, 33.393544613466787 ], [ 126.31448437780422, 33.39336463045165 ] ], [ [ 126.315958134349543, 33.392392399675998 ], [ 126.315817409483472, 33.392642488207279 ], [ 126.315817409483458, 33.392642488207279 ], [ 126.315958134349543, 33.392392399675998 ] ], [ [ 126.316083141405358, 33.392041549081945 ], [ 126.316083141405358, 33.392041549081931 ], [ 126.316111949364625, 33.39172058864834 ], [ 126.316083141405358, 33.392041549081945 ] ], [ [ 126.316375942922306, 33.391240623622018 ], [ 126.316375942922306, 33.391240623622004 ], [ 126.316626699091998, 33.390674789571968 ], [ 126.316375942922306, 33.391240623622018 ] ], [ [ 126.317517693510752, 33.390187352301119 ], [ 126.317517693510752, 33.390187352301098 ], [ 126.317663444568979, 33.390143310149377 ], [ 126.317517693510752, 33.390187352301119 ] ], [ [ 126.318327914302273, 33.389946626181803 ], [ 126.318327914302273, 33.389946626181789 ], [ 126.31857350694068, 33.389879709036023 ], [ 126.318327914302273, 33.389946626181803 ] ], [ [ 126.31857350694068, 33.389879709036023 ], [ 126.319123140092316, 33.389877574416381 ], [ 126.319169723620419, 33.389879103303372 ], [ 126.319123140092316, 33.389877574416388 ], [ 126.318782530266219, 33.389880849744593 ], [ 126.31857350694068, 33.389879709036023 ] ], [ [ 126.319619950101426, 33.38980635582368 ], [ 126.319849904032353, 33.389650273598896 ], [ 126.319363598290309, 33.389859723571732 ], [ 126.319619950101426, 33.38980635582368 ] ], [ [ 126.320798707187734, 33.389284636786648 ], [ 126.320798707187734, 33.389284636786641 ], [ 126.320822219696112, 33.389259595350737 ], [ 126.320798707187734, 33.389284636786648 ] ], [ [ 126.321098327535424, 33.38909313144034 ], [ 126.321098327535424, 33.389093131440333 ], [ 126.3215007607769, 33.389026923731521 ], [ 126.321098327535424, 33.38909313144034 ] ], [ [ 126.321858991586339, 33.388975520282983 ], [ 126.321858991586339, 33.388975520282962 ], [ 126.322017502236946, 33.388840842739221 ], [ 126.321858991586339, 33.388975520282983 ] ], [ [ 126.322559847114988, 33.387987559596702 ], [ 126.322559847114988, 33.387987559596681 ], [ 126.322654354913979, 33.38788286040311 ], [ 126.322559847114988, 33.387987559596702 ] ], [ [ 126.323302790665451, 33.387361480106179 ], [ 126.323429637368633, 33.387064395284 ], [ 126.32322675525451, 33.387428111031994 ], [ 126.323302790665451, 33.387361480106179 ] ], [ [ 126.323245015433841, 33.386828134413385 ], [ 126.323245015433812, 33.386828134413385 ], [ 126.323201972581174, 33.38655954946271 ], [ 126.323245015433841, 33.386828134413385 ] ], [ [ 126.322847312525923, 33.385114928917474 ], [ 126.322847312525923, 33.385114928917453 ], [ 126.322940865541597, 33.384874573202758 ], [ 126.322847312525923, 33.385114928917474 ] ], [ [ 126.323062998077447, 33.384408862890076 ], [ 126.322990239519612, 33.384717336282961 ], [ 126.323062998077447, 33.384408862890055 ], [ 126.323062998077447, 33.384408862890076 ] ], [ [ 126.323021309384046, 33.384094808876974 ], [ 126.323021309384018, 33.384094808876988 ], [ 126.322943947856345, 33.383849071859153 ], [ 126.323021309384046, 33.384094808876974 ] ], [ [ 126.322779373716756, 33.383592471692353 ], [ 126.322776973283027, 33.383540740985183 ], [ 126.322943947856345, 33.383849071859153 ], [ 126.322779373716756, 33.383592471692353 ] ], [ [ 126.322873859965824, 33.382902089030651 ], [ 126.322769771981854, 33.383385548863671 ], [ 126.322769771981854, 33.383385548863657 ], [ 126.322873859965824, 33.382902089030651 ] ], [ [ 126.323270108827387, 33.38275726178135 ], [ 126.323161734179266, 33.382773580496213 ], [ 126.32316173417928, 33.382773580496206 ], [ 126.323270108827387, 33.38275726178135 ] ], [ [ 126.323593684679295, 33.381761990896671 ], [ 126.323593684679295, 33.381761990896685 ], [ 126.323576421229504, 33.381738987164972 ], [ 126.323593684679295, 33.381761990896671 ] ], [ [ 126.323577822899779, 33.380799183702202 ], [ 126.323551832005364, 33.380955053377406 ], [ 126.323551832005364, 33.380955053377392 ], [ 126.323577822899779, 33.380799183702202 ] ], [ [ 126.323486347411659, 33.379369794885356 ], [ 126.323486347411631, 33.379369794885356 ], [ 126.323416881967447, 33.37930247822581 ], [ 126.323486347411659, 33.379369794885356 ] ], [ [ 126.323021855651334, 33.378593140815447 ], [ 126.323021855651362, 33.378593140815447 ], [ 126.322990916663514, 33.378608407015626 ], [ 126.323021855651334, 33.378593140815447 ] ], [ [ 126.324733729013857, 33.376975766049085 ], [ 126.325017078737076, 33.376582563725989 ], [ 126.324656024731823, 33.377073636658274 ], [ 126.324733729013857, 33.376975766049085 ] ], [ [ 126.326866483122245, 33.374301047173986 ], [ 126.326866483122245, 33.374301047173979 ], [ 126.327188515150624, 33.374044507804435 ], [ 126.326866483122245, 33.374301047173986 ] ], [ [ 126.328414321373131, 33.372808978328443 ], [ 126.328414321373131, 33.372808978328422 ], [ 126.328624515760765, 33.372552207491864 ], [ 126.328414321373131, 33.372808978328443 ] ], [ [ 126.330214354508712, 33.370554413114988 ], [ 126.330214354508712, 33.370554413114981 ], [ 126.330699977616931, 33.370295601999196 ], [ 126.330214354508712, 33.370554413114988 ] ], [ [ 126.332146046132124, 33.36948067286994 ], [ 126.332146046132124, 33.369480672869926 ], [ 126.332186279153134, 33.369387655797034 ], [ 126.332146046132124, 33.36948067286994 ] ], [ [ 126.333723987008298, 33.366747840980238 ], [ 126.333723987008298, 33.366747840980231 ], [ 126.334439760223205, 33.366139017648131 ], [ 126.333723987008298, 33.366747840980238 ] ], [ [ 126.335282424763662, 33.365725417185608 ], [ 126.335282424763662, 33.365725417185587 ], [ 126.335862821639481, 33.365554972313632 ], [ 126.335282424763662, 33.365725417185608 ] ], [ [ 126.336341091238239, 33.365285198896842 ], [ 126.336387006363154, 33.365259301673916 ], [ 126.335862821639481, 33.365554972313632 ], [ 126.336341091238239, 33.365285198896842 ] ], [ [ 126.337671374909391, 33.364364782049506 ], [ 126.337671374909391, 33.364364782049492 ], [ 126.337730619810443, 33.364326533149857 ], [ 126.337671374909391, 33.364364782049506 ] ], [ [ 126.33833343165908, 33.36393737429033 ], [ 126.338877399201849, 33.36379433791069 ], [ 126.338240598349742, 33.363997304127906 ], [ 126.33833343165908, 33.36393737429033 ] ], [ [ 126.339909207914801, 33.363429894534121 ], [ 126.339909207914801, 33.363429894534129 ], [ 126.339336133891635, 33.363803941964044 ], [ 126.339909207914801, 33.363429894534121 ] ], [ [ 126.341217497354791, 33.361793598283711 ], [ 126.341217497354791, 33.361793598283697 ], [ 126.341257154343211, 33.361751560695296 ], [ 126.341217497354791, 33.361793598283711 ] ], [ [ 126.342593727344976, 33.360882973713515 ], [ 126.342566826386758, 33.360838445371108 ], [ 126.342566826386772, 33.360838445371101 ], [ 126.342593727344976, 33.360882973713515 ] ], [ [ 126.344919899714967, 33.359413487488574 ], [ 126.344491163871595, 33.359532101087744 ], [ 126.344491163871595, 33.359532101087737 ], [ 126.344919899714967, 33.359413487488574 ] ], [ [ 126.345859920289087, 33.359121840651753 ], [ 126.347726558587453, 33.358551953346364 ], [ 126.345629865779685, 33.359201278161748 ], [ 126.345859920289087, 33.359121840651753 ] ], [ [ 126.350063265777067, 33.357401089169102 ], [ 126.350063265777067, 33.357401089169088 ], [ 126.351866173240822, 33.356087680411498 ], [ 126.350063265777067, 33.357401089169102 ] ], [ [ 126.35983238380804, 33.351871114821691 ], [ 126.361207702040829, 33.351313002218227 ], [ 126.364159639586958, 33.350083723360136 ], [ 126.361207702040829, 33.351313002218255 ], [ 126.35983238380804, 33.351871114821691 ] ], [ [ 126.366638804098585, 33.348900410146015 ], [ 126.366970297391717, 33.348735078139654 ], [ 126.364159639586958, 33.350083723360136 ], [ 126.366638804098585, 33.348900410146015 ] ], [ [ 126.375316876083616, 33.346931391446681 ], [ 126.368443063867574, 33.348110610926902 ], [ 126.371250705064028, 33.347355434468049 ], [ 126.373383453957814, 33.347105196325188 ], [ 126.375316876083616, 33.346931391446681 ] ], [ [ 126.219908621792086, 33.365661530995865 ], [ 126.219908621792058, 33.365661530995901 ], [ 126.219851800082807, 33.365681215611964 ], [ 126.219908621792086, 33.365661530995865 ] ], [ [ 126.227614628734486, 33.358955955520031 ], [ 126.227614628734486, 33.358955955520088 ], [ 126.227613714045816, 33.358970690786855 ], [ 126.227614628734486, 33.358955955520031 ] ], [ [ 126.228960418705725, 33.356994363622412 ], [ 126.228960418705725, 33.356994363622476 ], [ 126.228771846505865, 33.357190241686176 ], [ 126.228960418705725, 33.356994363622412 ] ], [ [ 126.229142572897061, 33.356353565444586 ], [ 126.229142572897061, 33.356353565444643 ], [ 126.229088203375781, 33.356435912015115 ], [ 126.229142572897061, 33.356353565444586 ] ], [ [ 126.235176164856767, 33.350537604585632 ], [ 126.235257210140119, 33.350776593173954 ], [ 126.235257210140119, 33.350776593173968 ], [ 126.235176164856767, 33.350537604585632 ] ], [ [ 126.237768471399136, 33.345045736017909 ], [ 126.237768471399136, 33.345045736017937 ], [ 126.237754327166058, 33.345094605446789 ], [ 126.237768471399136, 33.345045736017909 ] ], [ [ 126.248742157683978, 33.344059174420515 ], [ 126.248742157684006, 33.344059174420565 ], [ 126.248663745508949, 33.344054903527308 ], [ 126.248742157683978, 33.344059174420515 ] ], [ [ 126.26520757629757, 33.34205654373595 ], [ 126.26520757629757, 33.342056543735993 ], [ 126.265122099732707, 33.341879595186704 ], [ 126.26520757629757, 33.34205654373595 ] ], [ [ 126.273006013118192, 33.343424789968331 ], [ 126.273006013118192, 33.343424789968367 ], [ 126.272638863914665, 33.343182110599884 ], [ 126.273006013118192, 33.343424789968331 ] ], [ [ 126.274938888112558, 33.34485582344039 ], [ 126.274938888112587, 33.344855823440447 ], [ 126.274532225396484, 33.344746929893503 ], [ 126.274938888112558, 33.34485582344039 ] ], [ [ 126.276518751671333, 33.345727591068737 ], [ 126.276518751671333, 33.345727591068773 ], [ 126.276490352910429, 33.345704452700176 ], [ 126.276518751671333, 33.345727591068737 ] ], [ [ 126.551161433299669, 33.509949835150131 ], [ 126.551175186134927, 33.509941888037901 ], [ 126.551092090805298, 33.509984853281175 ], [ 126.551161433299669, 33.509949835150131 ] ], [ [ 126.554119598562821, 33.508189550160047 ], [ 126.554204107509619, 33.508164069758912 ], [ 126.554048506660777, 33.508209480079927 ], [ 126.554119598562821, 33.508189550160047 ] ], [ [ 126.555713341687607, 33.507681089946701 ], [ 126.555873650812742, 33.50761962814375 ], [ 126.555474064961743, 33.507772596815556 ], [ 126.555713341687607, 33.507681089946701 ] ], [ [ 126.552797266568732, 33.497389863397402 ], [ 126.552772827635607, 33.496910002877634 ], [ 126.552778888007978, 33.496974326210328 ], [ 126.552797266568732, 33.497389863397402 ] ], [ [ 126.552778824246303, 33.496508835080192 ], [ 126.552631465685963, 33.496337170765685 ], [ 126.552774995471694, 33.496573104586851 ], [ 126.552778824246303, 33.496508835080192 ] ], [ [ 126.552386333332905, 33.495998700516431 ], [ 126.552323105644817, 33.495612302358772 ], [ 126.552555912141315, 33.496247567615562 ], [ 126.552386333332905, 33.495998700516431 ] ], [ [ 126.552374087585648, 33.494726864071382 ], [ 126.552138339414668, 33.494374714080749 ], [ 126.552342203550353, 33.495273027552791 ], [ 126.552374087585648, 33.494726864071382 ] ], [ [ 126.552138339414668, 33.494374714080749 ], [ 126.552802737027164, 33.493686998389492 ], [ 126.553006269550281, 33.493562190203328 ], [ 126.552138339414668, 33.494374714080749 ] ], [ [ 126.553912595069932, 33.49200901226272 ], [ 126.553912595069932, 33.492009012262713 ], [ 126.554063637316133, 33.492480449313426 ], [ 126.553912595069932, 33.49200901226272 ] ], [ [ 126.553464739563864, 33.491445459997792 ], [ 126.553382620307431, 33.491361044762115 ], [ 126.553541855849858, 33.491542842042811 ], [ 126.553464739563864, 33.491445459997792 ] ], [ [ 126.552099895744547, 33.490408369623381 ], [ 126.55188900958602, 33.490190835473214 ], [ 126.551925707988232, 33.490225102795158 ], [ 126.552099895744547, 33.490408369623381 ] ], [ [ 126.551772803172554, 33.489729773139196 ], [ 126.551852824582767, 33.489501099165842 ], [ 126.551791318716155, 33.48993855860536 ], [ 126.551772803172554, 33.489729773139196 ] ], [ [ 126.551929626315555, 33.489301960008149 ], [ 126.551950471617374, 33.489262708206617 ], [ 126.551879218002355, 33.489429688200921 ], [ 126.551929626315555, 33.489301960008149 ] ], [ [ 126.55201058173057, 33.489146458629342 ], [ 126.552126490652824, 33.488931641997389 ], [ 126.551967127374638, 33.489230814207957 ], [ 126.55201058173057, 33.489146458629342 ] ], [ [ 126.560496302165745, 33.459722215147202 ], [ 126.560419807710119, 33.459706201269888 ], [ 126.56049401604632, 33.459721224279043 ], [ 126.560496302165745, 33.459722215147202 ] ], [ [ 126.540452549991201, 33.487673387411824 ], [ 126.540708568971937, 33.487745105113738 ], [ 126.540452549991201, 33.487673387411839 ], [ 126.5403154044578, 33.487786982617102 ], [ 126.540302752482319, 33.487782594391071 ], [ 126.540452549991201, 33.487673387411824 ] ], [ [ 126.540708568971937, 33.487745105113738 ], [ 126.540822111377281, 33.487815616741933 ], [ 126.541104206740329, 33.487860085278761 ], [ 126.540708568971937, 33.487745105113738 ] ], [ [ 126.539969627408439, 33.487585767665813 ], [ 126.540224499257249, 33.487755458392996 ], [ 126.540161950580924, 33.487715059784868 ], [ 126.539969627408439, 33.487585767665813 ] ], [ [ 126.539945369828871, 33.487569818818237 ], [ 126.539927186350582, 33.487557894187837 ], [ 126.539954055081353, 33.487575531174059 ], [ 126.539945369828871, 33.487569818818237 ] ], [ [ 126.539680309038545, 33.487395545986352 ], [ 126.539668728750925, 33.48738792948599 ], [ 126.539799126320887, 33.487473704063028 ], [ 126.539680309038545, 33.487395545986352 ] ], [ [ 126.539287973411561, 33.487137671474102 ], [ 126.539124885517879, 33.487030405149326 ], [ 126.539361422440905, 33.487185909916278 ], [ 126.539287973411561, 33.487137671474102 ] ], [ [ 126.538791204605687, 33.486811065414471 ], [ 126.53906248134362, 33.486989330332456 ], [ 126.538718936412693, 33.486763462155878 ], [ 126.538791204605687, 33.486811065414471 ] ], [ [ 126.53850020085703, 33.486619653166152 ], [ 126.538473713720833, 33.48660224624129 ], [ 126.538718936412693, 33.486763462155878 ], [ 126.53850020085703, 33.486619653166152 ] ], [ [ 126.538319958585561, 33.486501232150481 ], [ 126.538315412940207, 33.486498251008719 ], [ 126.538415744678758, 33.48656416035498 ], [ 126.538319958585561, 33.486501232150481 ] ], [ [ 126.538296477141671, 33.486485727218508 ], [ 126.538240935407771, 33.486449275740512 ], [ 126.538302050263837, 33.486489427414931 ], [ 126.538296477141671, 33.486485727218508 ] ], [ [ 126.537973415405858, 33.486273367206927 ], [ 126.537857901627575, 33.486197381932875 ], [ 126.538001186154531, 33.486291593008495 ], [ 126.537973415405858, 33.486273367206927 ] ], [ [ 126.537668476397045, 33.486072794837369 ], [ 126.537581197997866, 33.486015397576857 ], [ 126.537750093752422, 33.486126472210508 ], [ 126.537668476397045, 33.486072794837369 ] ], [ [ 126.537043655108548, 33.486517013499082 ], [ 126.536745882698057, 33.486309824503628 ], [ 126.537053227713756, 33.486523677488087 ], [ 126.537043655108548, 33.486517013499082 ] ], [ [ 126.534218067838239, 33.485827588075168 ], [ 126.534139615969906, 33.48575998859031 ], [ 126.534367926773328, 33.485956981207842 ], [ 126.534218067838239, 33.485827588075168 ] ], [ [ 126.534061164101558, 33.485692389105452 ], [ 126.533826198082963, 33.485867854096561 ], [ 126.534061164101558, 33.485692389105445 ], [ 126.534061164101558, 33.485692389105452 ] ], [ [ 126.53303827117152, 33.486456358753344 ], [ 126.532988081762994, 33.486441437105334 ], [ 126.532988081763008, 33.486441437105334 ], [ 126.53303827117152, 33.486456358753344 ] ], [ [ 126.532951530422352, 33.486445500381173 ], [ 126.532885713071835, 33.486553379359677 ], [ 126.532981433366146, 33.486442176182742 ], [ 126.532951530422352, 33.486445500381173 ] ], [ [ 126.532847006278615, 33.486598051106725 ], [ 126.532847006278615, 33.486598051106711 ], [ 126.532858068409382, 33.48658986140228 ], [ 126.532847006278615, 33.486598051106725 ] ], [ [ 126.532351551707833, 33.486807275564139 ], [ 126.532179147818042, 33.486727292088943 ], [ 126.532081788600266, 33.486716131448524 ], [ 126.53217914781807, 33.486727292088943 ], [ 126.532351551707833, 33.486807275564139 ] ], [ [ 126.531830588378313, 33.486754300054066 ], [ 126.531939042720495, 33.486725246905337 ], [ 126.531881111110948, 33.486709429958772 ], [ 126.531830588378313, 33.486754300054066 ] ], [ [ 126.531745664893776, 33.486944998246308 ], [ 126.531713013278733, 33.486999581215997 ], [ 126.531773175497847, 33.486903557201444 ], [ 126.531745664893776, 33.486944998246308 ] ], [ [ 126.531508640698362, 33.487163375683743 ], [ 126.531472573863169, 33.48720118688248 ], [ 126.531472573863169, 33.487201186882473 ], [ 126.531508640698362, 33.487163375683743 ] ], [ [ 126.53139896777185, 33.487284449149527 ], [ 126.531475897732093, 33.48724918211942 ], [ 126.531383140864307, 33.487301598702302 ], [ 126.53139896777185, 33.487284449149527 ] ], [ [ 126.531364217041499, 33.487351494862473 ], [ 126.531364217041499, 33.48735149486248 ], [ 126.531363369969569, 33.487376844368292 ], [ 126.531364217041499, 33.487351494862473 ] ], [ [ 126.531363369969569, 33.487376844368292 ], [ 126.531198622817669, 33.487478838499349 ], [ 126.531132405455779, 33.48751284770978 ], [ 126.531363369969569, 33.487376844368292 ] ], [ [ 126.531059866007823, 33.487547959881901 ], [ 126.530964263252741, 33.487581956664222 ], [ 126.531132405455779, 33.48751284770978 ], [ 126.531059866007823, 33.487547959881901 ] ], [ [ 126.530630421343062, 33.4876668247881 ], [ 126.530710163188033, 33.487680257053555 ], [ 126.530660437818824, 33.487674974225541 ], [ 126.530630421343062, 33.4876668247881 ] ], [ [ 126.530534275540745, 33.48764072315214 ], [ 126.530422647312221, 33.487636447528018 ], [ 126.530525974734218, 33.487638471991467 ], [ 126.530534275540745, 33.48764072315214 ] ], [ [ 126.530416344284063, 33.486540567673629 ], [ 126.530415734501403, 33.48653991621152 ], [ 126.530415471269606, 33.486538851334686 ], [ 126.530416344284063, 33.486540567673629 ] ], [ [ 126.530373810816585, 33.486457072051422 ], [ 126.530415302775864, 33.486538174501725 ], [ 126.530415471269606, 33.486538851334686 ], [ 126.530373810816585, 33.486457072051422 ] ], [ [ 126.530254689398518, 33.486232456902862 ], [ 126.530253632306767, 33.486230956244661 ], [ 126.53020840455828, 33.486132420810073 ], [ 126.530254689398518, 33.486232456902862 ] ], [ [ 126.530189044826656, 33.486067387625546 ], [ 126.530128545011237, 33.485768938552908 ], [ 126.530189001768463, 33.486065403963003 ], [ 126.530189044826656, 33.486067387625546 ] ], [ [ 126.530150227473627, 33.485714979659569 ], [ 126.530129615374605, 33.4857679869367 ], [ 126.530128545011237, 33.485768938552908 ], [ 126.530150227473627, 33.485714979659569 ] ], [ [ 126.530157945675981, 33.485694461757276 ], [ 126.530158744786192, 33.485691940342178 ], [ 126.530203553369759, 33.485573722847889 ], [ 126.530157945675981, 33.485694461757276 ] ], [ [ 126.530228375344748, 33.48550626103232 ], [ 126.530228816656063, 33.485504243147219 ], [ 126.530229303271597, 33.485503794201755 ], [ 126.530228375344748, 33.48550626103232 ] ], [ [ 126.530384781018284, 33.48537048991583 ], [ 126.530387538506176, 33.485369932392281 ], [ 126.530465140060997, 33.485359444231612 ], [ 126.530384781018284, 33.48537048991583 ] ], [ [ 126.53046864068034, 33.48535875429112 ], [ 126.530617203119618, 33.485338131265202 ], [ 126.530465140060997, 33.485359444231612 ], [ 126.53046864068034, 33.48535875429112 ] ], [ [ 126.531401421312466, 33.485308000954774 ], [ 126.531446920622145, 33.485290664582713 ], [ 126.531403921442404, 33.485307280146422 ], [ 126.531401421312466, 33.485308000954774 ] ], [ [ 126.531724049536976, 33.484877289852946 ], [ 126.531723968327412, 33.484876387954571 ], [ 126.531783327750787, 33.48471709442979 ], [ 126.531724049536976, 33.484877289852946 ] ], [ [ 126.530061902086786, 33.476626533447217 ], [ 126.530061275719817, 33.476622996826002 ], [ 126.530137779860169, 33.476521642225848 ], [ 126.530061902086786, 33.476626533447217 ] ], [ [ 126.546655972607866, 33.461554273803692 ], [ 126.546890909868409, 33.461607914559217 ], [ 126.546658992295178, 33.461556899503087 ], [ 126.546655972607866, 33.461554273803692 ] ], [ [ 126.551558593639456, 33.48814904772464 ], [ 126.551558593639456, 33.488149047724626 ], [ 126.551671828658868, 33.488212146273469 ], [ 126.551558593639456, 33.48814904772464 ] ], [ [ 126.462986363588868, 33.496293422414006 ], [ 126.462978846089257, 33.496221425222082 ], [ 126.46298182569312, 33.496218138365357 ], [ 126.462986363588868, 33.496293422414006 ] ], [ [ 126.463664821401082, 33.499001961770027 ], [ 126.463531744758527, 33.49895363631277 ], [ 126.463529622164415, 33.498952319802008 ], [ 126.463664821401082, 33.499001961770027 ] ], [ [ 126.505893978531631, 33.500401651741022 ], [ 126.50584431960803, 33.500444152329862 ], [ 126.505843644268651, 33.500443689819853 ], [ 126.505893978531631, 33.500401651741022 ] ], [ [ 126.506612177563909, 33.500401933839903 ], [ 126.506232989533572, 33.500423914623866 ], [ 126.506232918670065, 33.500423129960012 ], [ 126.506612177563909, 33.500401933839903 ] ], [ [ 126.520687395064755, 33.497912474613841 ], [ 126.520537796518894, 33.497915716966126 ], [ 126.520537796518909, 33.497915716966119 ], [ 126.520687395064755, 33.497912474613841 ] ], [ [ 126.521854357791938, 33.497873962948958 ], [ 126.520758522254852, 33.497911307953999 ], [ 126.520756940193692, 33.497911337881604 ], [ 126.520758522254823, 33.497911307953977 ], [ 126.521854357791938, 33.497873962948958 ] ], [ [ 126.525603007377114, 33.497984367965607 ], [ 126.525603007377143, 33.4979843679656 ], [ 126.525604533069554, 33.497984806585663 ], [ 126.525603007377114, 33.497984367965607 ] ], [ [ 126.525524818621946, 33.498102428192773 ], [ 126.525080417028377, 33.499030718345146 ], [ 126.524870260518185, 33.500008656478649 ], [ 126.525524818621946, 33.498102428192773 ] ], [ [ 126.525356182418989, 33.500079621779186 ], [ 126.525356182418989, 33.5000796217792 ], [ 126.525032234485124, 33.500032311578835 ], [ 126.525356182418989, 33.500079621779186 ] ], [ [ 126.525390494845965, 33.500084631175028 ], [ 126.525390494845993, 33.500084631175028 ], [ 126.525454173585771, 33.500093891639793 ], [ 126.525390494845965, 33.500084631175028 ] ], [ [ 126.530187628247432, 33.495327961818795 ], [ 126.530187628247432, 33.495327961818802 ], [ 126.530185616856912, 33.495334618012748 ], [ 126.530187628247432, 33.495327961818795 ] ], [ [ 126.529862303801607, 33.494516213897555 ], [ 126.529862303801607, 33.494516213897562 ], [ 126.529845340180799, 33.494606407442184 ], [ 126.529862303801607, 33.494516213897555 ] ], [ [ 126.530246448108343, 33.494030284773444 ], [ 126.530246448108343, 33.494030284773459 ], [ 126.530227084397438, 33.494054973276491 ], [ 126.530246448108343, 33.494030284773444 ] ], [ [ 126.530563891968299, 33.493500896859118 ], [ 126.530563891968299, 33.493500896859132 ], [ 126.530345965514684, 33.493876833904103 ], [ 126.530563891968299, 33.493500896859118 ] ], [ [ 126.531472135943815, 33.493100170470377 ], [ 126.531472135943815, 33.493100170470392 ], [ 126.531224749176005, 33.493157961497175 ], [ 126.531472135943815, 33.493100170470377 ] ], [ [ 126.532277707381866, 33.492158176169248 ], [ 126.532277707381866, 33.492158176169262 ], [ 126.532220809185063, 33.492233396790922 ], [ 126.532277707381866, 33.492158176169248 ] ], [ [ 126.532639086798426, 33.491053833893439 ], [ 126.532639086798426, 33.491053833893424 ], [ 126.532691882992566, 33.491302462103938 ], [ 126.532639086798426, 33.491053833893439 ] ], [ [ 126.53197729964117, 33.490996701822382 ], [ 126.532109502223264, 33.491018470970495 ], [ 126.532194092827993, 33.49101383249387 ], [ 126.53197729964117, 33.490996701822382 ] ], [ [ 126.531026781286258, 33.490171208859643 ], [ 126.531026781286258, 33.490171208859635 ], [ 126.531831643379931, 33.490913735744989 ], [ 126.531026781286258, 33.490171208859643 ] ], [ [ 126.530241051875024, 33.488598331007417 ], [ 126.530241051875024, 33.48859833100741 ], [ 126.530308796712291, 33.488763381134653 ], [ 126.530241051875024, 33.488598331007417 ] ], [ [ 126.530042688421773, 33.487955067656358 ], [ 126.530042688421801, 33.487955067656372 ], [ 126.530024714686093, 33.488003287071209 ], [ 126.530042688421773, 33.487955067656358 ] ], [ [ 126.443066329077411, 33.477820473584487 ], [ 126.443066329077425, 33.477820473584472 ], [ 126.443081016957748, 33.477828500749453 ], [ 126.443066329077411, 33.477820473584487 ] ], [ [ 126.443223941163964, 33.477476849374355 ], [ 126.443230837060099, 33.477385736011399 ], [ 126.443081016957748, 33.477828500749453 ], [ 126.443223941163964, 33.477476849374355 ] ], [ [ 126.443212725471412, 33.476709632049378 ], [ 126.44322284674999, 33.476896746467155 ], [ 126.443210853495202, 33.476710847363563 ], [ 126.443212725471412, 33.476709632049378 ] ], [ [ 126.443245956314371, 33.476529966773889 ], [ 126.443228359737972, 33.476631649655822 ], [ 126.443245956314357, 33.476529966773889 ], [ 126.443271576882296, 33.47637654187762 ], [ 126.443290136691544, 33.476267235895889 ], [ 126.443245956314371, 33.476529966773889 ] ], [ [ 126.443167568302485, 33.475802033137285 ], [ 126.443225839811745, 33.476022913863233 ], [ 126.44316776448575, 33.475709421921323 ], [ 126.443167568302485, 33.475802033137285 ] ], [ [ 126.443168939569219, 33.475277766449167 ], [ 126.443168939569219, 33.475277766449175 ], [ 126.443168617120875, 33.475177046449751 ], [ 126.443168939569219, 33.475277766449167 ] ], [ [ 126.443316279926805, 33.474937990553364 ], [ 126.443316279926776, 33.474937990553364 ], [ 126.443381777459123, 33.474847461088267 ], [ 126.443316279926805, 33.474937990553364 ] ], [ [ 126.443674194168281, 33.47474208160024 ], [ 126.443495987021322, 33.474790181779703 ], [ 126.44378122178783, 33.474713914672648 ], [ 126.443674194168281, 33.47474208160024 ] ], [ [ 126.443807778749672, 33.474201324466421 ], [ 126.443806198039923, 33.474086978057741 ], [ 126.443798564524343, 33.474410433233601 ], [ 126.443807778749672, 33.474201324466421 ] ], [ [ 126.443806178953992, 33.473977408067746 ], [ 126.44380520954401, 33.473949873739024 ], [ 126.443806198039923, 33.474086978057741 ], [ 126.443806178953992, 33.473977408067746 ] ], [ [ 126.443805208494169, 33.473826568144879 ], [ 126.443805208494169, 33.473826568144887 ], [ 126.443803642972327, 33.473709850622932 ], [ 126.443805208494169, 33.473826568144879 ] ], [ [ 126.444410789185014, 33.47263536329374 ], [ 126.444014896393014, 33.473097680960329 ], [ 126.444429561251525, 33.472601829682901 ], [ 126.444410789185014, 33.47263536329374 ] ], [ [ 126.445080678227114, 33.471408199924284 ], [ 126.444768024358979, 33.471990150814484 ], [ 126.445188526636272, 33.471173638409589 ], [ 126.445080678227114, 33.471408199924284 ] ], [ [ 126.445474658185063, 33.46993463587286 ], [ 126.445467743442691, 33.4702796876607 ], [ 126.445477071629369, 33.470107616349068 ], [ 126.445474658185063, 33.46993463587286 ] ], [ [ 126.503720970050679, 33.48632579195656 ], [ 126.503508824054947, 33.486110686361428 ], [ 126.503719380289553, 33.486323441442025 ], [ 126.503720970050679, 33.48632579195656 ] ], [ [ 126.503812674101056, 33.486399414237333 ], [ 126.503772180030239, 33.486366433830064 ], [ 126.503812685080916, 33.486397493896959 ], [ 126.503812674101056, 33.486399414237333 ] ], [ [ 126.504464134370536, 33.487398130280653 ], [ 126.504459741559756, 33.487376005710175 ], [ 126.504465552171666, 33.487398568727677 ], [ 126.504464134370536, 33.487398130280653 ] ], [ [ 126.50575236587828, 33.489352622565079 ], [ 126.50563815591974, 33.489258535806911 ], [ 126.505756259185489, 33.489354838010698 ], [ 126.50575236587828, 33.489352622565079 ] ], [ [ 126.505874580641844, 33.489615049782252 ], [ 126.505848451308026, 33.489559010756899 ], [ 126.505875860228585, 33.489617092488253 ], [ 126.505874580641844, 33.489615049782252 ] ], [ [ 126.506481600807874, 33.490296723003397 ], [ 126.506432355122172, 33.490154156501298 ], [ 126.506482561926205, 33.490298007096996 ], [ 126.506481600807874, 33.490296723003397 ] ], [ [ 126.510728648358224, 33.499481588213975 ], [ 126.510733494302997, 33.499450475587594 ], [ 126.510728336701561, 33.499485328567779 ], [ 126.510728648358224, 33.499481588213975 ] ], [ [ 126.519315431773208, 33.477383666199444 ], [ 126.519238397054224, 33.477388045854568 ], [ 126.519238526205271, 33.477388037340994 ], [ 126.519315431773208, 33.477383666199444 ] ], [ [ 126.478992990270513, 33.456371452932629 ], [ 126.479148090360354, 33.456221044521115 ], [ 126.479147704231778, 33.456287255808547 ], [ 126.478992990270513, 33.456371452932629 ] ], [ [ 126.481689498894738, 33.448643584491023 ], [ 126.481974417048164, 33.44821682789869 ], [ 126.482082381451661, 33.448057084942498 ], [ 126.481689498894738, 33.448643584491023 ] ], [ [ 126.525536812226008, 33.37003298887376 ], [ 126.526475575873235, 33.368251905579768 ], [ 126.525482244965133, 33.37012511780069 ], [ 126.525536812226008, 33.37003298887376 ] ], [ [ 126.526693659656189, 33.366030827208597 ], [ 126.526693659656175, 33.366030827208576 ], [ 126.527243302562766, 33.365688729508953 ], [ 126.526693659656189, 33.366030827208597 ] ], [ [ 126.445399502926193, 33.467404226052814 ], [ 126.445399502926193, 33.467404226052793 ], [ 126.445468925839108, 33.467800224187094 ], [ 126.445399502926193, 33.467404226052814 ] ], [ [ 126.445206664909918, 33.465883409197794 ], [ 126.445206664909946, 33.465883409197787 ], [ 126.445146215262852, 33.466311160950092 ], [ 126.445206664909918, 33.465883409197794 ] ], [ [ 126.445529364431039, 33.464931958347201 ], [ 126.445529364431067, 33.464931958347186 ], [ 126.445290899965272, 33.465451412842377 ], [ 126.445529364431039, 33.464931958347201 ] ], [ [ 126.446472866545577, 33.46426511420465 ], [ 126.446472866545548, 33.464265114204679 ], [ 126.446523461064558, 33.463947015877963 ], [ 126.446472866545577, 33.46426511420465 ] ], [ [ 126.44652824567936, 33.463916934003656 ], [ 126.44652824567936, 33.463916934003663 ], [ 126.44644040868188, 33.463291604487623 ], [ 126.44652824567936, 33.463916934003656 ] ], [ [ 126.44644040868188, 33.463291604487623 ], [ 126.446417709851772, 33.463055539006731 ], [ 126.446417709851787, 33.463055539006717 ], [ 126.44644040868188, 33.463291604487623 ] ], [ [ 126.446838655332613, 33.462728053937099 ], [ 126.446838655332613, 33.462728053937106 ], [ 126.446666422568001, 33.462862046725895 ], [ 126.446838655332613, 33.462728053937099 ] ], [ [ 126.447389748729321, 33.462541832971219 ], [ 126.447580984188335, 33.462369899064008 ], [ 126.447047024449716, 33.462701135632791 ], [ 126.447389748729321, 33.462541832971219 ] ], [ [ 126.447822016556856, 33.461731702214315 ], [ 126.447822016556856, 33.46173170221433 ], [ 126.447754676330405, 33.462002991774412 ], [ 126.447822016556856, 33.461731702214315 ] ], [ [ 126.447501619396604, 33.459124650650729 ], [ 126.447501619396604, 33.459124650650715 ], [ 126.447646853727889, 33.459391987671594 ], [ 126.447501619396604, 33.459124650650729 ] ], [ [ 126.447473498850343, 33.457770156860747 ], [ 126.447482928235047, 33.458310413584705 ], [ 126.447485190379126, 33.458345758487361 ], [ 126.447482928235033, 33.458310413584705 ], [ 126.447476954342193, 33.458008255132313 ], [ 126.447473498850343, 33.457770156860761 ], [ 126.4474708144771, 33.45775927169516 ], [ 126.447473498850343, 33.457770156860747 ] ], [ [ 126.446826749770366, 33.4566415859261 ], [ 126.446674677680988, 33.456162305664527 ], [ 126.446650928501498, 33.455885257993522 ], [ 126.446621049351009, 33.455515183857706 ], [ 126.446431488631291, 33.455381567468613 ], [ 126.446621049351009, 33.455515183857685 ], [ 126.446826749770366, 33.456641585926086 ], [ 126.447394207390488, 33.457233464817165 ], [ 126.446826749770366, 33.4566415859261 ] ], [ [ 126.446431488631291, 33.455381567468613 ], [ 126.445955203222027, 33.454762972684847 ], [ 126.445955203222027, 33.45476297268484 ], [ 126.446431488631291, 33.455381567468613 ] ], [ [ 126.446154047054534, 33.453152576975583 ], [ 126.446154047054534, 33.453152576975597 ], [ 126.446069711119421, 33.453549291271621 ], [ 126.446154047054534, 33.453152576975583 ] ], [ [ 126.446295167232961, 33.45190217070413 ], [ 126.446295167232961, 33.451902170704145 ], [ 126.446274783731141, 33.45219875686616 ], [ 126.446295167232961, 33.45190217070413 ] ], [ [ 126.446574192691202, 33.449872198373228 ], [ 126.446574192691216, 33.449872198373228 ], [ 126.446735651973597, 33.450466681368312 ], [ 126.446574192691202, 33.449872198373228 ] ], [ [ 126.448829224139487, 33.445964329164745 ], [ 126.449019875670146, 33.445179928113923 ], [ 126.448582720102635, 33.44652173693899 ], [ 126.448829224139487, 33.445964329164745 ] ], [ [ 126.449842976458839, 33.443499823284675 ], [ 126.449842976458868, 33.443499823284661 ], [ 126.449777245743661, 33.443617829936315 ], [ 126.449842976458839, 33.443499823284675 ] ], [ [ 126.449286174417566, 33.438744060529594 ], [ 126.449541951460532, 33.439714600292518 ], [ 126.449627946319012, 33.4398665406001 ], [ 126.449541951460532, 33.43971460029254 ], [ 126.449286174417566, 33.438744060529594 ] ], [ [ 126.448983194074842, 33.437381459593084 ], [ 126.448983194074842, 33.437381459593063 ], [ 126.448995228911755, 33.437445243425373 ], [ 126.448983194074842, 33.437381459593084 ] ], [ [ 126.448837293496851, 33.436447381475773 ], [ 126.448133179536782, 33.435947996975983 ], [ 126.447643616392753, 33.435995354891702 ], [ 126.448837293496851, 33.436447381475773 ] ], [ [ 126.447065710395833, 33.43577751822297 ], [ 126.447037984505101, 33.43576706656102 ], [ 126.447643616392753, 33.435995354891702 ], [ 126.447065710395833, 33.43577751822297 ] ], [ [ 126.446182310096916, 33.434523174743994 ], [ 126.446280007037274, 33.434142581367688 ], [ 126.446593271167288, 33.435606240084773 ], [ 126.446182310096916, 33.434523174743994 ] ], [ [ 126.447024640327925, 33.433494554755114 ], [ 126.447024640327925, 33.433494554755107 ], [ 126.447390602191518, 33.432799131809126 ], [ 126.447024640327925, 33.433494554755114 ] ], [ [ 126.447358759434437, 33.432065029325607 ], [ 126.447237817493829, 33.432444510781245 ], [ 126.447237817493829, 33.432444510781231 ], [ 126.447358759434437, 33.432065029325607 ] ], [ [ 126.447848967614618, 33.431126558066175 ], [ 126.447848967614618, 33.43112655806619 ], [ 126.447784722399305, 33.431284388348068 ], [ 126.447848967614618, 33.431126558066175 ] ], [ [ 126.448068470713793, 33.428283720596667 ], [ 126.44805093688079, 33.427710925182865 ], [ 126.448109488321521, 33.428645280522964 ], [ 126.448068470713793, 33.428283720596667 ] ], [ [ 126.448192081851644, 33.42563907507612 ], [ 126.448192081851644, 33.425639075076127 ], [ 126.447845819109972, 33.424883130232558 ], [ 126.448192081851644, 33.42563907507612 ] ], [ [ 126.447923055369188, 33.424430089902138 ], [ 126.447966536146282, 33.424214358665452 ], [ 126.447845819109972, 33.424883130232558 ], [ 126.447923055369188, 33.424430089902138 ] ], [ [ 126.448101233096835, 33.423400316712069 ], [ 126.448298309930692, 33.422604284701798 ], [ 126.448016030632388, 33.423922987938539 ], [ 126.448101233096835, 33.423400316712069 ] ], [ [ 126.448376519885826, 33.422325968351366 ], [ 126.448399043701727, 33.422243046264185 ], [ 126.448298309930692, 33.422604284701798 ], [ 126.448376519885826, 33.422325968351366 ] ], [ [ 126.448438357595464, 33.421132838515938 ], [ 126.448633827874929, 33.421485007138976 ], [ 126.448633827874929, 33.421485007138983 ], [ 126.448438357595464, 33.421132838515938 ] ], [ [ 126.448753932582889, 33.419791507648782 ], [ 126.448753932582903, 33.419791507648782 ], [ 126.448498462140577, 33.420877368073619 ], [ 126.448753932582889, 33.419791507648782 ] ], [ [ 126.448821791282526, 33.41855472160416 ], [ 126.448821791282484, 33.418554721604181 ], [ 126.44876965759758, 33.418295073282273 ], [ 126.448821791282526, 33.41855472160416 ] ], [ [ 126.448947795342278, 33.416676961149051 ], [ 126.448947795342306, 33.416676961149044 ], [ 126.448842574981569, 33.41743742148919 ], [ 126.448947795342278, 33.416676961149051 ] ], [ [ 126.44910491210598, 33.416512208749133 ], [ 126.449547324708305, 33.415773642337967 ], [ 126.449692412350288, 33.41528177262888 ], [ 126.44910491210598, 33.416512208749133 ] ], [ [ 126.449655592024996, 33.414764606582992 ], [ 126.449674002187649, 33.41502318960594 ], [ 126.449610023568908, 33.414655076380917 ], [ 126.449655592024996, 33.414764606582992 ] ], [ [ 126.449423791850521, 33.413732978893279 ], [ 126.449530198959977, 33.412679567068622 ], [ 126.449610023568908, 33.414655076380917 ], [ 126.449423791850521, 33.413732978893279 ] ], [ [ 126.450896505703156, 33.411876994275424 ], [ 126.451121020238332, 33.411143747725724 ], [ 126.450403948979627, 33.411974864915571 ], [ 126.450896505703156, 33.411876994275424 ] ], [ [ 126.455123093962797, 33.406142355209937 ], [ 126.455123093962825, 33.406142355209937 ], [ 126.45483671762652, 33.406297632169597 ], [ 126.455123093962797, 33.406142355209937 ] ], [ [ 126.456407568950254, 33.405186728200071 ], [ 126.456407568950254, 33.405186728200079 ], [ 126.455979381490735, 33.405458318950423 ], [ 126.456407568950254, 33.405186728200071 ] ], [ [ 126.458132794752615, 33.402105921712362 ], [ 126.458132794752615, 33.402105921712369 ], [ 126.457673892390957, 33.40151261655901 ], [ 126.458132794752615, 33.402105921712362 ] ], [ [ 126.457759337989117, 33.400846811551773 ], [ 126.457586329019236, 33.401188162262478 ], [ 126.457586329019236, 33.401188162262471 ], [ 126.457759337989117, 33.400846811551773 ] ], [ [ 126.457880795626622, 33.399865057678866 ], [ 126.45788079562665, 33.399865057678866 ], [ 126.457846215033783, 33.400667491048203 ], [ 126.457880795626622, 33.399865057678866 ] ], [ [ 126.458681520399963, 33.397536296200585 ], [ 126.458219806227632, 33.398151799097533 ], [ 126.458681520399935, 33.397536296200585 ], [ 126.458681520399963, 33.397536296200585 ] ], [ [ 126.459181307780867, 33.397561940310005 ], [ 126.459181307780838, 33.397561940310005 ], [ 126.459546233213899, 33.39720002161171 ], [ 126.459181307780867, 33.397561940310005 ] ], [ [ 126.461542932978347, 33.394903193865744 ], [ 126.461542932978318, 33.394903193865765 ], [ 126.461461776797805, 33.394959256171781 ], [ 126.461542932978347, 33.394903193865744 ] ], [ [ 126.465442983082923, 33.393899935798913 ], [ 126.465442983082923, 33.393899935798927 ], [ 126.463465823682526, 33.394911155149536 ], [ 126.465442983082923, 33.393899935798913 ] ], [ [ 126.467339558603285, 33.392982086908155 ], [ 126.466568417793624, 33.393833365706698 ], [ 126.465904934103463, 33.393901929675941 ], [ 126.466568417848819, 33.393833356690948 ], [ 126.467339558603285, 33.392982086908155 ] ], [ [ 126.474412528934195, 33.389730029093798 ], [ 126.476230167376258, 33.388125832708731 ], [ 126.474826779770297, 33.389513979567276 ], [ 126.474412528934195, 33.389730029093798 ] ], [ [ 126.477047286285639, 33.388374901470925 ], [ 126.478145855454571, 33.388023575876318 ], [ 126.476230167376258, 33.388125832708731 ], [ 126.477047286285639, 33.388374901470925 ] ], [ [ 126.478658453602904, 33.388501024042014 ], [ 126.478658453602904, 33.388501024042007 ], [ 126.479169996476244, 33.388206155475565 ], [ 126.478658453602904, 33.388501024042014 ] ], [ [ 126.481431450865671, 33.387895831013076 ], [ 126.481431450865671, 33.387895831013083 ], [ 126.480229590026994, 33.388286783263361 ], [ 126.481431450865671, 33.387895831013076 ] ], [ [ 126.483482058996628, 33.38799750336814 ], [ 126.483148300275914, 33.388237437669034 ], [ 126.483482058996614, 33.387997503368126 ], [ 126.483482058996628, 33.38799750336814 ] ], [ [ 126.485768887673558, 33.388857703604053 ], [ 126.487911357600865, 33.389780728347276 ], [ 126.486929747027602, 33.389728401093812 ], [ 126.485768887673558, 33.388857703604067 ], [ 126.484722683216106, 33.388825076769876 ], [ 126.485768887673558, 33.388857703604053 ] ], [ [ 126.48982460883866, 33.390491887277371 ], [ 126.489824608838632, 33.390491887277364 ], [ 126.490489495333591, 33.390303136865796 ], [ 126.48982460883866, 33.390491887277371 ] ], [ [ 126.492649803969499, 33.389265364602217 ], [ 126.492649803969499, 33.389265364602224 ], [ 126.492186142150302, 33.389815693918329 ], [ 126.492649803969499, 33.389265364602217 ] ], [ [ 126.496050427671932, 33.38817921943788 ], [ 126.496050427671932, 33.388179219437902 ], [ 126.496004685260203, 33.388254655771256 ], [ 126.496050427671932, 33.38817921943788 ] ], [ [ 126.497763840901612, 33.386931602632316 ], [ 126.497763840901641, 33.386931602632323 ], [ 126.497184939534463, 33.387208821584181 ], [ 126.497763840901612, 33.386931602632316 ] ], [ [ 126.501902342005607, 33.38463313319906 ], [ 126.502502171080025, 33.384048843328777 ], [ 126.501238839557544, 33.384939753863009 ], [ 126.501902342005607, 33.38463313319906 ] ], [ [ 126.503188388226647, 33.383528201656091 ], [ 126.502803195988378, 33.383786934784879 ], [ 126.503188388226619, 33.383528201656091 ], [ 126.503188388226647, 33.383528201656091 ] ], [ [ 126.505943811747684, 33.38355232991821 ], [ 126.50496775376044, 33.383219038460282 ], [ 126.504547778507984, 33.383314141303785 ], [ 126.504967753760411, 33.383219038460268 ], [ 126.505943811747684, 33.38355232991821 ] ], [ [ 126.508579627121563, 33.383455558081813 ], [ 126.507235485076649, 33.383574500775737 ], [ 126.508063752318506, 33.383465933126828 ], [ 126.508579627121563, 33.383455558081813 ] ], [ [ 126.510756381447621, 33.382818235147845 ], [ 126.509586461665961, 33.383362817573598 ], [ 126.511741938987484, 33.382136618583608 ], [ 126.510756381447621, 33.382818235147845 ] ], [ [ 126.512786060951754, 33.381109278825747 ], [ 126.51273078528429, 33.381284867480097 ], [ 126.512786060951754, 33.381109278825726 ], [ 126.512786060951754, 33.381109278825747 ] ], [ [ 126.512774462796344, 33.380913684119278 ], [ 126.5137701779813, 33.38009050291226 ], [ 126.512785574024235, 33.381101067136711 ], [ 126.512774462796344, 33.380913684119278 ] ], [ [ 126.514075536091582, 33.379983739102364 ], [ 126.515092686904367, 33.379208989096419 ], [ 126.514320752758977, 33.379931754935818 ], [ 126.514075536091582, 33.379983739102364 ] ], [ [ 126.51588058064381, 33.378220667796725 ], [ 126.516234678750891, 33.377997210593271 ], [ 126.515092686904367, 33.379208989096419 ], [ 126.51588058064381, 33.378220667796725 ] ], [ [ 126.51746979841036, 33.376970628798276 ], [ 126.518197040099125, 33.376031825334337 ], [ 126.519337515687425, 33.375393476964902 ], [ 126.518197040099153, 33.376031825334337 ], [ 126.51746979841036, 33.376970628798276 ] ], [ [ 126.52131199662881, 33.372766940925402 ], [ 126.522657770104871, 33.372465564119885 ], [ 126.523635338803061, 33.37171496440034 ], [ 126.523758010830448, 33.371669733810897 ], [ 126.522657770104871, 33.372465564119892 ], [ 126.521957872188111, 33.372762728722897 ], [ 126.521311996628825, 33.372766940925423 ], [ 126.521255374726792, 33.373246647044851 ], [ 126.52131199662881, 33.372766940925402 ] ], [ [ 126.52505687061462, 33.370590505511046 ], [ 126.525056870614648, 33.370590505511046 ], [ 126.524983788597211, 33.370658414492553 ], [ 126.52505687061462, 33.370590505511046 ] ], [ [ 126.500140964224627, 33.47669842054718 ], [ 126.500203447660638, 33.476876349556257 ], [ 126.500141287609509, 33.476640386495902 ], [ 126.500140964224627, 33.47669842054718 ] ], [ [ 126.500524038645608, 33.479711802324161 ], [ 126.500533538465731, 33.47981656937268 ], [ 126.500516915705376, 33.479599705936849 ], [ 126.500524038645608, 33.479711802324161 ] ], [ [ 126.501362308298042, 33.482435300445886 ], [ 126.501394827544004, 33.482147914760567 ], [ 126.501418933197115, 33.482521657693354 ], [ 126.501362308298042, 33.482435300445886 ] ], [ [ 126.50155296785772, 33.482797841177209 ], [ 126.501562721428769, 33.482843699278753 ], [ 126.501510859931642, 33.482675370773379 ], [ 126.50155296785772, 33.482797841177209 ] ], [ [ 126.538197893482192, 33.406709436810914 ], [ 126.538197804308012, 33.406705983341077 ], [ 126.538214003988372, 33.406730387070581 ], [ 126.538197893482192, 33.406709436810914 ] ], [ [ 126.522229986094445, 33.446091846688127 ], [ 126.522235237743843, 33.446087331951261 ], [ 126.52186138690638, 33.446437869987349 ], [ 126.522229986094445, 33.446091846688127 ] ], [ [ 126.421487414162087, 33.490634913377491 ], [ 126.421487414162087, 33.490634913377484 ], [ 126.421692067806674, 33.490789599160451 ], [ 126.421487414162087, 33.490634913377491 ] ], [ [ 126.421944739407792, 33.49097349630302 ], [ 126.421945458041861, 33.490973842264644 ], [ 126.421948735751911, 33.490976084500353 ], [ 126.421944739407792, 33.49097349630302 ] ], [ [ 126.423097859154154, 33.491662237443151 ], [ 126.423097859154154, 33.491662237443137 ], [ 126.423192429386674, 33.491720696515401 ], [ 126.423097859154154, 33.491662237443151 ] ], [ [ 126.425128272558013, 33.492463366468989 ], [ 126.425128272558013, 33.492463366468982 ], [ 126.425374592827723, 33.492475159021659 ], [ 126.425128272558013, 33.492463366468989 ] ], [ [ 126.426296051195109, 33.49255304212798 ], [ 126.426104712054951, 33.492567004935843 ], [ 126.426104712054908, 33.492567004935836 ], [ 126.426296051195109, 33.49255304212798 ] ], [ [ 126.426809166453026, 33.492620969006467 ], [ 126.426809166453026, 33.49262096900646 ], [ 126.426872827979679, 33.4926238426699 ], [ 126.426809166453026, 33.492620969006467 ] ], [ [ 126.426981985613693, 33.492634743906443 ], [ 126.426981985613693, 33.492634743906436 ], [ 126.4270379381515, 33.492640475775005 ], [ 126.426981985613693, 33.492634743906443 ] ], [ [ 126.427799298310859, 33.492706481695436 ], [ 126.427799298310859, 33.492706481695429 ], [ 126.427934661983528, 33.49271677309698 ], [ 126.427799298310859, 33.492706481695436 ] ], [ [ 126.428212466165249, 33.49273627923926 ], [ 126.428212466165277, 33.492736279239253 ], [ 126.428240841907467, 33.492738119103116 ], [ 126.428212466165249, 33.49273627923926 ] ], [ [ 126.428726610762197, 33.492810223767854 ], [ 126.428726610762197, 33.492810223767847 ], [ 126.42898005122774, 33.492871315637117 ], [ 126.428726610762197, 33.492810223767854 ] ], [ [ 126.431023679471494, 33.493064226337445 ], [ 126.432433962090869, 33.492696244975086 ], [ 126.431023679471508, 33.493064226337452 ], [ 126.431023679471494, 33.493064226337445 ] ], [ [ 126.434826165665712, 33.492112328606794 ], [ 126.434827413057548, 33.49211207422352 ], [ 126.434827413057548, 33.492112074223527 ], [ 126.434826165665712, 33.492112328606794 ] ], [ [ 126.434843548086761, 33.492128798438785 ], [ 126.434854304772898, 33.492139947915625 ], [ 126.43485430477287, 33.492139947915632 ], [ 126.434843548086761, 33.492128798438785 ] ], [ [ 126.435227296174773, 33.492056831371904 ], [ 126.435170208680958, 33.491964230310984 ], [ 126.435227296174787, 33.492056831371904 ], [ 126.435227296174773, 33.492056831371904 ] ], [ [ 126.435369934022177, 33.490557037944107 ], [ 126.435147443940437, 33.491525974422935 ], [ 126.435283763801863, 33.490840103856939 ], [ 126.435369934022177, 33.490557037944107 ] ], [ [ 126.436040088956673, 33.489580301165283 ], [ 126.435619080249268, 33.489930818397639 ], [ 126.435906875881017, 33.489671817344153 ], [ 126.436040088956673, 33.489580301165283 ] ], [ [ 126.436843429247716, 33.488858656210866 ], [ 126.436853755072207, 33.488636400250293 ], [ 126.436843429247745, 33.488858656210837 ], [ 126.436843429247716, 33.488858656210866 ] ], [ [ 126.436859853542245, 33.488493084313532 ], [ 126.436859853542231, 33.488493084313532 ], [ 126.436947197003107, 33.488167225628708 ], [ 126.436859853542245, 33.488493084313532 ] ], [ [ 126.437361775335617, 33.48784215322852 ], [ 126.437361775335617, 33.487842153228506 ], [ 126.437436274564021, 33.487761151244761 ], [ 126.437361775335617, 33.48784215322852 ] ], [ [ 126.43827994286471, 33.487272829983638 ], [ 126.438279942864682, 33.487272829983617 ], [ 126.438491081832026, 33.48713032670522 ], [ 126.43827994286471, 33.487272829983638 ] ], [ [ 126.438573220518521, 33.487075299473823 ], [ 126.438573220518521, 33.487075299473801 ], [ 126.439001287825278, 33.486957178474661 ], [ 126.438573220518521, 33.487075299473823 ] ], [ [ 126.439242741004179, 33.486889996786125 ], [ 126.439330658368448, 33.486885892934119 ], [ 126.439001287825278, 33.486957178474661 ], [ 126.439242741004179, 33.486889996786125 ] ], [ [ 126.440055279771087, 33.486537508173392 ], [ 126.440055279771073, 33.486537508173392 ], [ 126.440061313340365, 33.486526240991068 ], [ 126.440055279771087, 33.486537508173392 ] ], [ [ 126.440576959450226, 33.485664573221996 ], [ 126.440252336780773, 33.486199936345145 ], [ 126.440333677460501, 33.486065156934586 ], [ 126.440576959450226, 33.485664573221996 ] ], [ [ 126.44093585030059, 33.48504984708687 ], [ 126.44093585030059, 33.485049847086849 ], [ 126.44096013503669, 33.485005498803901 ], [ 126.44093585030059, 33.48504984708687 ] ], [ [ 126.441061705231178, 33.484819985643362 ], [ 126.441260584023311, 33.484341072942321 ], [ 126.441281710407807, 33.483835315733536 ], [ 126.441061705231178, 33.484819985643362 ] ], [ [ 126.441180324328343, 33.483136642478343 ], [ 126.441180324328343, 33.483136642478321 ], [ 126.441329753799025, 33.48302063451802 ], [ 126.441180324328343, 33.483136642478343 ] ], [ [ 126.441422974259666, 33.482948432952895 ], [ 126.441500423314906, 33.482888749209941 ], [ 126.441329753799025, 33.48302063451802 ], [ 126.441422974259666, 33.482948432952895 ] ], [ [ 126.441889703242509, 33.482502966306804 ], [ 126.441889703242509, 33.482502966306797 ], [ 126.441898399764625, 33.482492447990055 ], [ 126.441889703242509, 33.482502966306804 ] ], [ [ 126.441898399764625, 33.482492447990055 ], [ 126.44195748179078, 33.482394883568105 ], [ 126.442023917892612, 33.482283044133602 ], [ 126.441898399764625, 33.482492447990055 ] ], [ [ 126.442771372035352, 33.479181460086778 ], [ 126.442763718374806, 33.479211059030703 ], [ 126.442651921624204, 33.47879972558362 ], [ 126.442771372035352, 33.479181460086778 ] ], [ [ 126.442301622756403, 33.479884590185826 ], [ 126.442300150109759, 33.479885056845788 ], [ 126.44233454948909, 33.479853418254507 ], [ 126.442301622756403, 33.479884590185826 ] ], [ [ 126.442199614093909, 33.479940819764892 ], [ 126.441795334702462, 33.480168333855133 ], [ 126.441718117964427, 33.480252346589658 ], [ 126.442199614093909, 33.479940819764892 ] ], [ [ 126.441503076444562, 33.48060523912001 ], [ 126.441510034979856, 33.480652468588119 ], [ 126.441486467750309, 33.480504384793257 ], [ 126.441503076444562, 33.48060523912001 ] ], [ [ 126.441520988979846, 33.480735896755682 ], [ 126.441545600493711, 33.48076178426593 ], [ 126.441510034979856, 33.480652468588119 ], [ 126.441520988979846, 33.480735896755682 ] ], [ [ 126.441636536759574, 33.480865354440375 ], [ 126.441738771488929, 33.480980443736648 ], [ 126.441747908160991, 33.480991808910524 ], [ 126.441636536759574, 33.480865354440375 ] ], [ [ 126.442064232240199, 33.481397417756376 ], [ 126.442091524505145, 33.481456576765922 ], [ 126.442039276544179, 33.481341325661489 ], [ 126.442064232240199, 33.481397417756376 ] ], [ [ 126.442181644634161, 33.481665619411778 ], [ 126.442188978846801, 33.481679563972982 ], [ 126.44213774531454, 33.481563794569183 ], [ 126.442181644634161, 33.481665619411778 ] ], [ [ 126.442180013557703, 33.481797243620825 ], [ 126.442171386775613, 33.481917494313066 ], [ 126.442177107047272, 33.481849396277845 ], [ 126.442180013557703, 33.481797243620825 ] ], [ [ 126.44215568151597, 33.482061019065391 ], [ 126.442100336784108, 33.482154705601459 ], [ 126.442161246898593, 33.482050522665652 ], [ 126.44215568151597, 33.482061019065391 ] ], [ [ 126.542097560098497, 33.488040743526483 ], [ 126.542097560098497, 33.488040743526497 ], [ 126.542036752490262, 33.487995438628751 ], [ 126.542097560098497, 33.488040743526483 ] ], [ [ 126.542243315454741, 33.487961105098606 ], [ 126.542243315454741, 33.48796110509862 ], [ 126.542225077276242, 33.487963147256522 ], [ 126.542243315454741, 33.487961105098606 ] ], [ [ 126.542706422863347, 33.487902296020238 ], [ 126.542994711702889, 33.487784423540205 ], [ 126.542281147831773, 33.487938615315009 ], [ 126.542706422863347, 33.487902296020238 ] ], [ [ 126.543313934387967, 33.488126469343989 ], [ 126.543077038459344, 33.487739471379214 ], [ 126.543237180999128, 33.487669115187352 ], [ 126.543313934387967, 33.488126469343989 ] ], [ [ 126.543363982736892, 33.488650422714407 ], [ 126.543477879546245, 33.48880831709522 ], [ 126.543495272634289, 33.48883807974908 ], [ 126.543363982736892, 33.488650422714407 ] ], [ [ 126.543844133054975, 33.489448491746707 ], [ 126.543844133054975, 33.489448491746714 ], [ 126.54378485795155, 33.489311943380635 ], [ 126.543844133054975, 33.489448491746707 ] ], [ [ 126.543816015466845, 33.489708605012801 ], [ 126.543816015466831, 33.489708605012787 ], [ 126.543842825370831, 33.489460589014556 ], [ 126.543816015466845, 33.489708605012801 ] ], [ [ 126.543693481294497, 33.490004667660003 ], [ 126.543693481294483, 33.49000466766001 ], [ 126.543629235044861, 33.489961126997066 ], [ 126.543693481294497, 33.490004667660003 ] ], [ [ 126.543698753181815, 33.49002524339177 ], [ 126.543698753181843, 33.490025243391798 ], [ 126.543698835124133, 33.490050578387276 ], [ 126.543698753181815, 33.49002524339177 ] ], [ [ 126.543683583016005, 33.490188555565297 ], [ 126.543672357586075, 33.490154253671463 ], [ 126.543672357586075, 33.490154253671456 ], [ 126.543683583016005, 33.490188555565297 ] ], [ [ 126.543677515380168, 33.490298797671144 ], [ 126.543677515380139, 33.490298797671144 ], [ 126.543684630933271, 33.490275676420517 ], [ 126.543677515380168, 33.490298797671144 ] ], [ [ 126.543402506900378, 33.490675848659741 ], [ 126.543460169494892, 33.490623739432706 ], [ 126.543504539726186, 33.490575668277842 ], [ 126.543402506900378, 33.490675848659741 ] ], [ [ 126.543206477619563, 33.490800775768861 ], [ 126.543206477619563, 33.490800775768847 ], [ 126.543225348182673, 33.490793182011338 ], [ 126.543206477619563, 33.490800775768861 ] ], [ [ 126.541770081645097, 33.492140283636168 ], [ 126.541869119078314, 33.492035511043156 ], [ 126.542041379794895, 33.491854839843313 ], [ 126.541869119078314, 33.492035511043163 ], [ 126.541796616651638, 33.49211259863354 ], [ 126.541770081645097, 33.492140283636168 ] ], [ [ 126.541567748808859, 33.492355449503187 ], [ 126.541567748808859, 33.492355449503165 ], [ 126.541610821636397, 33.492308906938604 ], [ 126.541567748808859, 33.492355449503187 ] ], [ [ 126.540736358321013, 33.493513279347638 ], [ 126.540767751793553, 33.493423657789521 ], [ 126.540804765421001, 33.493342922741569 ], [ 126.540736358321013, 33.493513279347638 ] ], [ [ 126.540721596505819, 33.49360506642951 ], [ 126.54072159650579, 33.493605066429538 ], [ 126.540719182032461, 33.493573321492796 ], [ 126.540721596505819, 33.49360506642951 ] ], [ [ 126.540701418962954, 33.493656111569329 ], [ 126.540701418962925, 33.493656111569329 ], [ 126.540711342311496, 33.493642604249409 ], [ 126.540701418962954, 33.493656111569329 ] ], [ [ 126.540691266240216, 33.494008685596107 ], [ 126.540697024197556, 33.494099947883882 ], [ 126.540691250632392, 33.493767780748108 ], [ 126.540691266240216, 33.494008685596107 ] ], [ [ 126.544001386940437, 33.493105471752237 ], [ 126.544001386940437, 33.493105471752251 ], [ 126.543962536650881, 33.493065387926244 ], [ 126.544001386940437, 33.493105471752237 ] ], [ [ 126.545220642966584, 33.492618508720504 ], [ 126.545379610777218, 33.492591414914372 ], [ 126.544512656107941, 33.492894401994796 ], [ 126.545220642966584, 33.492618508720504 ] ], [ [ 126.546251410565745, 33.491628475388069 ], [ 126.547155547986435, 33.492052555617676 ], [ 126.545379610777218, 33.492591414914372 ], [ 126.546251410565745, 33.491628475388069 ] ], [ [ 126.547213700439372, 33.492047900148805 ], [ 126.547355390991626, 33.492038267399337 ], [ 126.547155547986435, 33.492052555617676 ], [ 126.547213700439372, 33.492047900148805 ] ], [ [ 126.547802119721169, 33.491906855467683 ], [ 126.547802119721169, 33.49190685546769 ], [ 126.547782766228323, 33.491925361588542 ], [ 126.547802119721169, 33.491906855467683 ] ], [ [ 126.54856533674905, 33.491493643503567 ], [ 126.54856533674905, 33.491493643503588 ], [ 126.548373269234062, 33.491615998201972 ], [ 126.54856533674905, 33.491493643503567 ] ], [ [ 126.549222892789899, 33.49050119109242 ], [ 126.549196222614313, 33.490754000982797 ], [ 126.54914834749151, 33.490876613930425 ], [ 126.549222892789899, 33.49050119109242 ] ], [ [ 126.549279304775723, 33.490068211579278 ], [ 126.549279304775752, 33.490068211579278 ], [ 126.549262922471939, 33.49018837212315 ], [ 126.549279304775723, 33.490068211579278 ] ], [ [ 126.549482643341506, 33.489877166763002 ], [ 126.549482643341506, 33.489877166763016 ], [ 126.549426616483871, 33.489904168697834 ], [ 126.549482643341506, 33.489877166763002 ] ], [ [ 126.549843082079008, 33.489596534972883 ], [ 126.549843082079008, 33.489596534972904 ], [ 126.549807448407662, 33.489642343906191 ], [ 126.549843082079008, 33.489596534972883 ] ], [ [ 126.550389889341133, 33.489566131761642 ], [ 126.550389889341133, 33.489566131761656 ], [ 126.550207311162211, 33.4895770856889 ], [ 126.550389889341133, 33.489566131761642 ] ], [ [ 126.551401949601242, 33.488575580858033 ], [ 126.551401949601242, 33.488575580858026 ], [ 126.551414378604008, 33.488650968941855 ], [ 126.551401949601242, 33.488575580858033 ] ], [ [ 126.551376084962342, 33.488387829778951 ], [ 126.55139942401722, 33.488346547958081 ], [ 126.551376084962342, 33.488387829778965 ], [ 126.551376084962342, 33.488387829778951 ] ], [ [ 126.551458648604111, 33.488241792268553 ], [ 126.551493028302076, 33.488247013085385 ], [ 126.551458648604097, 33.488241792268568 ], [ 126.551458648604111, 33.488241792268553 ] ], [ [ 126.514657807477633, 33.502544042931952 ], [ 126.514728747313796, 33.502367412118026 ], [ 126.514618592756676, 33.502728425754206 ], [ 126.514657807477633, 33.502544042931952 ] ], [ [ 126.514536862136694, 33.504444230484523 ], [ 126.514535054008988, 33.504444250427987 ], [ 126.514618592756676, 33.502728425754206 ], [ 126.514536862136694, 33.504444230484523 ] ], [ [ 126.514981706027442, 33.506126499206211 ], [ 126.514858088872231, 33.506005168086972 ], [ 126.5152145073735, 33.506291330325503 ], [ 126.514981706027442, 33.506126499206211 ] ], [ [ 126.515384073638373, 33.506675142803083 ], [ 126.515351607606732, 33.506601301735387 ], [ 126.515398518749521, 33.506706857169789 ], [ 126.515384073638373, 33.506675142803083 ] ], [ [ 126.515979567040986, 33.507865569811905 ], [ 126.515954653439465, 33.507851822189672 ], [ 126.51598895325715, 33.507871106259749 ], [ 126.515979567040986, 33.507865569811905 ] ], [ [ 126.516271697128232, 33.508026610266349 ], [ 126.516135018300773, 33.507951626486971 ], [ 126.516369675643432, 33.508060499605627 ], [ 126.516271697128232, 33.508026610266349 ] ], [ [ 126.517014117697556, 33.508927855503401 ], [ 126.517014117697556, 33.508927855503387 ], [ 126.517014473077381, 33.508944238717049 ], [ 126.517014117697556, 33.508927855503401 ] ], [ [ 126.517214276032647, 33.509274486342228 ], [ 126.51714779350749, 33.509169864871716 ], [ 126.518347591226913, 33.509909443214205 ], [ 126.517214276032647, 33.509274486342228 ] ], [ [ 126.518652812572981, 33.509984589888404 ], [ 126.518842076836165, 33.510036762943116 ], [ 126.518347591226913, 33.509909443214205 ], [ 126.518652812572981, 33.509984589888404 ] ], [ [ 126.519208715113848, 33.510151690697832 ], [ 126.518992850433037, 33.510078068488006 ], [ 126.519505482538122, 33.510268843346353 ], [ 126.519208715113848, 33.510151690697832 ] ], [ [ 126.519643953208757, 33.510333403458503 ], [ 126.519654948433441, 33.510342818493136 ], [ 126.519505482538122, 33.510268843346353 ], [ 126.519643953208757, 33.510333403458503 ] ], [ [ 126.519928333313871, 33.510485650766697 ], [ 126.519923851904707, 33.510496109785286 ], [ 126.519930502679912, 33.510480670418907 ], [ 126.519928333313871, 33.510485650766697 ] ], [ [ 126.519946580094782, 33.510446069903736 ], [ 126.519943240507388, 33.510452467205745 ], [ 126.519948848491495, 33.510441717288266 ], [ 126.519946580094782, 33.510446069903736 ] ], [ [ 126.519950082916552, 33.510439348664846 ], [ 126.519950082916552, 33.510439348664853 ], [ 126.519880610279316, 33.510343961342471 ], [ 126.519950082916552, 33.510439348664846 ] ], [ [ 126.519880610279316, 33.510343961342471 ], [ 126.519812197963276, 33.510251481209636 ], [ 126.519725708823941, 33.51022620713897 ], [ 126.519880610279316, 33.510343961342471 ] ], [ [ 126.519979548160649, 33.508894558755578 ], [ 126.519979548160649, 33.508894558755593 ], [ 126.519725708823941, 33.51022620713897 ], [ 126.519979548160649, 33.508894558755578 ] ], [ [ 126.521897245524997, 33.504340370474218 ], [ 126.5219730935017, 33.504397445919913 ], [ 126.521897245524968, 33.504340370474225 ], [ 126.519904367364902, 33.504368462877153 ], [ 126.521897245524997, 33.504340370474218 ] ], [ [ 126.524849094492041, 33.504325440432112 ], [ 126.524856498349564, 33.504335332272163 ], [ 126.52481564428858, 33.504274732729556 ], [ 126.524849094492041, 33.504325440432112 ] ], [ [ 126.523519634996461, 33.512552024243206 ], [ 126.523519773961908, 33.512550239638543 ], [ 126.523531796276529, 33.512548275470415 ], [ 126.523519634996461, 33.512552024243206 ] ], [ [ 126.52467644586919, 33.512734102128974 ], [ 126.524668633351155, 33.512694582592424 ], [ 126.524673915167412, 33.512695098787638 ], [ 126.52467644586919, 33.512734102128974 ] ], [ [ 126.524681847925194, 33.51280690796915 ], [ 126.524674690480055, 33.512783358045724 ], [ 126.524679520214164, 33.512783881517052 ], [ 126.524681847925194, 33.51280690796915 ] ], [ [ 126.524779910531436, 33.513083630420674 ], [ 126.524770199290074, 33.513066498988969 ], [ 126.524780401964946, 33.513084299484895 ], [ 126.524779910531436, 33.513083630420674 ] ], [ [ 126.535132968784211, 33.502943966793936 ], [ 126.535096946946751, 33.502930289395131 ], [ 126.535100447369786, 33.502929761614205 ], [ 126.535132968784211, 33.502943966793936 ] ], [ [ 126.535250115034131, 33.502993462936978 ], [ 126.535212232724902, 33.50297752459673 ], [ 126.535252402377949, 33.502994382145431 ], [ 126.535250115034131, 33.502993462936978 ] ], [ [ 126.535873205663421, 33.503626421124338 ], [ 126.535830944771647, 33.503419140511291 ], [ 126.535873225953054, 33.503626526009441 ], [ 126.535873205663421, 33.503626421124338 ] ], [ [ 126.536343039733154, 33.503946184431634 ], [ 126.536296994583196, 33.50392382231307 ], [ 126.536364945750108, 33.503962427805696 ], [ 126.536343039733154, 33.503946184431634 ] ], [ [ 126.538189201128048, 33.505618774229077 ], [ 126.53695757536876, 33.504604738428014 ], [ 126.538860952831598, 33.505046295771059 ], [ 126.538189201128048, 33.505618774229077 ] ], [ [ 126.539751087949185, 33.504287556818895 ], [ 126.541131460811116, 33.503110889659439 ], [ 126.538860952831598, 33.505046295771059 ], [ 126.539751087949185, 33.504287556818895 ] ], [ [ 126.541248555601982, 33.503038163065696 ], [ 126.541230118414688, 33.503026795254947 ], [ 126.541230118414688, 33.503026795254939 ], [ 126.541248555601982, 33.503038163065696 ] ], [ [ 126.541479286205231, 33.503224410828004 ], [ 126.541443137017879, 33.503192546749517 ], [ 126.541519273585408, 33.503259648005283 ], [ 126.541479286205231, 33.503224410828004 ] ], [ [ 126.54708477741913, 33.497892200823905 ], [ 126.546691952222716, 33.497677714518304 ], [ 126.547113815664488, 33.497907823629049 ], [ 126.54708477741913, 33.497892200823905 ] ], [ [ 126.547138444564268, 33.497920860734837 ], [ 126.547155316409132, 33.497929850112691 ], [ 126.547113815664488, 33.497907823629049 ], [ 126.547138444564268, 33.497920860734837 ] ], [ [ 126.547402083826952, 33.498046579773025 ], [ 126.547318421118618, 33.498008352399552 ], [ 126.547402083826952, 33.498046579773018 ], [ 126.547466889682354, 33.498075118061031 ], [ 126.547481028396348, 33.498081671462465 ], [ 126.547402083826952, 33.498046579773025 ] ], [ [ 126.548147262272138, 33.498485262017923 ], [ 126.548136062614773, 33.498479497060387 ], [ 126.548241134768816, 33.498534489495 ], [ 126.548147262272138, 33.498485262017923 ] ], [ [ 126.5487276334363, 33.49878627882542 ], [ 126.549011557305789, 33.498934487492143 ], [ 126.548939133875336, 33.498898550212701 ], [ 126.548840794860908, 33.498849279904967 ], [ 126.5487276334363, 33.49878627882542 ] ], [ [ 126.55011670604128, 33.49904953260269 ], [ 126.550112765338568, 33.499090374907269 ], [ 126.550147551053399, 33.498993728340878 ], [ 126.55011670604128, 33.49904953260269 ] ], [ [ 126.550151957483706, 33.498985756303476 ], [ 126.550151957483706, 33.498985756303483 ], [ 126.550092262153754, 33.498930181297744 ], [ 126.550151957483706, 33.498985756303476 ] ], [ [ 126.54993460839448, 33.498783818242522 ], [ 126.549735169095683, 33.498691735280751 ], [ 126.549580417646283, 33.4988043477071 ], [ 126.549549047888533, 33.498798228747042 ], [ 126.549483671610787, 33.498748754556985 ], [ 126.549580417646283, 33.498804347707093 ], [ 126.549790423909513, 33.498651148740088 ], [ 126.54993460839448, 33.498783818242522 ] ], [ [ 126.549430695963153, 33.498696530631506 ], [ 126.549391071492153, 33.498658502478733 ], [ 126.549483671610787, 33.498748754556985 ], [ 126.549430695963153, 33.498696530631506 ] ], [ [ 126.549253102212475, 33.498710993447588 ], [ 126.549263069984931, 33.49870631450154 ], [ 126.549214719441991, 33.498680859609202 ], [ 126.549253102212475, 33.498710993447588 ] ], [ [ 126.549070008407256, 33.498541457578845 ], [ 126.549053153415215, 33.498523373282922 ], [ 126.549119524696337, 33.498591914974753 ], [ 126.549070008407256, 33.498541457578845 ] ], [ [ 126.549566320266393, 33.498781567237579 ], [ 126.549544573698881, 33.498762422066228 ], [ 126.549685465711306, 33.498701498653716 ], [ 126.549566320266393, 33.498781567237579 ] ], [ [ 126.549784562829871, 33.498619319302186 ], [ 126.549771299088704, 33.498637539423264 ], [ 126.549784562829856, 33.498619319302172 ], [ 126.549784562829871, 33.498619319302186 ] ], [ [ 126.549640783649636, 33.498442696786128 ], [ 126.549664746846346, 33.498472133872141 ], [ 126.549631762313865, 33.498431262425612 ], [ 126.549640783649636, 33.498442696786128 ] ], [ [ 126.549603932626994, 33.498300580119519 ], [ 126.549595562284907, 33.498308301539872 ], [ 126.54961979717838, 33.498298460739619 ], [ 126.549603932626994, 33.498300580119519 ] ], [ [ 126.54977060962409, 33.498577056030342 ], [ 126.549770182007663, 33.498576509911878 ], [ 126.549776675078661, 33.498584765780564 ], [ 126.54977060962409, 33.498577056030342 ] ], [ [ 126.549803776465509, 33.498630848522303 ], [ 126.549801157846844, 33.498624809599711 ], [ 126.549841332972349, 33.498666174414481 ], [ 126.549803776465509, 33.498630848522303 ] ], [ [ 126.550163467463449, 33.498963835493313 ], [ 126.550489557198588, 33.498737650544946 ], [ 126.549841332972349, 33.498666174414481 ], [ 126.550163467463449, 33.498963835493313 ] ], [ [ 126.550741292781737, 33.498590921925334 ], [ 126.550665297465386, 33.498642836777314 ], [ 126.550757695424224, 33.498575073360577 ], [ 126.550741292781737, 33.498590921925334 ] ], [ [ 126.551025371778394, 33.498368089945068 ], [ 126.550979014921737, 33.498396175254825 ], [ 126.551025371778366, 33.498368089945075 ], [ 126.551025371778394, 33.498368089945068 ] ], [ [ 126.551849268149738, 33.498059383803025 ], [ 126.551826802746163, 33.49808227740958 ], [ 126.55186979610032, 33.49798320180706 ], [ 126.551849268149738, 33.498059383803025 ] ], [ [ 126.551913437833448, 33.497882273860334 ], [ 126.551892783663405, 33.49793063693086 ], [ 126.551921150062526, 33.497864098585765 ], [ 126.551913437833448, 33.497882273860334 ] ], [ [ 126.551930150516995, 33.497846766759913 ], [ 126.55192941311644, 33.49784785801436 ], [ 126.552006621701381, 33.497738050898171 ], [ 126.551930150516995, 33.497846766759913 ] ], [ [ 126.552438359477733, 33.497460988407347 ], [ 126.552414450330375, 33.497511469989114 ], [ 126.552480851752691, 33.49741788405715 ], [ 126.552438359477733, 33.497460988407347 ] ], [ [ 126.520270041097262, 33.498078306964061 ], [ 126.520270041097262, 33.498078306964054 ], [ 126.520411222007127, 33.498001588896322 ], [ 126.520270041097262, 33.498078306964061 ] ], [ [ 126.525742766570119, 33.500152439865616 ], [ 126.525742766570119, 33.500152439865609 ], [ 126.525786540964049, 33.500158946042369 ], [ 126.525742766570119, 33.500152439865616 ] ], [ [ 126.525681310451944, 33.500144080653335 ], [ 126.525677073626227, 33.500143496388397 ], [ 126.525704139918503, 33.500147215657123 ], [ 126.525681310451944, 33.500144080653335 ] ], [ [ 126.526207782229037, 33.500220132468826 ], [ 126.526137742081275, 33.500210097170708 ], [ 126.526157183264004, 33.500212948620153 ], [ 126.526207782229037, 33.500220132468826 ] ], [ [ 126.526731567764529, 33.500295580719332 ], [ 126.5267315677645, 33.50029558071931 ], [ 126.526780592136092, 33.500302413194575 ], [ 126.526825223754699, 33.500308684104532 ], [ 126.526731567764529, 33.500295580719332 ] ], [ [ 126.529382989447527, 33.500891659425513 ], [ 126.529382989447527, 33.50089165942552 ], [ 126.529228209153587, 33.50080087028666 ], [ 126.529382989447527, 33.500891659425513 ] ], [ [ 126.529995935484024, 33.501163819926845 ], [ 126.530018138365122, 33.501174629670814 ], [ 126.529606275703856, 33.500989899274423 ], [ 126.529995935484024, 33.501163819926845 ] ], [ [ 126.531014846638499, 33.501617061318143 ], [ 126.531014846638499, 33.501617061318129 ], [ 126.531159618490094, 33.501680709311003 ], [ 126.531014846638499, 33.501617061318143 ] ], [ [ 126.531249774603808, 33.501720418343247 ], [ 126.531249774603836, 33.501720418343211 ], [ 126.531371786781619, 33.501774205666315 ], [ 126.531249774603808, 33.501720418343247 ] ], [ [ 126.531681021828092, 33.501910711053824 ], [ 126.531681021828092, 33.50191071105381 ], [ 126.531746072677024, 33.501939285494494 ], [ 126.531681021828092, 33.501910711053824 ] ], [ [ 126.533344391763791, 33.502648833030797 ], [ 126.533344391763762, 33.502648833030776 ], [ 126.533570589673431, 33.502755641836892 ], [ 126.533344391763791, 33.502648833030797 ] ], [ [ 126.533833021527343, 33.502867908881726 ], [ 126.533662392440931, 33.502794810770034 ], [ 126.533756739390753, 33.502835179332877 ], [ 126.533833021527343, 33.502867908881726 ] ], [ [ 126.534370387689279, 33.503099918855156 ], [ 126.534223336300343, 33.503036091098267 ], [ 126.53437038768925, 33.503099918855099 ], [ 126.534493755512258, 33.503153153702023 ], [ 126.534370387689279, 33.503099918855156 ] ], [ [ 126.534775383023003, 33.503139004723863 ], [ 126.534775383023003, 33.503139004723856 ], [ 126.534778767513686, 33.503126990282595 ], [ 126.534775383023003, 33.503139004723863 ] ], [ [ 126.534836431477899, 33.502916984096004 ], [ 126.534836431477871, 33.502916984095997 ], [ 126.53484960885018, 33.502891996605605 ], [ 126.534836431477899, 33.502916984096004 ] ], [ [ 126.534914589640948, 33.502767425370862 ], [ 126.534914589640934, 33.502767425370862 ], [ 126.534918241559765, 33.50276072228619 ], [ 126.534914589640948, 33.502767425370862 ] ], [ [ 126.534967365142521, 33.502655123853437 ], [ 126.534967365142435, 33.502655123853657 ], [ 126.534918241559765, 33.50276072228619 ], [ 126.534967365142521, 33.502655123853437 ] ], [ [ 126.534928915534564, 33.502875417437231 ], [ 126.534929520176405, 33.502901133008216 ], [ 126.534929204324214, 33.502887788314183 ], [ 126.534928915534564, 33.502875417437231 ] ], [ [ 126.528824249479499, 33.497284501580161 ], [ 126.528824249479499, 33.497284501580189 ], [ 126.528766096233326, 33.497318197577549 ], [ 126.528824249479499, 33.497284501580161 ] ], [ [ 126.528659150701998, 33.49742539427389 ], [ 126.528609381903593, 33.497480561957452 ], [ 126.528766096233326, 33.497318197577549 ], [ 126.528659150701998, 33.49742539427389 ] ], [ [ 126.52844018049916, 33.497750456029216 ], [ 126.52844018049916, 33.497750456029237 ], [ 126.528281363864025, 33.497954825979747 ], [ 126.52844018049916, 33.497750456029216 ] ], [ [ 126.527601313922546, 33.498412362540606 ], [ 126.52801180948525, 33.498136187966885 ], [ 126.527674208378855, 33.498363405508435 ], [ 126.527601313922546, 33.498412362540606 ] ], [ [ 126.527157857125061, 33.498713636127476 ], [ 126.527157857125033, 33.498713636127498 ], [ 126.527068778103668, 33.498776235091263 ], [ 126.527157857125061, 33.498713636127476 ] ], [ [ 126.526939556726248, 33.498866918055157 ], [ 126.526939556726234, 33.498866918055164 ], [ 126.527068778103668, 33.498776235091263 ], [ 126.526939556726248, 33.498866918055157 ] ], [ [ 126.526766697131336, 33.498918295805701 ], [ 126.526766697131336, 33.498918295805709 ], [ 126.526532385634312, 33.499067088882931 ], [ 126.526766697131336, 33.498918295805701 ] ], [ [ 126.526297508576604, 33.499297608317676 ], [ 126.526297508576604, 33.499297608317683 ], [ 126.526184184293015, 33.49941708504074 ], [ 126.526297508576604, 33.499297608317676 ] ], [ [ 126.524793012165119, 33.504190230049218 ], [ 126.524691391815324, 33.503949791486583 ], [ 126.524690358187669, 33.503928936796484 ], [ 126.524793012165119, 33.504190230049218 ] ], [ [ 126.524694392921219, 33.503887232858993 ], [ 126.524694392921219, 33.503887232859014 ], [ 126.52468829093236, 33.503887227416307 ], [ 126.524694392921219, 33.503887232858993 ] ], [ [ 126.524984279813623, 33.503210804650799 ], [ 126.524739808768956, 33.502893569539012 ], [ 126.52473169863616, 33.502721957193259 ], [ 126.524984279813623, 33.503210804650799 ] ], [ [ 126.524742583618973, 33.502487405943931 ], [ 126.524744613132185, 33.502551056827045 ], [ 126.524744613132185, 33.502551056827052 ], [ 126.524742583618973, 33.502487405943931 ] ], [ [ 126.524757478368599, 33.502255601918542 ], [ 126.524802693145389, 33.502089927100087 ], [ 126.524738026367459, 33.502368541120404 ], [ 126.524757478368599, 33.502255601918542 ] ], [ [ 126.524776474323616, 33.501984324111376 ], [ 126.524808468920114, 33.50206876365538 ], [ 126.524766549220814, 33.501870938318739 ], [ 126.524776474323616, 33.501984324111376 ] ], [ [ 126.52468469008366, 33.501599065185047 ], [ 126.524634340413286, 33.50140002628131 ], [ 126.52460457354762, 33.501336264154979 ], [ 126.524634340413286, 33.501400026281303 ], [ 126.52468469008366, 33.501599065185047 ] ], [ [ 126.524379714200279, 33.500892912975907 ], [ 126.524507857327549, 33.501096101175428 ], [ 126.524556691123692, 33.501230986325567 ], [ 126.524379714200279, 33.500892912975907 ] ], [ [ 126.52437861591946, 33.500726232185457 ], [ 126.524377413939973, 33.500721049438425 ], [ 126.524384397735602, 33.500751219411832 ], [ 126.52437861591946, 33.500726232185457 ] ], [ [ 126.524375009981, 33.500710683944362 ], [ 126.524996127759465, 33.50038743095493 ], [ 126.524375009981, 33.500710683944376 ], [ 126.524375009981, 33.500710683944362 ] ], [ [ 126.464496061186352, 33.499642697920336 ], [ 126.464489027994716, 33.499669823182579 ], [ 126.464494074503705, 33.499642022140023 ], [ 126.464496061186352, 33.499642697920336 ] ], [ [ 126.54381167083308, 33.512260600248801 ], [ 126.54381167083308, 33.512260600248858 ], [ 126.543811012388616, 33.51224255705597 ], [ 126.54381167083308, 33.512260600248801 ] ], [ [ 126.543837772030741, 33.512237922547683 ], [ 126.543993453267902, 33.512222566324986 ], [ 126.543811012388616, 33.51224255705597 ], [ 126.543837772030741, 33.512237922547683 ] ], [ [ 126.546701917962409, 33.506899661736107 ], [ 126.54670191796238, 33.50689966173605 ], [ 126.546751159761214, 33.506843285793494 ], [ 126.546701917962409, 33.506899661736107 ] ], [ [ 126.55208622793559, 33.503578438723878 ], [ 126.55208622793559, 33.503578438723835 ], [ 126.55216153696604, 33.503458151289905 ], [ 126.55208622793559, 33.503578438723878 ] ], [ [ 126.528387358119929, 33.51524618748509 ], [ 126.528387358119929, 33.515246187485033 ], [ 126.528402042686992, 33.515239634921585 ], [ 126.528387358119929, 33.51524618748509 ] ], [ [ 126.528615840925156, 33.515133658087166 ], [ 126.528642970693738, 33.51511866905993 ], [ 126.528642970693753, 33.515118669059966 ], [ 126.528615840925156, 33.515133658087166 ] ], [ [ 126.528502340973148, 33.514652968036565 ], [ 126.52854382849857, 33.514719167566376 ], [ 126.528542471078325, 33.514719396798121 ], [ 126.528502340973148, 33.514652968036565 ] ], [ [ 126.538355769237612, 33.513819586246797 ], [ 126.538410696726629, 33.513823064274128 ], [ 126.538410686835704, 33.513824921505901 ], [ 126.538355769237612, 33.513819586246797 ] ], [ [ 126.591749984533408, 33.519355023881367 ], [ 126.59171136286102, 33.519359811125149 ], [ 126.59171136286102, 33.519359811125142 ], [ 126.591749984533408, 33.519355023881367 ] ], [ [ 126.594048176495548, 33.517966505463257 ], [ 126.593812974865173, 33.518091635213928 ], [ 126.59350155711104, 33.51826165972242 ], [ 126.594048176495548, 33.517966505463257 ] ], [ [ 126.595276222167257, 33.51759558076354 ], [ 126.594944295756562, 33.517663824446899 ], [ 126.595089261498984, 33.517626884010888 ], [ 126.595276222167257, 33.517595580763533 ], [ 126.595457122910062, 33.517522757240009 ], [ 126.595492893203286, 33.517512505105444 ], [ 126.595276222167257, 33.51759558076354 ] ], [ [ 126.595739594678264, 33.517506426036569 ], [ 126.595739594678264, 33.517506426036604 ], [ 126.595664134460677, 33.517478483172717 ], [ 126.595739594678264, 33.517506426036569 ] ], [ [ 126.595868575591638, 33.517577965621882 ], [ 126.595868575591638, 33.517577965621896 ], [ 126.595858817635118, 33.517575421252943 ], [ 126.595868575591638, 33.517577965621882 ] ], [ [ 126.596423943426728, 33.517489028275584 ], [ 126.596130976890834, 33.517593168522275 ], [ 126.595966574240464, 33.517592890352716 ], [ 126.596423943426728, 33.517489028275584 ] ], [ [ 126.596937685095057, 33.51751618540132 ], [ 126.596937685095028, 33.51751618540132 ], [ 126.596885967081761, 33.517502005859562 ], [ 126.596937685095057, 33.51751618540132 ] ], [ [ 126.597473162766718, 33.51740585582877 ], [ 126.597473162766718, 33.517405855828784 ], [ 126.597420214443162, 33.517419955197319 ], [ 126.597473162766718, 33.51740585582877 ] ], [ [ 126.597604659982892, 33.517290502409999 ], [ 126.597604659982892, 33.51729050241002 ], [ 126.597564852181279, 33.517326138542657 ], [ 126.597604659982892, 33.517290502409999 ] ], [ [ 126.59768958603064, 33.517213819529573 ], [ 126.597745125058552, 33.517165422872402 ], [ 126.597634762649434, 33.517263390559272 ], [ 126.59768958603064, 33.517213819529573 ] ], [ [ 126.597935481735703, 33.517148759456141 ], [ 126.597935481735703, 33.517148759456155 ], [ 126.597793202051548, 33.51715008118439 ], [ 126.597935481735703, 33.517148759456141 ] ], [ [ 126.597979810097243, 33.517120116064781 ], [ 126.597979810097243, 33.517120116064795 ], [ 126.597949554955463, 33.517143008067244 ], [ 126.597979810097243, 33.517120116064781 ] ], [ [ 126.598063973476911, 33.517047631845337 ], [ 126.598063973476911, 33.517047631845351 ], [ 126.598059069304043, 33.51705158394163 ], [ 126.598063973476911, 33.517047631845337 ] ], [ [ 126.598321784660939, 33.516873274076026 ], [ 126.598303738151728, 33.51688169030033 ], [ 126.598316739852919, 33.516874880523659 ], [ 126.598321784660939, 33.516873274076005 ], [ 126.598380506646734, 33.516813806953557 ], [ 126.598383756091081, 33.516811734852737 ], [ 126.598321784660939, 33.516873274076026 ] ], [ [ 126.598472055840389, 33.516710566221519 ], [ 126.598472055840389, 33.516710566221526 ], [ 126.598470510788772, 33.516712756436654 ], [ 126.598472055840389, 33.516710566221519 ] ], [ [ 126.598529220063142, 33.516631836015023 ], [ 126.598529220063142, 33.516631836015037 ], [ 126.59852480789371, 33.516637858654377 ], [ 126.598529220063142, 33.516631836015023 ] ], [ [ 126.598601210427589, 33.516459145276563 ], [ 126.598601210427589, 33.516459145276578 ], [ 126.598576270874872, 33.516531245424709 ], [ 126.598601210427589, 33.516459145276563 ] ], [ [ 126.598641754084028, 33.516334253704173 ], [ 126.598642923186489, 33.516332472697215 ], [ 126.598619930354431, 33.516398285752246 ], [ 126.598641754084028, 33.516334253704173 ] ], [ [ 126.598870722965628, 33.515716696901627 ], [ 126.598852900857665, 33.515762719228718 ], [ 126.598850741620993, 33.515771132492226 ], [ 126.598852900857636, 33.515762719228725 ], [ 126.5988707229656, 33.515716696901627 ], [ 126.598870641640701, 33.515708690524129 ], [ 126.598870722965628, 33.515716696901627 ] ], [ [ 126.598878424971517, 33.515675852879774 ], [ 126.598878424971517, 33.515675852879795 ], [ 126.598872587473409, 33.515700481113043 ], [ 126.598878424971517, 33.515675852879774 ] ], [ [ 126.598897512489856, 33.515598288047826 ], [ 126.598908710130502, 33.515550999999597 ], [ 126.598889001772534, 33.51563247571476 ], [ 126.598897512489856, 33.515598288047826 ] ], [ [ 126.599033726721302, 33.515579030761664 ], [ 126.599033726721302, 33.515579030761671 ], [ 126.598965921246744, 33.515552565273325 ], [ 126.599033726721302, 33.515579030761664 ] ], [ [ 126.599297323539389, 33.515658045314574 ], [ 126.599297323539389, 33.515658045314581 ], [ 126.599262982712816, 33.515649918728855 ], [ 126.599297323539389, 33.515658045314574 ] ], [ [ 126.59947849132395, 33.515521209894949 ], [ 126.599598746638137, 33.515484899244449 ], [ 126.59961326181849, 33.515471936381452 ], [ 126.599598746638137, 33.515484899244456 ], [ 126.59947849132395, 33.515521209894949 ] ], [ [ 126.599622615560037, 33.515467206322235 ], [ 126.599623483544178, 33.515465939245395 ], [ 126.59961326181849, 33.515471936381452 ], [ 126.599622615560037, 33.515467206322235 ] ], [ [ 126.599722486715223, 33.515388559929384 ], [ 126.599722486715223, 33.515388559929399 ], [ 126.599715416989469, 33.515393987116902 ], [ 126.599722486715223, 33.515388559929384 ] ], [ [ 126.599833138968307, 33.515272514955598 ], [ 126.59986179627461, 33.515225697583368 ], [ 126.599881251102687, 33.515177922296168 ], [ 126.599833138968307, 33.515272514955598 ] ], [ [ 126.600067895137855, 33.514959566994918 ], [ 126.600067895137855, 33.514959566994953 ], [ 126.600055881985014, 33.51496216973856 ], [ 126.600067895137855, 33.514959566994918 ] ], [ [ 126.600274709352988, 33.514820382169319 ], [ 126.600407729710298, 33.514785998909801 ], [ 126.60026478182634, 33.514822533153264 ], [ 126.600274709352988, 33.514820382169319 ] ], [ [ 126.600554413094912, 33.514645964297195 ], [ 126.600554413094912, 33.514645964297202 ], [ 126.600510117486408, 33.514686635940876 ], [ 126.600554413094912, 33.514645964297195 ] ], [ [ 126.600635843066499, 33.514591068467432 ], [ 126.600638006299533, 33.514589488432023 ], [ 126.600560198481517, 33.514642439767286 ], [ 126.600635843066499, 33.514591068467432 ] ], [ [ 126.600695699409286, 33.514551024121225 ], [ 126.600695699409286, 33.514551024121232 ], [ 126.600690017155245, 33.514554727019394 ], [ 126.600695699409286, 33.514551024121225 ] ], [ [ 126.60096029569003, 33.514370891876283 ], [ 126.600889987597739, 33.514422562719751 ], [ 126.600881210717887, 33.514428277473328 ], [ 126.60096029569003, 33.514370891876283 ] ], [ [ 126.60115844174338, 33.514077364047019 ], [ 126.60115844174338, 33.514077364047012 ], [ 126.601160090968818, 33.514083845793706 ], [ 126.60115844174338, 33.514077364047019 ] ], [ [ 126.601126919889381, 33.513950327405098 ], [ 126.601126919889381, 33.51395032740507 ], [ 126.601133464566971, 33.513933801948355 ], [ 126.601126919889381, 33.513950327405098 ] ], [ [ 126.601169210169942, 33.513844779676418 ], [ 126.601169210169942, 33.513844779676425 ], [ 126.601166897223266, 33.513850440633469 ], [ 126.601169210169942, 33.513844779676418 ] ], [ [ 126.601148633774187, 33.513811426515637 ], [ 126.601148633774216, 33.513811426515652 ], [ 126.601162863124387, 33.513834491478548 ], [ 126.601148633774187, 33.513811426515637 ] ], [ [ 126.601451200277467, 33.513109118459184 ], [ 126.601451200277467, 33.51310911845917 ], [ 126.601566381628004, 33.51304714526762 ], [ 126.601451200277467, 33.513109118459184 ] ], [ [ 126.601677941720467, 33.512712294109562 ], [ 126.601677941720467, 33.512712294109548 ], [ 126.601681519079563, 33.51272261472613 ], [ 126.601677941720467, 33.512712294109562 ] ], [ [ 126.601661847091265, 33.512490739576585 ], [ 126.601661847091265, 33.512490739576577 ], [ 126.60170587579691, 33.512459371030857 ], [ 126.601661847091265, 33.512490739576585 ] ], [ [ 126.601842186228311, 33.512161925367138 ], [ 126.601842186228311, 33.512161925367131 ], [ 126.601846234867025, 33.512215411724533 ], [ 126.601842186228311, 33.512161925367138 ] ], [ [ 126.601946702700474, 33.511794801320214 ], [ 126.601946702700474, 33.511794801320221 ], [ 126.601940148706504, 33.511804030504535 ], [ 126.601946702700474, 33.511794801320214 ] ], [ [ 126.602055378550958, 33.511646686796354 ], [ 126.602093502500011, 33.511625348475469 ], [ 126.60200939325486, 33.511676110731301 ], [ 126.602055378550958, 33.511646686796354 ] ], [ [ 126.602256175809799, 33.511507533244377 ], [ 126.602324811883392, 33.511478835848926 ], [ 126.602256175809799, 33.511507533244384 ], [ 126.602256175809799, 33.511507533244377 ] ], [ [ 126.602833835760478, 33.511323746330675 ], [ 126.602833835760478, 33.511323746330689 ], [ 126.60269071437304, 33.511331479444188 ], [ 126.602833835760478, 33.511323746330675 ] ], [ [ 126.60292029626531, 33.511292757271526 ], [ 126.60292029626531, 33.511292757271534 ], [ 126.602870060667087, 33.511311284635489 ], [ 126.60292029626531, 33.511292757271526 ] ], [ [ 126.603373830180075, 33.511154892275613 ], [ 126.603244604348632, 33.511243310772528 ], [ 126.603177127919878, 33.511246501937528 ], [ 126.603373830180075, 33.511154892275613 ] ], [ [ 126.60345059962566, 33.511101757881612 ], [ 126.603609435967996, 33.511038243818277 ], [ 126.603658910312006, 33.511036450281303 ], [ 126.60345059962566, 33.511101757881612 ] ], [ [ 126.604519278111127, 33.510844218078923 ], [ 126.604519278111127, 33.51084421807893 ], [ 126.604475148876446, 33.510834412535139 ], [ 126.604519278111127, 33.510844218078923 ] ], [ [ 126.604845448770476, 33.510883751288155 ], [ 126.604777441376896, 33.510859488202485 ], [ 126.604731884342954, 33.510854311484252 ], [ 126.604845448770476, 33.510883751288155 ] ], [ [ 126.604845448770476, 33.510883751288155 ], [ 126.605039511582916, 33.510952685720262 ], [ 126.605122161524577, 33.510923918872145 ], [ 126.604845448770476, 33.510883751288155 ] ], [ [ 126.605122161524577, 33.510923918872145 ], [ 126.605204140839675, 33.510782496113585 ], [ 126.605211350830643, 33.51067647309921 ], [ 126.605122161524577, 33.510923918872145 ] ], [ [ 126.60518752343441, 33.510617073277366 ], [ 126.60518752343441, 33.510617073277352 ], [ 126.605197005411313, 33.510643069398917 ], [ 126.60518752343441, 33.510617073277366 ] ], [ [ 126.605397630497663, 33.510218719076953 ], [ 126.605329191917207, 33.510324635554426 ], [ 126.605307692456705, 33.510359070693809 ], [ 126.605397630497663, 33.510218719076953 ] ], [ [ 126.605687585869376, 33.509985547461604 ], [ 126.605536575707006, 33.510018243631919 ], [ 126.605513240092819, 33.510048204672664 ], [ 126.605687585869376, 33.509985547461604 ] ], [ [ 126.606414191011751, 33.509925899504026 ], [ 126.606414191011751, 33.509925899504033 ], [ 126.606358985317456, 33.509940915310565 ], [ 126.606414191011751, 33.509925899504026 ] ], [ [ 126.606670776824558, 33.509885090731693 ], [ 126.606670776824529, 33.509885090731693 ], [ 126.606584314878518, 33.509881443314399 ], [ 126.606670776824558, 33.509885090731693 ] ], [ [ 126.607565192892096, 33.509785029263355 ], [ 126.607565192892096, 33.509785029263362 ], [ 126.607368695468082, 33.509771340505225 ], [ 126.607565192892096, 33.509785029263355 ] ], [ [ 126.608037455143389, 33.509343776293868 ], [ 126.607840670517987, 33.509491237686888 ], [ 126.607820522844222, 33.509505490951369 ], [ 126.608037455143389, 33.509343776293868 ] ], [ [ 126.608229140745095, 33.509245606397315 ], [ 126.608229140745095, 33.509245606397336 ], [ 126.60816101586218, 33.509278716904412 ], [ 126.608229140745095, 33.509245606397315 ] ], [ [ 126.608602358836777, 33.509133243742696 ], [ 126.608602358836777, 33.509133243742717 ], [ 126.608588720462734, 33.509136094614007 ], [ 126.608602358836777, 33.509133243742696 ] ], [ [ 126.609230668704086, 33.509028683919922 ], [ 126.609230668704058, 33.509028683919936 ], [ 126.609229616786521, 33.509029206291288 ], [ 126.609230668704086, 33.509028683919922 ] ], [ [ 126.609647387269959, 33.509257493417955 ], [ 126.609443562535702, 33.509157969459139 ], [ 126.609428833464705, 33.509149020300733 ], [ 126.609647387269959, 33.509257493417955 ] ], [ [ 126.609954758627623, 33.509338983973358 ], [ 126.60982386206247, 33.509320105806538 ], [ 126.609742937456062, 33.509294503308695 ], [ 126.609954758627623, 33.509338983973358 ] ], [ [ 126.610138189269946, 33.50968043674078 ], [ 126.610138189269918, 33.509680436740787 ], [ 126.610077755928401, 33.509581370213496 ], [ 126.610138189269946, 33.50968043674078 ] ], [ [ 126.610296009885246, 33.509879852939797 ], [ 126.610338774088689, 33.50991727770387 ], [ 126.610254914597832, 33.509827926835143 ], [ 126.610296009885246, 33.509879852939797 ] ], [ [ 126.61047616013461, 33.510025054611617 ], [ 126.61052826707369, 33.510088699994263 ], [ 126.610338774088689, 33.50991727770387 ], [ 126.61047616013461, 33.510025054611617 ] ], [ [ 126.610615475052995, 33.510347911897121 ], [ 126.610569070327969, 33.510241576190694 ], [ 126.6105461118606, 33.51013416039045 ], [ 126.610615475052995, 33.510347911897099 ], [ 126.610714353168476, 33.510462797839899 ], [ 126.610780138630062, 33.510550720997671 ], [ 126.610806258097455, 33.510626232594099 ], [ 126.610615475052995, 33.510347911897121 ] ], [ [ 126.610885555080841, 33.510908942307438 ], [ 126.610986831482094, 33.51124978054073 ], [ 126.610995194255707, 33.51138880509783 ], [ 126.610986831482094, 33.511249780540737 ], [ 126.610929485352131, 33.511103902808649 ], [ 126.610885555080841, 33.510908942307438 ] ], [ [ 126.611048933106744, 33.511729306777198 ], [ 126.611048732211714, 33.511730901959382 ], [ 126.611048933106744, 33.511729306777191 ], [ 126.611048933106744, 33.511729306777198 ] ], [ [ 126.61104011099367, 33.511800441516684 ], [ 126.611293697756579, 33.51213615397053 ], [ 126.611452303491461, 33.512368470150868 ], [ 126.611088563092082, 33.51191134552257 ], [ 126.61104011099367, 33.511800441516684 ] ], [ [ 126.611547277468986, 33.512550682901143 ], [ 126.611665029908679, 33.512704128357086 ], [ 126.611452303491461, 33.512368470150868 ], [ 126.611547277468986, 33.512550682901143 ] ], [ [ 126.611729179236519, 33.512791871536081 ], [ 126.611707368959486, 33.512853652035574 ], [ 126.611729179236519, 33.512791871536074 ], [ 126.611729179236519, 33.512791871536081 ] ], [ [ 126.611733402543024, 33.512959039660316 ], [ 126.611733402543024, 33.512959039660295 ], [ 126.61177771951067, 33.513065945348245 ], [ 126.611733402543024, 33.512959039660316 ] ], [ [ 126.61177771951067, 33.513065945348245 ], [ 126.611844861149862, 33.51343077759315 ], [ 126.611862082815819, 33.51347014908432 ], [ 126.61177771951067, 33.513065945348245 ] ], [ [ 126.611817930435691, 33.513836019018569 ], [ 126.611699489468776, 33.514149690228912 ], [ 126.611682652482443, 33.514186431163331 ], [ 126.611817930435691, 33.513836019018569 ] ], [ [ 126.611626765302788, 33.514590708671349 ], [ 126.61164247838083, 33.514427759634778 ], [ 126.611664543043005, 33.514355047156947 ], [ 126.611626765302788, 33.514590708671349 ] ], [ [ 126.611647585306244, 33.51462588208323 ], [ 126.611566130482856, 33.514719057598086 ], [ 126.611550833312506, 33.514789216281429 ], [ 126.611566130482842, 33.514719057598093 ], [ 126.611647585306216, 33.51462588208323 ], [ 126.611626765302788, 33.514590708671349 ], [ 126.611647585306244, 33.51462588208323 ] ], [ [ 126.611559292037484, 33.514907107758191 ], [ 126.611559292037512, 33.514907107758191 ], [ 126.611510756184103, 33.515042373849617 ], [ 126.611559292037484, 33.514907107758191 ] ], [ [ 126.611700469879594, 33.515490743942053 ], [ 126.611647568455894, 33.515297052669936 ], [ 126.611602744362372, 33.515271829424357 ], [ 126.611700469879594, 33.515490743942053 ] ], [ [ 126.611700615509079, 33.515492819467134 ], [ 126.611698869778294, 33.515497279851601 ], [ 126.611700615509079, 33.515492819467127 ], [ 126.611700615509079, 33.515492819467134 ] ], [ [ 126.611667276166429, 33.515577968941656 ], [ 126.611667276166429, 33.515577968941592 ], [ 126.611690268834849, 33.515519249406189 ], [ 126.611667276166429, 33.515577968941656 ] ], [ [ 126.611655717276847, 33.515753544759647 ], [ 126.611654519157113, 33.515746544154233 ], [ 126.611654519157113, 33.515746544154226 ], [ 126.611655717276847, 33.515753544759647 ] ], [ [ 126.611659176434202, 33.516044976031893 ], [ 126.611647522881526, 33.515972217136323 ], [ 126.611647522881526, 33.515972217136316 ], [ 126.611659176434202, 33.516044976031893 ] ], [ [ 126.61165719846386, 33.516462144429084 ], [ 126.611623595780429, 33.516608330674948 ], [ 126.611657198463831, 33.516462144429106 ], [ 126.611604229650879, 33.516248823934703 ], [ 126.61165719846386, 33.516462144429084 ] ], [ [ 126.611850139968368, 33.516984645459331 ], [ 126.611850293491514, 33.51696720018117 ], [ 126.611850139968396, 33.516984645459324 ], [ 126.611850139968368, 33.516984645459331 ] ], [ [ 126.563887694759075, 33.380566832974822 ], [ 126.56343210145063, 33.380760088459212 ], [ 126.563460205460785, 33.380774856755437 ], [ 126.563887694759075, 33.380566832974822 ] ], [ [ 126.562071901035281, 33.380078914582135 ], [ 126.562240658775465, 33.380145788712944 ], [ 126.56199275463797, 33.38004738916392 ], [ 126.562071901035281, 33.380078914582135 ] ], [ [ 126.561866652965094, 33.379997160624022 ], [ 126.561866652965108, 33.379997160624029 ], [ 126.561648231084789, 33.380098806754894 ], [ 126.561866652965094, 33.379997160624022 ] ], [ [ 126.560911015236627, 33.380438554494894 ], [ 126.56099451872673, 33.38040073212531 ], [ 126.560911015236641, 33.380438554494901 ], [ 126.560911015236627, 33.380438554494894 ] ], [ [ 126.56030263727483, 33.378131885757639 ], [ 126.560304868693393, 33.378144752594174 ], [ 126.560293197621831, 33.378112139100324 ], [ 126.56030263727483, 33.378131885757639 ] ], [ [ 126.559475020418702, 33.375594694431619 ], [ 126.55941860746313, 33.376284449052619 ], [ 126.559475020418702, 33.375594694431612 ], [ 126.559493793944299, 33.375318400382369 ], [ 126.55949541291082, 33.375299876888128 ], [ 126.559475020418702, 33.375594694431619 ] ], [ [ 126.559648342167833, 33.373545667528631 ], [ 126.559591574799924, 33.374200922637122 ], [ 126.559666672979233, 33.373352500060918 ], [ 126.559648342167833, 33.373545667528631 ] ], [ [ 126.641287028371352, 33.437939787588363 ], [ 126.641336976231528, 33.438150362073074 ], [ 126.640851505727198, 33.435911846047958 ], [ 126.641287028371352, 33.437939787588363 ] ], [ [ 126.640612208451756, 33.434939168372502 ], [ 126.640474321873555, 33.434597403346018 ], [ 126.640851505727198, 33.435911846047958 ], [ 126.640612208451756, 33.434939168372502 ] ], [ [ 126.639663729856139, 33.432642349435227 ], [ 126.639941024099585, 33.433327780934363 ], [ 126.639615963249199, 33.432443348244888 ], [ 126.639663729856139, 33.432642349435227 ] ], [ [ 126.637837353829823, 33.431409152946195 ], [ 126.637930098958989, 33.431452987120331 ], [ 126.637819062373367, 33.431356695171168 ], [ 126.637837353829823, 33.431409152946195 ] ], [ [ 126.636736054464279, 33.427282499876831 ], [ 126.636967954146073, 33.428140101326015 ], [ 126.636118043236664, 33.42707963159426 ], [ 126.636736054464279, 33.427282499876831 ] ], [ [ 126.633907369265089, 33.427025878422299 ], [ 126.634353969693692, 33.426817487485586 ], [ 126.633623698024763, 33.426936310989902 ], [ 126.633907369265089, 33.427025878422299 ] ], [ [ 126.630408258604021, 33.424505029477444 ], [ 126.630551765171163, 33.424744494594385 ], [ 126.629812092862025, 33.424415632245392 ], [ 126.630408258604021, 33.424505029477444 ] ], [ [ 126.628529339155492, 33.423799652930533 ], [ 126.628721058478618, 33.424089427468608 ], [ 126.628490331202727, 33.423740700189995 ], [ 126.628529339155492, 33.423799652930533 ] ], [ [ 126.626993125041295, 33.4226714926521 ], [ 126.627585822877506, 33.423028782328217 ], [ 126.62661573153575, 33.4224536526647 ], [ 126.626993125041295, 33.4226714926521 ] ], [ [ 126.62585965517907, 33.422024078218577 ], [ 126.62563102039833, 33.421776012836659 ], [ 126.62661573153575, 33.4224536526647 ], [ 126.62585965517907, 33.422024078218577 ] ], [ [ 126.622903748527833, 33.418997751138477 ], [ 126.623891799513842, 33.419229299974091 ], [ 126.622668824817211, 33.419023264131816 ], [ 126.622903748527833, 33.418997751138477 ] ], [ [ 126.622147502026948, 33.418014847808919 ], [ 126.62219797966759, 33.418027907903138 ], [ 126.622101688586056, 33.417945800474847 ], [ 126.622147502026948, 33.418014847808919 ] ], [ [ 126.621282523733001, 33.416316129269404 ], [ 126.621294680932294, 33.416587357204378 ], [ 126.621127638343864, 33.415963481783869 ], [ 126.621282523733001, 33.416316129269404 ] ], [ [ 126.620515930265952, 33.415208221596274 ], [ 126.619145326997199, 33.41442193669554 ], [ 126.620856812064957, 33.415474817191431 ], [ 126.620515930265952, 33.415208221596274 ] ], [ [ 126.618954680630836, 33.414225655881332 ], [ 126.618989686371322, 33.414272113012501 ], [ 126.618874501987534, 33.414118027498979 ], [ 126.618954680630836, 33.414225655881332 ] ], [ [ 126.618645532985042, 33.413682612639739 ], [ 126.618633966057629, 33.413795142351894 ], [ 126.618662925820146, 33.413562960181821 ], [ 126.618645532985042, 33.413682612639739 ] ], [ [ 126.617853861838896, 33.411615492251222 ], [ 126.61831409481097, 33.411902073657004 ], [ 126.617820392602553, 33.411552501815365 ], [ 126.617853861838896, 33.411615492251222 ] ], [ [ 126.61778374005948, 33.411193802032969 ], [ 126.61778374005948, 33.411193802033004 ], [ 126.617588267406845, 33.410986395045001 ], [ 126.61778374005948, 33.411193802032969 ] ], [ [ 126.61712885740566, 33.410183465338221 ], [ 126.617160345458743, 33.410393479135784 ], [ 126.617183391765764, 33.409895859743926 ], [ 126.61712885740566, 33.410183465338221 ] ], [ [ 126.615388018039766, 33.407563514201527 ], [ 126.615520893078596, 33.407732870344738 ], [ 126.615438755129816, 33.407363261023242 ], [ 126.615388018039766, 33.407563514201527 ] ], [ [ 126.615261540568753, 33.405713735474137 ], [ 126.615241299256581, 33.405731535404477 ], [ 126.615241299256581, 33.405731535404463 ], [ 126.615261540568753, 33.405713735474137 ] ], [ [ 126.615818256442694, 33.404382975706085 ], [ 126.615296105466484, 33.405132859137574 ], [ 126.61529610546647, 33.405132859137559 ], [ 126.615818256442694, 33.404382975706085 ] ], [ [ 126.61510606291651, 33.403922312137887 ], [ 126.615325343487314, 33.403995573802092 ], [ 126.61510606291651, 33.403922312137922 ], [ 126.61510606291651, 33.403922312137887 ] ], [ [ 126.614441652598259, 33.402963439543377 ], [ 126.614567653890504, 33.40300356903343 ], [ 126.613908607815318, 33.402571963129375 ], [ 126.614441652598259, 33.402963439543377 ] ], [ [ 126.612182947248613, 33.402949794675123 ], [ 126.612640026398168, 33.402945294743951 ], [ 126.612051288482661, 33.403166659859828 ], [ 126.612182947248613, 33.402949794675123 ] ], [ [ 126.60874414497961, 33.397690412801218 ], [ 126.608875890515932, 33.39785780318865 ], [ 126.608720297189635, 33.397661472150233 ], [ 126.60874414497961, 33.397690412801218 ] ], [ [ 126.608013085799584, 33.396909244628318 ], [ 126.608525708975804, 33.397450006839627 ], [ 126.607929438226691, 33.396866447612915 ], [ 126.608013085799584, 33.396909244628318 ] ], [ [ 126.603010979253654, 33.393445796583961 ], [ 126.60362586144268, 33.393689097244149 ], [ 126.6024489123173, 33.393872435068893 ], [ 126.603010979253654, 33.393445796583961 ] ], [ [ 126.600299489242076, 33.393879545841685 ], [ 126.600522367072742, 33.39375429416544 ], [ 126.600168236704064, 33.394310856203894 ], [ 126.600299489242076, 33.393879545841685 ] ], [ [ 126.598688079602965, 33.394051674220528 ], [ 126.598688079602979, 33.394051674220535 ], [ 126.597862578442985, 33.39431702287483 ], [ 126.598688079602965, 33.394051674220528 ] ], [ [ 126.595799424006046, 33.392405112237832 ], [ 126.596025742595202, 33.392922968354334 ], [ 126.596025742595188, 33.39292296835432 ], [ 126.595799424006046, 33.392405112237832 ] ], [ [ 126.593555945565541, 33.392256073414977 ], [ 126.594150519207773, 33.392287096280747 ], [ 126.593429544167947, 33.392214774355288 ], [ 126.593555945565541, 33.392256073414977 ] ], [ [ 126.59105659073154, 33.391426837672 ], [ 126.591146018311946, 33.391443357119726 ], [ 126.591146018311917, 33.391443357119726 ], [ 126.59105659073154, 33.391426837672 ] ], [ [ 126.589472769792152, 33.390733588259344 ], [ 126.589844152075528, 33.390912463822652 ], [ 126.589317132578373, 33.390805461604643 ], [ 126.589472769792152, 33.390733588259344 ] ], [ [ 126.585555763692824, 33.389620909554104 ], [ 126.585763884331115, 33.38983799231071 ], [ 126.585434275226419, 33.38964765171977 ], [ 126.585555763692824, 33.389620909554104 ] ], [ [ 126.581261488147632, 33.387877121651528 ], [ 126.581661559211497, 33.387918904288838 ], [ 126.581261488147646, 33.387877121651542 ], [ 126.581261488147632, 33.387877121651528 ] ], [ [ 126.580752938417476, 33.387027347620588 ], [ 126.581008375311157, 33.387402578314337 ], [ 126.580616215697731, 33.386983841395185 ], [ 126.580752938417476, 33.387027347620588 ] ], [ [ 126.580017566256188, 33.387005757479677 ], [ 126.580107298900714, 33.386985881540475 ], [ 126.580017566256188, 33.387005757479685 ], [ 126.580017566256188, 33.387005757479677 ] ], [ [ 126.578144921352504, 33.386320972167546 ], [ 126.579857775249948, 33.386889611299225 ], [ 126.579352802625635, 33.386777944025816 ], [ 126.578144921352504, 33.386320972167546 ] ], [ [ 126.577748796148271, 33.385096617592652 ], [ 126.57706033649599, 33.384237603813425 ], [ 126.578144921352504, 33.386320972167546 ], [ 126.577748796148271, 33.385096617592652 ] ], [ [ 126.574384412714465, 33.383269883989776 ], [ 126.574709973436342, 33.383406568699968 ], [ 126.573863004933244, 33.382723473332298 ], [ 126.574384412714465, 33.383269883989776 ] ], [ [ 126.572495007271627, 33.381363746424746 ], [ 126.572887265592755, 33.381766015598529 ], [ 126.57210618948406, 33.380886245413258 ], [ 126.572495007271627, 33.381363746424746 ] ], [ [ 126.5716476659573, 33.380720386057519 ], [ 126.571180525861863, 33.380740658683003 ], [ 126.57210618948406, 33.380886245413258 ], [ 126.5716476659573, 33.380720386057519 ] ], [ [ 126.565021121904095, 33.37958019646041 ], [ 126.565233233655405, 33.379359461934129 ], [ 126.564779748509807, 33.379908571695879 ], [ 126.565021121904095, 33.37958019646041 ] ], [ [ 126.580745525924627, 33.47416442012878 ], [ 126.581427974524757, 33.473661137631076 ], [ 126.581038681067284, 33.474074795218819 ], [ 126.580745525924627, 33.47416442012878 ] ], [ [ 126.600451401400463, 33.464798454518743 ], [ 126.600309164668118, 33.464659536260207 ], [ 126.600568821276951, 33.464790223913695 ], [ 126.600451401400463, 33.464798454518743 ] ], [ [ 126.705826364986734, 33.552937801369204 ], [ 126.705826823352183, 33.552936008303234 ], [ 126.70582244624562, 33.552946268168299 ], [ 126.705826364986734, 33.552937801369204 ] ], [ [ 126.705847406399698, 33.552855410387451 ], [ 126.705847406399698, 33.552855410387458 ], [ 126.705840850960826, 33.552881080982068 ], [ 126.705847406399698, 33.552855410387451 ] ], [ [ 126.70577421689687, 33.552151483124966 ], [ 126.705585998955343, 33.551616977948655 ], [ 126.705754357042053, 33.552018162966306 ], [ 126.70577421689687, 33.552151483124966 ] ], [ [ 126.705491770195508, 33.551257970319732 ], [ 126.705355230297812, 33.55126357192507 ], [ 126.705318306786481, 33.551241584072741 ], [ 126.705355230297812, 33.551263571925062 ], [ 126.705470490411571, 33.55124446326775 ], [ 126.705491770195508, 33.551257970319732 ] ], [ [ 126.705293510737206, 33.551184048538111 ], [ 126.705288190523717, 33.55108959445289 ], [ 126.705318306786481, 33.551241584072741 ], [ 126.705293510737206, 33.551184048538111 ] ], [ [ 126.705338012808184, 33.550935073163991 ], [ 126.705349740627057, 33.550972490065412 ], [ 126.705349740627057, 33.550972490065419 ], [ 126.705338012808184, 33.550935073163991 ] ], [ [ 126.705383115676597, 33.550008704269366 ], [ 126.705384124933971, 33.550014842061451 ], [ 126.705384124933971, 33.550014842061458 ], [ 126.705383115676597, 33.550008704269366 ] ], [ [ 126.705061954734518, 33.549778035711064 ], [ 126.705061954734532, 33.549778035711057 ], [ 126.705162592180713, 33.549821516667713 ], [ 126.705061954734518, 33.549778035711064 ] ], [ [ 126.705248173426526, 33.549471291972928 ], [ 126.705424399794708, 33.549467376637431 ], [ 126.705248173426526, 33.549471291972942 ], [ 126.705248173426526, 33.549471291972928 ] ], [ [ 126.705604544463895, 33.549018148808642 ], [ 126.705604544463895, 33.549018148808649 ], [ 126.705450240021051, 33.549310075142742 ], [ 126.705604544463895, 33.549018148808642 ] ], [ [ 126.705366433996161, 33.548723075953355 ], [ 126.705371127623948, 33.548628636755289 ], [ 126.705554072524563, 33.548955602632518 ], [ 126.705366433996161, 33.548723075953355 ] ], [ [ 126.705036933182129, 33.548326183941263 ], [ 126.705036933182143, 33.548326183941263 ], [ 126.705371127623948, 33.548628636755289 ], [ 126.705036933182129, 33.548326183941263 ] ], [ [ 126.704671568332884, 33.548225620403535 ], [ 126.704607435636945, 33.548140960822849 ], [ 126.704675894146632, 33.548270529880639 ], [ 126.704671568332884, 33.548225620403535 ] ], [ [ 126.704683582506831, 33.548056933871784 ], [ 126.704869558159757, 33.5480752678735 ], [ 126.704917794031701, 33.548012934814203 ], [ 126.704683582506831, 33.548056933871784 ] ], [ [ 126.705210999406376, 33.547853221256332 ], [ 126.705240719394567, 33.547761158985047 ], [ 126.705188389720433, 33.547860210469381 ], [ 126.705210999406376, 33.547853221256332 ] ], [ [ 126.705416740016787, 33.547484918284205 ], [ 126.705368658792068, 33.547410485401535 ], [ 126.705240719394567, 33.547761158985047 ], [ 126.705416740016787, 33.547484918284205 ] ], [ [ 126.705500230846212, 33.547301608422686 ], [ 126.705501679029126, 33.547293198671902 ], [ 126.705434444819147, 33.547356046912114 ], [ 126.705500230846212, 33.547301608422686 ] ], [ [ 126.705626632881291, 33.547177319817223 ], [ 126.705736827373357, 33.547012592191784 ], [ 126.705626632881291, 33.54717731981723 ], [ 126.705626632881291, 33.547177319817223 ] ], [ [ 126.705866209507562, 33.546559789497898 ], [ 126.705908565205135, 33.546877051496281 ], [ 126.705908565205135, 33.546877051496288 ], [ 126.705866209507562, 33.546559789497898 ] ], [ [ 126.706004361244183, 33.544877014688915 ], [ 126.706039715897589, 33.54465679454573 ], [ 126.706032442152022, 33.545215637391351 ], [ 126.706004361244183, 33.544877014688915 ] ], [ [ 126.706019548000612, 33.544407025426651 ], [ 126.706045391815778, 33.544621439892325 ], [ 126.706045391815778, 33.544621439892332 ], [ 126.706019548000612, 33.544407025426651 ] ], [ [ 126.706353417059589, 33.543908187538825 ], [ 126.706472958722657, 33.543788948570295 ], [ 126.706193437269732, 33.544069643183519 ], [ 126.706353417059589, 33.543908187538825 ] ], [ [ 126.706609778994718, 33.543568808668262 ], [ 126.706623236210831, 33.543521660527659 ], [ 126.706543740775174, 33.543696992708078 ], [ 126.706609778994718, 33.543568808668262 ] ], [ [ 126.70667283146706, 33.543166161636904 ], [ 126.705841496134411, 33.542571316373845 ], [ 126.70573690016127, 33.542478518564394 ], [ 126.705841496134411, 33.542571316373831 ], [ 126.706231031564883, 33.542637069624107 ], [ 126.706360107686194, 33.542699460626899 ], [ 126.70667283146706, 33.543166161636904 ] ], [ [ 126.705672725587362, 33.541885371888 ], [ 126.705703900482774, 33.541643513771753 ], [ 126.705732255470963, 33.541366531989361 ], [ 126.705703900482774, 33.54164351377176 ], [ 126.705672725587391, 33.541885371887993 ], [ 126.70566053633101, 33.542028037361796 ], [ 126.705672725587362, 33.541885371888 ] ], [ [ 126.706025438074093, 33.541022824276254 ], [ 126.705999628712092, 33.540624485458245 ], [ 126.706054494189416, 33.540653277840605 ], [ 126.706068693307969, 33.540796348912544 ], [ 126.706025438074093, 33.541022824276254 ] ], [ [ 126.705649447168568, 33.540598765891126 ], [ 126.705621744966635, 33.540560769858004 ], [ 126.705711309102355, 33.540602754365715 ], [ 126.705649447168568, 33.540598765891126 ] ], [ [ 126.705476929459635, 33.540236798291261 ], [ 126.705768735531279, 33.53893651894046 ], [ 126.705951274007361, 33.53871968933219 ], [ 126.705476929459635, 33.540236798291261 ] ], [ [ 126.706260387671122, 33.53836446951567 ], [ 126.706260387671122, 33.538364469515692 ], [ 126.706130132074847, 33.538406439990922 ], [ 126.706260387671122, 33.53836446951567 ] ], [ [ 126.706253667169634, 33.538314460330298 ], [ 126.706347496333137, 33.537998726081319 ], [ 126.706253667169634, 33.538314460330319 ], [ 126.706253667169634, 33.538314460330298 ] ], [ [ 126.706410726028324, 33.536833927469146 ], [ 126.706410726028324, 33.536833927469125 ], [ 126.706651098970838, 33.537224771100242 ], [ 126.706410726028324, 33.536833927469146 ] ], [ [ 126.706273569134737, 33.535048875388568 ], [ 126.706571233296742, 33.534773454095138 ], [ 126.706273569134737, 33.535048875388583 ], [ 126.706273569134737, 33.535048875388568 ] ], [ [ 126.707567521167903, 33.533718435838843 ], [ 126.707634803129466, 33.533684542336644 ], [ 126.707535108354435, 33.533791743751408 ], [ 126.707567521167903, 33.533718435838843 ] ], [ [ 126.707703161680584, 33.533860803154724 ], [ 126.707617492305772, 33.533818117040731 ], [ 126.707617492305786, 33.533818117040717 ], [ 126.707703161680584, 33.533860803154724 ] ], [ [ 126.707906363178452, 33.533612797338279 ], [ 126.707809133494564, 33.533597874711184 ], [ 126.707703161680584, 33.533860803154724 ], [ 126.707906363178452, 33.533612797338279 ] ], [ [ 126.707650756364046, 33.533573567290198 ], [ 126.708300548462262, 33.532815407994605 ], [ 126.70765075636406, 33.533573567290198 ], [ 126.707650756364046, 33.533573567290198 ] ], [ [ 126.710627599325392, 33.531065818903052 ], [ 126.711223910092613, 33.530517897237104 ], [ 126.710413061167955, 33.53117661651001 ], [ 126.710627599325392, 33.531065818903052 ] ], [ [ 126.71229492641109, 33.529388704129637 ], [ 126.713600737124892, 33.528038671934517 ], [ 126.713331289529094, 33.526560895444348 ], [ 126.71229492641109, 33.529388704129637 ] ], [ [ 126.714178472567212, 33.524961436451299 ], [ 126.714275157909029, 33.524862837000541 ], [ 126.713729336035257, 33.525417736027997 ], [ 126.714178472567212, 33.524961436451299 ] ], [ [ 126.71482618291823, 33.52431777496809 ], [ 126.714949961691886, 33.524196138822234 ], [ 126.714553579117805, 33.524585652517104 ], [ 126.71482618291823, 33.52431777496809 ] ], [ [ 126.7197887143965, 33.519429736586545 ], [ 126.718906114343824, 33.52018111663704 ], [ 126.717443836814894, 33.521667944783616 ], [ 126.718906114343795, 33.52018111663704 ], [ 126.7197887143965, 33.519429736586545 ] ], [ [ 126.723494387763608, 33.515118789180725 ], [ 126.723739074770577, 33.514665236606398 ], [ 126.723888334320549, 33.514457144688855 ], [ 126.723494387763608, 33.515118789180725 ] ], [ [ 126.731755244331026, 33.508182649583269 ], [ 126.731860712544858, 33.508090501582856 ], [ 126.730222594208797, 33.509119645988392 ], [ 126.731755244331026, 33.508182649583269 ] ], [ [ 126.732615723391405, 33.507524271699104 ], [ 126.733049416260783, 33.507262350921287 ], [ 126.732159127111288, 33.50787462318479 ], [ 126.732615723391405, 33.507524271699104 ] ], [ [ 126.734496936254828, 33.506477557135057 ], [ 126.734497357216796, 33.5063579775614 ], [ 126.734497244554731, 33.506296497510988 ], [ 126.734496936254828, 33.506477557135057 ] ], [ [ 126.734324807833715, 33.505277503137656 ], [ 126.734292883360411, 33.504673611683437 ], [ 126.734497244554731, 33.506296497510988 ], [ 126.734324807833715, 33.505277503137656 ] ], [ [ 126.734222594082027, 33.503982490181585 ], [ 126.734119741138386, 33.503443602571849 ], [ 126.73402467078833, 33.503040247363892 ], [ 126.734222594082027, 33.503982490181585 ] ], [ [ 126.733492811622796, 33.499663316033761 ], [ 126.734189343185676, 33.501529519662185 ], [ 126.7340140574141, 33.502131155476093 ], [ 126.733898694457125, 33.502378808788663 ], [ 126.733492811622796, 33.499663316033761 ] ], [ [ 126.733050425260984, 33.49503794206808 ], [ 126.733070900560278, 33.494623578394922 ], [ 126.733004227546374, 33.496077762263646 ], [ 126.733050425260984, 33.49503794206808 ] ], [ [ 126.732879395512086, 33.493843955934416 ], [ 126.732645163876072, 33.493607509219643 ], [ 126.733098502603781, 33.494065177545195 ], [ 126.732879395512086, 33.493843955934416 ] ], [ [ 126.732833906726583, 33.492673511667533 ], [ 126.732913589671597, 33.492279334509455 ], [ 126.732734432608737, 33.493165757692893 ], [ 126.732833906726583, 33.492673511667533 ] ], [ [ 126.732940523632095, 33.491867723341592 ], [ 126.732940523632124, 33.491867723341599 ], [ 126.732973996050674, 33.491980531614487 ], [ 126.732940523632095, 33.491867723341592 ] ], [ [ 126.731516938654764, 33.49079448032677 ], [ 126.731516938654778, 33.490794480326755 ], [ 126.732131039033632, 33.491116811808986 ], [ 126.731516938654764, 33.49079448032677 ] ], [ [ 126.731493936672621, 33.490408176697713 ], [ 126.731415766360755, 33.490115627265276 ], [ 126.731379550459224, 33.489883959407955 ], [ 126.731493936672621, 33.490408176697713 ] ], [ [ 126.73024405285588, 33.487418282974623 ], [ 126.73041381380456, 33.488713998393493 ], [ 126.731053921767369, 33.489363063299251 ], [ 126.73024405285588, 33.487418282974623 ] ], [ [ 126.730052703872843, 33.486698253525532 ], [ 126.730038623057212, 33.486645235763042 ], [ 126.73024405285588, 33.487418282974623 ], [ 126.730052703872843, 33.486698253525532 ] ], [ [ 126.730882043082346, 33.484978544937597 ], [ 126.730560003146039, 33.485266227070809 ], [ 126.731075184125714, 33.48480043170732 ], [ 126.730882043082346, 33.484978544937597 ] ], [ [ 126.731724049098375, 33.484011269109175 ], [ 126.731797999383488, 33.483855007047197 ], [ 126.731656708648018, 33.484148862810869 ], [ 126.731724049098375, 33.484011269109175 ] ], [ [ 126.731985904961306, 33.483430758010932 ], [ 126.732005092512352, 33.483255853451276 ], [ 126.731922005857299, 33.483552426483627 ], [ 126.731985904961306, 33.483430758010932 ] ], [ [ 126.732240279242404, 33.483093896198156 ], [ 126.732240279242404, 33.483093896198163 ], [ 126.732156462205111, 33.483177635011977 ], [ 126.732240279242404, 33.483093896198156 ] ], [ [ 126.731798976528879, 33.482698911403709 ], [ 126.731607438468785, 33.482717067557701 ], [ 126.731934402818879, 33.482743185786688 ], [ 126.731798976528879, 33.482698911403709 ] ], [ [ 126.731059412589289, 33.482929047772721 ], [ 126.730874386370886, 33.482952004556857 ], [ 126.731171124584748, 33.482925651372909 ], [ 126.731059412589289, 33.482929047772721 ] ], [ [ 126.73048765052765, 33.483131200271735 ], [ 126.73042499917004, 33.48305828626966 ], [ 126.730396371605011, 33.482929340118574 ], [ 126.73048765052765, 33.483131200271735 ] ], [ [ 126.730459065625411, 33.482639387689417 ], [ 126.730459065625411, 33.482639387689424 ], [ 126.730457632117336, 33.482649800628444 ], [ 126.730459065625411, 33.482639387689417 ] ], [ [ 126.730412651939645, 33.482465809570506 ], [ 126.73040974362533, 33.482427983387112 ], [ 126.730424255361086, 33.482509204100232 ], [ 126.730412651939645, 33.482465809570506 ] ], [ [ 126.730315066630226, 33.482299224139084 ], [ 126.730219807463584, 33.482242593721622 ], [ 126.73034944745109, 33.482305336418214 ], [ 126.730315066630226, 33.482299224139084 ] ], [ [ 126.729977677465598, 33.482191267720232 ], [ 126.72987495284741, 33.482144601393358 ], [ 126.72987495284741, 33.482144601393344 ], [ 126.729977677465598, 33.482191267720232 ] ], [ [ 126.729913228413508, 33.482025845450835 ], [ 126.729913228413537, 33.482025845450821 ], [ 126.729881121039625, 33.482125463610295 ], [ 126.729913228413508, 33.482025845450835 ] ], [ [ 126.729880318325172, 33.481699595850941 ], [ 126.729816041555694, 33.481514750450295 ], [ 126.729700122584319, 33.48130747124209 ], [ 126.729880318325172, 33.481699595850941 ] ], [ [ 126.729541401055144, 33.48081862780051 ], [ 126.729488693708703, 33.480787782174744 ], [ 126.729566645066399, 33.48107608973627 ], [ 126.729541401055144, 33.48081862780051 ] ], [ [ 126.728872912342823, 33.480436856429748 ], [ 126.728700607905779, 33.480324241914225 ], [ 126.729045373761451, 33.480621531350444 ], [ 126.728872912342823, 33.480436856429748 ] ], [ [ 126.728611242395175, 33.480168082165456 ], [ 126.728508720994014, 33.480026693122511 ], [ 126.72862042911045, 33.480223519180996 ], [ 126.728611242395175, 33.480168082165456 ] ], [ [ 126.728362446074698, 33.47982937158681 ], [ 126.728362446074698, 33.479829371586803 ], [ 126.728440548427741, 33.479900688784781 ], [ 126.728362446074698, 33.47982937158681 ] ], [ [ 126.727307600524597, 33.47706997954365 ], [ 126.728771259030282, 33.478492640316482 ], [ 126.72876407048382, 33.479080629680404 ], [ 126.728771259030253, 33.478492640316468 ], [ 126.727307600524597, 33.47706997954365 ] ], [ [ 126.727275370377598, 33.477045114289794 ], [ 126.727275370377626, 33.477045114289808 ], [ 126.727273936525378, 33.477059717034891 ], [ 126.727275370377598, 33.477045114289794 ] ], [ [ 126.726798939044969, 33.476795942666968 ], [ 126.726875982051411, 33.476841415681193 ], [ 126.726969994442925, 33.476906019677536 ], [ 126.726798939044969, 33.476795942666968 ] ], [ [ 126.725985220771932, 33.475942077748542 ], [ 126.725952573252229, 33.475846046133981 ], [ 126.726098561747278, 33.476078389917966 ], [ 126.725985220771932, 33.475942077748542 ] ], [ [ 126.725678238798963, 33.475033917064671 ], [ 126.725559121781146, 33.474466554704698 ], [ 126.725531842407179, 33.474343586304968 ], [ 126.725678238798963, 33.475033917064671 ] ], [ [ 126.72552333407225, 33.47430523292001 ], [ 126.725675236002374, 33.473804416413103 ], [ 126.72552333407225, 33.474305232920031 ], [ 126.72552333407225, 33.47430523292001 ] ], [ [ 126.725465018259243, 33.472252988906796 ], [ 126.725739682208911, 33.471580636315032 ], [ 126.725447764625727, 33.47229852802468 ], [ 126.725465018259243, 33.472252988906796 ] ], [ [ 126.725509795748479, 33.469793609914085 ], [ 126.725875632710057, 33.471294662314293 ], [ 126.725875632710057, 33.4712946623143 ], [ 126.725509795748479, 33.469793609914085 ] ], [ [ 126.724585416478618, 33.466921152284847 ], [ 126.724089848426615, 33.466091211992143 ], [ 126.725325280042199, 33.469108293223123 ], [ 126.724585416478618, 33.466921152284847 ] ], [ [ 126.724246579155874, 33.464848371394481 ], [ 126.724544062192479, 33.464136635554283 ], [ 126.724230379031638, 33.465040988368528 ], [ 126.724246579155874, 33.464848371394481 ] ], [ [ 126.724647072280405, 33.462870376684258 ], [ 126.724773960677709, 33.462414335084461 ], [ 126.724403299339116, 33.463401047063826 ], [ 126.724647072280405, 33.462870376684258 ] ], [ [ 126.726438154124978, 33.45814524213241 ], [ 126.726118717957192, 33.459532189213505 ], [ 126.725928532272448, 33.460055787095094 ], [ 126.726510204479709, 33.460670257503743 ], [ 126.726438154124978, 33.45814524213241 ] ], [ [ 126.725135705554635, 33.456476771521842 ], [ 126.723706336935351, 33.455691023977728 ], [ 126.726680686539751, 33.457139816200652 ], [ 126.725135705554635, 33.456476771521842 ] ], [ [ 126.721712781390508, 33.452612159163998 ], [ 126.721522996900987, 33.452441427200107 ], [ 126.721867721558539, 33.452723193698993 ], [ 126.721712781390508, 33.452612159163998 ] ], [ [ 126.721185181916184, 33.452147291731869 ], [ 126.721009199706643, 33.45212006227537 ], [ 126.721522996900987, 33.452441427200107 ], [ 126.721185181916184, 33.452147291731869 ] ], [ [ 126.720263262508638, 33.452000525024467 ], [ 126.720263262508638, 33.452000525024495 ], [ 126.72026324368089, 33.451402897287437 ], [ 126.720263262508638, 33.452000525024467 ] ], [ [ 126.720262077223225, 33.450870948694792 ], [ 126.720251184010365, 33.450510228557945 ], [ 126.720262684288272, 33.451219554992996 ], [ 126.720262077223225, 33.450870948694792 ] ], [ [ 126.720284473887062, 33.450306271167186 ], [ 126.72037902736183, 33.449702120818372 ], [ 126.720279874593629, 33.450334436319174 ], [ 126.720284473887062, 33.450306271167186 ] ], [ [ 126.720429189788575, 33.44941494029387 ], [ 126.720468441756736, 33.449189607086005 ], [ 126.720389427271996, 33.449638393889579 ], [ 126.720429189788575, 33.44941494029387 ] ], [ [ 126.720594858888546, 33.448602141156577 ], [ 126.720607002948029, 33.448513909254089 ], [ 126.720559753192802, 33.448799296487906 ], [ 126.720594858888546, 33.448602141156577 ] ], [ [ 126.720992341734942, 33.44714367748989 ], [ 126.721001258758989, 33.447119434768311 ], [ 126.720895928829165, 33.447552199823313 ], [ 126.720992341734942, 33.44714367748989 ] ], [ [ 126.721137520698775, 33.446492380382374 ], [ 126.721013419947951, 33.447066238190374 ], [ 126.721347530059688, 33.445527452944447 ], [ 126.721137520698775, 33.446492380382374 ] ], [ [ 126.721566968958129, 33.443097547711723 ], [ 126.721638289489348, 33.442398216719567 ], [ 126.72153608249252, 33.443351982944193 ], [ 126.721566968958129, 33.443097547711723 ] ], [ [ 126.721947918074861, 33.441580338770969 ], [ 126.722065515334847, 33.440946396804321 ], [ 126.721638289489348, 33.442398216719567 ], [ 126.721947918074861, 33.441580338770969 ] ], [ [ 126.7227617844229, 33.439039869093946 ], [ 126.723087676533169, 33.438857250284542 ], [ 126.722515747029192, 33.439499261009225 ], [ 126.7227617844229, 33.439039869093946 ] ], [ [ 126.723249130194588, 33.438727943565361 ], [ 126.723307307293823, 33.43868135282262 ], [ 126.723087676533169, 33.438857250284542 ], [ 126.723249130194588, 33.438727943565361 ] ], [ [ 126.72341800355683, 33.438564924207597 ], [ 126.723761816276323, 33.438190761653921 ], [ 126.723854299973311, 33.438101238049313 ], [ 126.723761816276351, 33.438190761653921 ], [ 126.72354578031009, 33.438430519678143 ], [ 126.72341800355683, 33.438564924207597 ] ], [ [ 126.724187518941989, 33.437893715131963 ], [ 126.72442717008002, 33.43767338419044 ], [ 126.724036082749222, 33.437979278104436 ], [ 126.724187518941989, 33.437893715131963 ] ], [ [ 126.724808686677648, 33.437135377434032 ], [ 126.724847242900594, 33.436990056973571 ], [ 126.724973648008827, 33.436824268162937 ], [ 126.724808686677648, 33.437135377434032 ] ], [ [ 126.725230206480305, 33.436032458336342 ], [ 126.725230206480305, 33.436032458336349 ], [ 126.725124333626454, 33.436488263730276 ], [ 126.725230206480305, 33.436032458336342 ] ], [ [ 126.725394355530653, 33.435076053154511 ], [ 126.725253639133882, 33.435414288483329 ], [ 126.725228070284629, 33.435820747551212 ], [ 126.725394355530653, 33.435076053154511 ] ], [ [ 126.725673749764184, 33.434577432801127 ], [ 126.725631510714322, 33.434774475035304 ], [ 126.725587661474179, 33.434838770868289 ], [ 126.725673749764184, 33.434577432801127 ] ], [ [ 126.726187965511556, 33.434006442575381 ], [ 126.726465252255537, 33.433662102960191 ], [ 126.726098727426034, 33.434114049595962 ], [ 126.726187965511556, 33.434006442575381 ] ], [ [ 126.727739745089224, 33.43222823858649 ], [ 126.72784807574223, 33.432131266316482 ], [ 126.727707705209014, 33.432256918319915 ], [ 126.727739745089224, 33.43222823858649 ] ], [ [ 126.727948791235889, 33.432014252487669 ], [ 126.728079611470179, 33.431924668516395 ], [ 126.72784807574223, 33.432131266316482 ], [ 126.727948791235889, 33.432014252487669 ] ], [ [ 126.728872828471083, 33.431227217932872 ], [ 126.728877714873661, 33.431209713458266 ], [ 126.72882448909219, 33.431271034976255 ], [ 126.728872828471083, 33.431227217932872 ] ], [ [ 126.729432571309218, 33.430512444467141 ], [ 126.729650690052139, 33.43031398293941 ], [ 126.729380448291707, 33.430575061799388 ], [ 126.729432571309218, 33.430512444467141 ] ], [ [ 126.730308215690897, 33.429475367454195 ], [ 126.730419845868852, 33.429255745497308 ], [ 126.730065424429924, 33.429788347920223 ], [ 126.730308215690897, 33.429475367454195 ] ], [ [ 126.730527033629045, 33.42894640384953 ], [ 126.730554177096522, 33.428844870048401 ], [ 126.730486590235273, 33.429092511091184 ], [ 126.730527033629045, 33.42894640384953 ] ], [ [ 126.642686726087632, 33.441594394643033 ], [ 126.642754896999662, 33.441453382872993 ], [ 126.642754896999662, 33.441453382873 ], [ 126.642686726087632, 33.441594394643033 ] ], [ [ 126.642533473677787, 33.441838716835562 ], [ 126.642654775746948, 33.441753642352523 ], [ 126.642654775746948, 33.441753642352531 ], [ 126.642533473677787, 33.441838716835562 ] ], [ [ 126.641963571524599, 33.442236748158493 ], [ 126.641434724640973, 33.442554516773853 ], [ 126.64213743052386, 33.442115824120428 ], [ 126.641963571524599, 33.442236748158493 ] ], [ [ 126.639958436009664, 33.444810331306833 ], [ 126.640655139965986, 33.443723161930208 ], [ 126.639958436009664, 33.444810331306854 ], [ 126.639958436009664, 33.444810331306833 ] ], [ [ 126.639935892260169, 33.448179621240044 ], [ 126.639935892260169, 33.448179621240037 ], [ 126.639967675687927, 33.448045510531877 ], [ 126.639935892260169, 33.448179621240044 ] ], [ [ 126.640190832977524, 33.449749284635104 ], [ 126.640190832977524, 33.449749284635125 ], [ 126.640091991677735, 33.449391488543412 ], [ 126.640190832977524, 33.449749284635104 ] ], [ [ 126.640071794192451, 33.452248655727772 ], [ 126.64039307792406, 33.451662321558771 ], [ 126.64039307792406, 33.4516623215588 ], [ 126.640071794192451, 33.452248655727772 ] ], [ [ 126.641156113864653, 33.458165067148286 ], [ 126.641156113864653, 33.458165067148279 ], [ 126.641359700942786, 33.457703958311903 ], [ 126.641156113864653, 33.458165067148286 ] ], [ [ 126.641008194288048, 33.458500086438249 ], [ 126.641008194288077, 33.458500086438185 ], [ 126.641144476329615, 33.458519941945291 ], [ 126.641008194288048, 33.458500086438249 ] ], [ [ 126.641413032417745, 33.459765259585062 ], [ 126.641395757926205, 33.45985088630335 ], [ 126.641397473752917, 33.459839280795713 ], [ 126.641413032417745, 33.459765259585055 ], [ 126.641428126977274, 33.459678596602188 ], [ 126.641413032417745, 33.459765259585062 ] ], [ [ 126.641201576456453, 33.461946244884757 ], [ 126.641200655806855, 33.461933718768933 ], [ 126.641201576456453, 33.461946244884743 ], [ 126.641201576456453, 33.461946244884757 ] ], [ [ 126.640963804443629, 33.462898543959106 ], [ 126.640963804443629, 33.462898543959078 ], [ 126.641149044220427, 33.462540904116018 ], [ 126.640963804443629, 33.462898543959106 ] ], [ [ 126.640706831698239, 33.463319474452071 ], [ 126.640706831698239, 33.463319474452057 ], [ 126.640733492412934, 33.463286170685798 ], [ 126.640706831698239, 33.463319474452071 ] ], [ [ 126.639195562851441, 33.464501329361511 ], [ 126.639195562851441, 33.464501329361504 ], [ 126.639623293700225, 33.4641891373698 ], [ 126.639195562851441, 33.464501329361511 ] ], [ [ 126.637996201470045, 33.46589243036852 ], [ 126.637996201470045, 33.465892430368505 ], [ 126.6384961561956, 33.465248650297283 ], [ 126.637996201470045, 33.46589243036852 ] ], [ [ 126.637441207815939, 33.4668121456438 ], [ 126.637441207815939, 33.466812145643793 ], [ 126.637523703913232, 33.46669288161165 ], [ 126.637441207815939, 33.4668121456438 ] ], [ [ 126.637419787666289, 33.467382370570171 ], [ 126.637253021200976, 33.468558240772339 ], [ 126.637139432056784, 33.469049322971998 ], [ 126.637419787666289, 33.467382370570171 ] ], [ [ 126.636938142841416, 33.469612752924313 ], [ 126.636997210872934, 33.469410328533549 ], [ 126.636938142841416, 33.46961275292432 ], [ 126.636938142841416, 33.469612752924313 ] ], [ [ 126.637166533453112, 33.472016785475432 ], [ 126.637166533453112, 33.472016785475439 ], [ 126.637020443114224, 33.471553043352401 ], [ 126.637166533453112, 33.472016785475432 ] ], [ [ 126.637069223915745, 33.472612139692203 ], [ 126.637171242760061, 33.472349218231898 ], [ 126.637171242760061, 33.472349218231919 ], [ 126.637069223915745, 33.472612139692203 ] ], [ [ 126.636865186227126, 33.473137982612805 ], [ 126.636865186227141, 33.473137982612776 ], [ 126.637123770525207, 33.473402202785607 ], [ 126.636865186227126, 33.473137982612805 ] ], [ [ 126.637476380128675, 33.47400046085319 ], [ 126.637476380128675, 33.474000460853176 ], [ 126.637476794670121, 33.473790597323962 ], [ 126.637476380128675, 33.47400046085319 ] ], [ [ 126.637409085050194, 33.474253116176598 ], [ 126.637290648581981, 33.474653961006695 ], [ 126.637409085050194, 33.474253116176584 ], [ 126.637446257428692, 33.474098132591614 ], [ 126.637446405990445, 33.474097618591806 ], [ 126.637409085050194, 33.474253116176598 ] ], [ [ 126.637151400183001, 33.474952900163771 ], [ 126.637036878735245, 33.47536376392528 ], [ 126.637290648581981, 33.474653961006695 ], [ 126.637151400183001, 33.474952900163771 ] ], [ [ 126.636947331202833, 33.475416307232727 ], [ 126.636947331202833, 33.47541630723272 ], [ 126.637036878735245, 33.47536376392528 ], [ 126.636947331202833, 33.475416307232727 ] ], [ [ 126.636456801076378, 33.476937688048857 ], [ 126.636456801076378, 33.476937688048842 ], [ 126.636519513016225, 33.476901826813929 ], [ 126.636456801076378, 33.476937688048857 ] ], [ [ 126.635995708334818, 33.477944558114302 ], [ 126.635995708334818, 33.477944558114295 ], [ 126.6360139431862, 33.477900005377741 ], [ 126.635995708334818, 33.477944558114302 ] ], [ [ 126.635838646835964, 33.47822751188545 ], [ 126.635824928777112, 33.478270342336813 ], [ 126.635859175687102, 33.478168337539401 ], [ 126.635838646835964, 33.47822751188545 ] ], [ [ 126.635531696994434, 33.478547646773237 ], [ 126.635166770788075, 33.4791068391499 ], [ 126.635645609422284, 33.478465513830223 ], [ 126.635531696994434, 33.478547646773237 ] ], [ [ 126.633824122135451, 33.480976679311837 ], [ 126.633824122135451, 33.48097667931183 ], [ 126.634227950652601, 33.480757251370314 ], [ 126.633824122135451, 33.480976679311837 ] ], [ [ 126.632791889895543, 33.482012856592625 ], [ 126.632791889895515, 33.482012856592604 ], [ 126.633118878555109, 33.481774766898219 ], [ 126.632791889895543, 33.482012856592625 ] ], [ [ 126.629763852292157, 33.485859938437713 ], [ 126.629763852292129, 33.485859938437692 ], [ 126.630024159920552, 33.485732133137752 ], [ 126.629763852292157, 33.485859938437713 ] ], [ [ 126.629502575530651, 33.486065308372801 ], [ 126.62939737818968, 33.486136016471853 ], [ 126.629347436271644, 33.486165033173798 ], [ 126.629203617782153, 33.486226108214204 ], [ 126.629036299871359, 33.48628964597583 ], [ 126.628920064819624, 33.486397055085767 ], [ 126.629036299871359, 33.486289645975823 ], [ 126.629347436271644, 33.486165033173791 ], [ 126.629465961657559, 33.486075472815919 ], [ 126.629502575530651, 33.486065308372801 ] ], [ [ 126.62881977183288, 33.487797029802358 ], [ 126.628778622189046, 33.48760934736088 ], [ 126.628778622189046, 33.487609347360873 ], [ 126.62881977183288, 33.487797029802358 ] ], [ [ 126.628681066355981, 33.487977508741118 ], [ 126.62881997233319, 33.487797950031606 ], [ 126.628634755977174, 33.488028540845924 ], [ 126.628681066355981, 33.487977508741118 ] ], [ [ 126.628259449104036, 33.488802263116661 ], [ 126.628259449104036, 33.488802263116668 ], [ 126.628244667739551, 33.488793187643516 ], [ 126.628259449104036, 33.488802263116661 ] ], [ [ 126.627832321315324, 33.489512650093197 ], [ 126.628323552175274, 33.488916552864438 ], [ 126.628153226469422, 33.489200826717322 ], [ 126.627832321315324, 33.489512650093197 ] ], [ [ 126.62758696915337, 33.489835240137502 ], [ 126.627846140451837, 33.489607196865272 ], [ 126.627846140451837, 33.489607196865286 ], [ 126.62758696915337, 33.489835240137502 ] ], [ [ 126.626694402597991, 33.490723094690217 ], [ 126.626993049559616, 33.490524654720502 ], [ 126.626993049559616, 33.49052465472051 ], [ 126.626694402597991, 33.490723094690217 ] ], [ [ 126.626126965423055, 33.490957640662948 ], [ 126.626013389619985, 33.491057373673179 ], [ 126.626694402597991, 33.490723094690217 ], [ 126.626126965423055, 33.490957640662948 ] ], [ [ 126.625218652465463, 33.491860159671901 ], [ 126.625830420821927, 33.491538243529817 ], [ 126.624866254259075, 33.49211434885693 ], [ 126.625218652465463, 33.491860159671901 ] ], [ [ 126.624750733464268, 33.492182951750408 ], [ 126.62454647019473, 33.492246587433435 ], [ 126.624866254259075, 33.49211434885693 ], [ 126.624750733464268, 33.492182951750408 ] ], [ [ 126.624330130695867, 33.492469732081098 ], [ 126.62420660269845, 33.492660061323662 ], [ 126.62454647019473, 33.492246587433435 ], [ 126.624330130695867, 33.492469732081098 ] ], [ [ 126.623934890711794, 33.492793075704974 ], [ 126.623694941486036, 33.492908445490798 ], [ 126.624009343831958, 33.492754524863102 ], [ 126.623934890711794, 33.492793075704974 ] ], [ [ 126.623571177112254, 33.493009729394927 ], [ 126.623571177112254, 33.49300972939492 ], [ 126.623604400177356, 33.492978845891265 ], [ 126.623571177112254, 33.493009729394927 ] ], [ [ 126.623413026282492, 33.493324669718035 ], [ 126.623378236881408, 33.493380646323047 ], [ 126.623459488461833, 33.493243487661154 ], [ 126.623413026282492, 33.493324669718035 ] ], [ [ 126.622740673880799, 33.49463583341295 ], [ 126.622564875415634, 33.494941928091826 ], [ 126.622509648414038, 33.495182097008019 ], [ 126.622452943112975, 33.495295092388332 ], [ 126.622564875415634, 33.494941928091812 ], [ 126.622740673880799, 33.494635833412943 ], [ 126.62289983074956, 33.494194646970108 ], [ 126.622913137878015, 33.494168347556801 ], [ 126.622740673880799, 33.49463583341295 ] ], [ [ 126.621911342488218, 33.496366023830177 ], [ 126.622129111825913, 33.49604071944475 ], [ 126.621998106519527, 33.496248135691786 ], [ 126.621911342488218, 33.496366023830177 ] ], [ [ 126.621911201099692, 33.496386101876432 ], [ 126.621911201099692, 33.496386101876425 ], [ 126.621912428327349, 33.496474804366436 ], [ 126.621911201099692, 33.496386101876432 ] ], [ [ 126.621485397085692, 33.497098119720029 ], [ 126.621485397085692, 33.497098119720015 ], [ 126.621526836347854, 33.497046801836795 ], [ 126.621485397085692, 33.497098119720029 ] ], [ [ 126.621195440643433, 33.497663791534954 ], [ 126.621195440643433, 33.497663791534933 ], [ 126.621325486667502, 33.497474900993531 ], [ 126.621195440643433, 33.497663791534954 ] ], [ [ 126.621009401128433, 33.498638221181302 ], [ 126.621009401128433, 33.498638221181288 ], [ 126.621026385819903, 33.498625725086001 ], [ 126.621009401128433, 33.498638221181302 ] ], [ [ 126.620330136682341, 33.499332912253301 ], [ 126.620344538278218, 33.499325284290691 ], [ 126.620330136682341, 33.499332912253308 ], [ 126.620330136682341, 33.499332912253301 ] ], [ [ 126.620290091576024, 33.499446317655071 ], [ 126.620206292413158, 33.499750780188641 ], [ 126.620304232088856, 33.499406272548754 ], [ 126.620290091576024, 33.499446317655071 ] ], [ [ 126.620100066673714, 33.499964175913277 ], [ 126.620088074811378, 33.500183469429032 ], [ 126.620206292413158, 33.499750780188641 ], [ 126.620100066673714, 33.499964175913277 ] ], [ [ 126.62004239889491, 33.500390559913164 ], [ 126.62003473100232, 33.500416000799511 ], [ 126.620088074811378, 33.500183469429032 ], [ 126.62004239889491, 33.500390559913164 ] ], [ [ 126.619941832424473, 33.501543819825891 ], [ 126.619941832424473, 33.501543819825883 ], [ 126.6199470465139, 33.501561284482015 ], [ 126.619941832424473, 33.501543819825891 ] ], [ [ 126.620040627510605, 33.502389997738213 ], [ 126.620040627510605, 33.502389997738206 ], [ 126.620041861704081, 33.502400429650876 ], [ 126.620040627510605, 33.502389997738213 ] ], [ [ 126.620069140366766, 33.502887178311326 ], [ 126.620069140366766, 33.502887178311319 ], [ 126.620089672137539, 33.503052070557771 ], [ 126.620069140366766, 33.502887178311326 ] ], [ [ 126.619948750621703, 33.503671643668447 ], [ 126.619948750621703, 33.503671643668433 ], [ 126.620085943944659, 33.50343113346775 ], [ 126.619948750621703, 33.503671643668447 ] ], [ [ 126.619876643614859, 33.503990990959394 ], [ 126.619827226786114, 33.504282368551834 ], [ 126.619927982344947, 33.503730002898401 ], [ 126.619876643614859, 33.503990990959394 ] ], [ [ 126.619827226786114, 33.504282368551834 ], [ 126.619726347266322, 33.504776851492345 ], [ 126.619577914522111, 33.504978278658726 ], [ 126.619827226786114, 33.504282368551834 ] ], [ [ 126.619245311349104, 33.506655836708553 ], [ 126.619254285588326, 33.506450463799794 ], [ 126.619245311349104, 33.506655836708561 ], [ 126.619245311349104, 33.506655836708553 ] ], [ [ 126.619641804300969, 33.507185869331892 ], [ 126.619641804300969, 33.507185869331899 ], [ 126.619496538859352, 33.507052301725935 ], [ 126.619641804300969, 33.507185869331892 ] ], [ [ 126.619767488024195, 33.507599398735593 ], [ 126.619778966435277, 33.507567051929826 ], [ 126.619778966435277, 33.507567051929833 ], [ 126.619767488024195, 33.507599398735593 ] ], [ [ 126.619691030053914, 33.507960983876735 ], [ 126.619691030053886, 33.507960983876735 ], [ 126.619716728613383, 33.507819287795719 ], [ 126.619691030053914, 33.507960983876735 ] ], [ [ 126.619715767106086, 33.508455177199181 ], [ 126.619725915840107, 33.508423382287539 ], [ 126.619725915840107, 33.508423382287546 ], [ 126.619715767106086, 33.508455177199181 ] ], [ [ 126.61972062953167, 33.50888723470495 ], [ 126.619711718595326, 33.508698323892823 ], [ 126.619711718595326, 33.508698323892816 ], [ 126.61972062953167, 33.50888723470495 ] ], [ [ 126.619389784852316, 33.509431560616292 ], [ 126.619389784852316, 33.509431560616285 ], [ 126.619405732734265, 33.509477803721836 ], [ 126.619389784852316, 33.509431560616292 ] ], [ [ 126.619466207600411, 33.510262882850988 ], [ 126.619466207600411, 33.510262882850981 ], [ 126.619503946190491, 33.510058518326119 ], [ 126.619466207600411, 33.510262882850988 ] ], [ [ 126.619950311508092, 33.511584104884086 ], [ 126.61957266784097, 33.510761592419023 ], [ 126.619510390584495, 33.51066437576614 ], [ 126.619950311508092, 33.511584104884086 ] ], [ [ 126.619905342891116, 33.512290786563717 ], [ 126.619905342891116, 33.51229078656371 ], [ 126.619910836059759, 33.512308188025088 ], [ 126.619905342891116, 33.512290786563717 ] ], [ [ 126.620557583285844, 33.513266087257286 ], [ 126.620557583285844, 33.513266087257335 ], [ 126.62046946642927, 33.513206891412118 ], [ 126.620557583285844, 33.513266087257286 ] ], [ [ 126.620620861086621, 33.514111162250934 ], [ 126.620620861086621, 33.514111162250899 ], [ 126.62063375718779, 33.514085513037841 ], [ 126.620620861086621, 33.514111162250934 ] ], [ [ 126.620528799332234, 33.514419087988983 ], [ 126.620528799332234, 33.514419087988976 ], [ 126.620547283800448, 33.514402841795615 ], [ 126.620528799332234, 33.514419087988983 ] ], [ [ 126.619807954785756, 33.514947473974082 ], [ 126.620071024352725, 33.514851254757389 ], [ 126.620155330172793, 33.514717754623348 ], [ 126.619807954785756, 33.514947473974082 ] ], [ [ 126.619664389292012, 33.514967948625305 ], [ 126.619592090205231, 33.515022507874924 ], [ 126.619807954785756, 33.514947473974082 ], [ 126.619664389292012, 33.514967948625305 ] ], [ [ 126.619033430415826, 33.515215067339668 ], [ 126.619033430415826, 33.51521506733966 ], [ 126.619210150680914, 33.515169433139846 ], [ 126.619033430415826, 33.515215067339668 ] ], [ [ 126.617406607155885, 33.515327405094446 ], [ 126.617273037801439, 33.515289845540963 ], [ 126.617406607155885, 33.515327405094439 ], [ 126.617754592750671, 33.515289759804055 ], [ 126.618387813099972, 33.515292503303321 ], [ 126.617406607155885, 33.515327405094446 ] ], [ [ 126.617273037801439, 33.515289845540963 ], [ 126.616765492738395, 33.514968026107297 ], [ 126.616715369118168, 33.514959280677253 ], [ 126.617273037801439, 33.515289845540963 ] ], [ [ 126.615595751564655, 33.51548960602512 ], [ 126.615973773403596, 33.515093997269432 ], [ 126.616318472233758, 33.514887072227658 ], [ 126.615595751564655, 33.51548960602512 ] ], [ [ 126.615332040121501, 33.515968768587022 ], [ 126.615524734722541, 33.515656871760335 ], [ 126.615491820846529, 33.515826436475244 ], [ 126.615332040121501, 33.515968768587022 ] ], [ [ 126.615014284844591, 33.516410954586739 ], [ 126.615014284844563, 33.516410954586739 ], [ 126.615135599756726, 33.516316692966718 ], [ 126.615014284844591, 33.516410954586739 ] ], [ [ 126.614362330346054, 33.51669053127123 ], [ 126.614362330346054, 33.516690531271223 ], [ 126.614754332369799, 33.516588117467577 ], [ 126.614362330346054, 33.51669053127123 ] ], [ [ 126.613609336309239, 33.516914024955298 ], [ 126.613174379830483, 33.516822305457012 ], [ 126.613836756992825, 33.516876546336775 ], [ 126.613609336309239, 33.516914024955298 ] ], [ [ 126.61251768909176, 33.517059032025358 ], [ 126.61251768909176, 33.517059032025351 ], [ 126.612558962279337, 33.516988026137007 ], [ 126.61251768909176, 33.517059032025358 ] ], [ [ 126.611900464892074, 33.516976310705068 ], [ 126.611900464892074, 33.516976310705047 ], [ 126.61207170459673, 33.517050481758766 ], [ 126.611900464892074, 33.516976310705068 ] ], [ [ 126.591994760512748, 33.510531403786835 ], [ 126.591994763030499, 33.51053140435689 ], [ 126.591980503976558, 33.510627051981132 ], [ 126.591994760512748, 33.510531403786835 ] ], [ [ 126.586134014239917, 33.525445974090779 ], [ 126.586134014239931, 33.525445974090772 ], [ 126.586176393239299, 33.525485695823356 ], [ 126.586134014239917, 33.525445974090779 ] ], [ [ 126.586158050050898, 33.525430547358745 ], [ 126.586190620227882, 33.525409901984489 ], [ 126.586146032145408, 33.525438260724762 ], [ 126.586158050050898, 33.525430547358745 ] ], [ [ 126.586237849513395, 33.525399227397422 ], [ 126.586541355003234, 33.525573101326771 ], [ 126.58656652458663, 33.525574166602638 ], [ 126.586237849513395, 33.525399227397422 ] ], [ [ 126.586664536050009, 33.525509726482561 ], [ 126.586672377177948, 33.525490747272144 ], [ 126.586635174740636, 33.525531484112236 ], [ 126.586664536050009, 33.525509726482561 ] ], [ [ 126.586780184756719, 33.525389300902312 ], [ 126.586783448273124, 33.525377636268544 ], [ 126.586732271533108, 33.525434382183327 ], [ 126.586780184756719, 33.525389300902312 ] ], [ [ 126.586476348341577, 33.52516255316268 ], [ 126.586476348341591, 33.525162553162659 ], [ 126.586722028286815, 33.525334619647367 ], [ 126.586476348341577, 33.52516255316268 ] ], [ [ 126.587946000445967, 33.523037330921049 ], [ 126.587474035091418, 33.524253772756964 ], [ 126.586990614125313, 33.523844819277933 ], [ 126.587946000445967, 33.523037330921049 ] ], [ [ 126.588529171513272, 33.522370775504406 ], [ 126.588529171513272, 33.522370775504434 ], [ 126.588307188279529, 33.522106357099638 ], [ 126.588529171513272, 33.522370775504406 ] ], [ [ 126.588543475414767, 33.522069782965808 ], [ 126.588545652411071, 33.522057469660226 ], [ 126.588543475414767, 33.522069782965822 ], [ 126.588543475414767, 33.522069782965808 ] ], [ [ 126.58859230372579, 33.521772529840121 ], [ 126.588594303450762, 33.5217583071909 ], [ 126.588591908808581, 33.521775341309841 ], [ 126.58859230372579, 33.521772529840121 ] ], [ [ 126.588604286594204, 33.521687279543556 ], [ 126.590644944279404, 33.521787106232821 ], [ 126.588606942573236, 33.521668373077112 ], [ 126.588604286594204, 33.521687279543556 ] ], [ [ 126.590900823911426, 33.52135096361333 ], [ 126.590901161521771, 33.521346669054054 ], [ 126.590892786379726, 33.521418637234383 ], [ 126.590900823911426, 33.52135096361333 ] ], [ [ 126.590968056654305, 33.520990830588737 ], [ 126.590978712002894, 33.520865689378162 ], [ 126.590963633743868, 33.521003344215181 ], [ 126.590968056654305, 33.520990830588737 ] ] ], [ [ [ 126.954155040932989, 33.524412412924065 ], [ 126.961559951511447, 33.518444330255655 ], [ 126.959170123269644, 33.518195807256973 ], [ 126.957848402959669, 33.516249241965028 ], [ 126.958802907449723, 33.512450752265998 ], [ 126.965039362900825, 33.513303991187982 ], [ 126.968169785843088, 33.515681897475467 ], [ 126.969884282872059, 33.515046312598606 ], [ 126.965042292245656, 33.513248309324418 ], [ 126.97042798936161, 33.49916458658992 ], [ 126.968609564872452, 33.496992478630006 ], [ 126.96608647974935, 33.49695573096654 ], [ 126.966244770210494, 33.490736439719669 ], [ 126.960833618704811, 33.491376403938354 ], [ 126.95929768860799, 33.493185794055584 ], [ 126.956394404060674, 33.491227027894851 ], [ 126.951554673561077, 33.49262562582804 ], [ 126.949995499200824, 33.491684781241183 ], [ 126.950645315282273, 33.493870070922924 ], [ 126.943582495150267, 33.495042919280607 ], [ 126.944615545046716, 33.497953809255421 ], [ 126.941287074030257, 33.506625704027236 ], [ 126.943558026590324, 33.508041168196719 ], [ 126.944560439483553, 33.51277598122477 ], [ 126.949290831615414, 33.514959747505465 ], [ 126.948476928961824, 33.517369599499979 ], [ 126.949141183781236, 33.518190163958479 ], [ 126.950922659418595, 33.517664278949887 ], [ 126.947817271260888, 33.520184076740442 ], [ 126.94842638908797, 33.522836476855993 ], [ 126.954155040932989, 33.524412412924065 ] ] ], [ [ [ 126.551050575206077, 33.521425112618381 ], [ 126.551103194867778, 33.52140552308807 ], [ 126.551123780234974, 33.521356894218378 ], [ 126.551050575206077, 33.521425112618381 ] ] ], [ [ [ 126.902007892944354, 33.522695151831577 ], [ 126.902433417033507, 33.522150017411896 ], [ 126.901159388495486, 33.52258312116048 ], [ 126.902007892944354, 33.522695151831577 ] ] ], [ [ [ 126.902807335306036, 33.523699375642998 ], [ 126.902639994233553, 33.524254553665031 ], [ 126.903002922004205, 33.524283756587984 ], [ 126.902807335306036, 33.523699375642998 ] ] ], [ [ [ 126.559576937968899, 33.526976497697859 ], [ 126.556397309862021, 33.529377398494972 ], [ 126.560136531743439, 33.527753225051491 ], [ 126.559576937968899, 33.526976497697859 ] ] ], [ [ [ 126.544148279219939, 33.52871339967092 ], [ 126.546452856060071, 33.528651651731373 ], [ 126.556541752911997, 33.532535899656992 ], [ 126.558219270785983, 33.533098461467063 ], [ 126.558374378404579, 33.532849908416708 ], [ 126.546010857654011, 33.528320498283641 ], [ 126.544148279219939, 33.52871339967092 ] ] ], [ [ [ 126.651475490906947, 33.548217356635305 ], [ 126.651661853014858, 33.548022653488587 ], [ 126.65160297099068, 33.547919778419221 ], [ 126.651475490906947, 33.548217356635305 ] ] ], [ [ [ 126.695301788046308, 33.55606904234952 ], [ 126.695981877743449, 33.555198264698156 ], [ 126.695072096255359, 33.555528919493227 ], [ 126.695301788046308, 33.55606904234952 ] ] ], [ [ [ 126.694569018644771, 33.555854427175305 ], [ 126.694749712848434, 33.555720484200215 ], [ 126.694586536209357, 33.555715058156878 ], [ 126.694569018644771, 33.555854427175305 ] ] ], [ [ [ 126.694600852981949, 33.556630538135202 ], [ 126.694428852357575, 33.555773333633027 ], [ 126.69400516493333, 33.55585921361029 ], [ 126.694600852981949, 33.556630538135202 ] ] ], [ [ [ 126.693358961000357, 33.556714665426355 ], [ 126.693507231285395, 33.556985456186815 ], [ 126.69374609704029, 33.556986419549084 ], [ 126.693358961000357, 33.556714665426355 ] ] ], [ [ [ 126.744297250519239, 33.557118242394985 ], [ 126.744445121950349, 33.557035765474339 ], [ 126.744314759253726, 33.557020438362407 ], [ 126.744297250519239, 33.557118242394985 ] ] ], [ [ [ 126.695647794642269, 33.556877962660671 ], [ 126.694950479215947, 33.556827832666684 ], [ 126.695414771108148, 33.557791866718333 ], [ 126.695647794642269, 33.556877962660671 ] ] ], [ [ [ 126.696420310089039, 33.557834657406652 ], [ 126.695792327756649, 33.55715405182071 ], [ 126.695987985890213, 33.55812640020752 ], [ 126.696420310089039, 33.557834657406652 ] ] ], [ [ [ 126.695506448371319, 33.558191207709243 ], [ 126.695435433680814, 33.558024761605658 ], [ 126.695288219820526, 33.558145336617244 ], [ 126.695506448371319, 33.558191207709243 ] ] ], [ [ [ 126.695115278414292, 33.559102195757369 ], [ 126.696060736821977, 33.559082207544996 ], [ 126.695554122250684, 33.558511911717048 ], [ 126.695115278414292, 33.559102195757369 ] ] ], [ [ [ 126.635265388448971, 33.921425366482275 ], [ 126.642247653927271, 33.921217980572756 ], [ 126.638564863598788, 33.918612416308385 ], [ 126.635265388448971, 33.921425366482275 ] ] ], [ [ [ 126.399684880031231, 33.921328262214487 ], [ 126.399570583973002, 33.920585690138182 ], [ 126.399217918664903, 33.920722566027379 ], [ 126.399684880031231, 33.921328262214487 ] ] ], [ [ [ 126.382353032151457, 33.952689972238687 ], [ 126.382843844994824, 33.952926237819668 ], [ 126.382896663018883, 33.952741701878914 ], [ 126.382353032151457, 33.952689972238687 ] ] ], [ [ [ 126.380175804279588, 33.965122179321277 ], [ 126.37921799271632, 33.965420547028167 ], [ 126.377710293974786, 33.964416394806236 ], [ 126.379378641090014, 33.967199942124132 ], [ 126.380175804279588, 33.965122179321277 ] ] ], [ [ [ 126.381124840905287, 33.990725999678993 ], [ 126.379781591051099, 33.990960419452612 ], [ 126.379722099232438, 33.991113312139767 ], [ 126.381124840905287, 33.990725999678993 ] ] ], [ [ [ 126.379580975663842, 33.991995022017484 ], [ 126.37803485051613, 33.991295030031374 ], [ 126.377774219670968, 33.992153522376832 ], [ 126.379580975663842, 33.991995022017484 ] ] ], [ [ [ 126.37281170986499, 33.991743705450425 ], [ 126.37095254407177, 33.992392978982409 ], [ 126.37358348728759, 33.992097845375049 ], [ 126.37281170986499, 33.991743705450425 ] ] ], [ [ [ 126.374881626139683, 33.992688179257037 ], [ 126.376389100212378, 33.992563360405818 ], [ 126.376449322560617, 33.99240625406425 ], [ 126.374881626139683, 33.992688179257037 ] ] ], [ [ [ 126.39349324746226, 33.995187900792466 ], [ 126.392033907931591, 33.993862658695335 ], [ 126.391433277691519, 33.99532362372689 ], [ 126.39349324746226, 33.995187900792466 ] ] ], [ [ [ 126.365519091331635, 33.99619560151568 ], [ 126.364488347677508, 33.997120975986739 ], [ 126.365238622002991, 33.99697106070613 ], [ 126.365519091331635, 33.99619560151568 ] ] ] ] } }
]
}
