{
"type": "FeatureCollection",
"name": "46770",
"crs": { "type": "name", "properties": { "name": "urn:ogc:def:crs:OGC:1.3:CRS84" } },
"features": [
{ "type": "Feature", "properties": { "emd_cd": "46770250", "emd_nm": "고흥읍" }, "geometry": { "type": "MultiPolygon", "coordinates": [ [ [ [ 127.226720407455318, 34.591815116781554 ], [ 127.226707792423397, 34.59264173944733 ], [ 127.227324239022479, 34.591877371555391 ], [ 127.226720407455318, 34.591815116781554 ] ] ], [ [ [ 127.203711270378236, 34.60617816310814 ], [ 127.205609793279137, 34.616466585501577 ], [ 127.213721588685672, 34.615418524928664 ], [ 127.218240642955195, 34.631645190734559 ], [ 127.235460675299763, 34.634829759734039 ], [ 127.244342329221368, 34.633678665899573 ], [ 127.24406546501082, 34.632267487149115 ], [ 127.251115225425565, 34.632169805207809 ], [ 127.262381161878707, 34.623336362150162 ], [ 127.26515272080016, 34.624779785704789 ], [ 127.266989919610054, 34.62827116019259 ], [ 127.273508334635551, 34.628462338985159 ], [ 127.276029141120745, 34.625980767801181 ], [ 127.281809257028812, 34.626427979555849 ], [ 127.287326860639098, 34.624212870264472 ], [ 127.288991315628152, 34.627013253024067 ], [ 127.29215428570545, 34.62664027086641 ], [ 127.294480441339289, 34.629173148593161 ], [ 127.305379761489462, 34.627911328991793 ], [ 127.306194276400916, 34.625523474271731 ], [ 127.308267024237395, 34.625213378591468 ], [ 127.309020801752482, 34.618306444334635 ], [ 127.314911486554209, 34.617133850755515 ], [ 127.316435851931899, 34.615105031394997 ], [ 127.313306450532934, 34.604504634623531 ], [ 127.308838726798967, 34.604000866566963 ], [ 127.30775125356331, 34.601547286714101 ], [ 127.309811077497884, 34.600336512653492 ], [ 127.309008936157156, 34.597949900712081 ], [ 127.311779815708974, 34.595192358230548 ], [ 127.313683941745253, 34.586949119301714 ], [ 127.308613555119777, 34.582970709132312 ], [ 127.308128405485547, 34.578551475176809 ], [ 127.299495381988621, 34.576999070386996 ], [ 127.295771460707584, 34.574539196438188 ], [ 127.291383751433955, 34.575819435746567 ], [ 127.280394766105758, 34.568819442096192 ], [ 127.275775439174694, 34.568049715370634 ], [ 127.273054187239524, 34.568294997498754 ], [ 127.263235410674355, 34.577954568649709 ], [ 127.261959785680602, 34.582124202518209 ], [ 127.265840373823863, 34.588099973354026 ], [ 127.261746897149109, 34.592457093815668 ], [ 127.256854925497109, 34.594074032861847 ], [ 127.255939077780056, 34.596977748288054 ], [ 127.252540202071799, 34.598033636786347 ], [ 127.248514387223935, 34.592376394499389 ], [ 127.241693430756357, 34.592061882354194 ], [ 127.238239161961872, 34.588529332387864 ], [ 127.229515574544138, 34.587648440905916 ], [ 127.232379242643077, 34.591571310138413 ], [ 127.228427380627068, 34.594410344257625 ], [ 127.2293003650081, 34.595707867065578 ], [ 127.224242687190682, 34.599588963937457 ], [ 127.2109369684607, 34.60079774231059 ], [ 127.211765853446053, 34.605137358623551 ], [ 127.203711270378236, 34.60617816310814 ] ] ] ] } },
{ "type": "Feature", "properties": { "emd_cd": "46770253", "emd_nm": "도양읍" }, "geometry": { "type": "MultiPolygon", "coordinates": [ [ [ [ 127.196781341896781, 34.37528015792671 ], [ 127.194466992009353, 34.375477213553474 ], [ 127.194446304333738, 34.376212773128081 ], [ 127.196781341896781, 34.37528015792671 ] ] ], [ [ [ 127.240236975693733, 34.402936532559579 ], [ 127.24032360461986, 34.40276539168098 ], [ 127.240103193107274, 34.402775999414423 ], [ 127.240236975693733, 34.402936532559579 ] ] ], [ [ [ 127.243432576879442, 34.405883197162098 ], [ 127.24331233301335, 34.405774808563798 ], [ 127.243267564805492, 34.405808197149923 ], [ 127.243432576879442, 34.405883197162098 ] ] ], [ [ [ 127.242110929115086, 34.406216010739954 ], [ 127.241916986435825, 34.406243517198376 ], [ 127.242096833129452, 34.406269053564081 ], [ 127.242110929115086, 34.406216010739954 ] ] ], [ [ [ 127.146039473710616, 34.495255516304752 ], [ 127.14662304349666, 34.498304184888575 ], [ 127.148553416539599, 34.497108911955557 ], [ 127.148647136620653, 34.495458780732072 ], [ 127.146039473710616, 34.495255516304752 ] ] ], [ [ [ 127.113875947161404, 34.50000584041041 ], [ 127.114537691782104, 34.499578364872981 ], [ 127.11378769037961, 34.499206117097586 ], [ 127.113875947161404, 34.50000584041041 ] ] ], [ [ [ 127.147481942970288, 34.504075200931311 ], [ 127.149116050920924, 34.504291919489368 ], [ 127.150150133300542, 34.502243397113226 ], [ 127.147944252310538, 34.501384941828256 ], [ 127.147481942970288, 34.504075200931311 ] ] ], [ [ [ 127.097782604408636, 34.509724170662722 ], [ 127.105313026150341, 34.517853037266306 ], [ 127.107438841344091, 34.514468664296459 ], [ 127.110561234919217, 34.515326447742474 ], [ 127.111115339595543, 34.519139849793561 ], [ 127.106852705048539, 34.519692252542335 ], [ 127.110782938626826, 34.520499064633803 ], [ 127.111947358942032, 34.522517505778431 ], [ 127.115328576874745, 34.520927957384828 ], [ 127.115721412978246, 34.518633600396264 ], [ 127.118173200554722, 34.518894054081692 ], [ 127.116941557674608, 34.517038266138293 ], [ 127.118414912800077, 34.514538829287616 ], [ 127.11702604857463, 34.513254521424464 ], [ 127.120177276534548, 34.512215561040009 ], [ 127.126665448079493, 34.515528869426724 ], [ 127.12303065199977, 34.51913596029781 ], [ 127.127020413695178, 34.52387513966206 ], [ 127.134883778816899, 34.520248043219084 ], [ 127.136310525274382, 34.517960851815666 ], [ 127.140099944681396, 34.52067344970817 ], [ 127.137381399745038, 34.517046514466898 ], [ 127.133041583435627, 34.516014735888561 ], [ 127.131965903377591, 34.510539229702026 ], [ 127.133413163954046, 34.509458187640362 ], [ 127.130815651225106, 34.506259058102529 ], [ 127.119929152755716, 34.507834724777922 ], [ 127.118426086446831, 34.504862096691078 ], [ 127.114666131410047, 34.502557698145445 ], [ 127.112488106349602, 34.50281333002264 ], [ 127.112807837931697, 34.506000148004503 ], [ 127.109610805089289, 34.509420169755742 ], [ 127.101055959522853, 34.508641795841598 ], [ 127.097782604408636, 34.509724170662722 ] ] ], [ [ [ 127.152031216542255, 34.516081664186018 ], [ 127.154030176153199, 34.517744150921757 ], [ 127.152110552300528, 34.516020222719277 ], [ 127.152031216542255, 34.516081664186018 ] ] ], [ [ [ 127.154705123845289, 34.51774683952749 ], [ 127.154497087462119, 34.517686504993534 ], [ 127.154480289255048, 34.517725621888061 ], [ 127.154705123845289, 34.51774683952749 ] ] ], [ [ [ 127.155009967475181, 34.518910461600662 ], [ 127.15564728021279, 34.518809724000555 ], [ 127.154881761076169, 34.518703235401205 ], [ 127.155009967475181, 34.518910461600662 ] ] ], [ [ [ 127.159140427779505, 34.519998132860508 ], [ 127.164718366257389, 34.521185952870262 ], [ 127.161228436675728, 34.518174023827171 ], [ 127.159140427779505, 34.519998132860508 ] ] ], [ [ [ 127.112211887764332, 34.524458157371477 ], [ 127.113223580792791, 34.524810909834521 ], [ 127.112340423257521, 34.524156794615848 ], [ 127.112211887764332, 34.524458157371477 ] ] ], [ [ [ 127.122002737095613, 34.526272910685293 ], [ 127.122638378563593, 34.524020120913015 ], [ 127.121936922294978, 34.526261040468327 ], [ 127.122002737095613, 34.526272910685293 ] ] ], [ [ [ 127.113887260517359, 34.550566054372482 ], [ 127.114349180243977, 34.550358980844535 ], [ 127.113909212702794, 34.550354609308947 ], [ 127.113887260517359, 34.550566054372482 ] ] ], [ [ [ 127.11257984185815, 34.54633451653509 ], [ 127.114472464400123, 34.550324098037322 ], [ 127.113951337901653, 34.552640552747292 ], [ 127.115415957594877, 34.556305845002989 ], [ 127.113890919441488, 34.558547698462284 ], [ 127.117696741394042, 34.563090615645137 ], [ 127.118890180435884, 34.562133042272265 ], [ 127.120343850415153, 34.563302086264692 ], [ 127.120239017889048, 34.564929544645743 ], [ 127.118630434483876, 34.564964227676199 ], [ 127.122179869113197, 34.565747601233305 ], [ 127.124366317217905, 34.570121955743836 ], [ 127.126425289091316, 34.570068284173374 ], [ 127.13111183722539, 34.574410658678872 ], [ 127.130422610020233, 34.572387752903651 ], [ 127.135728652753869, 34.57299983284576 ], [ 127.136790378903456, 34.575174558128516 ], [ 127.135517025533602, 34.576257692470854 ], [ 127.131177243874731, 34.575551452717725 ], [ 127.134089936613549, 34.578767104297157 ], [ 127.141472450976934, 34.580553641891051 ], [ 127.145777561401687, 34.585143308303017 ], [ 127.143120377274983, 34.590274076601148 ], [ 127.149018930772399, 34.600171802338622 ], [ 127.150545903910384, 34.598068353602955 ], [ 127.150262149340733, 34.594049163335669 ], [ 127.157803804530388, 34.591921641675142 ], [ 127.154484411260611, 34.588212411070955 ], [ 127.15491689598025, 34.582413532832859 ], [ 127.152241013981495, 34.577366317630791 ], [ 127.158892365816769, 34.574205950638962 ], [ 127.162134443300744, 34.567138934433025 ], [ 127.161976842891747, 34.5656392149303 ], [ 127.158186529648461, 34.564149315792584 ], [ 127.157819549541159, 34.556687058241515 ], [ 127.14855675218395, 34.54850194966302 ], [ 127.150189560007178, 34.546610903781854 ], [ 127.148421911231765, 34.545288217951082 ], [ 127.149742796757778, 34.543478141420728 ], [ 127.148055326945851, 34.539007251134151 ], [ 127.150593184487803, 34.535396003816857 ], [ 127.152346931726285, 34.541227124374103 ], [ 127.157407230026621, 34.538528192256358 ], [ 127.161554130028136, 34.540163447295853 ], [ 127.164319163611864, 34.538382238537395 ], [ 127.171287306410463, 34.53956212149167 ], [ 127.183590485618382, 34.531618127890731 ], [ 127.178420520060783, 34.531213795601687 ], [ 127.174825443533265, 34.528549939624106 ], [ 127.173328597498013, 34.526072453398506 ], [ 127.175506924153694, 34.523913393869528 ], [ 127.171870130016131, 34.519384517962514 ], [ 127.170629280339782, 34.518861996647239 ], [ 127.171732296402283, 34.521611819538073 ], [ 127.16856800242553, 34.522109823480754 ], [ 127.16852781948549, 34.525434048850713 ], [ 127.166689189170654, 34.526191566958289 ], [ 127.153512807731119, 34.524070017566928 ], [ 127.151709756726191, 34.526600702715321 ], [ 127.150290682686915, 34.524591869098636 ], [ 127.151825720037934, 34.521121756255255 ], [ 127.147161590847929, 34.520507393771346 ], [ 127.14278736423293, 34.523711054226588 ], [ 127.139723393978542, 34.523730427400046 ], [ 127.138076144644714, 34.526521722691299 ], [ 127.139131837348017, 34.523581572528407 ], [ 127.135857720366261, 34.52369656689973 ], [ 127.134449754601121, 34.527143885114064 ], [ 127.131576846613896, 34.526269366616326 ], [ 127.131590938822114, 34.527619251945019 ], [ 127.128724917846071, 34.528169668013838 ], [ 127.130322970711703, 34.528853002080105 ], [ 127.123824813324006, 34.529458708380034 ], [ 127.123202964919344, 34.527252964188342 ], [ 127.123656215975117, 34.529454063501028 ], [ 127.12158300525428, 34.530206269524292 ], [ 127.121031091684202, 34.533948304611364 ], [ 127.122352905014026, 34.540478172687713 ], [ 127.117317682217049, 34.544251144043756 ], [ 127.11660813727579, 34.542111855298543 ], [ 127.116988570658151, 34.544386690829469 ], [ 127.11257984185815, 34.54633451653509 ] ] ], [ [ [ 127.127074450020075, 34.583984454363588 ], [ 127.128318185977662, 34.583459016500399 ], [ 127.1271489431265, 34.583460614193562 ], [ 127.127074450020075, 34.583984454363588 ] ] ], [ [ [ 127.089252489152116, 34.603054598992209 ], [ 127.09034469121481, 34.605854797702555 ], [ 127.095971875276675, 34.609243870834 ], [ 127.097046792023875, 34.611991538251509 ], [ 127.106192544032567, 34.60467326248547 ], [ 127.110311850765086, 34.596210505011967 ], [ 127.101819425796506, 34.598958663393709 ], [ 127.098706366054572, 34.597577072454641 ], [ 127.097662262073072, 34.595278593407677 ], [ 127.091327462976921, 34.596416659075189 ], [ 127.089252489152116, 34.603054598992209 ] ] ], [ [ [ 127.319062130356386, 34.323706478010031 ], [ 127.321190254086815, 34.322135025717273 ], [ 127.322228405475329, 34.319070606496247 ], [ 127.321239038717124, 34.318187603152992 ], [ 127.316499019278609, 34.318734787160309 ], [ 127.316339838479294, 34.321780837453957 ], [ 127.319062130356386, 34.323706478010031 ] ] ], [ [ [ 127.277126479190727, 34.374752428729003 ], [ 127.277009866972747, 34.374242036941702 ], [ 127.27665760873596, 34.374354404275891 ], [ 127.277126479190727, 34.374752428729003 ] ] ], [ [ [ 127.273139038615284, 34.378679051740512 ], [ 127.27476777928733, 34.379044647687188 ], [ 127.274998049201344, 34.377268107490472 ], [ 127.272832922018395, 34.376459128374478 ], [ 127.273139038615284, 34.378679051740512 ] ] ], [ [ [ 127.269046161429912, 34.378354725707005 ], [ 127.269810504430083, 34.378336627160948 ], [ 127.26992576528194, 34.378176526149375 ], [ 127.269046161429912, 34.378354725707005 ] ] ], [ [ [ 127.277905769395389, 34.381579518831245 ], [ 127.276796637960828, 34.380020453739405 ], [ 127.276996307078022, 34.379605581918334 ], [ 127.276726944453273, 34.379203565950199 ], [ 127.276317404812559, 34.380851863243272 ], [ 127.277905769395389, 34.381579518831245 ] ] ], [ [ [ 127.278440109159618, 34.381336834596382 ], [ 127.278646014681954, 34.38115962678124 ], [ 127.27841740769334, 34.381310842608983 ], [ 127.278440109159618, 34.381336834596382 ] ] ], [ [ [ 127.278030440569538, 34.381672340580934 ], [ 127.278237759223515, 34.381375559726472 ], [ 127.278004758558112, 34.381652548330841 ], [ 127.278030440569538, 34.381672340580934 ] ] ], [ [ [ 127.264477719516464, 34.381752317281297 ], [ 127.264990159768885, 34.381978835114268 ], [ 127.26528975368187, 34.381530512002477 ], [ 127.264477719516464, 34.381752317281297 ] ] ], [ [ [ 127.271198437520127, 34.386038844482634 ], [ 127.274357135892231, 34.385220051895715 ], [ 127.270277541695094, 34.38582880126004 ], [ 127.271198437520127, 34.386038844482634 ] ] ], [ [ [ 127.250590108014407, 34.387154322238146 ], [ 127.250655554416909, 34.386973553093164 ], [ 127.25037787325445, 34.386900747972668 ], [ 127.250590108014407, 34.387154322238146 ] ] ], [ [ [ 127.265841709988266, 34.39600661068463 ], [ 127.265965186335279, 34.395568466239162 ], [ 127.265761319055869, 34.396033161249832 ], [ 127.265841709988266, 34.39600661068463 ] ] ], [ [ [ 127.261183860548755, 34.397811846152905 ], [ 127.263198418329353, 34.397958728165328 ], [ 127.264426199427263, 34.395683845061228 ], [ 127.261130486882095, 34.397773638192618 ], [ 127.260629717094616, 34.399367326613351 ], [ 127.261183860548755, 34.397811846152905 ] ] ], [ [ [ 127.236089382167464, 34.411108513228989 ], [ 127.24367703566044, 34.411276557229598 ], [ 127.243718774119856, 34.413676817982136 ], [ 127.240234075764562, 34.41449263431992 ], [ 127.240506351304361, 34.416447717349293 ], [ 127.246060717430922, 34.412743983665152 ], [ 127.250705520370815, 34.414288160185805 ], [ 127.25108998278786, 34.412851138832728 ], [ 127.24660881063285, 34.40989119812204 ], [ 127.248891597307903, 34.410150405708762 ], [ 127.249592586086976, 34.407952903833596 ], [ 127.2522561519974, 34.406989026545389 ], [ 127.253139184968859, 34.408116133540105 ], [ 127.257165318161867, 34.406852414298413 ], [ 127.25683479869727, 34.405081287123863 ], [ 127.260930091098686, 34.402656547486416 ], [ 127.258535425247032, 34.400493627107743 ], [ 127.259048625483487, 34.395527586416065 ], [ 127.260873096034999, 34.395864367896579 ], [ 127.263397807496062, 34.393059803860574 ], [ 127.265674234489055, 34.394154912707599 ], [ 127.265908720532749, 34.39522165051946 ], [ 127.266484605285655, 34.395241669891199 ], [ 127.265721315054378, 34.392388335793548 ], [ 127.267855991132123, 34.390157293906164 ], [ 127.268886836024464, 34.391916761014798 ], [ 127.270244695566817, 34.390997148365535 ], [ 127.268529178809828, 34.388572437755727 ], [ 127.270357282035107, 34.386098768418947 ], [ 127.268352230908093, 34.385558753968098 ], [ 127.270303704977039, 34.381529730973767 ], [ 127.272119945773454, 34.381275137259394 ], [ 127.267894213549482, 34.381216621086999 ], [ 127.265093774830049, 34.383003805094084 ], [ 127.260786928128553, 34.381557995981673 ], [ 127.260082098887196, 34.384395673921098 ], [ 127.256876332342301, 34.382927986664583 ], [ 127.255326308946877, 34.385975123306252 ], [ 127.252259342100871, 34.385779853405296 ], [ 127.251711012428515, 34.384133329153883 ], [ 127.249950497906227, 34.384798044057497 ], [ 127.251457175462789, 34.385725234513458 ], [ 127.250915950560014, 34.387755071689377 ], [ 127.247946228529614, 34.387370890739092 ], [ 127.247709997146458, 34.390011599171068 ], [ 127.251133414278087, 34.38891146184686 ], [ 127.251431441824849, 34.390650087955116 ], [ 127.246596781805295, 34.392989258418808 ], [ 127.248446695573421, 34.394726294840162 ], [ 127.25348295023214, 34.395016977812382 ], [ 127.254281903261599, 34.397639647426431 ], [ 127.252208384220779, 34.400096557291384 ], [ 127.254122269053255, 34.402705180135996 ], [ 127.250600800075659, 34.40469834637711 ], [ 127.244621083626939, 34.404728823403566 ], [ 127.243242359428251, 34.406762707911106 ], [ 127.240676295985452, 34.406150502873842 ], [ 127.245396292906676, 34.407934769318445 ], [ 127.245512291974123, 34.410608882286553 ], [ 127.238023711709758, 34.409971251199742 ], [ 127.236089382167464, 34.411108513228989 ] ] ], [ [ [ 127.26146654696673, 34.400859187128511 ], [ 127.261771215125108, 34.399517962588462 ], [ 127.261401176684558, 34.400884657197309 ], [ 127.26146654696673, 34.400859187128511 ] ] ], [ [ [ 127.24340748835769, 34.402601484491839 ], [ 127.243461836148043, 34.402216767179674 ], [ 127.243179900571761, 34.402336372016556 ], [ 127.24340748835769, 34.402601484491839 ] ] ], [ [ [ 127.248595734517082, 34.403988084653584 ], [ 127.248681629285926, 34.403587597917301 ], [ 127.248393948971369, 34.403564804025827 ], [ 127.248595734517082, 34.403988084653584 ] ] ], [ [ [ 127.250821316908286, 34.410516321053414 ], [ 127.250644093089676, 34.410627282736108 ], [ 127.250821502723369, 34.410578927284043 ], [ 127.250821316908286, 34.410516321053414 ] ] ] ] } },
{ "type": "Feature", "properties": { "emd_cd": "46770310", "emd_nm": "풍양면" }, "geometry": { "type": "MultiPolygon", "coordinates": [ [ [ [ 127.250014766743263, 34.516214762047973 ], [ 127.25006807863501, 34.519309628179663 ], [ 127.250113531011152, 34.519340482327522 ], [ 127.250014766743263, 34.516214762047973 ] ] ], [ [ [ 127.199264949867938, 34.581418562714553 ], [ 127.197233188678794, 34.593236445857777 ], [ 127.200126679590994, 34.596230218206507 ], [ 127.204560273414799, 34.593390063442101 ], [ 127.209640140161454, 34.593117200702906 ], [ 127.2109369684607, 34.60079774231059 ], [ 127.224242687190682, 34.599588963937457 ], [ 127.2293003650081, 34.595707867065578 ], [ 127.228427380627068, 34.594410344257625 ], [ 127.229609254493568, 34.593779027677563 ], [ 127.231892417629552, 34.592110442194524 ], [ 127.232223647338401, 34.59181040406812 ], [ 127.232379242643077, 34.591571310138413 ], [ 127.229649737391227, 34.587619353117262 ], [ 127.238239161961872, 34.588529332387864 ], [ 127.241693430756357, 34.592061882354194 ], [ 127.248514387223935, 34.592376394499389 ], [ 127.252540202071799, 34.598033636786347 ], [ 127.255939077780056, 34.596977748288054 ], [ 127.256854925497109, 34.594074032861847 ], [ 127.261746897149109, 34.592457093815668 ], [ 127.265840373823863, 34.588099973354026 ], [ 127.262597268927365, 34.583763518866618 ], [ 127.262238336472777, 34.579553456056274 ], [ 127.273054187239524, 34.568294997498754 ], [ 127.275775439174694, 34.568049715370634 ], [ 127.277425499301017, 34.564925087134384 ], [ 127.274052047412468, 34.560696368481501 ], [ 127.277178684224722, 34.558562299173836 ], [ 127.275401373669254, 34.543672412338829 ], [ 127.279145839678094, 34.541866801734876 ], [ 127.278656999867437, 34.535820507935782 ], [ 127.281870737964496, 34.52989833598135 ], [ 127.27644754121178, 34.521587641424183 ], [ 127.274648049356927, 34.513630446180571 ], [ 127.272807662069297, 34.51253140225743 ], [ 127.270022274416405, 34.513688625162153 ], [ 127.266651444025953, 34.511199449009716 ], [ 127.262958285003364, 34.512773721468626 ], [ 127.263667107094719, 34.511688670898046 ], [ 127.258518854487349, 34.515859631752647 ], [ 127.256205218600314, 34.52055001097969 ], [ 127.249650355334637, 34.522404170763402 ], [ 127.24416333169556, 34.521470779253107 ], [ 127.245527746436508, 34.522754199263503 ], [ 127.246085618562375, 34.523750533639358 ], [ 127.245961487375865, 34.523794998154628 ], [ 127.244106236341466, 34.521559649147008 ], [ 127.244191867476047, 34.519631482407682 ], [ 127.24560974731007, 34.519674891530705 ], [ 127.246244316107706, 34.519185659103435 ], [ 127.244452279665452, 34.519612151392792 ], [ 127.244078022989299, 34.515375173361676 ], [ 127.245847997214128, 34.515266761342993 ], [ 127.242899117366576, 34.515330994675622 ], [ 127.240787282292203, 34.518556320302842 ], [ 127.238762365897159, 34.517397981078297 ], [ 127.230753980529812, 34.518577677747707 ], [ 127.234008001736711, 34.524507878407491 ], [ 127.225535268824274, 34.526483462696042 ], [ 127.226246852146389, 34.529144955043414 ], [ 127.223141695649318, 34.530010015838229 ], [ 127.221101954986423, 34.534903845916674 ], [ 127.217931894209755, 34.531637358486364 ], [ 127.214313217724921, 34.533892096670414 ], [ 127.208668750280637, 34.54157646565384 ], [ 127.205562876148633, 34.561790140683073 ], [ 127.19872855124359, 34.563910398742138 ], [ 127.197996679932714, 34.57634731195045 ], [ 127.200848783290979, 34.57643877900081 ], [ 127.201326660707878, 34.57913157913395 ], [ 127.199264949867938, 34.581418562714553 ] ], [ [ 127.227102396613432, 34.592394215053176 ], [ 127.226317712441187, 34.592028679722446 ], [ 127.227324239022479, 34.591877371555391 ], [ 127.227102396613432, 34.592394215053176 ] ] ] ] } },
{ "type": "Feature", "properties": { "emd_cd": "46770320", "emd_nm": "도덕면" }, "geometry": { "type": "MultiPolygon", "coordinates": [ [ [ [ 127.218240642955195, 34.631645190734559 ], [ 127.213721588685672, 34.615418524928664 ], [ 127.205687854395194, 34.616463029381777 ], [ 127.205592004143199, 34.616370883036453 ], [ 127.203711270378236, 34.60617816310814 ], [ 127.211765853446053, 34.605137358623551 ], [ 127.209640140161454, 34.593117200702906 ], [ 127.204560273414799, 34.593390063442101 ], [ 127.200126679590994, 34.596230218206507 ], [ 127.197233188678794, 34.593236445857777 ], [ 127.199254140575832, 34.581318439395694 ], [ 127.201322899017811, 34.579299343112559 ], [ 127.200848783290979, 34.57643877900081 ], [ 127.197996679932714, 34.57634731195045 ], [ 127.19872855124359, 34.563910398742138 ], [ 127.205562876148633, 34.561790140683073 ], [ 127.208450093516376, 34.542018174762156 ], [ 127.211955067936998, 34.535794385257155 ], [ 127.217931894209755, 34.531637358486364 ], [ 127.215636260434096, 34.529230119271233 ], [ 127.216394857576006, 34.528351688220127 ], [ 127.213821037733183, 34.527097447273071 ], [ 127.214453484678472, 34.524635891958191 ], [ 127.213052395017016, 34.527085268790813 ], [ 127.209769197653927, 34.527909525973982 ], [ 127.208648973504808, 34.525733455220603 ], [ 127.209098772539534, 34.520336474478 ], [ 127.211281868236441, 34.519742781968191 ], [ 127.212028739582991, 34.516912410378666 ], [ 127.208657298265891, 34.517022681228198 ], [ 127.208617129098712, 34.520249743780795 ], [ 127.207103933721413, 34.522007662982638 ], [ 127.205310050613747, 34.521448338401527 ], [ 127.204183038740098, 34.524050745983033 ], [ 127.199824304383, 34.524500568287202 ], [ 127.19931283880247, 34.527472666649984 ], [ 127.19520101594739, 34.532510665138098 ], [ 127.183587216355164, 34.531617438653107 ], [ 127.171287306410463, 34.53956212149167 ], [ 127.164319163611864, 34.538382238537395 ], [ 127.161547570890107, 34.540157154791657 ], [ 127.157407230026621, 34.538528192256358 ], [ 127.152883089572214, 34.541123650692484 ], [ 127.150593184487803, 34.535396003816857 ], [ 127.147847682082428, 34.539957011292024 ], [ 127.149721232328517, 34.543542873353992 ], [ 127.14840902492567, 34.54532635557397 ], [ 127.150189560007178, 34.546610903781854 ], [ 127.14855675218395, 34.54850194966302 ], [ 127.157819560436948, 34.556687058227567 ], [ 127.158175986878447, 34.5641114958052 ], [ 127.161963407606308, 34.56565658535407 ], [ 127.162117951758475, 34.567148123803648 ], [ 127.158926900427915, 34.574182062979389 ], [ 127.152241013981495, 34.577366317630791 ], [ 127.154528813741777, 34.580531877544949 ], [ 127.154517408042878, 34.588207943619842 ], [ 127.157803804530388, 34.591921641675142 ], [ 127.163431603887219, 34.589481553390101 ], [ 127.171890643767341, 34.595135025985158 ], [ 127.16800988740286, 34.602491638342698 ], [ 127.173092686688975, 34.606308015512241 ], [ 127.171711142492924, 34.607971053670141 ], [ 127.173005573246641, 34.613185051026768 ], [ 127.171058991410973, 34.616865580064939 ], [ 127.174278825188495, 34.6208746850035 ], [ 127.17208148972388, 34.623756812185277 ], [ 127.172912922638218, 34.626880390743736 ], [ 127.183686030632373, 34.633296206582116 ], [ 127.189557610419826, 34.64343882346607 ], [ 127.194712890606411, 34.644298550106328 ], [ 127.195909402975644, 34.650304789893056 ], [ 127.198163870623759, 34.647605829314251 ], [ 127.213334930166653, 34.651134337244557 ], [ 127.218240642955195, 34.631645190734559 ] ] ], [ [ [ 127.169205706277069, 34.597418328327166 ], [ 127.169351190682193, 34.597363158581459 ], [ 127.169240376773118, 34.597285264611322 ], [ 127.169205706277069, 34.597418328327166 ] ] ], [ [ [ 127.185287635677383, 34.636740776196142 ], [ 127.185400220362936, 34.636715772004571 ], [ 127.18494058654278, 34.636700752513889 ], [ 127.185287635677383, 34.636740776196142 ] ] ], [ [ [ 127.184436081654752, 34.636798621715094 ], [ 127.184937994076137, 34.637444977687387 ], [ 127.18545844139075, 34.637477726718657 ], [ 127.184986376267531, 34.63740609828649 ], [ 127.184693989999715, 34.63679717977562 ], [ 127.184436081654752, 34.636798621715094 ] ] ] ] } },
{ "type": "Feature", "properties": { "emd_cd": "46770330", "emd_nm": "금산면" }, "geometry": { "type": "MultiPolygon", "coordinates": [ [ [ [ 127.123960543385266, 34.42103900799686 ], [ 127.122726412496945, 34.424036685282694 ], [ 127.123817470504164, 34.424425940902516 ], [ 127.123960543385266, 34.42103900799686 ] ] ], [ [ [ 127.143334082955747, 34.425528381633626 ], [ 127.143431583161984, 34.425428206077292 ], [ 127.143378594478776, 34.425339139953138 ], [ 127.143334082955747, 34.425528381633626 ] ] ], [ [ [ 127.09433723255168, 34.442472113518519 ], [ 127.093645893757355, 34.441091012639312 ], [ 127.092398319393951, 34.442191197955431 ], [ 127.092953117316569, 34.443019866531451 ], [ 127.09433723255168, 34.442472113518519 ] ] ], [ [ [ 127.115181655889771, 34.443833325736328 ], [ 127.115294032851367, 34.443710442201585 ], [ 127.115155417011948, 34.443797940776065 ], [ 127.115181655889771, 34.443833325736328 ] ] ], [ [ [ 127.115670728716765, 34.44415947788108 ], [ 127.115364350929084, 34.444130267991838 ], [ 127.115349143135532, 34.444149321008751 ], [ 127.115575094732222, 34.444240049596878 ], [ 127.115670728716765, 34.44415947788108 ] ] ], [ [ [ 127.082817805500582, 34.464374015908618 ], [ 127.085299992271047, 34.46501806996087 ], [ 127.093165447908333, 34.462749805428786 ], [ 127.090592699301496, 34.451934321194614 ], [ 127.088461305387852, 34.452610203096199 ], [ 127.090405230075831, 34.458282893436206 ], [ 127.089644279256461, 34.461573903371793 ], [ 127.084936231456226, 34.463489040963886 ], [ 127.08261766722832, 34.461253616832217 ], [ 127.082817805500582, 34.464374015908618 ] ] ], [ [ [ 127.099105829370572, 34.475811171662741 ], [ 127.099118748776903, 34.475072156712578 ], [ 127.098669424478956, 34.475490114574775 ], [ 127.099105829370572, 34.475811171662741 ] ] ], [ [ [ 127.12398248005789, 34.485646347264378 ], [ 127.123924108402818, 34.485052113047864 ], [ 127.123696614596554, 34.485560283328788 ], [ 127.12398248005789, 34.485646347264378 ] ] ], [ [ [ 127.120660860503435, 34.489152981199091 ], [ 127.120721733638604, 34.489193847784641 ], [ 127.120714347493205, 34.489137000307736 ], [ 127.120660860503435, 34.489152981199091 ] ] ], [ [ [ 127.126949293598912, 34.4894136216992 ], [ 127.126884414393786, 34.489346052262263 ], [ 127.126882802921145, 34.489425895665562 ], [ 127.126949293598912, 34.4894136216992 ] ] ], [ [ [ 127.120976475336334, 34.490121780588147 ], [ 127.12127530721439, 34.489491038217011 ], [ 127.120915124548745, 34.489731330885107 ], [ 127.120976475336334, 34.490121780588147 ] ] ], [ [ [ 127.126453229030318, 34.490306533251768 ], [ 127.126344296092142, 34.490119493897467 ], [ 127.12625797910971, 34.490372773358885 ], [ 127.126453229030318, 34.490306533251768 ] ] ], [ [ [ 127.125898769291723, 34.493488075524311 ], [ 127.126253934307755, 34.493057638955996 ], [ 127.125719162804657, 34.493000590271329 ], [ 127.125898769291723, 34.493488075524311 ] ] ], [ [ [ 127.128465884164626, 34.495932706584455 ], [ 127.129261986835672, 34.497281296608435 ], [ 127.1293434907261, 34.496408767547514 ], [ 127.128465884164626, 34.495932706584455 ] ] ], [ [ [ 127.213761239592671, 34.420019290719452 ], [ 127.214655587394944, 34.418141809176745 ], [ 127.212254165197919, 34.417441397572247 ], [ 127.212020179828997, 34.419439333975149 ], [ 127.213761239592671, 34.420019290719452 ] ] ], [ [ [ 127.223876832815577, 34.42697044060472 ], [ 127.223815199401812, 34.427268729023382 ], [ 127.22411762600089, 34.427113542070416 ], [ 127.223876832815577, 34.42697044060472 ] ] ], [ [ [ 127.224257243541928, 34.427649476881591 ], [ 127.224103256844188, 34.427471204935003 ], [ 127.223982534568719, 34.427574596908336 ], [ 127.224257243541928, 34.427649476881591 ] ] ], [ [ [ 127.228287574472091, 34.430665278414509 ], [ 127.228187934572745, 34.429639763211576 ], [ 127.226531223564294, 34.429188343331802 ], [ 127.226420890811426, 34.42953508593915 ], [ 127.228287574472091, 34.430665278414509 ] ] ], [ [ [ 127.219014690038762, 34.431208157640349 ], [ 127.218520112809159, 34.431045764026429 ], [ 127.218848244376062, 34.431224833210571 ], [ 127.219014690038762, 34.431208157640349 ] ] ], [ [ [ 127.228514275630872, 34.431130362892233 ], [ 127.229213873188399, 34.431187837047837 ], [ 127.228781717877339, 34.43100688874538 ], [ 127.228514275630872, 34.431130362892233 ] ] ], [ [ [ 127.219290188847211, 34.431605499792745 ], [ 127.219249599403398, 34.43137567257731 ], [ 127.219027730458137, 34.431445858642064 ], [ 127.219290188847211, 34.431605499792745 ] ] ], [ [ [ 127.211919698183621, 34.432385470015895 ], [ 127.212112293499729, 34.432022814253955 ], [ 127.211813313308596, 34.432132171340974 ], [ 127.211919698183621, 34.432385470015895 ] ] ], [ [ [ 127.220957742841492, 34.43753975087067 ], [ 127.220414830323904, 34.437916678109247 ], [ 127.221143713126992, 34.438106606296031 ], [ 127.220957742841492, 34.43753975087067 ] ] ], [ [ [ 127.225773568532603, 34.441351791857976 ], [ 127.227251202282304, 34.439855083629887 ], [ 127.226677631654184, 34.439202565494313 ], [ 127.223840703700063, 34.440374976962204 ], [ 127.225773568532603, 34.441351791857976 ] ] ], [ [ [ 127.226432999340872, 34.442139068370906 ], [ 127.227528349237673, 34.443000032471225 ], [ 127.228352388932905, 34.442959256440318 ], [ 127.226432999340872, 34.442139068370906 ] ] ], [ [ [ 127.093294407464811, 34.470964202524215 ], [ 127.095244805305612, 34.471320193528975 ], [ 127.095903244559409, 34.473851363690052 ], [ 127.096892687055359, 34.471445436874603 ], [ 127.10178269452382, 34.468616344763682 ], [ 127.105820279367066, 34.469654515129285 ], [ 127.106148686534709, 34.471641197897604 ], [ 127.107942311289605, 34.472131067847663 ], [ 127.10591578863486, 34.473826824899284 ], [ 127.107658527621837, 34.476000175252743 ], [ 127.113078965937731, 34.475701910486798 ], [ 127.11749673906931, 34.481787738371786 ], [ 127.117242285891294, 34.484661023986504 ], [ 127.115057636547263, 34.483560523940127 ], [ 127.110666287365476, 34.485222474660745 ], [ 127.114053332259644, 34.486930134700351 ], [ 127.114599467482321, 34.489776385576462 ], [ 127.1175497477048, 34.486833895097405 ], [ 127.120722191796091, 34.488789274885235 ], [ 127.120768061934925, 34.48986151830902 ], [ 127.121126208570885, 34.48942233133149 ], [ 127.121551939044352, 34.489371098600159 ], [ 127.124290020908816, 34.490171472180833 ], [ 127.123110280613759, 34.486231090781416 ], [ 127.128251234182599, 34.477956179289997 ], [ 127.132990644677363, 34.477301445197902 ], [ 127.136882209257692, 34.479027537161308 ], [ 127.13510162962649, 34.475776343821998 ], [ 127.136114042892459, 34.472731133347075 ], [ 127.141358590797523, 34.472580981373596 ], [ 127.146703904763129, 34.475063826084408 ], [ 127.145572166198534, 34.477206717549265 ], [ 127.148869190520628, 34.478468878077301 ], [ 127.148449177619554, 34.480695688986394 ], [ 127.157224050908766, 34.477996986083149 ], [ 127.163437595422792, 34.47869228536446 ], [ 127.164728672180971, 34.48243201756074 ], [ 127.176681635936831, 34.48911851545882 ], [ 127.176703498013794, 34.491137990776643 ], [ 127.182448541900271, 34.489934937933675 ], [ 127.189231251010256, 34.494048999456304 ], [ 127.195516338968517, 34.492562004567425 ], [ 127.196021706088757, 34.48841097709029 ], [ 127.199356498470721, 34.487613226275187 ], [ 127.211535741825969, 34.494073864288325 ], [ 127.212884336190641, 34.49029810576782 ], [ 127.216150599719995, 34.495678114743257 ], [ 127.221692048065947, 34.494058196210744 ], [ 127.224679109750483, 34.490619714269073 ], [ 127.221939874748671, 34.490514413422368 ], [ 127.223340658762638, 34.489682370607539 ], [ 127.222608583923162, 34.488323334553129 ], [ 127.227887405355318, 34.488658886176601 ], [ 127.227873697348912, 34.485850752703911 ], [ 127.231558044307619, 34.485494981041782 ], [ 127.229971536966602, 34.48325489185207 ], [ 127.234044952330166, 34.482820431605184 ], [ 127.235105063175141, 34.475778320850658 ], [ 127.234356272311274, 34.47392000567185 ], [ 127.229702740918697, 34.47199026204553 ], [ 127.229812256191224, 34.470760915197467 ], [ 127.229135640768121, 34.471003226525539 ], [ 127.22890430168421, 34.469897211792485 ], [ 127.228937335072573, 34.468099793467175 ], [ 127.230620761400729, 34.468517709204946 ], [ 127.230630178415296, 34.469685066564047 ], [ 127.230858126223225, 34.47032730401132 ], [ 127.230850191757071, 34.468569292750587 ], [ 127.226901632750369, 34.467114020109385 ], [ 127.229709120173865, 34.463999058578196 ], [ 127.221417871481961, 34.45454121509124 ], [ 127.219209310303995, 34.446651932232122 ], [ 127.220840716151187, 34.444091775851774 ], [ 127.217541246365741, 34.439224886421869 ], [ 127.217904456851727, 34.437388358182055 ], [ 127.211585644544328, 34.435443212553977 ], [ 127.211147934883954, 34.434439277439381 ], [ 127.21301007941868, 34.434717244251949 ], [ 127.210855220776324, 34.434072533111184 ], [ 127.211113979388529, 34.432649224324337 ], [ 127.214623890006152, 34.433564376262751 ], [ 127.212769988353145, 34.432416681467068 ], [ 127.209644197591416, 34.432389437619065 ], [ 127.208987744147834, 34.430858998563274 ], [ 127.20767637565956, 34.431676985292874 ], [ 127.206844927927051, 34.430467623430182 ], [ 127.208170750932609, 34.429537452221794 ], [ 127.199827683651634, 34.430104065833127 ], [ 127.197701981085871, 34.431529578029952 ], [ 127.177581652968598, 34.431534235258248 ], [ 127.173180633532169, 34.43255290889342 ], [ 127.170161222377217, 34.435282851727735 ], [ 127.165720012377321, 34.435203269492433 ], [ 127.161855582243135, 34.432174874562556 ], [ 127.162626211272297, 34.427716852901106 ], [ 127.159921873366798, 34.428770744393091 ], [ 127.156366131640368, 34.426560470978423 ], [ 127.154730925080344, 34.431387653376845 ], [ 127.151710244430404, 34.429259517153 ], [ 127.149436657365627, 34.431075508962792 ], [ 127.144866684041759, 34.429737911330385 ], [ 127.142989901442462, 34.426122700316 ], [ 127.143745140782912, 34.422616060905419 ], [ 127.142413792281133, 34.420544570369351 ], [ 127.139628775796908, 34.424796048528698 ], [ 127.138154306219562, 34.42473200722177 ], [ 127.137184426989734, 34.428471877746944 ], [ 127.125651072262926, 34.43010128902683 ], [ 127.124027293873198, 34.436895245408515 ], [ 127.115098573616507, 34.440006079785483 ], [ 127.115335198607639, 34.443768349740559 ], [ 127.117939812295603, 34.445003348150081 ], [ 127.11621684666521, 34.447978831841844 ], [ 127.108805331355313, 34.447766574378171 ], [ 127.107064263606844, 34.44186123529844 ], [ 127.099123436997246, 34.442352094190404 ], [ 127.101874141914024, 34.447305202807762 ], [ 127.100830335789809, 34.449528163904233 ], [ 127.099306996009076, 34.448795406361526 ], [ 127.099053615763452, 34.450433849979191 ], [ 127.103210643813654, 34.451414997705498 ], [ 127.106479985652342, 34.45475280560801 ], [ 127.100618575063095, 34.462310833768946 ], [ 127.100195001120667, 34.462082179401463 ], [ 127.099951602153084, 34.46174869213764 ], [ 127.099718396191932, 34.461641615397227 ], [ 127.10016874052377, 34.46209254935598 ], [ 127.1006038382274, 34.462328802769434 ], [ 127.10022382191319, 34.462794524226595 ], [ 127.097886629753305, 34.462328732656239 ], [ 127.098474984992833, 34.46612906493386 ], [ 127.093560134839507, 34.469201302765711 ], [ 127.093294407464811, 34.470964202524215 ] ] ], [ [ [ 127.227833991517244, 34.496916000494984 ], [ 127.227796042176919, 34.496136775567358 ], [ 127.227413677985609, 34.49675330047733 ], [ 127.227833991517244, 34.496916000494984 ] ] ], [ [ [ 127.186634729559827, 34.49747051959779 ], [ 127.186354321380051, 34.497127094630244 ], [ 127.186268692741251, 34.497282706565876 ], [ 127.186634729559827, 34.49747051959779 ] ] ], [ [ [ 127.231398630939609, 34.468541308649392 ], [ 127.230766875937434, 34.468387616622316 ], [ 127.231132647188986, 34.46888968022423 ], [ 127.231398630939609, 34.468541308649392 ] ] ], [ [ [ 127.228996023339462, 34.47020923286972 ], [ 127.22909413081571, 34.470074814552021 ], [ 127.228949090775586, 34.470005266944092 ], [ 127.228996023339462, 34.47020923286972 ] ] ], [ [ [ 127.236200223242562, 34.47394149305525 ], [ 127.237408757766545, 34.476467265828468 ], [ 127.238942949709568, 34.474115835774285 ], [ 127.236200223242562, 34.47394149305525 ] ] ], [ [ [ 127.238415329293403, 34.475832939504258 ], [ 127.238257194753402, 34.475719734973239 ], [ 127.238233552925649, 34.47579713452226 ], [ 127.238415329293403, 34.475832939504258 ] ] ], [ [ [ 127.235276839295253, 34.480002203132742 ], [ 127.235315522750213, 34.479290567042938 ], [ 127.234603406791521, 34.479817132416343 ], [ 127.235276839295253, 34.480002203132742 ] ] ], [ [ [ 127.23382132805996, 34.484072542078323 ], [ 127.233514116616917, 34.483966853641711 ], [ 127.23392660116086, 34.484289114137411 ], [ 127.23382132805996, 34.484072542078323 ] ] ], [ [ [ 127.238637766945018, 34.489938384525317 ], [ 127.238471680404501, 34.489975540123893 ], [ 127.238487338218675, 34.490095574083583 ], [ 127.238637766945018, 34.489938384525317 ] ] ], [ [ [ 127.239422503128282, 34.491124178466784 ], [ 127.240009184164578, 34.490814269303527 ], [ 127.239332775446286, 34.490846111198387 ], [ 127.239422503128282, 34.491124178466784 ] ] ], [ [ [ 127.234557441488292, 34.491776706412672 ], [ 127.234665593439161, 34.491713082925052 ], [ 127.234491442637264, 34.491526336989168 ], [ 127.234557441488292, 34.491776706412672 ] ] ], [ [ [ 127.232326818866611, 34.493751171660094 ], [ 127.23224245725639, 34.493583598022944 ], [ 127.232069006642561, 34.493769245865145 ], [ 127.232326818866611, 34.493751171660094 ] ] ], [ [ [ 127.233066844831356, 34.495820503124826 ], [ 127.236287847145093, 34.494632209952428 ], [ 127.234899099849343, 34.494355845176173 ], [ 127.23473672044075, 34.492104014778384 ], [ 127.232491669729882, 34.49464379241514 ], [ 127.233066844831356, 34.495820503124826 ] ] ], [ [ [ 127.237811892688995, 34.49466477931211 ], [ 127.237531074270308, 34.49362100931198 ], [ 127.237137260528854, 34.494731852396889 ], [ 127.237811892688995, 34.49466477931211 ] ] ], [ [ [ 127.231983965835994, 34.494608675349497 ], [ 127.231770051242094, 34.493981767986718 ], [ 127.231547718559597, 34.494403200619296 ], [ 127.231983965835994, 34.494608675349497 ] ] ] ] } },
{ "type": "Feature", "properties": { "emd_cd": "46770340", "emd_nm": "도화면" }, "geometry": { "type": "MultiPolygon", "coordinates": [ [ [ [ 127.31035982104909, 34.429551495226711 ], [ 127.310163227086903, 34.429650476020839 ], [ 127.310225160905304, 34.429741691500062 ], [ 127.31035982104909, 34.429551495226711 ] ] ], [ [ [ 127.309316675609793, 34.43070871388808 ], [ 127.308953803684332, 34.430681843940953 ], [ 127.309195498215772, 34.430886074349722 ], [ 127.309316675609793, 34.43070871388808 ] ] ], [ [ [ 127.320807538237162, 34.43629475898053 ], [ 127.327378310407738, 34.433648970673659 ], [ 127.328386573641609, 34.432448215103513 ], [ 127.321780828376134, 34.434346976321031 ], [ 127.320555903572739, 34.431022663782649 ], [ 127.320807538237162, 34.43629475898053 ] ] ], [ [ [ 127.297983081963537, 34.437148938686782 ], [ 127.301539106813991, 34.442454480628058 ], [ 127.305841807108052, 34.440967303339136 ], [ 127.309844785241964, 34.442395069157087 ], [ 127.310711355982932, 34.440092993514604 ], [ 127.315326614013699, 34.44051671807896 ], [ 127.314513552411569, 34.437505258573545 ], [ 127.311834769515883, 34.437150999820709 ], [ 127.312068076292277, 34.433626077454434 ], [ 127.306449846701469, 34.430358667616936 ], [ 127.302452461851189, 34.433361288081201 ], [ 127.30429102476046, 34.436155640553622 ], [ 127.297983081963537, 34.437148938686782 ] ] ], [ [ [ 127.290999107195404, 34.437204330423668 ], [ 127.295445674987135, 34.439620074882896 ], [ 127.295765349538698, 34.436884346146165 ], [ 127.290999107195404, 34.437204330423668 ] ] ], [ [ [ 127.286989709431452, 34.438408587385446 ], [ 127.286793037756709, 34.438025259766853 ], [ 127.286658906179682, 34.438326668694287 ], [ 127.286989709431452, 34.438408587385446 ] ] ], [ [ [ 127.307098198414039, 34.443824689879257 ], [ 127.305077764364029, 34.44319942540578 ], [ 127.304424390364517, 34.443913296127825 ], [ 127.306278118029041, 34.444674133382662 ], [ 127.307098198414039, 34.443824689879257 ] ] ], [ [ [ 127.290266245608549, 34.444805061828781 ], [ 127.292308926871883, 34.448359215293124 ], [ 127.294659481343913, 34.448661366849393 ], [ 127.296626090986976, 34.447745289375078 ], [ 127.295426588360172, 34.447341271073569 ], [ 127.296795370989358, 34.446343386281036 ], [ 127.295126650182027, 34.446390225132184 ], [ 127.290403259456511, 34.441391352454445 ], [ 127.290266245608549, 34.444805061828781 ] ] ], [ [ [ 127.29334654624904, 34.451013441725124 ], [ 127.293514209007597, 34.450817443391031 ], [ 127.293392636360366, 34.45081777883572 ], [ 127.29334654624904, 34.451013441725124 ] ] ], [ [ [ 127.295094914716032, 34.451385216001732 ], [ 127.294956230371014, 34.451172823481699 ], [ 127.294889186468737, 34.451241395904432 ], [ 127.295094914716032, 34.451385216001732 ] ] ], [ [ [ 127.282918597966983, 34.454666417227202 ], [ 127.284451101746114, 34.454365164406738 ], [ 127.283666508347125, 34.453899456194364 ], [ 127.282918597966983, 34.454666417227202 ] ] ], [ [ [ 127.283206993345871, 34.458802910144193 ], [ 127.283743102295787, 34.457994276012535 ], [ 127.283112818318571, 34.457570261052965 ], [ 127.283206993345871, 34.458802910144193 ] ] ], [ [ [ 127.289715421457018, 34.46148656467502 ], [ 127.290529024159923, 34.46162337714744 ], [ 127.290352282858748, 34.461327955668722 ], [ 127.289715421457018, 34.46148656467502 ] ] ], [ [ [ 127.283148642186362, 34.465841141888426 ], [ 127.283592058286445, 34.465855110347881 ], [ 127.283346735636499, 34.465473667197372 ], [ 127.283148642186362, 34.465841141888426 ] ] ], [ [ [ 127.300026648103895, 34.466864857155784 ], [ 127.299786749180285, 34.467445284764629 ], [ 127.300319406417699, 34.466879583568563 ], [ 127.300026648103895, 34.466864857155784 ] ] ], [ [ [ 127.291304216370222, 34.470838743528191 ], [ 127.292094328688648, 34.470847756764442 ], [ 127.291892472161024, 34.47050489117089 ], [ 127.291304216370222, 34.470838743528191 ] ] ], [ [ [ 127.272237843760479, 34.498280730836782 ], [ 127.269968030112238, 34.496963665355985 ], [ 127.269016318009207, 34.497545782070368 ], [ 127.272237843760479, 34.498280730836782 ] ] ], [ [ [ 127.277414959383322, 34.49979862684026 ], [ 127.278967304072864, 34.50264054302265 ], [ 127.279120294249324, 34.502621841908443 ], [ 127.277414959383322, 34.49979862684026 ] ] ], [ [ [ 127.346576770841665, 34.429949088649636 ], [ 127.346803288203233, 34.429917294806742 ], [ 127.346578285536538, 34.429917930008287 ], [ 127.346576770841665, 34.429949088649636 ] ] ], [ [ [ 127.341189893936843, 34.4319470814103 ], [ 127.341974383208836, 34.430484646733291 ], [ 127.340320198682718, 34.430551992150725 ], [ 127.341189893936843, 34.4319470814103 ] ] ], [ [ [ 127.329131905237688, 34.431963651888573 ], [ 127.32880514068431, 34.431922519120413 ], [ 127.32864381103775, 34.432115952964402 ], [ 127.329131905237688, 34.431963651888573 ] ] ], [ [ [ 127.328983002606748, 34.435194369351805 ], [ 127.330944487804175, 34.436197920376706 ], [ 127.331532053844313, 34.435043363177016 ], [ 127.328983002606748, 34.435194369351805 ] ] ], [ [ [ 127.325703102860743, 34.443026447587506 ], [ 127.324881717147463, 34.442969541662322 ], [ 127.324860837368746, 34.443014931122185 ], [ 127.325703102860743, 34.443026447587506 ] ] ], [ [ [ 127.349824132374366, 34.478972873379362 ], [ 127.347851033954072, 34.477532348476863 ], [ 127.345007088315683, 34.478862704543751 ], [ 127.349008571953618, 34.480228246918401 ], [ 127.349824132374366, 34.478972873379362 ] ] ], [ [ [ 127.353560530224641, 34.479312126316771 ], [ 127.353863836820807, 34.478755246821763 ], [ 127.353511724945463, 34.478865283013775 ], [ 127.353560530224641, 34.479312126316771 ] ] ], [ [ [ 127.381304469052537, 34.481053485398533 ], [ 127.381832586579321, 34.479096203936514 ], [ 127.380865732756163, 34.480788578407875 ], [ 127.381304469052537, 34.481053485398533 ] ] ], [ [ [ 127.366204749356186, 34.480199659101658 ], [ 127.366661429645049, 34.48006713436628 ], [ 127.366293949673874, 34.479887581541931 ], [ 127.366204749356186, 34.480199659101658 ] ] ], [ [ [ 127.357727116802096, 34.481589417012678 ], [ 127.356421310358442, 34.481347707132592 ], [ 127.357057889508866, 34.481935539543599 ], [ 127.357727116802096, 34.481589417012678 ] ] ], [ [ [ 127.381287291390095, 34.482083885386324 ], [ 127.381295702683019, 34.48128333695071 ], [ 127.380539810354804, 34.48228548053693 ], [ 127.381287291390095, 34.482083885386324 ] ] ], [ [ [ 127.386543130903164, 34.482445909695571 ], [ 127.386518805170184, 34.48264828933744 ], [ 127.386620856906504, 34.48247183378632 ], [ 127.386543130903164, 34.482445909695571 ] ] ], [ [ [ 127.345822845312085, 34.482979069844085 ], [ 127.345407248050876, 34.482399183897421 ], [ 127.345322458812589, 34.482948928158244 ], [ 127.345822845312085, 34.482979069844085 ] ] ], [ [ [ 127.386551173647518, 34.482992657702894 ], [ 127.386380341378498, 34.482979322626321 ], [ 127.38635442162736, 34.483138149270637 ], [ 127.386551173647518, 34.482992657702894 ] ] ], [ [ [ 127.355612392845799, 34.482902421912286 ], [ 127.355511170992429, 34.483607792695096 ], [ 127.355998586926091, 34.483511493018916 ], [ 127.355612392845799, 34.482902421912286 ] ] ], [ [ [ 127.349211026932736, 34.482938221842716 ], [ 127.346730360245388, 34.484767824251584 ], [ 127.342626232465307, 34.48335891039396 ], [ 127.343991088394432, 34.487461698430629 ], [ 127.340569634606467, 34.489920171452475 ], [ 127.341096419988588, 34.485280572902489 ], [ 127.33818902937179, 34.482892169311661 ], [ 127.339761756543879, 34.482337751856697 ], [ 127.341056688302785, 34.480548604214135 ], [ 127.343823497601718, 34.48104863494985 ], [ 127.340970215651396, 34.480479865521694 ], [ 127.340384710031003, 34.481212043893045 ], [ 127.332509134936899, 34.479580408431339 ], [ 127.331052887220523, 34.476159561794745 ], [ 127.325034293201242, 34.476653062587687 ], [ 127.325231374992015, 34.473570874988447 ], [ 127.330782639395025, 34.473189891204939 ], [ 127.332207179871531, 34.471021803330544 ], [ 127.334284617817701, 34.471786697665344 ], [ 127.336693285025987, 34.469655303043695 ], [ 127.33716383831495, 34.467488174011002 ], [ 127.333914492713291, 34.465555669479215 ], [ 127.333772694244573, 34.463800070383492 ], [ 127.331254540215326, 34.465001802222304 ], [ 127.331367410589181, 34.468529890580143 ], [ 127.327575050416598, 34.466238182128841 ], [ 127.326897779456559, 34.468786229863944 ], [ 127.323775899331977, 34.470512129480561 ], [ 127.318739499928583, 34.467619899045232 ], [ 127.320796830563111, 34.464622889634043 ], [ 127.319493728014621, 34.462692399454909 ], [ 127.31586639286553, 34.46404425487323 ], [ 127.319783368226069, 34.459815702009081 ], [ 127.323188549341012, 34.459594792234341 ], [ 127.321506069843352, 34.461043310645437 ], [ 127.322595547579581, 34.463002087995676 ], [ 127.326719094557305, 34.461887671009542 ], [ 127.333064115872546, 34.458034713303952 ], [ 127.332125600392288, 34.455488493914601 ], [ 127.338944084747112, 34.457133529283858 ], [ 127.338296663154424, 34.452793966842961 ], [ 127.334816279082943, 34.449277313707633 ], [ 127.340128380503785, 34.449571525172829 ], [ 127.337528730475697, 34.446003870869482 ], [ 127.338743225947255, 34.445604246739897 ], [ 127.330586850348467, 34.444341865132579 ], [ 127.330823198535512, 34.442966427350846 ], [ 127.32779032826673, 34.441652988939516 ], [ 127.326162529889686, 34.443481779791689 ], [ 127.327175386553748, 34.444996957169415 ], [ 127.326112436814796, 34.443997320283486 ], [ 127.325536564622226, 34.443938116966315 ], [ 127.327412117623268, 34.445287965240801 ], [ 127.326195877293955, 34.446247763374842 ], [ 127.32468458158047, 34.445307340029117 ], [ 127.324793032997249, 34.442355632137385 ], [ 127.322294481551154, 34.441774329206517 ], [ 127.318515018939365, 34.442446362086798 ], [ 127.320753134300901, 34.443721362979112 ], [ 127.318458746539847, 34.445489075955528 ], [ 127.314581536949049, 34.444348169135303 ], [ 127.313198823082303, 34.444412370514698 ], [ 127.314809222282634, 34.446847449734371 ], [ 127.312686096861896, 34.447831601536471 ], [ 127.312921073873966, 34.449771945364859 ], [ 127.310277961516121, 34.450509758003911 ], [ 127.309303208970647, 34.448543356081487 ], [ 127.306112004838738, 34.448602949277785 ], [ 127.304917526766587, 34.453896959231869 ], [ 127.308891526792763, 34.455190515705951 ], [ 127.315418694892315, 34.453000654178481 ], [ 127.316040468546419, 34.455253377828797 ], [ 127.31282779189695, 34.456965911010521 ], [ 127.313011913741349, 34.459753847212944 ], [ 127.308515913235468, 34.45821036820503 ], [ 127.310949678162856, 34.460167805167764 ], [ 127.310345027798334, 34.462117800166403 ], [ 127.306045048461613, 34.462031927648205 ], [ 127.305884566977255, 34.458705655063859 ], [ 127.304252715224195, 34.4601144805074 ], [ 127.301872808719935, 34.458076295552004 ], [ 127.30491301072405, 34.462135679032819 ], [ 127.304439801642545, 34.464748463572178 ], [ 127.297951688797369, 34.463511398191528 ], [ 127.301874672722349, 34.467874517933026 ], [ 127.301132963276729, 34.471012682887498 ], [ 127.293201797966873, 34.470958322674804 ], [ 127.28929315051171, 34.476153521443592 ], [ 127.280630261160553, 34.478758955860265 ], [ 127.282134702679272, 34.480108535208451 ], [ 127.281153832208517, 34.480925958049568 ], [ 127.277394996461013, 34.480647372930207 ], [ 127.277119369433436, 34.477938121553507 ], [ 127.273329855312511, 34.479546066705339 ], [ 127.272221913004373, 34.482004857309221 ], [ 127.267375437146967, 34.482838606512964 ], [ 127.270249390120156, 34.485150509842946 ], [ 127.268698400648972, 34.487275450475842 ], [ 127.273657781134773, 34.489442634215379 ], [ 127.2737771102056, 34.492180966128558 ], [ 127.27748961225366, 34.49230364323423 ], [ 127.280378654617252, 34.489777735929941 ], [ 127.283501020900133, 34.491675143804969 ], [ 127.278693153609439, 34.495288440791157 ], [ 127.283684690845448, 34.497123100091649 ], [ 127.282269735795637, 34.499113082449973 ], [ 127.282951325526881, 34.502431297602598 ], [ 127.28232448606208, 34.501324995098251 ], [ 127.281079293018507, 34.502483211206354 ], [ 127.276296445232418, 34.502862144233362 ], [ 127.274567940620614, 34.500769376643618 ], [ 127.275610652101363, 34.50000982399262 ], [ 127.274467824864516, 34.500720516507563 ], [ 127.273996459948094, 34.503098464358317 ], [ 127.273403157044797, 34.503030014367724 ], [ 127.271983012039883, 34.508197511268229 ], [ 127.267071601098081, 34.511447930649972 ], [ 127.270022274416405, 34.513688625162153 ], [ 127.272807662069297, 34.51253140225743 ], [ 127.274648049356927, 34.513630446180571 ], [ 127.27644754121178, 34.521587641424183 ], [ 127.281480164356282, 34.527868655846397 ], [ 127.281870737964496, 34.52989833598135 ], [ 127.278656999867437, 34.535820507935782 ], [ 127.279093433051173, 34.541490640621596 ], [ 127.296505967096778, 34.536917461842464 ], [ 127.316829487395452, 34.54209567906441 ], [ 127.318544049982762, 34.543566042193703 ], [ 127.317680537793962, 34.545684333895238 ], [ 127.324625574761654, 34.548631556306738 ], [ 127.328235144729447, 34.545479157501781 ], [ 127.336589968048926, 34.54574413463164 ], [ 127.338860460254011, 34.538839793926584 ], [ 127.336843889827378, 34.534434296508998 ], [ 127.338233219270776, 34.52548745701246 ], [ 127.339758265171241, 34.52424345096113 ], [ 127.338692844603841, 34.518174089550136 ], [ 127.346897508440179, 34.517826767942651 ], [ 127.351601841003301, 34.520960404189466 ], [ 127.361414531877244, 34.517751668237537 ], [ 127.372783036334539, 34.518286655630526 ], [ 127.378235352875649, 34.514388956557802 ], [ 127.379751365402043, 34.507761072322026 ], [ 127.388037407428939, 34.507137267928428 ], [ 127.384109056243233, 34.503966678983709 ], [ 127.378121012362584, 34.5045621312115 ], [ 127.376879308232205, 34.502861302002678 ], [ 127.38517418082094, 34.497566744163407 ], [ 127.3868641988891, 34.494005282872656 ], [ 127.38574724696737, 34.49102562533222 ], [ 127.390176262272476, 34.49065424640407 ], [ 127.391375366493648, 34.488299894063076 ], [ 127.387896939876157, 34.483646268198726 ], [ 127.386247635093454, 34.483703837698627 ], [ 127.38355185158828, 34.487329689207812 ], [ 127.38327987720966, 34.484170973855299 ], [ 127.380524275205531, 34.482371950583563 ], [ 127.380521286207298, 34.486382042678969 ], [ 127.378459417098099, 34.488217684050419 ], [ 127.375811355460286, 34.486097227371836 ], [ 127.374246297088121, 34.480724592290251 ], [ 127.370803406483802, 34.480100191632609 ], [ 127.365727242793611, 34.483582670962235 ], [ 127.36740953184993, 34.486089233516786 ], [ 127.366028149757568, 34.487806123232019 ], [ 127.358738493911119, 34.492386772874831 ], [ 127.353426076260902, 34.49052997356484 ], [ 127.353563737074936, 34.487826602101173 ], [ 127.355368654017155, 34.48716329443274 ], [ 127.35337285056525, 34.485605964302685 ], [ 127.352527139491244, 34.481980379421039 ], [ 127.349229112817142, 34.480163950114864 ], [ 127.349211026932736, 34.482938221842716 ] ] ], [ [ [ 127.388639696561327, 34.505640314823424 ], [ 127.387985059789202, 34.505983296109044 ], [ 127.388439831479516, 34.506008737486177 ], [ 127.388639696561327, 34.505640314823424 ] ] ] ] } },
{ "type": "Feature", "properties": { "emd_cd": "46770350", "emd_nm": "포두면" }, "geometry": { "type": "MultiPolygon", "coordinates": [ [ [ [ 127.401128021664988, 34.504093685464461 ], [ 127.401366608392351, 34.503831585005386 ], [ 127.401077302940578, 34.503943463406365 ], [ 127.401128021664988, 34.504093685464461 ] ] ], [ [ [ 127.414680119633402, 34.520996062932909 ], [ 127.414759013426647, 34.520987006951565 ], [ 127.414372564922303, 34.520786066584982 ], [ 127.414680119633402, 34.520996062932909 ] ] ], [ [ [ 127.427630650575466, 34.530641116487054 ], [ 127.427823939043606, 34.530413279123913 ], [ 127.427532898594663, 34.530526947710406 ], [ 127.427630650575466, 34.530641116487054 ] ] ], [ [ [ 127.432334659586203, 34.534473701143312 ], [ 127.433655342117746, 34.534227872485964 ], [ 127.432011310813223, 34.533750950243771 ], [ 127.432334659586203, 34.534473701143312 ] ] ], [ [ [ 127.432702454298152, 34.543524633571131 ], [ 127.432257682308929, 34.543223906542117 ], [ 127.432200432126379, 34.543434891592419 ], [ 127.432702454298152, 34.543524633571131 ] ] ], [ [ [ 127.436921508232459, 34.55310370183809 ], [ 127.438371418631149, 34.552583351444454 ], [ 127.437596735320881, 34.551647320899392 ], [ 127.436921508232459, 34.55310370183809 ] ] ], [ [ [ 127.436784954164992, 34.554667539461704 ], [ 127.43646663432861, 34.554326669430239 ], [ 127.436467060106622, 34.554605229504496 ], [ 127.436784954164992, 34.554667539461704 ] ] ], [ [ [ 127.431426586772929, 34.555666018587658 ], [ 127.430746666306419, 34.55583081383849 ], [ 127.431085079756812, 34.55604407494215 ], [ 127.431426586772929, 34.555666018587658 ] ] ], [ [ [ 127.403314030265108, 34.55981171616876 ], [ 127.404072396212186, 34.559659110375016 ], [ 127.403938389136499, 34.559341047837513 ], [ 127.403314030265108, 34.55981171616876 ] ] ], [ [ [ 127.277425499301017, 34.564925087134384 ], [ 127.275775439174694, 34.568049715370634 ], [ 127.280394766105758, 34.568819442096192 ], [ 127.288327442782474, 34.574738568250325 ], [ 127.291383751433955, 34.575819435746567 ], [ 127.295771460707584, 34.574539196438188 ], [ 127.299495381988621, 34.576999070386996 ], [ 127.308128405485547, 34.578551475176809 ], [ 127.308613555119777, 34.582970709132312 ], [ 127.313683941745253, 34.586949119301714 ], [ 127.311779815708974, 34.595192358230548 ], [ 127.309008936157156, 34.597949900712081 ], [ 127.309811077497884, 34.600336512653492 ], [ 127.30775125356331, 34.601547286714101 ], [ 127.308838726798967, 34.604000866566963 ], [ 127.313306450532934, 34.604504634623531 ], [ 127.316512431604465, 34.613369191319684 ], [ 127.315324146532248, 34.616919520227313 ], [ 127.319557053782745, 34.616492978277691 ], [ 127.326365113199572, 34.622023931894802 ], [ 127.334529638525069, 34.623677722480451 ], [ 127.334553903817081, 34.627591281277134 ], [ 127.343215918914396, 34.636436571952146 ], [ 127.345855436391631, 34.637226648000038 ], [ 127.351843382157213, 34.634743955202971 ], [ 127.355894786165379, 34.639460157539546 ], [ 127.360046567665577, 34.64022814135344 ], [ 127.364015512077614, 34.637887104283791 ], [ 127.362455440272385, 34.637055416114563 ], [ 127.36209329365667, 34.632007345283299 ], [ 127.364130516518273, 34.627963938657764 ], [ 127.361830172383193, 34.625169867739181 ], [ 127.364403009824073, 34.620027109358489 ], [ 127.371084915860465, 34.619001529101176 ], [ 127.371366111298215, 34.616948358112104 ], [ 127.37405371945367, 34.615818260650698 ], [ 127.372684456193568, 34.613519671403168 ], [ 127.369671342176858, 34.612615420611142 ], [ 127.371001898525179, 34.61058868858791 ], [ 127.370177959933088, 34.608365794437297 ], [ 127.377640216743046, 34.605666406537807 ], [ 127.385431379823657, 34.606691012338054 ], [ 127.388729968283215, 34.599760947108116 ], [ 127.397867583277673, 34.588259656147564 ], [ 127.395272432643551, 34.586775575021811 ], [ 127.393837604100071, 34.581616753584811 ], [ 127.396093338431484, 34.577822081167703 ], [ 127.399228033250495, 34.57580077083032 ], [ 127.406079386497225, 34.580298649822318 ], [ 127.409269167410017, 34.579074569409578 ], [ 127.403629460259538, 34.573120077506026 ], [ 127.40411733349859, 34.568894798377251 ], [ 127.407064390183862, 34.567491333314841 ], [ 127.415562764144155, 34.568841444193481 ], [ 127.417830883888158, 34.574091512262903 ], [ 127.426263328452421, 34.570730560328101 ], [ 127.428918570933646, 34.566420604633336 ], [ 127.427807250736123, 34.564949176876318 ], [ 127.420566932311473, 34.567443548591442 ], [ 127.41924072185509, 34.566143286508051 ], [ 127.420978269992645, 34.564146148736782 ], [ 127.419734450465725, 34.563283227576164 ], [ 127.412399932201964, 34.563510392861829 ], [ 127.40951581436093, 34.560989125286632 ], [ 127.406231223893712, 34.560714331896875 ], [ 127.402862830776826, 34.563011630080098 ], [ 127.40711926657707, 34.567037738275559 ], [ 127.404053508220741, 34.568817999334478 ], [ 127.39603428090939, 34.563599110624629 ], [ 127.396221205062503, 34.559314927115949 ], [ 127.399286616476985, 34.55986570577322 ], [ 127.400237038909637, 34.558006232080054 ], [ 127.410248895783994, 34.555151722380351 ], [ 127.412804038179416, 34.555437197828823 ], [ 127.411340202794648, 34.55702439408946 ], [ 127.415602255020204, 34.558670500561881 ], [ 127.417426425933712, 34.558293637474947 ], [ 127.415112910992534, 34.555361149133859 ], [ 127.418144491396646, 34.554865515877026 ], [ 127.420146892395408, 34.556793660761691 ], [ 127.423331680433961, 34.556909619356603 ], [ 127.416909902536773, 34.553487019037561 ], [ 127.419749101586447, 34.550720461547144 ], [ 127.420322818321694, 34.55245747403832 ], [ 127.427850855809112, 34.553027319060334 ], [ 127.427555332769387, 34.554931291028957 ], [ 127.428377931048686, 34.554820317194611 ], [ 127.42937593675137, 34.555450541630968 ], [ 127.430493989997188, 34.555267006739207 ], [ 127.431077712734876, 34.555418549687921 ], [ 127.431778628722853, 34.555798298896498 ], [ 127.428440375297768, 34.551732743650163 ], [ 127.426079619625895, 34.55139386059367 ], [ 127.426323031357597, 34.549213033821566 ], [ 127.428765253958218, 34.547990104801862 ], [ 127.432354132034419, 34.551833458381687 ], [ 127.437680737077514, 34.550374076077432 ], [ 127.438103558605263, 34.548536970284964 ], [ 127.435755961670623, 34.547988435568598 ], [ 127.436591762637789, 34.546684777113775 ], [ 127.431653359991785, 34.543346406019388 ], [ 127.428362969861197, 34.544610537186344 ], [ 127.42629014314106, 34.540961950149985 ], [ 127.435200165929729, 34.540399968675004 ], [ 127.435279145177176, 34.535431944557246 ], [ 127.432086888326069, 34.537665351464597 ], [ 127.428243246791993, 34.536994022233777 ], [ 127.42630226055401, 34.532595837339073 ], [ 127.427124947294004, 34.530969705964026 ], [ 127.422048754479576, 34.530200714864705 ], [ 127.423776479011522, 34.529476494595627 ], [ 127.426084267050641, 34.520853464222427 ], [ 127.431271374635315, 34.520233168159642 ], [ 127.431155633116944, 34.518775449693649 ], [ 127.428062460951566, 34.518203960820735 ], [ 127.421640847008391, 34.519797008045408 ], [ 127.422081686011396, 34.517588383673541 ], [ 127.431372026736113, 34.514404834387058 ], [ 127.425326283586173, 34.511175118566094 ], [ 127.426846162395691, 34.513466060967545 ], [ 127.421520737926087, 34.513720892907237 ], [ 127.418232760716023, 34.515586935429326 ], [ 127.418565960440361, 34.518615075121986 ], [ 127.415217924881389, 34.520444002514282 ], [ 127.415831679944105, 34.52131561685772 ], [ 127.406034126592346, 34.519684779333524 ], [ 127.402502875770224, 34.515100186362297 ], [ 127.406930377989923, 34.511575586267853 ], [ 127.404506830178761, 34.50901087821547 ], [ 127.403815224976498, 34.505059190983395 ], [ 127.401028664737183, 34.504696932493246 ], [ 127.391713911380222, 34.506298215089821 ], [ 127.391004402901004, 34.507531023174892 ], [ 127.393013201609961, 34.50879512359429 ], [ 127.390252675077633, 34.510205415377506 ], [ 127.3873932563463, 34.509462596941844 ], [ 127.388058904173676, 34.507146980574795 ], [ 127.379744277741452, 34.507775823875079 ], [ 127.378235352875649, 34.514388956557802 ], [ 127.372853897743823, 34.518280697998954 ], [ 127.361422530808127, 34.517773126072072 ], [ 127.351601841003301, 34.520960404189466 ], [ 127.346897508440179, 34.517826767942651 ], [ 127.340357270832911, 34.517529871911847 ], [ 127.338692844603841, 34.518174089550136 ], [ 127.339758265171241, 34.52424345096113 ], [ 127.338233219270776, 34.52548745701246 ], [ 127.336843889827378, 34.534434296508998 ], [ 127.338860460254011, 34.538839793926584 ], [ 127.336589968048926, 34.54574413463164 ], [ 127.328235144729447, 34.545479157501781 ], [ 127.324625574761654, 34.548631556306738 ], [ 127.317680537793962, 34.545684333895238 ], [ 127.318544049982762, 34.543566042193703 ], [ 127.316829487395452, 34.54209567906441 ], [ 127.296505967096778, 34.536917461842464 ], [ 127.280115215411399, 34.540702399081574 ], [ 127.275401373669254, 34.543672412338829 ], [ 127.277178684224722, 34.558562299173836 ], [ 127.274052047412468, 34.560696368481501 ], [ 127.277425499301017, 34.564925087134384 ] ] ], [ [ [ 127.445210571412275, 34.553693412776184 ], [ 127.44428435090505, 34.552914365875246 ], [ 127.442894117373129, 34.553887325483657 ], [ 127.4440635699045, 34.554724743605014 ], [ 127.445210571412275, 34.553693412776184 ] ] ], [ [ [ 127.457727068846822, 34.556008595944988 ], [ 127.460117172295753, 34.555994312815969 ], [ 127.458803149999085, 34.55451096503203 ], [ 127.457727068846822, 34.556008595944988 ] ] ], [ [ [ 127.460379372556218, 34.556293423963879 ], [ 127.461372316285519, 34.556628239128742 ], [ 127.460870093682388, 34.556008537084139 ], [ 127.460379372556218, 34.556293423963879 ] ] ], [ [ [ 127.461372303046986, 34.560917684618879 ], [ 127.462109555180149, 34.561081859432214 ], [ 127.462265841587268, 34.560949696396577 ], [ 127.461372303046986, 34.560917684618879 ] ] ], [ [ [ 127.459693958446536, 34.564870163999416 ], [ 127.45981419860334, 34.564525536479898 ], [ 127.459475759201709, 34.564595459884409 ], [ 127.459693958446536, 34.564870163999416 ] ] ], [ [ [ 127.45441714097376, 34.562787742282111 ], [ 127.455369726670355, 34.56842159483076 ], [ 127.45598247050421, 34.562904582279486 ], [ 127.45759711283381, 34.562317216530509 ], [ 127.45441714097376, 34.562787742282111 ] ] ], [ [ [ 127.460071866359982, 34.56758493285588 ], [ 127.460741503622458, 34.566982088205378 ], [ 127.460668742026854, 34.566815209300408 ], [ 127.460071866359982, 34.56758493285588 ] ] ], [ [ [ 127.441334154956621, 34.570595574399803 ], [ 127.446084454754029, 34.576137253139038 ], [ 127.448881444887789, 34.575315292911306 ], [ 127.449030523423602, 34.57137903953808 ], [ 127.45107947211487, 34.570081298232871 ], [ 127.44935199508916, 34.568333280639109 ], [ 127.451484239421546, 34.566985242107897 ], [ 127.449799224453528, 34.565467813063165 ], [ 127.45219449993975, 34.564596392924479 ], [ 127.453175826533482, 34.562010564469119 ], [ 127.450568299959485, 34.563539695619504 ], [ 127.449170560652675, 34.562649165310233 ], [ 127.448377210063683, 34.568696678377989 ], [ 127.446794528294063, 34.568799961645183 ], [ 127.446180470599955, 34.566625077151116 ], [ 127.444267436290488, 34.568364252688944 ], [ 127.444906634093286, 34.571377180063216 ], [ 127.441334154956621, 34.570595574399803 ] ] ], [ [ [ 127.453597954445641, 34.570649831810456 ], [ 127.454641943055492, 34.57047813166421 ], [ 127.454236690291424, 34.569803353924037 ], [ 127.453597954445641, 34.570649831810456 ] ] ], [ [ [ 127.451808509304058, 34.573207346900226 ], [ 127.453726240698771, 34.574509712257566 ], [ 127.454375112799198, 34.573298639426241 ], [ 127.451808509304058, 34.573207346900226 ] ] ] ] } },
{ "type": "Feature", "properties": { "emd_cd": "46770360", "emd_nm": "봉래면" }, "geometry": { "type": "MultiPolygon", "coordinates": [ [ [ [ 127.360127644817496, 34.42260860557893 ], [ 127.360674425170956, 34.42242871949081 ], [ 127.360682710942029, 34.422331256559687 ], [ 127.360127644817496, 34.42260860557893 ] ] ], [ [ [ 127.360134468860409, 34.424410194142972 ], [ 127.360398595616587, 34.424195295977739 ], [ 127.360089149918053, 34.424275450940883 ], [ 127.360134468860409, 34.424410194142972 ] ] ], [ [ [ 127.366607143054239, 34.440198211558673 ], [ 127.368208518960145, 34.441640172939991 ], [ 127.368681878120739, 34.440964076294762 ], [ 127.366607143054239, 34.440198211558673 ] ] ], [ [ [ 127.370022608839719, 34.451960883217197 ], [ 127.370404267011239, 34.45140417536561 ], [ 127.369960208431664, 34.451484698317117 ], [ 127.370022608839719, 34.451960883217197 ] ] ], [ [ [ 127.370469550469863, 34.452342274003975 ], [ 127.37123726862275, 34.45288840741253 ], [ 127.371042336252501, 34.452330465516098 ], [ 127.370469550469863, 34.452342274003975 ] ] ], [ [ [ 127.36091597909315, 34.456004991276146 ], [ 127.365097925403575, 34.455250069303055 ], [ 127.364914250327672, 34.454207913789894 ], [ 127.36091597909315, 34.456004991276146 ] ] ], [ [ [ 127.36742085334663, 34.455652297923088 ], [ 127.365727969312573, 34.455384998057319 ], [ 127.365968338026121, 34.455799427682038 ], [ 127.36742085334663, 34.455652297923088 ] ] ], [ [ [ 127.360832106351737, 34.461536830479112 ], [ 127.35969615611512, 34.461555128935267 ], [ 127.360170771558955, 34.462123049200656 ], [ 127.360832106351737, 34.461536830479112 ] ] ], [ [ [ 127.360126678612545, 34.462475799605301 ], [ 127.360493445796394, 34.462583555191067 ], [ 127.360541761153087, 34.462190398192909 ], [ 127.360126678612545, 34.462475799605301 ] ] ], [ [ [ 127.354475962626452, 34.462640312918595 ], [ 127.354782262395986, 34.462504561672439 ], [ 127.354457141434082, 34.462590336672356 ], [ 127.354475962626452, 34.462640312918595 ] ] ], [ [ [ 127.36029982160214, 34.464069887835123 ], [ 127.36003876285578, 34.464092270757902 ], [ 127.360064613460111, 34.464179221081203 ], [ 127.36029982160214, 34.464069887835123 ] ] ], [ [ [ 127.389493875963424, 34.469915603018457 ], [ 127.389619366897264, 34.470485398623836 ], [ 127.390044867312739, 34.470046843420242 ], [ 127.389493875963424, 34.469915603018457 ] ] ], [ [ [ 127.388634672125491, 34.471528452319312 ], [ 127.389623079113164, 34.471505764825132 ], [ 127.38944958001737, 34.471120567361261 ], [ 127.388634672125491, 34.471528452319312 ] ] ], [ [ [ 127.369834113421248, 34.47173096588179 ], [ 127.372502538515675, 34.472657860282546 ], [ 127.37262531016124, 34.471001334105139 ], [ 127.369834113421248, 34.47173096588179 ] ] ], [ [ [ 127.394100303155966, 34.493411196141452 ], [ 127.397324939259747, 34.492980122619031 ], [ 127.398126093815819, 34.491290711113983 ], [ 127.394100303155966, 34.493411196141452 ] ] ], [ [ [ 127.396712082700546, 34.495743677403695 ], [ 127.396525436774425, 34.495569021946487 ], [ 127.396395398448476, 34.495680978229558 ], [ 127.396712082700546, 34.495743677403695 ] ] ], [ [ [ 127.437122070158978, 34.35760513315347 ], [ 127.436844004931672, 34.356471665298727 ], [ 127.435548108862946, 34.357646954697692 ], [ 127.437122070158978, 34.35760513315347 ] ] ], [ [ [ 127.431022644917775, 34.359101737987409 ], [ 127.432928553996632, 34.359157524277791 ], [ 127.435474525753406, 34.358063511955997 ], [ 127.431022644917775, 34.359101737987409 ] ] ], [ [ [ 127.443236917443087, 34.466039629808165 ], [ 127.449415753728189, 34.464381924148086 ], [ 127.450807330182556, 34.460209429235903 ], [ 127.450186909021369, 34.457724817788744 ], [ 127.451705879280254, 34.456212090745275 ], [ 127.449341669134711, 34.457722292415959 ], [ 127.450198617236993, 34.461819038434015 ], [ 127.443236917443087, 34.466039629808165 ] ] ], [ [ [ 127.445569454486957, 34.467113122291885 ], [ 127.446068011973225, 34.467887375371525 ], [ 127.445143519704487, 34.466189954657828 ], [ 127.445569454486957, 34.467113122291885 ] ] ], [ [ [ 127.400086856496372, 34.47586643259222 ], [ 127.399755466252785, 34.475994563190177 ], [ 127.399794564817213, 34.476040121178173 ], [ 127.400086856496372, 34.47586643259222 ] ] ], [ [ [ 127.436450063499237, 34.472538702476683 ], [ 127.442034521274664, 34.481686917335473 ], [ 127.446396450633515, 34.483303488107772 ], [ 127.447905358109992, 34.480896209202243 ], [ 127.445838581638412, 34.477167860295694 ], [ 127.446799107850779, 34.474435189174308 ], [ 127.445686147128981, 34.471766773312112 ], [ 127.441527085995759, 34.469150141431513 ], [ 127.439308128865918, 34.469902021251286 ], [ 127.436450063499237, 34.472538702476683 ] ] ], [ [ [ 127.396628507934267, 34.478882651240191 ], [ 127.404052309564946, 34.481432288865804 ], [ 127.407393419248208, 34.477633776599873 ], [ 127.403742081099338, 34.474884749641696 ], [ 127.399579494959966, 34.476186937761092 ], [ 127.396628507934267, 34.478882651240191 ] ] ], [ [ [ 127.446842352559969, 34.483212233080806 ], [ 127.446378630619577, 34.483410221040792 ], [ 127.446857235245204, 34.483267780001526 ], [ 127.446842352559969, 34.483212233080806 ] ] ], [ [ [ 127.401205965625152, 34.485951005970854 ], [ 127.400958189116068, 34.485964878226191 ], [ 127.401065659064898, 34.486115140610117 ], [ 127.401205965625152, 34.485951005970854 ] ] ], [ [ [ 127.40007279866974, 34.486642205200575 ], [ 127.400273388047523, 34.487242148760089 ], [ 127.400466883786194, 34.486777181782962 ], [ 127.40007279866974, 34.486642205200575 ] ] ], [ [ [ 127.39955445581738, 34.486798348870309 ], [ 127.399576762616775, 34.487391752817835 ], [ 127.399770738488996, 34.486855147383061 ], [ 127.39955445581738, 34.486798348870309 ] ] ], [ [ [ 127.397597924769642, 34.489053420551237 ], [ 127.397427765526118, 34.48914859692988 ], [ 127.397497384148679, 34.489168608792198 ], [ 127.397597924769642, 34.489053420551237 ] ] ], [ [ [ 127.39923411576477, 34.490712247765316 ], [ 127.397958259519484, 34.489980246134387 ], [ 127.397936179042063, 34.491054183972466 ], [ 127.39923411576477, 34.490712247765316 ] ] ], [ [ [ 127.401951184604016, 34.495463953926127 ], [ 127.402278105131344, 34.494625375787969 ], [ 127.401725907646565, 34.495448366941289 ], [ 127.401951184604016, 34.495463953926127 ] ] ], [ [ [ 127.412302665212863, 34.512080617446806 ], [ 127.414252284789185, 34.511294017504305 ], [ 127.412274133116341, 34.511869721707818 ], [ 127.412302665212863, 34.512080617446806 ] ] ], [ [ [ 127.412893596586386, 34.515060546329799 ], [ 127.413868184557728, 34.515832617331675 ], [ 127.413855960303266, 34.515069055935513 ], [ 127.412893596586386, 34.515060546329799 ] ] ], [ [ [ 127.509902379960053, 34.367030864971639 ], [ 127.510458375422175, 34.366255308930739 ], [ 127.50950172535758, 34.366657809873679 ], [ 127.509902379960053, 34.367030864971639 ] ] ], [ [ [ 127.498213400052038, 34.397694659636613 ], [ 127.497934374418975, 34.396561346063592 ], [ 127.496638728806118, 34.397737272580059 ], [ 127.498213400052038, 34.397694659636613 ] ] ], [ [ [ 127.492097000823435, 34.399681368759268 ], [ 127.494019046862817, 34.399249141027042 ], [ 127.496565415951679, 34.398153861585641 ], [ 127.492097000823435, 34.399681368759268 ] ] ], [ [ [ 127.490792556196553, 34.423897296665146 ], [ 127.490738705529211, 34.423670941087501 ], [ 127.490655946417178, 34.424947106499474 ], [ 127.490792556196553, 34.423897296665146 ] ] ], [ [ [ 127.4933293841801, 34.426820796708377 ], [ 127.494227432026278, 34.426576502963009 ], [ 127.493453377702323, 34.426695861558727 ], [ 127.4933293841801, 34.426820796708377 ] ] ], [ [ [ 127.536915070255858, 34.436397539426871 ], [ 127.536847185862641, 34.435987506488338 ], [ 127.536674205665008, 34.43608483585777 ], [ 127.536915070255858, 34.436397539426871 ] ] ], [ [ [ 127.546404168123999, 34.442788121430688 ], [ 127.54658671844669, 34.442456819329443 ], [ 127.546183291739737, 34.442418367656103 ], [ 127.546404168123999, 34.442788121430688 ] ] ], [ [ [ 127.5419327302086, 34.444070660570937 ], [ 127.544827127786633, 34.443074930848468 ], [ 127.540121452107044, 34.441052640168252 ], [ 127.53981983048557, 34.441371548395516 ], [ 127.5419327302086, 34.444070660570937 ] ] ], [ [ [ 127.545976839889761, 34.443094254429944 ], [ 127.545490860980692, 34.442957360525291 ], [ 127.545406835142401, 34.443092753037547 ], [ 127.545976839889761, 34.443094254429944 ] ] ], [ [ [ 127.449785826639527, 34.449047157342562 ], [ 127.452286644401994, 34.452480590351449 ], [ 127.453226662756705, 34.449840613420356 ], [ 127.458705068018233, 34.452783880444585 ], [ 127.453428235188611, 34.456025030628822 ], [ 127.456896446089644, 34.455988622299536 ], [ 127.454130631889527, 34.45947123143916 ], [ 127.454267987338426, 34.467057977705295 ], [ 127.45673680764385, 34.465801762432882 ], [ 127.457833248229818, 34.466119427371034 ], [ 127.452293213316281, 34.46817433734369 ], [ 127.454919970826396, 34.475756398768723 ], [ 127.456475163919805, 34.476311020752718 ], [ 127.4632005893382, 34.471497197407849 ], [ 127.467156877524062, 34.471023459263641 ], [ 127.469000613610547, 34.472836846052701 ], [ 127.469507515223569, 34.471368325118405 ], [ 127.467675779092829, 34.469420854559267 ], [ 127.472698126650855, 34.46426104007395 ], [ 127.481592155909283, 34.464033483218792 ], [ 127.484964906359735, 34.466987191697015 ], [ 127.490415791072081, 34.465470703639447 ], [ 127.489944008100537, 34.462568796667625 ], [ 127.482727053746828, 34.46016773492844 ], [ 127.483104434312395, 34.458008661152554 ], [ 127.487004504620671, 34.459921167287135 ], [ 127.493714761016875, 34.458467204724904 ], [ 127.498199931105049, 34.467580053297866 ], [ 127.500286006706048, 34.465775950506654 ], [ 127.499436700104326, 34.462589502865384 ], [ 127.502372690579634, 34.461916783153228 ], [ 127.50557528045519, 34.463694826689206 ], [ 127.50698538791957, 34.468276350061728 ], [ 127.505204606520252, 34.468995546158688 ], [ 127.505643604616836, 34.471236683876931 ], [ 127.504356220999242, 34.473834677013912 ], [ 127.513633201561845, 34.461863505170108 ], [ 127.521618899675047, 34.457486585062249 ], [ 127.519015425550236, 34.455971351610145 ], [ 127.520082688187046, 34.453536709778284 ], [ 127.53700014252162, 34.447973966973578 ], [ 127.537550389060314, 34.446456548555325 ], [ 127.534206443355529, 34.444681702512689 ], [ 127.534253909764715, 34.442800364777725 ], [ 127.536973960324005, 34.439500840333629 ], [ 127.535602790690263, 34.437647926013838 ], [ 127.538345700099086, 34.431425665190496 ], [ 127.533625612786309, 34.429255297174521 ], [ 127.534054365059646, 34.427270232907652 ], [ 127.531586185396691, 34.425753873631358 ], [ 127.530708671149412, 34.422558778901589 ], [ 127.527289932320599, 34.422778758218854 ], [ 127.524442613530439, 34.425790561348542 ], [ 127.520195611983212, 34.426969293265081 ], [ 127.515342907268547, 34.421670633269507 ], [ 127.503944523588942, 34.418039816111836 ], [ 127.501394583093372, 34.41530750484889 ], [ 127.497094200953313, 34.414324032084068 ], [ 127.493422064116245, 34.416101828975684 ], [ 127.494144277422308, 34.412801558330493 ], [ 127.490865105740255, 34.411883141679816 ], [ 127.48563058702419, 34.415419968056646 ], [ 127.48858530030445, 34.419153757300762 ], [ 127.49178155808842, 34.419848301788711 ], [ 127.490573049516513, 34.422927562921068 ], [ 127.494446309890961, 34.425260285479503 ], [ 127.494474895874887, 34.429697502537969 ], [ 127.492686145980912, 34.432381532773846 ], [ 127.486608945732186, 34.433084883732974 ], [ 127.485212281639321, 34.436975489862597 ], [ 127.4830035458303, 34.437721909982571 ], [ 127.480530636828789, 34.43666248470479 ], [ 127.47922098746389, 34.432714402312392 ], [ 127.475367007699674, 34.432685876426376 ], [ 127.47293293166156, 34.43638610723788 ], [ 127.470372950024583, 34.436035162859483 ], [ 127.46552013705616, 34.439801865421913 ], [ 127.46627579562859, 34.442551755834046 ], [ 127.462680930444066, 34.443964844120117 ], [ 127.464268298821452, 34.446953491126486 ], [ 127.468498191895023, 34.444296220731971 ], [ 127.470442617191267, 34.445094007424856 ], [ 127.473575614951898, 34.442262358074629 ], [ 127.481910625261989, 34.442241564808732 ], [ 127.485425002492164, 34.44773676009013 ], [ 127.481943674163787, 34.447228885354853 ], [ 127.481399162448383, 34.449783143615157 ], [ 127.472329422160826, 34.452829918109877 ], [ 127.466897715622821, 34.450269742187736 ], [ 127.464540572517393, 34.453218788352856 ], [ 127.459835085899883, 34.45170046949552 ], [ 127.459413863881153, 34.449387972253561 ], [ 127.451624509940515, 34.446536333669677 ], [ 127.449785826639527, 34.449047157342562 ] ] ], [ [ [ 127.462446204592723, 34.444634362283551 ], [ 127.461696107886368, 34.443649216155798 ], [ 127.461438897954494, 34.444190297259553 ], [ 127.462446204592723, 34.444634362283551 ] ] ], [ [ [ 127.509721239016571, 34.468984654813703 ], [ 127.509215813554547, 34.46906310782343 ], [ 127.509258827175231, 34.469129428707966 ], [ 127.509721239016571, 34.468984654813703 ] ] ], [ [ [ 127.510742416083971, 34.470569353467518 ], [ 127.510585433419607, 34.470550301890476 ], [ 127.510701462004477, 34.470695473916336 ], [ 127.510742416083971, 34.470569353467518 ] ] ], [ [ [ 127.504643427813861, 34.472648402130467 ], [ 127.504687170851398, 34.472212770283768 ], [ 127.504266839631029, 34.472806640999842 ], [ 127.504643427813861, 34.472648402130467 ] ] ] ] } },
{ "type": "Feature", "properties": { "emd_cd": "46770370", "emd_nm": "점암면" }, "geometry": { "type": "MultiPolygon", "coordinates": [ [ [ [ 127.318050733997481, 34.656960306527985 ], [ 127.319687741523879, 34.659157764938826 ], [ 127.318743505603706, 34.663546915378618 ], [ 127.321163394229842, 34.661643998064527 ], [ 127.340740607195357, 34.670966423744545 ], [ 127.356750756966534, 34.672083186433959 ], [ 127.363512089327116, 34.675838000297645 ], [ 127.365776388756103, 34.675624233704568 ], [ 127.371009896970378, 34.680050748427654 ], [ 127.373374415382557, 34.677988861006497 ], [ 127.37204779401354, 34.676622319766068 ], [ 127.374766974145714, 34.673103135554669 ], [ 127.382136380768571, 34.671874857554883 ], [ 127.388008561940424, 34.676339120605817 ], [ 127.391622755243844, 34.674548645765597 ], [ 127.390861053067383, 34.671334842728264 ], [ 127.397282505849901, 34.66799520497338 ], [ 127.401103039141532, 34.667577669163329 ], [ 127.400767547961124, 34.669880616600196 ], [ 127.403555508542141, 34.670411943897484 ], [ 127.408502328577214, 34.666726730492563 ], [ 127.4152381045824, 34.666095407070763 ], [ 127.416124596695084, 34.664176760500347 ], [ 127.42846827773711, 34.664011522600354 ], [ 127.431939556707931, 34.66157180104161 ], [ 127.435234088489182, 34.666789293389165 ], [ 127.439640528874222, 34.666028882159324 ], [ 127.440379640939227, 34.66342898290192 ], [ 127.445459572168147, 34.661727089256821 ], [ 127.452771978957657, 34.664595389620388 ], [ 127.453373545586203, 34.667506635079249 ], [ 127.455530796791734, 34.668138580851924 ], [ 127.457756895575869, 34.668100585414706 ], [ 127.456762722291174, 34.666180775779694 ], [ 127.459307234427996, 34.664556797582371 ], [ 127.467122351492591, 34.661161843574213 ], [ 127.468132768945068, 34.662166613122494 ], [ 127.467077852471689, 34.664370007307738 ], [ 127.470079940360122, 34.66477524829137 ], [ 127.471475166374759, 34.663083063334611 ], [ 127.469280357638013, 34.662866988774432 ], [ 127.46965067199551, 34.660452173403712 ], [ 127.47513006910566, 34.658073493757549 ], [ 127.473207835257924, 34.654731156976446 ], [ 127.475147341903522, 34.65348214931668 ], [ 127.479765874299872, 34.655651619631335 ], [ 127.479331344285484, 34.654481587316091 ], [ 127.477828014114152, 34.654243131261794 ], [ 127.47714658606084, 34.652950569665599 ], [ 127.48179910025388, 34.649623293144018 ], [ 127.486632197838716, 34.651684598005332 ], [ 127.489902128546774, 34.648167601807835 ], [ 127.486308924805371, 34.648124890729761 ], [ 127.489242824647462, 34.647154070901237 ], [ 127.489226007523953, 34.64519328928094 ], [ 127.491389533277101, 34.645860203240268 ], [ 127.49042087445487, 34.644985107834266 ], [ 127.491749598500746, 34.64411713234206 ], [ 127.487373710896748, 34.642298111766493 ], [ 127.479818223515139, 34.645315812287556 ], [ 127.477016989488462, 34.648777935996357 ], [ 127.475935284889246, 34.644549252315365 ], [ 127.4746556237329, 34.645899125665245 ], [ 127.47447104344613, 34.643743121300488 ], [ 127.472292609833787, 34.642964052302503 ], [ 127.4748916498081, 34.642025094008751 ], [ 127.468947265454204, 34.641832550326548 ], [ 127.463572905527343, 34.649627057961602 ], [ 127.458399115855187, 34.647165665487286 ], [ 127.461947267722877, 34.641856568977715 ], [ 127.4597971076617, 34.641105545828147 ], [ 127.471027323251192, 34.637348551206983 ], [ 127.476415448904874, 34.631844076274646 ], [ 127.476198434616876, 34.628083320961629 ], [ 127.46615699873206, 34.627274652402861 ], [ 127.461399388623832, 34.623828053431126 ], [ 127.45609303725962, 34.623183055550044 ], [ 127.447417355594922, 34.625101790908126 ], [ 127.439721622038761, 34.630243167864599 ], [ 127.43745419629856, 34.628143646744142 ], [ 127.426227431587833, 34.624342503607799 ], [ 127.421500806604541, 34.620650413929333 ], [ 127.407223131242887, 34.624005012738451 ], [ 127.405139178872574, 34.623446552512263 ], [ 127.404568238107785, 34.620671793778911 ], [ 127.398687305534779, 34.619994751620702 ], [ 127.398007319029958, 34.618898529627835 ], [ 127.404461103829377, 34.612685706763145 ], [ 127.403330235702668, 34.611413240078804 ], [ 127.404463112883022, 34.605872359668226 ], [ 127.402138030025071, 34.602085972634164 ], [ 127.405781371621913, 34.595847487435464 ], [ 127.408146558194076, 34.598593650400261 ], [ 127.409354358166567, 34.591982024735337 ], [ 127.408293965223905, 34.589491538625566 ], [ 127.40082492651004, 34.589709738597058 ], [ 127.397867583277673, 34.588259656147564 ], [ 127.388729968283215, 34.599760947108116 ], [ 127.385431379823657, 34.606691012338054 ], [ 127.377640216743046, 34.605666406537807 ], [ 127.370177959933088, 34.608365794437297 ], [ 127.371001898525179, 34.61058868858791 ], [ 127.369671342176858, 34.612615420611142 ], [ 127.372684456193568, 34.613519671403168 ], [ 127.37405371945367, 34.615818260650698 ], [ 127.371366111298215, 34.616948358112104 ], [ 127.371084915860465, 34.619001529101176 ], [ 127.364403009824073, 34.620027109358489 ], [ 127.362121834068432, 34.62450816886728 ], [ 127.364236261499357, 34.629023333139173 ], [ 127.36209329365667, 34.632007345283299 ], [ 127.362455440272385, 34.637055416114563 ], [ 127.364015512077614, 34.637887104283791 ], [ 127.36313434955585, 34.639013888889544 ], [ 127.360046567665577, 34.64022814135344 ], [ 127.355894786165379, 34.639460157539546 ], [ 127.351843382157213, 34.634743955202971 ], [ 127.347251041297142, 34.63622666749756 ], [ 127.338539864234733, 34.643372144804736 ], [ 127.334401857463178, 34.644676410112027 ], [ 127.332926034285421, 34.648407654627363 ], [ 127.329794387757119, 34.646579030761863 ], [ 127.322426459492661, 34.651375112283539 ], [ 127.321736799416968, 34.655176973219781 ], [ 127.318050733997481, 34.656960306527985 ] ] ], [ [ [ 127.479005713593594, 34.659920362968329 ], [ 127.480021845433839, 34.660029687005682 ], [ 127.480013999681702, 34.659841465681055 ], [ 127.479005713593594, 34.659920362968329 ] ] ] ] } },
{ "type": "Feature", "properties": { "emd_cd": "46770380", "emd_nm": "과역면" }, "geometry": { "type": "MultiPolygon", "coordinates": [ [ [ [ 127.434463264685149, 34.685677325817281 ], [ 127.434682192981811, 34.685312817414754 ], [ 127.434205668534887, 34.685579986334098 ], [ 127.434463264685149, 34.685677325817281 ] ] ], [ [ [ 127.432044288035158, 34.688272896527124 ], [ 127.432251730136585, 34.687853356646194 ], [ 127.432180706259729, 34.687814873825467 ], [ 127.432044288035158, 34.688272896527124 ] ] ], [ [ [ 127.319627943004988, 34.689299571030446 ], [ 127.32168737631504, 34.690313502469721 ], [ 127.321650035548828, 34.688996824775941 ], [ 127.319627943004988, 34.689299571030446 ] ] ], [ [ [ 127.318082840639761, 34.681792419553148 ], [ 127.322408280083508, 34.687324102711756 ], [ 127.32739095788979, 34.689420751351598 ], [ 127.325739786361353, 34.693871379306209 ], [ 127.327345795102801, 34.694036075172825 ], [ 127.331250321044905, 34.699251210527095 ], [ 127.332249399486599, 34.706840500746281 ], [ 127.335001795912234, 34.708529012633178 ], [ 127.342933168571136, 34.708669613008823 ], [ 127.34464431435471, 34.710003768714181 ], [ 127.348085655605729, 34.705463257239643 ], [ 127.35295599276877, 34.706174882088099 ], [ 127.356632747507859, 34.704000695068707 ], [ 127.359919306182277, 34.699301225731858 ], [ 127.365003710418648, 34.698208952172763 ], [ 127.365843978113119, 34.695714195488144 ], [ 127.370742431785004, 34.695474907265293 ], [ 127.372476427651364, 34.698909483170908 ], [ 127.371035590120783, 34.704304447720105 ], [ 127.380188067787643, 34.703442913613998 ], [ 127.382597970989409, 34.710354661352632 ], [ 127.379603759599206, 34.712068637805714 ], [ 127.380837513182797, 34.713177093527008 ], [ 127.378696329671698, 34.716215918399477 ], [ 127.385183810017452, 34.718870746496918 ], [ 127.384295360731713, 34.721479833057451 ], [ 127.386280697038131, 34.722064417877334 ], [ 127.388799867900758, 34.71950931220632 ], [ 127.391026467343835, 34.719872693248455 ], [ 127.391397327296517, 34.718757811200078 ], [ 127.39269237661162, 34.719029852155124 ], [ 127.393046897813207, 34.718930909857136 ], [ 127.393162966748775, 34.718766479587273 ], [ 127.388540074447491, 34.717337642218027 ], [ 127.390985783872097, 34.710563664919107 ], [ 127.396674934465537, 34.706539233676189 ], [ 127.401363100582969, 34.70812784181178 ], [ 127.402417179268909, 34.705860457766228 ], [ 127.406230945655892, 34.704737603475081 ], [ 127.406927733652338, 34.702565392658805 ], [ 127.401306504774624, 34.703153202009439 ], [ 127.40250696464588, 34.700874545206162 ], [ 127.407339654218347, 34.699209567723827 ], [ 127.406655857873915, 34.696744452944124 ], [ 127.409790677377259, 34.697279526012899 ], [ 127.413966832949583, 34.694327459793449 ], [ 127.415386189337056, 34.695117317126211 ], [ 127.418114036465681, 34.690387171790867 ], [ 127.422033179901121, 34.692935497825523 ], [ 127.423435032192202, 34.691952111273061 ], [ 127.422706681807639, 34.688598136627398 ], [ 127.425204894568381, 34.688990714694079 ], [ 127.423292647387711, 34.686550940542475 ], [ 127.424934389346689, 34.686414100270447 ], [ 127.425055611964936, 34.684366787358549 ], [ 127.427764206998518, 34.685201628548086 ], [ 127.424928531096811, 34.682563223399328 ], [ 127.42895286633464, 34.682127753880955 ], [ 127.42790044336607, 34.680169019451981 ], [ 127.432824059081028, 34.679553838605614 ], [ 127.429144821703687, 34.6770003419415 ], [ 127.42603213742602, 34.677234144048867 ], [ 127.428065219750167, 34.673984924954553 ], [ 127.434617472272976, 34.674745754433232 ], [ 127.435118618605586, 34.677359651926281 ], [ 127.437423464692117, 34.677957227741203 ], [ 127.437746196194766, 34.676290668594604 ], [ 127.440001590042087, 34.677283319717489 ], [ 127.440519754189268, 34.675184757839013 ], [ 127.442062761332423, 34.675746984151623 ], [ 127.443160999531969, 34.672258499143304 ], [ 127.446656843508975, 34.674113167687601 ], [ 127.448637102585877, 34.670974431176539 ], [ 127.446617952169063, 34.67195679458068 ], [ 127.446467749583718, 34.667798020232674 ], [ 127.443998569090084, 34.668775059600556 ], [ 127.442608117710947, 34.667733345077842 ], [ 127.447115511605688, 34.666135439677475 ], [ 127.444406005657697, 34.663131726878312 ], [ 127.440379640939227, 34.66342898290192 ], [ 127.439640528874222, 34.666028882159324 ], [ 127.435234088489182, 34.666789293389165 ], [ 127.431939556707931, 34.66157180104161 ], [ 127.42846827773711, 34.664011522600354 ], [ 127.416124596695084, 34.664176760500347 ], [ 127.4152381045824, 34.666095407070763 ], [ 127.408502328577214, 34.666726730492563 ], [ 127.403555508542141, 34.670411943897484 ], [ 127.400767547961124, 34.669880616600196 ], [ 127.401103039141532, 34.667577669163329 ], [ 127.397282505849901, 34.66799520497338 ], [ 127.390861053067383, 34.671334842728264 ], [ 127.391622755243844, 34.674548645765597 ], [ 127.388008561940424, 34.676339120605817 ], [ 127.382136380768571, 34.671874857554883 ], [ 127.374766974145714, 34.673103135554669 ], [ 127.37204779401354, 34.676622319766068 ], [ 127.373374415382557, 34.677988861006497 ], [ 127.371009896970378, 34.680050748427654 ], [ 127.360332628998108, 34.673245956574092 ], [ 127.340372739515558, 34.670869372348548 ], [ 127.321163394229842, 34.661643998064527 ], [ 127.317693002832257, 34.665383410694531 ], [ 127.321150887571406, 34.667079073285386 ], [ 127.318874395005594, 34.66942081602965 ], [ 127.320775896243674, 34.678568303220004 ], [ 127.318082840639761, 34.681792419553148 ] ] ], [ [ [ 127.410685213515777, 34.704644564034858 ], [ 127.41278532066903, 34.70376695211452 ], [ 127.414755441168921, 34.706532503655104 ], [ 127.421507647070683, 34.701313420451079 ], [ 127.41214673303547, 34.701914508822981 ], [ 127.410266645910127, 34.703839960364064 ], [ 127.412205254099987, 34.702989311530644 ], [ 127.411168295233253, 34.703790301894422 ], [ 127.413034231896944, 34.703419968526838 ], [ 127.413566490952093, 34.703598984298814 ], [ 127.413024790703645, 34.703444257476058 ], [ 127.41232553107443, 34.703836127413616 ], [ 127.41025742771258, 34.703860940161306 ], [ 127.410154156748334, 34.703782385771206 ], [ 127.410685213515777, 34.704644564034858 ] ] ], [ [ [ 127.430853694990304, 34.704607386844302 ], [ 127.433102105894065, 34.703954589786704 ], [ 127.433297209922173, 34.703485893631779 ], [ 127.430853694990304, 34.704607386844302 ] ] ], [ [ [ 127.429633573479492, 34.705380297558698 ], [ 127.429533137776204, 34.704468122529391 ], [ 127.429194511971701, 34.704551394389377 ], [ 127.429633573479492, 34.705380297558698 ] ] ], [ [ [ 127.423189763663643, 34.705268071993196 ], [ 127.422634910985124, 34.707029334074626 ], [ 127.427464232524258, 34.705211269168423 ], [ 127.423170061064738, 34.703033021419721 ], [ 127.421300312707857, 34.704200129528502 ], [ 127.423189763663643, 34.705268071993196 ] ] ], [ [ [ 127.407444091268061, 34.705577165175214 ], [ 127.407352930648472, 34.705466090124112 ], [ 127.407234440909647, 34.70560360790823 ], [ 127.407444091268061, 34.705577165175214 ] ] ], [ [ [ 127.426017714198764, 34.706651602399731 ], [ 127.425419659055322, 34.70684134999221 ], [ 127.425413553460757, 34.707125136157707 ], [ 127.426017714198764, 34.706651602399731 ] ] ], [ [ [ 127.421836572004381, 34.707146282028539 ], [ 127.421580019831495, 34.706918153755012 ], [ 127.421662574369449, 34.707296201339759 ], [ 127.421836572004381, 34.707146282028539 ] ] ], [ [ [ 127.40517372972198, 34.70900848662712 ], [ 127.405609601131076, 34.708747749953886 ], [ 127.4057259979582, 34.708530835188512 ], [ 127.40597047300291, 34.708501340817243 ], [ 127.405718126494278, 34.708487935974318 ], [ 127.40517372972198, 34.70900848662712 ] ] ], [ [ [ 127.394565534730987, 34.71084952638089 ], [ 127.39424075006221, 34.711811634319062 ], [ 127.394664590564332, 34.712102992351603 ], [ 127.394565534730987, 34.71084952638089 ] ] ], [ [ [ 127.412876048633947, 34.70932334882616 ], [ 127.41351167147107, 34.712167431369025 ], [ 127.416337926421903, 34.713790758776533 ], [ 127.421433644578343, 34.71228911547707 ], [ 127.415737377356635, 34.711378241603363 ], [ 127.412876048633947, 34.70932334882616 ] ] ], [ [ [ 127.395713741256543, 34.723912608843136 ], [ 127.398751426737377, 34.723163609222716 ], [ 127.399001674544564, 34.721354199548315 ], [ 127.395416516243699, 34.721055733057625 ], [ 127.395713741256543, 34.723912608843136 ] ] ], [ [ [ 127.41425796547658, 34.732907285013319 ], [ 127.414538472550248, 34.733645201722062 ], [ 127.415394571646686, 34.732929712922058 ], [ 127.41425796547658, 34.732907285013319 ] ] ], [ [ [ 127.462404019834423, 34.670250326799597 ], [ 127.467404308253634, 34.670746360139958 ], [ 127.469157315196128, 34.669121414537919 ], [ 127.472420876851402, 34.6729595038735 ], [ 127.476634739091267, 34.67217188136452 ], [ 127.477747493938779, 34.670202117618032 ], [ 127.474902828725305, 34.667572065171356 ], [ 127.477163102961256, 34.664592411829751 ], [ 127.474079816521495, 34.665358556407774 ], [ 127.471907516774579, 34.663855623511893 ], [ 127.469898612274903, 34.667051582660378 ], [ 127.464449158542379, 34.666069419692498 ], [ 127.462404019834423, 34.670250326799597 ] ] ], [ [ [ 127.45277944835081, 34.670764747966096 ], [ 127.452238185166635, 34.671633121032023 ], [ 127.453165442156163, 34.671228630042322 ], [ 127.45277944835081, 34.670764747966096 ] ] ], [ [ [ 127.469425923721218, 34.673807516245844 ], [ 127.47024504451295, 34.675482283113226 ], [ 127.47131557106988, 34.674872454956251 ], [ 127.469425923721218, 34.673807516245844 ] ] ], [ [ [ 127.455574407617235, 34.679271864796434 ], [ 127.456724502525176, 34.6790023419601 ], [ 127.456470752298856, 34.678607603788095 ], [ 127.455574407617235, 34.679271864796434 ] ] ], [ [ [ 127.438230095834555, 34.678970083856868 ], [ 127.440433586252169, 34.679468899774101 ], [ 127.438087555273327, 34.678855564710148 ], [ 127.438230095834555, 34.678970083856868 ] ] ], [ [ [ 127.447627720954841, 34.680637786673636 ], [ 127.450880002733683, 34.679859391405934 ], [ 127.450972181833947, 34.678229119368531 ], [ 127.447627720954841, 34.680637786673636 ] ] ], [ [ [ 127.470591944395181, 34.680870720106611 ], [ 127.471874179788244, 34.6805901525398 ], [ 127.472372151318709, 34.680090251844234 ], [ 127.470591944395181, 34.680870720106611 ] ] ], [ [ [ 127.446756513789154, 34.683362987907834 ], [ 127.447856865052387, 34.682271350452083 ], [ 127.446768231440885, 34.682060218628266 ], [ 127.446756513789154, 34.683362987907834 ] ] ], [ [ [ 127.4509864532085, 34.685778164058661 ], [ 127.452948781063895, 34.686357777195092 ], [ 127.454435554669388, 34.683957416364862 ], [ 127.4509864532085, 34.685778164058661 ] ] ], [ [ [ 127.455152891206055, 34.686254231781348 ], [ 127.460851664757314, 34.691497164140841 ], [ 127.463528511317278, 34.690639273640393 ], [ 127.462149582217052, 34.688177133395186 ], [ 127.458677534287332, 34.687170987307518 ], [ 127.45754239775313, 34.683252750118932 ], [ 127.455152891206055, 34.686254231781348 ] ] ], [ [ [ 127.42139458962518, 34.700472366800462 ], [ 127.426086501097743, 34.703269682468417 ], [ 127.434202368371629, 34.70099028264832 ], [ 127.435281434490307, 34.698454689404215 ], [ 127.441375962037057, 34.695966084968688 ], [ 127.444568292642558, 34.689950836541946 ], [ 127.447330847065942, 34.692065657340962 ], [ 127.444387301650394, 34.695978361671656 ], [ 127.451060212844766, 34.6965861595869 ], [ 127.452725710764454, 34.690039008545291 ], [ 127.447780652862832, 34.687960436645213 ], [ 127.448395610969285, 34.685364603703086 ], [ 127.444298409192385, 34.685725035625907 ], [ 127.445698673458963, 34.682792204318659 ], [ 127.443422185621145, 34.68288968430187 ], [ 127.437975606439053, 34.687927891638338 ], [ 127.434890239303513, 34.687295409334752 ], [ 127.434117007033635, 34.691421925714188 ], [ 127.431145434395049, 34.690482058417089 ], [ 127.42955569955906, 34.6915534055099 ], [ 127.42609182520043, 34.698272178293166 ], [ 127.42139458962518, 34.700472366800462 ] ] ], [ [ [ 127.455243179514866, 34.696617790352661 ], [ 127.455186232393643, 34.696006303078669 ], [ 127.454793925747779, 34.696077370236544 ], [ 127.455243179514866, 34.696617790352661 ] ] ], [ [ [ 127.449988170461111, 34.705282716979774 ], [ 127.450465174897857, 34.70631325777007 ], [ 127.450715725057194, 34.705663245196448 ], [ 127.449988170461111, 34.705282716979774 ] ] ], [ [ [ 127.448692231776789, 34.712286728986186 ], [ 127.449696528054929, 34.713062876539894 ], [ 127.449454626990033, 34.712146084259345 ], [ 127.448692231776789, 34.712286728986186 ] ] ], [ [ [ 127.436229322091151, 34.71072163694128 ], [ 127.437346037424845, 34.711535110769312 ], [ 127.436851278803559, 34.710320162471831 ], [ 127.439181688638186, 34.709019331624347 ], [ 127.442117772673072, 34.710475229059448 ], [ 127.440769387139284, 34.714105324525228 ], [ 127.443277651982299, 34.715047667395581 ], [ 127.442116926056514, 34.720613559146571 ], [ 127.444658640965542, 34.719324840775123 ], [ 127.447389968276966, 34.72134455278136 ], [ 127.446846577095059, 34.717143343960807 ], [ 127.444671357977541, 34.716454116216575 ], [ 127.445339412820715, 34.714801551693114 ], [ 127.447286609493148, 34.714739374791051 ], [ 127.44492518562447, 34.709473318840445 ], [ 127.440410360630153, 34.70850606415992 ], [ 127.43856996346571, 34.706068355394635 ], [ 127.436190919468032, 34.708111544664078 ], [ 127.436229322091151, 34.71072163694128 ] ] ], [ [ [ 127.438565786404169, 34.714773344918527 ], [ 127.438556854422913, 34.71460276677864 ], [ 127.438400857249377, 34.714614828343592 ], [ 127.438565786404169, 34.714773344918527 ] ] ] ] } },
{ "type": "Feature", "properties": { "emd_cd": "46770390", "emd_nm": "남양면" }, "geometry": { "type": "MultiPolygon", "coordinates": [ [ [ [ 127.305497584907386, 34.722950805311065 ], [ 127.309885851114018, 34.727399757747691 ], [ 127.315400511332768, 34.725243954408235 ], [ 127.314628688760976, 34.721518779948184 ], [ 127.312088048966913, 34.718848315320479 ], [ 127.306497746060643, 34.720265296248137 ], [ 127.305497584907386, 34.722950805311065 ] ] ], [ [ [ 127.303462292159111, 34.728014635340777 ], [ 127.304002674960842, 34.72648867779624 ], [ 127.300736675555157, 34.725916549972702 ], [ 127.301484853453459, 34.727966572804064 ], [ 127.303462292159111, 34.728014635340777 ] ] ], [ [ [ 127.307359485449268, 34.727924396481455 ], [ 127.306900948016619, 34.727159948773277 ], [ 127.306909972185636, 34.72828339501978 ], [ 127.307359485449268, 34.727924396481455 ] ] ], [ [ [ 127.307654920751631, 34.732376964165269 ], [ 127.307929623218087, 34.734481948340665 ], [ 127.309212228204913, 34.733220963147147 ], [ 127.307654920751631, 34.732376964165269 ] ] ], [ [ [ 127.309332272030957, 34.737066242013071 ], [ 127.309605987432121, 34.735115883392155 ], [ 127.307592196428445, 34.736751113183303 ], [ 127.309332272030957, 34.737066242013071 ] ] ], [ [ [ 127.308168488022247, 34.737537408162375 ], [ 127.30813265222433, 34.737407875216164 ], [ 127.308064791709086, 34.737447329640837 ], [ 127.308168488022247, 34.737537408162375 ] ] ], [ [ [ 127.310145640375609, 34.73996236949526 ], [ 127.310583736268669, 34.740133887853275 ], [ 127.31057296753707, 34.739860742124876 ], [ 127.310145640375609, 34.73996236949526 ] ] ], [ [ [ 127.318908721280167, 34.728609063315645 ], [ 127.318992123963213, 34.728368718266999 ], [ 127.318900608143039, 34.728368956792096 ], [ 127.318908721280167, 34.728609063315645 ] ] ], [ [ [ 127.315475394616243, 34.736443844913559 ], [ 127.315991770894001, 34.736450183543468 ], [ 127.315977388347449, 34.736178823290388 ], [ 127.315475394616243, 34.736443844913559 ] ] ], [ [ [ 127.344278614910053, 34.710409128306445 ], [ 127.343345210863717, 34.716078102663275 ], [ 127.338430497909854, 34.713344984255265 ], [ 127.332962479153238, 34.71500090393976 ], [ 127.327476637257732, 34.731613767367335 ], [ 127.328115113094825, 34.738899103914498 ], [ 127.326622248093003, 34.744846773271107 ], [ 127.327731783365991, 34.745171667105133 ], [ 127.326002343525715, 34.748278998994017 ], [ 127.327201105782322, 34.752354103865677 ], [ 127.332095193363614, 34.757313981989491 ], [ 127.330996441658598, 34.763794304011874 ], [ 127.32893217574734, 34.764031896019794 ], [ 127.330314986626121, 34.766483054914765 ], [ 127.335590513776921, 34.764945807731038 ], [ 127.336218125057101, 34.768150382168848 ], [ 127.33453350302706, 34.769204412082978 ], [ 127.335685780404589, 34.770244858587361 ], [ 127.340235447897911, 34.769593140832377 ], [ 127.354253582184924, 34.773707169976625 ], [ 127.364667736157472, 34.774606345518059 ], [ 127.373425936500837, 34.778679824275585 ], [ 127.385905948947453, 34.77709608929851 ], [ 127.385234361661205, 34.774674006614511 ], [ 127.386541566463436, 34.774138194146829 ], [ 127.39310904753097, 34.776138498809516 ], [ 127.394584558153142, 34.772974491348563 ], [ 127.400284779333489, 34.770913097787101 ], [ 127.402397660294724, 34.767260181896368 ], [ 127.397234018607463, 34.75739216543964 ], [ 127.388807960737694, 34.752007334873682 ], [ 127.379932848571073, 34.750953208795472 ], [ 127.372803344388203, 34.741622898749085 ], [ 127.374829386164578, 34.736713662289368 ], [ 127.377772151815492, 34.735494515904136 ], [ 127.379293310330098, 34.732685237325796 ], [ 127.38002127117673, 34.729219068829757 ], [ 127.378544578400081, 34.727118058769221 ], [ 127.384609360095553, 34.721708426721833 ], [ 127.385183810017452, 34.718870746496918 ], [ 127.378696329671698, 34.716215918399477 ], [ 127.380837513182797, 34.713177093527008 ], [ 127.379603759599206, 34.712068637805714 ], [ 127.382597970989409, 34.710354661352632 ], [ 127.38010962977485, 34.703355963446199 ], [ 127.371035590120783, 34.704304447720105 ], [ 127.372300941080738, 34.697594498839102 ], [ 127.370742431785004, 34.695474907265293 ], [ 127.367817645517647, 34.695023723774973 ], [ 127.364702571208269, 34.698397912802022 ], [ 127.359919306182277, 34.699301225731858 ], [ 127.353492914271698, 34.705934582944259 ], [ 127.348085655605729, 34.705463257239643 ], [ 127.344278614910053, 34.710409128306445 ] ] ], [ [ [ 127.312654198027246, 34.738457234054806 ], [ 127.313898589721944, 34.737986521503053 ], [ 127.313697021240216, 34.737076602490305 ], [ 127.312270179879661, 34.736909235897819 ], [ 127.312654198027246, 34.738457234054806 ] ] ], [ [ [ 127.324250490151982, 34.741102308795661 ], [ 127.324422739433359, 34.741104727656435 ], [ 127.324290105347544, 34.741048389502758 ], [ 127.324250490151982, 34.741102308795661 ] ] ], [ [ [ 127.397083775671589, 34.775296453972672 ], [ 127.397194499409792, 34.774720907973133 ], [ 127.396998660021964, 34.774782884985207 ], [ 127.397083775671589, 34.775296453972672 ] ] ] ] } },
{ "type": "Feature", "properties": { "emd_cd": "46770400", "emd_nm": "동강면" }, "geometry": { "type": "MultiPolygon", "coordinates": [ [ [ [ 127.275864559556624, 34.792410865403887 ], [ 127.280353319218094, 34.794620039580671 ], [ 127.281082806809493, 34.798284253433728 ], [ 127.283715645504998, 34.799382946043856 ], [ 127.286330796190327, 34.804007283938525 ], [ 127.286647058522121, 34.80715113411101 ], [ 127.291213210785997, 34.810708739451663 ], [ 127.297789825542537, 34.809153287798196 ], [ 127.312552707239803, 34.811986000343957 ], [ 127.318595278701224, 34.810805087674069 ], [ 127.327656966852857, 34.822303313479665 ], [ 127.330763808993652, 34.824057928263969 ], [ 127.337956282681233, 34.824468034946733 ], [ 127.340574758710687, 34.827737376081885 ], [ 127.343006664857569, 34.827711210899743 ], [ 127.347119399329486, 34.8251858110293 ], [ 127.352573056441628, 34.825381184452127 ], [ 127.354833092458279, 34.818843077653781 ], [ 127.35738484841184, 34.816287085999718 ], [ 127.363965499688646, 34.816800196124795 ], [ 127.37182820873619, 34.80755897392951 ], [ 127.380608099094147, 34.805567639713317 ], [ 127.38141013131542, 34.803180978752906 ], [ 127.383910851610437, 34.80269475414967 ], [ 127.383878958058318, 34.800282389997236 ], [ 127.386839685978501, 34.796910670646575 ], [ 127.384750132586305, 34.791741536334797 ], [ 127.390575655491503, 34.789525622316532 ], [ 127.387617020920089, 34.786837542836373 ], [ 127.392150409488309, 34.785145484516754 ], [ 127.393221995674736, 34.783737059436852 ], [ 127.391839808835883, 34.783356492591466 ], [ 127.39054733720387, 34.785447892936354 ], [ 127.387514582278172, 34.784544878458547 ], [ 127.385905948947453, 34.77709608929851 ], [ 127.37028383588212, 34.778293244193186 ], [ 127.364667736157472, 34.774606345518059 ], [ 127.336701892726154, 34.769522615668969 ], [ 127.330668599024747, 34.772739597940351 ], [ 127.319217133019606, 34.770989718946801 ], [ 127.317023632432893, 34.774533232150986 ], [ 127.307480467309773, 34.775272167987985 ], [ 127.304807982643894, 34.777922900426105 ], [ 127.301160550835945, 34.778131587520399 ], [ 127.300178766131538, 34.78151242860573 ], [ 127.294556088610932, 34.777271951032823 ], [ 127.28618665750183, 34.782543358917927 ], [ 127.281165955844315, 34.788768773180081 ], [ 127.275864559556624, 34.792410865403887 ] ] ] ] } },
{ "type": "Feature", "properties": { "emd_cd": "46770410", "emd_nm": "대서면" }, "geometry": { "type": "MultiPolygon", "coordinates": [ [ [ [ 127.242764134274452, 34.752709266826805 ], [ 127.242789813405679, 34.752905417358072 ], [ 127.243215493699125, 34.75301545570197 ], [ 127.242764134274452, 34.752709266826805 ] ] ], [ [ [ 127.229751285491332, 34.758014696768825 ], [ 127.240703939957783, 34.76008866619182 ], [ 127.239802434044222, 34.770332919672285 ], [ 127.242492490514536, 34.774572802306608 ], [ 127.247356664609725, 34.778121412355645 ], [ 127.248495356369659, 34.789711199890377 ], [ 127.258802935813961, 34.788903707706503 ], [ 127.266082478423698, 34.786513883742131 ], [ 127.275864559556624, 34.792410865403887 ], [ 127.281165955844315, 34.788768773180081 ], [ 127.28618665750183, 34.782543358917927 ], [ 127.294556088610932, 34.777271951032823 ], [ 127.300178766131538, 34.78151242860573 ], [ 127.301160550835945, 34.778131587520399 ], [ 127.304807982643894, 34.777922900426105 ], [ 127.305546592903198, 34.775927217108908 ], [ 127.317023632432893, 34.774533232150986 ], [ 127.320350719058766, 34.770750081391704 ], [ 127.32736385701007, 34.772811930614942 ], [ 127.333322362583161, 34.772449973053313 ], [ 127.33625541336788, 34.767886897366289 ], [ 127.335590513776921, 34.764945807731038 ], [ 127.330840994914539, 34.766793466075946 ], [ 127.328961145406794, 34.764350447922183 ], [ 127.330996441658598, 34.763794304011874 ], [ 127.332095193363614, 34.757313981989491 ], [ 127.327100930103683, 34.751996809410272 ], [ 127.315292402841195, 34.753180412001946 ], [ 127.309694087917336, 34.752292101840808 ], [ 127.307045357141163, 34.749363585009128 ], [ 127.305876733595539, 34.750756803394012 ], [ 127.303546680794923, 34.749786747077835 ], [ 127.300973551368131, 34.744088707947611 ], [ 127.296720869248162, 34.742562346621277 ], [ 127.294831283786323, 34.737780257112554 ], [ 127.295811582399935, 34.736071732685822 ], [ 127.292104413126665, 34.730919337172509 ], [ 127.289820443909633, 34.731064917523057 ], [ 127.285763365459147, 34.736361681294738 ], [ 127.27792591344631, 34.734310148952531 ], [ 127.279090452503638, 34.737993021218003 ], [ 127.271817961220222, 34.742005528528367 ], [ 127.26987638404718, 34.738014081906748 ], [ 127.265336284519876, 34.736431159167012 ], [ 127.264155880416425, 34.730733587715605 ], [ 127.259566470566227, 34.733439585832052 ], [ 127.252527710058928, 34.742055603594437 ], [ 127.252360185185495, 34.748234803540065 ], [ 127.245961578908563, 34.756799013027738 ], [ 127.244528263364245, 34.75652753804706 ], [ 127.245914176267618, 34.756950563400189 ], [ 127.246822888125877, 34.761062750121212 ], [ 127.229751285491332, 34.758014696768825 ] ] ] ] } },
{ "type": "Feature", "properties": { "emd_cd": "46770420", "emd_nm": "두원면" }, "geometry": { "type": "MultiPolygon", "coordinates": [ [ [ [ 127.319557053782745, 34.616492978277691 ], [ 127.308588015826828, 34.618826686676854 ], [ 127.308267024237395, 34.625213378591468 ], [ 127.305631810464646, 34.626103614078808 ], [ 127.305809337059372, 34.627795659116913 ], [ 127.299273162432087, 34.627927501226615 ], [ 127.297760191302544, 34.629528437909833 ], [ 127.294480441339289, 34.629173148593161 ], [ 127.29215428570545, 34.62664027086641 ], [ 127.288991315628152, 34.627013253024067 ], [ 127.287326860639098, 34.624212870264472 ], [ 127.281809257028812, 34.626427979555849 ], [ 127.276029141120745, 34.625980767801181 ], [ 127.273508334635551, 34.628462338985159 ], [ 127.266989919610054, 34.62827116019259 ], [ 127.26515272080016, 34.624779785704789 ], [ 127.262381161878707, 34.623336362150162 ], [ 127.25316235931534, 34.631000670193814 ], [ 127.24406546501082, 34.632267487149115 ], [ 127.244342329221368, 34.633678665899573 ], [ 127.235460675299763, 34.634829759734039 ], [ 127.218240642955195, 34.631645190734559 ], [ 127.213334930166653, 34.651134337244557 ], [ 127.22794481262072, 34.65451450555679 ], [ 127.228887553558323, 34.660300154771107 ], [ 127.226315946913303, 34.662015444709667 ], [ 127.229023059118219, 34.662307468476151 ], [ 127.229828003240328, 34.664236150722687 ], [ 127.232638440096579, 34.680863173476297 ], [ 127.239545088426226, 34.680442803776771 ], [ 127.243800358623787, 34.683788134014449 ], [ 127.243867142112677, 34.686490880335455 ], [ 127.241867193718605, 34.687473020197608 ], [ 127.242871560742174, 34.687961119955887 ], [ 127.238687024875162, 34.689248815718791 ], [ 127.236837426079887, 34.692958110729435 ], [ 127.239690569119105, 34.691695894768124 ], [ 127.242320645142598, 34.693085674482489 ], [ 127.239710969572116, 34.698170618274517 ], [ 127.240916356354219, 34.700489205708486 ], [ 127.243918621167794, 34.699825177919315 ], [ 127.247959754886935, 34.702416034937869 ], [ 127.246691467652894, 34.705045042389521 ], [ 127.248724449864213, 34.706168753437844 ], [ 127.251630394490462, 34.703400512085778 ], [ 127.253712333308457, 34.704268234862568 ], [ 127.254873130071203, 34.706121550821408 ], [ 127.251624894154205, 34.708948027952935 ], [ 127.251514159942573, 34.7115975513398 ], [ 127.25288037466953, 34.710231749947241 ], [ 127.258971468632652, 34.7117386569996 ], [ 127.263262236200092, 34.716409853159703 ], [ 127.264536865662549, 34.713440911921843 ], [ 127.2693711037073, 34.7120456373613 ], [ 127.275329305576676, 34.716903216077817 ], [ 127.275025132129443, 34.71944549809978 ], [ 127.280307283821031, 34.718868685438466 ], [ 127.280889924532772, 34.717697212544323 ], [ 127.278113625544009, 34.715150276397004 ], [ 127.276953389868353, 34.711339927849387 ], [ 127.280041378059863, 34.710027545150531 ], [ 127.281771671753958, 34.703951118538335 ], [ 127.279396946758183, 34.699547366222546 ], [ 127.284240731900226, 34.698844003864373 ], [ 127.286270849734549, 34.696505924411454 ], [ 127.281996764248618, 34.694771239800744 ], [ 127.285731664889013, 34.69150861988841 ], [ 127.279838415488726, 34.686894779853958 ], [ 127.281342396760721, 34.683837003849803 ], [ 127.279674950730083, 34.681309754999788 ], [ 127.280449275451218, 34.677963203362765 ], [ 127.277136146454566, 34.678139208623172 ], [ 127.279194147683853, 34.672235380906692 ], [ 127.285783784455461, 34.669184708188688 ], [ 127.285669821029302, 34.664382267426788 ], [ 127.282467241918155, 34.657605521532439 ], [ 127.287449433306179, 34.66699725678771 ], [ 127.291331257367219, 34.667770100538654 ], [ 127.295415118209746, 34.667073535617952 ], [ 127.295091889758623, 34.666080215333771 ], [ 127.297073608972411, 34.668442645792624 ], [ 127.302851688009042, 34.666296134792347 ], [ 127.311686201315666, 34.665902343404071 ], [ 127.314407677003999, 34.664178193789148 ], [ 127.318874395005594, 34.66942081602965 ], [ 127.321150887571406, 34.667079073285386 ], [ 127.317761207487621, 34.665933372418792 ], [ 127.319687741523879, 34.659157764938826 ], [ 127.317810306641178, 34.656671465108374 ], [ 127.321736799416968, 34.655176973219781 ], [ 127.322426459492661, 34.651375112283539 ], [ 127.329794387757119, 34.646579030761863 ], [ 127.332926034285421, 34.648407654627363 ], [ 127.334401857463178, 34.644676410112027 ], [ 127.338539864234733, 34.643372144804736 ], [ 127.344677244826514, 34.638093004322279 ], [ 127.339529302056832, 34.633401474428567 ], [ 127.339365476688741, 34.63107550600504 ], [ 127.334553903817081, 34.627591281277134 ], [ 127.334529638525069, 34.623677722480451 ], [ 127.326365113199572, 34.622023931894802 ], [ 127.319557053782745, 34.616492978277691 ] ] ], [ [ [ 127.24576885988624, 34.705416261426699 ], [ 127.246081611578674, 34.705233538191273 ], [ 127.245885631327113, 34.705219607944983 ], [ 127.24576885988624, 34.705416261426699 ] ] ], [ [ [ 127.293029420433257, 34.706947245181851 ], [ 127.294095941104942, 34.707643179011058 ], [ 127.293567319423829, 34.706533431902471 ], [ 127.293029420433257, 34.706947245181851 ] ] ], [ [ [ 127.293957778119463, 34.709585921588911 ], [ 127.294114651346376, 34.709611415567409 ], [ 127.293954002963829, 34.709530592630514 ], [ 127.293957778119463, 34.709585921588911 ] ] ] ] } },
{ "type": "Feature", "properties": { "emd_cd": "46770440", "emd_nm": "영남면" }, "geometry": { "type": "MultiPolygon", "coordinates": [ [ [ [ 127.43888244656857, 34.575602837661116 ], [ 127.439623011652046, 34.576639442515763 ], [ 127.440159157674856, 34.576241796974806 ], [ 127.43888244656857, 34.575602837661116 ] ] ], [ [ [ 127.414866984028521, 34.578614278306581 ], [ 127.416782940302681, 34.58254837649087 ], [ 127.42490681309549, 34.580844779527062 ], [ 127.424323336189758, 34.578272077564357 ], [ 127.422463671183067, 34.577869238002322 ], [ 127.422595360311391, 34.5752831499385 ], [ 127.41900077239147, 34.578472347314552 ], [ 127.414866984028521, 34.578614278306581 ] ] ], [ [ [ 127.431480375830205, 34.584794503226448 ], [ 127.431893971652116, 34.584377476396782 ], [ 127.43118716124475, 34.584250485623123 ], [ 127.431480375830205, 34.584794503226448 ] ] ], [ [ [ 127.411785842147907, 34.58555468978799 ], [ 127.411617708840453, 34.585725959130556 ], [ 127.411878256152704, 34.585738117896973 ], [ 127.411785842147907, 34.58555468978799 ] ] ], [ [ [ 127.408659408359313, 34.58814625830334 ], [ 127.409940953491443, 34.587800477069585 ], [ 127.407813863844012, 34.586896780666549 ], [ 127.408659408359313, 34.58814625830334 ] ] ], [ [ [ 127.408310368755792, 34.588458263119279 ], [ 127.408445367462733, 34.588284675006335 ], [ 127.408375620445938, 34.588284907590555 ], [ 127.408310368755792, 34.588458263119279 ] ] ], [ [ [ 127.410335721648565, 34.58920663220735 ], [ 127.410231331704608, 34.588941600505564 ], [ 127.410182850246528, 34.589059868439683 ], [ 127.410335721648565, 34.58920663220735 ] ] ], [ [ [ 127.408293965223905, 34.589491538625573 ], [ 127.408212754111773, 34.589177173694701 ], [ 127.407861363526564, 34.589520203288593 ], [ 127.408293965223905, 34.589491538625573 ] ] ], [ [ [ 127.408805012463617, 34.589775236035592 ], [ 127.408414382152728, 34.589318098339056 ], [ 127.408320894119299, 34.589510631308862 ], [ 127.408805012463617, 34.589775236035592 ] ] ], [ [ [ 127.398007319029958, 34.61889852962782 ], [ 127.404568238107785, 34.620671793778882 ], [ 127.405139178872545, 34.62344655251227 ], [ 127.407223131242887, 34.624005012738458 ], [ 127.421500806604541, 34.62065041392934 ], [ 127.426227431587819, 34.624342503607785 ], [ 127.437511911510299, 34.628165579412808 ], [ 127.439766795758928, 34.630256346614821 ], [ 127.447433043263146, 34.62512140263587 ], [ 127.45609303725962, 34.623183055550037 ], [ 127.461077375362919, 34.62370268921326 ], [ 127.46615699873206, 34.627274652402853 ], [ 127.476184958765671, 34.628079975046759 ], [ 127.476415448904874, 34.631844076274632 ], [ 127.471027323251192, 34.637348551206983 ], [ 127.476596000505083, 34.634653664416277 ], [ 127.483381213470636, 34.63643965648113 ], [ 127.48770577083684, 34.633730315850606 ], [ 127.490139355480139, 34.634920281941874 ], [ 127.489826186710317, 34.633285582903945 ], [ 127.491680744934825, 34.632232962826322 ], [ 127.492159697653747, 34.635989043686294 ], [ 127.496685466008287, 34.631407189624788 ], [ 127.493646232557239, 34.626802679621377 ], [ 127.495887767346531, 34.620936549313761 ], [ 127.498510990024229, 34.618814620908033 ], [ 127.49470541394065, 34.61596345969653 ], [ 127.497034885542845, 34.616504491226038 ], [ 127.497085769769356, 34.614799989823247 ], [ 127.503516670412523, 34.608774888740768 ], [ 127.505847371520062, 34.604150837923001 ], [ 127.505509741010329, 34.594621721118152 ], [ 127.507412884656077, 34.594848792833488 ], [ 127.507717233214038, 34.59266243694681 ], [ 127.502591923657803, 34.59362836858466 ], [ 127.496017235769358, 34.590132269694244 ], [ 127.494802730584567, 34.588070563401466 ], [ 127.495696523176761, 34.585819209228937 ], [ 127.490852315850745, 34.582495521467585 ], [ 127.487488005187387, 34.582255564876192 ], [ 127.48535300610132, 34.579508135462099 ], [ 127.486983826857212, 34.574027356249729 ], [ 127.477439755903617, 34.579857961951063 ], [ 127.475143517239928, 34.579331752400122 ], [ 127.475400273010791, 34.575569249094258 ], [ 127.473250068453282, 34.574495132132363 ], [ 127.471255369500085, 34.577406316299921 ], [ 127.461075485142331, 34.58129418400631 ], [ 127.460981112118844, 34.582640807540244 ], [ 127.465715412596396, 34.582225098296938 ], [ 127.466640245728215, 34.583292349395549 ], [ 127.461145867160383, 34.584886199255209 ], [ 127.460412902728706, 34.589026817280249 ], [ 127.461930135415159, 34.591161842668988 ], [ 127.457890790598626, 34.59222363086819 ], [ 127.457572630622451, 34.597478454406492 ], [ 127.457525988116629, 34.591639056920371 ], [ 127.452619500053302, 34.587613121595851 ], [ 127.455933977794245, 34.587438484866915 ], [ 127.457141126671345, 34.584570284841647 ], [ 127.451882271885395, 34.582940468656226 ], [ 127.450829626757141, 34.579950408675636 ], [ 127.44499937774421, 34.580383518369075 ], [ 127.446623155013157, 34.578101780832533 ], [ 127.445828762180057, 34.576825760438126 ], [ 127.440608665597495, 34.578266040588005 ], [ 127.43689376933736, 34.582215334461182 ], [ 127.433604724601665, 34.58221819972632 ], [ 127.435248808336823, 34.583738012674544 ], [ 127.433813598517034, 34.588492276210054 ], [ 127.427174518890908, 34.587933950512372 ], [ 127.426393596721141, 34.584847431493692 ], [ 127.422837802611227, 34.586691901846372 ], [ 127.41996615641861, 34.582864388688968 ], [ 127.416836566915933, 34.583201768308967 ], [ 127.414268552979166, 34.585491284706919 ], [ 127.415804960295603, 34.588032838541146 ], [ 127.415058850427485, 34.58981758925357 ], [ 127.413126129582835, 34.587793190504584 ], [ 127.412093867672766, 34.590591799542871 ], [ 127.409073632572188, 34.590092030544518 ], [ 127.408146558194048, 34.598593650400261 ], [ 127.405781371621941, 34.595847487435464 ], [ 127.402138030025071, 34.602085972634164 ], [ 127.404463112882979, 34.605872359668247 ], [ 127.403330235702668, 34.611413240078804 ], [ 127.404461103829377, 34.612685706763145 ], [ 127.398007319029958, 34.61889852962782 ] ] ], [ [ [ 127.468335300160263, 34.567059424648335 ], [ 127.466196891595075, 34.568349457183814 ], [ 127.469101440471221, 34.570115573461671 ], [ 127.470937256936551, 34.569258575613702 ], [ 127.468723025504588, 34.567929743177757 ], [ 127.470667213039562, 34.564651565069916 ], [ 127.466601494278322, 34.563687798875328 ], [ 127.468335300160263, 34.567059424648335 ] ] ], [ [ [ 127.470875175849159, 34.568830228618083 ], [ 127.471330017871608, 34.56912476126584 ], [ 127.47149495766223, 34.56881068941501 ], [ 127.470875175849159, 34.568830228618083 ] ] ], [ [ [ 127.472604192394527, 34.571492309598604 ], [ 127.474107592280774, 34.573093749260437 ], [ 127.47601901982857, 34.571483074567332 ], [ 127.472604192394527, 34.571492309598604 ] ] ], [ [ [ 127.474261755294449, 34.574156714544451 ], [ 127.473886684184436, 34.574030352929263 ], [ 127.473860072849334, 34.574151986839624 ], [ 127.474261755294449, 34.574156714544451 ] ] ], [ [ [ 127.476449548103147, 34.574400585012164 ], [ 127.476092855580916, 34.574024606576835 ], [ 127.475638927303763, 34.574898640332037 ], [ 127.476449548103147, 34.574400585012164 ] ] ], [ [ [ 127.495950868028004, 34.585649007911428 ], [ 127.495939885270971, 34.58549510650866 ], [ 127.495820426615381, 34.585531782805461 ], [ 127.495950868028004, 34.585649007911428 ] ] ], [ [ [ 127.496451997446911, 34.58626926825896 ], [ 127.496456963836934, 34.585983729791451 ], [ 127.496234213702536, 34.586247201029316 ], [ 127.496451997446911, 34.58626926825896 ] ] ], [ [ [ 127.508276865300033, 34.596041436002828 ], [ 127.508397530588894, 34.595514601118367 ], [ 127.5079075263519, 34.595833478036148 ], [ 127.508276865300033, 34.596041436002828 ] ] ], [ [ [ 127.512224849897876, 34.596669223649549 ], [ 127.512758844860642, 34.597144851074589 ], [ 127.512590523575753, 34.596550534175336 ], [ 127.512224849897876, 34.596669223649549 ] ] ], [ [ [ 127.511818489410473, 34.59745744486041 ], [ 127.51403933306203, 34.597446026675279 ], [ 127.511984520693105, 34.597156061772267 ], [ 127.511818489410473, 34.59745744486041 ] ] ] ] } },
{ "type": "Feature", "properties": { "emd_cd": "46770450", "emd_nm": "동일면" }, "geometry": { "type": "MultiPolygon", "coordinates": [ [ [ [ 127.453116482587944, 34.51142503006362 ], [ 127.452774462967582, 34.511238596042624 ], [ 127.452753468945545, 34.511378243735393 ], [ 127.453116482587944, 34.51142503006362 ] ] ], [ [ [ 127.452896791586838, 34.511742058643939 ], [ 127.452690139967032, 34.511710685769224 ], [ 127.452711794052519, 34.511820707795991 ], [ 127.452896791586838, 34.511742058643939 ] ] ], [ [ [ 127.442164284783729, 34.514220161605245 ], [ 127.442016492996558, 34.514381322513771 ], [ 127.442091501672252, 34.514428323543704 ], [ 127.442164284783729, 34.514220161605245 ] ] ], [ [ [ 127.444992038286784, 34.515662500026515 ], [ 127.445210217760007, 34.515617663232412 ], [ 127.445224756106143, 34.51543891779616 ], [ 127.444992038286784, 34.515662500026515 ] ] ], [ [ [ 127.446850076118409, 34.53601090508225 ], [ 127.447342256494011, 34.535794575868167 ], [ 127.44658703143152, 34.535933105541702 ], [ 127.446850076118409, 34.53601090508225 ] ] ], [ [ [ 127.440286586177223, 34.542163414648002 ], [ 127.444102537876859, 34.541126195130737 ], [ 127.444149907535859, 34.543007511692416 ], [ 127.446831130712354, 34.54181705089065 ], [ 127.445929676951039, 34.544277228331062 ], [ 127.447238899118972, 34.544408527584203 ], [ 127.446306243596865, 34.545450663145431 ], [ 127.447815487366697, 34.547560186089875 ], [ 127.452331723001464, 34.546887618142421 ], [ 127.449926250994082, 34.544196062349698 ], [ 127.450164589348461, 34.542232732358706 ], [ 127.445283461134466, 34.538409682271642 ], [ 127.442797713010293, 34.538768935795865 ], [ 127.440286586177223, 34.542163414648002 ] ] ], [ [ [ 127.437391569306669, 34.543595611931984 ], [ 127.437853001048182, 34.543314833743601 ], [ 127.437136501442978, 34.543215980605318 ], [ 127.437391569306669, 34.543595611931984 ] ] ], [ [ [ 127.444428011573848, 34.548107236240952 ], [ 127.445486525068333, 34.548727735062798 ], [ 127.446133389078867, 34.547786346100182 ], [ 127.444428011573848, 34.548107236240952 ] ] ], [ [ [ 127.441055621913662, 34.550251176376776 ], [ 127.441533694428912, 34.550310156894938 ], [ 127.441836206214049, 34.549949131844599 ], [ 127.441055621913662, 34.550251176376776 ] ] ], [ [ [ 127.485572375922942, 34.485888093437865 ], [ 127.485374552231093, 34.485926710551752 ], [ 127.485516846433555, 34.485984614606735 ], [ 127.485572375922942, 34.485888093437865 ] ] ], [ [ [ 127.500392368049901, 34.488826303276319 ], [ 127.500352844338266, 34.488584229082363 ], [ 127.500267963098011, 34.488800543132378 ], [ 127.500392368049901, 34.488826303276319 ] ] ], [ [ [ 127.503284255286786, 34.489052270896757 ], [ 127.503246431146621, 34.488700935923674 ], [ 127.502917483572077, 34.489189867271072 ], [ 127.503284255286786, 34.489052270896757 ] ] ], [ [ [ 127.500368741466488, 34.502712010888203 ], [ 127.500019211224924, 34.504448565636231 ], [ 127.501814909622439, 34.504667693292433 ], [ 127.500368741466488, 34.502712010888203 ] ] ], [ [ [ 127.464373707181167, 34.509937205059089 ], [ 127.464133603939231, 34.509407526550504 ], [ 127.464021048405499, 34.509848757379551 ], [ 127.464373707181167, 34.509937205059089 ] ] ], [ [ [ 127.48935707385867, 34.511727081123212 ], [ 127.488517492347469, 34.511751867684396 ], [ 127.488757140249845, 34.512082163897233 ], [ 127.48935707385867, 34.511727081123212 ] ] ], [ [ [ 127.488209543289599, 34.511960525329563 ], [ 127.48816371879569, 34.511795717451577 ], [ 127.487812484579933, 34.511854970700398 ], [ 127.488209543289599, 34.511960525329563 ] ] ], [ [ [ 127.435410891771312, 34.521342366569215 ], [ 127.443225356632794, 34.527123537121476 ], [ 127.442221347181601, 34.528895598833458 ], [ 127.438939349087946, 34.529167689703222 ], [ 127.442732677509412, 34.530281283215494 ], [ 127.444582264568041, 34.532292745035114 ], [ 127.443865651125321, 34.534235851278019 ], [ 127.446602654002689, 34.534134562771577 ], [ 127.448745882278061, 34.538859540682871 ], [ 127.45507430155358, 34.541818564426073 ], [ 127.453746833693643, 34.543762478250088 ], [ 127.458476567076502, 34.545726845986245 ], [ 127.465286580477411, 34.543426097070807 ], [ 127.472916313238059, 34.544150558558954 ], [ 127.477997147347267, 34.538849703620322 ], [ 127.478216002679019, 34.535491937160316 ], [ 127.473889910230568, 34.533018277802569 ], [ 127.474347113191897, 34.530620921087646 ], [ 127.472311771357013, 34.529640557122214 ], [ 127.460191112542574, 34.529765866831696 ], [ 127.458475713635167, 34.525685013675584 ], [ 127.464317426133164, 34.523405542452679 ], [ 127.469905752947767, 34.5234174374392 ], [ 127.471288888607987, 34.520177816704404 ], [ 127.473750741076728, 34.519905580117353 ], [ 127.473014906952258, 34.515338215981842 ], [ 127.475201793288235, 34.514346031293954 ], [ 127.472792437428055, 34.514034402820606 ], [ 127.47032356891782, 34.51669813912639 ], [ 127.46774347274922, 34.515922518682977 ], [ 127.466858443967752, 34.517965193760624 ], [ 127.458834737093582, 34.515493382903777 ], [ 127.457628263481553, 34.513715340890116 ], [ 127.462037084851474, 34.512821822138484 ], [ 127.46136474761974, 34.510140063028935 ], [ 127.464876388249138, 34.508093042377816 ], [ 127.466788242546684, 34.509689068818346 ], [ 127.464671900037288, 34.512293278923103 ], [ 127.465387220928235, 34.512893582965617 ], [ 127.467169611466744, 34.509756521689994 ], [ 127.479304109654748, 34.509824485397331 ], [ 127.481995863295168, 34.508437716260033 ], [ 127.482282476822064, 34.505480639142014 ], [ 127.484251270408677, 34.504520142133366 ], [ 127.485963746036759, 34.505145020306266 ], [ 127.48466198638981, 34.506646143399919 ], [ 127.486700070796687, 34.509162070533442 ], [ 127.49111535867155, 34.508300029403848 ], [ 127.495784369201033, 34.501974390998285 ], [ 127.500112119125504, 34.501973544009964 ], [ 127.499684056701668, 34.496892868504865 ], [ 127.506888787875681, 34.490697636408946 ], [ 127.500084225906946, 34.489490157111355 ], [ 127.496849886709427, 34.485118208349867 ], [ 127.489518370418878, 34.483519503940649 ], [ 127.488404780817888, 34.48438678097299 ], [ 127.490349619444999, 34.486468056538641 ], [ 127.489415079475378, 34.487166110276526 ], [ 127.491447577430449, 34.48776103369233 ], [ 127.489088350569148, 34.489899002622899 ], [ 127.48523971375279, 34.486703765757653 ], [ 127.485015262753322, 34.484420856126739 ], [ 127.481278517945114, 34.483917912938665 ], [ 127.476520323602173, 34.484585911934452 ], [ 127.475570050583229, 34.488799894542737 ], [ 127.474358377905403, 34.489207192364731 ], [ 127.474566278583964, 34.485841785175886 ], [ 127.471144171748094, 34.484245745871164 ], [ 127.470427742490486, 34.486695792027646 ], [ 127.459902597587828, 34.483768806262034 ], [ 127.462771818598398, 34.480536983629214 ], [ 127.461310346741271, 34.47922565110651 ], [ 127.458179391652834, 34.478596482056901 ], [ 127.458472226227329, 34.480132063672038 ], [ 127.456693996103837, 34.481057760265621 ], [ 127.452399306964224, 34.478790185268842 ], [ 127.448913138295879, 34.487807348176112 ], [ 127.44456187127156, 34.488501297689794 ], [ 127.441647362235571, 34.493340347492584 ], [ 127.446998190689541, 34.498356787963438 ], [ 127.45823109794263, 34.502145828195019 ], [ 127.458891234093329, 34.504976825032202 ], [ 127.451947851235545, 34.506752134775702 ], [ 127.456461257433219, 34.510481816825312 ], [ 127.45097025635846, 34.515829958650066 ], [ 127.446628351209299, 34.51779637841922 ], [ 127.441823617779008, 34.516182267851121 ], [ 127.439027193419591, 34.516848872599105 ], [ 127.437692625295981, 34.518745995679389 ], [ 127.434494171618752, 34.519024383370748 ], [ 127.435410891771312, 34.521342366569215 ] ] ], [ [ [ 127.467599161436155, 34.513692888969544 ], [ 127.469334007937846, 34.513653822813552 ], [ 127.468412544495578, 34.512789378961976 ], [ 127.467599161436155, 34.513692888969544 ] ] ] ] } }
]
}
