{
"type": "FeatureCollection",
"name": "46900",
"crs": { "type": "name", "properties": { "name": "urn:ogc:def:crs:OGC:1.3:CRS84" } },
"features": [
{ "type": "Feature", "properties": { "emd_cd": "46900250", "emd_nm": "진도읍" }, "geometry": { "type": "MultiPolygon", "coordinates": [ [ [ [ 126.198185080064547, 34.509030121653439 ], [ 126.204049574405289, 34.514947683639619 ], [ 126.20838608822649, 34.514503648629677 ], [ 126.211053838793291, 34.51669427707607 ], [ 126.223350445541385, 34.516388029217509 ], [ 126.223977990407235, 34.519014588801454 ], [ 126.21228916811522, 34.524338243850245 ], [ 126.211935387193634, 34.526579947557785 ], [ 126.217063219042672, 34.528206311936529 ], [ 126.216825955612464, 34.530691366907845 ], [ 126.21870331958462, 34.533019938055894 ], [ 126.219978106966323, 34.531276998202678 ], [ 126.222069808999478, 34.531466869636425 ], [ 126.222342477478819, 34.529861750535389 ], [ 126.224916602683365, 34.530072443233287 ], [ 126.225677066998557, 34.541137136486917 ], [ 126.227539622875398, 34.539118836291941 ], [ 126.227378756294968, 34.536270212411331 ], [ 126.230262880682417, 34.534659577287897 ], [ 126.23372510775539, 34.534205854748024 ], [ 126.236858990240975, 34.5379498670316 ], [ 126.242649038240444, 34.529943615835826 ], [ 126.241534429552502, 34.523568415542762 ], [ 126.244131943752492, 34.522019139334375 ], [ 126.247745120141886, 34.522773664920159 ], [ 126.248269793868218, 34.521129535686349 ], [ 126.250928383371559, 34.522569630352095 ], [ 126.254170850717045, 34.518769472072321 ], [ 126.25332106820899, 34.516915508153247 ], [ 126.256097596192788, 34.512260675149697 ], [ 126.253936076592666, 34.503696005269944 ], [ 126.255951189529796, 34.502771961757794 ], [ 126.255825133625066, 34.500195127924947 ], [ 126.266028567009826, 34.495391776863762 ], [ 126.270688714273888, 34.497160973704055 ], [ 126.280574554848101, 34.494214954451053 ], [ 126.282078352188648, 34.493326210174793 ], [ 126.281649306627997, 34.490191194193379 ], [ 126.283965771761785, 34.485393817926663 ], [ 126.289718657011818, 34.484496836592335 ], [ 126.293623636990205, 34.481844754350988 ], [ 126.296678883422274, 34.482191882402461 ], [ 126.29920292683056, 34.479149072098977 ], [ 126.303106074403885, 34.477829563447308 ], [ 126.303334558801069, 34.475477834064911 ], [ 126.299853870618364, 34.473347752662349 ], [ 126.290432515930561, 34.474905696772012 ], [ 126.288175295139411, 34.471615284798055 ], [ 126.2765388509753, 34.473558086865019 ], [ 126.276408837775563, 34.469600269550433 ], [ 126.271839224299939, 34.46454403414949 ], [ 126.263150775152724, 34.467243786689444 ], [ 126.256756480516984, 34.462801434698996 ], [ 126.253978369035607, 34.462524508395582 ], [ 126.25119406213048, 34.464667459992505 ], [ 126.250434504856486, 34.460313441248147 ], [ 126.243036662047345, 34.458585795863527 ], [ 126.243888087453385, 34.457252450513081 ], [ 126.241448164775392, 34.455432734886429 ], [ 126.236918979996105, 34.459719651367095 ], [ 126.235014866466742, 34.4584040462736 ], [ 126.23246835690172, 34.451630073112817 ], [ 126.223472465586866, 34.448661007538853 ], [ 126.219963121774242, 34.449884495398194 ], [ 126.219249909761587, 34.444673311999843 ], [ 126.213541011491259, 34.447410856190189 ], [ 126.215677349937053, 34.459464373471882 ], [ 126.209877569697582, 34.473697936741075 ], [ 126.21246541083714, 34.48730119031768 ], [ 126.210928579434565, 34.493663012447151 ], [ 126.207238008658209, 34.499157875580188 ], [ 126.207675215981425, 34.501920624844637 ], [ 126.204472607446874, 34.503955612016206 ], [ 126.203696356625969, 34.506647685796175 ], [ 126.200241379412844, 34.50485621352076 ], [ 126.198185080064547, 34.509030121653439 ] ] ], [ [ [ 126.162497861179062, 34.510357909033203 ], [ 126.16848204522104, 34.5113992285766 ], [ 126.16919040626955, 34.510157216585775 ], [ 126.163152728130271, 34.505718098914407 ], [ 126.164686864866326, 34.508520879633785 ], [ 126.164288270467623, 34.510172689950458 ], [ 126.162497861179062, 34.510357909033203 ] ] ], [ [ [ 126.172194778669947, 34.51052545706289 ], [ 126.173620359297445, 34.510987419730398 ], [ 126.173583000053753, 34.510170068127124 ], [ 126.172194778669947, 34.51052545706289 ] ] ], [ [ [ 126.21809679330849, 34.534119753828989 ], [ 126.219689259909131, 34.535773267463398 ], [ 126.219455879428551, 34.5337067619419 ], [ 126.21809679330849, 34.534119753828989 ] ] ], [ [ [ 126.17614290440973, 34.538814846308931 ], [ 126.176638695309123, 34.535217049119098 ], [ 126.17488302835045, 34.533498073857658 ], [ 126.174558277949387, 34.534647765165907 ], [ 126.17614290440973, 34.538814846308931 ] ] ], [ [ [ 126.214927982792773, 34.538553153131517 ], [ 126.215728780348897, 34.538180659252937 ], [ 126.215789176221335, 34.537794006630854 ], [ 126.214927982792773, 34.538553153131517 ] ] ], [ [ [ 126.228478252049413, 34.5390201800857 ], [ 126.229252261722195, 34.539623482214978 ], [ 126.229441374477474, 34.539333718329395 ], [ 126.228478252049413, 34.5390201800857 ] ] ], [ [ [ 126.222059852899591, 34.552423247835918 ], [ 126.227442906906234, 34.552486783852061 ], [ 126.228210213644203, 34.551955672631379 ], [ 126.225457894214287, 34.551009457906531 ], [ 126.222059852899591, 34.552423247835918 ] ] ], [ [ [ 126.22002218208263, 34.552480021421971 ], [ 126.220579056354254, 34.553058190580451 ], [ 126.221660469942847, 34.552490719917877 ], [ 126.22002218208263, 34.552480021421971 ] ] ], [ [ [ 126.209506242809184, 34.558825107083791 ], [ 126.210200937305871, 34.557167477458208 ], [ 126.211074019633983, 34.55862336164823 ], [ 126.212754463379838, 34.557669806045759 ], [ 126.212634407989157, 34.555742827213976 ], [ 126.208308566722437, 34.556406873591889 ], [ 126.207928967591542, 34.558402713528622 ], [ 126.209506242809184, 34.558825107083791 ] ] ] ] } },
{ "type": "Feature", "properties": { "emd_cd": "46900310", "emd_nm": "군내면" }, "geometry": { "type": "MultiPolygon", "coordinates": [ [ [ [ 126.236858990240975, 34.5379498670316 ], [ 126.250999439806833, 34.563201283302107 ], [ 126.247654216172066, 34.564745406045581 ], [ 126.245789944211651, 34.562864094637689 ], [ 126.246364431338364, 34.565200573848607 ], [ 126.244741415205851, 34.565955059926893 ], [ 126.245852601980317, 34.567312071729305 ], [ 126.244511180800089, 34.568961553012727 ], [ 126.242462316403874, 34.568959811639203 ], [ 126.23962166638907, 34.565137042534651 ], [ 126.241268238319989, 34.56879431929881 ], [ 126.240084363701428, 34.570875490124898 ], [ 126.242281758834295, 34.573918185125983 ], [ 126.240179261587144, 34.574139251877554 ], [ 126.240059014656438, 34.575541596146969 ], [ 126.244727695922435, 34.580308650337443 ], [ 126.24312610119388, 34.583383947021971 ], [ 126.238094174242136, 34.582528808228048 ], [ 126.240523341913487, 34.586756172501211 ], [ 126.242980412369462, 34.586107567509032 ], [ 126.243735850998519, 34.587762788896107 ], [ 126.247353450041672, 34.588513408009788 ], [ 126.248191386273461, 34.587292878950983 ], [ 126.250014994858205, 34.588781587676607 ], [ 126.2522671224188, 34.587746423670538 ], [ 126.249803142454525, 34.585454524320241 ], [ 126.252677311521495, 34.583914080885492 ], [ 126.255219686513712, 34.584475140530863 ], [ 126.254599214368881, 34.586563000894571 ], [ 126.257871058829721, 34.587079403295292 ], [ 126.26005255984127, 34.584060663916503 ], [ 126.266557622269218, 34.584567566150547 ], [ 126.266585626037852, 34.581466376060717 ], [ 126.269098303484583, 34.581403487092821 ], [ 126.270346328393188, 34.583696170198863 ], [ 126.275912392810085, 34.582141541163018 ], [ 126.275121827705391, 34.580585018370478 ], [ 126.280244924011157, 34.58112514523102 ], [ 126.281492716314119, 34.579929374602791 ], [ 126.279109245550671, 34.579431990695682 ], [ 126.279047283600931, 34.577986186764811 ], [ 126.281996345833065, 34.576518034697408 ], [ 126.290872843290231, 34.577490057920478 ], [ 126.292226047554436, 34.575673839273449 ], [ 126.291474096556357, 34.572204638611197 ], [ 126.297503480139852, 34.574028047952829 ], [ 126.29810218486972, 34.571734579275095 ], [ 126.299868428392841, 34.57264799898725 ], [ 126.303813536989281, 34.57070409236713 ], [ 126.303873150927558, 34.568765572550177 ], [ 126.308868818256755, 34.565189393736901 ], [ 126.309599167832175, 34.562990204047992 ], [ 126.307316521565397, 34.559452552694147 ], [ 126.300972590801805, 34.558992781820912 ], [ 126.300614523173394, 34.556374446358539 ], [ 126.30431993635699, 34.554360376857424 ], [ 126.305883808651913, 34.555090512772736 ], [ 126.306711003437528, 34.552135911621036 ], [ 126.310937119483768, 34.550594086422997 ], [ 126.314179622007913, 34.543713433555517 ], [ 126.325208742663733, 34.540661376996063 ], [ 126.322634086839557, 34.535700537970918 ], [ 126.325149718093229, 34.53199543033098 ], [ 126.3233904323844, 34.531589554462819 ], [ 126.323557455259305, 34.526725929683195 ], [ 126.328963653396798, 34.525952388614918 ], [ 126.329887142275183, 34.529342847207062 ], [ 126.336153002934594, 34.530378169332579 ], [ 126.338097440842546, 34.526418095565212 ], [ 126.34158640195885, 34.524795989137964 ], [ 126.343810720383985, 34.520142310770822 ], [ 126.347111426320254, 34.518196705198598 ], [ 126.347530928441444, 34.51565850835523 ], [ 126.341492965281475, 34.513620975054465 ], [ 126.340197838452752, 34.510788559876154 ], [ 126.336232369428544, 34.509008886397645 ], [ 126.333842473776315, 34.511275754586975 ], [ 126.322599639516014, 34.514732536887387 ], [ 126.319354241521211, 34.512737242679215 ], [ 126.319184915065662, 34.508763235612712 ], [ 126.315077879256719, 34.50960462116111 ], [ 126.315329449452307, 34.50390592471571 ], [ 126.313094401798864, 34.502571454086286 ], [ 126.306976494318562, 34.508087387678572 ], [ 126.302517587410136, 34.508308592937432 ], [ 126.303375970122687, 34.505870595954498 ], [ 126.301114824746364, 34.503962828987426 ], [ 126.297428612508796, 34.504343222612079 ], [ 126.294070655642201, 34.50693133242212 ], [ 126.291528798609875, 34.506180656381943 ], [ 126.289830583107275, 34.504184051224442 ], [ 126.292213808830255, 34.504411924489716 ], [ 126.291841333216084, 34.502541572283789 ], [ 126.295482869039404, 34.497279586149133 ], [ 126.299183697967749, 34.496685766367804 ], [ 126.307885693671864, 34.489384882331365 ], [ 126.312380091798346, 34.488916393562093 ], [ 126.312931657591676, 34.48625184361704 ], [ 126.31727357622222, 34.481719795736915 ], [ 126.303106074403885, 34.477829563447308 ], [ 126.301066093621358, 34.47846593059505 ], [ 126.296678883422274, 34.482191882402461 ], [ 126.293623636990205, 34.481844754350988 ], [ 126.289718657011818, 34.484496836592335 ], [ 126.283965771761785, 34.485393817926663 ], [ 126.281649306627997, 34.490191194193379 ], [ 126.282078352188648, 34.493326210174793 ], [ 126.280574554848101, 34.494214954451053 ], [ 126.270688714273888, 34.497160973704055 ], [ 126.266028567009826, 34.495391776863762 ], [ 126.255825133625066, 34.500195127924947 ], [ 126.255951189529796, 34.502771961757794 ], [ 126.253936076592666, 34.503696005269944 ], [ 126.256097596192788, 34.512260675149697 ], [ 126.25332106820899, 34.516915508153247 ], [ 126.254170850717045, 34.518769472072321 ], [ 126.250928383371559, 34.522569630352095 ], [ 126.248269793868218, 34.521129535686349 ], [ 126.247745120141886, 34.522773664920159 ], [ 126.244131943752492, 34.522019139334375 ], [ 126.241534429552502, 34.523568415542762 ], [ 126.242649038240444, 34.529943615835826 ], [ 126.236858990240975, 34.5379498670316 ] ] ], [ [ [ 126.307152333684556, 34.555508455446308 ], [ 126.309937057116798, 34.555685630009229 ], [ 126.30982375957467, 34.555093980832567 ], [ 126.307152333684556, 34.555508455446308 ] ] ], [ [ [ 126.313719128305209, 34.556904870304535 ], [ 126.315500167502364, 34.557755121117225 ], [ 126.316989880074544, 34.555712883310825 ], [ 126.313719128305209, 34.556904870304535 ] ] ], [ [ [ 126.309910089493187, 34.563534674181341 ], [ 126.310235735129183, 34.563470750641514 ], [ 126.310174361756111, 34.563414686424856 ], [ 126.309910089493187, 34.563534674181341 ] ] ], [ [ [ 126.312493746413651, 34.565626106385849 ], [ 126.3119053351205, 34.565344885961288 ], [ 126.311897959666453, 34.565611394023612 ], [ 126.312493746413651, 34.565626106385849 ] ] ], [ [ [ 126.264435954263419, 34.585166156988585 ], [ 126.26459095581329, 34.584970611798802 ], [ 126.264359196187755, 34.585043362696581 ], [ 126.264435954263419, 34.585166156988585 ] ] ], [ [ [ 126.248563449511224, 34.592681530728939 ], [ 126.249064609901481, 34.592873493965108 ], [ 126.249172873143422, 34.592747459025475 ], [ 126.248563449511224, 34.592681530728939 ] ] ] ] } },
{ "type": "Feature", "properties": { "emd_cd": "46900320", "emd_nm": "고군면" }, "geometry": { "type": "MultiPolygon", "coordinates": [ [ [ [ 126.366514803334283, 34.398051802651615 ], [ 126.36678135754282, 34.39769051506196 ], [ 126.366578871418895, 34.397708557333338 ], [ 126.366514803334283, 34.398051802651615 ] ] ], [ [ [ 126.364472696161513, 34.403707523224789 ], [ 126.364403252112879, 34.403485432857117 ], [ 126.364175690413262, 34.403699044549093 ], [ 126.364472696161513, 34.403707523224789 ] ] ], [ [ [ 126.370076749071004, 34.403656196163944 ], [ 126.370619614304218, 34.403571573875574 ], [ 126.3705242634108, 34.403298196191599 ], [ 126.370076749071004, 34.403656196163944 ] ] ], [ [ [ 126.380272760140471, 34.411661923195325 ], [ 126.379667878043861, 34.411733048572167 ], [ 126.380718605193749, 34.411964313664413 ], [ 126.380272760140471, 34.411661923195325 ] ] ], [ [ [ 126.363916799719732, 34.415258836581913 ], [ 126.365657086754396, 34.417055737949056 ], [ 126.368516319875596, 34.417090387263158 ], [ 126.373883738065743, 34.411670342038441 ], [ 126.371923082055588, 34.408609901475039 ], [ 126.366388655253672, 34.40957530603994 ], [ 126.363916799719732, 34.415258836581913 ] ] ], [ [ [ 126.364394151567708, 34.449239816215332 ], [ 126.364068536277784, 34.448343611501315 ], [ 126.3634825168036, 34.449055992382313 ], [ 126.364394151567708, 34.449239816215332 ] ] ], [ [ [ 126.384556070903798, 34.475118785445332 ], [ 126.384339443506477, 34.474346124673268 ], [ 126.384239357983134, 34.475364685349774 ], [ 126.384556070903798, 34.475118785445332 ] ] ], [ [ [ 126.289967521702778, 34.504199136282509 ], [ 126.29273609192974, 34.507111726518595 ], [ 126.301114824746364, 34.503962828987426 ], [ 126.303375970122687, 34.505870595954498 ], [ 126.302517587410136, 34.508308592937432 ], [ 126.306818241683629, 34.508104426495471 ], [ 126.313094401798864, 34.502571454086286 ], [ 126.315329449452307, 34.50390592471571 ], [ 126.315077879256719, 34.50960462116111 ], [ 126.319184915065662, 34.508763235612712 ], [ 126.319354241521211, 34.512737242679215 ], [ 126.322599639516014, 34.514732536887387 ], [ 126.333842473776315, 34.511275754586975 ], [ 126.336232369428544, 34.509008886397645 ], [ 126.340197838452752, 34.510788559876154 ], [ 126.341492965281475, 34.513620975054465 ], [ 126.347530928441444, 34.51565850835523 ], [ 126.347111426320254, 34.518196705198598 ], [ 126.343810720383985, 34.520142310770822 ], [ 126.34158640195885, 34.524795989137964 ], [ 126.338097440842546, 34.526418095565212 ], [ 126.336153002934594, 34.530378169332579 ], [ 126.329887142275183, 34.529342847207062 ], [ 126.328963653396798, 34.525952388614918 ], [ 126.323052172524754, 34.527417438765916 ], [ 126.324355387046324, 34.529486473402521 ], [ 126.3233904323844, 34.531589554462819 ], [ 126.325149718093229, 34.53199543033098 ], [ 126.322663892676644, 34.535873308381966 ], [ 126.326560752932423, 34.542020549837147 ], [ 126.326408842222634, 34.546252209188751 ], [ 126.327387753407478, 34.546974824674038 ], [ 126.328303309375116, 34.54478404346964 ], [ 126.329298854283934, 34.546731860054877 ], [ 126.332046839300745, 34.546215330425426 ], [ 126.332189359367831, 34.548315030974699 ], [ 126.339015207380484, 34.551281298225312 ], [ 126.342184400211352, 34.54893708863856 ], [ 126.338183054734841, 34.547911920508852 ], [ 126.336842601241514, 34.543436228973079 ], [ 126.339373258217478, 34.542378478145132 ], [ 126.342947489025121, 34.543506257313602 ], [ 126.345208569014602, 34.542135227511992 ], [ 126.346268815492067, 34.539767521264331 ], [ 126.3449989876909, 34.537888324668785 ], [ 126.347750865666086, 34.534301616636071 ], [ 126.351912992253091, 34.534175347319334 ], [ 126.353506700078228, 34.532366147841785 ], [ 126.35116473009623, 34.527495847463499 ], [ 126.360137038128471, 34.526291685251209 ], [ 126.363787009784744, 34.521894620743872 ], [ 126.364263598906021, 34.518012676364997 ], [ 126.366111932828687, 34.518396972931825 ], [ 126.369121744844463, 34.514594039335869 ], [ 126.376879611282945, 34.512927850944024 ], [ 126.376435606560932, 34.50823837903642 ], [ 126.382810646061202, 34.505314809091615 ], [ 126.382369390895803, 34.502531491104079 ], [ 126.378403208156612, 34.500129430714956 ], [ 126.379281548532816, 34.501039954577529 ], [ 126.377701598961593, 34.50241954802808 ], [ 126.37270593075506, 34.500743250562699 ], [ 126.372928636093178, 34.496514087349894 ], [ 126.375639922413185, 34.494894017991378 ], [ 126.376912177426021, 34.495699927122509 ], [ 126.375955733541417, 34.494104202804259 ], [ 126.378463974225554, 34.492461179189362 ], [ 126.383005443084244, 34.492738314930918 ], [ 126.379377600428143, 34.491349397332343 ], [ 126.378831010984072, 34.486067990596297 ], [ 126.38284694851798, 34.485525535138699 ], [ 126.382679589087871, 34.4835031548659 ], [ 126.385239967945239, 34.480690411409732 ], [ 126.380391890205345, 34.478320399551357 ], [ 126.377962231998268, 34.479052869478942 ], [ 126.377243117251069, 34.484523592834641 ], [ 126.374298314647845, 34.485588284241643 ], [ 126.370718148585169, 34.483082918581246 ], [ 126.368290672420571, 34.484884821371807 ], [ 126.363521064125834, 34.484857559057801 ], [ 126.357721166113876, 34.480690403071563 ], [ 126.357744553919204, 34.476251480649509 ], [ 126.360626844024054, 34.472944905552076 ], [ 126.36731926937388, 34.471369235657491 ], [ 126.372213834038348, 34.472264531612815 ], [ 126.371440843549351, 34.471225718550521 ], [ 126.372765901004158, 34.470927584023784 ], [ 126.370192243122744, 34.464553029378848 ], [ 126.36460225159621, 34.46513511377406 ], [ 126.36571146248022, 34.46436534386919 ], [ 126.357929032413622, 34.456238702201674 ], [ 126.358827472250027, 34.454273630729503 ], [ 126.360026690208187, 34.454739994876142 ], [ 126.358835803052244, 34.454210348434501 ], [ 126.360060140391298, 34.450868164767428 ], [ 126.365489603887028, 34.445817936031737 ], [ 126.364347123365235, 34.44393031309405 ], [ 126.365379676881759, 34.442997342278574 ], [ 126.367174131226179, 34.444344599194515 ], [ 126.364820262235995, 34.441691867162099 ], [ 126.35600279122302, 34.43720684487991 ], [ 126.351611969292193, 34.43138248499654 ], [ 126.351531465692489, 34.426201902192858 ], [ 126.348873297654578, 34.422581168011128 ], [ 126.344467015604465, 34.421350811742528 ], [ 126.343527599399124, 34.419894439913918 ], [ 126.344985412946428, 34.418810804550617 ], [ 126.342871330621165, 34.41991675290177 ], [ 126.34234951236752, 34.415521336361678 ], [ 126.338554149113975, 34.423731505143415 ], [ 126.342171362217613, 34.428952247484773 ], [ 126.336686397549798, 34.434346168360037 ], [ 126.335087885926043, 34.443602014211528 ], [ 126.328104345557861, 34.453500831187661 ], [ 126.331683746177816, 34.455254575596612 ], [ 126.322940013716561, 34.469107067266698 ], [ 126.324051017534543, 34.472529979407888 ], [ 126.32198103709166, 34.475933454671768 ], [ 126.322305198149991, 34.479512115167182 ], [ 126.32056571794979, 34.481529993725871 ], [ 126.31727357622222, 34.481719795736915 ], [ 126.312931657591676, 34.48625184361704 ], [ 126.312380091798346, 34.488916393562093 ], [ 126.307885693671864, 34.489384882331365 ], [ 126.299183697967749, 34.496685766367804 ], [ 126.295482869039404, 34.497279586149133 ], [ 126.291841333216084, 34.502541572283789 ], [ 126.292213808830255, 34.504411924489716 ], [ 126.289967521702778, 34.504199136282509 ] ] ], [ [ [ 126.350917231953545, 34.537332098360281 ], [ 126.352446365592499, 34.538980143781821 ], [ 126.356232682808979, 34.538420596948001 ], [ 126.354231106346418, 34.536119860832031 ], [ 126.350917231953545, 34.537332098360281 ] ] ] ] } },
{ "type": "Feature", "properties": { "emd_cd": "46900330", "emd_nm": "의신면" }, "geometry": { "type": "MultiPolygon", "coordinates": [ [ [ [ 126.302597489572122, 34.322607786928174 ], [ 126.302231932154271, 34.322340294537206 ], [ 126.302126328465491, 34.322875407916513 ], [ 126.302597489572122, 34.322607786928174 ] ] ], [ [ [ 126.293491379598251, 34.324676938693784 ], [ 126.298373704360898, 34.324379717345089 ], [ 126.301177423200187, 34.321096465436177 ], [ 126.293491379598251, 34.324676938693784 ] ] ], [ [ [ 126.288769353438738, 34.325111675409666 ], [ 126.289207508344319, 34.32606682541951 ], [ 126.289463134186022, 34.324455855616002 ], [ 126.288769353438738, 34.325111675409666 ] ] ], [ [ [ 126.296790438477458, 34.328933595452853 ], [ 126.298643063178957, 34.330732822120702 ], [ 126.301017398812505, 34.327833801472551 ], [ 126.303922355375221, 34.327720678586083 ], [ 126.301365840075178, 34.327541333842653 ], [ 126.296790438477458, 34.328933595452853 ] ] ], [ [ [ 126.296940539530709, 34.332392016990532 ], [ 126.29783524558556, 34.335086895933486 ], [ 126.297997395520071, 34.331781795781637 ], [ 126.296940539530709, 34.332392016990532 ] ] ], [ [ [ 126.30201867317885, 34.334201059557216 ], [ 126.302785445111397, 34.333054398305407 ], [ 126.301659753801914, 34.334426616970966 ], [ 126.30201867317885, 34.334201059557216 ] ] ], [ [ [ 126.27998793129845, 34.368993939136672 ], [ 126.280187082612983, 34.36957338125017 ], [ 126.280538685799343, 34.369183035026104 ], [ 126.27998793129845, 34.368993939136672 ] ] ], [ [ [ 126.311981960327856, 34.376404994269478 ], [ 126.310424745746104, 34.376018226939379 ], [ 126.308860194888027, 34.375800690096661 ], [ 126.311981960327856, 34.376404994269478 ] ] ], [ [ [ 126.311521975349251, 34.377290228495234 ], [ 126.312994513521602, 34.378951151633579 ], [ 126.313075265655115, 34.37889638319286 ], [ 126.311521975349251, 34.377290228495234 ] ] ], [ [ [ 126.282787703820631, 34.378449632716645 ], [ 126.282494361405512, 34.378041863191108 ], [ 126.28237615466935, 34.378073999405373 ], [ 126.282787703820631, 34.378449632716645 ] ] ], [ [ [ 126.311892737679131, 34.379693159116307 ], [ 126.311539860185633, 34.380674035707948 ], [ 126.312367689225084, 34.379797372975524 ], [ 126.311892737679131, 34.379693159116307 ] ] ], [ [ [ 126.2819733458998, 34.372816099027268 ], [ 126.281113342695662, 34.376608685286634 ], [ 126.285680088330821, 34.380447758937677 ], [ 126.283796090176338, 34.386687646148346 ], [ 126.285089104906632, 34.38798358285699 ], [ 126.283972382711454, 34.387972389480211 ], [ 126.283456257958818, 34.389080328285054 ], [ 126.291024639469128, 34.388427889336725 ], [ 126.291782492327712, 34.391635196985881 ], [ 126.297849110845746, 34.390974196054216 ], [ 126.298256458968453, 34.393905761045055 ], [ 126.302342725201555, 34.395479648532827 ], [ 126.304402959621783, 34.388984515514053 ], [ 126.30163082412048, 34.38738384663278 ], [ 126.299697711343811, 34.388561016286175 ], [ 126.296379014100026, 34.386392365773588 ], [ 126.296537560419864, 34.384743121490004 ], [ 126.299208979836862, 34.381921423721501 ], [ 126.301178674206668, 34.383208948857202 ], [ 126.303445959853576, 34.382320184624028 ], [ 126.304152523120464, 34.384740455793974 ], [ 126.307372589442977, 34.38542463064902 ], [ 126.307499365973698, 34.383706662394005 ], [ 126.310246605834919, 34.382004331997308 ], [ 126.30544304871313, 34.380145236055782 ], [ 126.308191194821219, 34.379723667509246 ], [ 126.307324622969091, 34.376724925950789 ], [ 126.308791974514989, 34.37588500401791 ], [ 126.308474380352635, 34.373884797320017 ], [ 126.304013249765262, 34.374065025765859 ], [ 126.302224868414598, 34.371043521054311 ], [ 126.296317110050268, 34.369991628011029 ], [ 126.294195519010046, 34.371980446678101 ], [ 126.29504831415862, 34.373729174147392 ], [ 126.292527563159268, 34.374379516369437 ], [ 126.288508430416613, 34.370297610125974 ], [ 126.292168120867728, 34.366498511436689 ], [ 126.286940245081226, 34.365722720846001 ], [ 126.285484115831437, 34.368625813539303 ], [ 126.282871971245669, 34.367733409491841 ], [ 126.280346137605434, 34.369880674696077 ], [ 126.279656949919698, 34.371366774598954 ], [ 126.2819733458998, 34.372816099027268 ] ] ], [ [ [ 126.283604193589682, 34.384775450973734 ], [ 126.283742709236392, 34.385088712811651 ], [ 126.283818192562123, 34.384805615296791 ], [ 126.283604193589682, 34.384775450973734 ] ] ], [ [ [ 126.278544443313848, 34.387625536510392 ], [ 126.278368519849394, 34.387999939211774 ], [ 126.278791069135323, 34.387994772855365 ], [ 126.278544443313848, 34.387625536510392 ] ] ], [ [ [ 126.307790325802486, 34.396461286023097 ], [ 126.308046763407049, 34.396643181447743 ], [ 126.308122516669258, 34.396331972518041 ], [ 126.307790325802486, 34.396461286023097 ] ] ], [ [ [ 126.307160667748576, 34.39702501166596 ], [ 126.307228528768832, 34.397293422951662 ], [ 126.307517738343165, 34.396958229923158 ], [ 126.307160667748576, 34.39702501166596 ] ] ], [ [ [ 126.307627792810521, 34.397707890640774 ], [ 126.307371299438984, 34.398104198027909 ], [ 126.307720950359126, 34.397935510512831 ], [ 126.307627792810521, 34.397707890640774 ] ] ], [ [ [ 126.298743805886417, 34.39816331892159 ], [ 126.298846394907585, 34.398052020918115 ], [ 126.298712508004812, 34.398134671610727 ], [ 126.298743805886417, 34.39816331892159 ] ] ], [ [ [ 126.232086500469663, 34.450626380219433 ], [ 126.235914180098888, 34.459341235830912 ], [ 126.238026694156133, 34.460024333420023 ], [ 126.241448164775392, 34.455432734886429 ], [ 126.243888087453385, 34.457252450513081 ], [ 126.243036662047345, 34.458585795863527 ], [ 126.250434504856486, 34.460313441248147 ], [ 126.25119406213048, 34.464667459992505 ], [ 126.253978369035607, 34.462524508395582 ], [ 126.256756480516984, 34.462801434698996 ], [ 126.263150775152724, 34.467243786689444 ], [ 126.271839224299939, 34.46454403414949 ], [ 126.276408837775563, 34.469600269550433 ], [ 126.2765388509753, 34.473558086865019 ], [ 126.285380681973649, 34.471501636979113 ], [ 126.288175295139411, 34.471615284798055 ], [ 126.290432515930561, 34.474905696772012 ], [ 126.30158380080637, 34.473575311151997 ], [ 126.301464281371651, 34.475028213018348 ], [ 126.303334558801069, 34.475477834064911 ], [ 126.303106074403885, 34.477829563447308 ], [ 126.307708479434723, 34.480076935446093 ], [ 126.32056571794979, 34.481529993725871 ], [ 126.324051017534543, 34.472529979407888 ], [ 126.32306680536999, 34.468809477303061 ], [ 126.331242937369979, 34.457219879365027 ], [ 126.331683746177816, 34.455254575596612 ], [ 126.328104345557861, 34.453500831187661 ], [ 126.335087885926043, 34.443602014211528 ], [ 126.336686397549798, 34.434346168360037 ], [ 126.342171362217613, 34.428952247484773 ], [ 126.338554149113975, 34.423731505143415 ], [ 126.34234951236752, 34.415521336361678 ], [ 126.33867489701268, 34.416239314932305 ], [ 126.336321847022745, 34.415153033673903 ], [ 126.337503271341134, 34.413962262461979 ], [ 126.337563266660084, 34.413389846974361 ], [ 126.336257672915181, 34.415086933490834 ], [ 126.335345579580775, 34.414221137584001 ], [ 126.336561439878722, 34.412204281656692 ], [ 126.337756442040799, 34.412892595176992 ], [ 126.334975409531381, 34.409876805274536 ], [ 126.33728919380269, 34.407059907822287 ], [ 126.336033586060779, 34.405318300809036 ], [ 126.337526214892748, 34.403832706460832 ], [ 126.336578753563188, 34.40055899417635 ], [ 126.334095952826416, 34.399669354612669 ], [ 126.330083600080059, 34.401095829245975 ], [ 126.327451700735082, 34.39752822522604 ], [ 126.320179696904873, 34.405095015132119 ], [ 126.325135993020069, 34.403983267060802 ], [ 126.327732887286913, 34.405880016254464 ], [ 126.320958232073878, 34.412567856808657 ], [ 126.326926365138192, 34.415134502421594 ], [ 126.322796934003748, 34.416492574438948 ], [ 126.322410548348515, 34.418327091011534 ], [ 126.325207121089278, 34.42056039043203 ], [ 126.322890392008361, 34.421048627449125 ], [ 126.320272391812054, 34.424638299126372 ], [ 126.318367978405647, 34.424275792678671 ], [ 126.319073600703376, 34.419141760955526 ], [ 126.316507270535652, 34.419998877728517 ], [ 126.310879045693341, 34.415934503148684 ], [ 126.313964274188066, 34.414269510747168 ], [ 126.312290939680281, 34.410877029688045 ], [ 126.315080698705415, 34.405374242806687 ], [ 126.315111800895863, 34.400440772213742 ], [ 126.313266843312562, 34.401695441474281 ], [ 126.312726808510405, 34.400113758890974 ], [ 126.312313220878494, 34.400222992923595 ], [ 126.31262844697153, 34.405613199143112 ], [ 126.309288831461103, 34.406928982765848 ], [ 126.302007641618673, 34.414472140163724 ], [ 126.301728845784538, 34.410632588250941 ], [ 126.303888996542923, 34.406403766146504 ], [ 126.306656656789087, 34.404951443118478 ], [ 126.306234920763501, 34.402210194053382 ], [ 126.303078573402601, 34.404022382219267 ], [ 126.29959874833736, 34.403628128656649 ], [ 126.297956929257467, 34.409097248069521 ], [ 126.292744459300351, 34.409071473877063 ], [ 126.2914118746084, 34.40270547590876 ], [ 126.295410909852748, 34.400259801205998 ], [ 126.296550220991378, 34.396743089795621 ], [ 126.291021353185911, 34.395724053498689 ], [ 126.28733325258878, 34.392486553519717 ], [ 126.28812921059415, 34.393318603323557 ], [ 126.283263084492333, 34.394564600540463 ], [ 126.283609387752875, 34.391616138576815 ], [ 126.281809043464676, 34.392439471165403 ], [ 126.280085309692453, 34.390160318869107 ], [ 126.276693239845997, 34.390660499260136 ], [ 126.276011842436716, 34.392563075457367 ], [ 126.278174685318731, 34.393311797434443 ], [ 126.277871900479795, 34.395301031547696 ], [ 126.272276807578919, 34.396990951214804 ], [ 126.26936726618807, 34.396012813626832 ], [ 126.266800927357181, 34.403986484810375 ], [ 126.260108205042343, 34.405524509351821 ], [ 126.258163323676925, 34.408261556893081 ], [ 126.262570650506277, 34.416088931067428 ], [ 126.256603612405812, 34.419735142511868 ], [ 126.256726149909682, 34.428718474297781 ], [ 126.245558195420642, 34.427597522612878 ], [ 126.243639039312285, 34.431219058843311 ], [ 126.244620841599385, 34.43382614481721 ], [ 126.238122208580123, 34.438240396177804 ], [ 126.238021618587098, 34.441600155137074 ], [ 126.233874751694245, 34.445785775295938 ], [ 126.234451719890714, 34.448597822183473 ], [ 126.232086500469663, 34.450626380219433 ] ] ], [ [ [ 126.327691731996197, 34.247288935484207 ], [ 126.32792959777187, 34.246960530698914 ], [ 126.327611805136399, 34.247107472663608 ], [ 126.327691731996197, 34.247288935484207 ] ] ], [ [ [ 126.329042345700444, 34.249965448990579 ], [ 126.330507724186759, 34.251137810979451 ], [ 126.332340580071929, 34.248627244120769 ], [ 126.329042345700444, 34.249965448990579 ] ] ], [ [ [ 126.382812034985335, 34.280598809101598 ], [ 126.383363781311544, 34.28062535548078 ], [ 126.383302214964331, 34.280414931315626 ], [ 126.382812034985335, 34.280598809101598 ] ] ], [ [ [ 126.348968512317768, 34.285239177575299 ], [ 126.351208219507626, 34.28516062870937 ], [ 126.351703205824649, 34.283722237943493 ], [ 126.348968512317768, 34.285239177575299 ] ] ], [ [ [ 126.341807615396547, 34.285009669898429 ], [ 126.342538697086411, 34.285748078377367 ], [ 126.34277347082066, 34.284728623404931 ], [ 126.341807615396547, 34.285009669898429 ] ] ], [ [ [ 126.346317279676811, 34.286273542794731 ], [ 126.348064302672398, 34.285934445209591 ], [ 126.348846896975374, 34.284835954682855 ], [ 126.347319116643618, 34.284704074840199 ], [ 126.346317279676811, 34.286273542794731 ] ] ], [ [ [ 126.32739351468571, 34.383484005413237 ], [ 126.327549241550955, 34.383548802628134 ], [ 126.327621222302497, 34.383281261811874 ], [ 126.32739351468571, 34.383484005413237 ] ] ], [ [ [ 126.327938457331243, 34.383829519338093 ], [ 126.327728497775823, 34.384041285534416 ], [ 126.327957261792392, 34.383921263932933 ], [ 126.327938457331243, 34.383829519338093 ] ] ], [ [ [ 126.34472317165924, 34.38527061856027 ], [ 126.345922127239021, 34.387203143152561 ], [ 126.346930875340789, 34.386448955136501 ], [ 126.34472317165924, 34.38527061856027 ] ] ], [ [ [ 126.328744845287417, 34.387272785010254 ], [ 126.330116812672202, 34.386250100170336 ], [ 126.327661212566156, 34.384561482754862 ], [ 126.327543184409379, 34.386195507637296 ], [ 126.328744845287417, 34.387272785010254 ] ] ], [ [ [ 126.329928680621322, 34.388543655618221 ], [ 126.3295601754226, 34.388477666364068 ], [ 126.329568260729431, 34.388824001435864 ], [ 126.329928680621322, 34.388543655618221 ] ] ], [ [ [ 126.325007236183438, 34.392784573742595 ], [ 126.326670140706071, 34.391133805083292 ], [ 126.324712272211343, 34.390738626235141 ], [ 126.325007236183438, 34.392784573742595 ] ] ], [ [ [ 126.328195262836445, 34.395854638810164 ], [ 126.329142990591251, 34.394533904174217 ], [ 126.326052973161993, 34.394851730369773 ], [ 126.325987861956051, 34.395144809473777 ], [ 126.328195262836445, 34.395854638810164 ] ] ], [ [ [ 126.313030196233612, 34.396652334800692 ], [ 126.314487871227243, 34.39650848022962 ], [ 126.314954237424672, 34.395952688749595 ], [ 126.313080648206778, 34.394898443976444 ], [ 126.313030196233612, 34.396652334800692 ] ] ], [ [ [ 126.351212589619124, 34.399545749170208 ], [ 126.350807512989078, 34.398206354207105 ], [ 126.349575953482002, 34.400060565014314 ], [ 126.351212589619124, 34.399545749170208 ] ] ], [ [ [ 126.313883430333973, 34.399992709334761 ], [ 126.313833984443633, 34.400472269988754 ], [ 126.314163282359985, 34.400334495450949 ], [ 126.313883430333973, 34.399992709334761 ] ] ], [ [ [ 126.349479668295871, 34.402096211272422 ], [ 126.349478193724352, 34.40145618582126 ], [ 126.349027840258174, 34.401777458531029 ], [ 126.349479668295871, 34.402096211272422 ] ] ], [ [ [ 126.35131661993735, 34.403688798206424 ], [ 126.353764364012605, 34.408752308740198 ], [ 126.354552921011802, 34.408088239288666 ], [ 126.354411560459724, 34.410540927994077 ], [ 126.357620259866465, 34.411905624180548 ], [ 126.357090232024177, 34.406201840906796 ], [ 126.35131661993735, 34.403688798206424 ] ] ] ] } },
{ "type": "Feature", "properties": { "emd_cd": "46900340", "emd_nm": "임회면" }, "geometry": { "type": "MultiPolygon", "coordinates": [ [ [ [ 126.149893577860297, 34.330093633951741 ], [ 126.156555849659767, 34.328460479857341 ], [ 126.157375266820537, 34.327681920253177 ], [ 126.151508968964606, 34.32788598391825 ], [ 126.149893577860297, 34.330093633951741 ] ] ], [ [ [ 126.148765491776004, 34.33104519784024 ], [ 126.148984975002904, 34.331108753927204 ], [ 126.149080010695485, 34.331034568746276 ], [ 126.148765491776004, 34.33104519784024 ] ] ], [ [ [ 126.128270480331111, 34.354570933567537 ], [ 126.128201121796806, 34.353323852190236 ], [ 126.128006337480585, 34.354670578117066 ], [ 126.128270480331111, 34.354570933567537 ] ] ], [ [ [ 126.12505816760077, 34.357139346275652 ], [ 126.125411030267188, 34.356104355814672 ], [ 126.123139955621994, 34.354886434740841 ], [ 126.122829154321238, 34.355723711288753 ], [ 126.12505816760077, 34.357139346275652 ] ] ], [ [ [ 126.129159396991085, 34.359137767848786 ], [ 126.128825908226119, 34.358566693747839 ], [ 126.128726125570068, 34.359106681350561 ], [ 126.129159396991085, 34.359137767848786 ] ] ], [ [ [ 126.12299126603402, 34.364585516371726 ], [ 126.124807042736904, 34.366528917848854 ], [ 126.124918760712376, 34.364616433377961 ], [ 126.12299126603402, 34.364585516371726 ] ] ], [ [ [ 126.1394341275508, 34.381991291671959 ], [ 126.139273773927926, 34.38181760985524 ], [ 126.139302610095456, 34.382005211862769 ], [ 126.1394341275508, 34.381991291671959 ] ] ], [ [ [ 126.187631208265103, 34.347620753621385 ], [ 126.187216937245879, 34.346799237828435 ], [ 126.187166761211259, 34.347807473398888 ], [ 126.187631208265103, 34.347620753621385 ] ] ], [ [ [ 126.213324027821386, 34.34965876118536 ], [ 126.215289450573295, 34.34867242528756 ], [ 126.213777009767625, 34.346360191759111 ], [ 126.212920259073329, 34.347443657914418 ], [ 126.213324027821386, 34.34965876118536 ] ] ], [ [ [ 126.180008732227137, 34.350507460842117 ], [ 126.179627477422088, 34.349556559576222 ], [ 126.179656040207533, 34.350375277633695 ], [ 126.180008732227137, 34.350507460842117 ] ] ], [ [ [ 126.196735105291907, 34.353282206322135 ], [ 126.1965439232291, 34.352665363998256 ], [ 126.196186320722802, 34.353030530385489 ], [ 126.196735105291907, 34.353282206322135 ] ] ], [ [ [ 126.256685158351885, 34.37972304705967 ], [ 126.256336989497782, 34.379581664070891 ], [ 126.25628204404029, 34.380028030416838 ], [ 126.256685158351885, 34.37972304705967 ] ] ], [ [ [ 126.130037753077417, 34.359871346212493 ], [ 126.132200849300887, 34.363553987705366 ], [ 126.131353892462883, 34.36523008384345 ], [ 126.132164296325641, 34.363740992218382 ], [ 126.136233505446782, 34.364246751794141 ], [ 126.136898513046717, 34.366455657109782 ], [ 126.132205927386678, 34.36704456785246 ], [ 126.130205784070071, 34.365690816980475 ], [ 126.132156987877934, 34.367092924816404 ], [ 126.13562128350803, 34.367332812166659 ], [ 126.135777920651364, 34.368375004779629 ], [ 126.138925858380574, 34.368422971583641 ], [ 126.133038244359724, 34.375560605453401 ], [ 126.145186784426656, 34.378307050638661 ], [ 126.1420057931348, 34.378349207298974 ], [ 126.141951761950551, 34.383531527820324 ], [ 126.143611816023082, 34.383618805379562 ], [ 126.143760462858538, 34.385455813471886 ], [ 126.141629773982913, 34.394327835450028 ], [ 126.144527626761331, 34.396055898029552 ], [ 126.142336634301245, 34.398128473815248 ], [ 126.144641868368112, 34.401123992412181 ], [ 126.148801525914337, 34.401234485782652 ], [ 126.156258246878394, 34.396321352120296 ], [ 126.158276733123159, 34.393252089893366 ], [ 126.165545838827597, 34.395856434208525 ], [ 126.172999014886841, 34.39283032117671 ], [ 126.17649134807742, 34.393619917723647 ], [ 126.178119205883164, 34.396146973562544 ], [ 126.175012456449451, 34.398085845987247 ], [ 126.174852245865083, 34.40455511474515 ], [ 126.178589892726421, 34.405732673988418 ], [ 126.179759981604676, 34.410848207194661 ], [ 126.186626585514759, 34.410740250464279 ], [ 126.190519162930528, 34.41260678614843 ], [ 126.191252468220654, 34.411536496897796 ], [ 126.193443802300806, 34.413512751004269 ], [ 126.196855515780697, 34.422325221830654 ], [ 126.210456259277606, 34.43831371334236 ], [ 126.213541011491259, 34.447410856190189 ], [ 126.219249909761587, 34.444673311999843 ], [ 126.22038778768983, 34.450028093206299 ], [ 126.223472465586866, 34.448661007538853 ], [ 126.23246835690172, 34.451630073112817 ], [ 126.234451719890714, 34.448597822183473 ], [ 126.233874751694245, 34.445785775295938 ], [ 126.238021618587098, 34.441600155137074 ], [ 126.238122208580123, 34.438240396177804 ], [ 126.244620841599385, 34.43382614481721 ], [ 126.243639039312285, 34.431219058843311 ], [ 126.245558195420642, 34.427597522612878 ], [ 126.256230569502875, 34.429254757594556 ], [ 126.257412477683218, 34.424810870522627 ], [ 126.256603612405812, 34.419735142511868 ], [ 126.262570650506277, 34.416088931067428 ], [ 126.258163323676925, 34.408261556893081 ], [ 126.260108205042343, 34.405524509351821 ], [ 126.266800927357181, 34.403986484810375 ], [ 126.269195854788094, 34.397927647686636 ], [ 126.26936726618807, 34.396012813626832 ], [ 126.265316562274649, 34.397456202152853 ], [ 126.262892934132637, 34.395500228091414 ], [ 126.259371077316572, 34.388601782161956 ], [ 126.26048146659582, 34.385579900132974 ], [ 126.268172115371797, 34.385124848133195 ], [ 126.268369350115336, 34.383474820838224 ], [ 126.26500393285248, 34.380941366332486 ], [ 126.265998483640217, 34.379408492884551 ], [ 126.268623797436007, 34.3799078374213 ], [ 126.266733522978399, 34.378313515983159 ], [ 126.256403090772793, 34.38037765263946 ], [ 126.255605335290142, 34.38182360213473 ], [ 126.252068072466102, 34.378070988398726 ], [ 126.243967168192796, 34.379307568975008 ], [ 126.239246831822044, 34.370858489420264 ], [ 126.234219813536271, 34.36881035002029 ], [ 126.233012143538829, 34.374165967176125 ], [ 126.231361760005697, 34.374864975231425 ], [ 126.228278077791984, 34.373499178545522 ], [ 126.229992098437123, 34.37033845099262 ], [ 126.224291253550206, 34.37050339275207 ], [ 126.221629698806069, 34.367696864838322 ], [ 126.208395410580636, 34.371911656883469 ], [ 126.202368594305909, 34.371137012324837 ], [ 126.198554950813886, 34.367691363968376 ], [ 126.201093976107202, 34.367804048601265 ], [ 126.2024868243942, 34.369960494763916 ], [ 126.208331030174591, 34.368199252855426 ], [ 126.210205568383884, 34.369029549546156 ], [ 126.208766184738337, 34.36780678981512 ], [ 126.213009177422947, 34.363800260470676 ], [ 126.213562004240316, 34.36073029068195 ], [ 126.210620321591421, 34.362184242996392 ], [ 126.206833808481491, 34.361724300508889 ], [ 126.202416242127001, 34.357964553582043 ], [ 126.186897145423487, 34.356581326893959 ], [ 126.185132939125836, 34.352059776790156 ], [ 126.180172216325559, 34.351207687982068 ], [ 126.1824703483381, 34.354743180432905 ], [ 126.180749584513478, 34.356233511088412 ], [ 126.182813460258416, 34.357882333831895 ], [ 126.181846632991125, 34.359503297436319 ], [ 126.17950556305837, 34.358934451725332 ], [ 126.17401127180274, 34.352379193915347 ], [ 126.162023801568836, 34.353098549355529 ], [ 126.160679545179164, 34.355671244139451 ], [ 126.156703838060594, 34.356496249689187 ], [ 126.155395609672695, 34.359967188961967 ], [ 126.163771220157855, 34.364088602588367 ], [ 126.160261762070704, 34.365085225657737 ], [ 126.160830984559084, 34.363351327122984 ], [ 126.155668520428875, 34.361929890081193 ], [ 126.155274933051643, 34.363173794460636 ], [ 126.156985257830087, 34.363941558753424 ], [ 126.156795586129064, 34.364933372184986 ], [ 126.1527782246295, 34.36672771387525 ], [ 126.143704962406844, 34.364325716389217 ], [ 126.145944599761478, 34.361589024781921 ], [ 126.145969561310196, 34.358201699689317 ], [ 126.143584575407701, 34.358834793201979 ], [ 126.139461694387649, 34.357015048997511 ], [ 126.137607628145375, 34.359510749535112 ], [ 126.130037753077417, 34.359871346212493 ] ] ] ] } },
{ "type": "Feature", "properties": { "emd_cd": "46900350", "emd_nm": "지산면" }, "geometry": { "type": "MultiPolygon", "coordinates": [ [ [ [ 126.082871416706425, 34.428875171055374 ], [ 126.084065939179666, 34.428349638994909 ], [ 126.084011465429043, 34.425845613803887 ], [ 126.082252977745711, 34.42661866673631 ], [ 126.082871416706425, 34.428875171055374 ] ] ], [ [ [ 126.088027290152084, 34.439654338597485 ], [ 126.090996757385938, 34.439362184453827 ], [ 126.089146483593822, 34.437017376531308 ], [ 126.088027290152084, 34.439654338597485 ] ] ], [ [ [ 126.094590031755544, 34.439530442888092 ], [ 126.095462891453948, 34.439639972042706 ], [ 126.094760034571522, 34.439309728655623 ], [ 126.094590031755544, 34.439530442888092 ] ] ], [ [ [ 126.091673396954789, 34.440102310344649 ], [ 126.092107866914148, 34.440209493631066 ], [ 126.092239405963554, 34.439915400805667 ], [ 126.091673396954789, 34.440102310344649 ] ] ], [ [ [ 126.093155964552722, 34.440514282795768 ], [ 126.093309639583993, 34.440358153334181 ], [ 126.093084055508854, 34.440397808000682 ], [ 126.093155964552722, 34.440514282795768 ] ] ], [ [ [ 126.062043944086781, 34.441927111330628 ], [ 126.065305899065024, 34.442363443369892 ], [ 126.065424469461192, 34.43893922543085 ], [ 126.062043944086781, 34.441927111330628 ] ] ], [ [ [ 126.092905765775598, 34.442731431845225 ], [ 126.094527305977579, 34.44186081627565 ], [ 126.094268659988728, 34.441617939153652 ], [ 126.092905765775598, 34.442731431845225 ] ] ], [ [ [ 126.09258281619816, 34.461903563587825 ], [ 126.09542957275228, 34.457297942730101 ], [ 126.103880089716029, 34.454762303479541 ], [ 126.100149414040615, 34.454109355353175 ], [ 126.093730122681464, 34.456265058114035 ], [ 126.091725093581431, 34.459801578431431 ], [ 126.09258281619816, 34.461903563587825 ] ] ], [ [ [ 126.130026229346456, 34.380244423523727 ], [ 126.131163391293825, 34.381442549835754 ], [ 126.130393185470041, 34.379528278695886 ], [ 126.130026229346456, 34.380244423523727 ] ] ], [ [ [ 126.102938449489713, 34.399229962202192 ], [ 126.102563626059066, 34.399390538704516 ], [ 126.102797034907894, 34.399567490636571 ], [ 126.102938449489713, 34.399229962202192 ] ] ], [ [ [ 126.098744501000482, 34.444010060500105 ], [ 126.098872493072776, 34.444138312867558 ], [ 126.098886586059933, 34.444059164023571 ], [ 126.098744501000482, 34.444010060500105 ] ] ], [ [ [ 126.090501742700724, 34.419974888046099 ], [ 126.097401092102146, 34.418618023276679 ], [ 126.091641768542715, 34.421653808545862 ], [ 126.093911596823943, 34.423531946493611 ], [ 126.098033666225504, 34.421802080887076 ], [ 126.092761622891089, 34.426579780553659 ], [ 126.097328675021544, 34.42979320365373 ], [ 126.097058326478688, 34.430709213071985 ], [ 126.097388001709305, 34.43162472779089 ], [ 126.099501683166892, 34.429644008197116 ], [ 126.100819682695089, 34.431027749856689 ], [ 126.09649598647789, 34.433716856694197 ], [ 126.096220358528271, 34.435585563621423 ], [ 126.097705059384467, 34.4369533545484 ], [ 126.101676540093024, 34.436265594339964 ], [ 126.101754030475419, 34.441066710407135 ], [ 126.111268204868963, 34.447683793824474 ], [ 126.116672282229871, 34.44838703040368 ], [ 126.118579195183003, 34.450068398039754 ], [ 126.122326083447248, 34.443822949982625 ], [ 126.125303584537647, 34.442221830946806 ], [ 126.127820677824218, 34.443628580582313 ], [ 126.130058708185075, 34.442515895363869 ], [ 126.125728698914926, 34.446647110865904 ], [ 126.127291037052842, 34.452388457947904 ], [ 126.117966002578427, 34.453374220541178 ], [ 126.117007385556974, 34.459669117419892 ], [ 126.120317843150801, 34.459998052870276 ], [ 126.124256571005802, 34.464614125949552 ], [ 126.134303997193385, 34.465396118102412 ], [ 126.138348893101323, 34.467790142281018 ], [ 126.138047436288375, 34.468901835269271 ], [ 126.139333764013386, 34.469319257204432 ], [ 126.138134122048186, 34.468823032393374 ], [ 126.138963303445848, 34.468025305452223 ], [ 126.142868788022639, 34.470634610351738 ], [ 126.144909536357758, 34.475578270442938 ], [ 126.161487163879499, 34.483304800812441 ], [ 126.162508487831218, 34.482324760626298 ], [ 126.172714935888379, 34.484549599916875 ], [ 126.171777986968607, 34.486258240677813 ], [ 126.174632742029857, 34.487087874141778 ], [ 126.175753445876325, 34.491544563977477 ], [ 126.173155049596119, 34.494724720764232 ], [ 126.177272618860897, 34.495968927258282 ], [ 126.178402835028805, 34.501092909799283 ], [ 126.190674096991273, 34.514315589654579 ], [ 126.194537603288566, 34.510751855628939 ], [ 126.192328248095023, 34.510841429867725 ], [ 126.190219929266547, 34.508038541283739 ], [ 126.188236286894494, 34.496155887014432 ], [ 126.191429624592942, 34.493914386096598 ], [ 126.202757959994273, 34.496551529910136 ], [ 126.204969509501055, 34.495705034766175 ], [ 126.207238008658209, 34.499157875580188 ], [ 126.210373447905894, 34.495130865873541 ], [ 126.21246541083714, 34.48730119031768 ], [ 126.209877569697582, 34.473697936741075 ], [ 126.215677349937053, 34.459464373471882 ], [ 126.21314323521257, 34.444684145177568 ], [ 126.20924965266417, 34.436460602677059 ], [ 126.196575424504161, 34.421948861284562 ], [ 126.193443802300806, 34.413512751004269 ], [ 126.191252468220654, 34.411536496897796 ], [ 126.190519162930528, 34.41260678614843 ], [ 126.186626585514759, 34.410740250464279 ], [ 126.179759981604676, 34.410848207194661 ], [ 126.178589892726421, 34.405732673988418 ], [ 126.174852245865083, 34.40455511474515 ], [ 126.175012456449451, 34.398085845987247 ], [ 126.178119205883164, 34.396146973562544 ], [ 126.17649134807742, 34.393619917723647 ], [ 126.172999014886841, 34.39283032117671 ], [ 126.165545838827597, 34.395856434208525 ], [ 126.158276733123159, 34.393252089893366 ], [ 126.156258246878394, 34.396321352120296 ], [ 126.148801525914337, 34.401234485782652 ], [ 126.144641868368112, 34.401123992412181 ], [ 126.142336634301245, 34.398128473815248 ], [ 126.144527626761331, 34.396055898029552 ], [ 126.141629773982913, 34.394327835450028 ], [ 126.143760462858538, 34.385455813471886 ], [ 126.130126922836681, 34.385580787772533 ], [ 126.125812714185258, 34.381858543540652 ], [ 126.127116037818737, 34.378559380793007 ], [ 126.119297985921406, 34.38026622799557 ], [ 126.117549589034326, 34.378715816679609 ], [ 126.117393241509461, 34.380233085264699 ], [ 126.113785351196412, 34.3821095033408 ], [ 126.115366633175654, 34.382880381531599 ], [ 126.11404827093078, 34.386360229415516 ], [ 126.109396167752863, 34.391089414557747 ], [ 126.109172776313628, 34.392829472308335 ], [ 126.111859124384821, 34.393420816501212 ], [ 126.111738880549566, 34.394749414275068 ], [ 126.109221725581307, 34.39535412619653 ], [ 126.106280251695551, 34.399139795274728 ], [ 126.099349110155174, 34.40172974539842 ], [ 126.101026087630444, 34.403217228566895 ], [ 126.097907908317453, 34.404372206152587 ], [ 126.096385759790806, 34.410564708634205 ], [ 126.090880940425834, 34.414515942097687 ], [ 126.093518382039008, 34.415818379929846 ], [ 126.089464667161309, 34.418674186336403 ], [ 126.090501742700724, 34.419974888046099 ] ] ], [ [ [ 126.109119500063059, 34.456374569242719 ], [ 126.109035865733361, 34.454736115698672 ], [ 126.108542004491639, 34.456071352236386 ], [ 126.109119500063059, 34.456374569242719 ] ] ], [ [ [ 126.167094528389342, 34.486708814694232 ], [ 126.169224021447619, 34.488758262716175 ], [ 126.168153757990822, 34.486317640832837 ], [ 126.167094528389342, 34.486708814694232 ] ] ], [ [ [ 126.147188764998177, 34.489538485756839 ], [ 126.147782293041189, 34.489692448829125 ], [ 126.14716614154375, 34.489463843455248 ], [ 126.147188764998177, 34.489538485756839 ] ] ] ] } },
{ "type": "Feature", "properties": { "emd_cd": "46900360", "emd_nm": "조도면" }, "geometry": { "type": "MultiPolygon", "coordinates": [ [ [ [ 125.947782731101924, 34.14696106169135 ], [ 125.947945050004094, 34.143528369419307 ], [ 125.945056383169614, 34.145493081195333 ], [ 125.945881480303626, 34.141575695585267 ], [ 125.944714111494747, 34.140718968572557 ], [ 125.942453309634999, 34.142901088062388 ], [ 125.941857335488791, 34.149003027768174 ], [ 125.947782731101924, 34.14696106169135 ] ] ], [ [ [ 125.942689987197809, 34.153595609978503 ], [ 125.940941540288748, 34.152119697064983 ], [ 125.940103251020503, 34.153787673374069 ], [ 125.937900106534556, 34.153847879245212 ], [ 125.939177143509582, 34.155312499911609 ], [ 125.936269965844488, 34.156620789950772 ], [ 125.935917649351069, 34.158152424803902 ], [ 125.938530889953185, 34.161004726009786 ], [ 125.940407879116819, 34.161396227639401 ], [ 125.941264911962946, 34.159651268153532 ], [ 125.939816727633399, 34.157696163931831 ], [ 125.942689987197809, 34.153595609978503 ] ] ], [ [ [ 125.857324909545696, 34.198175596749472 ], [ 125.861814318199407, 34.196753097270438 ], [ 125.860867961821057, 34.193905488270808 ], [ 125.854776310699208, 34.196352646672224 ], [ 125.857324909545696, 34.198175596749472 ] ] ], [ [ [ 125.800776127102878, 34.207119665942578 ], [ 125.801163106946817, 34.206630474151694 ], [ 125.800695097869109, 34.206617997380178 ], [ 125.800776127102878, 34.207119665942578 ] ] ], [ [ [ 125.879525897138464, 34.209639257586907 ], [ 125.880558293575419, 34.210040800486325 ], [ 125.880581744375149, 34.209543875271528 ], [ 125.879525897138464, 34.209639257586907 ] ] ], [ [ [ 125.847470401092167, 34.216980070551976 ], [ 125.849417334886752, 34.21802455733841 ], [ 125.852186206063095, 34.215847896215458 ], [ 125.853832443767985, 34.217198315517287 ], [ 125.852756610487944, 34.217719518676383 ], [ 125.853956774246143, 34.217626656207514 ], [ 125.85455096081607, 34.216567348526354 ], [ 125.857068313400148, 34.217429595458519 ], [ 125.85925015311156, 34.21292012991951 ], [ 125.863876983079805, 34.20929613981253 ], [ 125.863648502792415, 34.20764567521389 ], [ 125.861413449093249, 34.205293663913878 ], [ 125.858235408169435, 34.20625207276499 ], [ 125.85368983868905, 34.211376263486692 ], [ 125.847775390207744, 34.214180998333163 ], [ 125.847470401092167, 34.216980070551976 ] ] ], [ [ [ 125.859121540939697, 34.220759454437982 ], [ 125.861863058478946, 34.219251323043224 ], [ 125.859521742271568, 34.219062881347178 ], [ 125.859121540939697, 34.220759454437982 ] ] ], [ [ [ 125.838617695596838, 34.220066790689714 ], [ 125.837759047059308, 34.220249397223952 ], [ 125.837780473726326, 34.220495996049159 ], [ 125.838617695596838, 34.220066790689714 ] ] ], [ [ [ 125.840773267171343, 34.226769508597563 ], [ 125.846903391185791, 34.226229016802996 ], [ 125.848852735728045, 34.224713388228757 ], [ 125.845279673086409, 34.218794580990604 ], [ 125.84169914801214, 34.219867041813366 ], [ 125.8445846639205, 34.221470166055596 ], [ 125.840773267171343, 34.226769508597563 ] ] ], [ [ [ 125.927336630481534, 34.236337834099587 ], [ 125.931115677925575, 34.23690042573773 ], [ 125.93178056080329, 34.238844858971042 ], [ 125.929827540451285, 34.239369449976643 ], [ 125.932946689916733, 34.243949735682861 ], [ 125.936410656152844, 34.244528657543604 ], [ 125.935948953577153, 34.246801547657491 ], [ 125.938804698974806, 34.246822131757163 ], [ 125.93920696614866, 34.245011916587089 ], [ 125.941842967248576, 34.244272446841904 ], [ 125.938942547988248, 34.24026014432436 ], [ 125.940040408502867, 34.238463729009702 ], [ 125.944632105906265, 34.243329542286176 ], [ 125.946654168855162, 34.241975323123079 ], [ 125.946674127928503, 34.243819486567588 ], [ 125.948755479909593, 34.243521151026648 ], [ 125.949288829596043, 34.245519097550009 ], [ 125.95418193223945, 34.244523556343225 ], [ 125.955863567916268, 34.241275128022906 ], [ 125.949627002223039, 34.236862862286841 ], [ 125.945949802974397, 34.237218124660842 ], [ 125.947687206746352, 34.235903477808044 ], [ 125.945428288723264, 34.235311597626797 ], [ 125.945855792893298, 34.233609249125884 ], [ 125.937308412630827, 34.229139725278081 ], [ 125.933760981641669, 34.230856016085482 ], [ 125.933370937429331, 34.234021836891088 ], [ 125.930167815590735, 34.230055774183406 ], [ 125.928394868244013, 34.230198628294161 ], [ 125.927744212844104, 34.2318603513665 ], [ 125.929719550989134, 34.233069407577638 ], [ 125.927336630481534, 34.236337834099587 ] ] ], [ [ [ 125.925808880844585, 34.238201486444837 ], [ 125.926247429099647, 34.238116451463632 ], [ 125.925713841148905, 34.237952524364481 ], [ 125.925808880844585, 34.238201486444837 ] ] ], [ [ [ 125.926681948138977, 34.238398812553562 ], [ 125.926042791572428, 34.238665161761354 ], [ 125.926684350905248, 34.239023706685749 ], [ 125.926681948138977, 34.238398812553562 ] ] ], [ [ [ 125.930665659975944, 34.244193018089625 ], [ 125.929249128607339, 34.243880074322753 ], [ 125.930687219707096, 34.244550281706793 ], [ 125.930665659975944, 34.244193018089625 ] ] ], [ [ [ 125.913686307468623, 34.245486547053019 ], [ 125.915137788368128, 34.24672141294613 ], [ 125.912943034731924, 34.242211382062095 ], [ 125.910750575712783, 34.242388743792723 ], [ 125.910402403691137, 34.246400173535541 ], [ 125.913686307468623, 34.245486547053019 ] ] ], [ [ [ 125.923074762165399, 34.24440123632499 ], [ 125.922768059149831, 34.244660151792964 ], [ 125.922925735621703, 34.244689050588811 ], [ 125.923074762165399, 34.24440123632499 ] ] ], [ [ [ 125.953434748405598, 34.244880549274939 ], [ 125.953736887067095, 34.245208594452549 ], [ 125.954063603607764, 34.245097606814447 ], [ 125.953656675140934, 34.24473162700442 ], [ 125.953434748405598, 34.244880549274939 ] ] ], [ [ [ 125.931484773531992, 34.245185785982031 ], [ 125.930397563652292, 34.245540688195128 ], [ 125.931393271838516, 34.245983115431983 ], [ 125.931484773531992, 34.245185785982031 ] ] ], [ [ [ 125.925177930587665, 34.245708339701594 ], [ 125.925656519699658, 34.245766562759222 ], [ 125.925556595109256, 34.245518738786174 ], [ 125.925177930587665, 34.245708339701594 ] ] ], [ [ [ 125.897771959899359, 34.246979025531566 ], [ 125.897526590641931, 34.245716358328607 ], [ 125.897235303574902, 34.24704268385333 ], [ 125.897771959899359, 34.246979025531566 ] ] ], [ [ [ 125.909760089019727, 34.246363609009904 ], [ 125.909753825954425, 34.24695039291764 ], [ 125.910181083104675, 34.24645980752009 ], [ 125.909760089019727, 34.246363609009904 ] ] ], [ [ [ 125.935744514991796, 34.246952707822928 ], [ 125.935410116907562, 34.247064408804469 ], [ 125.935746049738071, 34.247053997092543 ], [ 125.935744514991796, 34.246952707822928 ] ] ], [ [ [ 125.923541263057302, 34.250214141897786 ], [ 125.926925508474554, 34.251258545847499 ], [ 125.928002071662746, 34.248901341633982 ], [ 125.924908399448881, 34.246174176826763 ], [ 125.923541263057302, 34.250214141897786 ] ] ], [ [ [ 125.923408509222526, 34.254669600799595 ], [ 125.926647733065778, 34.254270855329779 ], [ 125.926820682748001, 34.251830152759581 ], [ 125.921323347679021, 34.253172748357059 ], [ 125.923408509222526, 34.254669600799595 ] ] ], [ [ [ 125.897978068176229, 34.250385231702658 ], [ 125.901416556352231, 34.256819766564284 ], [ 125.916844140335044, 34.260301175337339 ], [ 125.917895443986737, 34.259218950953887 ], [ 125.921282120974112, 34.261614955842148 ], [ 125.923940434265489, 34.260933281331269 ], [ 125.92581465834165, 34.257057567206857 ], [ 125.924201972456331, 34.255603480187517 ], [ 125.921810368341852, 34.257574708092186 ], [ 125.919192065487564, 34.25537291079479 ], [ 125.919098616258069, 34.249762848835509 ], [ 125.91599755135438, 34.247623300577729 ], [ 125.917826488804423, 34.251226675271319 ], [ 125.916832254952553, 34.254146681813978 ], [ 125.915663791072248, 34.253031510604949 ], [ 125.915012083219366, 34.253874513533042 ], [ 125.914682732444206, 34.253973609035867 ], [ 125.915100762605277, 34.251866031536466 ], [ 125.912906764368074, 34.251678390638176 ], [ 125.914524108368141, 34.250182647875718 ], [ 125.913090050575136, 34.248863844183319 ], [ 125.912004813611247, 34.250812452553426 ], [ 125.909038367984394, 34.251460243287035 ], [ 125.91082605760792, 34.249130289498169 ], [ 125.908963879958748, 34.246287909034159 ], [ 125.9009373978936, 34.247665558996545 ], [ 125.898313193933632, 34.246295728157691 ], [ 125.900360255402063, 34.248183872526738 ], [ 125.897978068176229, 34.250385231702658 ] ] ], [ [ [ 125.948533324764867, 34.301828222003145 ], [ 125.945297736150735, 34.301658973881857 ], [ 125.944732817398545, 34.302374684061149 ], [ 125.948533324764867, 34.301828222003145 ] ] ], [ [ [ 125.945055286031604, 34.303463231949827 ], [ 125.944761965901932, 34.30366739913088 ], [ 125.945080475448208, 34.303481477660164 ], [ 125.945055286031604, 34.303463231949827 ] ] ], [ [ [ 125.90155297853758, 34.306031225206731 ], [ 125.903965981115505, 34.306224650143342 ], [ 125.904182967302788, 34.305208727846725 ], [ 125.90155297853758, 34.306031225206731 ] ] ], [ [ [ 125.944268072394166, 34.311525958718988 ], [ 125.948297564766733, 34.305581147098906 ], [ 125.946679264760647, 34.306064982302388 ], [ 125.944836487272923, 34.304039041463433 ], [ 125.944268072394166, 34.311525958718988 ] ] ], [ [ [ 125.886793151808106, 34.309236281444292 ], [ 125.886554229547272, 34.309506777111885 ], [ 125.887020155387532, 34.309337457741428 ], [ 125.886793151808106, 34.309236281444292 ] ] ], [ [ [ 125.888213564617914, 34.310137626796106 ], [ 125.8881988353248, 34.309777042867793 ], [ 125.887997881202878, 34.309797472455685 ], [ 125.888213564617914, 34.310137626796106 ] ] ], [ [ [ 125.945038080391882, 34.317225534342171 ], [ 125.945222443217204, 34.316944600161513 ], [ 125.944660669153521, 34.316872075745522 ], [ 125.945038080391882, 34.317225534342171 ] ] ], [ [ [ 125.946013524166929, 34.31735322872057 ], [ 125.946103669127595, 34.317217385706421 ], [ 125.945964417891801, 34.317315071990436 ], [ 125.946013524166929, 34.31735322872057 ] ] ], [ [ [ 125.949432932238636, 34.346797692924127 ], [ 125.948536027501561, 34.34913259169096 ], [ 125.952250719808646, 34.350459901963212 ], [ 125.951893987010322, 34.35312755988577 ], [ 125.958722729846826, 34.348509993629762 ], [ 125.95725517806568, 34.34755549321526 ], [ 125.958127306200325, 34.345699691805912 ], [ 125.949876135008353, 34.345110752311143 ], [ 125.948057662732467, 34.341915064854156 ], [ 125.94576151705256, 34.344267402777035 ], [ 125.949432932238636, 34.346797692924127 ] ] ], [ [ [ 125.897616128857294, 34.350842127003084 ], [ 125.898691889739197, 34.351458202224833 ], [ 125.898244258993742, 34.350597159666705 ], [ 125.897616128857294, 34.350842127003084 ] ] ], [ [ [ 125.930144508856571, 34.354413916538682 ], [ 125.930115332159275, 34.352833793561288 ], [ 125.929609141606292, 34.35437110060186 ], [ 125.930144508856571, 34.354413916538682 ] ] ], [ [ [ 125.938749008955639, 34.363143402501308 ], [ 125.93850135670003, 34.36305132700334 ], [ 125.938449323552305, 34.363132976138608 ], [ 125.938749008955639, 34.363143402501308 ] ] ], [ [ [ 125.9335517313786, 34.370746741446489 ], [ 125.939366364369647, 34.375024690648075 ], [ 125.936244511246088, 34.375251208919195 ], [ 125.935990270952146, 34.376740556551063 ], [ 125.941720649658436, 34.376780897967045 ], [ 125.941762146377414, 34.375035550767812 ], [ 125.94063931018384, 34.371851662879884 ], [ 125.940815502906503, 34.373462530977882 ], [ 125.939045410973378, 34.372650157102115 ], [ 125.94162579385646, 34.36982549814801 ], [ 125.940099795785301, 34.368605478584399 ], [ 125.940925802340615, 34.363898819081292 ], [ 125.937158546231316, 34.364907915729056 ], [ 125.9335517313786, 34.370746741446489 ] ] ], [ [ [ 125.988262872940155, 34.229212848991992 ], [ 125.991433533944516, 34.229685450842489 ], [ 125.991868574044076, 34.229017775111757 ], [ 125.989584462328821, 34.227898354198651 ], [ 125.988262872940155, 34.229212848991992 ] ] ], [ [ [ 125.996100755432366, 34.237757314048615 ], [ 125.996004576703413, 34.237640600265905 ], [ 125.996001769965815, 34.237750706186688 ], [ 125.996100755432366, 34.237757314048615 ] ] ], [ [ [ 125.96326697182171, 34.236927938968464 ], [ 125.961523047930982, 34.237389624868428 ], [ 125.961424255224159, 34.23841889447246 ], [ 125.962409854912977, 34.238959368050821 ], [ 125.96326697182171, 34.236927938968464 ] ] ], [ [ [ 125.992964809504201, 34.254331238765339 ], [ 125.9934070850301, 34.253633116175628 ], [ 125.992963721564848, 34.253810965209624 ], [ 125.992964809504201, 34.254331238765339 ] ] ], [ [ [ 125.978542156245595, 34.275558063472481 ], [ 125.983441073781179, 34.276025961737432 ], [ 125.986205681798666, 34.278349469767356 ], [ 125.988785693232103, 34.276940763430012 ], [ 125.991312927763985, 34.278938761493883 ], [ 125.995749390041937, 34.275216808149857 ], [ 125.997233710017483, 34.270691001555832 ], [ 125.995149254605693, 34.270221502031823 ], [ 125.995658353894072, 34.267516055612866 ], [ 125.993229345472841, 34.267541054289147 ], [ 125.993666177436523, 34.263994476984521 ], [ 125.996468333855631, 34.265713228970846 ], [ 125.997773483712493, 34.264170621838801 ], [ 126.00076690548552, 34.264225014457203 ], [ 126.004924733888956, 34.269568503128994 ], [ 126.006361079676694, 34.266025924567664 ], [ 126.003162336470808, 34.264087714608173 ], [ 126.002807170187666, 34.261315218926818 ], [ 125.999955466003669, 34.26171444824471 ], [ 125.997828873682991, 34.259326023767933 ], [ 125.998733907478254, 34.257333428927069 ], [ 126.001777287024552, 34.257128183485037 ], [ 126.001392652439435, 34.254549106028485 ], [ 125.996396682299732, 34.255751377081758 ], [ 125.993130115394891, 34.254706145133696 ], [ 125.995321831334877, 34.258253342459575 ], [ 125.994323911414327, 34.26110973372186 ], [ 125.98771172591961, 34.263796829584955 ], [ 125.989898946584219, 34.265476560064648 ], [ 125.990991802396465, 34.269945361837074 ], [ 125.988965406070449, 34.271417187260482 ], [ 125.987277476559555, 34.271213786524513 ], [ 125.986323615003855, 34.267751926466836 ], [ 125.983306956071601, 34.267538911341603 ], [ 125.982285081006466, 34.263808620507319 ], [ 125.980182001897603, 34.265459834156189 ], [ 125.978542156245595, 34.275558063472481 ] ] ], [ [ [ 125.991923300174392, 34.285478010302086 ], [ 125.991646881066544, 34.285552255407474 ], [ 125.991903772011909, 34.28557351848464 ], [ 125.991923300174392, 34.285478010302086 ] ] ], [ [ [ 125.987833361982453, 34.288644810004129 ], [ 125.987613888308033, 34.288381173421271 ], [ 125.987683844965389, 34.288663864341288 ], [ 125.987833361982453, 34.288644810004129 ] ] ], [ [ [ 125.992121924176487, 34.289400012618856 ], [ 125.994610638433059, 34.290607412143018 ], [ 125.994566741932104, 34.292509181547146 ], [ 125.998100987511052, 34.289691980730638 ], [ 126.001870396176884, 34.28958391297968 ], [ 126.000288788474791, 34.287760427140761 ], [ 125.998001974157035, 34.28873604771443 ], [ 125.994735509154225, 34.287441453084192 ], [ 125.992026452180369, 34.287587752740116 ], [ 125.992121924176487, 34.289400012618856 ] ] ], [ [ [ 125.97087763825283, 34.300706613585348 ], [ 125.97226758438795, 34.304196521935417 ], [ 125.975118886934425, 34.304173982459375 ], [ 125.981631754513643, 34.300870303734499 ], [ 125.980649470041755, 34.300514496002009 ], [ 125.982944977212355, 34.300838734571684 ], [ 125.984318958371347, 34.296698243209342 ], [ 125.974562879505143, 34.296984773121267 ], [ 125.97087763825283, 34.300706613585348 ] ] ], [ [ [ 125.968126162825001, 34.301303313912712 ], [ 125.96850780820688, 34.300787318643636 ], [ 125.96772506986504, 34.301158757666329 ], [ 125.968126162825001, 34.301303313912712 ] ] ], [ [ [ 125.957665715554157, 34.302881351743828 ], [ 125.958114840505033, 34.302866229432077 ], [ 125.956591290151295, 34.302377408949766 ], [ 125.957665715554157, 34.302881351743828 ] ] ], [ [ [ 125.995933142034204, 34.303495293602616 ], [ 125.99570666284346, 34.303692867059141 ], [ 125.995995282394063, 34.303632307244158 ], [ 125.995933142034204, 34.303495293602616 ] ] ], [ [ [ 125.995721320687878, 34.303749903716351 ], [ 125.995990611949964, 34.304080721609253 ], [ 125.996040277564688, 34.303829855441791 ], [ 125.995721320687878, 34.303749903716351 ] ] ], [ [ [ 125.971827985247572, 34.307588046902481 ], [ 125.97147578973896, 34.306765841840992 ], [ 125.9709226979991, 34.30652410595065 ], [ 125.971827985247572, 34.307588046902481 ] ] ], [ [ [ 125.967976622366479, 34.309940161146621 ], [ 125.968108933163393, 34.310258741808788 ], [ 125.968559315674938, 34.310090800336404 ], [ 125.967976622366479, 34.309940161146621 ] ] ], [ [ [ 125.99100794837814, 34.311928163233908 ], [ 125.989715252188816, 34.311020364334517 ], [ 125.98822110636759, 34.311151369062273 ], [ 125.989141902245777, 34.311941151579219 ], [ 125.99100794837814, 34.311928163233908 ] ] ], [ [ [ 125.957753199059312, 34.312684149743873 ], [ 125.957429947068078, 34.314004633225451 ], [ 125.959626251503124, 34.312937106254175 ], [ 125.963097881848128, 34.315097995556137 ], [ 125.964839747611521, 34.311667895423305 ], [ 125.964153198146505, 34.310412941272396 ], [ 125.961805252355674, 34.311678091697814 ], [ 125.958339263602724, 34.309864632853163 ], [ 125.957730754458723, 34.307803892245587 ], [ 125.955650558653289, 34.309629233424531 ], [ 125.951914669955514, 34.308509947450368 ], [ 125.951825846046475, 34.310306330755132 ], [ 125.957753199059312, 34.312684149743873 ] ] ], [ [ [ 125.968029673019032, 34.319000401349783 ], [ 125.975978292560114, 34.320791941809304 ], [ 125.976542784887329, 34.31746603142399 ], [ 125.979750969253104, 34.315977354531022 ], [ 125.97692756839605, 34.308128011468405 ], [ 125.973906420025813, 34.308964715827464 ], [ 125.972019486873094, 34.307772348610456 ], [ 125.968815973518446, 34.310583881208046 ], [ 125.970434828273596, 34.313602991033093 ], [ 125.968029673019032, 34.319000401349783 ] ] ], [ [ [ 125.977477231504835, 34.330604239920163 ], [ 125.979920209516308, 34.329288793019195 ], [ 125.98020049150351, 34.325635002598389 ], [ 125.975127838130376, 34.325974217621734 ], [ 125.977477231504835, 34.330604239920163 ] ] ], [ [ [ 125.98070697558606, 34.329087664660243 ], [ 125.980633504425555, 34.329270474306405 ], [ 125.981040795855407, 34.329262294252366 ], [ 125.98070697558606, 34.329087664660243 ] ] ], [ [ [ 125.984895496185302, 34.330835951264802 ], [ 125.984421707239392, 34.330734402180987 ], [ 125.984598676486357, 34.330959866940475 ], [ 125.984895496185302, 34.330835951264802 ] ] ], [ [ [ 125.991510986707596, 34.338041317607335 ], [ 125.996094805625106, 34.337599126871844 ], [ 125.992983047655287, 34.336890547688682 ], [ 125.991510986707596, 34.338041317607335 ] ] ], [ [ [ 125.978854079261311, 34.343382982840737 ], [ 125.978886777339241, 34.343528213767527 ], [ 125.978960870425865, 34.343403011874265 ], [ 125.978854079261311, 34.343382982840737 ] ] ], [ [ [ 125.971803543470998, 34.345266408159461 ], [ 125.976275121295345, 34.343723843570096 ], [ 125.973226553583572, 34.343615088861704 ], [ 125.971803543470998, 34.345266408159461 ] ] ], [ [ [ 125.958903849365313, 34.344591888816154 ], [ 125.958395218144389, 34.344915133278647 ], [ 125.958649616119175, 34.345097178702346 ], [ 125.958903849365313, 34.344591888816154 ] ] ], [ [ [ 125.98658493658786, 34.353831589818924 ], [ 125.988667382072123, 34.348118776715509 ], [ 125.983301979976119, 34.352146895642854 ], [ 125.98658493658786, 34.353831589818924 ] ] ], [ [ [ 125.98872036187926, 34.35407433103633 ], [ 125.988321943479136, 34.354192384135082 ], [ 125.98859547986234, 34.354306414829352 ], [ 125.98872036187926, 34.35407433103633 ] ] ], [ [ [ 125.96393800579385, 34.369068908843175 ], [ 125.963015754986699, 34.371095479566307 ], [ 125.965069084050754, 34.37247532157879 ], [ 125.962387241489822, 34.375074238161545 ], [ 125.964724446129722, 34.37657899821145 ], [ 125.967264527235329, 34.374809543317198 ], [ 125.97114487931357, 34.375857680918983 ], [ 125.964616426072993, 34.380535446268553 ], [ 125.970584072204716, 34.37922158241507 ], [ 125.972130719362497, 34.371664258962454 ], [ 125.969374045216725, 34.366751995009913 ], [ 125.961937291310974, 34.363203668359525 ], [ 125.962203041240301, 34.368925648295509 ], [ 125.96393800579385, 34.369068908843175 ] ] ], [ [ [ 125.991012396752652, 34.420634769468521 ], [ 125.991067526161856, 34.419936458275266 ], [ 125.990449159826866, 34.420304768310061 ], [ 125.991012396752652, 34.420634769468521 ] ] ], [ [ [ 125.988410225644699, 34.42321558854151 ], [ 125.986345951422038, 34.42401970579489 ], [ 125.989941138958656, 34.424127309551359 ], [ 125.988410225644699, 34.42321558854151 ] ] ], [ [ [ 125.982567871502894, 34.427659308922252 ], [ 125.983010710474005, 34.427655731873656 ], [ 125.983408061308211, 34.427494667587268 ], [ 125.982567871502894, 34.427659308922252 ] ] ], [ [ [ 125.976090100835037, 34.441096402189451 ], [ 125.977619039169596, 34.441241521772781 ], [ 125.97619123534092, 34.440808420755197 ], [ 125.976090100835037, 34.441096402189451 ] ] ], [ [ [ 125.975550207427489, 34.441755842556972 ], [ 125.975576420796784, 34.441523273685277 ], [ 125.975187375391258, 34.441502927524958 ], [ 125.975550207427489, 34.441755842556972 ] ] ], [ [ [ 125.978828680014757, 34.44266019432024 ], [ 125.980243743419379, 34.443899072057057 ], [ 125.980589479449577, 34.443169465075073 ], [ 125.978828680014757, 34.44266019432024 ] ] ], [ [ [ 125.984149180268744, 34.454127105583765 ], [ 125.984296899032088, 34.453735095462378 ], [ 125.984182925267547, 34.45366939007819 ], [ 125.984149180268744, 34.454127105583765 ] ] ], [ [ [ 125.984201572262592, 34.457542947513922 ], [ 125.986206618873481, 34.455785743292388 ], [ 125.985246267820855, 34.454685898622969 ], [ 125.984201572262592, 34.457542947513922 ] ] ], [ [ [ 125.9863844008173, 34.46362160159692 ], [ 125.991240478454955, 34.463540759220329 ], [ 125.991450280450181, 34.461518499917375 ], [ 125.9861428573914, 34.461672088463978 ], [ 125.9863844008173, 34.46362160159692 ] ] ], [ [ [ 126.035533782916403, 34.22096044671941 ], [ 126.035784415744615, 34.21983921785386 ], [ 126.03521108880166, 34.219680392989069 ], [ 126.035533782916403, 34.22096044671941 ] ] ], [ [ [ 126.037397674268163, 34.224237517978921 ], [ 126.036191202516349, 34.223472896205251 ], [ 126.035898395252175, 34.224626091989897 ], [ 126.037397674268163, 34.224237517978921 ] ] ], [ [ [ 126.00297920536994, 34.25229217979782 ], [ 126.001043093780723, 34.253995303978549 ], [ 126.001402742867214, 34.254179805993765 ], [ 126.00297920536994, 34.25229217979782 ] ] ], [ [ [ 126.019302421391501, 34.254185178079503 ], [ 126.019004665374354, 34.253857850192361 ], [ 126.018881383784432, 34.254068943986958 ], [ 126.019302421391501, 34.254185178079503 ] ] ], [ [ [ 126.01287523942149, 34.263341121308727 ], [ 126.011250090803244, 34.262354532118856 ], [ 126.010694115806714, 34.263854891176969 ], [ 126.01287523942149, 34.263341121308727 ] ] ], [ [ [ 126.00892742206841, 34.265327411917383 ], [ 126.007911863834735, 34.26475319001198 ], [ 126.007241278075924, 34.265807689753345 ], [ 126.00892742206841, 34.265327411917383 ] ] ], [ [ [ 126.024928804551351, 34.265269651785268 ], [ 126.024871825874584, 34.265480873752438 ], [ 126.02502599474893, 34.265266441665979 ], [ 126.024928804551351, 34.265269651785268 ] ] ], [ [ [ 126.025172665983021, 34.266095482502706 ], [ 126.025701237474308, 34.266360567738964 ], [ 126.025290851506014, 34.265963894207147 ], [ 126.025172665983021, 34.266095482502706 ] ] ], [ [ [ 126.022885976784792, 34.285158333073639 ], [ 126.022964166062906, 34.285278559952054 ], [ 126.022982624675194, 34.285187968795569 ], [ 126.022885976784792, 34.285158333073639 ] ] ], [ [ [ 126.010993268498979, 34.288169481972162 ], [ 126.010827546517476, 34.288223364214595 ], [ 126.011101356155109, 34.288199652201527 ], [ 126.010993268498979, 34.288169481972162 ] ] ], [ [ [ 126.006059081034238, 34.291789482772501 ], [ 126.006226461483479, 34.290302476595521 ], [ 126.005435487510454, 34.291127081194844 ], [ 126.006059081034238, 34.291789482772501 ] ] ], [ [ [ 126.011613958750189, 34.304999946330952 ], [ 126.01178936412407, 34.304913257458843 ], [ 126.011801773782864, 34.304786003389388 ], [ 126.011613958750189, 34.304999946330952 ] ] ], [ [ [ 126.012713889816752, 34.306542813316504 ], [ 126.013705898829713, 34.305176636559189 ], [ 126.012004031834721, 34.305135472664901 ], [ 126.012713889816752, 34.306542813316504 ] ] ], [ [ [ 126.022319332694252, 34.307499137291416 ], [ 126.022191470027849, 34.306742570414066 ], [ 126.021870141183712, 34.307344574344349 ], [ 126.022319332694252, 34.307499137291416 ] ] ], [ [ [ 125.999244503859487, 34.314744979868657 ], [ 125.998566697979058, 34.31693007636833 ], [ 126.004424969599611, 34.315247552701479 ], [ 126.016184041241686, 34.31784081829182 ], [ 126.017258256871841, 34.312937799884196 ], [ 126.019259393348406, 34.311931385657282 ], [ 126.018481855065431, 34.310331165072945 ], [ 126.016480671203013, 34.311872539303316 ], [ 126.010254123341056, 34.311455595171317 ], [ 126.005036060401935, 34.305744857860809 ], [ 126.006542361157543, 34.312438713112336 ], [ 125.997642629453139, 34.313872296389363 ], [ 125.999244503859487, 34.314744979868657 ] ] ], [ [ [ 126.024538427483222, 34.321180821668172 ], [ 126.025926654648146, 34.324567915923318 ], [ 126.027201217311699, 34.324215965383331 ], [ 126.026445137616278, 34.322157390790764 ], [ 126.024538427483222, 34.321180821668172 ] ] ], [ [ [ 125.994872241021625, 34.327258899763194 ], [ 125.9955051198029, 34.335324259496709 ], [ 125.998548324939293, 34.335096334196955 ], [ 125.998556700200837, 34.337742575309029 ], [ 125.996609798852646, 34.337814702178385 ], [ 125.997895033835093, 34.339057040206164 ], [ 126.000199939940217, 34.338249030249315 ], [ 125.999576011682478, 34.336795425480844 ], [ 126.006777608066031, 34.333752584130679 ], [ 126.015994840969256, 34.332188197664735 ], [ 126.017080915720015, 34.333641832124677 ], [ 126.011331030944504, 34.338867837681697 ], [ 126.018081342151135, 34.33998241071302 ], [ 126.018479712377399, 34.338487129856297 ], [ 126.021984840676154, 34.336349489606889 ], [ 126.021839496448962, 34.33835657414285 ], [ 126.025892985349742, 34.339831697536169 ], [ 126.026899439298575, 34.342475857607987 ], [ 126.031063374487132, 34.338682911906346 ], [ 126.045903053527411, 34.334486704985515 ], [ 126.043239081507622, 34.3326579794578 ], [ 126.053223954284491, 34.33187798539803 ], [ 126.060424129404495, 34.32113011112579 ], [ 126.056745663620418, 34.319912938340288 ], [ 126.051354459512197, 34.325001665569076 ], [ 126.046353905699945, 34.32246984239373 ], [ 126.046581589066122, 34.32055992151885 ], [ 126.04516048490278, 34.320867013408197 ], [ 126.04590337011301, 34.322294443121002 ], [ 126.04093118747852, 34.323348159539421 ], [ 126.038568289111467, 34.322355617915179 ], [ 126.038468862956719, 34.325110468620053 ], [ 126.045753275156173, 34.322456124913842 ], [ 126.046619731776133, 34.323891139823431 ], [ 126.038901168371908, 34.32772927150954 ], [ 126.037700468045827, 34.330297011467245 ], [ 126.033737230553186, 34.324637711007142 ], [ 126.030852868320082, 34.32862247723402 ], [ 126.028910003162451, 34.327994749749848 ], [ 126.023622103967185, 34.330606381572267 ], [ 126.021522451853073, 34.328271329851454 ], [ 126.023096500677937, 34.326043274849837 ], [ 126.020646478128086, 34.322782722359662 ], [ 126.01557600902035, 34.324149217690916 ], [ 126.010598138277587, 34.321269364837157 ], [ 126.000343461751925, 34.325523253572193 ], [ 125.996717962885086, 34.324914713448649 ], [ 125.996504888133373, 34.327213155707561 ], [ 125.994872241021625, 34.327258899763194 ] ] ], [ [ [ 126.02161814827133, 34.339295704849889 ], [ 126.020862203942656, 34.339875536743754 ], [ 126.02173843008687, 34.339425156806307 ], [ 126.02161814827133, 34.339295704849889 ] ] ], [ [ [ 125.997755784303621, 34.340734632762505 ], [ 125.998797889471092, 34.34063375522063 ], [ 125.998968931084903, 34.34026453449664 ], [ 125.997755784303621, 34.340734632762505 ] ] ], [ [ [ 126.014840970785414, 34.344225981316015 ], [ 126.014510733833021, 34.343806761673413 ], [ 126.014547001276938, 34.344199904748493 ], [ 126.014840970785414, 34.344225981316015 ] ] ], [ [ [ 126.012652392430581, 34.347461042385362 ], [ 126.021803038974411, 34.350134377322874 ], [ 126.019535216524801, 34.35249481268329 ], [ 126.01815249294269, 34.350831419511316 ], [ 126.016717034693357, 34.354648579686476 ], [ 126.014916683319328, 34.353764931239681 ], [ 126.015681877984932, 34.355957844216199 ], [ 126.013060484199613, 34.356589817885393 ], [ 126.013995692720584, 34.358942547101222 ], [ 126.012955850821811, 34.360190848781102 ], [ 126.014462714428063, 34.360383481234102 ], [ 126.019516673278787, 34.358128456339912 ], [ 126.019274692857636, 34.356612751837559 ], [ 126.022366674025918, 34.357173046887077 ], [ 126.023352039584211, 34.353002084033228 ], [ 126.022010420209085, 34.351397889260596 ], [ 126.02518416078702, 34.348290887276498 ], [ 126.026243652579183, 34.343696344144725 ], [ 126.019525981598207, 34.342538643479187 ], [ 126.019070498793681, 34.344167240345698 ], [ 126.014702888208504, 34.344527333311966 ], [ 126.014596713081275, 34.347257240726798 ], [ 126.012652392430581, 34.347461042385362 ] ] ], [ [ [ 126.01378892441231, 34.355482175680017 ], [ 126.012676680166479, 34.354534841387917 ], [ 126.012562163784949, 34.355926888272876 ], [ 126.01378892441231, 34.355482175680017 ] ] ], [ [ [ 126.012355933112559, 34.360131223573561 ], [ 126.011636827869125, 34.360128160679594 ], [ 126.011599075428322, 34.360300279814879 ], [ 126.012355933112559, 34.360131223573561 ] ] ], [ [ [ 126.01072288032546, 34.360609330267927 ], [ 126.010236949804124, 34.360170504692391 ], [ 126.009939264502364, 34.360636257466979 ], [ 126.01072288032546, 34.360609330267927 ] ] ], [ [ [ 126.011403087465453, 34.360246286134576 ], [ 126.011172049237132, 34.360565261237298 ], [ 126.01158424778302, 34.360213487999289 ], [ 126.011403087465453, 34.360246286134576 ] ] ], [ [ [ 126.021388032909698, 34.363893848803691 ], [ 126.022069432446216, 34.362863340129564 ], [ 126.021009812219077, 34.363943490313311 ], [ 126.021388032909698, 34.363893848803691 ] ] ], [ [ [ 126.004631102549141, 34.380148757566936 ], [ 126.005575461128373, 34.375805097840093 ], [ 126.004214920579102, 34.374914052556619 ], [ 126.002981866573762, 34.376020274328042 ], [ 126.004631102549141, 34.380148757566936 ] ] ], [ [ [ 126.015294566727349, 34.384233481652899 ], [ 126.016031209952388, 34.385557193737903 ], [ 126.017713926574999, 34.383211848101254 ], [ 126.015294566727349, 34.384233481652899 ] ] ], [ [ [ 126.034571380698566, 34.393177239994422 ], [ 126.036058051226206, 34.397851526007706 ], [ 126.034300830685567, 34.400198613877187 ], [ 126.035501149270729, 34.400972049993115 ], [ 126.036191443516259, 34.399292724530525 ], [ 126.038990937013367, 34.398666836405305 ], [ 126.040855977982744, 34.393844959715032 ], [ 126.035269240854134, 34.394556275269885 ], [ 126.034571380698566, 34.393177239994422 ] ] ], [ [ [ 126.014907824584569, 34.400287048077921 ], [ 126.014967043050376, 34.400034596503147 ], [ 126.014684898900981, 34.400300998167552 ], [ 126.014907824584569, 34.400287048077921 ] ] ], [ [ [ 126.009701291706065, 34.404171423835358 ], [ 126.010917121907397, 34.401300242936614 ], [ 126.013055116573142, 34.400329750053835 ], [ 126.011158987491541, 34.396723653366195 ], [ 126.008516428350376, 34.399814663382955 ], [ 126.009701291706065, 34.404171423835358 ] ] ], [ [ [ 126.006856033669919, 34.425237893755039 ], [ 126.006959247529295, 34.425205569990389 ], [ 126.006841417762402, 34.425160370464155 ], [ 126.006856033669919, 34.425237893755039 ] ] ], [ [ [ 126.005872508364277, 34.424909340158116 ], [ 126.005054512093537, 34.426650160205782 ], [ 126.008027117533715, 34.427349599052143 ], [ 126.005872508364277, 34.424909340158116 ] ] ], [ [ [ 126.000934008287487, 34.452631971507074 ], [ 125.998327108155578, 34.452695334468032 ], [ 125.997769195875719, 34.454251383609154 ], [ 125.999194408606769, 34.454786983263503 ], [ 126.000934008287487, 34.452631971507074 ] ] ], [ [ [ 126.02712710006189, 34.456987965607972 ], [ 126.025741520392103, 34.458355146540825 ], [ 126.026576720844218, 34.459703127276072 ], [ 126.02769506536589, 34.458046610335337 ], [ 126.02712710006189, 34.456987965607972 ] ] ], [ [ [ 126.036292371056604, 34.461370801701101 ], [ 126.036396974796062, 34.461038078038719 ], [ 126.036147071556584, 34.461399374048305 ], [ 126.036292371056604, 34.461370801701101 ] ] ], [ [ [ 126.035961724047013, 34.461551700270299 ], [ 126.035832542096514, 34.461601032843085 ], [ 126.035801916276498, 34.461668261609582 ], [ 126.035961724047013, 34.461551700270299 ] ] ], [ [ [ 126.058119576422982, 34.218551026348436 ], [ 126.058550404002816, 34.218224796295949 ], [ 126.058124973634591, 34.218066746328113 ], [ 126.058119576422982, 34.218551026348436 ] ] ], [ [ [ 126.058767732273537, 34.220439974702437 ], [ 126.058438651340481, 34.221003888350992 ], [ 126.058963634079419, 34.220941387644629 ], [ 126.058767732273537, 34.220439974702437 ] ] ], [ [ [ 126.088410550905834, 34.227669604352592 ], [ 126.087648770138074, 34.22848489962562 ], [ 126.086485241946036, 34.229120454966647 ], [ 126.087866583668955, 34.228849085719965 ], [ 126.088410550905834, 34.227669604352592 ] ] ], [ [ [ 126.077119857996692, 34.235648524460537 ], [ 126.077287935819399, 34.230966512815726 ], [ 126.074614692440051, 34.230250041396218 ], [ 126.073004026110922, 34.233982682388898 ], [ 126.074722300771356, 34.236402573305782 ], [ 126.077119857996692, 34.235648524460537 ] ] ], [ [ [ 126.066573559991141, 34.240353537941019 ], [ 126.068801563069002, 34.239842472929432 ], [ 126.067925221383007, 34.237710264359713 ], [ 126.066358628759147, 34.238421847392246 ], [ 126.066573559991141, 34.240353537941019 ] ] ], [ [ [ 126.024143266171663, 34.232091611677156 ], [ 126.025641212502563, 34.238472355271995 ], [ 126.031357644072386, 34.235581377093453 ], [ 126.036687490489669, 34.238950160343997 ], [ 126.039650772573182, 34.238527341471247 ], [ 126.041416060692029, 34.235455944396065 ], [ 126.044344838808627, 34.236571399104633 ], [ 126.044111307249239, 34.239324517824627 ], [ 126.046005489684717, 34.240612672573505 ], [ 126.045745771575028, 34.239417289004685 ], [ 126.04810841445034, 34.238354857045969 ], [ 126.05155877689208, 34.242433233454072 ], [ 126.054136159059482, 34.24191324350474 ], [ 126.053100513051831, 34.243516300479442 ], [ 126.054441147389269, 34.247167760011237 ], [ 126.048427765432379, 34.25316030546 ], [ 126.049318302912226, 34.254101092921871 ], [ 126.05350164386212, 34.249540267574311 ], [ 126.056731729092903, 34.249945464762781 ], [ 126.058204626817812, 34.248628003910412 ], [ 126.062242703646533, 34.249814286650427 ], [ 126.061821185247865, 34.245447755734432 ], [ 126.065065315904519, 34.240282687254954 ], [ 126.064383272841184, 34.240430488449462 ], [ 126.062796968158054, 34.23935299911772 ], [ 126.060893199133986, 34.239259417398074 ], [ 126.059945349338875, 34.238776233782879 ], [ 126.059362317744586, 34.238683702542446 ], [ 126.05931341060564, 34.238596833019891 ], [ 126.06120562919746, 34.235437606575125 ], [ 126.060504063425455, 34.23198556954668 ], [ 126.055810176764254, 34.232357765544634 ], [ 126.0576237801898, 34.225004441081538 ], [ 126.043129812417021, 34.232772964035526 ], [ 126.039489684852114, 34.230478906251754 ], [ 126.040336292901628, 34.227634397432041 ], [ 126.037570365576826, 34.224415757062914 ], [ 126.034716381163719, 34.22623447004667 ], [ 126.034068243686491, 34.232060943180123 ], [ 126.025539870994692, 34.232110729681665 ], [ 126.025404096922387, 34.230608384334097 ], [ 126.024143266171663, 34.232091611677156 ] ] ], [ [ [ 126.082056972767461, 34.24241424821534 ], [ 126.082101160766385, 34.242822737077468 ], [ 126.082299381587049, 34.242485900754126 ], [ 126.082056972767461, 34.24241424821534 ] ] ], [ [ [ 126.077074638647957, 34.247643862481233 ], [ 126.086794782525601, 34.248453116707182 ], [ 126.089288447601703, 34.247095913801935 ], [ 126.086930383264161, 34.247387787947133 ], [ 126.087627529733439, 34.244128662837177 ], [ 126.082196181778414, 34.244591242456131 ], [ 126.079955877943718, 34.242917628623765 ], [ 126.077074638647957, 34.247643862481233 ] ] ], [ [ [ 126.073582204794405, 34.245692885035488 ], [ 126.073695388788053, 34.246062063562881 ], [ 126.073841123429531, 34.245575790102038 ], [ 126.073582204794405, 34.245692885035488 ] ] ], [ [ [ 126.09925784002796, 34.248588052258242 ], [ 126.09906307940237, 34.248480500447826 ], [ 126.098886082984706, 34.24863185793 ], [ 126.09925784002796, 34.248588052258242 ] ] ], [ [ [ 126.062381126077213, 34.25162003941626 ], [ 126.063346816863501, 34.250484147973872 ], [ 126.062914279791627, 34.250054246840278 ], [ 126.062381126077213, 34.25162003941626 ] ] ], [ [ [ 126.048937910253642, 34.261220435124208 ], [ 126.054589767699341, 34.259413145007485 ], [ 126.054898859770702, 34.257379523966051 ], [ 126.048758876244747, 34.256957917252485 ], [ 126.048937910253642, 34.261220435124208 ] ] ], [ [ [ 126.092177386215781, 34.26905494785084 ], [ 126.091788352891712, 34.268265262088974 ], [ 126.091265199535059, 34.269092141068029 ], [ 126.092177386215781, 34.26905494785084 ] ] ], [ [ [ 126.056054266968246, 34.271908248124873 ], [ 126.055747873902533, 34.269578606484984 ], [ 126.053596760132635, 34.271582038767754 ], [ 126.054662695474931, 34.27228810090417 ], [ 126.056054266968246, 34.271908248124873 ] ] ], [ [ [ 126.09386196553686, 34.273524933092645 ], [ 126.093477927317053, 34.273611800441707 ], [ 126.093777315825534, 34.273721569316912 ], [ 126.09386196553686, 34.273524933092645 ] ] ], [ [ [ 126.093881057627442, 34.274785924688203 ], [ 126.093779542401492, 34.274584475378326 ], [ 126.093622418748026, 34.274697335341877 ], [ 126.093881057627442, 34.274785924688203 ] ] ], [ [ [ 126.074516349618932, 34.28024058681369 ], [ 126.074455969992087, 34.280434553049972 ], [ 126.074513963865144, 34.280457933395454 ], [ 126.074516349618932, 34.28024058681369 ] ] ], [ [ [ 126.016482760453457, 34.295791277199143 ], [ 126.019766431576855, 34.298254684063672 ], [ 126.018495271116691, 34.299902192654677 ], [ 126.022370021717208, 34.302876885648296 ], [ 126.024151381275885, 34.302405353139889 ], [ 126.025529928385566, 34.299103130498423 ], [ 126.028058984899644, 34.303131323220313 ], [ 126.033201933814837, 34.304813832237208 ], [ 126.033161260685816, 34.307509555512326 ], [ 126.027473950879681, 34.307556128606102 ], [ 126.021955157898887, 34.30995722688894 ], [ 126.024468250683242, 34.312785374200772 ], [ 126.026762478259158, 34.312517355553815 ], [ 126.029074880770295, 34.309704756180281 ], [ 126.034192055097947, 34.311206436987909 ], [ 126.035113299164507, 34.312949020845657 ], [ 126.029963991990044, 34.316864272547946 ], [ 126.035272270767038, 34.317879706164511 ], [ 126.037133647623818, 34.315818482786185 ], [ 126.038733148443157, 34.31894660571777 ], [ 126.042589034876372, 34.315884745950726 ], [ 126.046029214366783, 34.30831423023119 ], [ 126.053365998300009, 34.306336149022677 ], [ 126.052060425014957, 34.305011898082611 ], [ 126.053678821232126, 34.303860251260865 ], [ 126.058719087414516, 34.305759695807069 ], [ 126.060422176278436, 34.304041607225415 ], [ 126.066576251241827, 34.305079483393634 ], [ 126.067847373085044, 34.30776002708587 ], [ 126.070308635896126, 34.306461723157916 ], [ 126.080806458531313, 34.307122671239405 ], [ 126.087907026853713, 34.311341076869667 ], [ 126.087245960465779, 34.306930634088872 ], [ 126.0892018684536, 34.305284086910575 ], [ 126.08647061686105, 34.304606957343601 ], [ 126.085223644024779, 34.29962282772091 ], [ 126.088131987035609, 34.296682625535411 ], [ 126.087203902606007, 34.291506788030262 ], [ 126.090702400948629, 34.291272684857432 ], [ 126.092502297717417, 34.28811762515631 ], [ 126.088852915105306, 34.285584104769242 ], [ 126.091282758809541, 34.281763580345839 ], [ 126.09056335500685, 34.280229469017065 ], [ 126.09544628541056, 34.276063078864659 ], [ 126.092022555317897, 34.277214718941835 ], [ 126.086744439986816, 34.282130491054382 ], [ 126.084566114912434, 34.28006003269099 ], [ 126.079935947815997, 34.281447843313671 ], [ 126.081347919617869, 34.284308288970429 ], [ 126.075477257529201, 34.285287665546392 ], [ 126.072466494843823, 34.283425353195859 ], [ 126.07383800725043, 34.280876568511829 ], [ 126.069984707507928, 34.281557280661509 ], [ 126.070636944176556, 34.278596287058953 ], [ 126.068521067170465, 34.27774590557641 ], [ 126.067670972463901, 34.273804927086118 ], [ 126.067349725252768, 34.277489222298563 ], [ 126.061888478586638, 34.278489803290405 ], [ 126.065999574091222, 34.288766076564258 ], [ 126.061635271793762, 34.289535449600272 ], [ 126.060003526488771, 34.285588601262354 ], [ 126.056422725793368, 34.288544387542615 ], [ 126.052530340715748, 34.287164349036921 ], [ 126.052444869516876, 34.285350875883267 ], [ 126.058728522069728, 34.278158866907901 ], [ 126.058311482176734, 34.275913811544321 ], [ 126.055516610161675, 34.274605970506258 ], [ 126.053147074921071, 34.275960210567902 ], [ 126.049070180654724, 34.284448749141944 ], [ 126.044426399263159, 34.282195835081971 ], [ 126.040367445904735, 34.283772280555077 ], [ 126.038455087958127, 34.286305207885498 ], [ 126.033672334318524, 34.282801674681515 ], [ 126.033087247871791, 34.285017815298929 ], [ 126.028684320566356, 34.284272737519295 ], [ 126.02621756077319, 34.286182691842114 ], [ 126.023901864673761, 34.28580802027772 ], [ 126.02403518205881, 34.287849393598201 ], [ 126.028716862923602, 34.289673131031499 ], [ 126.02750036232068, 34.292992829964845 ], [ 126.024081155672917, 34.295827695526597 ], [ 126.01602311014139, 34.292012096099519 ], [ 126.016482760453457, 34.295791277199143 ] ] ], [ [ [ 126.0961595634666, 34.301786673353554 ], [ 126.096986216074612, 34.302054304720585 ], [ 126.096315164354834, 34.3015245572739 ], [ 126.0961595634666, 34.301786673353554 ] ] ], [ [ [ 126.097147248978203, 34.302084826294994 ], [ 126.097089800178736, 34.30212009929744 ], [ 126.097154680154276, 34.302117134689865 ], [ 126.097147248978203, 34.302084826294994 ] ] ], [ [ [ 126.088029024362172, 34.304579166398888 ], [ 126.0882821543061, 34.304559319703493 ], [ 126.088027943770825, 34.304536502228927 ], [ 126.088029024362172, 34.304579166398888 ] ] ], [ [ [ 126.060943062821238, 34.308051726820622 ], [ 126.061353385135988, 34.307921860319041 ], [ 126.060843153884591, 34.307899860989991 ], [ 126.060943062821238, 34.308051726820622 ] ] ], [ [ [ 126.04419457174329, 34.321942440661189 ], [ 126.044062662361171, 34.322455235314756 ], [ 126.044354465848556, 34.32220980216713 ], [ 126.04419457174329, 34.321942440661189 ] ] ], [ [ [ 126.048108329805657, 34.333609321056507 ], [ 126.049345821853706, 34.333415062559141 ], [ 126.049391560785054, 34.333304217549284 ], [ 126.049090650151896, 34.333021577672746 ], [ 126.048108329805657, 34.333609321056507 ] ] ], [ [ [ 126.042197788600348, 34.378194382688307 ], [ 126.043963656653958, 34.375257585487141 ], [ 126.04387871096317, 34.374437390303335 ], [ 126.041774338871633, 34.376754426763888 ], [ 126.042197788600348, 34.378194382688307 ] ] ], [ [ [ 126.040507239253174, 34.380261193171592 ], [ 126.03829552388008, 34.381354676774386 ], [ 126.037901397677359, 34.382588498673634 ], [ 126.041101108071715, 34.382614712874457 ], [ 126.040507239253174, 34.380261193171592 ] ] ], [ [ [ 126.041078516856885, 34.405312965154565 ], [ 126.039958570625004, 34.406347147995611 ], [ 126.047199543236317, 34.404452273241091 ], [ 126.050810481600706, 34.400980902501537 ], [ 126.050573286130813, 34.396949458463453 ], [ 126.05422568207365, 34.393048961806862 ], [ 126.051459506654538, 34.392275685520325 ], [ 126.045630457395916, 34.396255576662071 ], [ 126.04615106677096, 34.396954620808614 ], [ 126.046247113721847, 34.39764636475865 ], [ 126.045433531045589, 34.395943903895542 ], [ 126.043036351000126, 34.396605562128542 ], [ 126.038852149204715, 34.404055772138726 ], [ 126.041078516856885, 34.405312965154565 ] ] ], [ [ [ 126.041573930735879, 34.456740011007881 ], [ 126.042473152960739, 34.456939104664841 ], [ 126.041820136083103, 34.455956677705835 ], [ 126.041573930735879, 34.456740011007881 ] ] ], [ [ [ 126.050157280503072, 34.462134758788622 ], [ 126.050580405770916, 34.46219183791532 ], [ 126.050548919943324, 34.462108446667628 ], [ 126.050157280503072, 34.462134758788622 ] ] ], [ [ [ 126.032535995496772, 34.483371077738724 ], [ 126.034125930694245, 34.479790125171021 ], [ 126.03973917444992, 34.47847250053335 ], [ 126.045231703268016, 34.488878135214932 ], [ 126.044978123142485, 34.491622778641009 ], [ 126.051838887922173, 34.492190799980605 ], [ 126.046808982541506, 34.495765814937357 ], [ 126.051793432613863, 34.496133262094133 ], [ 126.054547266034092, 34.498098285738919 ], [ 126.057519231418979, 34.496914429190625 ], [ 126.058699666393139, 34.492351279227648 ], [ 126.063639060645755, 34.492699505559322 ], [ 126.064937229471099, 34.490964394191366 ], [ 126.064145458093705, 34.489091187514347 ], [ 126.059662001410317, 34.488919316149151 ], [ 126.058909552226581, 34.483633034822098 ], [ 126.05508155639393, 34.483403628377097 ], [ 126.054382325769197, 34.481536420591858 ], [ 126.057917993070362, 34.479202250018361 ], [ 126.061188685885128, 34.479371744109642 ], [ 126.066242589096731, 34.483684680439595 ], [ 126.070363618895158, 34.481671878143118 ], [ 126.064671890053177, 34.478482043151388 ], [ 126.065374847394622, 34.475226812928945 ], [ 126.063245329740013, 34.476705315954433 ], [ 126.05749495667618, 34.472971958980217 ], [ 126.052841669452491, 34.472942326124112 ], [ 126.052225777298744, 34.469817866282071 ], [ 126.050651353194468, 34.469351579923114 ], [ 126.053147192893263, 34.467698820408863 ], [ 126.04942319095791, 34.467908838776829 ], [ 126.049426579114751, 34.466033467822569 ], [ 126.046922168787802, 34.465696974586329 ], [ 126.047432548540385, 34.462718716507354 ], [ 126.042122803185464, 34.459444961119104 ], [ 126.040787381328485, 34.46211148937703 ], [ 126.035599796697142, 34.463003764901472 ], [ 126.038211480634885, 34.463098917815344 ], [ 126.039645235120688, 34.464381476552532 ], [ 126.039019154337979, 34.465998287711166 ], [ 126.041042444293097, 34.466136224443048 ], [ 126.042789899629895, 34.469259468192348 ], [ 126.040596227536099, 34.470431548358178 ], [ 126.04105728891426, 34.474026698637303 ], [ 126.03929174835028, 34.475910714854848 ], [ 126.035382706773859, 34.476915582665725 ], [ 126.03248939253767, 34.480064594049857 ], [ 126.032535995496772, 34.483371077738724 ] ] ], [ [ [ 126.074672567387083, 34.486963178516419 ], [ 126.074944653497255, 34.487037417598756 ], [ 126.074939236208806, 34.486895277970447 ], [ 126.074672567387083, 34.486963178516419 ] ] ], [ [ [ 126.079739579431035, 34.491456736189647 ], [ 126.085308736542842, 34.493146061660241 ], [ 126.087557543725467, 34.489922494245825 ], [ 126.086569387474526, 34.487155651072996 ], [ 126.080973192811413, 34.485032862918523 ], [ 126.078135183478921, 34.487639053607005 ], [ 126.079739579431035, 34.491456736189647 ] ] ], [ [ [ 126.047062185625222, 34.494466592282983 ], [ 126.047519373912579, 34.494491182984852 ], [ 126.047151299097507, 34.494367033629359 ], [ 126.047062185625222, 34.494466592282983 ] ] ], [ [ [ 126.086367733717282, 34.515369245628314 ], [ 126.089429710511183, 34.516642775871681 ], [ 126.088943949601145, 34.51486741113952 ], [ 126.086367733717282, 34.515369245628314 ] ] ], [ [ [ 126.084328842709112, 34.517744599454716 ], [ 126.08487594849062, 34.517569442541721 ], [ 126.084113670657885, 34.517500405903526 ], [ 126.084328842709112, 34.517744599454716 ] ] ], [ [ [ 126.085506705940972, 34.519605794316462 ], [ 126.085232685886893, 34.518856138581086 ], [ 126.0845337936004, 34.51813061558768 ], [ 126.085506705940972, 34.519605794316462 ] ] ], [ [ [ 126.093559363950007, 34.519186448398948 ], [ 126.097495819476435, 34.520629780425956 ], [ 126.097494567506942, 34.517745072421754 ], [ 126.093559363950007, 34.519186448398948 ] ] ], [ [ [ 126.172320433890562, 34.219999735506221 ], [ 126.173775902936782, 34.220069133908801 ], [ 126.173747182872631, 34.219712421977171 ], [ 126.172320433890562, 34.219999735506221 ] ] ], [ [ [ 126.149196857668983, 34.221435121138313 ], [ 126.149614054910543, 34.220866729931046 ], [ 126.1492688930784, 34.220821900715002 ], [ 126.149196857668983, 34.221435121138313 ] ] ], [ [ [ 126.160066744761252, 34.223095652218021 ], [ 126.165114385812075, 34.224735671611029 ], [ 126.164256081796864, 34.222167935472051 ], [ 126.160066744761252, 34.223095652218021 ] ] ], [ [ [ 126.148687369626444, 34.226588010420755 ], [ 126.15295692338492, 34.224695482749794 ], [ 126.152912074954386, 34.223067177350018 ], [ 126.148687369626444, 34.226588010420755 ] ] ], [ [ [ 126.165142822185771, 34.225773109862722 ], [ 126.164994522592167, 34.225991468266209 ], [ 126.165220012822942, 34.225937142582616 ], [ 126.165142822185771, 34.225773109862722 ] ] ], [ [ [ 126.162404290764528, 34.228352450647634 ], [ 126.164490572045693, 34.22747249637726 ], [ 126.162113471116299, 34.227804763635895 ], [ 126.162404290764528, 34.228352450647634 ] ] ], [ [ [ 126.170856458662328, 34.231586404958257 ], [ 126.170701452867206, 34.231807275800989 ], [ 126.170948169282966, 34.231639499890342 ], [ 126.170856458662328, 34.231586404958257 ] ] ], [ [ [ 126.181957128494446, 34.237374109896557 ], [ 126.183185899839259, 34.236481083099115 ], [ 126.180977640388534, 34.237744730038202 ], [ 126.181957128494446, 34.237374109896557 ] ] ], [ [ [ 126.174226817487195, 34.24107800773622 ], [ 126.177112774687032, 34.240287763646393 ], [ 126.177760507911415, 34.236809995663528 ], [ 126.171789788794214, 34.238964827954142 ], [ 126.174226817487195, 34.24107800773622 ] ] ], [ [ [ 126.151187741074182, 34.249756214111329 ], [ 126.151503163187243, 34.249410692653463 ], [ 126.150868512779468, 34.249689960655694 ], [ 126.151187741074182, 34.249756214111329 ] ] ], [ [ [ 126.174240607261098, 34.244336765062307 ], [ 126.176948808190573, 34.253486135132313 ], [ 126.184039933066998, 34.261461047054169 ], [ 126.186032409236503, 34.258234417044754 ], [ 126.186195195579259, 34.253273917809253 ], [ 126.182137608907468, 34.253765755713147 ], [ 126.182779341513054, 34.250828720065357 ], [ 126.179714444083928, 34.248122591352832 ], [ 126.179345801098037, 34.24222522841572 ], [ 126.175155616493271, 34.241965137036736 ], [ 126.174240607261098, 34.244336765062307 ] ] ], [ [ [ 126.156791288304433, 34.254846373941803 ], [ 126.155076840443726, 34.254456615940917 ], [ 126.155727897850724, 34.255740684819699 ], [ 126.156791288304433, 34.254846373941803 ] ] ], [ [ [ 126.115239372779598, 34.25766980276088 ], [ 126.115922801228052, 34.257589779787047 ], [ 126.116231384611496, 34.257305266560373 ], [ 126.115239372779598, 34.25766980276088 ] ] ], [ [ [ 126.109911322697172, 34.261164837678116 ], [ 126.109933195446843, 34.26182903915214 ], [ 126.110240476117127, 34.261259647516702 ], [ 126.109911322697172, 34.261164837678116 ] ] ], [ [ [ 126.144569296305406, 34.265275722364088 ], [ 126.151455442495632, 34.264171449284362 ], [ 126.151665979168698, 34.261369882639023 ], [ 126.155754959358617, 34.258543703160043 ], [ 126.151471445606958, 34.259754485098448 ], [ 126.144569296305406, 34.265275722364088 ] ] ], [ [ [ 126.172581948596886, 34.264149785640882 ], [ 126.176673530138558, 34.263263977011043 ], [ 126.177845041354402, 34.261671539393838 ], [ 126.173772471383799, 34.262591924897315 ], [ 126.172581948596886, 34.264149785640882 ] ] ], [ [ [ 126.11163361499473, 34.263873554335674 ], [ 126.111765802157265, 34.263367440569532 ], [ 126.111329273201491, 34.263594969966334 ], [ 126.11163361499473, 34.263873554335674 ] ] ], [ [ [ 126.127893602754284, 34.266345604866167 ], [ 126.12758726298955, 34.265759661262706 ], [ 126.127343758580636, 34.266317886894257 ], [ 126.127893602754284, 34.266345604866167 ] ] ], [ [ [ 126.096667140205184, 34.270754141783257 ], [ 126.101727976936843, 34.266478580884844 ], [ 126.108715555403322, 34.268737539319872 ], [ 126.107881157101318, 34.266279785985198 ], [ 126.111054995380371, 34.262671554407866 ], [ 126.10112051932488, 34.263316543295012 ], [ 126.096667140205184, 34.270754141783257 ] ] ], [ [ [ 126.167590007077777, 34.267583888202417 ], [ 126.168460196391649, 34.267426560876117 ], [ 126.167751686851901, 34.267192802312188 ], [ 126.167590007077777, 34.267583888202417 ] ] ], [ [ [ 126.124760542020041, 34.268683859063273 ], [ 126.126751693553757, 34.269751669743016 ], [ 126.127748968005392, 34.266678290277781 ], [ 126.124760542020041, 34.268683859063273 ] ] ], [ [ [ 126.122580564781359, 34.277442302962299 ], [ 126.122000466109839, 34.277869898470165 ], [ 126.122794755442641, 34.277647556628629 ], [ 126.122580564781359, 34.277442302962299 ] ] ], [ [ [ 126.13012736904399, 34.31966018151715 ], [ 126.130894042110484, 34.320033880542219 ], [ 126.130849391110942, 34.31954428801005 ], [ 126.13012736904399, 34.31966018151715 ] ] ], [ [ [ 126.125333750285208, 34.320584444958797 ], [ 126.125817002645064, 34.320613844039386 ], [ 126.125490482670259, 34.320399580717996 ], [ 126.125333750285208, 34.320584444958797 ] ] ], [ [ [ 126.171318093907942, 34.323842938173499 ], [ 126.167566609411509, 34.325828539328427 ], [ 126.167721911837461, 34.326415002906593 ], [ 126.171318093907942, 34.323842938173499 ] ] ], [ [ [ 126.123702053525989, 34.329587962123028 ], [ 126.122686805740756, 34.326424806262438 ], [ 126.120065742432374, 34.328795182269637 ], [ 126.123702053525989, 34.329587962123028 ] ] ], [ [ [ 126.107738568536547, 34.344210549245723 ], [ 126.109486383046686, 34.34785288712996 ], [ 126.109153318774943, 34.350148497409002 ], [ 126.112810058388447, 34.343071608599409 ], [ 126.10776239813049, 34.336889458160293 ], [ 126.108295581000746, 34.340375037779381 ], [ 126.110476071915897, 34.342500039645223 ], [ 126.107738568536547, 34.344210549245723 ] ] ], [ [ [ 126.101662835263255, 34.493787040039862 ], [ 126.10612073381472, 34.494287048838757 ], [ 126.109529152259327, 34.4898398507015 ], [ 126.102266485504956, 34.491526014930422 ], [ 126.101662835263255, 34.493787040039862 ] ] ], [ [ [ 126.121841906787324, 34.511119364672531 ], [ 126.121795129031199, 34.510858934302185 ], [ 126.121478327607164, 34.510866874925107 ], [ 126.121841906787324, 34.511119364672531 ] ] ], [ [ [ 126.122689465689021, 34.511870228968796 ], [ 126.123965684144707, 34.511712433252491 ], [ 126.122535891549205, 34.511281015666576 ], [ 126.122689465689021, 34.511870228968796 ] ] ], [ [ [ 126.125173126769056, 34.512985456999033 ], [ 126.126591556830235, 34.514222679480596 ], [ 126.126936332865768, 34.513492651093941 ], [ 126.125173126769056, 34.512985456999033 ] ] ], [ [ [ 126.105440734813925, 34.529127747457039 ], [ 126.104872842649101, 34.531331714981839 ], [ 126.106976355822383, 34.528962380682117 ], [ 126.104537032725332, 34.527117400818113 ], [ 126.102561992051179, 34.529555388988001 ], [ 126.105440734813925, 34.529127747457039 ] ] ], [ [ [ 126.104335892441128, 34.532026913332885 ], [ 126.104526446234388, 34.532344229253411 ], [ 126.104371269239422, 34.53169689728918 ], [ 126.104335892441128, 34.532026913332885 ] ] ] ] } }
]
}
