{
"type": "FeatureCollection",
"name": "46910",
"crs": { "type": "name", "properties": { "name": "urn:ogc:def:crs:OGC:1.3:CRS84" } },
"features": [
{ "type": "Feature", "properties": { "emd_cd": "46910250", "emd_nm": "지도읍" }, "geometry": { "type": "MultiPolygon", "coordinates": [ [ [ [ 126.189721826348872, 35.003179161279327 ], [ 126.190381417504895, 35.00293496053186 ], [ 126.18960443725021, 35.003129541350781 ], [ 126.189721826348872, 35.003179161279327 ] ] ], [ [ [ 126.190599272600366, 35.008688832917272 ], [ 126.192331250789508, 35.008412013283085 ], [ 126.190631784879542, 35.007725349369373 ], [ 126.190599272600366, 35.008688832917272 ] ] ], [ [ [ 126.186264905475781, 35.008787929041688 ], [ 126.18724909903932, 35.008416104596449 ], [ 126.186856128742875, 35.00810703778739 ], [ 126.186264905475781, 35.008787929041688 ] ] ], [ [ [ 126.105679563677555, 35.02560821973924 ], [ 126.109973768843659, 35.026104054960648 ], [ 126.110318447897882, 35.028193504562239 ], [ 126.112140816275684, 35.027295558453218 ], [ 126.11089334985337, 35.024765074774798 ], [ 126.10810567357457, 35.024207381098648 ], [ 126.105679563677555, 35.02560821973924 ] ] ], [ [ [ 126.128622469751932, 35.048063831677169 ], [ 126.129924035791106, 35.051722178548822 ], [ 126.133555393615453, 35.051263797176674 ], [ 126.135693218170545, 35.053875817032143 ], [ 126.135353890789688, 35.056272593888664 ], [ 126.136216262417079, 35.055556643543028 ], [ 126.137256458300129, 35.057395433994905 ], [ 126.140591970880308, 35.055040437071447 ], [ 126.142895980469063, 35.056087413818808 ], [ 126.144720601290174, 35.057535715903143 ], [ 126.144500885952155, 35.059750753103415 ], [ 126.15402063041472, 35.053134206561275 ], [ 126.154436860697871, 35.056379453051427 ], [ 126.158587716769986, 35.053642693942884 ], [ 126.160924060068695, 35.055656625372301 ], [ 126.166633450726053, 35.056265215108041 ], [ 126.166174004561228, 35.055026256813477 ], [ 126.168680716707854, 35.054874471075216 ], [ 126.16914940501546, 35.056180660218693 ], [ 126.176748445461854, 35.050791008276398 ], [ 126.180003527919538, 35.052065122358691 ], [ 126.18142893033712, 35.049040291182408 ], [ 126.180406817559842, 35.047600970759973 ], [ 126.185581782458968, 35.042511582683908 ], [ 126.1886671834243, 35.041800743743401 ], [ 126.1923038896349, 35.044933430983313 ], [ 126.200843253621514, 35.039119794210933 ], [ 126.200121221820211, 35.034667733896526 ], [ 126.198095902584058, 35.033741643476681 ], [ 126.194930337807008, 35.028057347757994 ], [ 126.197438225532451, 35.027280148533492 ], [ 126.195857263745708, 35.02504170571936 ], [ 126.197431812848976, 35.018323045031551 ], [ 126.193516062012108, 35.017326456988918 ], [ 126.192403888152725, 35.01940000928316 ], [ 126.188747478829526, 35.01874957982826 ], [ 126.189493287004495, 35.021012131232226 ], [ 126.188557566388397, 35.01984619892314 ], [ 126.183929912802398, 35.021672767131193 ], [ 126.186462464700867, 35.023359384672389 ], [ 126.182263428361793, 35.02754789239588 ], [ 126.178488755309161, 35.025700886365968 ], [ 126.170378782749069, 35.027248098125526 ], [ 126.171131477700285, 35.02550307050263 ], [ 126.169437124861076, 35.024714537164712 ], [ 126.16572960316509, 35.029219824882922 ], [ 126.167243081632861, 35.030328106960134 ], [ 126.16725176259267, 35.03387721208999 ], [ 126.163045695517553, 35.035632922628814 ], [ 126.162798923379, 35.033327222118707 ], [ 126.160331883383591, 35.03253454455632 ], [ 126.158632888692296, 35.037051111755744 ], [ 126.157300420020263, 35.033452302850101 ], [ 126.150425351336906, 35.033595366598256 ], [ 126.148464255090374, 35.031121582688215 ], [ 126.148880545749535, 35.033694585477683 ], [ 126.146801450722265, 35.037829504870508 ], [ 126.140473720164607, 35.041818047885123 ], [ 126.134048519324338, 35.041802237393043 ], [ 126.133831152561896, 35.042897816647773 ], [ 126.13800696723176, 35.044808530923028 ], [ 126.136799960265549, 35.047388418597379 ], [ 126.128622469751932, 35.048063831677169 ] ] ], [ [ [ 126.12557391454439, 35.039023290755232 ], [ 126.130770713367539, 35.040852133462174 ], [ 126.128860317976432, 35.038714979451186 ], [ 126.126724448821349, 35.039410836369733 ], [ 126.125527530398244, 35.038098536742616 ], [ 126.12557391454439, 35.039023290755232 ] ] ], [ [ [ 126.130963231875796, 35.04112830508484 ], [ 126.132713096365876, 35.041118727386483 ], [ 126.132605546388106, 35.039536400537315 ], [ 126.130963231875796, 35.04112830508484 ] ] ], [ [ [ 126.126469304497931, 35.046991363442771 ], [ 126.127059881128972, 35.047476510227426 ], [ 126.126942254435249, 35.046943000610078 ], [ 126.126469304497931, 35.046991363442771 ] ] ], [ [ [ 126.127680506956935, 35.047808274101413 ], [ 126.127946396261052, 35.048013628962423 ], [ 126.128105067892989, 35.047932236001785 ], [ 126.127680506956935, 35.047808274101413 ] ] ], [ [ [ 126.192313312605094, 35.049077332663842 ], [ 126.192073536388421, 35.0485957068163 ], [ 126.191722291154818, 35.048828784081977 ], [ 126.192313312605094, 35.049077332663842 ] ] ], [ [ [ 126.150781998724753, 35.065016302208278 ], [ 126.154635367699044, 35.061691497717653 ], [ 126.154459193559305, 35.061128132165052 ], [ 126.153281503957047, 35.060564023281451 ], [ 126.149383626251293, 35.064492402665124 ], [ 126.150781998724753, 35.065016302208278 ] ] ], [ [ [ 126.15509071098073, 35.069501096907167 ], [ 126.156781492967696, 35.074551680331687 ], [ 126.156567069812994, 35.071367172795341 ], [ 126.15509071098073, 35.069501096907167 ] ] ], [ [ [ 126.147212629668644, 35.078364411669355 ], [ 126.150273084378867, 35.074529749609468 ], [ 126.149664428228448, 35.073298555399163 ], [ 126.145240918543806, 35.078040197472596 ], [ 126.147212629668644, 35.078364411669355 ] ] ], [ [ [ 126.1536767435407, 35.077523966549734 ], [ 126.15619968444247, 35.080479243954379 ], [ 126.157606719739491, 35.077843225274592 ], [ 126.155025818263752, 35.075856360371276 ], [ 126.1536767435407, 35.077523966549734 ] ] ], [ [ [ 126.153945441038047, 35.084219713450359 ], [ 126.155888132228114, 35.084331789839446 ], [ 126.155303864818379, 35.082971760126625 ], [ 126.153945441038047, 35.084219713450359 ] ] ], [ [ [ 126.158893483025764, 35.115959192795678 ], [ 126.158166778489701, 35.115600044284839 ], [ 126.158264299561765, 35.116222539329385 ], [ 126.158893483025764, 35.115959192795678 ] ] ], [ [ [ 126.187135589346255, 35.116446011854876 ], [ 126.186441632633844, 35.117275186083425 ], [ 126.18742818219576, 35.117183344623712 ], [ 126.187135589346255, 35.116446011854876 ] ] ], [ [ [ 126.193515076394959, 35.118608454136407 ], [ 126.191474274962204, 35.118506784194842 ], [ 126.190269976692122, 35.120216466656466 ], [ 126.191103472093985, 35.120525672209183 ], [ 126.193515076394959, 35.118608454136407 ] ] ], [ [ [ 126.19559168967902, 35.006848017870034 ], [ 126.199265249178652, 35.011790147788602 ], [ 126.200534727229851, 35.009548680882489 ], [ 126.199574490126849, 35.008349247484304 ], [ 126.201443544260201, 35.00767410474328 ], [ 126.203010035892845, 35.005504213680048 ], [ 126.198176409952481, 35.007157149220305 ], [ 126.196771644084734, 35.006101535553299 ], [ 126.19559168967902, 35.006848017870034 ] ] ], [ [ [ 126.21152191999974, 35.009513849559092 ], [ 126.212274058386583, 35.010025956776474 ], [ 126.214658876933967, 35.010265566814894 ], [ 126.21488879169344, 35.010173226593714 ], [ 126.21152191999974, 35.009513849559092 ] ] ], [ [ [ 126.190504913717604, 35.014403442762415 ], [ 126.19589244845811, 35.014947784417416 ], [ 126.195864735440622, 35.011005233189579 ], [ 126.19116193938207, 35.009845933807178 ], [ 126.190504913717604, 35.014403442762415 ] ] ], [ [ [ 126.199941126853631, 35.013264436995918 ], [ 126.198813405958006, 35.01251985575751 ], [ 126.199604641882374, 35.014235839046677 ], [ 126.199941126853631, 35.013264436995918 ] ] ], [ [ [ 126.199631607152781, 35.018798481851675 ], [ 126.199564513197814, 35.018210064340899 ], [ 126.198990162901154, 35.01856094757531 ], [ 126.199631607152781, 35.018798481851675 ] ] ], [ [ [ 126.211951810647534, 35.03098535265778 ], [ 126.211479680284597, 35.03158821760028 ], [ 126.212063614876556, 35.031742208319571 ], [ 126.211951810647534, 35.03098535265778 ] ] ], [ [ [ 126.212930034882532, 35.031746317879978 ], [ 126.213649282490593, 35.031264416697169 ], [ 126.212786733561131, 35.031326694404214 ], [ 126.212930034882532, 35.031746317879978 ] ] ], [ [ [ 126.210560811955929, 35.034287398852598 ], [ 126.211927221535888, 35.03478556385987 ], [ 126.211488833296698, 35.034100285733345 ], [ 126.210560811955929, 35.034287398852598 ] ] ], [ [ [ 126.194169769533488, 35.048865536068753 ], [ 126.193926285043815, 35.049026932074071 ], [ 126.194239858107679, 35.048948303749761 ], [ 126.194169769533488, 35.048865536068753 ] ] ], [ [ [ 126.195953290986921, 35.049264019877299 ], [ 126.195303620370566, 35.049338815529005 ], [ 126.19564591638354, 35.049678019300345 ], [ 126.195953290986921, 35.049264019877299 ] ] ], [ [ [ 126.211786495333499, 35.053181128187774 ], [ 126.211426600921868, 35.052554083965354 ], [ 126.21165894913652, 35.053271495581022 ], [ 126.211786495333499, 35.053181128187774 ] ] ], [ [ [ 126.200419698373793, 35.115946112355068 ], [ 126.202567425881497, 35.119978325927214 ], [ 126.205223593240248, 35.12141954322891 ], [ 126.210002531916345, 35.114270927396504 ], [ 126.20751649206882, 35.111340576542133 ], [ 126.202996327126442, 35.11119885486071 ], [ 126.200419698373793, 35.115946112355068 ] ] ], [ [ [ 126.205143200335144, 35.122674603896307 ], [ 126.205316249996017, 35.122446406206286 ], [ 126.205098451901833, 35.122457116444949 ], [ 126.205143200335144, 35.122674603896307 ] ] ], [ [ [ 126.200126580708471, 35.128069672699382 ], [ 126.20937102229459, 35.126417406094667 ], [ 126.207438086119581, 35.125200186381257 ], [ 126.208042780520287, 35.122700611935066 ], [ 126.204038546397896, 35.123563948793802 ], [ 126.200126580708471, 35.128069672699382 ] ] ], [ [ [ 126.197654314883252, 35.130503068326817 ], [ 126.198294344189534, 35.129450990431849 ], [ 126.198001835437211, 35.129349923691457 ], [ 126.197654314883252, 35.130503068326817 ] ] ], [ [ [ 126.192890413084328, 35.131044283416593 ], [ 126.193428816719305, 35.131635873191492 ], [ 126.193702444057863, 35.131263817319898 ], [ 126.192890413084328, 35.131044283416593 ] ] ], [ [ [ 126.197928641100305, 35.132107043077447 ], [ 126.197873917149479, 35.131736045169625 ], [ 126.197741620698139, 35.131766407989147 ], [ 126.197928641100305, 35.132107043077447 ] ] ], [ [ [ 126.181964857762893, 35.130226895429132 ], [ 126.182243788669624, 35.134292538982344 ], [ 126.184976819721584, 35.134707691425959 ], [ 126.185976344325837, 35.136530305482104 ], [ 126.18348478264565, 35.142360505667263 ], [ 126.190380009323164, 35.144554042661603 ], [ 126.192627352829561, 35.1437624397796 ], [ 126.194437624673583, 35.146212099369876 ], [ 126.198839549837174, 35.1474902028381 ], [ 126.200847979716542, 35.147497468019047 ], [ 126.203717002859122, 35.144565329513306 ], [ 126.201890572900425, 35.142634440259599 ], [ 126.201747638192018, 35.135490640831641 ], [ 126.195937057722972, 35.138919872574242 ], [ 126.192024998614016, 35.136244149988201 ], [ 126.190946644307971, 35.133402566965707 ], [ 126.192582200902663, 35.132742175849444 ], [ 126.188441802741735, 35.131651762839539 ], [ 126.188342104619537, 35.130368144572394 ], [ 126.185634804844227, 35.131537342510086 ], [ 126.181964857762893, 35.130226895429132 ] ] ], [ [ [ 126.244810515986899, 34.967609103618543 ], [ 126.24495469180556, 34.967326534390594 ], [ 126.2447126747591, 34.967414504277208 ], [ 126.244810515986899, 34.967609103618543 ] ] ], [ [ [ 126.246009626343053, 34.978945147775178 ], [ 126.250497865665992, 34.981417882000791 ], [ 126.250177311635582, 34.991069969716612 ], [ 126.251731435360824, 34.992149220122705 ], [ 126.250765918115619, 34.996165484307127 ], [ 126.252855638117566, 34.997383566882874 ], [ 126.253373037583202, 34.999931037497689 ], [ 126.25036463712938, 35.001879535394664 ], [ 126.249610307460472, 35.005176630907989 ], [ 126.246773781555973, 35.006316174587283 ], [ 126.248159628128164, 35.00719433266304 ], [ 126.256920394886848, 35.004882650337983 ], [ 126.260200486402312, 35.006245105318584 ], [ 126.265268489445177, 35.000858262367331 ], [ 126.265161490233254, 34.994402017525438 ], [ 126.270122754416022, 34.993457378511835 ], [ 126.270458359871867, 34.990682463523513 ], [ 126.267079852183969, 34.986283442132283 ], [ 126.271028367353708, 34.981961888677169 ], [ 126.270545930092382, 34.97628948508757 ], [ 126.264345549108356, 34.975315437164646 ], [ 126.261191772768086, 34.976763678860564 ], [ 126.255891040114861, 34.973565934924423 ], [ 126.250825965711684, 34.974838823783323 ], [ 126.249145638472015, 34.973405718446223 ], [ 126.244637836715924, 34.976255672523379 ], [ 126.246009626343053, 34.978945147775178 ] ] ], [ [ [ 126.232107305830169, 34.995837748408654 ], [ 126.232601539695764, 34.996238708351171 ], [ 126.232538409571063, 34.995815349795876 ], [ 126.232107305830169, 34.995837748408654 ] ] ], [ [ [ 126.2263299515228, 35.001236753009216 ], [ 126.232768326966891, 35.001179812454673 ], [ 126.233840429276469, 35.002465998969122 ], [ 126.232649185539671, 35.00081961773158 ], [ 126.233493637279992, 34.996951995795058 ], [ 126.22673693005656, 34.997036050780949 ], [ 126.2263299515228, 35.001236753009216 ] ] ], [ [ [ 126.235239670125424, 35.001837295559341 ], [ 126.235238779306542, 35.002621464306735 ], [ 126.235392447210955, 35.002691829008462 ], [ 126.235239670125424, 35.001837295559341 ] ] ], [ [ [ 126.262984860970178, 35.015747149218811 ], [ 126.262603789560004, 35.015470432272096 ], [ 126.262956970802023, 35.016039224186414 ], [ 126.262984860970178, 35.015747149218811 ] ] ], [ [ [ 126.260568563404874, 35.018900550674289 ], [ 126.262015596910814, 35.018828433710183 ], [ 126.260445846055475, 35.017380433046796 ], [ 126.260568563404874, 35.018900550674289 ] ] ], [ [ [ 126.263467439648025, 35.01906588815784 ], [ 126.264148947079548, 35.019675871955563 ], [ 126.263687498327513, 35.018719692663304 ], [ 126.263467439648025, 35.01906588815784 ] ] ], [ [ [ 126.214980633087663, 35.027979900521316 ], [ 126.21491260843321, 35.02884928415515 ], [ 126.215368700277352, 35.028477541363735 ], [ 126.214980633087663, 35.027979900521316 ] ] ], [ [ [ 126.21402245401579, 35.029052866942678 ], [ 126.212894338772941, 35.030026303572981 ], [ 126.213939950971266, 35.030255004240146 ], [ 126.21402245401579, 35.029052866942678 ] ] ], [ [ [ 126.213025108433087, 35.035243662107348 ], [ 126.214263217409894, 35.03613782874617 ], [ 126.214993822773295, 35.03521030651369 ], [ 126.214492981726124, 35.034413543735965 ], [ 126.213025108433087, 35.035243662107348 ] ] ], [ [ [ 126.217720587754187, 35.037384033857165 ], [ 126.221251601016519, 35.037492028224079 ], [ 126.22120215625516, 35.033467903680389 ], [ 126.217720587754187, 35.037384033857165 ] ] ], [ [ [ 126.224768420712181, 35.039716157068661 ], [ 126.22584702463881, 35.040423751677906 ], [ 126.225912415299433, 35.039801278112698 ], [ 126.224768420712181, 35.039716157068661 ] ] ], [ [ [ 126.157475710269239, 35.090240422546486 ], [ 126.158959962866547, 35.098858981591093 ], [ 126.166091592673055, 35.101160614076022 ], [ 126.167830544921415, 35.104079263627561 ], [ 126.172732134362732, 35.105992310469645 ], [ 126.178027864857043, 35.103870580909089 ], [ 126.18156222491973, 35.1088614500472 ], [ 126.190369538342992, 35.112605574589587 ], [ 126.203310133184431, 35.107573836126306 ], [ 126.21144195460063, 35.101935341389705 ], [ 126.211838795613588, 35.10537894626119 ], [ 126.217970533817379, 35.106584744309394 ], [ 126.222134477804175, 35.104492491544924 ], [ 126.222703732590432, 35.105884356482207 ], [ 126.232585204738243, 35.09818821848544 ], [ 126.236093177003852, 35.101477491786547 ], [ 126.24831265543726, 35.097033698550625 ], [ 126.24894444349566, 35.091519012226144 ], [ 126.244858993503897, 35.084961595246035 ], [ 126.244594210431529, 35.077127271676524 ], [ 126.260978770929597, 35.065481000094032 ], [ 126.262066146503656, 35.056739800637963 ], [ 126.261836361123244, 35.053717365431346 ], [ 126.259968435550974, 35.053335249768629 ], [ 126.260477575047148, 35.050087779091513 ], [ 126.264122321113916, 35.042364262681517 ], [ 126.273325236910992, 35.038450800047734 ], [ 126.274505164173732, 35.034487492340368 ], [ 126.266376820281295, 35.029304478267299 ], [ 126.265415679319048, 35.027372372628783 ], [ 126.266828114938889, 35.024377294428582 ], [ 126.262904974522073, 35.019932647571949 ], [ 126.256184004238079, 35.02141151811891 ], [ 126.25663824357278, 35.016430261517741 ], [ 126.255267458216352, 35.015422903876804 ], [ 126.256522924508104, 35.013843960738662 ], [ 126.254617539538657, 35.012451799331444 ], [ 126.252352401777685, 35.013618897905715 ], [ 126.253737947137665, 35.01515685939632 ], [ 126.252607362611613, 35.014348662244167 ], [ 126.252279754741821, 35.01366209288895 ], [ 126.252350769732089, 35.012717646521544 ], [ 126.251858376610699, 35.011954273379622 ], [ 126.24899884511828, 35.011853458708146 ], [ 126.247263282196499, 35.013603383233352 ], [ 126.248441710914349, 35.014395125535437 ], [ 126.244188591222141, 35.027216495183751 ], [ 126.242627470597171, 35.027665664841443 ], [ 126.239130686062111, 35.021722415462136 ], [ 126.240610984245421, 35.019278740860223 ], [ 126.233566047765578, 35.017266390811926 ], [ 126.231696462472144, 35.020075386628655 ], [ 126.229301937533236, 35.017878908039272 ], [ 126.229428989166692, 35.020674126033313 ], [ 126.227598459933304, 35.019883155216831 ], [ 126.227106177406569, 35.022863463203869 ], [ 126.230043192209621, 35.023643749873457 ], [ 126.232182822532195, 35.026480419151078 ], [ 126.230951002163678, 35.026566326828579 ], [ 126.231208645009644, 35.028966957214948 ], [ 126.229116028060758, 35.029254634953986 ], [ 126.230765411043905, 35.030159246292939 ], [ 126.229032715184331, 35.031729955878845 ], [ 126.230956279423864, 35.035226612389053 ], [ 126.227752789150941, 35.038087223460543 ], [ 126.231923656955686, 35.042910671045149 ], [ 126.23528936171067, 35.044119986017428 ], [ 126.23273552788558, 35.053206873114227 ], [ 126.222543483431224, 35.057927392571358 ], [ 126.210919133677649, 35.056880799352321 ], [ 126.207034070743006, 35.05457689658369 ], [ 126.204770600012452, 35.057087977298657 ], [ 126.204327790757446, 35.054601571267796 ], [ 126.207533639615505, 35.052042975013471 ], [ 126.209836652955005, 35.045372226656831 ], [ 126.208076440567183, 35.043984723588522 ], [ 126.209577865088576, 35.040941469867214 ], [ 126.2054734071654, 35.039557544785154 ], [ 126.202678373626213, 35.043477049308805 ], [ 126.201554092405772, 35.04881136748287 ], [ 126.199570013688358, 35.051643584996434 ], [ 126.195354868170554, 35.052962532567335 ], [ 126.1941645590299, 35.056097344016457 ], [ 126.196800637057862, 35.057979042126497 ], [ 126.202120227586164, 35.058577257934068 ], [ 126.203809531438125, 35.056528483021573 ], [ 126.202412782156983, 35.061707741578701 ], [ 126.198856587350562, 35.063000877190206 ], [ 126.192537087449395, 35.061119450577564 ], [ 126.192775635772747, 35.064007286968952 ], [ 126.192279867333127, 35.060761273940997 ], [ 126.190641032501247, 35.060821807399982 ], [ 126.191239051901491, 35.059315034210847 ], [ 126.182253858160692, 35.057855301508262 ], [ 126.182383532096082, 35.06138008203822 ], [ 126.183689155322185, 35.061220917325493 ], [ 126.184720975105165, 35.06295503814691 ], [ 126.181766309787903, 35.061768679660027 ], [ 126.180656850021549, 35.063822922810076 ], [ 126.182328492787306, 35.064433214695931 ], [ 126.182871654489318, 35.065030213227224 ], [ 126.180367103425752, 35.063982742835364 ], [ 126.180964538396751, 35.067417992878156 ], [ 126.179434846548745, 35.066105646996292 ], [ 126.175414633123196, 35.066626655333287 ], [ 126.172820146428208, 35.0635735755924 ], [ 126.173412035572085, 35.066327899842072 ], [ 126.172283076081854, 35.06535623635213 ], [ 126.169452048777586, 35.066533392485802 ], [ 126.168688331452898, 35.068109129799318 ], [ 126.169709534288572, 35.068412414427556 ], [ 126.170278106223449, 35.069109023961715 ], [ 126.16897820948175, 35.068253161007277 ], [ 126.16883850586656, 35.069303816769029 ], [ 126.170503141025861, 35.070401007162424 ], [ 126.168820034182474, 35.069748462709867 ], [ 126.16858034995424, 35.072374793653026 ], [ 126.167297057726316, 35.072504212501755 ], [ 126.165229787767217, 35.067402565751763 ], [ 126.161565046436451, 35.066968328400769 ], [ 126.159823894905372, 35.072139193152232 ], [ 126.16330907069306, 35.073956250953962 ], [ 126.161440702026894, 35.075727614475745 ], [ 126.164160123490944, 35.078454123263207 ], [ 126.163279954760938, 35.079630944199842 ], [ 126.167202280522503, 35.079443579033367 ], [ 126.1685041164681, 35.080974121884715 ], [ 126.164687456493866, 35.084531817746452 ], [ 126.158369220342109, 35.087268666408761 ], [ 126.156400826370017, 35.090733247492096 ], [ 126.157475710269239, 35.090240422546486 ] ] ], [ [ [ 126.218670895821518, 35.114529342354402 ], [ 126.218415147219147, 35.114978960621229 ], [ 126.218832786734708, 35.114784410021187 ], [ 126.218670895821518, 35.114529342354402 ] ] ], [ [ [ 126.218749334481359, 35.127853199683578 ], [ 126.219307396120087, 35.127403378899196 ], [ 126.219075889463127, 35.126815785751198 ], [ 126.218749334481359, 35.127853199683578 ] ] ], [ [ [ 126.220002301077656, 35.133862960114456 ], [ 126.219992811339509, 35.132523847805423 ], [ 126.219488892302877, 35.132042162922545 ], [ 126.219186781999639, 35.132749731000921 ], [ 126.220002301077656, 35.133862960114456 ] ] ] ] } },
{ "type": "Feature", "properties": { "emd_cd": "46910253", "emd_nm": "압해읍" }, "geometry": { "type": "MultiPolygon", "coordinates": [ [ [ [ 126.220230037483958, 34.852248869466841 ], [ 126.223179755363404, 34.849438726667977 ], [ 126.221021863872451, 34.847889874179991 ], [ 126.213731712342508, 34.849950169925414 ], [ 126.220230037483958, 34.852248869466841 ] ] ], [ [ [ 126.219308016592208, 34.893083301221814 ], [ 126.220611078653135, 34.892759272553462 ], [ 126.222338024568145, 34.892609585083761 ], [ 126.2195641263977, 34.891430809026318 ], [ 126.219308016592208, 34.893083301221814 ] ] ], [ [ [ 126.226830623110146, 34.906631290067388 ], [ 126.228055756759844, 34.906957669539125 ], [ 126.228195877626405, 34.90649158271129 ], [ 126.226830623110146, 34.906631290067388 ] ] ], [ [ [ 126.254864632988884, 34.914104202971551 ], [ 126.253748217095875, 34.912999388033079 ], [ 126.252796873078267, 34.914141301694023 ], [ 126.253603089598826, 34.915133808731177 ], [ 126.254864632988884, 34.914104202971551 ] ] ], [ [ [ 126.257683756945994, 34.916858904010091 ], [ 126.258765424107025, 34.915802296790595 ], [ 126.257823431876702, 34.91561878765323 ], [ 126.257683756945994, 34.916858904010091 ] ] ], [ [ [ 126.257345656532451, 34.917866389018798 ], [ 126.257318788473128, 34.918366283120996 ], [ 126.257588782730323, 34.91792766485203 ], [ 126.257345656532451, 34.917866389018798 ] ] ], [ [ [ 126.20930736171448, 34.920333203843263 ], [ 126.211335802954494, 34.919340626238025 ], [ 126.210045239197399, 34.91753507854591 ], [ 126.208940930221729, 34.919137323981111 ], [ 126.20930736171448, 34.920333203843263 ] ] ], [ [ [ 126.21003369672151, 34.922566890885818 ], [ 126.210036112353123, 34.923118926297882 ], [ 126.210260058023536, 34.923048807587563 ], [ 126.21003369672151, 34.922566890885818 ] ] ], [ [ [ 126.259166023542974, 34.923806762578039 ], [ 126.259043900165281, 34.923149508709081 ], [ 126.258825254998428, 34.923503102525622 ], [ 126.259166023542974, 34.923806762578039 ] ] ], [ [ [ 126.21975662454193, 34.923400152519321 ], [ 126.227689976016109, 34.937535943895931 ], [ 126.237218731203868, 34.934561429513458 ], [ 126.238609714472048, 34.932824587405037 ], [ 126.243883666106512, 34.935612700213582 ], [ 126.251485811707937, 34.934958323518096 ], [ 126.254750426954615, 34.931422793657809 ], [ 126.250775583584812, 34.92458119425762 ], [ 126.252001782198406, 34.915845865033432 ], [ 126.249547324480446, 34.915298791851967 ], [ 126.248660965615869, 34.91764845939381 ], [ 126.241280011500123, 34.91572031687717 ], [ 126.238419009927853, 34.914128184813663 ], [ 126.239700000085008, 34.913261537611369 ], [ 126.236909088716516, 34.910035790796627 ], [ 126.232575039758217, 34.910369879429908 ], [ 126.223075196776605, 34.915468123198323 ], [ 126.219868157820272, 34.919010747975989 ], [ 126.21975662454193, 34.923400152519321 ] ] ], [ [ [ 126.258800644708842, 34.925386953992614 ], [ 126.259329487293272, 34.925158967203473 ], [ 126.25884872299288, 34.925073393257705 ], [ 126.258800644708842, 34.925386953992614 ] ] ], [ [ [ 126.256197753146651, 34.932809085987444 ], [ 126.255910526112459, 34.930951726724047 ], [ 126.255449623995545, 34.931023927280066 ], [ 126.256197753146651, 34.932809085987444 ] ] ], [ [ [ 126.245474625441886, 34.936715373579588 ], [ 126.245701805026314, 34.936750560843024 ], [ 126.245715796561683, 34.936584337892064 ], [ 126.245474625441886, 34.936715373579588 ] ] ], [ [ [ 126.252300255326531, 34.950976013595003 ], [ 126.255641733899608, 34.945058320106085 ], [ 126.253386016223516, 34.942694795880328 ], [ 126.250960056132726, 34.943422473480993 ], [ 126.252095263594114, 34.946535340201514 ], [ 126.25082030663765, 34.948761415424755 ], [ 126.252300255326531, 34.950976013595003 ] ] ], [ [ [ 126.230223514257474, 34.951118769844726 ], [ 126.2323571117158, 34.956094175611099 ], [ 126.237133132203283, 34.954179914080193 ], [ 126.238931824500824, 34.957635573440854 ], [ 126.241633736472167, 34.95437462941635 ], [ 126.24320865301037, 34.955353970328559 ], [ 126.250256412762823, 34.952894417211688 ], [ 126.24787016606119, 34.950260921458209 ], [ 126.247473604213752, 34.947145438590717 ], [ 126.240828556484942, 34.943904561870497 ], [ 126.233165067292049, 34.946698674068678 ], [ 126.233842450280548, 34.950159572493853 ], [ 126.230223514257474, 34.951118769844726 ] ] ], [ [ [ 126.229960540972428, 34.956261863200432 ], [ 126.229115097863144, 34.95414100735676 ], [ 126.227388051130234, 34.954505249044395 ], [ 126.228081171126391, 34.956217463454948 ], [ 126.229960540972428, 34.956261863200432 ] ] ], [ [ [ 126.245565236174329, 34.957502017106975 ], [ 126.245129091668488, 34.95691784574035 ], [ 126.244984210394705, 34.957122029365372 ], [ 126.245565236174329, 34.957502017106975 ] ] ], [ [ [ 126.236051614002761, 34.958329521284426 ], [ 126.235553042819632, 34.958637148248442 ], [ 126.235844628372249, 34.959018971229838 ], [ 126.236051614002761, 34.958329521284426 ] ] ], [ [ [ 126.254364842194434, 34.960758602117771 ], [ 126.254622567713426, 34.961501598471855 ], [ 126.254989564568987, 34.961216231332749 ], [ 126.254364842194434, 34.960758602117771 ] ] ], [ [ [ 126.239905969679086, 34.961262046129249 ], [ 126.238605943543448, 34.961856643125763 ], [ 126.23887218791667, 34.962325704138088 ], [ 126.239905969679086, 34.961262046129249 ] ] ], [ [ [ 126.255640192530009, 34.962315043653625 ], [ 126.255917878656064, 34.962087803678351 ], [ 126.255222506801104, 34.962035545237917 ], [ 126.255640192530009, 34.962315043653625 ] ] ], [ [ [ 126.252143340919844, 34.963195248011083 ], [ 126.2520193889398, 34.961563072308302 ], [ 126.251495757780603, 34.961948099860813 ], [ 126.252143340919844, 34.963195248011083 ] ] ], [ [ [ 126.237391048948354, 34.963797071096998 ], [ 126.237866258832824, 34.963521198136689 ], [ 126.237777057980921, 34.963458524896566 ], [ 126.237391048948354, 34.963797071096998 ] ] ], [ [ [ 126.236846506330195, 34.964882662085309 ], [ 126.237278816365929, 34.96488490510275 ], [ 126.236830422308145, 34.964543164438609 ], [ 126.236846506330195, 34.964882662085309 ] ] ], [ [ [ 126.28178935241651, 34.86764145740247 ], [ 126.283764233685403, 34.867723101962689 ], [ 126.281425507721195, 34.866673067891682 ], [ 126.28178935241651, 34.86764145740247 ] ] ], [ [ [ 126.278753205632697, 34.868866742444723 ], [ 126.28009047949142, 34.869304033182658 ], [ 126.280057520721058, 34.868522113231329 ], [ 126.278753205632697, 34.868866742444723 ] ] ], [ [ [ 126.278757072239785, 34.887109094698161 ], [ 126.278510266419232, 34.886134950066626 ], [ 126.278406416007584, 34.887058822572072 ], [ 126.278757072239785, 34.887109094698161 ] ] ], [ [ [ 126.25836176847335, 34.9031204159213 ], [ 126.262029917024876, 34.903681315301526 ], [ 126.263712688358112, 34.903097377469322 ], [ 126.25836176847335, 34.9031204159213 ] ] ], [ [ [ 126.276396949417006, 34.912256257827273 ], [ 126.275749300957287, 34.912457318050642 ], [ 126.276469207497897, 34.912615288313404 ], [ 126.276396949417006, 34.912256257827273 ] ] ], [ [ [ 126.276737454072219, 34.914528414655329 ], [ 126.275432877151147, 34.913102987562603 ], [ 126.274979305745603, 34.914307674654921 ], [ 126.276737454072219, 34.914528414655329 ] ] ], [ [ [ 126.280160235978997, 34.914237453554833 ], [ 126.28037185894452, 34.915041546930318 ], [ 126.28052941161269, 34.914194115967433 ], [ 126.280160235978997, 34.914237453554833 ] ] ], [ [ [ 126.287414553718634, 34.920850734010195 ], [ 126.291429613493946, 34.922975224512648 ], [ 126.29167786242671, 34.922804712188004 ], [ 126.287414553718634, 34.920850734010195 ] ] ], [ [ [ 126.262382260641047, 34.924200332298192 ], [ 126.262050398691159, 34.92456030999864 ], [ 126.262497512295667, 34.924709212768093 ], [ 126.262382260641047, 34.924200332298192 ] ] ], [ [ [ 126.274525691007241, 34.928811847350595 ], [ 126.275732851370094, 34.930537620375397 ], [ 126.277944248507495, 34.929804965461102 ], [ 126.276035220365898, 34.928789365691955 ], [ 126.275944556775741, 34.926563672883347 ], [ 126.274525691007241, 34.928811847350595 ] ] ], [ [ [ 126.277463799129734, 34.932890039214364 ], [ 126.27648964340537, 34.931670058811882 ], [ 126.273696356324351, 34.932494873532214 ], [ 126.275004367454613, 34.933879279981198 ], [ 126.277463799129734, 34.932890039214364 ] ] ], [ [ [ 126.281923514813471, 34.932945139282793 ], [ 126.281792333982352, 34.933126140345188 ], [ 126.281947791861597, 34.933095459187342 ], [ 126.281923514813471, 34.932945139282793 ] ] ], [ [ [ 126.280177358370949, 34.933262369007117 ], [ 126.279998980009381, 34.933101831822619 ], [ 126.280035596460309, 34.933295022072002 ], [ 126.280177358370949, 34.933262369007117 ] ] ], [ [ [ 126.2822739798724, 34.938561515568303 ], [ 126.282176592531798, 34.939005671335551 ], [ 126.282694938376068, 34.938646192818638 ], [ 126.2822739798724, 34.938561515568303 ] ] ], [ [ [ 126.270174428409632, 34.938934169370782 ], [ 126.269442972666582, 34.939636531263098 ], [ 126.269033815562111, 34.940766689118234 ], [ 126.269714588392077, 34.940814272829627 ], [ 126.270174428409632, 34.938934169370782 ] ] ], [ [ [ 126.279636589908364, 34.940209889541357 ], [ 126.278783650678108, 34.940175533946018 ], [ 126.278826408928538, 34.94050711994268 ], [ 126.279636589908364, 34.940209889541357 ] ] ], [ [ [ 126.273797872484039, 34.942822558282174 ], [ 126.274020225910832, 34.942487817232468 ], [ 126.27377009436205, 34.942426838487236 ], [ 126.273797872484039, 34.942822558282174 ] ] ], [ [ [ 126.27580608537238, 34.943567250124858 ], [ 126.276477057803959, 34.943839717352382 ], [ 126.276435412674203, 34.943508182468875 ], [ 126.27580608537238, 34.943567250124858 ] ] ], [ [ [ 126.274067437759882, 34.946734754515525 ], [ 126.277009111656795, 34.945593424865976 ], [ 126.275132587554012, 34.944132921951685 ], [ 126.272173259635423, 34.944570976012386 ], [ 126.274067437759882, 34.946734754515525 ] ] ], [ [ [ 126.277539421449063, 34.945789396156243 ], [ 126.278981628906948, 34.946089328309959 ], [ 126.278795914006892, 34.945442082933134 ], [ 126.277539421449063, 34.945789396156243 ] ] ], [ [ [ 126.269391299131001, 34.948616838469675 ], [ 126.269996385183106, 34.949067233387552 ], [ 126.270393922452499, 34.948436826394087 ], [ 126.269391299131001, 34.948616838469675 ] ] ], [ [ [ 126.264246969030509, 34.968811976252844 ], [ 126.266113111682316, 34.968869267497851 ], [ 126.27076377483688, 34.964452877034084 ], [ 126.274222879916593, 34.965493100584183 ], [ 126.272617167682384, 34.969540035681163 ], [ 126.274194151628848, 34.969767788773034 ], [ 126.274463003941932, 34.968338727677541 ], [ 126.27908584606007, 34.967209102461354 ], [ 126.280469855500542, 34.964651284973684 ], [ 126.288518434280334, 34.962639783805152 ], [ 126.290216203624681, 34.960208260137186 ], [ 126.288937335899703, 34.957861339294382 ], [ 126.294816629842742, 34.949809527775543 ], [ 126.296612434458211, 34.941065675223427 ], [ 126.300054477059632, 34.938258945808101 ], [ 126.296429740591151, 34.935057747994705 ], [ 126.298680404143781, 34.931907258756198 ], [ 126.295609088001754, 34.934202176921737 ], [ 126.291115427671059, 34.932446686888042 ], [ 126.282402268889953, 34.93382110598251 ], [ 126.280994328988328, 34.937213527061019 ], [ 126.28752188260502, 34.940528124146404 ], [ 126.288117075935702, 34.942167512021754 ], [ 126.279712419194496, 34.948817089416444 ], [ 126.276685949175487, 34.948012372631517 ], [ 126.276612649936396, 34.950721217863993 ], [ 126.268833845609819, 34.958756682488755 ], [ 126.269809755937104, 34.960282093019359 ], [ 126.268437368176336, 34.961516088762806 ], [ 126.266013830368934, 34.959795988076387 ], [ 126.268260896653089, 34.961659736709173 ], [ 126.265517024348512, 34.962807868455229 ], [ 126.263236144602089, 34.966273465019704 ], [ 126.264246969030509, 34.968811976252844 ] ] ], [ [ [ 126.257133617560442, 34.961526359082022 ], [ 126.263634772435523, 34.961822063517566 ], [ 126.266523838781637, 34.958553460707805 ], [ 126.264140913697346, 34.95275835350887 ], [ 126.262501100193447, 34.952046807581659 ], [ 126.257525107627472, 34.959163297658002 ], [ 126.257133617560442, 34.961526359082022 ] ] ], [ [ [ 126.273046011317092, 34.971421424454398 ], [ 126.273548934668582, 34.971353998724993 ], [ 126.273671991717066, 34.971141105552107 ], [ 126.273046011317092, 34.971421424454398 ] ] ], [ [ [ 126.347004515667905, 34.809784802566512 ], [ 126.349462581340092, 34.809547789216303 ], [ 126.350475659447881, 34.806428088059164 ], [ 126.347060473366511, 34.806918191171555 ], [ 126.347004515667905, 34.809784802566512 ] ] ], [ [ [ 126.334919005307981, 34.810054068395715 ], [ 126.333793536650631, 34.809706986410774 ], [ 126.333694615120635, 34.810427127954327 ], [ 126.334919005307981, 34.810054068395715 ] ] ], [ [ [ 126.337476435052977, 34.814228795443682 ], [ 126.339035872031531, 34.81251159276065 ], [ 126.340052367194147, 34.813606075504666 ], [ 126.341297253391886, 34.81081741447688 ], [ 126.338195633148757, 34.810219454409633 ], [ 126.333688752097729, 34.813980218620621 ], [ 126.337476435052977, 34.814228795443682 ] ] ], [ [ [ 126.359608866560905, 34.813820363668746 ], [ 126.35885893155492, 34.813546963779075 ], [ 126.358976167711774, 34.814242875827766 ], [ 126.359608866560905, 34.813820363668746 ] ] ], [ [ [ 126.361828883867119, 34.81798290684555 ], [ 126.361213763864953, 34.817736775741537 ], [ 126.361283813959503, 34.818450275385004 ], [ 126.361828883867119, 34.81798290684555 ] ] ], [ [ [ 126.315865546399394, 34.835604526862511 ], [ 126.31554775889056, 34.835441118206155 ], [ 126.315315768354026, 34.835559666548342 ], [ 126.315865546399394, 34.835604526862511 ] ] ], [ [ [ 126.303266265492397, 34.841127623866356 ], [ 126.308718028038726, 34.842799083311256 ], [ 126.308778144381847, 34.840357708120791 ], [ 126.305836399890254, 34.837765394982199 ], [ 126.303266265492397, 34.841127623866356 ] ] ], [ [ [ 126.310049999800768, 34.842579189095922 ], [ 126.311866438642184, 34.843768854134701 ], [ 126.311549786246374, 34.841389690516117 ], [ 126.310049999800768, 34.842579189095922 ] ] ], [ [ [ 126.292787232009672, 34.846583450329426 ], [ 126.291586173874023, 34.846047654596902 ], [ 126.292448039974474, 34.847229725910829 ], [ 126.292787232009672, 34.846583450329426 ] ] ], [ [ [ 126.303470393580952, 34.847475090318987 ], [ 126.305302198853823, 34.846900944975999 ], [ 126.304654233901033, 34.846867705865634 ], [ 126.303470393580952, 34.847475090318987 ] ] ], [ [ [ 126.367406506944207, 34.863195445589362 ], [ 126.366656849151553, 34.861234604515943 ], [ 126.36615593737146, 34.861397653525721 ], [ 126.367406506944207, 34.863195445589362 ] ] ], [ [ [ 126.369851405221411, 34.86246555682505 ], [ 126.370014440898629, 34.867918016039958 ], [ 126.371006821324826, 34.867990560785273 ], [ 126.3730887440028, 34.865906035376028 ], [ 126.369851405221411, 34.86246555682505 ] ] ], [ [ [ 126.230391547093348, 34.854480246931864 ], [ 126.228493589579955, 34.855408311983943 ], [ 126.231759694195773, 34.859226995963297 ], [ 126.232860617161819, 34.86471494754938 ], [ 126.236152648327334, 34.863893864927803 ], [ 126.236613748799925, 34.861686902848646 ], [ 126.241989662888017, 34.858975574754581 ], [ 126.262853492533026, 34.857305513708624 ], [ 126.269888998949725, 34.872807898404631 ], [ 126.273763138752997, 34.864163791566313 ], [ 126.282280473256804, 34.861693883044914 ], [ 126.284411628709321, 34.863350248077353 ], [ 126.285486595480265, 34.866626413128436 ], [ 126.284332494829584, 34.869887937610265 ], [ 126.281252769758126, 34.870381103893294 ], [ 126.278572860867513, 34.872989601786415 ], [ 126.278610164306514, 34.87810331344722 ], [ 126.28194577394855, 34.885363638196864 ], [ 126.279739844680989, 34.886041112434505 ], [ 126.280463384430576, 34.887117882426182 ], [ 126.286404218392548, 34.886920035532825 ], [ 126.288731784552823, 34.885303113799075 ], [ 126.289437002789754, 34.88215773794817 ], [ 126.292661407196661, 34.881231417106562 ], [ 126.29753984944837, 34.881928034942838 ], [ 126.299936248437135, 34.883363844292901 ], [ 126.299021460593906, 34.885166714355833 ], [ 126.304309252030578, 34.887383498335623 ], [ 126.303478790149086, 34.890962459516984 ], [ 126.301806603539234, 34.89154957324326 ], [ 126.302346455057346, 34.893505444390406 ], [ 126.298974887201098, 34.895600794542617 ], [ 126.298961993274759, 34.898040719152775 ], [ 126.297113307035218, 34.898359463361345 ], [ 126.295485838917031, 34.901512548516585 ], [ 126.291255294546573, 34.901083433989399 ], [ 126.280785852244136, 34.910543679155616 ], [ 126.288381732154718, 34.916756333866871 ], [ 126.290132196490845, 34.915265032500152 ], [ 126.29638810820137, 34.921915253265624 ], [ 126.29898945988711, 34.921769288860744 ], [ 126.303420726858391, 34.919068107186433 ], [ 126.305616034619746, 34.920362052709841 ], [ 126.306059962342133, 34.917252083083923 ], [ 126.303496577721006, 34.916135638582197 ], [ 126.303613081734625, 34.913482690702239 ], [ 126.309443641071113, 34.91483560391152 ], [ 126.307751860144876, 34.911829658990229 ], [ 126.312184005825571, 34.906956665143426 ], [ 126.314304220385111, 34.908424651526921 ], [ 126.317841500613525, 34.906271107217101 ], [ 126.321315060611795, 34.907615660983808 ], [ 126.31925792237675, 34.913109632498681 ], [ 126.322283324513364, 34.91091257028139 ], [ 126.325708492400807, 34.911296824296116 ], [ 126.328402891875825, 34.90897261174652 ], [ 126.335897581173157, 34.909289124227584 ], [ 126.343390137808754, 34.899513875605301 ], [ 126.351485578311838, 34.898561899737935 ], [ 126.350007630918142, 34.888146719186174 ], [ 126.34879996752943, 34.888393456366828 ], [ 126.348577072525046, 34.892274026846017 ], [ 126.347990579782874, 34.893111965584872 ], [ 126.342951385241449, 34.89472091126256 ], [ 126.341794463520571, 34.892947668403799 ], [ 126.337004032192368, 34.893528240666527 ], [ 126.335697345478039, 34.886979961669461 ], [ 126.332823568736885, 34.887091762764925 ], [ 126.333438657177794, 34.889162678089626 ], [ 126.331130755271531, 34.890694396714835 ], [ 126.327980083821416, 34.890270167608307 ], [ 126.326378812381151, 34.891719247748441 ], [ 126.325495131570392, 34.884743570633887 ], [ 126.329296283780636, 34.879434188647849 ], [ 126.326516670804395, 34.878927055580405 ], [ 126.325520444081363, 34.882037959163448 ], [ 126.319382977151307, 34.883931433739825 ], [ 126.315925119111853, 34.883335107939047 ], [ 126.316969213348273, 34.883128653845375 ], [ 126.315638319403746, 34.879882682473443 ], [ 126.312846775388536, 34.879053334650393 ], [ 126.313209679870653, 34.877547301299813 ], [ 126.325287361170268, 34.872982248959204 ], [ 126.320289403732332, 34.871473288153844 ], [ 126.320980009044362, 34.868348823596115 ], [ 126.319337836211844, 34.869388851518615 ], [ 126.320641142562195, 34.868058090212671 ], [ 126.314145393688705, 34.868780491104744 ], [ 126.314342929064622, 34.866624193002409 ], [ 126.320773622938589, 34.862034936253437 ], [ 126.324609858543781, 34.861147984032733 ], [ 126.332825870029154, 34.861753510008931 ], [ 126.337540208901245, 34.864162911780213 ], [ 126.350330260329841, 34.862802439363364 ], [ 126.353883339428052, 34.864530188812459 ], [ 126.358169123237701, 34.862952743532531 ], [ 126.362758837800939, 34.856142169822945 ], [ 126.367977597058626, 34.857795101412378 ], [ 126.36723382652464, 34.851788094816065 ], [ 126.371271117286298, 34.847251008847373 ], [ 126.371170427879122, 34.843547862115024 ], [ 126.370651931928208, 34.841902224889964 ], [ 126.368133897019831, 34.842318046840298 ], [ 126.36537278107599, 34.839995173908541 ], [ 126.365193935078707, 34.836328477276098 ], [ 126.371038310336729, 34.837151668364406 ], [ 126.371237907869954, 34.838559923843725 ], [ 126.372304076962351, 34.835606579263128 ], [ 126.370974181484655, 34.834030863607829 ], [ 126.372931657355167, 34.832993159980099 ], [ 126.365770153241996, 34.831530667292604 ], [ 126.365037017424527, 34.828129338191324 ], [ 126.367540235284508, 34.827508416856368 ], [ 126.368217019607258, 34.82497548048768 ], [ 126.361192534749208, 34.823129795424869 ], [ 126.361716806421384, 34.820005242775864 ], [ 126.358179597784442, 34.819023438325281 ], [ 126.357424539813223, 34.814715698783196 ], [ 126.3507884252342, 34.815055329502869 ], [ 126.349645472668001, 34.813516416367619 ], [ 126.344088992575863, 34.818347615422958 ], [ 126.337791189284474, 34.816531160797396 ], [ 126.336474654237819, 34.819435840390007 ], [ 126.333259057751619, 34.818240459835017 ], [ 126.330586076711626, 34.819814233931119 ], [ 126.33099001628274, 34.821851855471095 ], [ 126.32727447628055, 34.822845354798261 ], [ 126.326740176205107, 34.824779229782195 ], [ 126.334936945648892, 34.825111613032938 ], [ 126.336134210398455, 34.826656708577417 ], [ 126.335135773575047, 34.830714802419926 ], [ 126.336855526011036, 34.833349906823699 ], [ 126.343805589396865, 34.832686136584563 ], [ 126.34609309882039, 34.835488744418889 ], [ 126.347497473611469, 34.834853336478233 ], [ 126.345072253384032, 34.836695365250897 ], [ 126.343776389987781, 34.842167998530513 ], [ 126.341650697833046, 34.842509243225201 ], [ 126.339371234994758, 34.838558780053333 ], [ 126.336523697073801, 34.839897664551273 ], [ 126.335705150430869, 34.842469774839692 ], [ 126.337605539594946, 34.843531998845997 ], [ 126.331997581728757, 34.850346674820997 ], [ 126.32032769712464, 34.850535832887672 ], [ 126.316549849186345, 34.846204914369046 ], [ 126.312485007011915, 34.853272818479468 ], [ 126.3021796849944, 34.854103757749051 ], [ 126.296498430919456, 34.852277927433832 ], [ 126.294241382361662, 34.849881811845279 ], [ 126.291627692328561, 34.854980886028251 ], [ 126.276599112709903, 34.855831618539398 ], [ 126.274255031031217, 34.853682675995103 ], [ 126.272613611389488, 34.848079388201441 ], [ 126.265885907731416, 34.844467562400212 ], [ 126.26629886274479, 34.842644692449333 ], [ 126.262416717883752, 34.839649334631872 ], [ 126.251883463110943, 34.841263979450716 ], [ 126.246885557568618, 34.845624151818583 ], [ 126.240643997457369, 34.848006840258563 ], [ 126.231155019442681, 34.849003501034304 ], [ 126.226658201243922, 34.847506146293689 ], [ 126.226020437740246, 34.850294639960602 ], [ 126.227804752340958, 34.85040667619765 ], [ 126.227717674051888, 34.852058336211677 ], [ 126.225958590241945, 34.851077167860467 ], [ 126.225890283001121, 34.852623755797225 ], [ 126.230176168736762, 34.852757730886651 ], [ 126.230391547093348, 34.854480246931864 ] ] ], [ [ [ 126.357545156462876, 34.865958684320383 ], [ 126.359335197676174, 34.871966178418361 ], [ 126.366856562073238, 34.87754988085036 ], [ 126.371688131168142, 34.878160688185446 ], [ 126.371337189453072, 34.876034999636879 ], [ 126.37288110584727, 34.875524373652247 ], [ 126.37887429994727, 34.878548555587216 ], [ 126.378144932870725, 34.875720694197696 ], [ 126.373043251409641, 34.872846722172625 ], [ 126.366604566564675, 34.865946993855772 ], [ 126.359198474201918, 34.864386904934932 ], [ 126.357545156462876, 34.865958684320383 ] ] ], [ [ [ 126.347538292925023, 34.875929455911397 ], [ 126.348575673834603, 34.883243455691115 ], [ 126.349798844547635, 34.88055813218169 ], [ 126.347538292925023, 34.875929455911397 ] ] ], [ [ [ 126.374263317743896, 34.879833614127506 ], [ 126.373708660792147, 34.880010423374955 ], [ 126.374449683485977, 34.880278323242372 ], [ 126.374263317743896, 34.879833614127506 ] ] ], [ [ [ 126.376127485935399, 34.884856096832365 ], [ 126.376265802317675, 34.884057791866418 ], [ 126.375885023096131, 34.884054219867586 ], [ 126.376127485935399, 34.884856096832365 ] ] ], [ [ [ 126.348490244382788, 34.892192418862606 ], [ 126.34843809965345, 34.891434110465482 ], [ 126.348285320559299, 34.892368194616388 ], [ 126.348490244382788, 34.892192418862606 ] ] ], [ [ [ 126.367877098769327, 34.897913951314216 ], [ 126.367619833088995, 34.897580778348264 ], [ 126.367394699880123, 34.897813051184592 ], [ 126.367877098769327, 34.897913951314216 ] ] ], [ [ [ 126.364568407298222, 34.901262336984111 ], [ 126.363365128631301, 34.900223809926217 ], [ 126.362805146048757, 34.900510985265221 ], [ 126.364568407298222, 34.901262336984111 ] ] ], [ [ [ 126.343914076611938, 34.90584492744221 ], [ 126.345259721974656, 34.91004191694649 ], [ 126.351016143099642, 34.910371293208925 ], [ 126.351879202292849, 34.912349496870789 ], [ 126.352702099529353, 34.908610280665293 ], [ 126.356660212177658, 34.906654408293747 ], [ 126.351156713286628, 34.900851493683533 ], [ 126.343914076611938, 34.90584492744221 ] ] ], [ [ [ 126.327621706174014, 34.911345970735425 ], [ 126.327773987671591, 34.911872574736499 ], [ 126.327844425767481, 34.91182267773312 ], [ 126.327621706174014, 34.911345970735425 ] ] ], [ [ [ 126.315454903441264, 34.914499950092925 ], [ 126.314495764222045, 34.914502248312147 ], [ 126.314985017306086, 34.914966531276811 ], [ 126.315454903441264, 34.914499950092925 ] ] ], [ [ [ 126.296161598161291, 34.931051556399964 ], [ 126.297575966426848, 34.930438410860887 ], [ 126.297511831244393, 34.930206379564297 ], [ 126.295877642534649, 34.929497442409534 ], [ 126.296161598161291, 34.931051556399964 ] ] ] ] } },
{ "type": "Feature", "properties": { "emd_cd": "46910310", "emd_nm": "증도면" }, "geometry": { "type": "MultiPolygon", "coordinates": [ [ [ [ 126.148184343812915, 34.930183052052726 ], [ 126.14831116011851, 34.930299171581481 ], [ 126.148281897237368, 34.930186828704002 ], [ 126.148184343812915, 34.930183052052726 ] ] ], [ [ [ 126.155668248757991, 34.931416951826805 ], [ 126.154205610334813, 34.931580642108564 ], [ 126.153936989695751, 34.932841060761277 ], [ 126.154391355984274, 34.932955041625746 ], [ 126.155668248757991, 34.931416951826805 ] ] ], [ [ [ 126.158016610087031, 34.93898675519786 ], [ 126.157098531274457, 34.938460811308765 ], [ 126.156960644728613, 34.93860110402602 ], [ 126.158016610087031, 34.93898675519786 ] ] ], [ [ [ 126.159624203939913, 34.940531926723544 ], [ 126.159142374246443, 34.940323231885891 ], [ 126.159188136763703, 34.940669272131544 ], [ 126.159624203939913, 34.940531926723544 ] ] ], [ [ [ 126.160326073070024, 34.942657320050323 ], [ 126.160039243346901, 34.942011695806805 ], [ 126.159777550849242, 34.942540194064996 ], [ 126.160326073070024, 34.942657320050323 ] ] ], [ [ [ 126.120313970375278, 34.943253038805686 ], [ 126.120850455911665, 34.943234737470718 ], [ 126.120618546305735, 34.942808078969925 ], [ 126.120313970375278, 34.943253038805686 ] ] ], [ [ [ 126.126130101816841, 34.943799893405938 ], [ 126.12632291369944, 34.943560558955269 ], [ 126.125995039717736, 34.94363053902962 ], [ 126.126130101816841, 34.943799893405938 ] ] ], [ [ [ 126.124943359644135, 34.945795109388726 ], [ 126.126442603845859, 34.94507502178444 ], [ 126.124886253629356, 34.945165384130171 ], [ 126.124943359644135, 34.945795109388726 ] ] ], [ [ [ 126.134807526805417, 34.946600596638177 ], [ 126.134433292741349, 34.946141879179436 ], [ 126.134299500386021, 34.946556960443935 ], [ 126.134807526805417, 34.946600596638177 ] ] ], [ [ [ 126.116119061126966, 34.949406000272553 ], [ 126.116257925788219, 34.948465842378774 ], [ 126.115231976488673, 34.950088585529954 ], [ 126.116119061126966, 34.949406000272553 ] ] ], [ [ [ 126.141446133020494, 34.949914205318827 ], [ 126.140984478917431, 34.949054139620728 ], [ 126.140220369007437, 34.949509035395522 ], [ 126.141446133020494, 34.949914205318827 ] ] ], [ [ [ 126.124102409429653, 34.961420806608182 ], [ 126.12323467829485, 34.961940543653874 ], [ 126.12299001518771, 34.963298086542444 ], [ 126.124024912682913, 34.963001786309135 ], [ 126.124102409429653, 34.961420806608182 ] ] ], [ [ [ 126.148345666018187, 34.963804631176068 ], [ 126.148277903450605, 34.963984118490337 ], [ 126.148443819510533, 34.964005798556713 ], [ 126.148345666018187, 34.963804631176068 ] ] ], [ [ [ 126.149963959752242, 34.964432636027446 ], [ 126.149878457227018, 34.964494112458908 ], [ 126.149899605876229, 34.964562330600174 ], [ 126.149963959752242, 34.964432636027446 ] ] ], [ [ [ 126.098320550330115, 35.002610517914981 ], [ 126.101235353534264, 35.00752725778662 ], [ 126.102735102614176, 35.005193835335746 ], [ 126.105323513976487, 35.00615843049674 ], [ 126.107625239171654, 35.003936861051578 ], [ 126.109694721252552, 35.006626057937787 ], [ 126.107994488157004, 35.008010559184534 ], [ 126.109077765649715, 35.009255858758422 ], [ 126.112862393465747, 35.008634532200531 ], [ 126.115757193965294, 35.01131381032004 ], [ 126.113511781196124, 35.014792914078853 ], [ 126.114668670160199, 35.018050561193839 ], [ 126.11687072077639, 35.016351941956529 ], [ 126.123524527137562, 35.017675025144939 ], [ 126.128069085576371, 35.021646888659916 ], [ 126.127132943980797, 35.023417272348773 ], [ 126.124479891156511, 35.023855956229013 ], [ 126.127249877306724, 35.026239591444764 ], [ 126.132983498268246, 35.022285050873606 ], [ 126.133833810095197, 35.024422771934276 ], [ 126.132126173044284, 35.026641815400296 ], [ 126.13761230124075, 35.02547207803422 ], [ 126.138719484767279, 35.021570061262068 ], [ 126.142707507429321, 35.024937915730078 ], [ 126.145466235522591, 35.023687939878023 ], [ 126.145575227200155, 35.021766754363881 ], [ 126.149357606305998, 35.020545543762751 ], [ 126.150668663173676, 35.021804981662271 ], [ 126.152619658405797, 35.020797432377329 ], [ 126.154293625464831, 35.022587996380473 ], [ 126.160911147182816, 35.017246760828712 ], [ 126.164187927875872, 35.019318790316042 ], [ 126.166007447384018, 35.016520402311407 ], [ 126.162899958162157, 35.013375587353579 ], [ 126.162157126792835, 35.010222017564665 ], [ 126.162743610072411, 35.008716564664226 ], [ 126.166405409471579, 35.007971819068665 ], [ 126.1648265371484, 35.003018094250848 ], [ 126.176214928186141, 34.996883744937783 ], [ 126.176619433535436, 34.997057875773606 ], [ 126.181850174055086, 34.996816524162085 ], [ 126.177990253581768, 34.996496502956866 ], [ 126.179734829979594, 34.994389536699394 ], [ 126.177006473243523, 34.987962029971996 ], [ 126.177013936124837, 34.983651519737471 ], [ 126.178600087364032, 34.982280178098129 ], [ 126.177475275551885, 34.978873934479843 ], [ 126.179526035805793, 34.977960830807149 ], [ 126.178278749412144, 34.975906256361789 ], [ 126.180445181795491, 34.97428008719374 ], [ 126.175467030032152, 34.973261795220004 ], [ 126.167758519872535, 34.96736413221528 ], [ 126.162966008448379, 34.971663889135911 ], [ 126.159719658693433, 34.971943564174914 ], [ 126.154804661051813, 34.96859402322621 ], [ 126.155117179344813, 34.966550365053592 ], [ 126.153054786874151, 34.970110552806503 ], [ 126.15111339114975, 34.969397060358929 ], [ 126.150007353597886, 34.970959297174211 ], [ 126.144022679386723, 34.968789398590005 ], [ 126.143371060205666, 34.957766992326611 ], [ 126.145172817559299, 34.956675418931873 ], [ 126.141955798664625, 34.95563155040854 ], [ 126.142393129070228, 34.953809483218159 ], [ 126.14353144753342, 34.953912413253981 ], [ 126.144579535560482, 34.953815687130025 ], [ 126.145719178949008, 34.953482767224799 ], [ 126.145943836890424, 34.95319180746116 ], [ 126.142359425821567, 34.95374607827047 ], [ 126.141190816453062, 34.955653184604238 ], [ 126.140287520330119, 34.954384984938855 ], [ 126.142070604294105, 34.953678948816275 ], [ 126.137379676059297, 34.953822714279866 ], [ 126.136582886610213, 34.948456212573085 ], [ 126.128490936583972, 34.949668811853698 ], [ 126.1229117367848, 34.947026639640299 ], [ 126.124513595632166, 34.950963344930813 ], [ 126.128402210078804, 34.951220838165149 ], [ 126.127415931740188, 34.954599761096766 ], [ 126.131532940585629, 34.955769611306785 ], [ 126.130679695210361, 34.959695503056516 ], [ 126.133847767423276, 34.959824812328769 ], [ 126.134594069268445, 34.962413764896354 ], [ 126.132924161881377, 34.96461299396249 ], [ 126.136687444895699, 34.965735633304526 ], [ 126.134820263620654, 34.991394573553464 ], [ 126.140358193188277, 34.988994974504102 ], [ 126.141112938959623, 34.986898398075652 ], [ 126.144234322571165, 34.986397631534587 ], [ 126.145325543062569, 34.988573840517944 ], [ 126.14306694853191, 34.992854377573998 ], [ 126.137907885421626, 34.995208660987522 ], [ 126.132927300143848, 35.001807184875737 ], [ 126.129212158311432, 35.001806768569658 ], [ 126.127022748203785, 34.99982471419171 ], [ 126.121704856042314, 35.000657043560629 ], [ 126.121523935897812, 34.997509942663221 ], [ 126.119864038385899, 34.996376883949118 ], [ 126.117453539447752, 34.997629877981808 ], [ 126.115092417095468, 34.996027717174343 ], [ 126.115290591992206, 34.997196535960079 ], [ 126.111912866848314, 34.998060511094543 ], [ 126.10703986781354, 34.997260110020342 ], [ 126.105969953188534, 34.996798064615078 ], [ 126.107062926340376, 34.994226421251632 ], [ 126.106162087932447, 34.994114396884072 ], [ 126.104801625073165, 35.000055564414765 ], [ 126.099314162615372, 35.001300526675507 ], [ 126.098320550330115, 35.002610517914981 ] ] ], [ [ [ 126.114616791362337, 34.994558581595591 ], [ 126.113629401263395, 34.992999858932045 ], [ 126.11314808837507, 34.993017096252778 ], [ 126.113540239176999, 34.995066334428692 ], [ 126.114616791362337, 34.994558581595591 ] ] ], [ [ [ 126.105386069703471, 34.995553268634467 ], [ 126.104691036660412, 34.994837087281091 ], [ 126.104339154615971, 34.995784888120561 ], [ 126.105386069703471, 34.995553268634467 ] ] ], [ [ [ 126.086813531829137, 34.996995636952924 ], [ 126.088487856018375, 34.996285284534181 ], [ 126.088407947237201, 34.996208772825021 ], [ 126.086813531829137, 34.996995636952924 ] ] ], [ [ [ 126.092894025985757, 34.998220507169542 ], [ 126.092426170443801, 34.997388160485677 ], [ 126.092083691576306, 34.99828903485426 ], [ 126.092894025985757, 34.998220507169542 ] ] ], [ [ [ 126.09635371153604, 34.998803710884431 ], [ 126.097630270699355, 34.997988622004542 ], [ 126.099250292970595, 34.998651592407079 ], [ 126.098726662141274, 34.997040106534904 ], [ 126.096547852259221, 34.996997792234829 ], [ 126.09635371153604, 34.998803710884431 ] ] ], [ [ [ 126.095993005950774, 34.999353875592668 ], [ 126.096079813310922, 34.998873586413353 ], [ 126.095787712554369, 34.999149993600994 ], [ 126.095993005950774, 34.999353875592668 ] ] ], [ [ [ 126.098015944372619, 35.000885828566382 ], [ 126.098598829882022, 35.000500308691322 ], [ 126.097819346137953, 35.000094467722917 ], [ 126.098015944372619, 35.000885828566382 ] ] ], [ [ [ 126.100654542792384, 35.014347167725681 ], [ 126.103466464000164, 35.013761024808105 ], [ 126.101867884163994, 35.010302039040248 ], [ 126.100397904842723, 35.011374381959989 ], [ 126.100654542792384, 35.014347167725681 ] ] ], [ [ [ 126.101535761710508, 35.017848864897765 ], [ 126.104329683346208, 35.018949404240459 ], [ 126.105262510173219, 35.017032796904942 ], [ 126.101535761710508, 35.017848864897765 ] ] ], [ [ [ 126.107584544572703, 35.018864717874848 ], [ 126.110831939471495, 35.021013106168098 ], [ 126.112315032324247, 35.020296862356375 ], [ 126.109400555738986, 35.016804326156418 ], [ 126.107584544572703, 35.018864717874848 ] ] ], [ [ [ 126.101787637731405, 35.022380805209238 ], [ 126.101766214768205, 35.022805121722421 ], [ 126.102319737075618, 35.022538435279657 ], [ 126.101787637731405, 35.022380805209238 ] ] ], [ [ [ 126.169106767142679, 34.91662515940687 ], [ 126.169800416776567, 34.917408626821789 ], [ 126.169614709732471, 34.916639137994139 ], [ 126.169106767142679, 34.91662515940687 ] ] ], [ [ [ 126.18851403454066, 34.919436257937022 ], [ 126.189932052943263, 34.918435240182667 ], [ 126.191406648366069, 34.917432707766693 ], [ 126.190863734755723, 34.917356285043574 ], [ 126.18851403454066, 34.919436257937022 ] ] ], [ [ [ 126.187408896681021, 34.918925235197023 ], [ 126.187078489987584, 34.918661753772327 ], [ 126.18700244015487, 34.918826372997756 ], [ 126.187408896681021, 34.918925235197023 ] ] ], [ [ [ 126.189411617998061, 34.921052472652377 ], [ 126.188363417765231, 34.921501875639862 ], [ 126.189446557221288, 34.921274990086154 ], [ 126.189411617998061, 34.921052472652377 ] ] ], [ [ [ 126.171071005475241, 34.923118154666341 ], [ 126.171059071275693, 34.92294054192454 ], [ 126.170970852826002, 34.923067841562151 ], [ 126.171071005475241, 34.923118154666341 ] ] ], [ [ [ 126.165908037079504, 34.923361626554211 ], [ 126.165476590355141, 34.923163452560637 ], [ 126.165450072851996, 34.923187300289094 ], [ 126.165908037079504, 34.923361626554211 ] ] ], [ [ [ 126.166691573750441, 34.92377410896728 ], [ 126.166255968523515, 34.923604689459566 ], [ 126.166154921726729, 34.923693616764758 ], [ 126.166691573750441, 34.92377410896728 ] ] ], [ [ [ 126.165077754668474, 34.923924481227466 ], [ 126.164740250154139, 34.923929855404985 ], [ 126.164729798068919, 34.924152039781021 ], [ 126.165077754668474, 34.923924481227466 ] ] ], [ [ [ 126.174006870253123, 34.925546677766739 ], [ 126.17434445432302, 34.925273332188389 ], [ 126.174002014556208, 34.925193105654884 ], [ 126.174006870253123, 34.925546677766739 ] ] ], [ [ [ 126.171429057875955, 34.92516486821129 ], [ 126.172214367372931, 34.92625956386312 ], [ 126.172592776884173, 34.926260937775304 ], [ 126.172493200017371, 34.925729585021692 ], [ 126.171429057875955, 34.92516486821129 ] ] ], [ [ [ 126.175625462031917, 34.926179994057222 ], [ 126.176244725006271, 34.927061635486723 ], [ 126.176091499182746, 34.925700574080572 ], [ 126.175625462031917, 34.926179994057222 ] ] ], [ [ [ 126.170782118360762, 34.931645747390405 ], [ 126.170210084335523, 34.931280671347061 ], [ 126.169956380548072, 34.931324589120948 ], [ 126.170782118360762, 34.931645747390405 ] ] ], [ [ [ 126.166373868750412, 34.932118378753863 ], [ 126.167804161682739, 34.931621602765411 ], [ 126.166146702738686, 34.931804777246818 ], [ 126.166373868750412, 34.932118378753863 ] ] ], [ [ [ 126.17575367310701, 34.932573786976754 ], [ 126.175718815902556, 34.932304856002446 ], [ 126.175566376260448, 34.932585493566336 ], [ 126.17575367310701, 34.932573786976754 ] ] ], [ [ [ 126.172132399469575, 34.935296247385445 ], [ 126.171337067468585, 34.935739068906599 ], [ 126.17213683524578, 34.935645038891181 ], [ 126.172132399469575, 34.935296247385445 ] ] ], [ [ [ 126.178296315629439, 34.937606982592904 ], [ 126.179912727122456, 34.937955696937813 ], [ 126.178842223046004, 34.936769652499002 ], [ 126.178296315629439, 34.937606982592904 ] ] ], [ [ [ 126.181040320725785, 34.939593642211783 ], [ 126.181416605307845, 34.940452505759453 ], [ 126.181711509145217, 34.940211770032313 ], [ 126.181040320725785, 34.939593642211783 ] ] ], [ [ [ 126.160254508631226, 34.955174250263916 ], [ 126.159656997535308, 34.960277289572701 ], [ 126.160398915417062, 34.958519784373657 ], [ 126.163117975502203, 34.958235997886071 ], [ 126.164388298082073, 34.953003130712339 ], [ 126.162209797726391, 34.951717914705199 ], [ 126.165309294299306, 34.948035091772496 ], [ 126.166300910971614, 34.943947770022966 ], [ 126.160271561049285, 34.943302617688701 ], [ 126.160823292326313, 34.948881625568703 ], [ 126.157077273473917, 34.954576080548485 ], [ 126.160254508631226, 34.955174250263916 ] ] ], [ [ [ 126.179389955043135, 34.968382922867448 ], [ 126.18031118955156, 34.970056824695817 ], [ 126.18090289315829, 34.968938390105556 ], [ 126.179389955043135, 34.968382922867448 ] ] ], [ [ [ 126.186087240078379, 34.979692605163407 ], [ 126.187096885231327, 34.976938852451596 ], [ 126.186584883106576, 34.976652231786574 ], [ 126.185630183145022, 34.977281850337725 ], [ 126.186087240078379, 34.979692605163407 ] ] ], [ [ [ 126.180440512020425, 34.984589496841934 ], [ 126.181037164270649, 34.984152779260867 ], [ 126.180868575228089, 34.98403838564662 ], [ 126.180440512020425, 34.984589496841934 ] ] ], [ [ [ 126.181674252746305, 34.986276413326273 ], [ 126.181319418726758, 34.986120346330026 ], [ 126.181326200553812, 34.986183792964766 ], [ 126.181674252746305, 34.986276413326273 ] ] ], [ [ [ 126.187033696665679, 34.986373031502417 ], [ 126.187208851451203, 34.986040211468989 ], [ 126.186843986333997, 34.986022396209776 ], [ 126.187033696665679, 34.986373031502417 ] ] ], [ [ [ 126.180319755724355, 34.98965186703402 ], [ 126.181103582987376, 34.989077526776668 ], [ 126.17968988255042, 34.988925869624147 ], [ 126.180319755724355, 34.98965186703402 ] ] ], [ [ [ 126.185227351324343, 34.989984754595724 ], [ 126.184022378593269, 34.99025103650952 ], [ 126.184236368591556, 34.990577385812173 ], [ 126.185227351324343, 34.989984754595724 ] ] ], [ [ [ 126.193652892844241, 34.99619189293778 ], [ 126.194058552371231, 34.994913577905159 ], [ 126.1905125089461, 34.993979592328181 ], [ 126.192791930357672, 34.995015391925719 ], [ 126.193652892844241, 34.99619189293778 ] ] ], [ [ [ 126.200108313774393, 34.911115166416423 ], [ 126.198851937598562, 34.911085667276197 ], [ 126.200186179021955, 34.911292959378848 ], [ 126.200108313774393, 34.911115166416423 ] ] ], [ [ [ 126.206217345029515, 34.912012963417759 ], [ 126.205980197669177, 34.912172637937196 ], [ 126.206051734675327, 34.912220616861489 ], [ 126.206217345029515, 34.912012963417759 ] ] ], [ [ [ 126.207921400440469, 34.916866796824593 ], [ 126.207994924547222, 34.916518901088082 ], [ 126.207734807659122, 34.916606004576614 ], [ 126.207921400440469, 34.916866796824593 ] ] ], [ [ [ 126.208592942971833, 34.917225008793288 ], [ 126.208294284143875, 34.917060643868155 ], [ 126.208481461334628, 34.917275749115277 ], [ 126.208592942971833, 34.917225008793288 ] ] ], [ [ [ 126.191999556525246, 34.917316759521036 ], [ 126.19717615619642, 34.918663759766851 ], [ 126.1992936372218, 34.920504089088247 ], [ 126.200988515350971, 34.918124661182311 ], [ 126.195613439645072, 34.915460639448696 ], [ 126.191999556525246, 34.917316759521036 ] ] ], [ [ [ 126.208137787364194, 34.9211371138244 ], [ 126.207736166743871, 34.921020938070349 ], [ 126.20806352595126, 34.921308770700193 ], [ 126.208137787364194, 34.9211371138244 ] ] ], [ [ [ 126.211357654893902, 34.921604074457832 ], [ 126.212536628921598, 34.921669114501412 ], [ 126.212895936288916, 34.920990631259528 ], [ 126.211357654893902, 34.921604074457832 ] ] ], [ [ [ 126.192206822005716, 34.931096984271761 ], [ 126.197332293170405, 34.926973769547708 ], [ 126.196303435382106, 34.924833442063587 ], [ 126.199782968349297, 34.92300685870822 ], [ 126.194530072286895, 34.921246260833769 ], [ 126.192206822005716, 34.931096984271761 ] ] ], [ [ [ 126.195559591185642, 34.933965572898423 ], [ 126.19921584008712, 34.936637144046159 ], [ 126.202620616444875, 34.936233415659096 ], [ 126.207921776241704, 34.927768346433936 ], [ 126.205909154684662, 34.92682390283791 ], [ 126.199292786129263, 34.929857191882157 ], [ 126.199410423467512, 34.932344273250862 ], [ 126.195559591185642, 34.933965572898423 ] ] ], [ [ [ 126.212299813489338, 34.935625579978655 ], [ 126.213457238015124, 34.933842417764751 ], [ 126.211431754684611, 34.934539454045179 ], [ 126.212299813489338, 34.935625579978655 ] ] ], [ [ [ 126.195089216243375, 34.938090223525386 ], [ 126.194347754080283, 34.937963292705781 ], [ 126.194857220819685, 34.938344281165321 ], [ 126.195089216243375, 34.938090223525386 ] ] ], [ [ [ 126.194888773244983, 34.939184365268773 ], [ 126.194210732247825, 34.939624942708008 ], [ 126.195043515879973, 34.939420114580066 ], [ 126.194888773244983, 34.939184365268773 ] ] ], [ [ [ 126.19015740408453, 34.945945214990736 ], [ 126.192043584025839, 34.946155661912194 ], [ 126.191421413058208, 34.947993703674555 ], [ 126.193722253253171, 34.947326409666999 ], [ 126.190991562339462, 34.948508421479701 ], [ 126.193755569099224, 34.948143051256451 ], [ 126.193228446054022, 34.949923812735207 ], [ 126.194007039953703, 34.94830750760385 ], [ 126.196409679974536, 34.949831356702127 ], [ 126.196423508685896, 34.948414410530908 ], [ 126.197696896266194, 34.948133083694323 ], [ 126.196959871974386, 34.94979137600113 ], [ 126.199527212022716, 34.950035068731303 ], [ 126.199734659543282, 34.948742110295917 ], [ 126.209943605457454, 34.945344567117182 ], [ 126.211601583326157, 34.94067618938022 ], [ 126.205918138082637, 34.938269440281502 ], [ 126.20334071959229, 34.938669089742078 ], [ 126.2037045643021, 34.940431639638874 ], [ 126.202364831327813, 34.939081021913822 ], [ 126.19547206564188, 34.939800626447877 ], [ 126.193909206902404, 34.943821300229764 ], [ 126.189933672172529, 34.943378969410489 ], [ 126.191056207866993, 34.944551761371116 ], [ 126.19015740408453, 34.945945214990736 ] ] ], [ [ [ 126.200740942044689, 34.959235238891679 ], [ 126.201434487513239, 34.958948617524314 ], [ 126.200868584580903, 34.958684136357888 ], [ 126.200740942044689, 34.959235238891679 ] ] ], [ [ [ 126.19932080338215, 34.962601977550079 ], [ 126.197869118619792, 34.962870268910777 ], [ 126.197549798480324, 34.96351767966398 ], [ 126.19932080338215, 34.962601977550079 ] ] ], [ [ [ 126.220677223422939, 34.963708680373564 ], [ 126.221513480105557, 34.963320485775654 ], [ 126.220868405930773, 34.962884223404849 ], [ 126.220677223422939, 34.963708680373564 ] ] ], [ [ [ 126.196866289680145, 34.96474247249094 ], [ 126.196742073026712, 34.962794682838066 ], [ 126.19581416433671, 34.962888446532034 ], [ 126.195738988603949, 34.964630073046443 ], [ 126.196866289680145, 34.96474247249094 ] ] ], [ [ [ 126.225494717660794, 34.965816670877089 ], [ 126.225247467984289, 34.966921034796215 ], [ 126.225654652726391, 34.967031961170605 ], [ 126.225494717660794, 34.965816670877089 ] ] ], [ [ [ 126.229080405595411, 34.967028638378565 ], [ 126.22826146618317, 34.967974167316477 ], [ 126.229165742616175, 34.968292735810792 ], [ 126.229080405595411, 34.967028638378565 ] ] ], [ [ [ 126.198220488225473, 34.969085146513962 ], [ 126.205340803714421, 34.974317841488428 ], [ 126.203634078107129, 34.977847599806317 ], [ 126.206554987424425, 34.975295352015522 ], [ 126.209394088104787, 34.98007907752131 ], [ 126.211858797785297, 34.980164514804812 ], [ 126.212493138723019, 34.984897134490126 ], [ 126.214343795854532, 34.985688272570584 ], [ 126.216793361794686, 34.984276350548825 ], [ 126.216810728645143, 34.979631510221296 ], [ 126.213208097742623, 34.978034562742231 ], [ 126.214992571010654, 34.977479984474378 ], [ 126.213886883558359, 34.972625625670474 ], [ 126.216236461557983, 34.972344069456334 ], [ 126.214509154914111, 34.971075141413145 ], [ 126.214259026908977, 34.965917662613244 ], [ 126.212837846614732, 34.965552832116217 ], [ 126.214881296578525, 34.96188726081887 ], [ 126.213554964659195, 34.959265574999407 ], [ 126.217335404062666, 34.955021779211009 ], [ 126.21473080041288, 34.956657636009687 ], [ 126.211923318569603, 34.953108956722204 ], [ 126.211586575877774, 34.957804431372331 ], [ 126.211621799803964, 34.955914167951825 ], [ 126.204754970774218, 34.957589648818491 ], [ 126.198220488225473, 34.969085146513962 ] ] ], [ [ [ 126.221734858389667, 34.970282848217714 ], [ 126.22117513664503, 34.971174820188352 ], [ 126.221772351664924, 34.971354122189261 ], [ 126.221734858389667, 34.970282848217714 ] ] ], [ [ [ 126.216421849326395, 34.971103230643642 ], [ 126.216804322579435, 34.971511022765469 ], [ 126.216883172332146, 34.971263155336338 ], [ 126.216421849326395, 34.971103230643642 ] ] ], [ [ [ 126.218895264115062, 34.974561433440023 ], [ 126.219266113420503, 34.975358626359508 ], [ 126.21908547560885, 34.974441553237263 ], [ 126.218895264115062, 34.974561433440023 ] ] ], [ [ [ 126.229795761090543, 34.982020738638347 ], [ 126.228931265225697, 34.9818591817955 ], [ 126.229338946968241, 34.982450556099607 ], [ 126.229795761090543, 34.982020738638347 ] ] ], [ [ [ 126.205035171731168, 34.982024075285061 ], [ 126.206706549039069, 34.985247168388987 ], [ 126.20944812628457, 34.984805572992862 ], [ 126.210133390917704, 34.982494110181399 ], [ 126.208029798967303, 34.980781337134033 ], [ 126.205035171731168, 34.982024075285061 ] ] ], [ [ [ 126.226524255289803, 34.984526115343371 ], [ 126.226824929380825, 34.98556082070094 ], [ 126.226782087477318, 34.98449664585138 ], [ 126.226524255289803, 34.984526115343371 ] ] ] ] } },
{ "type": "Feature", "properties": { "emd_cd": "46910320", "emd_nm": "임자면" }, "geometry": { "type": "MultiPolygon", "coordinates": [ [ [ [ 125.96944521170856, 35.030705184975069 ], [ 125.973262727329882, 35.029682050845913 ], [ 125.968341538624429, 35.029357031742883 ], [ 125.96944521170856, 35.030705184975069 ] ] ], [ [ [ 125.929566725165344, 35.056516559709173 ], [ 125.931365443609266, 35.059003756316613 ], [ 125.933743481401251, 35.056070919350098 ], [ 125.933071601211097, 35.055124084308126 ], [ 125.929566725165344, 35.056516559709173 ] ] ], [ [ [ 125.940392456980589, 35.059236329624611 ], [ 125.941345360709633, 35.058471611125597 ], [ 125.941195422200991, 35.058060156755872 ], [ 125.939992279792293, 35.058056061347308 ], [ 125.940392456980589, 35.059236329624611 ] ] ], [ [ [ 125.941740775251972, 35.057723079833302 ], [ 125.94522990365796, 35.060831577740487 ], [ 125.94364022278225, 35.063742116943324 ], [ 125.949274250997675, 35.06266136417252 ], [ 125.947928006022039, 35.057325872077797 ], [ 125.943392093176257, 35.057152404472177 ], [ 125.941740775251972, 35.057723079833302 ] ] ], [ [ [ 125.922239725635237, 35.062466489777577 ], [ 125.923814790050571, 35.066167496566671 ], [ 125.926020349810926, 35.066204503253111 ], [ 125.925975585190557, 35.061269403738997 ], [ 125.922239725635237, 35.062466489777577 ] ] ], [ [ [ 125.91813779528276, 35.071725126115808 ], [ 125.918381719247776, 35.071349708940652 ], [ 125.918057677364033, 35.07173999416289 ], [ 125.91813779528276, 35.071725126115808 ] ] ], [ [ [ 125.915522883031855, 35.072261564324691 ], [ 125.916337038061826, 35.073432345326552 ], [ 125.91775883726784, 35.071743786776047 ], [ 125.915522883031855, 35.072261564324691 ] ] ], [ [ [ 125.924531498329131, 35.073676363243671 ], [ 125.925286255575529, 35.073491660017801 ], [ 125.925504583212344, 35.073034594695514 ], [ 125.924531498329131, 35.073676363243671 ] ] ], [ [ [ 125.919811651781217, 35.07505506341591 ], [ 125.920021933974098, 35.074712682643799 ], [ 125.919698682465722, 35.074988629632465 ], [ 125.919811651781217, 35.07505506341591 ] ] ], [ [ [ 125.913775542676774, 35.076069575112626 ], [ 125.915482817136336, 35.074661884612979 ], [ 125.915437753193871, 35.074313800271256 ], [ 125.913775542676774, 35.076069575112626 ] ] ], [ [ [ 125.920180579760853, 35.075138804227528 ], [ 125.920986051888164, 35.07674420653526 ], [ 125.921281487448837, 35.074946098618149 ], [ 125.920180579760853, 35.075138804227528 ] ] ], [ [ [ 125.938997156972647, 35.077556340831123 ], [ 125.938667128651602, 35.077606383269398 ], [ 125.938911379225445, 35.077851156971427 ], [ 125.938997156972647, 35.077556340831123 ] ] ], [ [ [ 125.940333357072831, 35.077990782325159 ], [ 125.941106424699541, 35.077703941055177 ], [ 125.941371344745491, 35.077353221544101 ], [ 125.940333357072831, 35.077990782325159 ] ] ], [ [ [ 125.917178574776528, 35.083847839773142 ], [ 125.921820895396166, 35.083191527355076 ], [ 125.923895483645339, 35.077534557425921 ], [ 125.916907795294051, 35.078861676431295 ], [ 125.917178574776528, 35.083847839773142 ] ] ], [ [ [ 125.901845803503249, 35.129084493867126 ], [ 125.902629864351425, 35.130250886626541 ], [ 125.903138296673362, 35.129220241718492 ], [ 125.901845803503249, 35.129084493867126 ] ] ], [ [ [ 125.914527421034919, 35.135024152897827 ], [ 125.914699182856225, 35.134617033721078 ], [ 125.914742005787588, 35.134161178374207 ], [ 125.914527421034919, 35.135024152897827 ] ] ], [ [ [ 125.878725080771034, 35.139601092620303 ], [ 125.888416988442785, 35.138466931440952 ], [ 125.890892606998833, 35.135272256364665 ], [ 125.888381637486248, 35.136807134371338 ], [ 125.884971856994696, 35.136126958925921 ], [ 125.884074837839762, 35.134776440609201 ], [ 125.887074950784296, 35.132786460329974 ], [ 125.887533763020997, 35.132009638748556 ], [ 125.884993229716031, 35.13234395120584 ], [ 125.882632715080533, 35.136896753570262 ], [ 125.878725080771034, 35.139601092620303 ] ] ], [ [ [ 125.902653218443405, 35.141598451967944 ], [ 125.913024309164911, 35.135523575511549 ], [ 125.907070198681154, 35.136413219799913 ], [ 125.909443282052393, 35.132690059535108 ], [ 125.908292038726302, 35.131189575794444 ], [ 125.905763761841442, 35.133389823960968 ], [ 125.904300747061754, 35.132103292084885 ], [ 125.903296692022764, 35.132958907107898 ], [ 125.904227727569335, 35.134553910055665 ], [ 125.902653218443405, 35.141598451967944 ] ] ], [ [ [ 125.909266402866791, 35.140978322584672 ], [ 125.909647271987637, 35.140971362725026 ], [ 125.909402996876736, 35.140869189303473 ], [ 125.909266402866791, 35.140978322584672 ] ] ], [ [ [ 125.90761273297079, 35.141990754623485 ], [ 125.908218176729747, 35.142308356733743 ], [ 125.908507416534704, 35.14172705810121 ], [ 125.90761273297079, 35.141990754623485 ] ] ], [ [ [ 125.906029907545275, 35.209558886973291 ], [ 125.912302432145523, 35.210353793839488 ], [ 125.910580715037554, 35.208635159697693 ], [ 125.91184593094853, 35.205739111277438 ], [ 125.909953513015523, 35.205651712082776 ], [ 125.906029907545275, 35.209558886973291 ] ] ], [ [ [ 125.904306694701063, 35.21152497866084 ], [ 125.903534479106227, 35.210379766033164 ], [ 125.900214821527058, 35.212187230824298 ], [ 125.901215704067837, 35.212700430807303 ], [ 125.904306694701063, 35.21152497866084 ] ] ], [ [ [ 125.973392334754251, 35.039510181628344 ], [ 125.972356998178597, 35.039874074571742 ], [ 125.971883097910947, 35.040937390614737 ], [ 125.973392334754251, 35.039510181628344 ] ] ], [ [ [ 126.06480503820903, 35.056965969986479 ], [ 126.064563797160176, 35.056805058775488 ], [ 126.064529268857797, 35.056853049214752 ], [ 126.06480503820903, 35.056965969986479 ] ] ], [ [ [ 126.0115807252905, 35.096752953544112 ], [ 126.013854977580223, 35.096082225272873 ], [ 126.01293651047331, 35.099776397316234 ], [ 126.018630721444296, 35.098953232476497 ], [ 126.016956096868725, 35.103569803532011 ], [ 126.021028271575247, 35.101749459154533 ], [ 126.026588456368572, 35.091954362010874 ], [ 126.030105017841421, 35.090943811589511 ], [ 126.028824713759093, 35.088411799596948 ], [ 126.02984974071255, 35.086979283107318 ], [ 126.031560698393662, 35.086825180713753 ], [ 126.032141015264443, 35.086076307509884 ], [ 126.029818924742344, 35.086930563179635 ], [ 126.029862978195254, 35.084491626753426 ], [ 126.0310707521175, 35.084328568082242 ], [ 126.029465875074024, 35.084057658238734 ], [ 126.030717168994968, 35.082976857100384 ], [ 126.029047275350848, 35.082534188449152 ], [ 126.027430219226332, 35.076780244814444 ], [ 126.023858723382929, 35.080358344230604 ], [ 126.020458642138038, 35.080513018508164 ], [ 126.018967927433096, 35.078920593391423 ], [ 126.019700764902268, 35.082062772061278 ], [ 126.015721387896932, 35.083919081549183 ], [ 126.017920406402283, 35.085359137710462 ], [ 126.017800503030301, 35.086912752163521 ], [ 126.012319734982896, 35.086892866684238 ], [ 126.011275944827133, 35.089142313765969 ], [ 126.012357790067853, 35.090331122085971 ], [ 126.010587817355173, 35.092132548478482 ], [ 126.011761445110494, 35.093362175368817 ], [ 126.010223216101181, 35.094595015272752 ], [ 126.0115807252905, 35.096752953544112 ] ] ], [ [ [ 126.033942802164376, 35.092075122662315 ], [ 126.033872303534778, 35.093839795464483 ], [ 126.034682802412405, 35.094018700848878 ], [ 126.034837649096602, 35.091579043168586 ], [ 126.032137124835401, 35.092062315149064 ], [ 126.033942802164376, 35.092075122662315 ] ] ], [ [ [ 125.978949485586014, 35.094084117397777 ], [ 125.979217970794309, 35.095240532665358 ], [ 125.980428070635654, 35.095006237992301 ], [ 125.978949485586014, 35.094084117397777 ] ] ], [ [ [ 125.980065454164503, 35.09555435591647 ], [ 125.98175338169743, 35.097600711927768 ], [ 125.98499297834185, 35.094397465473683 ], [ 125.98263313906989, 35.092836636408059 ], [ 125.982361244882455, 35.094822589610096 ], [ 125.980065454164503, 35.09555435591647 ] ] ], [ [ [ 126.051367677553799, 35.095681088893578 ], [ 126.051231243902805, 35.096285987023748 ], [ 126.051542815570286, 35.09582931334586 ], [ 126.051367677553799, 35.095681088893578 ] ] ], [ [ [ 126.046060109474269, 35.096599949330809 ], [ 126.046774678930788, 35.096926907475314 ], [ 126.047019440018687, 35.096649659307964 ], [ 126.046060109474269, 35.096599949330809 ] ] ], [ [ [ 126.038700340051776, 35.100277092220615 ], [ 126.037938347691579, 35.099668137637927 ], [ 126.037747415617929, 35.099881206322927 ], [ 126.038700340051776, 35.100277092220615 ] ] ], [ [ [ 125.978590869700568, 35.104618714596775 ], [ 125.984530897902644, 35.104127823946925 ], [ 125.986414473699213, 35.106374585475905 ], [ 125.989125908714627, 35.10187451578873 ], [ 125.984787831606397, 35.102653004623484 ], [ 125.981611004463929, 35.101056955867605 ], [ 125.978752794760851, 35.102899518564413 ], [ 125.978590869700568, 35.104618714596775 ] ] ], [ [ [ 126.060481470857567, 35.108010567467552 ], [ 126.060307720000097, 35.107846800849394 ], [ 126.060241521611758, 35.107888306482153 ], [ 126.060481470857567, 35.108010567467552 ] ] ], [ [ [ 125.990526200212329, 35.108851033158849 ], [ 125.990802787193431, 35.108672337432182 ], [ 125.990527944872994, 35.108665341027908 ], [ 125.990526200212329, 35.108851033158849 ] ] ], [ [ [ 126.057037796445229, 35.111528851728664 ], [ 126.059301002662821, 35.113208891537006 ], [ 126.060259219213904, 35.111160046243867 ], [ 126.065518040653046, 35.108311703796879 ], [ 126.062415230301397, 35.107260610423275 ], [ 126.060553775248437, 35.109866541183976 ], [ 126.058891564927492, 35.109395911794358 ], [ 126.057037796445229, 35.111528851728664 ] ] ], [ [ [ 126.042947987485462, 35.113047842300283 ], [ 126.048664254971868, 35.115169064312148 ], [ 126.048571197898255, 35.110633700454841 ], [ 126.051375036716593, 35.109708528295045 ], [ 126.049425389251383, 35.106574641785251 ], [ 126.049125832981545, 35.108957242996482 ], [ 126.042947987485462, 35.113047842300283 ] ] ], [ [ [ 126.066889312526726, 35.119987507288727 ], [ 126.066454553588898, 35.119522219531746 ], [ 126.066270865814232, 35.119718966540383 ], [ 126.066889312526726, 35.119987507288727 ] ] ], [ [ [ 126.066790173709634, 35.1225416213831 ], [ 126.065742477743925, 35.122192794616758 ], [ 126.065699165988889, 35.122450994495679 ], [ 126.066790173709634, 35.1225416213831 ] ] ], [ [ [ 126.072023245594039, 35.129185849226168 ], [ 126.072737491016738, 35.129189873122293 ], [ 126.07235457560752, 35.128869557235632 ], [ 126.072023245594039, 35.129185849226168 ] ] ], [ [ [ 126.07233397317998, 35.130572385823754 ], [ 126.072101773036678, 35.130477247043906 ], [ 126.072130876351181, 35.130718960327684 ], [ 126.07233397317998, 35.130572385823754 ] ] ], [ [ [ 126.072951438140095, 35.131423491369198 ], [ 126.073732120047609, 35.131434607139255 ], [ 126.073000042222063, 35.131189484992831 ], [ 126.072951438140095, 35.131423491369198 ] ] ], [ [ [ 126.072681545421986, 35.135671658671406 ], [ 126.072358363437658, 35.135180460228327 ], [ 126.072192493240806, 35.135306778996778 ], [ 126.072681545421986, 35.135671658671406 ] ] ], [ [ [ 126.073748036914751, 35.136310974596654 ], [ 126.073544126588502, 35.136521421366531 ], [ 126.073600861102875, 35.136618287675304 ], [ 126.073748036914751, 35.136310974596654 ] ] ], [ [ [ 126.075705158911873, 35.136938727950728 ], [ 126.076643636387317, 35.137168437406231 ], [ 126.075676126790086, 35.136867004671032 ], [ 126.075705158911873, 35.136938727950728 ] ] ], [ [ [ 126.095371463279449, 35.047686299447349 ], [ 126.095381870714405, 35.048099619896441 ], [ 126.095749726947076, 35.048010349519132 ], [ 126.095371463279449, 35.047686299447349 ] ] ], [ [ [ 126.078015495320969, 35.053814215221209 ], [ 126.076872166145066, 35.053865121011846 ], [ 126.077849415712407, 35.054090641603814 ], [ 126.078015495320969, 35.053814215221209 ] ] ], [ [ [ 126.112064470755968, 35.054743563468598 ], [ 126.113346092755421, 35.053082620698945 ], [ 126.111688632362075, 35.054596387061189 ], [ 126.112064470755968, 35.054743563468598 ] ] ], [ [ [ 126.123092554320309, 35.064514561931944 ], [ 126.122314308123904, 35.063385846377756 ], [ 126.121398995130903, 35.064388574832918 ], [ 126.121772746558676, 35.064660477621857 ], [ 126.123092554320309, 35.064514561931944 ] ] ], [ [ [ 126.134940746817179, 35.067912220038089 ], [ 126.134066507848061, 35.066862751350556 ], [ 126.133125683557267, 35.066855614420639 ], [ 126.133841963729154, 35.067929314539086 ], [ 126.134940746817179, 35.067912220038089 ] ] ], [ [ [ 126.12239708977225, 35.068233411749468 ], [ 126.122451750580112, 35.068467613229018 ], [ 126.12258158151981, 35.068313488964286 ], [ 126.12239708977225, 35.068233411749468 ] ] ], [ [ [ 126.134801529269836, 35.071063003907547 ], [ 126.135495834602978, 35.070647951107333 ], [ 126.134503597999043, 35.070993851732318 ], [ 126.134801529269836, 35.071063003907547 ] ] ], [ [ [ 126.130760404487162, 35.074191128663458 ], [ 126.132614082434372, 35.072397756740365 ], [ 126.133106773652131, 35.070547831428307 ], [ 126.129262577480716, 35.072014413852017 ], [ 126.130760404487162, 35.074191128663458 ] ] ], [ [ [ 126.12962609436012, 35.08416261843967 ], [ 126.1329426442732, 35.093313807471155 ], [ 126.140337970357592, 35.091956727604568 ], [ 126.143201464136368, 35.093409529485271 ], [ 126.146185232123258, 35.091412957739607 ], [ 126.147053277298227, 35.084598564955357 ], [ 126.144001716622839, 35.082341095733781 ], [ 126.137331163255979, 35.084854501181447 ], [ 126.134527432497904, 35.082979084717842 ], [ 126.131168284345435, 35.083361633334157 ], [ 126.12962609436012, 35.08416261843967 ] ] ], [ [ [ 126.039025030844599, 35.06742540700386 ], [ 126.037722568675008, 35.068798525778341 ], [ 126.039483350956772, 35.070608607520796 ], [ 126.041141440828198, 35.068273337649167 ], [ 126.043505494637003, 35.069487070372659 ], [ 126.047273001544255, 35.067073374494306 ], [ 126.054879678386612, 35.067429961001189 ], [ 126.057233747917195, 35.071371247479341 ], [ 126.055366120537414, 35.073433707254303 ], [ 126.057981032517588, 35.076240206850429 ], [ 126.052405507389352, 35.079837162175366 ], [ 126.04805359905636, 35.081459786460726 ], [ 126.043563194282626, 35.078684227325148 ], [ 126.042195514298641, 35.078576606197998 ], [ 126.044577307410279, 35.079959673254358 ], [ 126.042673312197167, 35.085539720321265 ], [ 126.046666428372617, 35.086125826951076 ], [ 126.047167453627779, 35.0909636051232 ], [ 126.049481220206275, 35.090765636862315 ], [ 126.056152661087324, 35.095706355817377 ], [ 126.055621015871665, 35.09786762567304 ], [ 126.05065223559896, 35.098350466349579 ], [ 126.051664094447673, 35.099085230992323 ], [ 126.049632478723552, 35.10270802865967 ], [ 126.052183035674432, 35.104240855057775 ], [ 126.054162368965763, 35.103135643803341 ], [ 126.061929801736682, 35.1045607650099 ], [ 126.066895893546587, 35.102795089143513 ], [ 126.084576938415452, 35.109478620881681 ], [ 126.103188251863884, 35.127494786161186 ], [ 126.107320857885725, 35.128509621714684 ], [ 126.113165365379061, 35.133702413080037 ], [ 126.116311444678729, 35.138959428337238 ], [ 126.115837304096743, 35.140476239466665 ], [ 126.113785066876829, 35.140431787490328 ], [ 126.114409934815171, 35.142891540475489 ], [ 126.116691007128608, 35.142374364315828 ], [ 126.116608140246115, 35.140498508558636 ], [ 126.118746079414549, 35.141150594357143 ], [ 126.120874146334842, 35.139658743688457 ], [ 126.121595265078838, 35.141671087371662 ], [ 126.126043069970663, 35.140919212674589 ], [ 126.130390581092101, 35.142793994043878 ], [ 126.13488070158354, 35.141806205148818 ], [ 126.136667318710991, 35.144309102988629 ], [ 126.142430757976442, 35.140073979749083 ], [ 126.144488767461894, 35.140867058554619 ], [ 126.145589182772824, 35.145246879205715 ], [ 126.150182800382339, 35.146827671219349 ], [ 126.161803954926071, 35.145511151467339 ], [ 126.157854039471175, 35.144362075968935 ], [ 126.156515765101261, 35.142403992504327 ], [ 126.148260472568097, 35.143889180917967 ], [ 126.147555410207374, 35.140604455152285 ], [ 126.142470063443454, 35.136013465676001 ], [ 126.129946056571541, 35.135280346222778 ], [ 126.126035901574042, 35.136459891477536 ], [ 126.121980467683684, 35.131290255938509 ], [ 126.122692983395524, 35.128088293653143 ], [ 126.119176667766155, 35.123120561971803 ], [ 126.117065028603818, 35.115515218807204 ], [ 126.119050367972221, 35.112449167026824 ], [ 126.116511886394221, 35.110639785526452 ], [ 126.118288844862761, 35.107514149454154 ], [ 126.116120605661294, 35.106665799185997 ], [ 126.119668566941201, 35.101336112710804 ], [ 126.118394406534534, 35.102082222846839 ], [ 126.118450081021322, 35.098940983320162 ], [ 126.11621406671668, 35.096425913229524 ], [ 126.117970144985918, 35.092987972242831 ], [ 126.122659210796144, 35.092531723531188 ], [ 126.1226528094451, 35.087180906041098 ], [ 126.119415442710206, 35.08502779735614 ], [ 126.12285580204346, 35.081986918157263 ], [ 126.120847443542502, 35.080915335746205 ], [ 126.112036375273519, 35.083658621513884 ], [ 126.110416828427631, 35.082724692178303 ], [ 126.118918203739355, 35.080267199778284 ], [ 126.122345314165045, 35.077464979236041 ], [ 126.119535888402467, 35.07304885886024 ], [ 126.114397083550827, 35.071252267615115 ], [ 126.112743317433754, 35.072600791425558 ], [ 126.108659371618131, 35.06974581492176 ], [ 126.117492221554187, 35.06133789449779 ], [ 126.1155375126244, 35.059147864477225 ], [ 126.113419958469066, 35.058821422146828 ], [ 126.11094014046293, 35.060982582454699 ], [ 126.10225241672029, 35.056809795286433 ], [ 126.107538894847835, 35.050232905507698 ], [ 126.105912187773299, 35.051846966884128 ], [ 126.101035949915442, 35.051666553181917 ], [ 126.100101959637655, 35.050021185348143 ], [ 126.101191029654771, 35.048248626304641 ], [ 126.095930333802301, 35.048506474838931 ], [ 126.096802877619425, 35.050396380220832 ], [ 126.091851488814697, 35.053351372781883 ], [ 126.089388221480661, 35.054080163308868 ], [ 126.085575688531108, 35.052489038410144 ], [ 126.085130006290171, 35.055288188333719 ], [ 126.080554717062896, 35.057140918828992 ], [ 126.077344630346047, 35.056173717716618 ], [ 126.077733233321439, 35.057406568076452 ], [ 126.074334252355271, 35.060536524122099 ], [ 126.076932125836507, 35.062875703695418 ], [ 126.075767123527228, 35.06426334569322 ], [ 126.077233881224672, 35.069754827885625 ], [ 126.074420578723263, 35.069749158883333 ], [ 126.069382732541712, 35.066698649477729 ], [ 126.067166257025804, 35.069398304158085 ], [ 126.062781797858577, 35.069631749877843 ], [ 126.059439001346107, 35.067579347139869 ], [ 126.058960806264224, 35.065800587741556 ], [ 126.062893602346477, 35.060207107765912 ], [ 126.061917960786687, 35.058771663271834 ], [ 126.064568611609076, 35.05656876773007 ], [ 126.062812494190965, 35.055706367028542 ], [ 126.060560047775155, 35.057441712334224 ], [ 126.057875210408696, 35.056824603779894 ], [ 126.060509310593503, 35.061038768689968 ], [ 126.057747856817969, 35.064236567474524 ], [ 126.053212509171104, 35.063409572526133 ], [ 126.053030652820041, 35.061582487476869 ], [ 126.048761335070097, 35.061335030744345 ], [ 126.047227835565067, 35.065790352409081 ], [ 126.042197214435703, 35.067517404757723 ], [ 126.040558717069402, 35.064960393098133 ], [ 126.037735264636851, 35.06591176657065 ], [ 126.039025030844599, 35.06742540700386 ] ], [ [ 126.105800365767962, 35.087939980963419 ], [ 126.102004022233729, 35.087960689109288 ], [ 126.110327098467749, 35.082734190840974 ], [ 126.105800365767962, 35.087939980963419 ] ] ], [ [ [ 126.124745810670234, 35.10761873507699 ], [ 126.124179648353604, 35.108035892224287 ], [ 126.124612542206521, 35.108022682874953 ], [ 126.124745810670234, 35.10761873507699 ] ] ], [ [ [ 126.121866132604765, 35.107957713017782 ], [ 126.122407644802749, 35.108894503443615 ], [ 126.123238021255389, 35.108588284297419 ], [ 126.121866132604765, 35.107957713017782 ] ] ], [ [ [ 126.121217803032877, 35.109557997588283 ], [ 126.121332623894673, 35.109300610536444 ], [ 126.121010321478934, 35.109369538078511 ], [ 126.121217803032877, 35.109557997588283 ] ] ], [ [ [ 126.150848848903564, 35.130238479927336 ], [ 126.149803336285444, 35.128276921890816 ], [ 126.148973889781445, 35.128247034610283 ], [ 126.148656791085614, 35.130049174660876 ], [ 126.150848848903564, 35.130238479927336 ] ] ], [ [ [ 126.101050102385457, 35.129392542517564 ], [ 126.10184582985093, 35.129410033246273 ], [ 126.1009834056416, 35.129229403705843 ], [ 126.101050102385457, 35.129392542517564 ] ] ], [ [ [ 126.167102604216623, 35.129755015716242 ], [ 126.168543814325147, 35.131411191071578 ], [ 126.172633528108094, 35.130621516806841 ], [ 126.170879910982919, 35.128813069987174 ], [ 126.167102604216623, 35.129755015716242 ] ] ], [ [ [ 126.100126953676025, 35.131111871908644 ], [ 126.102054192263353, 35.131025592433431 ], [ 126.101494536241361, 35.130389233856718 ], [ 126.100126953676025, 35.131111871908644 ] ] ], [ [ [ 126.076843694443284, 35.137564064925286 ], [ 126.079438812817685, 35.138347108134191 ], [ 126.079480726206654, 35.13778270650959 ], [ 126.076843694443284, 35.137564064925286 ] ] ], [ [ [ 126.167056343772373, 35.140981206623195 ], [ 126.168684177506279, 35.140963002439257 ], [ 126.166909077534328, 35.140830834124451 ], [ 126.167056343772373, 35.140981206623195 ] ] ], [ [ [ 126.158258878404595, 35.142351535646107 ], [ 126.158309024937836, 35.142446199034026 ], [ 126.1583719241099, 35.142346986321677 ], [ 126.158258878404595, 35.142351535646107 ] ] ], [ [ [ 126.143781883420644, 35.14307558826318 ], [ 126.143345543125932, 35.143089191779154 ], [ 126.143732481708156, 35.143164631745115 ], [ 126.143781883420644, 35.14307558826318 ] ] ], [ [ [ 126.106610058632427, 35.143111161698577 ], [ 126.10749115716942, 35.144623128984271 ], [ 126.107797136902761, 35.14350134183497 ], [ 126.106610058632427, 35.143111161698577 ] ] ] ] } },
{ "type": "Feature", "properties": { "emd_cd": "46910330", "emd_nm": "자은면" }, "geometry": { "type": "MultiPolygon", "coordinates": [ [ [ [ 126.001809718509492, 34.845369845911392 ], [ 126.001853643184845, 34.845141461518175 ], [ 126.001721683086387, 34.845098752531271 ], [ 126.001809718509492, 34.845369845911392 ] ] ], [ [ [ 125.998511872940881, 34.845713623271642 ], [ 125.999374050942379, 34.846122408048132 ], [ 125.999568212217056, 34.845897046858688 ], [ 125.998511872940881, 34.845713623271642 ] ] ], [ [ [ 126.017943049812942, 34.856090179377397 ], [ 126.01697335383578, 34.85516180010007 ], [ 126.016907301618119, 34.856217984573902 ], [ 126.017943049812942, 34.856090179377397 ] ] ], [ [ [ 126.004276939326715, 34.859850904948182 ], [ 126.00343793593234, 34.860197622653999 ], [ 126.004140642536782, 34.860883889342091 ], [ 126.004276939326715, 34.859850904948182 ] ] ], [ [ [ 126.019807596000803, 34.861613680285885 ], [ 126.018551686016508, 34.860195281270215 ], [ 126.017966463544013, 34.861237705088186 ], [ 126.019807596000803, 34.861613680285885 ] ] ], [ [ [ 125.968159856609446, 34.862956861804996 ], [ 125.9679821864639, 34.863012984166559 ], [ 125.968196138942119, 34.863005067674933 ], [ 125.968159856609446, 34.862956861804996 ] ] ], [ [ [ 125.96889532581325, 34.862931832036814 ], [ 125.968423888790198, 34.86309360399806 ], [ 125.968989476714768, 34.862949585762664 ], [ 125.96889532581325, 34.862931832036814 ] ] ], [ [ [ 125.97161569642978, 34.862668091064698 ], [ 125.970312792066238, 34.86230673281981 ], [ 125.969551363236775, 34.86295992524731 ], [ 125.970493506396991, 34.86426909205148 ], [ 125.97161569642978, 34.862668091064698 ] ] ], [ [ [ 125.975155984713069, 34.865365639879442 ], [ 125.975463591434902, 34.865673368745796 ], [ 125.975619456451199, 34.86548162407145 ], [ 125.975155984713069, 34.865365639879442 ] ] ], [ [ [ 125.99399580736042, 34.887493198664622 ], [ 125.993999524001609, 34.887633217532688 ], [ 125.994088800751598, 34.887497403393844 ], [ 125.99399580736042, 34.887493198664622 ] ] ], [ [ [ 125.993515323597421, 34.888205416503432 ], [ 125.993377427913629, 34.888037118513857 ], [ 125.993311075110256, 34.888184740556106 ], [ 125.993515323597421, 34.888205416503432 ] ] ], [ [ [ 126.002915425635408, 34.892816077705398 ], [ 126.003013919161532, 34.892531673709918 ], [ 126.002821311179289, 34.892773797603105 ], [ 126.002915425635408, 34.892816077705398 ] ] ], [ [ [ 126.008384631475721, 34.902193885579351 ], [ 126.00735983803979, 34.901458591545598 ], [ 126.006050399306176, 34.902533455405006 ], [ 126.006910194938968, 34.902940276206095 ], [ 126.008384631475721, 34.902193885579351 ] ] ], [ [ [ 126.003127160789091, 34.912374881526532 ], [ 126.005514012670915, 34.911817514736867 ], [ 126.007482114507624, 34.910521585549262 ], [ 126.005463014638664, 34.911070766134877 ], [ 126.003500250072079, 34.909304174469383 ], [ 126.004400833061737, 34.911093477631496 ], [ 126.003127160789091, 34.912374881526532 ] ] ], [ [ [ 126.016511920139166, 34.924800144759764 ], [ 126.020409969422744, 34.922332676573518 ], [ 126.020146865172663, 34.92042077607767 ], [ 126.017758019297204, 34.920887367432577 ], [ 126.018817460549869, 34.921702650477776 ], [ 126.0164291486861, 34.923141065793182 ], [ 126.016511920139166, 34.924800144759764 ] ] ], [ [ [ 126.017295159277893, 34.931142532048689 ], [ 126.021960818730619, 34.930846664591293 ], [ 126.02223925649028, 34.928999038210137 ], [ 126.018733565139783, 34.92811200856611 ], [ 126.017295159277893, 34.931142532048689 ] ] ], [ [ [ 125.954772781431515, 34.945505751553647 ], [ 125.956374023711817, 34.944364685053962 ], [ 125.954664425787755, 34.945149845571535 ], [ 125.954772781431515, 34.945505751553647 ] ] ], [ [ [ 126.046531571161694, 34.842321749165194 ], [ 126.046829798483273, 34.842758057603099 ], [ 126.047320077816678, 34.842054509678192 ], [ 126.046531571161694, 34.842321749165194 ] ] ], [ [ [ 126.038391192650565, 34.842998407292072 ], [ 126.038680045866514, 34.842761230386984 ], [ 126.038526706815063, 34.842684762355887 ], [ 126.038391192650565, 34.842998407292072 ] ] ], [ [ [ 126.037208472400707, 34.84380572990316 ], [ 126.036911167854129, 34.84367487540873 ], [ 126.036841738694633, 34.843967662327465 ], [ 126.037208472400707, 34.84380572990316 ] ] ], [ [ [ 126.053172616387016, 34.853773123848136 ], [ 126.053081896544924, 34.853574730962372 ], [ 126.053061415776909, 34.85377586222026 ], [ 126.053172616387016, 34.853773123848136 ] ] ], [ [ [ 126.078283413267997, 34.863242073674137 ], [ 126.07710210117051, 34.862894577592591 ], [ 126.077431561229886, 34.863387933538988 ], [ 126.078283413267997, 34.863242073674137 ] ] ], [ [ [ 125.968680219511299, 34.871541155302154 ], [ 125.968417369185374, 34.87690607474449 ], [ 125.97538534633307, 34.873794682352631 ], [ 125.981251363389632, 34.877245634086378 ], [ 125.984462406334544, 34.874461233762325 ], [ 125.99264552695, 34.878152909905985 ], [ 125.996607275832503, 34.883052902226908 ], [ 125.995064961359162, 34.886671941129691 ], [ 125.996707217327511, 34.887971475770655 ], [ 125.999458154393437, 34.886345166595987 ], [ 126.003396945172938, 34.88872196969313 ], [ 126.005776939022297, 34.894206170395861 ], [ 126.004064633534014, 34.895241029653398 ], [ 126.006119737528309, 34.894672810504368 ], [ 126.009593224653102, 34.899484916736178 ], [ 126.010842517281162, 34.899009666496354 ], [ 126.013814998292446, 34.90595507324884 ], [ 126.01096141264749, 34.90926919844469 ], [ 126.016170237428881, 34.909025711508541 ], [ 126.014156908498876, 34.911855387276965 ], [ 126.016737957359496, 34.912560817605062 ], [ 126.017447177645337, 34.909557529960786 ], [ 126.022941448202232, 34.906969833012923 ], [ 126.028805742779284, 34.908671334590316 ], [ 126.029417522286323, 34.910160142479917 ], [ 126.030989940658301, 34.909047106876194 ], [ 126.037209147699215, 34.91413608167786 ], [ 126.034499930399718, 34.919436326661042 ], [ 126.03624880437016, 34.919456250844114 ], [ 126.04023642986246, 34.918317270530295 ], [ 126.039727760206347, 34.915454148869564 ], [ 126.043548208181406, 34.913638805400758 ], [ 126.040156961946195, 34.912232246782175 ], [ 126.042223047040238, 34.908567360518127 ], [ 126.041962048495037, 34.910580893559775 ], [ 126.049470185908035, 34.909963555398562 ], [ 126.054904683386141, 34.912020100535969 ], [ 126.061795961839422, 34.921026668823274 ], [ 126.058607927034657, 34.924964540497548 ], [ 126.06124289880772, 34.930558803084445 ], [ 126.056100994127149, 34.934520176950201 ], [ 126.057674344061326, 34.938044030677069 ], [ 126.063272399723999, 34.932692473660865 ], [ 126.068549499726998, 34.936388128191403 ], [ 126.070854062492742, 34.935324132100462 ], [ 126.070827206417292, 34.932503721234966 ], [ 126.075238204277639, 34.933838637815711 ], [ 126.078930186054265, 34.931314722962576 ], [ 126.074482431108322, 34.924409943349943 ], [ 126.076732484008318, 34.92081933044156 ], [ 126.082098935867293, 34.919039141691009 ], [ 126.090428727696207, 34.922163551930275 ], [ 126.090692393012773, 34.917967858816461 ], [ 126.08277077696674, 34.915497977952526 ], [ 126.083737920639678, 34.9113585401875 ], [ 126.092126468436902, 34.911205150632462 ], [ 126.092185723385896, 34.909138433554979 ], [ 126.09454867495181, 34.908057321848219 ], [ 126.097534865011625, 34.910461517243135 ], [ 126.098784731676034, 34.909336995182009 ], [ 126.094694683626116, 34.904396107152529 ], [ 126.085105860079622, 34.900142776148961 ], [ 126.083590158156909, 34.895545518113195 ], [ 126.08982021685614, 34.889477558147433 ], [ 126.092503824692002, 34.891288527165514 ], [ 126.093263057189574, 34.889671104790239 ], [ 126.095866111589388, 34.890512189347589 ], [ 126.099095796974112, 34.889055503219282 ], [ 126.098575743141922, 34.885185267331046 ], [ 126.093378605484574, 34.883530997411192 ], [ 126.094333171361043, 34.880290320614129 ], [ 126.097069205672284, 34.880129376899554 ], [ 126.095374954884591, 34.876057475249489 ], [ 126.091531137757144, 34.879225594347965 ], [ 126.089891430844261, 34.878332867351936 ], [ 126.089927729495869, 34.875816416915832 ], [ 126.086919699721719, 34.87641350318475 ], [ 126.084571845756443, 34.874206778437731 ], [ 126.082485987999917, 34.876359018905021 ], [ 126.081971881609249, 34.881040035997351 ], [ 126.078891438789825, 34.881540965017919 ], [ 126.079667222544856, 34.878595460811354 ], [ 126.077761517213332, 34.876242756136655 ], [ 126.078735685042702, 34.873633805184298 ], [ 126.077654919501185, 34.871563449565976 ], [ 126.084005119548451, 34.866370297498456 ], [ 126.083084628450408, 34.865891813288215 ], [ 126.084483737821529, 34.866267520213668 ], [ 126.084540234918038, 34.864674120424006 ], [ 126.080987112986179, 34.864109375358588 ], [ 126.077870168592881, 34.865866572658121 ], [ 126.074115132662143, 34.863744170814719 ], [ 126.067449334464754, 34.86417581639347 ], [ 126.069049439573703, 34.858123882743079 ], [ 126.067073475790679, 34.860014808581198 ], [ 126.065698453251926, 34.856705846411977 ], [ 126.060541411238688, 34.856979631650383 ], [ 126.05276483269266, 34.854155048358535 ], [ 126.050143012702151, 34.855477346865776 ], [ 126.04392836140056, 34.848253062944849 ], [ 126.047266562135434, 34.846685913355188 ], [ 126.046924505650452, 34.844976257364188 ], [ 126.043037938835724, 34.845387334268764 ], [ 126.043395613337182, 34.843776299206596 ], [ 126.03821900159133, 34.850992073494858 ], [ 126.035397946356966, 34.851099918397232 ], [ 126.036213863503818, 34.852688409986072 ], [ 126.032622384317861, 34.859387527633224 ], [ 126.024514466202021, 34.85940022844462 ], [ 126.024383567451665, 34.857392124537448 ], [ 126.02254766872899, 34.856464083078905 ], [ 126.02342386944342, 34.858174473826608 ], [ 126.021623954120201, 34.862463692734984 ], [ 126.024547215192939, 34.865714304759734 ], [ 126.02324137793876, 34.868562129485824 ], [ 126.02516563531438, 34.872301672116109 ], [ 126.022403148903123, 34.872260000603617 ], [ 126.017593739172156, 34.866719488164172 ], [ 126.017364055990768, 34.863805191359241 ], [ 126.012002728228779, 34.863369365626944 ], [ 126.012112582513907, 34.861627279925344 ], [ 126.008708824154823, 34.859517744489963 ], [ 125.999194313409745, 34.866003094192564 ], [ 125.99369490037455, 34.865634131624482 ], [ 125.992203878561909, 34.863866181151863 ], [ 125.993183685754502, 34.861629524585112 ], [ 125.988228860902254, 34.86630747335915 ], [ 125.983976966945178, 34.863685957740344 ], [ 125.977498207670479, 34.864580282898075 ], [ 125.977274465627772, 34.865636022151605 ], [ 125.982881204534849, 34.867037605925915 ], [ 125.980712893001936, 34.873291558043995 ], [ 125.978524866821289, 34.874481479613031 ], [ 125.974271153375852, 34.871613805411627 ], [ 125.968680219511299, 34.871541155302154 ] ] ], [ [ [ 126.097616763763568, 34.897875350430077 ], [ 126.098649919177376, 34.898216763431655 ], [ 126.099507272362075, 34.89718703918053 ], [ 126.097616763763568, 34.897875350430077 ] ] ], [ [ [ 126.089589008751489, 34.897706935427628 ], [ 126.093472678562875, 34.899556623954048 ], [ 126.094932628976039, 34.899117015009104 ], [ 126.089589008751489, 34.897706935427628 ] ] ], [ [ [ 126.098741879970305, 34.901485863990906 ], [ 126.101851029966681, 34.902671516767377 ], [ 126.103713213535002, 34.899967179047778 ], [ 126.098741879970305, 34.901485863990906 ] ] ], [ [ [ 126.020131599438926, 34.919756091936229 ], [ 126.020038546171719, 34.919531266358078 ], [ 126.019957836289208, 34.919756914943612 ], [ 126.020131599438926, 34.919756091936229 ] ] ], [ [ [ 126.055567704533118, 34.922134128473331 ], [ 126.0558060745864, 34.922081542325216 ], [ 126.055804970628927, 34.921907799114322 ], [ 126.055567704533118, 34.922134128473331 ] ] ], [ [ [ 126.050821935106271, 34.922686305540353 ], [ 126.052965395600864, 34.922974513415234 ], [ 126.052718799832391, 34.921535400241744 ], [ 126.050821935106271, 34.922686305540353 ] ] ], [ [ [ 126.057524755290601, 34.922564028848704 ], [ 126.057156991292629, 34.922453100074975 ], [ 126.057156618050016, 34.922636629444305 ], [ 126.057524755290601, 34.922564028848704 ] ] ], [ [ [ 126.083588700652825, 34.925157964394835 ], [ 126.083277088665525, 34.925441707383065 ], [ 126.083688586615324, 34.925227590916876 ], [ 126.083588700652825, 34.925157964394835 ] ] ], [ [ [ 126.058624794521947, 34.929613951362086 ], [ 126.058930948570165, 34.929182697948917 ], [ 126.058415023596581, 34.929471443086946 ], [ 126.058624794521947, 34.929613951362086 ] ] ], [ [ [ 126.071349102081697, 34.935427755885875 ], [ 126.071162267657328, 34.935074926577975 ], [ 126.071089125207834, 34.935394479685193 ], [ 126.071349102081697, 34.935427755885875 ] ] ] ] } },
{ "type": "Feature", "properties": { "emd_cd": "46910340", "emd_nm": "비금면" }, "geometry": { "type": "MultiPolygon", "coordinates": [ [ [ [ 125.903105570603188, 34.708088291608938 ], [ 125.90219297944725, 34.707456670708936 ], [ 125.901367715068119, 34.707777724540918 ], [ 125.901359557958287, 34.708134175855278 ], [ 125.903105570603188, 34.708088291608938 ] ] ], [ [ [ 125.901927983782301, 34.712473020364406 ], [ 125.90183399620949, 34.712193822572317 ], [ 125.901520533223717, 34.712342512165861 ], [ 125.901927983782301, 34.712473020364406 ] ] ], [ [ [ 125.894313337800625, 34.713277251634437 ], [ 125.894889102728101, 34.713435416022776 ], [ 125.894749817583829, 34.712892270672015 ], [ 125.894313337800625, 34.713277251634437 ] ] ], [ [ [ 125.891293577720035, 34.71440247960529 ], [ 125.890601934636081, 34.71464004773604 ], [ 125.890543895455878, 34.714832698130422 ], [ 125.891293577720035, 34.71440247960529 ] ] ], [ [ [ 125.893107281714677, 34.71492534933094 ], [ 125.89296560335201, 34.714772523668117 ], [ 125.893056621108514, 34.714995735420764 ], [ 125.893107281714677, 34.71492534933094 ] ] ], [ [ [ 125.89081517656038, 34.715915226407894 ], [ 125.890796708223903, 34.714964744797889 ], [ 125.890314896644085, 34.715953777019074 ], [ 125.89081517656038, 34.715915226407894 ] ] ], [ [ [ 125.88945491754383, 34.716480536799672 ], [ 125.889155218963168, 34.716661489250448 ], [ 125.889139743249743, 34.716756630731481 ], [ 125.88945491754383, 34.716480536799672 ] ] ], [ [ [ 125.888358304070394, 34.717204933125053 ], [ 125.888207598072682, 34.716962072852525 ], [ 125.887518550722902, 34.717097441607372 ], [ 125.888358304070394, 34.717204933125053 ] ] ], [ [ [ 125.892379363003442, 34.718773690379336 ], [ 125.8953542892597, 34.717613625750069 ], [ 125.891531327412437, 34.715975689954021 ], [ 125.892379363003442, 34.718773690379336 ] ] ], [ [ [ 125.892158423950264, 34.720639251582014 ], [ 125.894132061067111, 34.721182987384161 ], [ 125.892743516830066, 34.720261571773712 ], [ 125.892158423950264, 34.720639251582014 ] ] ], [ [ [ 125.896875447495788, 34.721453611296631 ], [ 125.897255412040977, 34.721709067001505 ], [ 125.897438661859724, 34.721483071210137 ], [ 125.896875447495788, 34.721453611296631 ] ] ], [ [ [ 125.901877207017819, 34.721632475470727 ], [ 125.902113316167529, 34.72194237587226 ], [ 125.902414286370643, 34.721837937602992 ], [ 125.901877207017819, 34.721632475470727 ] ] ], [ [ [ 125.876177599797558, 34.727853458500341 ], [ 125.877239536186821, 34.727382290163554 ], [ 125.877325575148959, 34.727258192096421 ], [ 125.876996716305527, 34.727175495043269 ], [ 125.876177599797558, 34.727853458500341 ] ] ], [ [ [ 125.888388948886757, 34.732574506591767 ], [ 125.887727179019507, 34.732511068340038 ], [ 125.888469088134116, 34.732710496578477 ], [ 125.888388948886757, 34.732574506591767 ] ] ], [ [ [ 125.89045014900681, 34.732917163507857 ], [ 125.890372809492305, 34.733691806036681 ], [ 125.890881511239925, 34.733323084665571 ], [ 125.89045014900681, 34.732917163507857 ] ] ], [ [ [ 125.88415210487166, 34.734299340420506 ], [ 125.884070767147321, 34.733888594068389 ], [ 125.883591348060961, 34.734291347221351 ], [ 125.88415210487166, 34.734299340420506 ] ] ], [ [ [ 125.883020227941586, 34.735046083533931 ], [ 125.882703925137136, 34.736242343637358 ], [ 125.883548982903903, 34.735850612090765 ], [ 125.883020227941586, 34.735046083533931 ] ] ], [ [ [ 125.890813842261906, 34.751060461246041 ], [ 125.891786547096643, 34.750942922273133 ], [ 125.890943749911884, 34.750396607939471 ], [ 125.890813842261906, 34.751060461246041 ] ] ], [ [ [ 125.892595655746874, 34.769581020624678 ], [ 125.893315489635128, 34.769201236483937 ], [ 125.891583713330505, 34.768538453323764 ], [ 125.892595655746874, 34.769581020624678 ] ] ], [ [ [ 125.890199582439692, 34.769344166236536 ], [ 125.88854767947339, 34.769663200207056 ], [ 125.890324944126576, 34.769622990048262 ], [ 125.890199582439692, 34.769344166236536 ] ] ], [ [ [ 125.892657060998772, 34.770081956829252 ], [ 125.893482984641622, 34.770996705306246 ], [ 125.89286770132685, 34.769916142218371 ], [ 125.892657060998772, 34.770081956829252 ] ] ], [ [ [ 125.894319283737801, 34.770365434167523 ], [ 125.894018111406723, 34.771085859464364 ], [ 125.894484578840064, 34.770348576592006 ], [ 125.894319283737801, 34.770365434167523 ] ] ], [ [ [ 125.896144379526788, 34.771828859568778 ], [ 125.896188386369175, 34.771357184517605 ], [ 125.895749351637861, 34.771745142370051 ], [ 125.896144379526788, 34.771828859568778 ] ] ], [ [ [ 125.898038892149899, 34.772099937434497 ], [ 125.897846696951063, 34.771994837259761 ], [ 125.897868772223816, 34.772138487691933 ], [ 125.898038892149899, 34.772099937434497 ] ] ], [ [ [ 125.900841422202163, 34.780902821262593 ], [ 125.899311046918854, 34.781892180011383 ], [ 125.901256468414218, 34.781217800866166 ], [ 125.900841422202163, 34.780902821262593 ] ] ], [ [ [ 125.903279717372044, 34.786161263661491 ], [ 125.900966007052645, 34.78680150036795 ], [ 125.900954306413425, 34.78712883744582 ], [ 125.902139462809501, 34.788279214969563 ], [ 125.903279717372044, 34.786161263661491 ] ] ], [ [ [ 125.788641162643728, 34.7891304312489 ], [ 125.788322475634672, 34.78683562050518 ], [ 125.7868633987366, 34.787241995030236 ], [ 125.788641162643728, 34.7891304312489 ] ] ], [ [ [ 125.790217966897515, 34.78880007253823 ], [ 125.790792130621753, 34.788562991152872 ], [ 125.79017355610938, 34.788092377259154 ], [ 125.790217966897515, 34.78880007253823 ] ] ], [ [ [ 125.904820321245666, 34.714545160849909 ], [ 125.906213337227996, 34.709659768096202 ], [ 125.902496042885886, 34.709311830802768 ], [ 125.905056416327582, 34.71252959538571 ], [ 125.901516504725578, 34.715479656355605 ], [ 125.904820321245666, 34.714545160849909 ] ] ], [ [ [ 125.909277471415862, 34.71749196347649 ], [ 125.909104418884112, 34.718006522923297 ], [ 125.909180666215676, 34.718122941397468 ], [ 125.909277471415862, 34.71749196347649 ] ] ], [ [ [ 125.948568686355799, 34.741413863062654 ], [ 125.952475432675115, 34.740330116098029 ], [ 125.952780647824952, 34.739526321537099 ], [ 125.948568686355799, 34.741413863062654 ] ] ], [ [ [ 125.941850489669235, 34.745383427704944 ], [ 125.943905835681917, 34.74460919337745 ], [ 125.946196586282355, 34.740266477988726 ], [ 125.944760617149782, 34.739252326295379 ], [ 125.9405992762712, 34.743970837455585 ], [ 125.941850489669235, 34.745383427704944 ] ] ], [ [ [ 125.944400330559091, 34.744863514885225 ], [ 125.944213578529656, 34.745026473551761 ], [ 125.944481464584342, 34.744965550121201 ], [ 125.944400330559091, 34.744863514885225 ] ] ], [ [ [ 125.938183019124409, 34.749445599151159 ], [ 125.939863125749611, 34.748313725125271 ], [ 125.939630914635615, 34.745178686980132 ], [ 125.937916338577253, 34.746295376474286 ], [ 125.938183019124409, 34.749445599151159 ] ] ], [ [ [ 125.962130602663137, 34.752444230562006 ], [ 125.963095772826748, 34.749897415738147 ], [ 125.961829426094269, 34.746664410369185 ], [ 125.958978497596647, 34.747313160919376 ], [ 125.958399725683094, 34.751479576290841 ], [ 125.962130602663137, 34.752444230562006 ] ] ], [ [ [ 125.951932872593147, 34.755132623229706 ], [ 125.952746367969667, 34.75300325192962 ], [ 125.952381188582677, 34.752050342028276 ], [ 125.949982054394766, 34.754297025478543 ], [ 125.951932872593147, 34.755132623229706 ] ] ], [ [ [ 125.888282461814512, 34.742147774119303 ], [ 125.891589817280021, 34.743663645206944 ], [ 125.890359578743755, 34.745835828230199 ], [ 125.893296505318673, 34.746209969187731 ], [ 125.892886551666393, 34.748103619865958 ], [ 125.89608555935898, 34.747727609419158 ], [ 125.895354371968466, 34.751439713127986 ], [ 125.891104849261254, 34.752819125980771 ], [ 125.891794293778574, 34.7589685388945 ], [ 125.893352762492029, 34.756963309178104 ], [ 125.89515951913863, 34.759851569994872 ], [ 125.900366195299597, 34.759657055310662 ], [ 125.895026452806519, 34.761800486103461 ], [ 125.890553132089792, 34.765867647803979 ], [ 125.892974089483644, 34.768337940585624 ], [ 125.899433726715856, 34.768711935743625 ], [ 125.900175900531579, 34.770675904304177 ], [ 125.903527661775342, 34.77138349820158 ], [ 125.901924640799407, 34.773975249956891 ], [ 125.903813613902031, 34.773880419281106 ], [ 125.903936326160178, 34.775205640600099 ], [ 125.899200308269414, 34.773521760394935 ], [ 125.8983545307062, 34.774690753000456 ], [ 125.899365390576122, 34.779846404908042 ], [ 125.902969089148726, 34.778319086334328 ], [ 125.907962675326374, 34.781493819222511 ], [ 125.907703503383772, 34.776570049173898 ], [ 125.912506275224487, 34.77556198035181 ], [ 125.917193765534506, 34.776514582375498 ], [ 125.916827203569625, 34.780027869146416 ], [ 125.917274168224822, 34.776372424738724 ], [ 125.923980803685367, 34.775337468342855 ], [ 125.939467215835407, 34.776700937929846 ], [ 125.954619884011436, 34.783983321372986 ], [ 125.953255542376581, 34.788051527429531 ], [ 125.959468824508122, 34.788664416935376 ], [ 125.960912564399962, 34.785643329899337 ], [ 125.96557057904414, 34.787933937398833 ], [ 125.964318607480251, 34.790844999716832 ], [ 125.965196189517542, 34.792299891440436 ], [ 125.967401713728691, 34.791096822254076 ], [ 125.972972957116411, 34.79589377327644 ], [ 125.972866276976475, 34.798815963878681 ], [ 125.970619483333323, 34.799435133548023 ], [ 125.973321503404151, 34.801610545918294 ], [ 125.976043351979527, 34.802523580781042 ], [ 125.982917037835577, 34.800235139348032 ], [ 125.984399891669256, 34.800595031419881 ], [ 125.983488167599106, 34.80427159040093 ], [ 125.991508158113831, 34.802865833630754 ], [ 125.99229009695982, 34.806289142757471 ], [ 125.996805324635588, 34.805194232728596 ], [ 126.000658169401262, 34.794065515322714 ], [ 125.998058599347374, 34.793366659869562 ], [ 126.000336910863084, 34.789576819674856 ], [ 125.998553873219478, 34.789887812741746 ], [ 125.996063138253163, 34.78630086972661 ], [ 125.996732477994371, 34.780394618501298 ], [ 125.994835816234129, 34.781216252286264 ], [ 125.990320259746383, 34.779709377188965 ], [ 125.985000678863855, 34.774438976526277 ], [ 125.98881478641934, 34.772090740407918 ], [ 125.99685427591902, 34.771454413383445 ], [ 125.99936397279815, 34.77351782801771 ], [ 125.999748284141589, 34.766301977515404 ], [ 125.997880162524368, 34.762840958124741 ], [ 125.999113141389756, 34.761003847766126 ], [ 125.996143693245187, 34.76177207373771 ], [ 125.990209673037697, 34.759691290497287 ], [ 125.98972726453492, 34.762862662559485 ], [ 125.983486212359423, 34.760773412842553 ], [ 125.981175724123318, 34.756337962171266 ], [ 125.977130655788898, 34.753603455535519 ], [ 125.97242271674935, 34.755567116876229 ], [ 125.972786131096939, 34.759574996449778 ], [ 125.971981877608442, 34.759066898027413 ], [ 125.968131784709513, 34.759175828900091 ], [ 125.968656604794262, 34.757404227913575 ], [ 125.963802649248692, 34.753311989111886 ], [ 125.957993033065861, 34.75257752085701 ], [ 125.958927973644279, 34.761271561771224 ], [ 125.966520462914957, 34.763006353509851 ], [ 125.962868045123059, 34.762351657625906 ], [ 125.95964629769081, 34.765586718470836 ], [ 125.957152707909813, 34.764661509410111 ], [ 125.95432683891444, 34.76718754776914 ], [ 125.952522099194141, 34.765005992401434 ], [ 125.957433233031992, 34.75990599284205 ], [ 125.955668179632028, 34.757778778015478 ], [ 125.95606510372653, 34.75360766586531 ], [ 125.95312971703018, 34.753588020808834 ], [ 125.952420068551461, 34.756145408073749 ], [ 125.950853079493484, 34.755788417609182 ], [ 125.949354390347793, 34.757636869498526 ], [ 125.938929018551633, 34.754656843171361 ], [ 125.937015097465405, 34.748432263754701 ], [ 125.93328533871555, 34.749862839848156 ], [ 125.933362468187994, 34.752955693933949 ], [ 125.930678811936204, 34.754290511185587 ], [ 125.929521925890583, 34.751784479066686 ], [ 125.936206660458041, 34.747430985554466 ], [ 125.943068561588404, 34.737176858769892 ], [ 125.949513242141336, 34.733636516359319 ], [ 125.94554535326057, 34.732331740701994 ], [ 125.942434958847272, 34.735809743979928 ], [ 125.939943989658218, 34.735386765840147 ], [ 125.94283019024391, 34.730817112040683 ], [ 125.941441002562229, 34.728459989667968 ], [ 125.93893690595786, 34.729838956435238 ], [ 125.939643800542015, 34.731551680346072 ], [ 125.939332882837363, 34.731680884294683 ], [ 125.937875726006723, 34.728210982452289 ], [ 125.94178688558911, 34.726155146340091 ], [ 125.939555514850895, 34.722077143471012 ], [ 125.93583239049029, 34.720210502537917 ], [ 125.926988282717772, 34.721026292763028 ], [ 125.924430413171095, 34.717683922652817 ], [ 125.922744722254137, 34.717060922673291 ], [ 125.920943178940931, 34.719199244081267 ], [ 125.917089066449975, 34.716139442182254 ], [ 125.91432149281485, 34.718680742210118 ], [ 125.911900587539378, 34.717638936407283 ], [ 125.91098836587021, 34.721013181061252 ], [ 125.90864891003028, 34.718897391233746 ], [ 125.90340767045123, 34.722186816258095 ], [ 125.902491368141014, 34.723996255777529 ], [ 125.904404173577788, 34.723954745165585 ], [ 125.902919563077049, 34.727927235790311 ], [ 125.899751927181882, 34.72687495544659 ], [ 125.89781065872134, 34.728582973216987 ], [ 125.89386394263083, 34.728132050010686 ], [ 125.896838855493556, 34.729050298928968 ], [ 125.896680765826716, 34.73084245238261 ], [ 125.889332187716803, 34.735045621806876 ], [ 125.889116664298356, 34.737823601628641 ], [ 125.887442097937921, 34.738575496297258 ], [ 125.888282461814512, 34.742147774119303 ] ], [ [ 125.971013120537279, 34.764055459047725 ], [ 125.96885742046338, 34.76156831329773 ], [ 125.968916610029382, 34.759196808855023 ], [ 125.971884976549433, 34.759134933859812 ], [ 125.970952210573842, 34.76294327602654 ], [ 125.974487834186348, 34.763919613023447 ], [ 125.971013120537279, 34.764055459047725 ] ] ], [ [ [ 125.916490378563395, 34.781167982561399 ], [ 125.917549623941028, 34.780272603429708 ], [ 125.9161993496148, 34.780251082259554 ], [ 125.916490378563395, 34.781167982561399 ] ] ], [ [ [ 125.911861766385528, 34.781598157920314 ], [ 125.914305193571622, 34.780620862202355 ], [ 125.911804777216531, 34.781562918685239 ], [ 125.911861766385528, 34.781598157920314 ] ] ], [ [ [ 125.916330584460653, 34.781097108992483 ], [ 125.915434155002956, 34.781345036410379 ], [ 125.91637033744388, 34.78115478942928 ], [ 125.916330584460653, 34.781097108992483 ] ] ], [ [ [ 125.910622848198003, 34.781326905059245 ], [ 125.908310962823407, 34.781454854079669 ], [ 125.908316693439403, 34.781522299684951 ], [ 125.910622848198003, 34.781326905059245 ] ] ], [ [ [ 125.921507774115824, 34.782069568127028 ], [ 125.920920038380032, 34.781598596010994 ], [ 125.92100791515351, 34.782188546055316 ], [ 125.921507774115824, 34.782069568127028 ] ] ], [ [ [ 125.921376264353256, 34.78481523219326 ], [ 125.921851556782329, 34.784731521370858 ], [ 125.921046974916266, 34.78453268309714 ], [ 125.921376264353256, 34.78481523219326 ] ] ], [ [ [ 125.903882755853644, 34.785516314237391 ], [ 125.905120629404536, 34.785557376206775 ], [ 125.905680791311823, 34.784932996904281 ], [ 125.903882755853644, 34.785516314237391 ] ] ], [ [ [ 125.921476637363043, 34.7866035608902 ], [ 125.922067795122217, 34.786047432313588 ], [ 125.921161526999938, 34.785391328694864 ], [ 125.921476637363043, 34.7866035608902 ] ] ], [ [ [ 125.964333225540571, 34.789604910725025 ], [ 125.963881359600592, 34.789610974775272 ], [ 125.964329774920643, 34.789711232480492 ], [ 125.964333225540571, 34.789604910725025 ] ] ], [ [ [ 125.90466472550473, 34.789609432144729 ], [ 125.904512887208796, 34.790252538969149 ], [ 125.90486943289595, 34.790129111791529 ], [ 125.90466472550473, 34.789609432144729 ] ] ], [ [ [ 125.910282295050536, 34.792029159251676 ], [ 125.90925816438093, 34.794741702795974 ], [ 125.91272204296456, 34.793051065222564 ], [ 125.914258266789943, 34.793957621669037 ], [ 125.915718217611939, 34.792389078584002 ], [ 125.914212982895918, 34.792869240638936 ], [ 125.914043573427563, 34.789490812096133 ], [ 125.910958142681011, 34.790798390522653 ], [ 125.910391657123967, 34.787616346120963 ], [ 125.90808587407669, 34.788535180760363 ], [ 125.906654858691624, 34.791697571855138 ], [ 125.910282295050536, 34.792029159251676 ] ] ], [ [ [ 125.903352309060963, 34.793805861848334 ], [ 125.903105632036642, 34.793582255411977 ], [ 125.903081694955347, 34.793769132716577 ], [ 125.903352309060963, 34.793805861848334 ] ] ], [ [ [ 125.95602372494956, 34.798693369939251 ], [ 125.957687779895082, 34.797760976531627 ], [ 125.95506332989234, 34.799051012821273 ], [ 125.95602372494956, 34.798693369939251 ] ] ], [ [ [ 125.950078708282788, 34.800924028312245 ], [ 125.949718031741099, 34.801022278294631 ], [ 125.949663628738563, 34.801102001635023 ], [ 125.950078708282788, 34.800924028312245 ] ] ], [ [ [ 125.956898363316114, 34.807253239416276 ], [ 125.957230917290303, 34.806487995428348 ], [ 125.956574488720591, 34.807357134300162 ], [ 125.956898363316114, 34.807253239416276 ] ] ], [ [ [ 125.954685753251283, 34.813371813454964 ], [ 125.956511885656184, 34.821700025191916 ], [ 125.961160404822252, 34.822390752131405 ], [ 125.957226715945154, 34.820319449940968 ], [ 125.954685753251283, 34.813371813454964 ] ] ], [ [ [ 125.939968258982603, 34.820893823981059 ], [ 125.939679209151038, 34.821406558860261 ], [ 125.939768671767808, 34.821447341448163 ], [ 125.939968258982603, 34.820893823981059 ] ] ], [ [ [ 125.939689630638085, 34.82182352429539 ], [ 125.939641954522386, 34.821974255659008 ], [ 125.939768439440044, 34.821848782798597 ], [ 125.939689630638085, 34.82182352429539 ] ] ], [ [ [ 125.952414387870533, 34.834873554436157 ], [ 125.952078405215104, 34.834353786756367 ], [ 125.950560221516611, 34.835481600544348 ], [ 125.952414387870533, 34.834873554436157 ] ] ], [ [ [ 126.03116983931227, 34.727721173535834 ], [ 126.030578375683476, 34.727318658398346 ], [ 126.031067946238466, 34.727830356471507 ], [ 126.03116983931227, 34.727721173535834 ] ] ], [ [ [ 126.039198464204375, 34.730710234853625 ], [ 126.039274860075523, 34.727306846613203 ], [ 126.037676588505121, 34.727935062293867 ], [ 126.039198464204375, 34.730710234853625 ] ] ], [ [ [ 126.047947205392333, 34.732745167491615 ], [ 126.046875808823614, 34.732785198247434 ], [ 126.046973619940289, 34.732995633191301 ], [ 126.047947205392333, 34.732745167491615 ] ] ], [ [ [ 126.044252966844056, 34.733690940006035 ], [ 126.043619135907576, 34.732558429997404 ], [ 126.042808756467792, 34.73323361962629 ], [ 126.044252966844056, 34.733690940006035 ] ] ], [ [ [ 126.042239205006283, 34.737113025337322 ], [ 126.042294274614875, 34.734166033198278 ], [ 126.040856565092, 34.734036966826658 ], [ 126.040187087818367, 34.736608214107591 ], [ 126.042239205006283, 34.737113025337322 ] ] ], [ [ [ 126.011815506794974, 34.745124816079844 ], [ 126.014248232768622, 34.7490335669616 ], [ 126.016430480931248, 34.748231991727579 ], [ 126.017061793564224, 34.745880386470517 ], [ 126.024739086229758, 34.745551668392118 ], [ 126.023679769784451, 34.74122527355977 ], [ 126.028015411938384, 34.733799361420317 ], [ 126.027300978675285, 34.730413649910858 ], [ 126.029332487173122, 34.729392101401075 ], [ 126.029177978335696, 34.726716883377833 ], [ 126.027364435963875, 34.725789828325354 ], [ 126.028608523843374, 34.723191916810102 ], [ 126.025643041524276, 34.723069671471336 ], [ 126.024736818397599, 34.7249902386638 ], [ 126.021677468342773, 34.723531607164261 ], [ 126.018742731139554, 34.72418047486007 ], [ 126.016980292065284, 34.728648000862535 ], [ 126.017876911534401, 34.730353282776242 ], [ 126.020262084701628, 34.729961915868451 ], [ 126.017913772349047, 34.733249910740987 ], [ 126.0138806677503, 34.732725853007047 ], [ 126.015663163575141, 34.735211605436611 ], [ 126.012847547572605, 34.736870823987715 ], [ 126.014412498049055, 34.743305844745116 ], [ 126.011815506794974, 34.745124816079844 ] ] ], [ [ [ 126.035994804127156, 34.737979440724217 ], [ 126.03779792941863, 34.736719828085135 ], [ 126.036924567254445, 34.735557040995424 ], [ 126.035065403921365, 34.736940811131277 ], [ 126.035994804127156, 34.737979440724217 ] ] ], [ [ [ 126.034922431060849, 34.742722704698828 ], [ 126.035133673043731, 34.741382392411047 ], [ 126.034518207187773, 34.741539962140976 ], [ 126.034922431060849, 34.742722704698828 ] ] ], [ [ [ 125.977979027104766, 34.745364509057815 ], [ 125.977861138516275, 34.74459319363396 ], [ 125.977374642633691, 34.745433502875628 ], [ 125.977979027104766, 34.745364509057815 ] ] ], [ [ [ 126.023302013111845, 34.74636145433837 ], [ 126.022865210843293, 34.746903913897683 ], [ 126.023497430143266, 34.746558665854479 ], [ 126.023302013111845, 34.74636145433837 ] ] ], [ [ [ 126.012773971445569, 34.75195708332992 ], [ 126.012148939867458, 34.751254628450354 ], [ 126.012095477201356, 34.751982228726469 ], [ 126.012773971445569, 34.75195708332992 ] ] ], [ [ [ 126.028112135398061, 34.752415982515956 ], [ 126.029019339326595, 34.751299438853422 ], [ 126.027032167013871, 34.750958026007595 ], [ 126.028112135398061, 34.752415982515956 ] ] ], [ [ [ 126.014657593175855, 34.758616086426265 ], [ 126.014283548197795, 34.758297522307799 ], [ 126.014250333015681, 34.758832691943859 ], [ 126.014657593175855, 34.758616086426265 ] ] ], [ [ [ 126.018238494480912, 34.758873124646101 ], [ 126.017194543462921, 34.763962920015423 ], [ 126.018861403196908, 34.766176950823386 ], [ 126.020700644259662, 34.762753606735366 ], [ 126.022316130578787, 34.765034149011093 ], [ 126.026693392790619, 34.764169957224233 ], [ 126.025783365855276, 34.762379241739936 ], [ 126.029459887311504, 34.757062107814981 ], [ 126.026654467961748, 34.757616730095819 ], [ 126.028536117033738, 34.754521515833261 ], [ 126.026434048299265, 34.754814459308911 ], [ 126.0250275228275, 34.752404161606037 ], [ 126.019763934963109, 34.755027786008341 ], [ 126.021097407062101, 34.756924063355001 ], [ 126.016828561538347, 34.757756313949379 ], [ 126.018238494480912, 34.758873124646101 ] ] ], [ [ [ 126.025416215037396, 34.765903763181605 ], [ 126.025223715346968, 34.76583682580879 ], [ 126.02522373080329, 34.766071163259276 ], [ 126.025416215037396, 34.765903763181605 ] ] ], [ [ [ 126.040501532514384, 34.776383879170687 ], [ 126.040464698230963, 34.776969792213968 ], [ 126.040836141290669, 34.776574860371902 ], [ 126.040501532514384, 34.776383879170687 ] ] ], [ [ [ 126.028067189446091, 34.780615825226164 ], [ 126.033807456975239, 34.779174054599373 ], [ 126.034926722588622, 34.779901730833032 ], [ 126.034026392717251, 34.782669522952737 ], [ 126.0395600575781, 34.782165603793679 ], [ 126.036035340151059, 34.778715757941583 ], [ 126.03890100143397, 34.772870281908574 ], [ 126.033988910310242, 34.775155440646706 ], [ 126.032991374943393, 34.774356678025541 ], [ 126.031741593356884, 34.776636028468651 ], [ 126.029608876545097, 34.776158451745616 ], [ 126.029675122894503, 34.778407418816364 ], [ 126.027501606209896, 34.779251565649673 ], [ 126.028067189446091, 34.780615825226164 ] ] ], [ [ [ 126.047339505183643, 34.778698540892726 ], [ 126.04787573784985, 34.77858478033373 ], [ 126.047719128940969, 34.778386109110997 ], [ 126.047339505183643, 34.778698540892726 ] ] ], [ [ [ 126.028960411935088, 34.783977149334532 ], [ 126.027000234110034, 34.782878304744997 ], [ 126.026787711830622, 34.784583616147501 ], [ 126.028960411935088, 34.783977149334532 ] ] ], [ [ [ 126.042149563983585, 34.785501422419621 ], [ 126.041915639939219, 34.786003568239018 ], [ 126.042122269540215, 34.785831016951086 ], [ 126.042149563983585, 34.785501422419621 ] ] ], [ [ [ 125.969144573243483, 34.796346797965079 ], [ 125.968319638007358, 34.796809035784875 ], [ 125.969304064933183, 34.796674189402182 ], [ 125.969144573243483, 34.796346797965079 ] ] ], [ [ [ 126.017304633294259, 34.801589230419495 ], [ 126.017413146216001, 34.802525909604604 ], [ 126.017733387411525, 34.802666659063242 ], [ 126.017304633294259, 34.801589230419495 ] ] ], [ [ [ 126.014831735681909, 34.804734903516575 ], [ 126.014954099365156, 34.804486822595194 ], [ 126.014622869671896, 34.80464347967262 ], [ 126.014831735681909, 34.804734903516575 ] ] ], [ [ [ 126.016644771424893, 34.806722575449228 ], [ 126.01604331661359, 34.804288162688003 ], [ 126.016148675372378, 34.806849806930707 ], [ 126.016644771424893, 34.806722575449228 ] ] ], [ [ [ 126.010275804694018, 34.806060793375934 ], [ 126.009338729608615, 34.80628352717342 ], [ 126.008820075522522, 34.806697411412635 ], [ 126.010275804694018, 34.806060793375934 ] ] ], [ [ [ 126.010644031277451, 34.806241765288611 ], [ 126.010640148946024, 34.806409116140735 ], [ 126.010748356578929, 34.806246679741548 ], [ 126.010644031277451, 34.806241765288611 ] ] ], [ [ [ 126.003404245893947, 34.807052084787422 ], [ 126.002587105982059, 34.806669225599094 ], [ 126.003203336535634, 34.807369923520284 ], [ 126.003404245893947, 34.807052084787422 ] ] ], [ [ [ 125.972349617283356, 34.818541725789906 ], [ 125.972053127579429, 34.812340008619728 ], [ 125.970224910398656, 34.812006855877307 ], [ 125.968758605325561, 34.819551184039192 ], [ 125.972349617283356, 34.818541725789906 ] ] ] ] } },
{ "type": "Feature", "properties": { "emd_cd": "46910350", "emd_nm": "도초면" }, "geometry": { "type": "MultiPolygon", "coordinates": [ [ [ [ 125.837423804516902, 34.583548325274734 ], [ 125.838582489763382, 34.584517079946266 ], [ 125.839471342730718, 34.58396799227571 ], [ 125.839153889607829, 34.582738939221478 ], [ 125.837423804516902, 34.583548325274734 ] ] ], [ [ [ 125.870354182051926, 34.600365121442621 ], [ 125.874674159384995, 34.599550387796093 ], [ 125.876227976479626, 34.596098594253291 ], [ 125.870354182051926, 34.600365121442621 ] ] ], [ [ [ 125.868913630921327, 34.602018887398238 ], [ 125.868939809206879, 34.601445153268045 ], [ 125.868247617110001, 34.601793147129086 ], [ 125.868913630921327, 34.602018887398238 ] ] ], [ [ [ 125.868720093058485, 34.603289948310263 ], [ 125.867129352083737, 34.602947025251034 ], [ 125.868446672396942, 34.603700770806867 ], [ 125.868720093058485, 34.603289948310263 ] ] ], [ [ [ 125.861781135602257, 34.605594511674475 ], [ 125.862157085862876, 34.605414674420551 ], [ 125.861945147415639, 34.605181952794602 ], [ 125.861781135602257, 34.605594511674475 ] ] ], [ [ [ 125.86884934410557, 34.605512683201553 ], [ 125.869472819734114, 34.613081666654701 ], [ 125.871463404042871, 34.611552273176436 ], [ 125.872620526240084, 34.607079922214204 ], [ 125.870969014048285, 34.603103813690872 ], [ 125.86884934410557, 34.605512683201553 ] ] ], [ [ [ 125.809359121096946, 34.601943190840878 ], [ 125.816283174106303, 34.601994263869358 ], [ 125.819265688809779, 34.599695971150233 ], [ 125.819365657490039, 34.601051642878296 ], [ 125.82175074353772, 34.598494835892424 ], [ 125.822868210482596, 34.603151957913866 ], [ 125.827093209399436, 34.600944346403082 ], [ 125.827095469208814, 34.602610621787662 ], [ 125.825350762791103, 34.603207712709349 ], [ 125.826886538826386, 34.605552013671307 ], [ 125.824964125707481, 34.607512771283908 ], [ 125.825600921310681, 34.609964953294913 ], [ 125.823360372622503, 34.609472617432949 ], [ 125.822687917116966, 34.612288331581958 ], [ 125.830243086355836, 34.614621690695415 ], [ 125.832924614782087, 34.618833835609692 ], [ 125.837234644239018, 34.617557911097933 ], [ 125.84555606533867, 34.625044977201355 ], [ 125.848279967117577, 34.625597842883742 ], [ 125.846349692737832, 34.626910999231846 ], [ 125.846829342101984, 34.628460395184788 ], [ 125.856456121625342, 34.628453659547347 ], [ 125.85679995096406, 34.623765637369893 ], [ 125.858935509116606, 34.621654683847545 ], [ 125.859440619068693, 34.620659460309071 ], [ 125.858027737294648, 34.622184007905425 ], [ 125.856847928814545, 34.619713870350516 ], [ 125.853135241705914, 34.619213808492532 ], [ 125.855306683231845, 34.617630502175111 ], [ 125.859706807005338, 34.619707021942027 ], [ 125.85780319265703, 34.617397185306878 ], [ 125.85996681364179, 34.613875204471924 ], [ 125.858399048896587, 34.61290043886104 ], [ 125.858426011905706, 34.610265044635632 ], [ 125.859364321547986, 34.608229042060422 ], [ 125.861770874057456, 34.607627741525604 ], [ 125.861619421886815, 34.604087590971012 ], [ 125.856053710631514, 34.6043495628358 ], [ 125.850629293784124, 34.598059447446396 ], [ 125.847209972088564, 34.598535246161035 ], [ 125.847406152013974, 34.596630870269287 ], [ 125.843306005165687, 34.594161645825984 ], [ 125.831583036959302, 34.596251530986542 ], [ 125.8282621024088, 34.597696768626754 ], [ 125.828779491618661, 34.599573391956234 ], [ 125.827193590301974, 34.598855044956878 ], [ 125.826060390086255, 34.60021881349342 ], [ 125.825855630260733, 34.59861827077529 ], [ 125.821714936780438, 34.598224151011486 ], [ 125.821411334937864, 34.59564233403534 ], [ 125.817421273212616, 34.59191889410689 ], [ 125.812441402280882, 34.592287214148868 ], [ 125.808876797560771, 34.594378813276485 ], [ 125.811029903675646, 34.597825045423079 ], [ 125.809359121096946, 34.601943190840878 ] ] ], [ [ [ 125.812108422768034, 34.611340190594774 ], [ 125.811892288864399, 34.611028310817431 ], [ 125.811448600427497, 34.611487962227855 ], [ 125.812108422768034, 34.611340190594774 ] ] ], [ [ [ 125.86794164786852, 34.616625355807898 ], [ 125.869013158912111, 34.614559960381811 ], [ 125.868991330873399, 34.613645630839578 ], [ 125.868080657324825, 34.614661097123019 ], [ 125.86794164786852, 34.616625355807898 ] ] ], [ [ [ 125.810020316605659, 34.621943128923988 ], [ 125.811670953577291, 34.618921567317848 ], [ 125.817712575707901, 34.613343674968995 ], [ 125.820901213876994, 34.612563143511586 ], [ 125.821467503678448, 34.610735267645538 ], [ 125.817945388500704, 34.609160453656251 ], [ 125.813877832875392, 34.610058818990098 ], [ 125.812471952452611, 34.612369542953438 ], [ 125.814897820520727, 34.613338270505722 ], [ 125.814130469212628, 34.615565544021727 ], [ 125.808339109452888, 34.617384593631549 ], [ 125.806035340661083, 34.620058031033906 ], [ 125.810020316605659, 34.621943128923988 ] ] ], [ [ [ 125.873888697688045, 34.615597909815506 ], [ 125.873666816681279, 34.615291510329662 ], [ 125.873401318855457, 34.61605917055509 ], [ 125.873888697688045, 34.615597909815506 ] ] ], [ [ [ 125.873050894108175, 34.616094418424474 ], [ 125.872640211225615, 34.6161456208849 ], [ 125.872509726668639, 34.61643145555842 ], [ 125.873050894108175, 34.616094418424474 ] ] ], [ [ [ 125.796503222557305, 34.61635254779199 ], [ 125.796633345933117, 34.61603118076102 ], [ 125.796439372311227, 34.616309805396334 ], [ 125.796503222557305, 34.61635254779199 ] ] ], [ [ [ 125.873143894478957, 34.61619115760584 ], [ 125.872809096879863, 34.616348541072902 ], [ 125.87276030556302, 34.616482322076585 ], [ 125.873143894478957, 34.61619115760584 ] ] ], [ [ [ 125.867592210737328, 34.617391014843875 ], [ 125.867679478280195, 34.616748751121484 ], [ 125.867524857807368, 34.617388991693637 ], [ 125.867592210737328, 34.617391014843875 ] ] ], [ [ [ 125.879773205779983, 34.619457050369149 ], [ 125.879657867063628, 34.619676132105532 ], [ 125.879817205750641, 34.619472057172551 ], [ 125.879773205779983, 34.619457050369149 ] ] ], [ [ [ 125.863174755147583, 34.62260366240281 ], [ 125.865768077003793, 34.620659122222698 ], [ 125.865394627735043, 34.619765910403579 ], [ 125.863174755147583, 34.62260366240281 ] ] ], [ [ [ 125.878741541252637, 34.620957945268124 ], [ 125.877017845310135, 34.620963593972021 ], [ 125.875853063899044, 34.622216701987533 ], [ 125.878741541252637, 34.620957945268124 ] ] ], [ [ [ 125.851782846896555, 34.655516832423501 ], [ 125.852053731663332, 34.656367263868724 ], [ 125.852516050276023, 34.655292101688318 ], [ 125.851782846896555, 34.655516832423501 ] ] ], [ [ [ 125.850475618184717, 34.661905942241447 ], [ 125.849227433945771, 34.661894152654632 ], [ 125.848717277682212, 34.663193585012408 ], [ 125.849547995415676, 34.663234534558534 ], [ 125.850475618184717, 34.661905942241447 ] ] ], [ [ [ 125.847619845862681, 34.674240954332795 ], [ 125.848452568401555, 34.673745188574763 ], [ 125.846924425701374, 34.674112929612285 ], [ 125.847619845862681, 34.674240954332795 ] ] ], [ [ [ 125.850599386661258, 34.674309086333594 ], [ 125.84866073728746, 34.675056303919469 ], [ 125.848739865241967, 34.675732388250431 ], [ 125.85021953377499, 34.67550256204661 ], [ 125.850599386661258, 34.674309086333594 ] ] ], [ [ [ 125.881817707460939, 34.564030186959521 ], [ 125.881639411894724, 34.563852439790544 ], [ 125.881749164473021, 34.564133956269089 ], [ 125.881817707460939, 34.564030186959521 ] ] ], [ [ [ 125.882347747826742, 34.562390864428366 ], [ 125.886975997958402, 34.567651093026626 ], [ 125.890561112131991, 34.56566832618676 ], [ 125.890109594454231, 34.563712192940756 ], [ 125.888082962866619, 34.564057849244264 ], [ 125.885456181613463, 34.561811859892522 ], [ 125.882347747826742, 34.562390864428366 ] ] ], [ [ [ 125.884345069909727, 34.566260876661339 ], [ 125.884217943447211, 34.566256729707739 ], [ 125.884215740683842, 34.566270707995805 ], [ 125.884345069909727, 34.566260876661339 ] ] ], [ [ [ 125.886867677090407, 34.571868818757054 ], [ 125.886361900565177, 34.571843539891191 ], [ 125.886329532308594, 34.572067471605962 ], [ 125.886867677090407, 34.571868818757054 ] ] ], [ [ [ 125.886024580215775, 34.572507867087474 ], [ 125.886102143686429, 34.572366878832725 ], [ 125.885495466060263, 34.572555419196277 ], [ 125.886024580215775, 34.572507867087474 ] ] ], [ [ [ 125.90111464938218, 34.573547099305863 ], [ 125.902323284523803, 34.573521906022272 ], [ 125.902677183731669, 34.57326027513254 ], [ 125.90111464938218, 34.573547099305863 ] ] ], [ [ [ 125.896126928415313, 34.5741774775219 ], [ 125.896781032667803, 34.573603233778549 ], [ 125.896169248313484, 34.573777719567829 ], [ 125.896126928415313, 34.5741774775219 ] ] ], [ [ [ 125.910238784080391, 34.57495697722733 ], [ 125.910349958455612, 34.574346563163239 ], [ 125.910012865115121, 34.574969713000186 ], [ 125.910238784080391, 34.57495697722733 ] ] ], [ [ [ 125.911120001647632, 34.57483743241648 ], [ 125.911375590129964, 34.574675546340693 ], [ 125.911061422382289, 34.574823649804109 ], [ 125.911120001647632, 34.57483743241648 ] ] ], [ [ [ 125.897761982578388, 34.575589079914437 ], [ 125.896616266856199, 34.57485355382078 ], [ 125.897278154794961, 34.575912824921367 ], [ 125.897761982578388, 34.575589079914437 ] ] ], [ [ [ 125.908066069140716, 34.5755758032819 ], [ 125.908349034378276, 34.575007257817632 ], [ 125.907415511334406, 34.575794986160844 ], [ 125.908066069140716, 34.5755758032819 ] ] ], [ [ [ 125.907301965673113, 34.576414903529361 ], [ 125.907719281433486, 34.576083753094501 ], [ 125.906908540246746, 34.576378115248829 ], [ 125.907301965673113, 34.576414903529361 ] ] ], [ [ [ 125.906261748969314, 34.576884406767896 ], [ 125.907467476838818, 34.576837702058519 ], [ 125.907690376974784, 34.576440162005646 ], [ 125.906261748969314, 34.576884406767896 ] ] ], [ [ [ 125.907039992655214, 34.585637472676765 ], [ 125.907172211742136, 34.585406805072587 ], [ 125.906934400364889, 34.58544990389148 ], [ 125.907039992655214, 34.585637472676765 ] ] ], [ [ [ 125.906883123968015, 34.585819587020382 ], [ 125.906684853945933, 34.585817700508422 ], [ 125.9068462724466, 34.586034208766705 ], [ 125.906883123968015, 34.585819587020382 ] ] ], [ [ [ 125.890998508564309, 34.596291830866051 ], [ 125.890456727876611, 34.596528008928949 ], [ 125.890411743326652, 34.596595887712972 ], [ 125.890998508564309, 34.596291830866051 ] ] ], [ [ [ 125.878138841225976, 34.606977140990132 ], [ 125.873713125580821, 34.615000921168374 ], [ 125.879777013341879, 34.609159080482598 ], [ 125.882180232570917, 34.609621418224776 ], [ 125.882383201063789, 34.611284143716958 ], [ 125.883270192317255, 34.608744766155873 ], [ 125.887095225563414, 34.608628853628311 ], [ 125.885945152078307, 34.605931722724151 ], [ 125.889001832091395, 34.60340132666343 ], [ 125.886568607774151, 34.60305985990275 ], [ 125.885249086815477, 34.604940532042903 ], [ 125.882765836395905, 34.603782417199575 ], [ 125.882352376720291, 34.607371426205717 ], [ 125.878138841225976, 34.606977140990132 ] ] ], [ [ [ 125.880773060285165, 34.619333557594175 ], [ 125.880871545095076, 34.618770887766807 ], [ 125.879898140323235, 34.619441289293547 ], [ 125.880773060285165, 34.619333557594175 ] ] ], [ [ [ 125.882744258150737, 34.650848266699711 ], [ 125.883470366055064, 34.649851945764659 ], [ 125.882489655427875, 34.650363031354743 ], [ 125.882744258150737, 34.650848266699711 ] ] ], [ [ [ 125.884742067295377, 34.65118409485256 ], [ 125.885240222554998, 34.650322196840158 ], [ 125.884199761593891, 34.651042569907347 ], [ 125.884742067295377, 34.65118409485256 ] ] ], [ [ [ 125.885396594314528, 34.652176626437473 ], [ 125.888390050914069, 34.654677172891553 ], [ 125.894413763149842, 34.652539149518837 ], [ 125.890557436205896, 34.652042297640804 ], [ 125.889256881541428, 34.650267120353291 ], [ 125.885396594314528, 34.652176626437473 ] ] ], [ [ [ 125.882394240677442, 34.655175012595059 ], [ 125.882077708810456, 34.655117772717645 ], [ 125.882396412972724, 34.655206544360247 ], [ 125.882394240677442, 34.655175012595059 ] ] ], [ [ [ 125.911996258730682, 34.567925841298688 ], [ 125.913931671928992, 34.567287593980339 ], [ 125.915258928872802, 34.567478831235974 ], [ 125.912385946565308, 34.565522514859929 ], [ 125.911996258730682, 34.567925841298688 ] ] ], [ [ [ 125.95161771263524, 34.653588964737274 ], [ 125.958933853544806, 34.653436241789755 ], [ 125.959346366550008, 34.652108732081039 ], [ 125.95161771263524, 34.653588964737274 ] ] ], [ [ [ 125.950357620411026, 34.658320388697689 ], [ 125.950741927459831, 34.658315886057544 ], [ 125.951005398727318, 34.658166364629764 ], [ 125.950357620411026, 34.658320388697689 ] ] ], [ [ [ 125.946726119617622, 34.662637511103512 ], [ 125.946998314646336, 34.661983548051438 ], [ 125.946965862337265, 34.661817207251254 ], [ 125.946726119617622, 34.662637511103512 ] ] ], [ [ [ 125.928193207881748, 34.667215462265865 ], [ 125.928387958625578, 34.667067107240996 ], [ 125.928222162548806, 34.667047061571935 ], [ 125.928193207881748, 34.667215462265865 ] ] ], [ [ [ 125.932889891587919, 34.670108955080956 ], [ 125.932431324232667, 34.668179325971373 ], [ 125.931491916782619, 34.670317953314147 ], [ 125.932889891587919, 34.670108955080956 ] ] ], [ [ [ 125.924644817481195, 34.670512421356491 ], [ 125.925020624416803, 34.669719577615524 ], [ 125.924649648790634, 34.669508400365075 ], [ 125.924644817481195, 34.670512421356491 ] ] ], [ [ [ 125.921186952622861, 34.676787334046537 ], [ 125.921281831915181, 34.676331964811503 ], [ 125.920865957745406, 34.676549457001698 ], [ 125.921186952622861, 34.676787334046537 ] ] ], [ [ [ 126.010880798365193, 34.682730350427107 ], [ 126.010745501980836, 34.682898159973107 ], [ 126.010799749090168, 34.682957307571243 ], [ 126.010880798365193, 34.682730350427107 ] ] ], [ [ [ 126.010452476654621, 34.685492789847039 ], [ 126.013791079576592, 34.686656569787132 ], [ 126.01553765970138, 34.685388221136996 ], [ 126.01477068997842, 34.683076958198257 ], [ 126.010452476654621, 34.685492789847039 ] ] ], [ [ [ 126.013475366450606, 34.693228381837812 ], [ 126.012037546211886, 34.693403257658602 ], [ 126.013491267691748, 34.693354135530733 ], [ 126.013475366450606, 34.693228381837812 ] ] ], [ [ [ 125.914656857370872, 34.68613033134104 ], [ 125.916338272901669, 34.693251066141514 ], [ 125.914653303581204, 34.696428744337439 ], [ 125.917848078511753, 34.700845500554948 ], [ 125.914707236403515, 34.704019377635305 ], [ 125.917414747788342, 34.705819488688 ], [ 125.915654115821695, 34.711397885480501 ], [ 125.927889050013405, 34.712207841435514 ], [ 125.929720970797973, 34.713964945817189 ], [ 125.931861996884138, 34.713663666963598 ], [ 125.932878803014901, 34.715592793571574 ], [ 125.93710413112521, 34.715923920489935 ], [ 125.936462426371278, 34.714767350766763 ], [ 125.937982046965999, 34.715456035208355 ], [ 125.942137471690486, 34.713256775074896 ], [ 125.946700674165726, 34.71461266405678 ], [ 125.947259513193416, 34.717697144454874 ], [ 125.945932999703629, 34.718598679990279 ], [ 125.947240148036073, 34.723104557693802 ], [ 125.958006242109249, 34.731499480561531 ], [ 125.961648612800019, 34.737059878983715 ], [ 125.964776585472066, 34.735726894786914 ], [ 125.966030048048466, 34.733645829468053 ], [ 125.965029362981866, 34.732080814106112 ], [ 125.967423507085613, 34.731653920754717 ], [ 125.968055703756221, 34.72643390173608 ], [ 125.972180824077284, 34.726163873763504 ], [ 125.975580804523347, 34.721471826700977 ], [ 125.975412501776447, 34.71816126005988 ], [ 125.979014990384627, 34.715682484307344 ], [ 125.981972148501185, 34.721963929877163 ], [ 125.990496519271844, 34.71924162730852 ], [ 125.989868626492623, 34.715881650445247 ], [ 125.992695097567179, 34.713869851926297 ], [ 125.990294055772722, 34.710694186335012 ], [ 125.999769699861574, 34.702705344435593 ], [ 126.009803809496972, 34.703193974960584 ], [ 126.011572285602668, 34.701515742833422 ], [ 126.013750636658258, 34.702765038371602 ], [ 126.012276300333085, 34.700654102387766 ], [ 126.013571040314062, 34.698164225941589 ], [ 126.00978598123082, 34.697315676518251 ], [ 126.011365370548873, 34.696440545892386 ], [ 126.009152049238679, 34.693118931423477 ], [ 126.010608641982174, 34.690403533468505 ], [ 126.007620942441633, 34.687365718170213 ], [ 126.007869358947147, 34.685573877849755 ], [ 126.005122749862181, 34.685440155860562 ], [ 126.00354538545119, 34.689665432036676 ], [ 126.002803728111033, 34.689484806101269 ], [ 126.004611952213807, 34.685242877627822 ], [ 125.9991209385052, 34.683386342712907 ], [ 125.997227754643546, 34.684305297735129 ], [ 125.993946239218332, 34.679635870912435 ], [ 125.991161128109525, 34.680304472498811 ], [ 125.987856167265747, 34.678739226021975 ], [ 125.987026821923948, 34.673520282526574 ], [ 125.986582833540069, 34.675009374420064 ], [ 125.97929709603919, 34.673392088280515 ], [ 125.979048416397731, 34.668410297197767 ], [ 125.97643555645557, 34.666889756308677 ], [ 125.978907726442031, 34.665304001217422 ], [ 125.978405557177481, 34.662644692635183 ], [ 125.975275873503534, 34.661708199573788 ], [ 125.974391294659185, 34.659222406269606 ], [ 125.967779764590489, 34.659046201957551 ], [ 125.964981066575504, 34.65692632882562 ], [ 125.961161131004459, 34.65814996515757 ], [ 125.959028444169405, 34.656329044114031 ], [ 125.953924735814553, 34.658387429976102 ], [ 125.953080250467124, 34.66132791138525 ], [ 125.955094953991036, 34.661789415555162 ], [ 125.953224852437174, 34.665655346322232 ], [ 125.955957272435469, 34.665468355381741 ], [ 125.958250247660843, 34.668890162357123 ], [ 125.953711005718247, 34.672809725792554 ], [ 125.947993107744296, 34.672293574045582 ], [ 125.947667637912289, 34.669129574495052 ], [ 125.949566454982786, 34.668742157296187 ], [ 125.94504616775572, 34.666386525408768 ], [ 125.939417980762627, 34.66838602371881 ], [ 125.940709384394083, 34.666238930022899 ], [ 125.940288482572001, 34.664423480816744 ], [ 125.938268827329935, 34.668284942040522 ], [ 125.933887845519422, 34.670775095352873 ], [ 125.935707377565379, 34.673606115291193 ], [ 125.933480396300823, 34.675307631215752 ], [ 125.934254347003616, 34.677195677872874 ], [ 125.932077527211462, 34.680501412595319 ], [ 125.930788565650957, 34.678874140109293 ], [ 125.92679732174993, 34.678956052217039 ], [ 125.925627821358361, 34.674145140410324 ], [ 125.923790226276139, 34.672760729152607 ], [ 125.925304287966114, 34.671885551335507 ], [ 125.924854427752891, 34.671206732412628 ], [ 125.922687750005451, 34.672574769429502 ], [ 125.920665338560156, 34.671688963289334 ], [ 125.923824373833071, 34.680662814369846 ], [ 125.918345795788795, 34.678935043568863 ], [ 125.918327289118253, 34.677202944250439 ], [ 125.915825975284562, 34.680866956274194 ], [ 125.917568039703525, 34.682773682671773 ], [ 125.917253978969441, 34.684999665525481 ], [ 125.922910556717156, 34.686803236219554 ], [ 125.920865283462604, 34.687132264419105 ], [ 125.91910479425448, 34.690113058915117 ], [ 125.917782850392783, 34.687146558703056 ], [ 125.914656857370872, 34.68613033134104 ] ] ], [ [ [ 126.008462261787415, 34.704880581494805 ], [ 126.007758730826296, 34.704611834685821 ], [ 126.008344675913733, 34.705168513613664 ], [ 126.008462261787415, 34.704880581494805 ] ] ], [ [ [ 125.914199828347222, 34.709511811549461 ], [ 125.913888231521724, 34.709205965244138 ], [ 125.91385470573573, 34.709621681412358 ], [ 125.914199828347222, 34.709511811549461 ] ] ], [ [ [ 125.99804529917941, 34.713235539847474 ], [ 126.003340913111145, 34.711998482122368 ], [ 126.003795900006793, 34.709296269458527 ], [ 126.000211447104206, 34.710470093097669 ], [ 125.99804529917941, 34.713235539847474 ] ] ], [ [ [ 125.976441150060126, 34.717918724948376 ], [ 125.976987411547938, 34.718255194457939 ], [ 125.977132872069149, 34.71789665407821 ], [ 125.976441150060126, 34.717918724948376 ] ] ], [ [ [ 126.004816062550958, 34.723079005933037 ], [ 126.009815476710699, 34.721549603189487 ], [ 126.009952121633333, 34.721093350280782 ], [ 126.004816062550958, 34.723079005933037 ] ] ], [ [ [ 125.997265749325393, 34.729890491218569 ], [ 126.001943304735477, 34.727757613991898 ], [ 126.000008318483196, 34.725588539027548 ], [ 125.997265749325393, 34.729890491218569 ] ] ], [ [ [ 125.994006111276292, 34.730853235355397 ], [ 125.995943938146112, 34.728077597532582 ], [ 125.994899576578618, 34.726183416222597 ], [ 125.992157808361824, 34.727805757753664 ], [ 125.991852268470609, 34.730525486068792 ], [ 125.994006111276292, 34.730853235355397 ] ] ], [ [ [ 125.987487074507712, 34.73278546498738 ], [ 125.98871044604293, 34.732473051481591 ], [ 125.987320311378511, 34.732193536545452 ], [ 125.987487074507712, 34.73278546498738 ] ] ], [ [ [ 125.985951314934653, 34.736677566863236 ], [ 125.986951940169604, 34.739710099554664 ], [ 125.988824885609219, 34.738115266449221 ], [ 125.985951314934653, 34.736677566863236 ] ] ] ] } },
{ "type": "Feature", "properties": { "emd_cd": "46910360", "emd_nm": "흑산면" }, "geometry": { "type": "MultiPolygon", "coordinates": [ [ [ [ 125.094840986152946, 34.063495972990218 ], [ 125.095147697707034, 34.062925674240844 ], [ 125.094455312677468, 34.062953363796801 ], [ 125.094840986152946, 34.063495972990218 ] ] ], [ [ [ 125.085590702949503, 34.074626174587941 ], [ 125.095158424164012, 34.07394099901375 ], [ 125.095955350829044, 34.077173446017476 ], [ 125.095079007504751, 34.080008045993743 ], [ 125.096730098453179, 34.083227149116134 ], [ 125.095376455575774, 34.085001236286601 ], [ 125.096534156056961, 34.086176407559904 ], [ 125.095871122656547, 34.090283112796925 ], [ 125.098084219444218, 34.092715674680207 ], [ 125.097340093703949, 34.096186594447438 ], [ 125.106647676173381, 34.094081811324116 ], [ 125.10844501997758, 34.095332806993504 ], [ 125.111150731391859, 34.093886023492779 ], [ 125.110012779118264, 34.092807732056229 ], [ 125.115128166948992, 34.086504258126098 ], [ 125.123206062337374, 34.086768010388496 ], [ 125.118839444223866, 34.082085810103145 ], [ 125.120083484922844, 34.073606113601322 ], [ 125.130305418364912, 34.062138494973183 ], [ 125.139046859955926, 34.058186962926285 ], [ 125.144030984498016, 34.05093630193425 ], [ 125.13904850613325, 34.051725467360725 ], [ 125.124790773351705, 34.0478188730048 ], [ 125.129048621826001, 34.049571566524705 ], [ 125.126668011121751, 34.051533901889023 ], [ 125.126060363670732, 34.050012187313001 ], [ 125.125385784675586, 34.051662245288526 ], [ 125.121505680427418, 34.048223754989742 ], [ 125.120775953240624, 34.050779056523425 ], [ 125.116508670175577, 34.052246315014131 ], [ 125.113393804272363, 34.063457424400909 ], [ 125.103073442762692, 34.070063087314047 ], [ 125.096953746864457, 34.071922284572089 ], [ 125.094284611759079, 34.0705653938086 ], [ 125.085590702949503, 34.074626174587941 ] ] ], [ [ [ 125.083678647100797, 34.075564241382921 ], [ 125.083257523514632, 34.075451022302659 ], [ 125.083437400588281, 34.07569230330472 ], [ 125.083678647100797, 34.075564241382921 ] ] ], [ [ [ 125.084549488931003, 34.07573077764954 ], [ 125.084034899894164, 34.075216175624 ], [ 125.08382282400872, 34.075998722554701 ], [ 125.084549488931003, 34.07573077764954 ] ] ], [ [ [ 125.093149244086817, 34.09710892803114 ], [ 125.094342318504758, 34.096499100273732 ], [ 125.09287580239652, 34.096702363981777 ], [ 125.093149244086817, 34.09710892803114 ] ] ], [ [ [ 125.092431177075113, 34.098360813392354 ], [ 125.093379130688817, 34.097985270297386 ], [ 125.092097086787575, 34.097525329115101 ], [ 125.092431177075113, 34.098360813392354 ] ] ], [ [ [ 125.098627560811764, 34.106300911901521 ], [ 125.098269680491512, 34.105525121338353 ], [ 125.097573137933125, 34.106047377294445 ], [ 125.098627560811764, 34.106300911901521 ] ] ], [ [ [ 125.092409138933647, 34.114538756217179 ], [ 125.092331647975897, 34.113801919226162 ], [ 125.091669797675522, 34.114229597989734 ], [ 125.092409138933647, 34.114538756217179 ] ] ], [ [ [ 125.095538292921674, 34.116464855899146 ], [ 125.094871720282228, 34.115584731490792 ], [ 125.094487839724465, 34.116928176323775 ], [ 125.095538292921674, 34.116464855899146 ] ] ], [ [ [ 125.083389929741571, 34.118029084059579 ], [ 125.085169734332055, 34.11802649902063 ], [ 125.085558212021979, 34.116768990884346 ], [ 125.084237989046414, 34.116816776437219 ], [ 125.083389929741571, 34.118029084059579 ] ] ], [ [ [ 125.077852654842076, 34.117672363017682 ], [ 125.078485526261701, 34.118043056006961 ], [ 125.078382984137633, 34.117609528932718 ], [ 125.077852654842076, 34.117672363017682 ] ] ], [ [ [ 125.187236027797979, 34.666625836845142 ], [ 125.187269385912742, 34.665090845211537 ], [ 125.186733050692396, 34.666708268737267 ], [ 125.187236027797979, 34.666625836845142 ] ] ], [ [ [ 125.186116871511004, 34.66602949734677 ], [ 125.186175051079445, 34.66611420864308 ], [ 125.186179926526975, 34.666033230354643 ], [ 125.186116871511004, 34.66602949734677 ] ] ], [ [ [ 125.179718499205748, 34.665993952522605 ], [ 125.179395157007875, 34.666310907236038 ], [ 125.179747168823738, 34.666438245183095 ], [ 125.179718499205748, 34.665993952522605 ] ] ], [ [ [ 125.181782367078938, 34.667031323786176 ], [ 125.181959635429337, 34.667066343574461 ], [ 125.181946464607904, 34.666929370891246 ], [ 125.181782367078938, 34.667031323786176 ] ] ], [ [ [ 125.187126931337076, 34.667055703366131 ], [ 125.187363925021529, 34.667019683260349 ], [ 125.187215252364581, 34.666978319414916 ], [ 125.187126931337076, 34.667055703366131 ] ] ], [ [ [ 125.182670574785433, 34.667017831116638 ], [ 125.182890434840985, 34.66727070817241 ], [ 125.183008533353998, 34.66722855146795 ], [ 125.182670574785433, 34.667017831116638 ] ] ], [ [ [ 125.177994169921035, 34.674010233316196 ], [ 125.177140960431245, 34.673159190418467 ], [ 125.176498499964367, 34.673746091592498 ], [ 125.176761958879624, 34.674165708154099 ], [ 125.177994169921035, 34.674010233316196 ] ] ], [ [ [ 125.174787903859922, 34.674059430657373 ], [ 125.174602056467421, 34.674309710794496 ], [ 125.174871931916414, 34.674422349011415 ], [ 125.174787903859922, 34.674059430657373 ] ] ], [ [ [ 125.174346507623255, 34.674179594969367 ], [ 125.1742318241471, 34.674535947532391 ], [ 125.174392637047077, 34.674450539327957 ], [ 125.174346507623255, 34.674179594969367 ] ] ], [ [ [ 125.172886181938523, 34.674571030933897 ], [ 125.172875044781307, 34.674772954036229 ], [ 125.172931265774082, 34.674773698409595 ], [ 125.172886181938523, 34.674571030933897 ] ] ], [ [ [ 125.180611876915108, 34.683157830986055 ], [ 125.180578751813258, 34.683207707632739 ], [ 125.180605412184448, 34.683212405018253 ], [ 125.180611876915108, 34.683157830986055 ] ] ], [ [ [ 125.180759283170758, 34.68324622122433 ], [ 125.180779914812433, 34.683198879684653 ], [ 125.180734206852563, 34.683181135863848 ], [ 125.180759283170758, 34.68324622122433 ] ] ], [ [ [ 125.181442004022102, 34.683495885283449 ], [ 125.181478414364264, 34.68354613374332 ], [ 125.181517953555456, 34.683522218896996 ], [ 125.181442004022102, 34.683495885283449 ] ] ], [ [ [ 125.182513626488543, 34.683642108925895 ], [ 125.182578083303142, 34.683645702702016 ], [ 125.18254279816378, 34.683616804262513 ], [ 125.182513626488543, 34.683642108925895 ] ] ], [ [ [ 125.181785821146818, 34.683767784689294 ], [ 125.181815253879947, 34.683817316000429 ], [ 125.181827401791423, 34.683758275377926 ], [ 125.181785821146818, 34.683767784689294 ] ] ], [ [ [ 125.186111922933293, 34.684733552693437 ], [ 125.18612396700594, 34.684768593004797 ], [ 125.186147935128929, 34.684755214789824 ], [ 125.186111922933293, 34.684733552693437 ] ] ], [ [ [ 125.186161838806626, 34.684868999196908 ], [ 125.186247036992668, 34.684856641219568 ], [ 125.186186857122806, 34.684795522310381 ], [ 125.186161838806626, 34.684868999196908 ] ] ], [ [ [ 125.186193367667428, 34.684890621531927 ], [ 125.18621517635259, 34.68494967276164 ], [ 125.186226421070543, 34.684912879428218 ], [ 125.186193367667428, 34.684890621531927 ] ] ], [ [ [ 125.186150622336513, 34.685116896004359 ], [ 125.186181285768299, 34.685181162274056 ], [ 125.186166919006908, 34.685104079455961 ], [ 125.186150622336513, 34.685116896004359 ] ] ], [ [ [ 125.186189553828427, 34.685245734823965 ], [ 125.186217930969889, 34.68532527048847 ], [ 125.186237948966792, 34.685296926511555 ], [ 125.186189553828427, 34.685245734823965 ] ] ], [ [ [ 125.186002211605114, 34.685705733934398 ], [ 125.186032717197577, 34.685695778807954 ], [ 125.186000754971843, 34.68568649728806 ], [ 125.186002211605114, 34.685705733934398 ] ] ], [ [ [ 125.184575596575542, 34.68628554244215 ], [ 125.184591717029576, 34.686265333126315 ], [ 125.184567443996499, 34.686266169898872 ], [ 125.184575596575542, 34.68628554244215 ] ] ], [ [ [ 125.184530194189733, 34.686318608793798 ], [ 125.184556767611426, 34.686327341695865 ], [ 125.184557625306752, 34.686318549139656 ], [ 125.184530194189733, 34.686318608793798 ] ] ], [ [ [ 125.185260217327439, 34.686531320439414 ], [ 125.18535967857828, 34.686592358302953 ], [ 125.185354410196851, 34.686544332560857 ], [ 125.185260217327439, 34.686531320439414 ] ] ], [ [ [ 125.177184522536322, 34.686830173323372 ], [ 125.177387259417685, 34.686587884704565 ], [ 125.177257360575098, 34.686570717860981 ], [ 125.177184522536322, 34.686830173323372 ] ] ], [ [ [ 125.185089497202412, 34.686925791455735 ], [ 125.185140757374867, 34.686986192127364 ], [ 125.185175902026586, 34.686920734464252 ], [ 125.185089497202412, 34.686925791455735 ] ] ], [ [ [ 125.177144250888361, 34.687349796924273 ], [ 125.180875992573363, 34.686998462776529 ], [ 125.181100595205137, 34.686001182113934 ], [ 125.178178420384853, 34.685926418937058 ], [ 125.177144250888361, 34.687349796924273 ] ] ], [ [ [ 125.183068099920533, 34.687304430029201 ], [ 125.183143532563236, 34.687321652208198 ], [ 125.183144401000831, 34.687290923081633 ], [ 125.183098945108171, 34.6873054310702 ], [ 125.183078737627994, 34.687301957081537 ], [ 125.183068562099265, 34.687303751966091 ], [ 125.183068099920533, 34.687304430029201 ] ] ], [ [ [ 125.183088839051919, 34.687356931653881 ], [ 125.183146775999816, 34.687394360439093 ], [ 125.183152595185916, 34.687367751858481 ], [ 125.183088839051919, 34.687356931653881 ] ] ], [ [ [ 125.182869868784564, 34.687707526820979 ], [ 125.183027995623348, 34.688401236473666 ], [ 125.183206698489869, 34.688473534709786 ], [ 125.182869868784564, 34.687707526820979 ] ] ], [ [ [ 125.177310918990557, 34.688435744149253 ], [ 125.177295597430501, 34.68854674853182 ], [ 125.177407192862219, 34.688482248427803 ], [ 125.177310918990557, 34.688435744149253 ] ] ], [ [ [ 125.188822001403821, 34.716888178199206 ], [ 125.188809250269728, 34.715536530677767 ], [ 125.187820243536251, 34.716363036607603 ], [ 125.188822001403821, 34.716888178199206 ] ] ], [ [ [ 125.189622421500601, 34.717649096958212 ], [ 125.18982724839438, 34.716658513020832 ], [ 125.189060413290079, 34.717127810873677 ], [ 125.189622421500601, 34.717649096958212 ] ] ], [ [ [ 125.186702141036108, 34.71753903001008 ], [ 125.188336085428034, 34.71725204015236 ], [ 125.188005059688351, 34.716820095384186 ], [ 125.186702141036108, 34.71753903001008 ] ] ], [ [ [ 125.18736140099108, 34.718972687365131 ], [ 125.188459343934099, 34.718419654570063 ], [ 125.187548548015187, 34.718485630818719 ], [ 125.18736140099108, 34.718972687365131 ] ] ], [ [ [ 125.187967185372955, 34.720697796468038 ], [ 125.18976725133119, 34.719519374075709 ], [ 125.188812218360027, 34.718997657007179 ], [ 125.187967185372955, 34.720697796468038 ] ] ], [ [ [ 125.289260291980938, 34.39789747776765 ], [ 125.29182712126736, 34.39092884743107 ], [ 125.298386394474903, 34.391160669139701 ], [ 125.299183682480461, 34.392986309141328 ], [ 125.297454820142661, 34.394433469480624 ], [ 125.2994639058617, 34.395637753866261 ], [ 125.302350597862059, 34.390915558596959 ], [ 125.308366944587988, 34.390660970479026 ], [ 125.310284938993902, 34.389289452904279 ], [ 125.309829424442455, 34.387801466554663 ], [ 125.312227711489413, 34.38698988029865 ], [ 125.309729257328513, 34.386111718368717 ], [ 125.307126176342067, 34.382383597879688 ], [ 125.305811588640978, 34.384767419166984 ], [ 125.29963548926905, 34.387747072763922 ], [ 125.296445162009903, 34.384755506573967 ], [ 125.296186118060888, 34.381687215117658 ], [ 125.293393944338419, 34.384341152704181 ], [ 125.293963761476249, 34.386625848456809 ], [ 125.291207336993367, 34.38934918045674 ], [ 125.290496865675252, 34.392793472274143 ], [ 125.286303433488214, 34.396040075784448 ], [ 125.286858905906996, 34.39898436404922 ], [ 125.282832546770862, 34.402934676521163 ], [ 125.283944805651714, 34.403511730529928 ], [ 125.289260291980938, 34.39789747776765 ] ] ], [ [ [ 125.292357917952529, 34.399310145044304 ], [ 125.291948944147563, 34.398865117499007 ], [ 125.291862451750447, 34.399646877221116 ], [ 125.292357917952529, 34.399310145044304 ] ] ], [ [ [ 125.281882517417912, 34.431036703823814 ], [ 125.285043915321594, 34.42933856409131 ], [ 125.284858176822922, 34.426584627047013 ], [ 125.288642721566319, 34.424703650628707 ], [ 125.28652413049403, 34.423447283748509 ], [ 125.287028541062341, 34.421870769693371 ], [ 125.284437625382935, 34.418502079550436 ], [ 125.282427109202914, 34.420442418917425 ], [ 125.284081026534452, 34.422477476260759 ], [ 125.28346374912779, 34.424096195406996 ], [ 125.279321485138126, 34.425587264449625 ], [ 125.278324561943109, 34.42933976991258 ], [ 125.281882517417912, 34.431036703823814 ] ] ], [ [ [ 125.283242957339823, 34.44135170559403 ], [ 125.288566429194304, 34.446072411150801 ], [ 125.288251962278238, 34.448232419630976 ], [ 125.290955919187965, 34.451286531034015 ], [ 125.29251684078632, 34.450307904152893 ], [ 125.293437617616178, 34.440346731631948 ], [ 125.289543091597224, 34.439929572139832 ], [ 125.287593299563582, 34.435693024061656 ], [ 125.285064037230981, 34.434908281124855 ], [ 125.284319565372115, 34.436055206228211 ], [ 125.282163147815965, 34.434913401029092 ], [ 125.278482022594503, 34.435827250244031 ], [ 125.283875679389283, 34.438795186169116 ], [ 125.283242957339823, 34.44135170559403 ] ] ], [ [ [ 125.299805104375579, 34.452817799717074 ], [ 125.299286477790119, 34.453479643058181 ], [ 125.299878615141125, 34.453174400797622 ], [ 125.299805104375579, 34.452817799717074 ] ] ], [ [ [ 125.299421829932655, 34.459763698422215 ], [ 125.297759325451764, 34.46007116548914 ], [ 125.299680862824744, 34.461345505931781 ], [ 125.299421829932655, 34.459763698422215 ] ] ], [ [ [ 125.299953283415775, 34.461547254179585 ], [ 125.29881609919002, 34.461942344976109 ], [ 125.300181588721685, 34.461715850359845 ], [ 125.299953283415775, 34.461547254179585 ] ] ], [ [ [ 125.193595038306057, 34.671724309801469 ], [ 125.193181262248501, 34.672047034856234 ], [ 125.193490738755258, 34.672206157245128 ], [ 125.193595038306057, 34.671724309801469 ] ] ], [ [ [ 125.194507925658669, 34.672790265933912 ], [ 125.19430376022072, 34.673197126090841 ], [ 125.194466442613574, 34.673303841785675 ], [ 125.194507925658669, 34.672790265933912 ] ] ], [ [ [ 125.195688004104468, 34.673219923293928 ], [ 125.195853261470717, 34.673548351006296 ], [ 125.19591740913522, 34.673484941832839 ], [ 125.195688004104468, 34.673219923293928 ] ] ], [ [ [ 125.194985263813976, 34.673591989105354 ], [ 125.195359075306115, 34.673522255323356 ], [ 125.195119189484558, 34.673226536484648 ], [ 125.194985263813976, 34.673591989105354 ] ] ], [ [ [ 125.194452504911951, 34.673783758086252 ], [ 125.194159511273128, 34.673398871767219 ], [ 125.194045692743572, 34.673412081874105 ], [ 125.194452504911951, 34.673783758086252 ] ] ], [ [ [ 125.194638060456484, 34.674080042697653 ], [ 125.194250240873743, 34.674256618973466 ], [ 125.194618814018128, 34.674374976359971 ], [ 125.194638060456484, 34.674080042697653 ] ] ], [ [ [ 125.195578307103546, 34.674148838274441 ], [ 125.19562835970271, 34.674572923074543 ], [ 125.195725896015887, 34.67457108760717 ], [ 125.195578307103546, 34.674148838274441 ] ] ], [ [ [ 125.196115882961507, 34.674667045848771 ], [ 125.196535029742478, 34.673804792781198 ], [ 125.196026956976908, 34.673879607299604 ], [ 125.196115882961507, 34.674667045848771 ] ] ], [ [ [ 125.195203273467641, 34.674465645929097 ], [ 125.195115511500362, 34.67421782167547 ], [ 125.195117752170859, 34.674455753318696 ], [ 125.195203273467641, 34.674465645929097 ] ] ], [ [ [ 125.196768061304269, 34.6743347909931 ], [ 125.197070139523163, 34.674535442491909 ], [ 125.196945123843022, 34.674254099562937 ], [ 125.196768061304269, 34.6743347909931 ] ] ], [ [ [ 125.194010045300089, 34.674383434339234 ], [ 125.19315382954963, 34.674614832590997 ], [ 125.194104300415958, 34.674915200572947 ], [ 125.194010045300089, 34.674383434339234 ] ] ], [ [ [ 125.200963683785176, 34.681435195028449 ], [ 125.202454959984379, 34.680314952304244 ], [ 125.201153552951695, 34.679871390391988 ], [ 125.200963683785176, 34.681435195028449 ] ] ], [ [ [ 125.199919253766282, 34.68101996673817 ], [ 125.199784436280282, 34.681253663977465 ], [ 125.199975520518407, 34.681285752962431 ], [ 125.199919253766282, 34.68101996673817 ] ] ], [ [ [ 125.204289404136759, 34.68300622860675 ], [ 125.204519237860325, 34.683129170967824 ], [ 125.204431851985319, 34.68293750766005 ], [ 125.204289404136759, 34.68300622860675 ] ] ], [ [ [ 125.196267817138889, 34.683173260201649 ], [ 125.196256506924257, 34.683372605911572 ], [ 125.196484435532852, 34.683201289707718 ], [ 125.196267817138889, 34.683173260201649 ] ] ], [ [ [ 125.209449302475463, 34.691421248507922 ], [ 125.209241769082467, 34.691573394418654 ], [ 125.209289725650251, 34.691587555690894 ], [ 125.209314703136812, 34.691582452364976 ], [ 125.209449302475463, 34.691421248507922 ] ] ], [ [ [ 125.182894705349753, 34.683188215089075 ], [ 125.183134676404563, 34.687209736391267 ], [ 125.185790466980151, 34.684766364273429 ], [ 125.18645235161766, 34.684525321413794 ], [ 125.188674187888211, 34.684656324929847 ], [ 125.192745248818852, 34.688250902892861 ], [ 125.194608165156382, 34.698112704442664 ], [ 125.201602046843007, 34.705365402638115 ], [ 125.201565945769715, 34.706814750475054 ], [ 125.201018520204883, 34.706628490575319 ], [ 125.200218307750845, 34.70718724267919 ], [ 125.201841093404497, 34.708205058020241 ], [ 125.199860176382174, 34.70920140762572 ], [ 125.201817570278749, 34.710771112257724 ], [ 125.200617050059179, 34.711515424936451 ], [ 125.201521274435166, 34.715799792205125 ], [ 125.201955919928281, 34.711542834833551 ], [ 125.209602394593858, 34.713964498034471 ], [ 125.211640583479792, 34.7158678574067 ], [ 125.213122686811801, 34.712637294295007 ], [ 125.214679433803582, 34.712398266573423 ], [ 125.213861328160192, 34.708249509819694 ], [ 125.216092158719263, 34.70648870397406 ], [ 125.213321544269903, 34.704682146666116 ], [ 125.212105792159662, 34.700535064475091 ], [ 125.213896210761277, 34.697244602814386 ], [ 125.211214594682389, 34.696665579175665 ], [ 125.208450890303027, 34.694103196629804 ], [ 125.207827156046463, 34.689265938835625 ], [ 125.203074843167002, 34.682178387103015 ], [ 125.200409820358118, 34.681685349929822 ], [ 125.198949051266837, 34.683315999411484 ], [ 125.193284716990178, 34.684420709680204 ], [ 125.190345119449006, 34.67890815232068 ], [ 125.192526346552285, 34.674955527715028 ], [ 125.187400808499874, 34.676387711360327 ], [ 125.185921407033291, 34.675020417347248 ], [ 125.187468987079711, 34.671953660956603 ], [ 125.185827570100884, 34.666855119514047 ], [ 125.18350172739008, 34.668637097372219 ], [ 125.180911905073387, 34.667381922979324 ], [ 125.178604157117064, 34.67234697227569 ], [ 125.179054310842957, 34.676409464742747 ], [ 125.17645051210657, 34.680012289588092 ], [ 125.176917322802282, 34.681899719290215 ], [ 125.181088347720177, 34.681648546670779 ], [ 125.182894705349753, 34.683188215089075 ] ] ], [ [ [ 125.20895336577847, 34.691652321062534 ], [ 125.20919827067155, 34.691990654157649 ], [ 125.20930486013124, 34.691943364224727 ], [ 125.20895336577847, 34.691652321062534 ] ] ], [ [ [ 125.209708311048942, 34.693972137297216 ], [ 125.209661194823198, 34.694108247746136 ], [ 125.209801746653483, 34.694101869666653 ], [ 125.209708311048942, 34.693972137297216 ] ] ], [ [ [ 125.210003263081035, 34.693968416882797 ], [ 125.21008788300486, 34.694126472424209 ], [ 125.210265175614609, 34.694021332365978 ], [ 125.210003263081035, 34.693968416882797 ] ] ], [ [ [ 125.210418695013431, 34.694424950305731 ], [ 125.210588128317838, 34.694291079031366 ], [ 125.210397995076221, 34.694316070397342 ], [ 125.210418695013431, 34.694424950305731 ] ] ], [ [ [ 125.210703447924828, 34.694802025836317 ], [ 125.210438498681256, 34.694901056275548 ], [ 125.210785243569191, 34.694920581931925 ], [ 125.210703447924828, 34.694802025836317 ] ] ], [ [ [ 125.212365644262476, 34.695320942060675 ], [ 125.212177174308422, 34.695720229798233 ], [ 125.212622198156353, 34.695500924651029 ], [ 125.212365644262476, 34.695320942060675 ] ] ], [ [ [ 125.211716665267915, 34.696382377668982 ], [ 125.21197622766654, 34.696412570180492 ], [ 125.211701232495273, 34.69624163444692 ], [ 125.211716665267915, 34.696382377668982 ] ] ], [ [ [ 125.199108029846073, 34.703059013937903 ], [ 125.199122887465577, 34.703206202829719 ], [ 125.199218762920069, 34.703149660868895 ], [ 125.199108029846073, 34.703059013937903 ] ] ], [ [ [ 125.199196425815998, 34.70324768535756 ], [ 125.199323935099613, 34.703260729197254 ], [ 125.199232131285882, 34.70317834757526 ], [ 125.199196425815998, 34.70324768535756 ] ] ], [ [ [ 125.200660279708856, 34.706638237772218 ], [ 125.200343949683486, 34.706846719293743 ], [ 125.200357629614501, 34.706845470508078 ], [ 125.200363127756916, 34.706851617297637 ], [ 125.200398807963964, 34.706866042280737 ], [ 125.200406010753767, 34.706866049627145 ], [ 125.200660279708856, 34.706638237772218 ] ] ], [ [ [ 125.199293161902148, 34.708518993209921 ], [ 125.199304670406875, 34.70875319445225 ], [ 125.199456103798809, 34.708701169503215 ], [ 125.199293161902148, 34.708518993209921 ] ] ], [ [ [ 125.199855430053972, 34.709412719686064 ], [ 125.199615713855863, 34.709344445598774 ], [ 125.199584476340334, 34.709526687612644 ], [ 125.199855430053972, 34.709412719686064 ] ] ], [ [ [ 125.210750381414542, 34.715758726406285 ], [ 125.210024159256392, 34.715393292769477 ], [ 125.210694844083989, 34.715917316549572 ], [ 125.210750381414542, 34.715758726406285 ] ] ], [ [ [ 125.191384378201434, 34.715637911716605 ], [ 125.191399935259383, 34.715823550254711 ], [ 125.191459031305854, 34.715813360901215 ], [ 125.191384378201434, 34.715637911716605 ] ] ], [ [ [ 125.191782680880806, 34.715807057067863 ], [ 125.191753915389143, 34.716065769231491 ], [ 125.191820719026992, 34.71582557528933 ], [ 125.191782680880806, 34.715807057067863 ] ] ], [ [ [ 125.202788182155658, 34.718255114497744 ], [ 125.203132961916594, 34.717562772196118 ], [ 125.202804368283211, 34.7175390120603 ], [ 125.202788182155658, 34.718255114497744 ] ] ], [ [ [ 125.203623961652951, 34.718722401492094 ], [ 125.203451288535803, 34.718766069501868 ], [ 125.203562145367641, 34.718896018567229 ], [ 125.203623961652951, 34.718722401492094 ] ] ], [ [ [ 125.203449455362986, 34.719143139666478 ], [ 125.2036130992323, 34.719256924144354 ], [ 125.203630456827526, 34.719161520342965 ], [ 125.203449455362986, 34.719143139666478 ] ] ], [ [ [ 125.196415204186692, 34.719729197879531 ], [ 125.196537062636239, 34.719947621767794 ], [ 125.196632058460395, 34.719726634197073 ], [ 125.196415204186692, 34.719729197879531 ] ] ], [ [ [ 125.196705962575308, 34.720218465927509 ], [ 125.198319169802602, 34.720448151910531 ], [ 125.197771811669071, 34.719770113220797 ], [ 125.196705962575308, 34.720218465927509 ] ] ], [ [ [ 125.199023366940693, 34.725187807305112 ], [ 125.200030309860267, 34.724611774817767 ], [ 125.200480126004834, 34.72351699556814 ], [ 125.198782913291254, 34.723730650010062 ], [ 125.199023366940693, 34.725187807305112 ] ] ], [ [ [ 125.201395370770129, 34.724635643098146 ], [ 125.199391749575554, 34.72516108334213 ], [ 125.198722411051051, 34.725663517851082 ], [ 125.199495338233021, 34.725959438733248 ], [ 125.201395370770129, 34.724635643098146 ] ] ], [ [ [ 125.200559849541847, 34.725768803803568 ], [ 125.201645031563302, 34.725184370416883 ], [ 125.200338205135935, 34.725754945507099 ], [ 125.200559849541847, 34.725768803803568 ] ] ], [ [ [ 125.314020466755721, 34.387566573517013 ], [ 125.315425547959819, 34.386577107798068 ], [ 125.313815404846565, 34.387190208441723 ], [ 125.314020466755721, 34.387566573517013 ] ] ], [ [ [ 125.300286717475501, 34.404047629573292 ], [ 125.30157639139378, 34.403736432337844 ], [ 125.300288128626192, 34.403742641924524 ], [ 125.300286717475501, 34.404047629573292 ] ] ], [ [ [ 125.300119307054516, 34.452015595328071 ], [ 125.30074226848798, 34.45079254452196 ], [ 125.299264023243353, 34.452252730898579 ], [ 125.300119307054516, 34.452015595328071 ] ] ], [ [ [ 125.303011017305494, 34.467293856594225 ], [ 125.302793448232023, 34.46676086943517 ], [ 125.302542483752177, 34.467139745329149 ], [ 125.303011017305494, 34.467293856594225 ] ] ], [ [ [ 125.407473969892919, 34.623485396250295 ], [ 125.407295495532026, 34.624129680913924 ], [ 125.407736889074968, 34.623417935042951 ], [ 125.407473969892919, 34.623485396250295 ] ] ], [ [ [ 125.399676961273371, 34.627671103141758 ], [ 125.399713298733872, 34.628097349013338 ], [ 125.399978653427155, 34.627992172096704 ], [ 125.399676961273371, 34.627671103141758 ] ] ], [ [ [ 125.399101358733532, 34.627984290307005 ], [ 125.39906514680051, 34.62855763183704 ], [ 125.399488842506187, 34.628291597982866 ], [ 125.399101358733532, 34.627984290307005 ] ] ], [ [ [ 125.392448052523193, 34.629013990406847 ], [ 125.392470763001, 34.629024258473464 ], [ 125.392651987283955, 34.629061313458742 ], [ 125.392502594019817, 34.628989653656411 ], [ 125.392448052523193, 34.629013990406847 ] ] ], [ [ [ 125.39789682965187, 34.62988798141572 ], [ 125.398980893526044, 34.628770855686554 ], [ 125.397492864038071, 34.629899289267478 ], [ 125.39789682965187, 34.62988798141572 ] ] ], [ [ [ 125.392735471134458, 34.629292067522734 ], [ 125.392770288480861, 34.629381224328064 ], [ 125.392800949404972, 34.629357527831814 ], [ 125.392735471134458, 34.629292067522734 ] ] ], [ [ [ 125.39243324395602, 34.629273254035276 ], [ 125.392557037224108, 34.629414292235467 ], [ 125.392624891010954, 34.629261830123376 ], [ 125.39243324395602, 34.629273254035276 ] ] ], [ [ [ 125.395725082792822, 34.629139596165004 ], [ 125.395903040522043, 34.629629239535802 ], [ 125.39624344078652, 34.629148988631457 ], [ 125.395725082792822, 34.629139596165004 ] ] ], [ [ [ 125.391046484115634, 34.634527813005931 ], [ 125.391152637783492, 34.634583725720582 ], [ 125.391090262017343, 34.634310230184795 ], [ 125.391046484115634, 34.634527813005931 ] ] ], [ [ [ 125.415337598629392, 34.640493789171572 ], [ 125.415413741238609, 34.640910625119105 ], [ 125.415614770985485, 34.640623613326461 ], [ 125.415337598629392, 34.640493789171572 ] ] ], [ [ [ 125.415098850679371, 34.641022806761868 ], [ 125.414245242988812, 34.640853546375617 ], [ 125.413925540338852, 34.641467032855452 ], [ 125.415098850679371, 34.641022806761868 ] ] ], [ [ [ 125.412570743211205, 34.64195624646711 ], [ 125.412658192302501, 34.641221693582018 ], [ 125.412400353978526, 34.642010096471765 ], [ 125.412570743211205, 34.64195624646711 ] ] ], [ [ [ 125.417319199915255, 34.641881839955801 ], [ 125.416598285647595, 34.641538988179953 ], [ 125.416528896631846, 34.641651777319105 ], [ 125.417319199915255, 34.641881839955801 ] ] ], [ [ [ 125.417128386961167, 34.642154169785258 ], [ 125.417295401276661, 34.642136573981446 ], [ 125.417343718348164, 34.642029621528948 ], [ 125.417128386961167, 34.642154169785258 ] ] ], [ [ [ 125.413476042618129, 34.642346137961489 ], [ 125.414364991735894, 34.642166030292515 ], [ 125.413174458624837, 34.642203886411856 ], [ 125.412754115512101, 34.6428963380284 ], [ 125.413476042618129, 34.642346137961489 ] ] ], [ [ [ 125.419700924890435, 34.644231410548244 ], [ 125.419941547713307, 34.643437252289225 ], [ 125.41949715569352, 34.643652966212855 ], [ 125.419700924890435, 34.644231410548244 ] ] ], [ [ [ 125.3945187973613, 34.650002601552643 ], [ 125.394554073771999, 34.650144201615014 ], [ 125.394577164291746, 34.650008490206559 ], [ 125.3945187973613, 34.650002601552643 ] ] ], [ [ [ 125.421908050209296, 34.658908849159779 ], [ 125.422178902643353, 34.658967319849069 ], [ 125.422295571282689, 34.658705730706764 ], [ 125.421857062336784, 34.658863718052622 ], [ 125.421186708239119, 34.658479329833618 ], [ 125.420875481366451, 34.658543614233558 ], [ 125.421908050209296, 34.658908849159779 ] ] ], [ [ [ 125.425352542051485, 34.659688183740066 ], [ 125.425461531774374, 34.659823626131669 ], [ 125.425540475528322, 34.659711658794045 ], [ 125.425352542051485, 34.659688183740066 ] ] ], [ [ [ 125.425837624645709, 34.659766486580885 ], [ 125.42577371882598, 34.659909220818555 ], [ 125.425891587961814, 34.659784804568723 ], [ 125.425837624645709, 34.659766486580885 ] ] ], [ [ [ 125.422437607810949, 34.660998953266358 ], [ 125.421921763433318, 34.660260094402126 ], [ 125.42162842768353, 34.660677942564874 ], [ 125.422437607810949, 34.660998953266358 ] ] ], [ [ [ 125.430699771209703, 34.688420808052918 ], [ 125.43171590452657, 34.687968152198927 ], [ 125.429742691428416, 34.687449408733343 ], [ 125.430842824407208, 34.687163710319865 ], [ 125.427801214287655, 34.687271862384328 ], [ 125.429421975267388, 34.684839259459196 ], [ 125.434466534420395, 34.68599171348955 ], [ 125.434441256951459, 34.684227795996932 ], [ 125.440985995710903, 34.683551358019251 ], [ 125.442766748342308, 34.685837091714951 ], [ 125.444284293487243, 34.685370705300635 ], [ 125.444477598719928, 34.688664772534977 ], [ 125.438094509068648, 34.688684828600991 ], [ 125.44335813133857, 34.689608516773646 ], [ 125.445578574978185, 34.693034349571221 ], [ 125.444428469320343, 34.69449441144296 ], [ 125.452165772039663, 34.688702026070928 ], [ 125.455243886973903, 34.690854956223831 ], [ 125.453331788907121, 34.693513951758781 ], [ 125.454969583666482, 34.694866636090254 ], [ 125.458417175852389, 34.692249952034793 ], [ 125.462255247650091, 34.692748234621817 ], [ 125.463487303372588, 34.690133303555633 ], [ 125.463269126335049, 34.687790779201642 ], [ 125.459178185477953, 34.686349942611763 ], [ 125.460017999130613, 34.685046243201143 ], [ 125.457726997544086, 34.680989764468769 ], [ 125.454835666613079, 34.682900934787462 ], [ 125.456297749663548, 34.684896446308528 ], [ 125.454323579724331, 34.686573718897421 ], [ 125.450272967185526, 34.685631331514841 ], [ 125.448182667985336, 34.681866139397499 ], [ 125.445636909663421, 34.682952361140146 ], [ 125.443228056372433, 34.681919838072147 ], [ 125.445565451577593, 34.677626948715179 ], [ 125.442108004342728, 34.675250297360947 ], [ 125.441155233132307, 34.672417498397969 ], [ 125.439874038599129, 34.675406816157171 ], [ 125.437760606196605, 34.675047508160738 ], [ 125.439687198333345, 34.669733431410179 ], [ 125.4373970764929, 34.665265442077668 ], [ 125.434358265167845, 34.669435006705221 ], [ 125.433397135361687, 34.669419627135177 ], [ 125.435793953428401, 34.661925570074956 ], [ 125.432727268716775, 34.662252383282556 ], [ 125.431803869013834, 34.66074460560008 ], [ 125.429547017886264, 34.662588443253355 ], [ 125.429205483112938, 34.66048477669591 ], [ 125.425040563278742, 34.661201383016646 ], [ 125.425128290598408, 34.6624837339754 ], [ 125.424564041658058, 34.663545440131642 ], [ 125.422358443850044, 34.661339568066161 ], [ 125.421201651563109, 34.662035114071003 ], [ 125.419888952918029, 34.658366619954236 ], [ 125.421903215390799, 34.657726596537515 ], [ 125.42280101497218, 34.65294569516368 ], [ 125.420853585552123, 34.651055424458264 ], [ 125.424460554843193, 34.64600078835452 ], [ 125.421647429486512, 34.644151039017665 ], [ 125.417339867383362, 34.644916632535455 ], [ 125.415266633758918, 34.642143260283198 ], [ 125.412528976752142, 34.64348818625303 ], [ 125.411643036138656, 34.643114394071922 ], [ 125.412570266058282, 34.640835608426805 ], [ 125.409561083622975, 34.635291318691266 ], [ 125.40991488558609, 34.631682312270534 ], [ 125.403294671320936, 34.628866613076475 ], [ 125.400187990158159, 34.625569736087925 ], [ 125.400490664943163, 34.630072234917442 ], [ 125.399522984786884, 34.631596445780453 ], [ 125.393348812466229, 34.635670369781174 ], [ 125.387560125243482, 34.642096589877042 ], [ 125.391357722532902, 34.643152261716203 ], [ 125.391971924503778, 34.645790456523187 ], [ 125.398333368898349, 34.644224963465611 ], [ 125.399615653710214, 34.647670028136119 ], [ 125.397491118962066, 34.649176623084429 ], [ 125.397018466014515, 34.651833045409028 ], [ 125.39351294309391, 34.650186915191767 ], [ 125.391016348080072, 34.650870247874948 ], [ 125.387271069281212, 34.657019883865672 ], [ 125.38845069327509, 34.659758851535607 ], [ 125.397357637495688, 34.661085834224494 ], [ 125.39585225894325, 34.667900831720097 ], [ 125.396969209536891, 34.673379316767836 ], [ 125.400271260945999, 34.677155297249072 ], [ 125.404971019322304, 34.67843322771823 ], [ 125.404648146533361, 34.680462360463736 ], [ 125.406207811617918, 34.679931170605663 ], [ 125.406898052331528, 34.683093883212337 ], [ 125.409175217288251, 34.682012603733533 ], [ 125.408617377878301, 34.683899137584206 ], [ 125.409922979663392, 34.684894737463026 ], [ 125.407470965886631, 34.686290874275961 ], [ 125.410316279459124, 34.687206500936597 ], [ 125.406483752062229, 34.689710379617296 ], [ 125.41003709585857, 34.692356753511085 ], [ 125.408893968492805, 34.693487470683181 ], [ 125.41076900460483, 34.696046218869895 ], [ 125.416400875425154, 34.698399015798785 ], [ 125.42168494956961, 34.696441603519347 ], [ 125.425267291664525, 34.696332988986995 ], [ 125.42727118113315, 34.697844744191009 ], [ 125.430309277850952, 34.696327063494671 ], [ 125.429899602935194, 34.692836874507158 ], [ 125.430125033354344, 34.692263812741515 ], [ 125.43123293290671, 34.692729772973529 ], [ 125.431631958390966, 34.692257042908203 ], [ 125.42681318336615, 34.690497807177252 ], [ 125.426964648777044, 34.68825415820897 ], [ 125.430699771209703, 34.688420808052918 ] ], [ [ 125.429818932217373, 34.688139132380797 ], [ 125.429621504271964, 34.687831756110782 ], [ 125.429889623378827, 34.6880718423673 ], [ 125.429818932217373, 34.688139132380797 ] ] ], [ [ [ 125.36852271280766, 34.679987136885366 ], [ 125.379858637621638, 34.679240800471405 ], [ 125.378564294304979, 34.679288375386562 ], [ 125.377968557326426, 34.676305259210942 ], [ 125.369749477070641, 34.666971631661013 ], [ 125.367495026660507, 34.669424865965588 ], [ 125.363661931238454, 34.67014574373313 ], [ 125.361994263577415, 34.675941726461581 ], [ 125.36852271280766, 34.679987136885366 ] ] ], [ [ [ 125.405799495413547, 34.680417620496456 ], [ 125.405875148969045, 34.6802572329768 ], [ 125.405781239120202, 34.680257409524351 ], [ 125.405799495413547, 34.680417620496456 ] ] ], [ [ [ 125.378451873792784, 34.680302640064944 ], [ 125.378150995612955, 34.680675555263896 ], [ 125.378606551286126, 34.680511186918814 ], [ 125.378451873792784, 34.680302640064944 ] ] ], [ [ [ 125.406036023796787, 34.68156597333914 ], [ 125.406001103603415, 34.681604398333562 ], [ 125.406020685310352, 34.681618769050225 ], [ 125.406036023796787, 34.68156597333914 ] ] ], [ [ [ 125.406001103603415, 34.681604398333562 ], [ 125.405954704894768, 34.681646260226707 ], [ 125.405982018223582, 34.681654585293487 ], [ 125.406001103603415, 34.681604398333562 ] ] ], [ [ [ 125.380144725752217, 34.683391960986107 ], [ 125.392077269124314, 34.692274569548445 ], [ 125.395042232286798, 34.692121490307613 ], [ 125.389942102422339, 34.688832714859899 ], [ 125.385114717016975, 34.682717544160603 ], [ 125.380371555165283, 34.68175733995826 ], [ 125.380144725752217, 34.683391960986107 ] ] ], [ [ [ 125.397530952795506, 34.692789120506355 ], [ 125.39579134695957, 34.691447215065075 ], [ 125.395028078592517, 34.692522471408367 ], [ 125.395914711864663, 34.692908060067609 ], [ 125.397530952795506, 34.692789120506355 ] ] ], [ [ [ 125.389137802421999, 34.696446128640162 ], [ 125.392730211819696, 34.693658363868565 ], [ 125.391617989198124, 34.692488888143394 ], [ 125.389527176055893, 34.693849561305427 ], [ 125.389137802421999, 34.696446128640162 ] ] ], [ [ [ 125.388360406463789, 34.695831286165564 ], [ 125.388238506306763, 34.696050967643991 ], [ 125.388551972075788, 34.695880373966332 ], [ 125.388360406463789, 34.695831286165564 ] ] ], [ [ [ 125.393844943467172, 34.697026045530379 ], [ 125.393636193462854, 34.696366083434455 ], [ 125.393358786125731, 34.696918802388694 ], [ 125.393844943467172, 34.697026045530379 ] ] ], [ [ [ 125.42620141033585, 34.697344233979301 ], [ 125.426287142225107, 34.697447243480987 ], [ 125.426385311610588, 34.697324105764551 ], [ 125.42620141033585, 34.697344233979301 ] ] ], [ [ [ 125.387244856892067, 34.697443361541175 ], [ 125.387299336185137, 34.697582558363692 ], [ 125.387422718610068, 34.697452576530509 ], [ 125.387244856892067, 34.697443361541175 ] ] ], [ [ [ 125.428390182415939, 34.697456682921981 ], [ 125.428640122729689, 34.697649615477516 ], [ 125.428690335701972, 34.697438944249612 ], [ 125.428390182415939, 34.697456682921981 ] ] ], [ [ [ 125.387189116832531, 34.697608452539981 ], [ 125.387066518131931, 34.697768845218455 ], [ 125.387148063265059, 34.697788807748687 ], [ 125.387189116832531, 34.697608452539981 ] ] ], [ [ [ 125.425597310637912, 34.698431053921936 ], [ 125.425847642801912, 34.698489135409119 ], [ 125.425902124854062, 34.698228669662612 ], [ 125.425597310637912, 34.698431053921936 ] ] ], [ [ [ 125.395705560175088, 34.698979445365417 ], [ 125.395351022547771, 34.69868460000226 ], [ 125.395099728987887, 34.699067565221462 ], [ 125.395705560175088, 34.698979445365417 ] ] ], [ [ [ 125.405865048153714, 34.718767624424515 ], [ 125.408832994887888, 34.715744344549414 ], [ 125.40633496669534, 34.714294390102886 ], [ 125.404475718876114, 34.716783584048443 ], [ 125.405865048153714, 34.718767624424515 ] ] ], [ [ [ 125.406686368285165, 34.719270009603107 ], [ 125.407325437400843, 34.719395470858991 ], [ 125.40715000227793, 34.718813740651264 ], [ 125.406686368285165, 34.719270009603107 ] ] ], [ [ [ 125.429706251569243, 34.745388960164227 ], [ 125.429776888433665, 34.744851086130325 ], [ 125.429193249385364, 34.745364852586349 ], [ 125.429706251569243, 34.745388960164227 ] ] ], [ [ [ 125.430351663949153, 34.74622008193969 ], [ 125.43051163865934, 34.74594686298672 ], [ 125.430150564743855, 34.746186086060632 ], [ 125.430351663949153, 34.74622008193969 ] ] ], [ [ [ 125.428327236953393, 34.752083685018 ], [ 125.428817836083823, 34.752030807264035 ], [ 125.428821002344435, 34.751821179924548 ], [ 125.428327236953393, 34.752083685018 ] ] ], [ [ [ 125.432321136278603, 34.658759923418174 ], [ 125.432997597974051, 34.659037281296385 ], [ 125.432862827695445, 34.658708201146652 ], [ 125.432321136278603, 34.658759923418174 ] ] ], [ [ [ 125.441114652664339, 34.664256551445696 ], [ 125.442023245753589, 34.664615938927867 ], [ 125.442651877575699, 34.663722120090327 ], [ 125.441114652664339, 34.664256551445696 ] ] ], [ [ [ 125.442983849097232, 34.667227129853437 ], [ 125.443109216968494, 34.666360736150786 ], [ 125.442719656412876, 34.667064202205275 ], [ 125.442983849097232, 34.667227129853437 ] ] ], [ [ [ 125.434907934862295, 34.668547137051263 ], [ 125.434721651418457, 34.668684526643908 ], [ 125.434630966453568, 34.668986272377978 ], [ 125.434907934862295, 34.668547137051263 ] ] ], [ [ [ 125.445657060072676, 34.677214201535143 ], [ 125.445549185445671, 34.676645820773935 ], [ 125.445320428971613, 34.677050823265397 ], [ 125.445657060072676, 34.677214201535143 ] ] ], [ [ [ 125.450398703552338, 34.682847008284611 ], [ 125.450500943386359, 34.683003550660196 ], [ 125.450551301321042, 34.682913817372246 ], [ 125.450398703552338, 34.682847008284611 ] ] ], [ [ [ 125.449171496720467, 34.691640289113131 ], [ 125.449316574676359, 34.692084372020219 ], [ 125.449471145975025, 34.691820094825005 ], [ 125.449171496720467, 34.691640289113131 ] ] ], [ [ [ 125.432088264631886, 34.692861367906204 ], [ 125.432090883969181, 34.692590821294644 ], [ 125.431785540220517, 34.692775188836876 ], [ 125.432088264631886, 34.692861367906204 ] ] ], [ [ [ 125.451867806724835, 34.693592315536073 ], [ 125.452018980270793, 34.69377704080695 ], [ 125.452392756036829, 34.693412446460918 ], [ 125.451867806724835, 34.693592315536073 ] ] ], [ [ [ 125.43176691539928, 34.696071988456403 ], [ 125.431518274436939, 34.695870201143173 ], [ 125.431485954114194, 34.695907612416356 ], [ 125.43176691539928, 34.696071988456403 ] ] ], [ [ [ 125.430707027501271, 34.696073229040351 ], [ 125.430746643007552, 34.696268276916427 ], [ 125.430838815466373, 34.696087852475777 ], [ 125.430707027501271, 34.696073229040351 ] ] ], [ [ [ 125.430486658244206, 34.696425456407894 ], [ 125.430614276452332, 34.696563162326321 ], [ 125.430607116363632, 34.696380763499519 ], [ 125.430486658244206, 34.696425456407894 ] ] ], [ [ [ 125.432213872550022, 34.696274364556487 ], [ 125.434547122037728, 34.698047592118172 ], [ 125.435544607712501, 34.697742011631469 ], [ 125.432213872550022, 34.696274364556487 ] ] ], [ [ [ 125.437941211957664, 34.69804283577168 ], [ 125.441191554356138, 34.698719071419099 ], [ 125.437514281056025, 34.697187238168638 ], [ 125.437941211957664, 34.69804283577168 ] ] ], [ [ [ 125.440342515864529, 34.701244014912099 ], [ 125.440515909114751, 34.70143560927329 ], [ 125.440788485149156, 34.701203473091503 ], [ 125.440342515864529, 34.701244014912099 ] ] ], [ [ [ 125.440767834362603, 34.701346002128894 ], [ 125.440884935223721, 34.701487753870964 ], [ 125.440996898804016, 34.701267854680154 ], [ 125.440767834362603, 34.701346002128894 ] ] ], [ [ [ 125.441527856797151, 34.701357176856376 ], [ 125.441569259620309, 34.701885816857036 ], [ 125.441871789688122, 34.701507807148175 ], [ 125.441527856797151, 34.701357176856376 ] ] ], [ [ [ 125.440515424957283, 34.701559000553232 ], [ 125.440658019917109, 34.701975571127143 ], [ 125.440835318243856, 34.701669920784511 ], [ 125.440515424957283, 34.701559000553232 ] ] ], [ [ [ 125.45218279193098, 34.722667897304177 ], [ 125.452287519908751, 34.722822450681761 ], [ 125.45246909138487, 34.722546067982357 ], [ 125.45218279193098, 34.722667897304177 ] ] ], [ [ [ 125.451868388781179, 34.722891179549151 ], [ 125.452137733784767, 34.723244590407113 ], [ 125.452243664348146, 34.72298832744081 ], [ 125.451868388781179, 34.722891179549151 ] ] ], [ [ [ 125.450437973828244, 34.724611396896712 ], [ 125.450706574058373, 34.724447598205757 ], [ 125.450418486250172, 34.724579936667133 ], [ 125.450437973828244, 34.724611396896712 ] ] ], [ [ [ 125.450638761573018, 34.72647515077719 ], [ 125.44958310801664, 34.727499815720662 ], [ 125.451069108962429, 34.726757959739196 ], [ 125.450638761573018, 34.72647515077719 ] ] ], [ [ [ 125.446648309452641, 34.72947136123463 ], [ 125.448952273443055, 34.729189242400494 ], [ 125.445131745372294, 34.728414045756459 ], [ 125.446648309452641, 34.72947136123463 ] ] ], [ [ [ 125.449018619155524, 34.732855822842026 ], [ 125.44914026931832, 34.732639402827381 ], [ 125.448817844340113, 34.732882808168227 ], [ 125.449018619155524, 34.732855822842026 ] ] ], [ [ [ 125.448520507560104, 34.733560878213993 ], [ 125.449223833260717, 34.73356117344958 ], [ 125.449063631832246, 34.733389975533271 ], [ 125.448520507560104, 34.733560878213993 ] ] ], [ [ [ 125.446265688077844, 34.735138512172654 ], [ 125.446529698782541, 34.735174789582942 ], [ 125.446706626925248, 34.734996716230114 ], [ 125.446265688077844, 34.735138512172654 ] ] ], [ [ [ 125.444224509050187, 34.7356927593382 ], [ 125.443846631393583, 34.735704420920044 ], [ 125.443861238387257, 34.735768473809536 ], [ 125.444224509050187, 34.7356927593382 ] ] ], [ [ [ 125.438620198991302, 34.741655398638393 ], [ 125.44713846377168, 34.742103278759792 ], [ 125.448927681726943, 34.740906021967056 ], [ 125.450156620617534, 34.737797885555764 ], [ 125.442534971855125, 34.736331139248186 ], [ 125.44877152985454, 34.733034113925648 ], [ 125.439421859096939, 34.734554250026541 ], [ 125.439472795154629, 34.736169697284858 ], [ 125.442176332585703, 34.736483220897071 ], [ 125.438620198991302, 34.741655398638393 ] ] ], [ [ [ 125.44004975585004, 34.743366319452861 ], [ 125.440584263597586, 34.742997267290384 ], [ 125.439752402617046, 34.74337388989062 ], [ 125.44004975585004, 34.743366319452861 ] ] ], [ [ [ 125.440088237122112, 34.743634804726533 ], [ 125.439803497560192, 34.743542411836387 ], [ 125.439692869751141, 34.743615395242685 ], [ 125.440088237122112, 34.743634804726533 ] ] ], [ [ [ 125.438183456366261, 34.744233768111108 ], [ 125.438262163057146, 34.744030183947942 ], [ 125.437862593913778, 34.744183844771776 ], [ 125.438183456366261, 34.744233768111108 ] ] ], [ [ [ 125.433058043109781, 34.744402787067784 ], [ 125.433191731096301, 34.744723027024897 ], [ 125.433537567981674, 34.744159113649808 ], [ 125.433058043109781, 34.744402787067784 ] ] ], [ [ [ 125.430715512819233, 34.744824918728852 ], [ 125.431866258025565, 34.745135958417258 ], [ 125.432282277804475, 34.744634620079275 ], [ 125.430715512819233, 34.744824918728852 ] ] ], [ [ [ 125.435384400596817, 34.752675289451503 ], [ 125.435933451633332, 34.752724386348078 ], [ 125.435948445806403, 34.752646806307396 ], [ 125.435384400596817, 34.752675289451503 ] ] ], [ [ [ 125.426796075628189, 34.756629895290757 ], [ 125.433960137201765, 34.754405584118253 ], [ 125.434396795306384, 34.750359456976092 ], [ 125.437791568350207, 34.749073532553027 ], [ 125.433134435936708, 34.748684054120886 ], [ 125.429895873474337, 34.751885710380165 ], [ 125.430461657727108, 34.753385925560231 ], [ 125.427160148246031, 34.754167382565029 ], [ 125.426796075628189, 34.756629895290757 ] ] ], [ [ [ 125.438654537400367, 34.756213837797461 ], [ 125.438598615484779, 34.756028859091167 ], [ 125.438530387896705, 34.756233803226458 ], [ 125.438654537400367, 34.756213837797461 ] ] ], [ [ [ 125.436933575557575, 34.756226950092945 ], [ 125.437714906267047, 34.757007703194304 ], [ 125.438108755508694, 34.756164371227854 ], [ 125.436933575557575, 34.756226950092945 ] ] ], [ [ [ 125.438714341105751, 34.756845981099517 ], [ 125.43884827047151, 34.757045417250644 ], [ 125.43889196573943, 34.756767684935447 ], [ 125.438714341105751, 34.756845981099517 ] ] ], [ [ [ 125.441399872813989, 34.760475419080329 ], [ 125.441647897801033, 34.760681739924969 ], [ 125.442421594222864, 34.760072955173463 ], [ 125.441399872813989, 34.760475419080329 ] ] ], [ [ [ 125.438480351950489, 34.761807276375265 ], [ 125.439064511846084, 34.762292812141268 ], [ 125.439032614273273, 34.76206194165362 ], [ 125.438480351950489, 34.761807276375265 ] ] ], [ [ [ 125.435504376101221, 34.763178254219092 ], [ 125.434691213086481, 34.766018107662703 ], [ 125.437688016841776, 34.763051605246126 ], [ 125.434776381575915, 34.760023613914917 ], [ 125.433292455207834, 34.763173748913736 ], [ 125.435504376101221, 34.763178254219092 ] ] ], [ [ [ 125.432760912054619, 34.763332910500488 ], [ 125.432530784512991, 34.763329530500421 ], [ 125.43248289505722, 34.763474913941231 ], [ 125.432760912054619, 34.763332910500488 ] ] ], [ [ [ 125.439578080302738, 34.764400680754129 ], [ 125.442628232682907, 34.766392654566673 ], [ 125.443712099861258, 34.763418066883709 ], [ 125.440276926860989, 34.762657959398226 ], [ 125.440916048466335, 34.760890240816472 ], [ 125.439578080302738, 34.764400680754129 ] ] ], [ [ [ 125.452171308674153, 34.765073399705848 ], [ 125.452607301520942, 34.764692336032212 ], [ 125.452111142429089, 34.76498272969274 ], [ 125.452171308674153, 34.765073399705848 ] ] ], [ [ [ 125.434699645022121, 34.766466564789383 ], [ 125.434901423792681, 34.766243026803075 ], [ 125.43453013878748, 34.766456677138457 ], [ 125.434699645022121, 34.766466564789383 ] ] ], [ [ [ 125.434590139844801, 34.766560314052334 ], [ 125.434825036792077, 34.766831381831423 ], [ 125.434841091512951, 34.76650427458123 ], [ 125.434590139844801, 34.766560314052334 ] ] ], [ [ [ 125.444246663429126, 34.767480887864203 ], [ 125.44442614795193, 34.767095761846221 ], [ 125.443882400645762, 34.767395562028867 ], [ 125.444246663429126, 34.767480887864203 ] ] ], [ [ [ 125.4910507901958, 34.201598965502676 ], [ 125.491742289370393, 34.200981162937907 ], [ 125.491075136581472, 34.20041517585544 ], [ 125.4910507901958, 34.201598965502676 ] ] ], [ [ [ 125.477706488852846, 34.203664603884853 ], [ 125.477115082147677, 34.202485644576306 ], [ 125.476916638538185, 34.203642611823469 ], [ 125.477706488852846, 34.203664603884853 ] ] ], [ [ [ 125.48903955117099, 34.205899752329806 ], [ 125.491193017296865, 34.205512967857878 ], [ 125.491119658173375, 34.201923084528282 ], [ 125.489011137387124, 34.202541591329506 ], [ 125.48903955117099, 34.205899752329806 ] ] ], [ [ [ 125.472789763490866, 34.207368479141799 ], [ 125.476783901446197, 34.207215447106243 ], [ 125.481817333059482, 34.204571127342525 ], [ 125.482263871334297, 34.202930155300869 ], [ 125.4779027766252, 34.20473718508952 ], [ 125.475441728813621, 34.204101812278132 ], [ 125.476527293130161, 34.205466919838535 ], [ 125.474531241564435, 34.204488628928665 ], [ 125.472789763490866, 34.207368479141799 ] ] ], [ [ [ 125.483370174618372, 34.205742254707715 ], [ 125.482873352331737, 34.205557208109617 ], [ 125.48286542575687, 34.20577837136566 ], [ 125.483370174618372, 34.205742254707715 ] ] ], [ [ [ 125.484368641319719, 34.205762459313839 ], [ 125.484408529922888, 34.206253708325313 ], [ 125.484741931757256, 34.205897730647301 ], [ 125.484368641319719, 34.205762459313839 ] ] ], [ [ [ 125.483721569572523, 34.205937461209842 ], [ 125.483004863646372, 34.206399317630812 ], [ 125.483882039792675, 34.206224282385577 ], [ 125.483721569572523, 34.205937461209842 ] ] ], [ [ [ 125.471549266723812, 34.207271536853114 ], [ 125.471431024864799, 34.207911283145854 ], [ 125.472130282497304, 34.207736609890951 ], [ 125.471549266723812, 34.207271536853114 ] ] ], [ [ [ 125.464983598261966, 34.20555477552891 ], [ 125.467339883657246, 34.210313887167445 ], [ 125.466692567388264, 34.212193331602144 ], [ 125.468852765497957, 34.213901536053704 ], [ 125.473533315531611, 34.212006231374659 ], [ 125.469874159830809, 34.20715506734296 ], [ 125.467929535275459, 34.206888055931756 ], [ 125.468582347423236, 34.203264561610247 ], [ 125.464983598261966, 34.20555477552891 ] ] ], [ [ [ 125.463132619928146, 34.210315353373041 ], [ 125.46450446609424, 34.210167690588953 ], [ 125.463740691715515, 34.209154472105013 ], [ 125.463132619928146, 34.210315353373041 ] ] ], [ [ [ 125.461578481675502, 34.212756467701553 ], [ 125.46265388751614, 34.211415028201856 ], [ 125.4614870295499, 34.210827640201316 ], [ 125.461578481675502, 34.212756467701553 ] ] ], [ [ [ 125.495704635661355, 34.217111910152504 ], [ 125.494882309775363, 34.217009933379138 ], [ 125.494712871236459, 34.217494893767928 ], [ 125.495704635661355, 34.217111910152504 ] ] ], [ [ [ 125.496103928037329, 34.224515579125303 ], [ 125.495712705683303, 34.224715235434928 ], [ 125.496094309462222, 34.224701226035343 ], [ 125.496103928037329, 34.224515579125303 ] ] ], [ [ [ 125.495540075972698, 34.225340988324248 ], [ 125.495599894799426, 34.224871852688253 ], [ 125.494985064563423, 34.225166469830043 ], [ 125.495540075972698, 34.225340988324248 ] ] ], [ [ [ 125.47689448048952, 34.228543709881976 ], [ 125.476647131956938, 34.228372708202365 ], [ 125.476594639350367, 34.228501042110139 ], [ 125.47689448048952, 34.228543709881976 ] ] ], [ [ [ 125.68297954939942, 34.523277270163497 ], [ 125.687888031159602, 34.522915160840988 ], [ 125.686646291171826, 34.519818316366688 ], [ 125.683988699140841, 34.520895301762444 ], [ 125.68297954939942, 34.523277270163497 ] ] ], [ [ [ 125.455863945181775, 34.64250721891446 ], [ 125.456294658949673, 34.642356921398253 ], [ 125.456176040775048, 34.642198102880023 ], [ 125.455863945181775, 34.64250721891446 ] ] ], [ [ [ 125.454774681055085, 34.649646708897656 ], [ 125.461179689976817, 34.650005051975491 ], [ 125.460227380221099, 34.651386764336692 ], [ 125.461390123204367, 34.65299224830251 ], [ 125.465405218482815, 34.651249517948187 ], [ 125.465978185503474, 34.651253598430138 ], [ 125.466480183642744, 34.651587727436997 ], [ 125.466386628579301, 34.651788074485552 ], [ 125.466614858472298, 34.651671298262777 ], [ 125.46748197700515, 34.652987737890371 ], [ 125.465448295160684, 34.653825701131872 ], [ 125.465774863023327, 34.656356576290548 ], [ 125.469455388643141, 34.654612131534961 ], [ 125.472868152058169, 34.655853103158599 ], [ 125.477525081281769, 34.650421387469727 ], [ 125.47694770034559, 34.648224493596111 ], [ 125.470023035638135, 34.645472454765411 ], [ 125.467188670789625, 34.642207337661908 ], [ 125.456801507168635, 34.644829031896982 ], [ 125.461786559349747, 34.647061426665317 ], [ 125.454774681055085, 34.649646708897656 ] ] ], [ [ [ 125.466014829154133, 34.651360820595805 ], [ 125.466080865807058, 34.651417227246206 ], [ 125.46609958625119, 34.65137381232833 ], [ 125.466014829154133, 34.651360820595805 ] ] ], [ [ [ 125.477227276007582, 34.653123208451277 ], [ 125.478699106216283, 34.653980734016244 ], [ 125.478815119820482, 34.65321052119468 ], [ 125.477227276007582, 34.653123208451277 ] ] ], [ [ [ 125.479243244578441, 34.655742210763201 ], [ 125.47897258248949, 34.655294626637676 ], [ 125.47876264439796, 34.655393871542067 ], [ 125.479243244578441, 34.655742210763201 ] ] ], [ [ [ 125.467616608003325, 34.69682728140198 ], [ 125.467925674482842, 34.696600409425677 ], [ 125.467544917283817, 34.696698032649735 ], [ 125.467616608003325, 34.69682728140198 ] ] ], [ [ [ 125.465968193093076, 34.697803673768711 ], [ 125.462363495349905, 34.704523217512282 ], [ 125.468133458003209, 34.697454967991469 ], [ 125.465968193093076, 34.697803673768711 ] ] ], [ [ [ 125.462966626849493, 34.711535984399923 ], [ 125.46341397233698, 34.711778504917739 ], [ 125.463484500812697, 34.711341766295298 ], [ 125.462966626849493, 34.711535984399923 ] ] ], [ [ [ 125.462313903250291, 34.712856363298627 ], [ 125.462563852148875, 34.712492905852507 ], [ 125.462188196043883, 34.712762742781123 ], [ 125.462313903250291, 34.712856363298627 ] ] ], [ [ [ 125.462549432089006, 34.714061995460462 ], [ 125.462953559324035, 34.714287198510199 ], [ 125.462996691802957, 34.713902561379236 ], [ 125.462549432089006, 34.714061995460462 ] ] ], [ [ [ 125.465499693916598, 34.715442912076867 ], [ 125.4658512609886, 34.715504955605837 ], [ 125.465976926836632, 34.715384556889653 ], [ 125.465709351340976, 34.715343833932053 ], [ 125.465499693916598, 34.715442912076867 ] ] ], [ [ [ 125.452563780361416, 34.722309490389428 ], [ 125.452530382139585, 34.721841028270468 ], [ 125.45245119803765, 34.722299793856841 ], [ 125.452563780361416, 34.722309490389428 ] ] ], [ [ [ 125.464581781482423, 34.722618106113323 ], [ 125.465514232584198, 34.722325730893324 ], [ 125.464798342105823, 34.722212511266996 ], [ 125.464581781482423, 34.722618106113323 ] ] ], [ [ [ 125.478766528407959, 34.726666139387973 ], [ 125.479326291853056, 34.726947898803246 ], [ 125.479749907403303, 34.726877500054727 ], [ 125.479234277112852, 34.726678024542714 ], [ 125.478766528407959, 34.726666139387973 ] ] ], [ [ [ 125.471964827674867, 34.728357699905402 ], [ 125.472588048993956, 34.72837628573842 ], [ 125.471972164476824, 34.728154998480136 ], [ 125.471964827674867, 34.728357699905402 ] ] ], [ [ [ 125.450007160603008, 34.725078688352376 ], [ 125.454555881212173, 34.725401045313241 ], [ 125.453386606056057, 34.726432611260933 ], [ 125.454804355233151, 34.728414811642004 ], [ 125.453885423664204, 34.730325877687328 ], [ 125.457561998438507, 34.72913795959515 ], [ 125.459322621757707, 34.729612492299786 ], [ 125.459403550118338, 34.732157902723536 ], [ 125.464181902301107, 34.731311217807111 ], [ 125.4619817994827, 34.734697617399469 ], [ 125.455425450657998, 34.738182169768457 ], [ 125.455938910553925, 34.742051544226882 ], [ 125.460287068766164, 34.740793146861868 ], [ 125.459347430653082, 34.7396280102055 ], [ 125.460544791630127, 34.737752929399392 ], [ 125.468251308066627, 34.734683094092482 ], [ 125.467749579785874, 34.733177720375316 ], [ 125.470691574164633, 34.731456738609793 ], [ 125.474337431067141, 34.731634555509075 ], [ 125.477643001463619, 34.729368398686496 ], [ 125.476278813177501, 34.728005927809996 ], [ 125.473122207916944, 34.728784628767578 ], [ 125.469395709091742, 34.728613090436347 ], [ 125.469797185549098, 34.727386074559014 ], [ 125.46745137069648, 34.726085841178673 ], [ 125.465139604003156, 34.728738327424153 ], [ 125.462001995562986, 34.727288766957876 ], [ 125.460799823413794, 34.72309490800388 ], [ 125.464047570942441, 34.722145597884143 ], [ 125.462942416570186, 34.721630564516246 ], [ 125.464646389341624, 34.721249298973504 ], [ 125.464093522197345, 34.719179272495111 ], [ 125.465862377068049, 34.718589569848014 ], [ 125.464209103182924, 34.717798967631609 ], [ 125.466246762566527, 34.71680480990964 ], [ 125.463752964365085, 34.715133450397353 ], [ 125.458657310481158, 34.71594140613707 ], [ 125.461079301352996, 34.71734735579944 ], [ 125.460771501356206, 34.720023843322252 ], [ 125.458140543132487, 34.721498150042798 ], [ 125.456249053578773, 34.72029955651147 ], [ 125.457357023397037, 34.721364435689054 ], [ 125.455248361471632, 34.720857987589959 ], [ 125.450007160603008, 34.725078688352376 ] ] ], [ [ [ 125.478692978218646, 34.732865859080604 ], [ 125.478865512142505, 34.733053711955058 ], [ 125.478876711997614, 34.73285737647619 ], [ 125.478692978218646, 34.732865859080604 ] ] ], [ [ [ 125.469974619728319, 34.733556443179047 ], [ 125.470468830337282, 34.733663981088633 ], [ 125.470108845073653, 34.733280430213412 ], [ 125.469974619728319, 34.733556443179047 ] ] ], [ [ [ 125.4786765773772, 34.733642056169224 ], [ 125.479143411144179, 34.733633939812492 ], [ 125.479409781412883, 34.733191438324667 ], [ 125.4786765773772, 34.733642056169224 ] ] ], [ [ [ 125.468746706330421, 34.734918702147453 ], [ 125.469096470954199, 34.735758899845862 ], [ 125.469834420680627, 34.735858961664334 ], [ 125.468746706330421, 34.734918702147453 ] ] ], [ [ [ 125.4635148617769, 34.739145858796533 ], [ 125.463535825090091, 34.738868937127755 ], [ 125.463365006480373, 34.739097621347113 ], [ 125.4635148617769, 34.739145858796533 ] ] ], [ [ [ 125.45478815870699, 34.741491999466113 ], [ 125.454558027468835, 34.741558161163837 ], [ 125.454851379482903, 34.741544618129382 ], [ 125.45478815870699, 34.741491999466113 ] ] ], [ [ [ 125.45762184546679, 34.742347129444802 ], [ 125.457583016354334, 34.742205808976202 ], [ 125.457568499359837, 34.742319981954992 ], [ 125.45762184546679, 34.742347129444802 ] ] ], [ [ [ 125.460690669096692, 34.762713816745581 ], [ 125.461208359017533, 34.762456701377346 ], [ 125.461410814903743, 34.762215875871412 ], [ 125.460690669096692, 34.762713816745581 ] ] ], [ [ [ 125.460832687151353, 34.762876270360906 ], [ 125.461564986621298, 34.762761885704798 ], [ 125.461482164569745, 34.76238344647777 ], [ 125.460832687151353, 34.762876270360906 ] ] ], [ [ [ 125.460341636008096, 34.76289689616825 ], [ 125.460555602712503, 34.762738560461436 ], [ 125.46006181651191, 34.762943366855509 ], [ 125.460341636008096, 34.76289689616825 ] ] ], [ [ [ 125.46010319630382, 34.76323485680112 ], [ 125.460642873308558, 34.76290384544793 ], [ 125.460393610146838, 34.762932208972479 ], [ 125.46010319630382, 34.76323485680112 ] ] ], [ [ [ 125.460109766591088, 34.763785588014336 ], [ 125.460692744161904, 34.763024141952819 ], [ 125.460676121097492, 34.762979506592941 ], [ 125.460228487217492, 34.763362967175958 ], [ 125.460109766591088, 34.763785588014336 ] ] ], [ [ [ 125.452846703927037, 34.764743240356445 ], [ 125.45304510750897, 34.764797606507734 ], [ 125.452938832917013, 34.764696210862937 ], [ 125.452846703927037, 34.764743240356445 ] ] ] ] } },
{ "type": "Feature", "properties": { "emd_cd": "46910370", "emd_nm": "하의면" }, "geometry": { "type": "MultiPolygon", "coordinates": [ [ [ [ 125.967429655976204, 34.587922030562893 ], [ 125.969868885840796, 34.587003310056154 ], [ 125.967854070379985, 34.586832531815531 ], [ 125.967429655976204, 34.587922030562893 ] ] ], [ [ [ 125.995227799292891, 34.591314141543002 ], [ 125.997437263565942, 34.590974369943957 ], [ 126.000236819457214, 34.590827989386888 ], [ 125.997728509596385, 34.588419658648832 ], [ 125.995227799292891, 34.591314141543002 ] ] ], [ [ [ 125.958138073882012, 34.59771180488729 ], [ 125.967148060514049, 34.596575826646735 ], [ 125.970957169438321, 34.600384479524863 ], [ 125.972626358142236, 34.599500441829584 ], [ 125.974077438751067, 34.600854812823819 ], [ 125.975659971978899, 34.598611804470544 ], [ 125.978284789270305, 34.601313130273603 ], [ 125.980611899520781, 34.600716866002308 ], [ 125.985490412119518, 34.602985394563142 ], [ 125.985487854721768, 34.601253755609115 ], [ 125.981595241943523, 34.600336924545061 ], [ 125.978629097211879, 34.596566404945818 ], [ 125.976150245284984, 34.597038543997257 ], [ 125.974742236262003, 34.594832235529822 ], [ 125.97768742564034, 34.590812779411003 ], [ 125.97746267156694, 34.587606614072143 ], [ 125.975337514470326, 34.585661516798879 ], [ 125.978015338425834, 34.582072426065899 ], [ 125.975601884842149, 34.578653812562699 ], [ 125.969143339701148, 34.578804300444638 ], [ 125.967419486171579, 34.580158403441665 ], [ 125.971168212686379, 34.58304283502958 ], [ 125.970900192807335, 34.586295491930706 ], [ 125.974718020225566, 34.589825954381759 ], [ 125.97276745250764, 34.595836722400868 ], [ 125.966923919114805, 34.594607779279535 ], [ 125.962827619514357, 34.595911631769845 ], [ 125.958386647319728, 34.593786867055897 ], [ 125.958138073882012, 34.59771180488729 ] ] ], [ [ [ 125.987705251274306, 34.592837761276144 ], [ 125.989259438797333, 34.591662262395239 ], [ 125.988836615444228, 34.591268705960864 ], [ 125.987705251274306, 34.592837761276144 ] ] ], [ [ [ 125.973550674103421, 34.603850466389652 ], [ 125.976512851867426, 34.603844502691395 ], [ 125.977362560883719, 34.603552981083475 ], [ 125.974606283139252, 34.601932219558641 ], [ 125.973550674103421, 34.603850466389652 ] ] ], [ [ [ 125.992313715784505, 34.604265062542893 ], [ 125.99236462453095, 34.603924470850927 ], [ 125.992056578984673, 34.604138427086134 ], [ 125.992313715784505, 34.604265062542893 ] ] ], [ [ [ 125.972981490273654, 34.604788852393604 ], [ 125.972796320697256, 34.604669273154734 ], [ 125.972908375177084, 34.60482147916813 ], [ 125.972981490273654, 34.604788852393604 ] ] ], [ [ [ 125.989416592966464, 34.605646491794602 ], [ 125.992333857846276, 34.606718380217998 ], [ 125.991528256704996, 34.604277700435617 ], [ 125.989416592966464, 34.605646491794602 ] ] ], [ [ [ 125.989106804783361, 34.607750930349283 ], [ 125.989020427483638, 34.607286711881464 ], [ 125.988832271773248, 34.607664877411608 ], [ 125.989106804783361, 34.607750930349283 ] ] ], [ [ [ 125.986627896342156, 34.609484425238982 ], [ 125.98754663464166, 34.609200438092387 ], [ 125.987431068577663, 34.609086894608431 ], [ 125.986627896342156, 34.609484425238982 ] ] ], [ [ [ 125.985723413895712, 34.610337595742557 ], [ 125.985654787524567, 34.610388367317469 ], [ 125.985709754174451, 34.610427052690071 ], [ 125.985723413895712, 34.610337595742557 ] ] ], [ [ [ 125.984864827461578, 34.610536528674345 ], [ 125.984718470071073, 34.610397487313087 ], [ 125.984660311606433, 34.610510658317125 ], [ 125.984864827461578, 34.610536528674345 ] ] ], [ [ [ 125.987619249617254, 34.609991800125414 ], [ 125.989797820975369, 34.611142159158575 ], [ 125.987728623399434, 34.61573178361747 ], [ 125.988703780047757, 34.61701913683698 ], [ 125.991338965352611, 34.615527269913393 ], [ 125.992091710096915, 34.618613244297649 ], [ 125.998991621684553, 34.618090537257075 ], [ 125.995086593119211, 34.62201090554958 ], [ 125.99120077580956, 34.621606380495763 ], [ 125.994472362180119, 34.623156499259366 ], [ 125.995218843535952, 34.627205105691445 ], [ 125.993948988869803, 34.628447394111298 ], [ 125.999177441362974, 34.628721798054556 ], [ 126.000173949058507, 34.631400449250052 ], [ 126.001707903481673, 34.631390992766548 ], [ 126.003762619679392, 34.629851675701893 ], [ 126.003317770253332, 34.625768594916899 ], [ 126.006235628183902, 34.625166783782014 ], [ 126.006836200899485, 34.622114083069327 ], [ 126.009541816291033, 34.619662988164144 ], [ 126.008584985101933, 34.612412408172339 ], [ 126.009251435683467, 34.611098135396382 ], [ 126.002384188928119, 34.608825143452982 ], [ 126.000545713731086, 34.610342280259843 ], [ 126.000580779091734, 34.608685746513515 ], [ 125.997108512392998, 34.606431040554341 ], [ 125.999179508826089, 34.611655237941001 ], [ 125.99635653476065, 34.613444972854857 ], [ 125.99254726570247, 34.610981881368275 ], [ 125.994091946069801, 34.609774321099259 ], [ 125.993385007441105, 34.608534899052366 ], [ 125.991752842119212, 34.609414460516426 ], [ 125.988537368341355, 34.608167367998938 ], [ 125.987619249617254, 34.609991800125414 ] ] ], [ [ [ 125.941633545329509, 34.629618547058826 ], [ 125.941607778801071, 34.629372346100901 ], [ 125.941496165211049, 34.629575907960636 ], [ 125.941633545329509, 34.629618547058826 ] ] ], [ [ [ 125.993839913421098, 34.62995073091497 ], [ 125.994027158677611, 34.630032897265735 ], [ 125.993975091303838, 34.629803515843022 ], [ 125.993839913421098, 34.62995073091497 ] ] ], [ [ [ 125.995429405531041, 34.630875870557176 ], [ 125.994737029824577, 34.631268650628755 ], [ 125.995050687963257, 34.631874679014686 ], [ 125.995429405531041, 34.630875870557176 ] ] ], [ [ [ 125.946834929708174, 34.635466639398807 ], [ 125.949981565280808, 34.640475469454529 ], [ 125.953333871825819, 34.636436901833051 ], [ 125.958185060984107, 34.640743646121805 ], [ 125.956855103117618, 34.642185355524056 ], [ 125.961055141838514, 34.64490776115202 ], [ 125.962272427777251, 34.642582335487077 ], [ 125.968672271623461, 34.640808270466685 ], [ 125.968601607647614, 34.636447726012008 ], [ 125.974699209997297, 34.634600559832919 ], [ 125.975430049543732, 34.629454090307 ], [ 125.978647461371153, 34.62729651264447 ], [ 125.978294656133741, 34.621267351243361 ], [ 125.975367434392169, 34.619020603729822 ], [ 125.970640686693216, 34.620146775375268 ], [ 125.970293011625429, 34.622752302090575 ], [ 125.964575678605215, 34.630001987943324 ], [ 125.961709798700809, 34.629240687183625 ], [ 125.959743446128371, 34.624177820324256 ], [ 125.95591043338932, 34.624461998150664 ], [ 125.956827175255029, 34.625569887708124 ], [ 125.951611451048208, 34.630027410544876 ], [ 125.950088608892756, 34.633754997471279 ], [ 125.948379685977415, 34.633508798949741 ], [ 125.946834929708174, 34.635466639398807 ] ] ], [ [ [ 125.938401638350982, 34.632562760732618 ], [ 125.938651646135298, 34.633039154051893 ], [ 125.939281429522822, 34.632584739295581 ], [ 125.938401638350982, 34.632562760732618 ] ] ], [ [ [ 125.941472728212801, 34.629808485185471 ], [ 125.941282118904539, 34.63596513057584 ], [ 125.943100210749051, 34.634563828902436 ], [ 125.941472728212801, 34.629808485185471 ] ] ], [ [ [ 125.941026088963056, 34.636649880347555 ], [ 125.940814821604434, 34.636841244448647 ], [ 125.940843839375503, 34.636946786636393 ], [ 125.941026088963056, 34.636649880347555 ] ] ], [ [ [ 126.00985753531468, 34.582555491077208 ], [ 126.009752535997947, 34.582428127657423 ], [ 126.009653567381619, 34.582541764193259 ], [ 126.00985753531468, 34.582555491077208 ] ] ], [ [ [ 126.013745921837724, 34.586182256884385 ], [ 126.013607852640945, 34.585762217671203 ], [ 126.013573221724229, 34.586193649894298 ], [ 126.013745921837724, 34.586182256884385 ] ] ], [ [ [ 126.000492945574848, 34.588533493257806 ], [ 125.999459196849358, 34.588445165368938 ], [ 125.999366466430232, 34.588613008992311 ], [ 126.000492945574848, 34.588533493257806 ] ] ], [ [ [ 126.012120304813962, 34.589053921083746 ], [ 126.012060081314601, 34.588696554111579 ], [ 126.011906761448657, 34.589124805900973 ], [ 126.012120304813962, 34.589053921083746 ] ] ], [ [ [ 126.005412048948813, 34.592004862550951 ], [ 126.006873766829727, 34.590858299095196 ], [ 126.005163184527845, 34.588044484004087 ], [ 126.004968904553948, 34.590454730021058 ], [ 126.005412048948813, 34.592004862550951 ] ] ], [ [ [ 126.012711735647628, 34.59973681862575 ], [ 126.012836823055537, 34.599358689594261 ], [ 126.012494433589708, 34.599472311656676 ], [ 126.012711735647628, 34.59973681862575 ] ] ], [ [ [ 125.997515492164951, 34.600199744316797 ], [ 126.002246947601336, 34.601939688674207 ], [ 126.001432753035388, 34.603768551301648 ], [ 126.004471418287622, 34.60349994299655 ], [ 126.002962730231033, 34.605546250651571 ], [ 126.005197725853279, 34.607208263509364 ], [ 126.00579981298209, 34.607206354589785 ], [ 126.00733006151556, 34.606457889226 ], [ 126.006672487487279, 34.599677342203641 ], [ 126.003904000623436, 34.598346114370635 ], [ 126.001643106335521, 34.599332091746142 ], [ 126.001248490500402, 34.597147443184795 ], [ 125.997786473090287, 34.597345501076084 ], [ 125.997515492164951, 34.600199744316797 ] ] ], [ [ [ 126.000061327392984, 34.606273239027338 ], [ 126.001439289149744, 34.606869964395322 ], [ 126.000119403474955, 34.606133153292362 ], [ 126.000061327392984, 34.606273239027338 ] ] ], [ [ [ 126.009044998553222, 34.612557767794804 ], [ 126.008722878338119, 34.612294402891415 ], [ 126.008759436659346, 34.612616621835208 ], [ 126.009044998553222, 34.612557767794804 ] ] ], [ [ [ 126.009762930111464, 34.615127646549631 ], [ 126.009457619646867, 34.61468383632873 ], [ 126.009506237517385, 34.615153845285988 ], [ 126.009762930111464, 34.615127646549631 ] ] ], [ [ [ 126.014616052971817, 34.620889653033423 ], [ 126.014488125044437, 34.621055996614814 ], [ 126.014405631501276, 34.621207663530548 ], [ 126.014616052971817, 34.620889653033423 ] ] ], [ [ [ 126.005578550378218, 34.636551431718146 ], [ 126.005716489919749, 34.636340237019532 ], [ 126.005449260716219, 34.636348231707395 ], [ 126.005578550378218, 34.636551431718146 ] ] ], [ [ [ 126.012916135069688, 34.636695907162505 ], [ 126.013448329948417, 34.636585797672865 ], [ 126.013124742447602, 34.636402340285194 ], [ 126.012916135069688, 34.636695907162505 ] ] ], [ [ [ 126.002805203990093, 34.641616818908773 ], [ 126.0083639465456, 34.639949518017872 ], [ 126.00861042296448, 34.641899810521558 ], [ 126.006564601340685, 34.643079165586684 ], [ 126.009873728017567, 34.642853791372644 ], [ 126.011612438415739, 34.644830199608037 ], [ 126.01668120772743, 34.644498611915047 ], [ 126.01862508047023, 34.639395702412351 ], [ 126.012754307986825, 34.639170661464568 ], [ 126.007499836115798, 34.634747534455954 ], [ 126.005187142284939, 34.63855554391877 ], [ 126.002895310028094, 34.638855422398116 ], [ 126.002805203990093, 34.641616818908773 ] ] ], [ [ [ 126.007747322238373, 34.647946881186641 ], [ 126.010695524154926, 34.649263892958231 ], [ 126.012114573366745, 34.646821093260456 ], [ 126.007747322238373, 34.647946881186641 ] ] ], [ [ [ 126.006338580355887, 34.648693167671624 ], [ 126.007484660090995, 34.648448279668621 ], [ 126.007275284309841, 34.648271984237923 ], [ 126.006338580355887, 34.648693167671624 ] ] ], [ [ [ 126.00704865831608, 34.652231574021172 ], [ 126.006220820144861, 34.651655390752381 ], [ 126.004803528892666, 34.651980373134123 ], [ 126.005478368450909, 34.65225921265074 ], [ 126.00704865831608, 34.652231574021172 ] ] ], [ [ [ 126.009280748962126, 34.657366239263347 ], [ 126.011022218989027, 34.657206800082918 ], [ 126.010847484912475, 34.656793620738767 ], [ 126.009280748962126, 34.657366239263347 ] ] ], [ [ [ 126.014991330556839, 34.65865141276128 ], [ 126.012949672609764, 34.658564940010301 ], [ 126.011371952043831, 34.659439494670941 ], [ 126.014201982249219, 34.659745493388392 ], [ 126.014991330556839, 34.65865141276128 ] ] ], [ [ [ 126.014231049707575, 34.667956033903891 ], [ 126.014036936495117, 34.667416788814954 ], [ 126.013688514856341, 34.667469924115821 ], [ 126.014231049707575, 34.667956033903891 ] ] ], [ [ [ 126.016281684758212, 34.568269498160426 ], [ 126.01588150815742, 34.566759749312446 ], [ 126.014819981287062, 34.56717545222179 ], [ 126.014890561556982, 34.568493708021272 ], [ 126.016281684758212, 34.568269498160426 ] ] ], [ [ [ 126.062302024204996, 34.592361180602218 ], [ 126.061069154077472, 34.592967583228088 ], [ 126.061398500578363, 34.593728987143336 ], [ 126.062007921492409, 34.593484480262802 ], [ 126.062302024204996, 34.592361180602218 ] ] ], [ [ [ 126.024037211106418, 34.59381258073681 ], [ 126.022825422777316, 34.593166766318234 ], [ 126.022542072095774, 34.59348220723674 ], [ 126.024037211106418, 34.59381258073681 ] ] ], [ [ [ 126.020477063012947, 34.596978490422373 ], [ 126.020486942494372, 34.595279421007533 ], [ 126.019264915350448, 34.595205926447157 ], [ 126.01920923393746, 34.595827564156025 ], [ 126.020477063012947, 34.596978490422373 ] ] ], [ [ [ 126.010897042739572, 34.628665702469036 ], [ 126.011114843571121, 34.632565663515024 ], [ 126.012651546635183, 34.631839301573855 ], [ 126.013988818474843, 34.632913706140187 ], [ 126.013025835917887, 34.634058254586172 ], [ 126.016269451355413, 34.63530867670395 ], [ 126.022606508816438, 34.633987510055398 ], [ 126.029224597304406, 34.635236328780444 ], [ 126.030337010479712, 34.632877645499356 ], [ 126.039447089255418, 34.629951001234112 ], [ 126.038748293338756, 34.623878622908244 ], [ 126.041137374046585, 34.621784480578278 ], [ 126.038128435765557, 34.620074411741619 ], [ 126.039503424802859, 34.617710136493962 ], [ 126.037069287640719, 34.618975209629717 ], [ 126.034027294075983, 34.613695493576301 ], [ 126.034865323451243, 34.613043319002728 ], [ 126.032571750149273, 34.612308449834629 ], [ 126.036335172543389, 34.607867039037522 ], [ 126.038652782419774, 34.60864557303978 ], [ 126.039246162583538, 34.605217441110881 ], [ 126.044792990931313, 34.602073453879292 ], [ 126.052483362350969, 34.601726930150832 ], [ 126.054426494967146, 34.604428411921646 ], [ 126.05597151291181, 34.602515206804739 ], [ 126.056983084663287, 34.598148036017001 ], [ 126.059898005094666, 34.59484536209996 ], [ 126.05773389496423, 34.591814922551229 ], [ 126.061111388368431, 34.591934657307661 ], [ 126.061686676065392, 34.585352210486839 ], [ 126.064923171786589, 34.583076380626487 ], [ 126.062043732336434, 34.578889996861278 ], [ 126.061788527785026, 34.575624324468855 ], [ 126.05953867767137, 34.574448968019446 ], [ 126.060789067318481, 34.571996360135877 ], [ 126.054877824318936, 34.567936227640899 ], [ 126.052210288616109, 34.569108965850283 ], [ 126.052599890488978, 34.570904360923926 ], [ 126.049660617544404, 34.571277201759841 ], [ 126.047914575022503, 34.569427961309628 ], [ 126.04696923641113, 34.571289124816758 ], [ 126.044458074134852, 34.568126960163902 ], [ 126.042798250060926, 34.568975465462628 ], [ 126.041867892494608, 34.567603170564297 ], [ 126.041710361705469, 34.571628047800367 ], [ 126.037671637896295, 34.571856254106962 ], [ 126.038161155146597, 34.574085925861588 ], [ 126.036454046023252, 34.576916119589889 ], [ 126.033857471105705, 34.575491794796974 ], [ 126.033160029883831, 34.570755164292557 ], [ 126.031253206601193, 34.572348627769003 ], [ 126.028923986814689, 34.568863020291623 ], [ 126.030104913339301, 34.568010030041002 ], [ 126.028010169845828, 34.567951934604771 ], [ 126.029259486676608, 34.565448482689241 ], [ 126.025087899766646, 34.564372384566418 ], [ 126.022376265126312, 34.566115122921573 ], [ 126.021847255959798, 34.564596318499085 ], [ 126.019429277851913, 34.564258492710394 ], [ 126.018173745299634, 34.57171847933148 ], [ 126.022779385400725, 34.574532641529245 ], [ 126.019601307719526, 34.57601718000388 ], [ 126.017005884734758, 34.575372790845563 ], [ 126.021535333951945, 34.577859855464666 ], [ 126.015840914059169, 34.579030879277703 ], [ 126.018411786924418, 34.581450894195704 ], [ 126.014718063346265, 34.585192171379624 ], [ 126.019333066942281, 34.590572521798343 ], [ 126.018931772165544, 34.588354058596657 ], [ 126.020652719991944, 34.587933763434329 ], [ 126.026351855813601, 34.590940270052556 ], [ 126.026950994747736, 34.593311173789573 ], [ 126.019640953851422, 34.600687540915175 ], [ 126.016121059654949, 34.5997420861666 ], [ 126.014268739341091, 34.596375521831881 ], [ 126.011081991900127, 34.596896168535395 ], [ 126.016147897271125, 34.602540856563152 ], [ 126.013119538175189, 34.603470990829742 ], [ 126.014258102386165, 34.605565381839675 ], [ 126.012654860341215, 34.606072627593512 ], [ 126.012100977930544, 34.604490725529843 ], [ 126.010864586405688, 34.606842756065504 ], [ 126.014414682367317, 34.612026232561249 ], [ 126.0135336949986, 34.614381603366276 ], [ 126.016253226895472, 34.615647933126368 ], [ 126.015033770850636, 34.616305547944428 ], [ 126.016335877327364, 34.616090406652454 ], [ 126.016958050009322, 34.618138306492931 ], [ 126.012571491322959, 34.623809200491372 ], [ 126.011608529758831, 34.623920896317962 ], [ 126.012947875419997, 34.626272629067408 ], [ 126.011877454123791, 34.628328898209944 ], [ 126.009730425572116, 34.628456341075726 ], [ 126.010897042739572, 34.628665702469036 ] ] ], [ [ [ 126.041301386469584, 34.619630730010499 ], [ 126.041232499515033, 34.620325519612457 ], [ 126.041714288117987, 34.619931239224506 ], [ 126.041301386469584, 34.619630730010499 ] ] ], [ [ [ 126.042074543646521, 34.637709042602154 ], [ 126.042216297417312, 34.637253451808427 ], [ 126.041677779665136, 34.637034766368885 ], [ 126.042074543646521, 34.637709042602154 ] ] ], [ [ [ 126.018946840332418, 34.640150455076522 ], [ 126.019398095396369, 34.640555521006085 ], [ 126.019417040983186, 34.640128868056465 ], [ 126.018946840332418, 34.640150455076522 ] ] ], [ [ [ 126.029302461976599, 34.64523041037252 ], [ 126.029351367688022, 34.645626706352125 ], [ 126.029883326394213, 34.645416551140762 ], [ 126.029302461976599, 34.64523041037252 ] ] ], [ [ [ 126.028307668066219, 34.646435929119271 ], [ 126.027397525732795, 34.645522663626693 ], [ 126.026427406085347, 34.646125283683993 ], [ 126.028307668066219, 34.646435929119271 ] ] ], [ [ [ 126.044733914944345, 34.653481733870386 ], [ 126.044570869731785, 34.661963516975291 ], [ 126.047394415887979, 34.664450395939383 ], [ 126.045451760311067, 34.667998085150529 ], [ 126.046908842297725, 34.668990422836053 ], [ 126.05035394995636, 34.654380814806025 ], [ 126.052414873367411, 34.653732010044997 ], [ 126.048232571315737, 34.647851505203363 ], [ 126.047449800997867, 34.642510466050538 ], [ 126.042506728060303, 34.651261985223321 ], [ 126.044733914944345, 34.653481733870386 ] ] ], [ [ [ 126.084151925788603, 34.658343476406856 ], [ 126.083578137828539, 34.658343025473577 ], [ 126.084366755229183, 34.658721214438835 ], [ 126.084151925788603, 34.658343476406856 ] ] ], [ [ [ 126.015154012419302, 34.667769644271395 ], [ 126.015487654025264, 34.667118653087456 ], [ 126.014903924957764, 34.667725706671284 ], [ 126.015154012419302, 34.667769644271395 ] ] ], [ [ [ 126.019688666034753, 34.66947439316035 ], [ 126.021712450126827, 34.667406780948461 ], [ 126.019349765998044, 34.66526714738928 ], [ 126.017447959364958, 34.668238960646299 ], [ 126.019688666034753, 34.66947439316035 ] ] ], [ [ [ 126.033806712366655, 34.67185315849715 ], [ 126.037956886757812, 34.672255036454743 ], [ 126.039737264369023, 34.669169025489168 ], [ 126.033987256301472, 34.668319923128898 ], [ 126.033806712366655, 34.67185315849715 ] ] ], [ [ [ 126.025293243232554, 34.671112217761774 ], [ 126.025701566967001, 34.670755105581847 ], [ 126.024662389902602, 34.670577072026163 ], [ 126.025293243232554, 34.671112217761774 ] ] ], [ [ [ 126.028756888361258, 34.671645252200442 ], [ 126.027998356697779, 34.670767084863556 ], [ 126.027783295781546, 34.671059830519184 ], [ 126.028756888361258, 34.671645252200442 ] ] ], [ [ [ 126.062961506256244, 34.679152226408171 ], [ 126.066729863132508, 34.67975412615322 ], [ 126.067917900199447, 34.68178687121825 ], [ 126.06436989843786, 34.683975588155555 ], [ 126.069438342996861, 34.687007407146218 ], [ 126.079458147267914, 34.690832390621161 ], [ 126.080466103733087, 34.689380987873115 ], [ 126.079224477836846, 34.685116349959991 ], [ 126.072263119932927, 34.680757619576063 ], [ 126.070921070555897, 34.673352951601942 ], [ 126.068372630800468, 34.670869349470109 ], [ 126.065863950868021, 34.671671113103066 ], [ 126.063838525095875, 34.674724818615097 ], [ 126.062961506256244, 34.679152226408171 ] ] ], [ [ [ 126.066563424969573, 34.682512992404781 ], [ 126.066453626349983, 34.68248038551976 ], [ 126.066483548699736, 34.682636473114911 ], [ 126.066563424969573, 34.682512992404781 ] ] ] ] } },
{ "type": "Feature", "properties": { "emd_cd": "46910380", "emd_nm": "신의면" }, "geometry": { "type": "MultiPolygon", "coordinates": [ [ [ [ 126.015712074470699, 34.531837263332292 ], [ 126.014710193344854, 34.530415435979855 ], [ 126.014033624466535, 34.531315270936226 ], [ 126.015712074470699, 34.531837263332292 ] ] ], [ [ [ 126.040735494627953, 34.545694561809825 ], [ 126.044685887411617, 34.543182978029215 ], [ 126.037804361636745, 34.544944487460945 ], [ 126.040735494627953, 34.545694561809825 ] ] ], [ [ [ 126.045182636350347, 34.546581949366896 ], [ 126.044907705637954, 34.546523855171323 ], [ 126.044935079622689, 34.54661929353113 ], [ 126.045182636350347, 34.546581949366896 ] ] ], [ [ [ 126.028267428278625, 34.54998536675474 ], [ 126.027573397926446, 34.549113202074039 ], [ 126.02755657666475, 34.549563974395149 ], [ 126.028267428278625, 34.54998536675474 ] ] ], [ [ [ 126.033556188557142, 34.550689759901438 ], [ 126.03356695365278, 34.549938799790027 ], [ 126.033174715415939, 34.55003822419966 ], [ 126.033556188557142, 34.550689759901438 ] ] ], [ [ [ 126.034096658744616, 34.551277635388772 ], [ 126.034607105855372, 34.551080404906848 ], [ 126.034019840055805, 34.551131829487467 ], [ 126.034096658744616, 34.551277635388772 ] ] ], [ [ [ 126.028209945052964, 34.551448274468456 ], [ 126.027466376956085, 34.552226390525426 ], [ 126.02808728323798, 34.552096609775091 ], [ 126.028209945052964, 34.551448274468456 ] ] ], [ [ [ 126.029344269523861, 34.562392883249032 ], [ 126.030352975415269, 34.562269351938959 ], [ 126.029771472324484, 34.562147129004607 ], [ 126.029344269523861, 34.562392883249032 ] ] ], [ [ [ 126.025906090768871, 34.554391512881274 ], [ 126.031096824244742, 34.561438887234495 ], [ 126.035146221929168, 34.55923908120139 ], [ 126.032913977364387, 34.563532875087937 ], [ 126.037783252123901, 34.562509804538365 ], [ 126.037510606222725, 34.561422243446984 ], [ 126.038695193068477, 34.565096194437601 ], [ 126.047850687626706, 34.564970844017544 ], [ 126.048968186912305, 34.563337301304756 ], [ 126.050374433466956, 34.564531863505941 ], [ 126.057595728388094, 34.560799532382973 ], [ 126.061643628082692, 34.561047464186082 ], [ 126.063434233952322, 34.558715890339919 ], [ 126.072816959903861, 34.570914360715015 ], [ 126.071222124172763, 34.572035980164763 ], [ 126.073089686260033, 34.573650460219113 ], [ 126.076903176751372, 34.573384654123643 ], [ 126.080826839530928, 34.576941764271083 ], [ 126.081128083982321, 34.580755394536773 ], [ 126.085194608731697, 34.579809520519419 ], [ 126.08703224082393, 34.584423167762743 ], [ 126.074465071557128, 34.584353273655672 ], [ 126.073503979140639, 34.588741390774359 ], [ 126.076114509750326, 34.589134344720144 ], [ 126.079033685248248, 34.590134107227122 ], [ 126.07175761933803, 34.588675792210815 ], [ 126.067460755023404, 34.597159895070277 ], [ 126.069255617874276, 34.597200435594438 ], [ 126.067729541781276, 34.603451595940783 ], [ 126.064698879138646, 34.607537352632484 ], [ 126.066704446536662, 34.609180208442446 ], [ 126.061834365003278, 34.609832691367615 ], [ 126.059286056483288, 34.613663941249818 ], [ 126.057889980893393, 34.611371656941131 ], [ 126.052000533421548, 34.609578710731753 ], [ 126.049293522260214, 34.610660486404143 ], [ 126.047415975922064, 34.608948833115925 ], [ 126.046162719084847, 34.610316209077652 ], [ 126.048290452145309, 34.610133047290248 ], [ 126.047723105482177, 34.615204310900573 ], [ 126.049350440299293, 34.61552254778119 ], [ 126.050069716586307, 34.619931920486643 ], [ 126.048807656368183, 34.619866762464767 ], [ 126.048313127967873, 34.623397357465585 ], [ 126.050665542343921, 34.629850408757413 ], [ 126.056097418488037, 34.630691763055871 ], [ 126.058576679149127, 34.627455205074327 ], [ 126.068126705293821, 34.628236041873315 ], [ 126.071362443803366, 34.626017617597924 ], [ 126.074131514190086, 34.626389637854373 ], [ 126.076721624865414, 34.621088796829973 ], [ 126.082994358686875, 34.618261514127042 ], [ 126.082947366152112, 34.613464609235244 ], [ 126.087161108175764, 34.610534969594411 ], [ 126.087521932733324, 34.60836989854873 ], [ 126.093512942330307, 34.605971851622549 ], [ 126.095768105933189, 34.609044137255871 ], [ 126.098364370550357, 34.60774218649685 ], [ 126.099152353510377, 34.609576687917233 ], [ 126.101399616992879, 34.607460518519275 ], [ 126.100887563501786, 34.605850775694009 ], [ 126.102778114926352, 34.60555417394157 ], [ 126.101331497079443, 34.602489982874353 ], [ 126.098429315933316, 34.600801892735028 ], [ 126.098413936826049, 34.596712245571176 ], [ 126.104129505132875, 34.59547252726427 ], [ 126.103013838388947, 34.593319855009476 ], [ 126.103658585358772, 34.591648493260138 ], [ 126.108205707654406, 34.592036821169053 ], [ 126.105943152640776, 34.58933609756253 ], [ 126.111107969399015, 34.588236128416199 ], [ 126.10925133710397, 34.58554649254652 ], [ 126.102456558548639, 34.583171021198687 ], [ 126.104628878014509, 34.579264132552311 ], [ 126.098890645700791, 34.580367310175518 ], [ 126.099161677352555, 34.57792160559282 ], [ 126.103324522534194, 34.575608554304083 ], [ 126.102043625006303, 34.574177838419494 ], [ 126.096355241794498, 34.574405132853656 ], [ 126.091778694040002, 34.56878336463901 ], [ 126.097459231302963, 34.566687858829738 ], [ 126.095373398020655, 34.563595179560131 ], [ 126.100099380125954, 34.563372883760792 ], [ 126.1007935614291, 34.561202073456826 ], [ 126.098849925893276, 34.561098021315537 ], [ 126.102036842439304, 34.557881561415954 ], [ 126.102631053226617, 34.554543187535359 ], [ 126.100373944725703, 34.552350227662558 ], [ 126.098908107419675, 34.55496648155043 ], [ 126.095211659858492, 34.553934343526052 ], [ 126.094541191781857, 34.555766985256739 ], [ 126.091612146911018, 34.555075253297346 ], [ 126.09022042452365, 34.556704247935578 ], [ 126.087326984766932, 34.554987946015991 ], [ 126.083290175167321, 34.556260400358866 ], [ 126.082410969562133, 34.553707206073206 ], [ 126.085482412430224, 34.551497284215557 ], [ 126.082703852211125, 34.549083697448943 ], [ 126.086490619116091, 34.547652693860087 ], [ 126.082437340438389, 34.543518254080809 ], [ 126.079695413645467, 34.543616763473757 ], [ 126.079979690734717, 34.541565843572634 ], [ 126.0768156336906, 34.540543091372903 ], [ 126.069398496123071, 34.539817759277838 ], [ 126.06650280846317, 34.537764411499339 ], [ 126.062619765616702, 34.540438463096059 ], [ 126.061244837750039, 34.538431097743732 ], [ 126.064561817217609, 34.533828836070548 ], [ 126.056958223170923, 34.535159578360329 ], [ 126.055441495586663, 34.531537728397005 ], [ 126.052462188840337, 34.532501102756569 ], [ 126.048323127506535, 34.530177911939347 ], [ 126.046972045788721, 34.532845482878429 ], [ 126.043737951171281, 34.531040031421085 ], [ 126.041362148528378, 34.533900268120362 ], [ 126.03776597420439, 34.533965934941456 ], [ 126.03113515615415, 34.532588285431508 ], [ 126.031384187423058, 34.530867199115264 ], [ 126.026128583086305, 34.536163167324908 ], [ 126.029013003306389, 34.539027976310216 ], [ 126.027818630494664, 34.542354287617172 ], [ 126.0330289499489, 34.54289328981266 ], [ 126.036451128668432, 34.541007672034226 ], [ 126.036922037660176, 34.537999118599778 ], [ 126.04058023103768, 34.538798463979617 ], [ 126.044978405043139, 34.537539703095952 ], [ 126.048314828456455, 34.540492296527084 ], [ 126.045375933524298, 34.543035630984029 ], [ 126.047161316347584, 34.545117950375136 ], [ 126.045965671657271, 34.545950031449124 ], [ 126.050199986085246, 34.544608182405568 ], [ 126.050500444882772, 34.547481547741711 ], [ 126.052388270794083, 34.547248268237674 ], [ 126.052988376870033, 34.548624628677565 ], [ 126.055978570193275, 34.54746697307467 ], [ 126.05589199356946, 34.549603407606234 ], [ 126.060203682379594, 34.547709586028056 ], [ 126.06121463085087, 34.548735768892364 ], [ 126.057139553762724, 34.551701688910072 ], [ 126.061405370046757, 34.554143120831384 ], [ 126.053539376580417, 34.557174461242504 ], [ 126.048510458466353, 34.554870350838058 ], [ 126.038873193071183, 34.558367898676771 ], [ 126.034463162094696, 34.552082873314234 ], [ 126.031928255672085, 34.553713556797035 ], [ 126.031184891086411, 34.552608604314329 ], [ 126.026579306717437, 34.553361670775075 ], [ 126.025906090768871, 34.554391512881274 ] ] ], [ [ [ 126.064820641918274, 34.59884211539903 ], [ 126.064770524751012, 34.598705746316355 ], [ 126.064682113561972, 34.598740249088799 ], [ 126.064820641918274, 34.59884211539903 ] ] ], [ [ [ 126.068962256463195, 34.629997881372269 ], [ 126.071151962317316, 34.6299866580935 ], [ 126.071393185674765, 34.629607822228756 ], [ 126.068962256463195, 34.629997881372269 ] ] ], [ [ [ 126.06832225064025, 34.63452843077912 ], [ 126.067498052254379, 34.63232409232976 ], [ 126.066083364797237, 34.633562019511494 ], [ 126.066513378973909, 34.634475206192342 ], [ 126.06832225064025, 34.63452843077912 ] ] ], [ [ [ 126.075304543560847, 34.63418642410425 ], [ 126.076465070452471, 34.638869236545332 ], [ 126.081013337165771, 34.634021290077627 ], [ 126.075304543560847, 34.63418642410425 ] ] ], [ [ [ 126.145829335703098, 34.564998075963445 ], [ 126.146732837973389, 34.569230694253896 ], [ 126.149011372066198, 34.571098438727226 ], [ 126.15638929822488, 34.566463995023334 ], [ 126.151433344722037, 34.561923418143579 ], [ 126.145829335703098, 34.564998075963445 ] ] ], [ [ [ 126.15409472355212, 34.568249237171472 ], [ 126.154171596754395, 34.568512900427258 ], [ 126.15414063089905, 34.568243994120394 ], [ 126.15409472355212, 34.568249237171472 ] ] ], [ [ [ 126.153803082735251, 34.568943675608203 ], [ 126.153992717341922, 34.568609109922527 ], [ 126.153662731397517, 34.568971401811496 ], [ 126.153803082735251, 34.568943675608203 ] ] ], [ [ [ 126.142471715013443, 34.570343994304046 ], [ 126.143346362358187, 34.569961315070017 ], [ 126.143419571157594, 34.569711815713916 ], [ 126.142471715013443, 34.570343994304046 ] ] ], [ [ [ 126.156441221888173, 34.577699865206952 ], [ 126.157469044800976, 34.576248645352869 ], [ 126.156924586444376, 34.575987528320304 ], [ 126.156441221888173, 34.577699865206952 ] ] ], [ [ [ 126.13879527507369, 34.580986013644747 ], [ 126.143700877739704, 34.579635351999741 ], [ 126.145585602361805, 34.583231023936108 ], [ 126.149266855497956, 34.58134821054395 ], [ 126.148484757076076, 34.57964259018663 ], [ 126.150115267176204, 34.577360032254283 ], [ 126.146521536283757, 34.578424524687314 ], [ 126.146180666884348, 34.575347660460451 ], [ 126.140229481513003, 34.580314959398486 ], [ 126.137031309725828, 34.578612261677755 ], [ 126.13879527507369, 34.580986013644747 ] ] ], [ [ [ 126.104145306298733, 34.595191109578963 ], [ 126.104016193424286, 34.59510375208967 ], [ 126.103968727624107, 34.595159010315115 ], [ 126.104145306298733, 34.595191109578963 ] ] ], [ [ [ 126.105984703052499, 34.596857821820464 ], [ 126.106151787076698, 34.596779607475376 ], [ 126.105944034184333, 34.596682994577058 ], [ 126.105984703052499, 34.596857821820464 ] ] ], [ [ [ 126.087716395623957, 34.609787807519972 ], [ 126.088338933822669, 34.61034770943899 ], [ 126.088180384969419, 34.609739009477835 ], [ 126.087716395623957, 34.609787807519972 ] ] ], [ [ [ 126.085744056794482, 34.614447861042876 ], [ 126.085868237236923, 34.614347854876016 ], [ 126.08571190937036, 34.614294490888099 ], [ 126.085744056794482, 34.614447861042876 ] ] ], [ [ [ 126.080340482271495, 34.639133594559482 ], [ 126.081205827508242, 34.640559230479894 ], [ 126.084685306029399, 34.637755888155318 ], [ 126.08534566839549, 34.634604683004987 ], [ 126.088241428245951, 34.633057300281862 ], [ 126.08867515385478, 34.629747705347654 ], [ 126.080340482271495, 34.639133594559482 ] ] ], [ [ [ 126.093591100309908, 34.638887028507348 ], [ 126.095764401266834, 34.636938251217316 ], [ 126.094719806861022, 34.635373046990601 ], [ 126.092193658306513, 34.638102855175219 ], [ 126.093591100309908, 34.638887028507348 ] ] ], [ [ [ 126.08865184304635, 34.642628432417766 ], [ 126.091977908468834, 34.642242706230185 ], [ 126.09185084675201, 34.640103145432931 ], [ 126.088771196348432, 34.640686918954316 ], [ 126.08865184304635, 34.642628432417766 ] ] ] ] } },
{ "type": "Feature", "properties": { "emd_cd": "46910390", "emd_nm": "장산면" }, "geometry": { "type": "MultiPolygon", "coordinates": [ [ [ [ 126.123166914006703, 34.611781186753305 ], [ 126.12423603254453, 34.611979938391194 ], [ 126.123759467203712, 34.611322312426736 ], [ 126.123166914006703, 34.611781186753305 ] ] ], [ [ [ 126.108399777987316, 34.613780141889173 ], [ 126.113699657382597, 34.614981171409404 ], [ 126.115892024290062, 34.613806755319594 ], [ 126.109881080652514, 34.611247468300519 ], [ 126.108399777987316, 34.613780141889173 ] ] ], [ [ [ 126.168425693507317, 34.613889128321858 ], [ 126.169383925164652, 34.61411102084837 ], [ 126.16978661843072, 34.613983676181441 ], [ 126.168425693507317, 34.613889128321858 ] ] ], [ [ [ 126.167169275854505, 34.616291377216676 ], [ 126.166917237808079, 34.616153001085991 ], [ 126.166749508891357, 34.616398621223354 ], [ 126.167169275854505, 34.616291377216676 ] ] ], [ [ [ 126.163858742094533, 34.619784129533159 ], [ 126.166636820641173, 34.619950369739563 ], [ 126.16768755537737, 34.619384210327418 ], [ 126.163700314203524, 34.618590200596906 ], [ 126.163858742094533, 34.619784129533159 ] ] ], [ [ [ 126.109015798986491, 34.623261068548523 ], [ 126.113630831349965, 34.624578419960628 ], [ 126.118793286020903, 34.62345873332049 ], [ 126.120502954466133, 34.624684965414303 ], [ 126.125824014893865, 34.621266725859591 ], [ 126.12595223237274, 34.619606407467607 ], [ 126.124156258383437, 34.618256256134138 ], [ 126.119525815625636, 34.619935164069894 ], [ 126.117761798603382, 34.617455493123217 ], [ 126.114875801438316, 34.619160233113909 ], [ 126.10993097434438, 34.618888762707201 ], [ 126.109015798986491, 34.623261068548523 ] ] ], [ [ [ 126.114318146689186, 34.626643991674676 ], [ 126.115285845892544, 34.626461245589994 ], [ 126.114737941644677, 34.62608590735239 ], [ 126.114318146689186, 34.626643991674676 ] ] ], [ [ [ 126.117107139571871, 34.627922094441118 ], [ 126.117778615370952, 34.627546725010959 ], [ 126.117433438160433, 34.627177851919193 ], [ 126.117107139571871, 34.627922094441118 ] ] ], [ [ [ 126.114716708178221, 34.647134178601981 ], [ 126.114564922164178, 34.651026618903359 ], [ 126.116227623264535, 34.652501279885229 ], [ 126.119272983598435, 34.653619495125028 ], [ 126.12068624203296, 34.651979424726335 ], [ 126.127549579463292, 34.652033913539803 ], [ 126.127636537131451, 34.657138678872755 ], [ 126.129269855302326, 34.656321281056499 ], [ 126.131383251152769, 34.657858586937515 ], [ 126.129630198657352, 34.659736572503711 ], [ 126.13417661589196, 34.657546540006706 ], [ 126.136071454036525, 34.660565956085158 ], [ 126.1414089503198, 34.66226351736708 ], [ 126.143231551349956, 34.66690503478025 ], [ 126.147651111456952, 34.670806748703484 ], [ 126.151595541641484, 34.671117381431891 ], [ 126.153298272207323, 34.672805999007188 ], [ 126.155377195887695, 34.672475517752723 ], [ 126.157667280405434, 34.669379224089617 ], [ 126.163092863470325, 34.669162180763649 ], [ 126.162159909901462, 34.66671797121964 ], [ 126.17041110558371, 34.661746315268054 ], [ 126.170977513384898, 34.663402484827053 ], [ 126.174845029545224, 34.663483381142022 ], [ 126.176973933559665, 34.659682847122056 ], [ 126.174512033084099, 34.658904767159669 ], [ 126.1739932818857, 34.656037261727803 ], [ 126.17998325249286, 34.655625764753424 ], [ 126.181404429934986, 34.657469455583957 ], [ 126.182386143733808, 34.653976868340884 ], [ 126.184866001049883, 34.651876649492145 ], [ 126.186912718767303, 34.652326280369962 ], [ 126.186540403945884, 34.648417441900285 ], [ 126.182473756640192, 34.644254523295224 ], [ 126.187498861707567, 34.641365107823489 ], [ 126.184235187266907, 34.640033595922787 ], [ 126.185308993964696, 34.637707378863325 ], [ 126.191935451624929, 34.638104103065047 ], [ 126.191964305318791, 34.639945448652355 ], [ 126.199756445568227, 34.641808414323442 ], [ 126.201659148440868, 34.639837474174115 ], [ 126.201901463056601, 34.635352899479393 ], [ 126.200151941794786, 34.636963723904039 ], [ 126.198129738326784, 34.635966444273798 ], [ 126.196744315311605, 34.63463100902851 ], [ 126.197182450270688, 34.632201378004318 ], [ 126.189517947511547, 34.633333806860044 ], [ 126.186424982279192, 34.629666933761982 ], [ 126.1807673744959, 34.630569071757897 ], [ 126.179244732530648, 34.627449438032599 ], [ 126.180240255660024, 34.62664328792907 ], [ 126.174252741596945, 34.621484663463804 ], [ 126.166686424573172, 34.62356884858773 ], [ 126.167828849530736, 34.627443269020183 ], [ 126.163191156664922, 34.628556850817958 ], [ 126.159651828739285, 34.625981978677821 ], [ 126.157551059476162, 34.626957235871103 ], [ 126.152838282571309, 34.62450910953477 ], [ 126.15077329795939, 34.622233289231424 ], [ 126.153569891839936, 34.619413215117312 ], [ 126.151403350772142, 34.617468693094331 ], [ 126.150174224374567, 34.618923770231724 ], [ 126.151793851690059, 34.619410945538057 ], [ 126.150964708031026, 34.620532485051605 ], [ 126.146345346611398, 34.62058747676928 ], [ 126.143397009341811, 34.618937930252351 ], [ 126.138049711221072, 34.618963013536209 ], [ 126.13756344883349, 34.616121374104956 ], [ 126.135234108894764, 34.619517137074041 ], [ 126.133659674969124, 34.618766035632838 ], [ 126.134565605935265, 34.61589724135041 ], [ 126.12971741807668, 34.613410938851132 ], [ 126.122185570043797, 34.615523004490427 ], [ 126.129802922782858, 34.621059062725521 ], [ 126.123135420298084, 34.625784414763253 ], [ 126.121645657761945, 34.628883160725835 ], [ 126.129538939350439, 34.633841905185413 ], [ 126.132319817846209, 34.641724106933346 ], [ 126.129663254488449, 34.644562520718871 ], [ 126.123695285807059, 34.645689839630364 ], [ 126.122111954574251, 34.642628028831147 ], [ 126.117290289634326, 34.642877008890018 ], [ 126.114716708178221, 34.647134178601981 ] ] ], [ [ [ 126.110081529867898, 34.649069621869941 ], [ 126.112090910305454, 34.647192857050847 ], [ 126.111180810490808, 34.644824794948825 ], [ 126.108815798604368, 34.646237412685437 ], [ 126.110081529867898, 34.649069621869941 ] ] ], [ [ [ 126.136051363711331, 34.668072367342475 ], [ 126.134097264433279, 34.667162453802717 ], [ 126.133864371441618, 34.667940166320555 ], [ 126.136051363711331, 34.668072367342475 ] ] ], [ [ [ 126.152629182567154, 34.675016601988581 ], [ 126.153302227309652, 34.676596746980749 ], [ 126.155521567990419, 34.675530560866392 ], [ 126.152629182567154, 34.675016601988581 ] ] ], [ [ [ 126.149670312480453, 34.678587519957752 ], [ 126.149455032453972, 34.678510749431695 ], [ 126.149398372727063, 34.678617014960857 ], [ 126.149670312480453, 34.678587519957752 ] ] ], [ [ [ 126.150245691794325, 34.67889544277903 ], [ 126.150634208211812, 34.678714550768788 ], [ 126.150289209952419, 34.678683928872687 ], [ 126.150245691794325, 34.67889544277903 ] ] ], [ [ [ 126.189518971916101, 34.592442992236663 ], [ 126.186049088336915, 34.591445717784005 ], [ 126.186141485257451, 34.592092012325402 ], [ 126.189518971916101, 34.592442992236663 ] ] ], [ [ [ 126.176484522435274, 34.613156618032065 ], [ 126.177291872755262, 34.613412718182339 ], [ 126.177246964782782, 34.612858827581235 ], [ 126.176484522435274, 34.613156618032065 ] ] ], [ [ [ 126.180668915944537, 34.613646312043329 ], [ 126.184300430269175, 34.618043526905765 ], [ 126.185591620554291, 34.617134793031674 ], [ 126.184129666450076, 34.613572075518995 ], [ 126.186124137688353, 34.612326231857296 ], [ 126.182783117089826, 34.611086686597218 ], [ 126.183853480632536, 34.612738554716074 ], [ 126.180668915944537, 34.613646312043329 ] ] ], [ [ [ 126.175633477231358, 34.61507082013329 ], [ 126.1761668749715, 34.615428959746055 ], [ 126.175900919365773, 34.614860313834754 ], [ 126.175633477231358, 34.61507082013329 ] ] ], [ [ [ 126.17346544422476, 34.616103762340899 ], [ 126.174053561294755, 34.616031250218704 ], [ 126.173555084322615, 34.615868230462119 ], [ 126.17346544422476, 34.616103762340899 ] ] ], [ [ [ 126.1748870525646, 34.617640610509596 ], [ 126.178350662999449, 34.618223833773726 ], [ 126.179593614379925, 34.617107543063121 ], [ 126.178443775945439, 34.615914150886219 ], [ 126.1748870525646, 34.617640610509596 ] ] ], [ [ [ 126.173900169589004, 34.61878831806591 ], [ 126.17402988367111, 34.61838888555225 ], [ 126.173899425346221, 34.618351358740604 ], [ 126.173900169589004, 34.61878831806591 ] ] ], [ [ [ 126.173774237817355, 34.619222894656978 ], [ 126.174117684304036, 34.619027844371359 ], [ 126.17350005033839, 34.619035733153282 ], [ 126.173774237817355, 34.619222894656978 ] ] ], [ [ [ 126.177303214794847, 34.620994521137 ], [ 126.177626027010632, 34.62057140230965 ], [ 126.176825792686088, 34.62099106062702 ], [ 126.177303214794847, 34.620994521137 ] ] ], [ [ [ 126.193335314542878, 34.622581937802231 ], [ 126.193244350186362, 34.622259417404734 ], [ 126.193164429720341, 34.622707560896671 ], [ 126.193335314542878, 34.622581937802231 ] ] ], [ [ [ 126.181278902972608, 34.659303421094073 ], [ 126.182857942556097, 34.658858907997569 ], [ 126.181315094218661, 34.658830999507728 ], [ 126.181278902972608, 34.659303421094073 ] ] ], [ [ [ 126.183880493784429, 34.660511266957052 ], [ 126.184350304365253, 34.660776533088665 ], [ 126.184308163240416, 34.660630891568424 ], [ 126.183880493784429, 34.660511266957052 ] ] ], [ [ [ 126.183543678955942, 34.661853629350396 ], [ 126.183808775063781, 34.661783331696512 ], [ 126.183530931050953, 34.661753200461476 ], [ 126.183543678955942, 34.661853629350396 ] ] ], [ [ [ 126.186905549986591, 34.661104259654579 ], [ 126.187979862543131, 34.663015775065602 ], [ 126.189439794355835, 34.663218044635599 ], [ 126.186905549986591, 34.661104259654579 ] ] ], [ [ [ 126.213328893826841, 34.557236059277699 ], [ 126.212793855076058, 34.558119649361522 ], [ 126.213353551832355, 34.557785882269634 ], [ 126.213328893826841, 34.557236059277699 ] ] ], [ [ [ 126.215499495664076, 34.558834203515183 ], [ 126.21322496747996, 34.558973998256469 ], [ 126.215270018757678, 34.559955508438243 ], [ 126.215499495664076, 34.558834203515183 ] ] ], [ [ [ 126.198260518835312, 34.56880885550968 ], [ 126.197847900842703, 34.567385165515873 ], [ 126.197090384778733, 34.56896742561613 ], [ 126.198260518835312, 34.56880885550968 ] ] ], [ [ [ 126.195837975494328, 34.571411615908353 ], [ 126.199114972143605, 34.573196400621406 ], [ 126.200147872370238, 34.572081587435115 ], [ 126.195837975494328, 34.571411615908353 ] ] ], [ [ [ 126.189370548819255, 34.575730106574916 ], [ 126.19462759440755, 34.579360091541531 ], [ 126.194538593822429, 34.582213849211229 ], [ 126.19992266786133, 34.5814786369532 ], [ 126.196128279780368, 34.57782674441669 ], [ 126.195646734197894, 34.574057451573857 ], [ 126.192929850998595, 34.57346747987382 ], [ 126.189370548819255, 34.575730106574916 ] ] ], [ [ [ 126.198926196695879, 34.621124309750684 ], [ 126.198623509934777, 34.620889467835042 ], [ 126.19853719894617, 34.621131386218991 ], [ 126.198926196695879, 34.621124309750684 ] ] ], [ [ [ 126.195953289891165, 34.626536017535486 ], [ 126.20059272165075, 34.626279674408416 ], [ 126.206174191054117, 34.622477392967951 ], [ 126.207440803002996, 34.623146146620229 ], [ 126.206860376348658, 34.625373538462483 ], [ 126.218572422018141, 34.624764349183501 ], [ 126.214344239491297, 34.622751322235047 ], [ 126.213352230470505, 34.620155815065182 ], [ 126.215609882887051, 34.617883677212447 ], [ 126.212981725526475, 34.617678606422075 ], [ 126.209597183551821, 34.620471013979042 ], [ 126.205429199615665, 34.619802171541807 ], [ 126.199452208836931, 34.621352227184225 ], [ 126.199107088473482, 34.623118753542542 ], [ 126.19500910729576, 34.625278155782631 ], [ 126.195953289891165, 34.626536017535486 ] ] ], [ [ [ 126.221305527758787, 34.622449528562292 ], [ 126.220805633470505, 34.623605672007194 ], [ 126.221958658378014, 34.622865888721009 ], [ 126.221305527758787, 34.622449528562292 ] ] ], [ [ [ 126.194257675769833, 34.626398505103161 ], [ 126.194524538168849, 34.626254775356387 ], [ 126.193934021950682, 34.626166226186037 ], [ 126.194257675769833, 34.626398505103161 ] ] ], [ [ [ 126.205539551731206, 34.626245481407146 ], [ 126.204648477126398, 34.626558048814431 ], [ 126.204989419332207, 34.627078473604818 ], [ 126.205539551731206, 34.626245481407146 ] ] ], [ [ [ 126.202468983774693, 34.633280709155805 ], [ 126.202414438340526, 34.633023281180151 ], [ 126.20221322277618, 34.633381441812688 ], [ 126.202468983774693, 34.633280709155805 ] ] ], [ [ [ 126.206250094819751, 34.633547534124375 ], [ 126.205987636911843, 34.634106882235351 ], [ 126.206369216974167, 34.633867424873181 ], [ 126.206250094819751, 34.633547534124375 ] ] ], [ [ [ 126.204808991591776, 34.637989304209434 ], [ 126.205294703243652, 34.635349342078968 ], [ 126.204272583197891, 34.635381579686531 ], [ 126.204808991591776, 34.637989304209434 ] ] ] ] } },
{ "type": "Feature", "properties": { "emd_cd": "46910400", "emd_nm": "안좌면" }, "geometry": { "type": "MultiPolygon", "coordinates": [ [ [ [ 126.065478867905739, 34.712326922355757 ], [ 126.06836130086981, 34.710506746799773 ], [ 126.06751403491441, 34.707995161578623 ], [ 126.064682960195981, 34.711431551285486 ], [ 126.065478867905739, 34.712326922355757 ] ] ], [ [ [ 126.072906640096988, 34.717693629004927 ], [ 126.074110861991571, 34.718607739123378 ], [ 126.075436519765617, 34.717428669404349 ], [ 126.072906640096988, 34.717693629004927 ] ] ], [ [ [ 126.073546023675974, 34.722249484978484 ], [ 126.073310312017256, 34.721437918917111 ], [ 126.073038129403059, 34.721900135691328 ], [ 126.073546023675974, 34.722249484978484 ] ] ], [ [ [ 126.052411710712306, 34.743238441007357 ], [ 126.053997491692428, 34.744120638550605 ], [ 126.053652315738248, 34.743034439936132 ], [ 126.052411710712306, 34.743238441007357 ] ] ], [ [ [ 126.064859908205889, 34.747192146060463 ], [ 126.064126216629617, 34.745242456005194 ], [ 126.063712075491935, 34.745090739824001 ], [ 126.063541901036672, 34.746102095310889 ], [ 126.064859908205889, 34.747192146060463 ] ] ], [ [ [ 126.049167116779515, 34.754087045770703 ], [ 126.051953970999591, 34.756867883903794 ], [ 126.053867415001463, 34.755374154609811 ], [ 126.06128265098927, 34.755488612558572 ], [ 126.059353384569349, 34.753507541000168 ], [ 126.060586302026053, 34.749755457344399 ], [ 126.058636936484902, 34.743781786124153 ], [ 126.059125588168627, 34.740426203240546 ], [ 126.056214647056962, 34.745984264305982 ], [ 126.056005751682875, 34.750591737460887 ], [ 126.053782148357058, 34.752064746753533 ], [ 126.04923890184746, 34.751503746258372 ], [ 126.049167116779515, 34.754087045770703 ] ] ], [ [ [ 126.061545359765518, 34.750323236899447 ], [ 126.061135038189434, 34.749793199325858 ], [ 126.060932485069969, 34.749796863226365 ], [ 126.061545359765518, 34.750323236899447 ] ] ], [ [ [ 126.039198120746079, 34.755348633089142 ], [ 126.040847443340127, 34.759309670538435 ], [ 126.047783139967649, 34.762500698929266 ], [ 126.049320832360891, 34.76462857053707 ], [ 126.048668671854642, 34.766225373278118 ], [ 126.051707658965412, 34.765865447452562 ], [ 126.051053684971421, 34.767512067477924 ], [ 126.053555277119301, 34.767723009706998 ], [ 126.05409836364278, 34.769516661292961 ], [ 126.056075130368285, 34.768603985135023 ], [ 126.057366285134904, 34.771131283995999 ], [ 126.056430224770608, 34.767098732686961 ], [ 126.058322391903999, 34.765958090966407 ], [ 126.057756387772343, 34.764810164694516 ], [ 126.054544401919443, 34.764269393100605 ], [ 126.051297263268665, 34.758882173899963 ], [ 126.048089541411983, 34.757669205543714 ], [ 126.045943902752498, 34.758566936646467 ], [ 126.039198120746079, 34.755348633089142 ] ] ], [ [ [ 126.07310681916816, 34.768779020570229 ], [ 126.07341876935152, 34.768973489746273 ], [ 126.073414906236323, 34.768859959694076 ], [ 126.07310681916816, 34.768779020570229 ] ] ], [ [ [ 126.065658815357438, 34.770512775554295 ], [ 126.067650693499502, 34.770260875328916 ], [ 126.066417610302167, 34.769765537578024 ], [ 126.065658815357438, 34.770512775554295 ] ] ], [ [ [ 126.05062224807763, 34.771368882355979 ], [ 126.050352366128195, 34.771128659964027 ], [ 126.050191911162344, 34.77137532780165 ], [ 126.05062224807763, 34.771368882355979 ] ] ], [ [ [ 126.049982666538853, 34.772236275144422 ], [ 126.050072423713672, 34.772046995171898 ], [ 126.049833934450547, 34.772104702804235 ], [ 126.049982666538853, 34.772236275144422 ] ] ], [ [ [ 126.04921856772134, 34.773242150184295 ], [ 126.049621127230537, 34.773484728362668 ], [ 126.049430659889254, 34.773012130191916 ], [ 126.04921856772134, 34.773242150184295 ] ] ], [ [ [ 126.07406577087464, 34.773686872341798 ], [ 126.074209914563767, 34.773610281113349 ], [ 126.074023454284273, 34.773652514270125 ], [ 126.07406577087464, 34.773686872341798 ] ] ], [ [ [ 126.077115041349359, 34.77589493704189 ], [ 126.082006074965335, 34.77489289962265 ], [ 126.085193762233132, 34.771667307699644 ], [ 126.079072503185287, 34.773074260576522 ], [ 126.077115041349359, 34.77589493704189 ] ] ], [ [ [ 126.07873495194093, 34.778055397203588 ], [ 126.080730708607206, 34.778092824862604 ], [ 126.081680327175036, 34.77654943865295 ], [ 126.07873495194093, 34.778055397203588 ] ] ], [ [ [ 126.053691101131093, 34.78129221778503 ], [ 126.051578432068354, 34.780322790576299 ], [ 126.050903876848807, 34.78172709218191 ], [ 126.052026685591983, 34.781356937408994 ], [ 126.053691101131093, 34.78129221778503 ] ] ], [ [ [ 126.157356407680055, 34.685001204560152 ], [ 126.156566440428605, 34.685239837088268 ], [ 126.157600298987518, 34.685763369098922 ], [ 126.157356407680055, 34.685001204560152 ] ] ], [ [ [ 126.155098802684947, 34.686938384358236 ], [ 126.155281391494555, 34.686677563929415 ], [ 126.155048095285352, 34.686883435080979 ], [ 126.155098802684947, 34.686938384358236 ] ] ], [ [ [ 126.154982407310484, 34.687741759951322 ], [ 126.154644937251149, 34.687711725217149 ], [ 126.15464967543241, 34.687836907069226 ], [ 126.154982407310484, 34.687741759951322 ] ] ], [ [ [ 126.137347693109291, 34.690950909930599 ], [ 126.137762362049813, 34.6961242340018 ], [ 126.14204115537666, 34.698673083025156 ], [ 126.145250603223886, 34.697083523663444 ], [ 126.146895044682395, 34.693645462860388 ], [ 126.144705243712238, 34.687462023992502 ], [ 126.139613039959741, 34.688637068346075 ], [ 126.137347693109291, 34.690950909930599 ] ] ], [ [ [ 126.110984856717891, 34.69989739587681 ], [ 126.109439558942043, 34.699835761697962 ], [ 126.110963273670535, 34.700170988529834 ], [ 126.110984856717891, 34.69989739587681 ] ] ], [ [ [ 126.12074798820818, 34.702397239996458 ], [ 126.119991909106858, 34.702483020735841 ], [ 126.120026759667851, 34.702689825072838 ], [ 126.12074798820818, 34.702397239996458 ] ] ], [ [ [ 126.11466070861718, 34.703388326608845 ], [ 126.115078074428183, 34.701691001053675 ], [ 126.114035180526059, 34.702801929758969 ], [ 126.11466070861718, 34.703388326608845 ] ] ], [ [ [ 126.094154196211804, 34.705385568682281 ], [ 126.10211079411458, 34.711654449796136 ], [ 126.109969786565387, 34.712818314464997 ], [ 126.112128040839863, 34.71266679825181 ], [ 126.11409616799051, 34.707492408174517 ], [ 126.112207858767846, 34.70415144763588 ], [ 126.102274042138049, 34.697096187260968 ], [ 126.095866430864334, 34.700785724150563 ], [ 126.094154196211804, 34.705385568682281 ] ] ], [ [ [ 126.087515443971995, 34.708398266514422 ], [ 126.087931376251362, 34.707183078873513 ], [ 126.087265995123644, 34.708257753959344 ], [ 126.087515443971995, 34.708398266514422 ] ] ], [ [ [ 126.121070794101271, 34.71143014204511 ], [ 126.122857402790956, 34.713132878711669 ], [ 126.130752950540995, 34.71243124683749 ], [ 126.134080852178556, 34.710657521790445 ], [ 126.136787325013358, 34.706316667051652 ], [ 126.133333045274341, 34.704112936937022 ], [ 126.125615229462809, 34.703924596428074 ], [ 126.121425696948279, 34.708008998368477 ], [ 126.121070794101271, 34.71143014204511 ] ] ], [ [ [ 126.085407004271005, 34.70845943950696 ], [ 126.085437582474896, 34.708930343285815 ], [ 126.085636308393447, 34.708562640520611 ], [ 126.085407004271005, 34.70845943950696 ] ] ], [ [ [ 126.142584847385692, 34.710459213751896 ], [ 126.14576636222921, 34.709621539615718 ], [ 126.145241029853835, 34.707322254190323 ], [ 126.142191451143546, 34.709007886971733 ], [ 126.142584847385692, 34.710459213751896 ] ] ], [ [ [ 126.116394378166859, 34.71374222174466 ], [ 126.116298940781135, 34.714216566101129 ], [ 126.11658995561011, 34.714012064917881 ], [ 126.116394378166859, 34.71374222174466 ] ] ], [ [ [ 126.114390239293513, 34.716154880975573 ], [ 126.114114069129329, 34.715403731385607 ], [ 126.113904413929234, 34.716100586210331 ], [ 126.114390239293513, 34.716154880975573 ] ] ], [ [ [ 126.064126305497041, 34.766229457941364 ], [ 126.065213473558686, 34.769443689363989 ], [ 126.065690807677314, 34.76725431621616 ], [ 126.069338383558275, 34.765809228846415 ], [ 126.070182842766357, 34.767541148429444 ], [ 126.072630634474407, 34.766926596239088 ], [ 126.073534227576147, 34.768371235446558 ], [ 126.074326466205349, 34.766580630591797 ], [ 126.079469928852404, 34.768676768374306 ], [ 126.078794934872406, 34.763873690138993 ], [ 126.082293944974936, 34.763299604371113 ], [ 126.088581708212971, 34.766807265583466 ], [ 126.08693448433813, 34.77213212632364 ], [ 126.088778035089888, 34.774453732083522 ], [ 126.105713289404633, 34.766059444224211 ], [ 126.115905239440252, 34.768111185711945 ], [ 126.117608370911583, 34.770536017377637 ], [ 126.124814398922283, 34.770845392530084 ], [ 126.127710557098879, 34.767032614931686 ], [ 126.126955210536238, 34.764147395415137 ], [ 126.131149577887456, 34.760135609078858 ], [ 126.134440173871354, 34.759461262661141 ], [ 126.132388495342127, 34.758568065389518 ], [ 126.135189950550725, 34.755484527675478 ], [ 126.136718794255685, 34.756783967256467 ], [ 126.140142994001451, 34.755648592301547 ], [ 126.143917799573288, 34.751644209895666 ], [ 126.149685422885469, 34.752501064035648 ], [ 126.151156817369539, 34.754122688483129 ], [ 126.150169314600035, 34.756998500095634 ], [ 126.156654655741434, 34.757994464448018 ], [ 126.162938896828791, 34.757087977733072 ], [ 126.162564376633014, 34.754412327936436 ], [ 126.168687926156039, 34.75173368889628 ], [ 126.170886616936983, 34.752491360507491 ], [ 126.172335891848974, 34.749214490924857 ], [ 126.16739079797712, 34.747187239186708 ], [ 126.169435536617428, 34.744090914411359 ], [ 126.17547655956767, 34.741720893484306 ], [ 126.178862975074011, 34.73179925031689 ], [ 126.179181765669767, 34.72472437994918 ], [ 126.182695480069341, 34.723761359375807 ], [ 126.176462995380462, 34.716535056589599 ], [ 126.1785476864803, 34.70937800923133 ], [ 126.177826499221311, 34.706266293772508 ], [ 126.174245025500952, 34.703922987134504 ], [ 126.175278464815037, 34.701191640522076 ], [ 126.16664763904879, 34.699901383531454 ], [ 126.157927568927249, 34.703816892802188 ], [ 126.153428599905823, 34.703553038609122 ], [ 126.151259163341635, 34.700039575577456 ], [ 126.147890828686855, 34.700401896620718 ], [ 126.145833764057301, 34.702491849617857 ], [ 126.147301273779121, 34.704306485996234 ], [ 126.145991233528278, 34.705028870999655 ], [ 126.149115554566507, 34.707644620098648 ], [ 126.149842105677109, 34.714185558413043 ], [ 126.147621423249646, 34.715398100615374 ], [ 126.147427197756073, 34.717715623988738 ], [ 126.138388509307688, 34.721995728452981 ], [ 126.138349897166179, 34.724829926063961 ], [ 126.142416469214893, 34.727254850182462 ], [ 126.137017090664358, 34.728682233377441 ], [ 126.124001377205659, 34.724713413011571 ], [ 126.122221002024972, 34.721159012313755 ], [ 126.122954032132014, 34.717724435784056 ], [ 126.11812225975865, 34.714363283696834 ], [ 126.114160822439516, 34.717935413846178 ], [ 126.109976986092946, 34.718359936061326 ], [ 126.110091938391335, 34.71972608127934 ], [ 126.112056231491792, 34.719838497420504 ], [ 126.110504100316319, 34.722101323523773 ], [ 126.10630015815012, 34.721227086564149 ], [ 126.104691364721418, 34.718731897925636 ], [ 126.100051376594152, 34.720592287597619 ], [ 126.097894117565403, 34.719192437250477 ], [ 126.097911916173331, 34.720834892742587 ], [ 126.087634664740207, 34.718608236750065 ], [ 126.088283486199103, 34.717482320740615 ], [ 126.084011021417524, 34.715521453113958 ], [ 126.084140661918781, 34.713760601592455 ], [ 126.081436506797857, 34.71171276732538 ], [ 126.080509664565469, 34.705881957623511 ], [ 126.078987149583767, 34.705872424811844 ], [ 126.079051859029278, 34.707968443539365 ], [ 126.075124345559459, 34.70856510935316 ], [ 126.073827686172194, 34.711756557199379 ], [ 126.081470609586916, 34.720247147786274 ], [ 126.072050694332532, 34.732262432551074 ], [ 126.070327165556847, 34.737337030339141 ], [ 126.071158574466125, 34.741639714016294 ], [ 126.076048785286631, 34.743509812689041 ], [ 126.074022467326145, 34.746689186258635 ], [ 126.079442285353466, 34.747665205736574 ], [ 126.082035783222224, 34.750520860205938 ], [ 126.075842223750897, 34.763583654640428 ], [ 126.0673666068286, 34.764831562909926 ], [ 126.064126305497041, 34.766229457941364 ] ] ], [ [ [ 126.102572969193091, 34.773425129343487 ], [ 126.102257962216598, 34.773014111889779 ], [ 126.101904031209983, 34.773364718369415 ], [ 126.102572969193091, 34.773425129343487 ] ] ], [ [ [ 126.117268750430028, 34.776505018887079 ], [ 126.121360256477587, 34.77610515062382 ], [ 126.123719985180443, 34.772834062065698 ], [ 126.119088064323861, 34.775137989280623 ], [ 126.117381680508373, 34.774509134020967 ], [ 126.117268750430028, 34.776505018887079 ] ] ], [ [ [ 126.209815224826329, 34.670822489963733 ], [ 126.210450844609838, 34.669705287075516 ], [ 126.210368189186866, 34.669494049301235 ], [ 126.209815224826329, 34.670822489963733 ] ] ], [ [ [ 126.176277889865105, 34.673923524253887 ], [ 126.175098305784928, 34.67354791017393 ], [ 126.174915576364384, 34.674521888849249 ], [ 126.176277889865105, 34.673923524253887 ] ] ], [ [ [ 126.164436583173327, 34.68101397702771 ], [ 126.163272237895384, 34.679968330928801 ], [ 126.161774115305576, 34.680796639286577 ], [ 126.163151302463888, 34.681847260798342 ], [ 126.164436583173327, 34.68101397702771 ] ] ], [ [ [ 126.200077022425234, 34.690387533053979 ], [ 126.199104573913544, 34.689511796210653 ], [ 126.199194541492574, 34.690229861101898 ], [ 126.200077022425234, 34.690387533053979 ] ] ], [ [ [ 126.174587590990456, 34.69235347781995 ], [ 126.176113464756, 34.691377653346422 ], [ 126.175219981259218, 34.690520984373862 ], [ 126.172710276077936, 34.691048214604592 ], [ 126.174587590990456, 34.69235347781995 ] ] ], [ [ [ 126.212953468580849, 34.693237402711638 ], [ 126.213153550355514, 34.693458736106187 ], [ 126.213218887571429, 34.693352929448565 ], [ 126.212953468580849, 34.693237402711638 ] ] ], [ [ [ 126.160609555821679, 34.689664288600085 ], [ 126.167826200527685, 34.689876830696569 ], [ 126.169156921643079, 34.69175882458525 ], [ 126.17260361510175, 34.688654522136666 ], [ 126.177523903573487, 34.687801903336045 ], [ 126.17848038586267, 34.694412911526996 ], [ 126.181540480734824, 34.695811897504107 ], [ 126.180464041258574, 34.698280428006512 ], [ 126.189666397235726, 34.702488900650899 ], [ 126.192194323747202, 34.708786986999066 ], [ 126.194257056651992, 34.707483935944865 ], [ 126.194008046460795, 34.703495842946857 ], [ 126.199515039301858, 34.703190921458351 ], [ 126.202193299485288, 34.700873146397747 ], [ 126.199763181415264, 34.701004760556351 ], [ 126.200999120097919, 34.698695884545359 ], [ 126.190891539016917, 34.696059592210581 ], [ 126.194141641004435, 34.688282327992624 ], [ 126.197564039172377, 34.688779675035633 ], [ 126.19653944670398, 34.685666280059323 ], [ 126.190223186067641, 34.682306334858751 ], [ 126.189269210251709, 34.680343345942198 ], [ 126.18615707818455, 34.684992607085384 ], [ 126.181273993169711, 34.683444698407527 ], [ 126.181723786139514, 34.679569094108309 ], [ 126.178338564937889, 34.680987961907952 ], [ 126.170501613088305, 34.679583353484603 ], [ 126.16348987777377, 34.684188599304001 ], [ 126.164330395308781, 34.686894391289322 ], [ 126.160372876497505, 34.688402124938548 ], [ 126.160609555821679, 34.689664288600085 ] ] ], [ [ [ 126.17027936147106, 34.696963321609594 ], [ 126.174313263405793, 34.69408936199806 ], [ 126.174067820288428, 34.693114464882996 ], [ 126.170909712128577, 34.694812882690563 ], [ 126.17027936147106, 34.696963321609594 ] ] ], [ [ [ 126.172889318674194, 34.699416701939477 ], [ 126.17339592897244, 34.698701223922825 ], [ 126.172672947369122, 34.699384898961448 ], [ 126.172889318674194, 34.699416701939477 ] ] ], [ [ [ 126.177815939617986, 34.699044489319711 ], [ 126.176899939887974, 34.699819683102973 ], [ 126.177884326513706, 34.699158012802428 ], [ 126.177815939617986, 34.699044489319711 ] ] ], [ [ [ 126.193754628921937, 34.719634999443969 ], [ 126.193846571891243, 34.719460757640789 ], [ 126.193478392569929, 34.719405882900134 ], [ 126.193754628921937, 34.719634999443969 ] ] ], [ [ [ 126.189131954525536, 34.731231085887387 ], [ 126.190732757230336, 34.72661305775177 ], [ 126.189845285855952, 34.726084128077211 ], [ 126.186089660262581, 34.729899172893433 ], [ 126.189131954525536, 34.731231085887387 ] ] ], [ [ [ 126.192208177245334, 34.731738001766637 ], [ 126.192574179525479, 34.732091333183931 ], [ 126.192580501801359, 34.731511855910263 ], [ 126.192208177245334, 34.731738001766637 ] ] ], [ [ [ 126.176708550437326, 34.74512815967438 ], [ 126.174647024426065, 34.744055797092173 ], [ 126.174136543602955, 34.744832973485536 ], [ 126.176708550437326, 34.74512815967438 ] ] ], [ [ [ 126.174055693985935, 34.748568547018479 ], [ 126.173614903318139, 34.749396481941019 ], [ 126.174150580366231, 34.748231425586198 ], [ 126.174055693985935, 34.748568547018479 ] ] ], [ [ [ 126.173115700562093, 34.751217539030108 ], [ 126.173207884122931, 34.751811545630495 ], [ 126.173608738220153, 34.751603645155804 ], [ 126.173115700562093, 34.751217539030108 ] ] ], [ [ [ 126.173525363317694, 34.752193952196009 ], [ 126.173643693318525, 34.752683143207925 ], [ 126.173804044711318, 34.752401009885247 ], [ 126.173525363317694, 34.752193952196009 ] ] ] ] } },
{ "type": "Feature", "properties": { "emd_cd": "46910410", "emd_nm": "팔금면" }, "geometry": { "type": "MultiPolygon", "coordinates": [ [ [ [ 126.16797972973589, 34.773557152936121 ], [ 126.169301672380328, 34.776995325695353 ], [ 126.168283349483261, 34.773340610723658 ], [ 126.16797972973589, 34.773557152936121 ] ] ], [ [ [ 126.12836395945456, 34.775710992231957 ], [ 126.128525261562999, 34.775317085363454 ], [ 126.128239999401785, 34.775561051926303 ], [ 126.12836395945456, 34.775710992231957 ] ] ], [ [ [ 126.168736748266582, 34.786791153112262 ], [ 126.171888109529263, 34.788519028882178 ], [ 126.174558138232754, 34.786851828166931 ], [ 126.174976522708633, 34.784415777624567 ], [ 126.172011168511077, 34.77765387439301 ], [ 126.168736748266582, 34.786791153112262 ] ] ], [ [ [ 126.089987442713962, 34.783365992063615 ], [ 126.090431302486266, 34.783465670992449 ], [ 126.090150483794858, 34.783142870650117 ], [ 126.089987442713962, 34.783365992063615 ] ] ], [ [ [ 126.083165062500186, 34.790552659582957 ], [ 126.08605065631221, 34.792935132559549 ], [ 126.088316555323445, 34.789773060249516 ], [ 126.090660738882548, 34.790681490938745 ], [ 126.093083505901546, 34.788189415903389 ], [ 126.100074350612246, 34.791988945583832 ], [ 126.103871058951512, 34.790518176104705 ], [ 126.108866968749439, 34.791174262301013 ], [ 126.113562755164949, 34.794215415982244 ], [ 126.118047410402625, 34.790981919044469 ], [ 126.119492215640435, 34.795036182022955 ], [ 126.12385538992109, 34.797785794638401 ], [ 126.125133740636358, 34.79540613696313 ], [ 126.132963078498946, 34.797143527928597 ], [ 126.136788942503046, 34.799675346027144 ], [ 126.13934121542124, 34.799536341902559 ], [ 126.13987947571475, 34.796322533553756 ], [ 126.147689925930322, 34.79736742085813 ], [ 126.148563573656119, 34.799384139366531 ], [ 126.145947967733832, 34.803746289810455 ], [ 126.14219948354615, 34.806108066725599 ], [ 126.144126381740321, 34.806145091599056 ], [ 126.147376075082619, 34.81254351985497 ], [ 126.15033395270649, 34.810220227419649 ], [ 126.15327837068655, 34.810293154202867 ], [ 126.152268749509233, 34.801293492467373 ], [ 126.156929160188412, 34.797534228658698 ], [ 126.166453958942924, 34.798910956600857 ], [ 126.17072215161437, 34.793923298613912 ], [ 126.172424888857378, 34.794335848421639 ], [ 126.172555082022825, 34.793974129723658 ], [ 126.167448095108909, 34.792339772821443 ], [ 126.166878243784893, 34.789054544456327 ], [ 126.160939779159506, 34.790677236769909 ], [ 126.157167848553271, 34.782036463067506 ], [ 126.163525420486849, 34.779674045146599 ], [ 126.161868940229382, 34.772709895038567 ], [ 126.162021439088363, 34.770911111068713 ], [ 126.16488348725025, 34.769782389924579 ], [ 126.16427040043591, 34.764792109087537 ], [ 126.158113147076946, 34.765891595409506 ], [ 126.154478337200914, 34.763234215672838 ], [ 126.155444414359934, 34.761942296994292 ], [ 126.151943079831426, 34.761575072864701 ], [ 126.150507465918452, 34.76429527911025 ], [ 126.145037139331919, 34.764659510586782 ], [ 126.14159749506868, 34.760958217596169 ], [ 126.13565392934467, 34.763487309770937 ], [ 126.135814768968046, 34.76748058762211 ], [ 126.133769687468856, 34.768746679728991 ], [ 126.131889108770949, 34.767488662007921 ], [ 126.133764276724079, 34.769600839152602 ], [ 126.133214194601578, 34.772086102968792 ], [ 126.128980544134876, 34.776088067618375 ], [ 126.127658787314246, 34.780478763662053 ], [ 126.121465147711476, 34.781597734460007 ], [ 126.120363034824479, 34.780301186939759 ], [ 126.119969980594448, 34.781576407591054 ], [ 126.113772766174193, 34.780657136487022 ], [ 126.112399194883366, 34.77789576326682 ], [ 126.104532974432416, 34.77831656815323 ], [ 126.104327047106992, 34.779999201400251 ], [ 126.098907943310635, 34.784013604597362 ], [ 126.094700984911327, 34.783989741899013 ], [ 126.091298176707099, 34.78662541796438 ], [ 126.086953928583839, 34.787082005733424 ], [ 126.085267150526221, 34.789368804684273 ], [ 126.083005970999196, 34.787348400482387 ], [ 126.083165062500186, 34.790552659582957 ] ] ], [ [ [ 126.130830572529661, 34.798763912825848 ], [ 126.130714550309861, 34.798258603275769 ], [ 126.130490887297356, 34.798631342560448 ], [ 126.130830572529661, 34.798763912825848 ] ] ], [ [ [ 126.164254624113042, 34.809527818337287 ], [ 126.166270124670675, 34.811352389436173 ], [ 126.167609183641716, 34.811249954976354 ], [ 126.164376583042483, 34.80665632451776 ], [ 126.164254624113042, 34.809527818337287 ] ] ], [ [ [ 126.145756567934782, 34.817197058818387 ], [ 126.145061454356593, 34.816840373062675 ], [ 126.145144498267754, 34.817707507490276 ], [ 126.145756567934782, 34.817197058818387 ] ] ], [ [ [ 126.153587730821187, 34.814613239172587 ], [ 126.155513551944608, 34.82041730913744 ], [ 126.159395828427179, 34.823568648656376 ], [ 126.157789334262716, 34.820912575454329 ], [ 126.160425277699773, 34.815032530249688 ], [ 126.158879371351631, 34.816134047270367 ], [ 126.15839280038287, 34.813121259484952 ], [ 126.155646388472874, 34.813025693378876 ], [ 126.153587730821187, 34.814613239172587 ] ] ], [ [ [ 126.16388476858117, 34.82147842700374 ], [ 126.164226928148565, 34.818383012627187 ], [ 126.16107321771473, 34.819149008279389 ], [ 126.161482749073144, 34.821314422909033 ], [ 126.16388476858117, 34.82147842700374 ] ] ], [ [ [ 126.159122221505712, 34.827492518108436 ], [ 126.158751561498192, 34.827249150534101 ], [ 126.158543642541161, 34.827324443869379 ], [ 126.159122221505712, 34.827492518108436 ] ] ], [ [ [ 126.222826286981714, 34.760106127808328 ], [ 126.223874381388342, 34.759946870779281 ], [ 126.225630100390447, 34.757803930322424 ], [ 126.223468053336688, 34.758770059883418 ], [ 126.222826286981714, 34.760106127808328 ] ] ], [ [ [ 126.172646253445464, 34.772330142958467 ], [ 126.174891641958055, 34.770692926661518 ], [ 126.170612050930032, 34.771932814454892 ], [ 126.172646253445464, 34.772330142958467 ] ] ], [ [ [ 126.188208803332572, 34.772270780559538 ], [ 126.187270256955159, 34.772134448041143 ], [ 126.187148332366348, 34.772549826817936 ], [ 126.188208803332572, 34.772270780559538 ] ] ], [ [ [ 126.189447476290795, 34.776782629406824 ], [ 126.191462235798454, 34.777437318560274 ], [ 126.189492924029565, 34.775918058880158 ], [ 126.189447476290795, 34.776782629406824 ] ] ], [ [ [ 126.199303352802573, 34.79061627863441 ], [ 126.201097563279077, 34.788616725737782 ], [ 126.200864281646432, 34.787850471106324 ], [ 126.198451416280477, 34.789308034938372 ], [ 126.199303352802573, 34.79061627863441 ] ] ], [ [ [ 126.203094976518329, 34.798059383288901 ], [ 126.204181970524175, 34.799638528337404 ], [ 126.204439271267276, 34.797961902876303 ], [ 126.203094976518329, 34.798059383288901 ] ] ], [ [ [ 126.213215312444945, 34.807508096970672 ], [ 126.213836868780973, 34.80708933927211 ], [ 126.212428053030095, 34.80644870915058 ], [ 126.213215312444945, 34.807508096970672 ] ] ], [ [ [ 126.186415353254773, 34.807886003681205 ], [ 126.185983941679041, 34.807989448883816 ], [ 126.185964029348767, 34.808154843885283 ], [ 126.186415353254773, 34.807886003681205 ] ] ], [ [ [ 126.172295048625017, 34.823600159448894 ], [ 126.173881812350729, 34.823450319698686 ], [ 126.173879728856576, 34.822917667133822 ], [ 126.172295048625017, 34.823600159448894 ] ] ], [ [ [ 126.172711984527695, 34.837349067532777 ], [ 126.17288917123652, 34.839136724967553 ], [ 126.173625170407249, 34.83837978126386 ], [ 126.172711984527695, 34.837349067532777 ] ] ] ] } },
{ "type": "Feature", "properties": { "emd_cd": "46910420", "emd_nm": "암태면" }, "geometry": { "type": "MultiPolygon", "coordinates": [ [ [ [ 126.067145964403494, 34.793630051551453 ], [ 126.067366995186745, 34.793219129339292 ], [ 126.067021778786668, 34.793427291280963 ], [ 126.067145964403494, 34.793630051551453 ] ] ], [ [ [ 126.069373967642932, 34.793774369995518 ], [ 126.069644164289727, 34.793662884558238 ], [ 126.069330330332022, 34.793594492576929 ], [ 126.069373967642932, 34.793774369995518 ] ] ], [ [ [ 126.089990347981725, 34.796304195371796 ], [ 126.09011873382083, 34.796237986747187 ], [ 126.089903358418226, 34.79625370727436 ], [ 126.089990347981725, 34.796304195371796 ] ] ], [ [ [ 126.062284866554251, 34.798184748692492 ], [ 126.062885685683426, 34.79804886942172 ], [ 126.062247148975473, 34.798119982971791 ], [ 126.062284866554251, 34.798184748692492 ] ] ], [ [ [ 126.088563419643236, 34.802296916967187 ], [ 126.088001143343632, 34.800167931905563 ], [ 126.087614673740504, 34.800139657285669 ], [ 126.088563419643236, 34.802296916967187 ] ] ], [ [ [ 126.084897196319403, 34.807369988545659 ], [ 126.086950948647427, 34.805637445708797 ], [ 126.084130729101418, 34.806284566149145 ], [ 126.084897196319403, 34.807369988545659 ] ] ], [ [ [ 126.084264094913735, 34.810637735908443 ], [ 126.083880824833997, 34.810276103108762 ], [ 126.083998553929661, 34.810718299362478 ], [ 126.084264094913735, 34.810637735908443 ] ] ], [ [ [ 126.07269564784832, 34.813245265049588 ], [ 126.075969906779662, 34.802036782647619 ], [ 126.079502308993696, 34.798248115922618 ], [ 126.076006887923953, 34.794189999172914 ], [ 126.067923097085156, 34.801216431335519 ], [ 126.067444706099977, 34.805233138462754 ], [ 126.06482371376454, 34.809109440454982 ], [ 126.062254076328244, 34.808592551890271 ], [ 126.062865522699639, 34.807743839666749 ], [ 126.058438735137457, 34.808576459179918 ], [ 126.055878610136162, 34.811250318012391 ], [ 126.056923091662767, 34.812465399578834 ], [ 126.055961436675375, 34.814160110089162 ], [ 126.047261030739335, 34.815476689750916 ], [ 126.047914812797941, 34.817289044540559 ], [ 126.044368667100272, 34.819616577446396 ], [ 126.046191690305903, 34.82086262172475 ], [ 126.045897123679126, 34.823460157027739 ], [ 126.043043008950733, 34.825535714067833 ], [ 126.044321845269636, 34.826455703730019 ], [ 126.047617725699638, 34.824791536684081 ], [ 126.048060495930599, 34.827999612588506 ], [ 126.04867261836597, 34.824583385315712 ], [ 126.052567940339301, 34.824904244943681 ], [ 126.053381694573147, 34.821729505137789 ], [ 126.056331521594188, 34.822771082491812 ], [ 126.058441447242643, 34.82176792323326 ], [ 126.060763427265016, 34.81812456364932 ], [ 126.064370678871327, 34.819037805652307 ], [ 126.065369326940214, 34.814064325385374 ], [ 126.066276739371233, 34.813036690056684 ], [ 126.07269564784832, 34.813245265049588 ] ], [ [ 126.072608950570626, 34.811647773242768 ], [ 126.072608898055208, 34.811647583555398 ], [ 126.072608995293265, 34.811647683447696 ], [ 126.072608950570626, 34.811647773242768 ] ] ], [ [ [ 126.080102506763851, 34.813942116283691 ], [ 126.081859528271934, 34.812631067062824 ], [ 126.081200722466079, 34.811807295681 ], [ 126.080102506763851, 34.813942116283691 ] ] ], [ [ [ 126.042846792228801, 34.81871645059055 ], [ 126.043493585779544, 34.818216232482726 ], [ 126.042850999670677, 34.818618361605544 ], [ 126.042846792228801, 34.81871645059055 ] ] ], [ [ [ 126.07249696918862, 34.823395102674844 ], [ 126.072365325825828, 34.823077638067133 ], [ 126.072242739700513, 34.823399101386286 ], [ 126.07249696918862, 34.823395102674844 ] ] ], [ [ [ 126.068469459478621, 34.82419523451216 ], [ 126.070085006839335, 34.823964289064349 ], [ 126.069952253651834, 34.823532556735358 ], [ 126.068469459478621, 34.82419523451216 ] ] ], [ [ [ 126.068774249392433, 34.827346939429773 ], [ 126.068420198732483, 34.825386241272994 ], [ 126.067220434331915, 34.825783332820166 ], [ 126.067817858908583, 34.826678329044043 ], [ 126.068774249392433, 34.827346939429773 ] ] ], [ [ [ 126.057615420308736, 34.830962881962016 ], [ 126.059149041992654, 34.834679856181317 ], [ 126.058764581811275, 34.832884352001678 ], [ 126.062551649027043, 34.829364106244455 ], [ 126.057615420308736, 34.830962881962016 ] ] ], [ [ [ 126.056749681217681, 34.846298403636787 ], [ 126.057370073533534, 34.843200862297472 ], [ 126.054523950579778, 34.843228512736374 ], [ 126.05495289432379, 34.845908127558879 ], [ 126.056749681217681, 34.846298403636787 ] ] ], [ [ [ 126.052606582389458, 34.849858244771745 ], [ 126.051364343885695, 34.849229035991172 ], [ 126.051178691400551, 34.85004299831877 ], [ 126.052606582389458, 34.849858244771745 ] ] ], [ [ [ 126.059141641177035, 34.849694958783033 ], [ 126.067915877569405, 34.850221346907155 ], [ 126.070283215755268, 34.852590164408511 ], [ 126.074388681752978, 34.850942799529143 ], [ 126.079139661641548, 34.853673036140222 ], [ 126.081464751786697, 34.859124216456038 ], [ 126.085577857119546, 34.858929506595672 ], [ 126.08689716841053, 34.860823536020376 ], [ 126.088771341194487, 34.860419988954348 ], [ 126.091391709425466, 34.855438378806802 ], [ 126.102844547349463, 34.850908829138014 ], [ 126.115237404328354, 34.850634253561246 ], [ 126.12033400856744, 34.857781219001311 ], [ 126.116228563371735, 34.858241278497353 ], [ 126.11363306425821, 34.863027271037566 ], [ 126.110442228387242, 34.865008776140407 ], [ 126.109360079740682, 34.86813408616711 ], [ 126.111307795383922, 34.869693163154466 ], [ 126.110358595218457, 34.870116979783226 ], [ 126.112555348717692, 34.87483452898875 ], [ 126.106799930545165, 34.877682261779029 ], [ 126.108553703428342, 34.877734497659198 ], [ 126.109921252743476, 34.880226007186003 ], [ 126.114013164345522, 34.879569026447847 ], [ 126.114307510750265, 34.882892777886482 ], [ 126.121831840947365, 34.881363950371608 ], [ 126.122224287984906, 34.879345473813643 ], [ 126.123937865290927, 34.878931771599646 ], [ 126.131089505280571, 34.880703348334997 ], [ 126.129848004579188, 34.87915409444259 ], [ 126.132061838775442, 34.879004607805669 ], [ 126.129933905834619, 34.875953242198314 ], [ 126.131305649671305, 34.875457619709223 ], [ 126.139851985646459, 34.875534757260091 ], [ 126.140557831561651, 34.880510968252743 ], [ 126.144623046251269, 34.88044830433811 ], [ 126.145708210167513, 34.877423579164592 ], [ 126.142890507578528, 34.875509460335671 ], [ 126.147845410958951, 34.872718639225234 ], [ 126.146487135860824, 34.869662726884542 ], [ 126.148653306499853, 34.867991487917642 ], [ 126.150901340775789, 34.870483059572187 ], [ 126.154329671566899, 34.869482519805977 ], [ 126.157700420447625, 34.863198481257335 ], [ 126.156952339245791, 34.860628997234073 ], [ 126.149651527151832, 34.859046691224641 ], [ 126.136495273844588, 34.862409895082521 ], [ 126.133563378716289, 34.860625356175653 ], [ 126.134744752947697, 34.859576554577401 ], [ 126.133424373468713, 34.856557766121782 ], [ 126.13444754576868, 34.85158105494623 ], [ 126.139465319474084, 34.852152544104555 ], [ 126.147820711078367, 34.84820826461231 ], [ 126.150812954645843, 34.845627091400615 ], [ 126.151149162082035, 34.842504088866484 ], [ 126.147782961660099, 34.838536726432018 ], [ 126.139523533616384, 34.835797209686291 ], [ 126.138896799518747, 34.830224635384475 ], [ 126.141564817961182, 34.827215222514972 ], [ 126.136782597347164, 34.827064423082014 ], [ 126.133007912091102, 34.832332556833784 ], [ 126.124940110136151, 34.835889753011244 ], [ 126.120312111561873, 34.834135343982425 ], [ 126.120843031055031, 34.829570579720929 ], [ 126.118657150404161, 34.830508221495464 ], [ 126.118435254361941, 34.828126347146096 ], [ 126.114084156130488, 34.825884865850711 ], [ 126.117107845298747, 34.816615995358575 ], [ 126.12284454150263, 34.812741529302912 ], [ 126.11783127778628, 34.80535363006851 ], [ 126.120307391575395, 34.802581338428553 ], [ 126.117529443181056, 34.800163730961103 ], [ 126.115406657096941, 34.801700283296746 ], [ 126.111958255958413, 34.800105034252667 ], [ 126.110200405048573, 34.801143775365581 ], [ 126.109138716017767, 34.799260742269695 ], [ 126.107975145495104, 34.800828764159562 ], [ 126.106443241144035, 34.800378406758519 ], [ 126.108148812562234, 34.799693322135347 ], [ 126.107101511415635, 34.799296942459563 ], [ 126.105305165565042, 34.800266924868552 ], [ 126.101132284860824, 34.796886236077675 ], [ 126.09772870278843, 34.797683367272015 ], [ 126.094458285491385, 34.796156990976364 ], [ 126.095323930179518, 34.797493804484702 ], [ 126.092013037549776, 34.799488193451779 ], [ 126.09172052894408, 34.801826670306014 ], [ 126.095678308705843, 34.802412612759412 ], [ 126.09652445115546, 34.806051418834798 ], [ 126.093390072023567, 34.807867374767355 ], [ 126.090073156355999, 34.815804968042954 ], [ 126.086554740740738, 34.815413494620465 ], [ 126.080174888406319, 34.819021402364456 ], [ 126.071010017570572, 34.813245205677468 ], [ 126.080082941222429, 34.819080854194759 ], [ 126.073862627644885, 34.823080940818116 ], [ 126.076585221072648, 34.827758620509172 ], [ 126.071017175502845, 34.833166871589576 ], [ 126.070299850273187, 34.836874440401097 ], [ 126.068770129925085, 34.836550923314746 ], [ 126.064130986891982, 34.841141541651993 ], [ 126.063351290291578, 34.843945761852687 ], [ 126.060527889023248, 34.844311971698467 ], [ 126.061203792788973, 34.846640377686157 ], [ 126.058518797743787, 34.848415395635641 ], [ 126.059141641177035, 34.849694958783033 ] ] ], [ [ [ 126.156356301018334, 34.858516988591234 ], [ 126.15750915829851, 34.856053531923351 ], [ 126.157136757479066, 34.855553384632536 ], [ 126.154970901224118, 34.857834304984465 ], [ 126.156356301018334, 34.858516988591234 ] ] ], [ [ [ 126.099811664792227, 34.863188158620382 ], [ 126.098825174359845, 34.863445389628325 ], [ 126.098750104677862, 34.86399454436831 ], [ 126.099811664792227, 34.863188158620382 ] ] ], [ [ [ 126.100601973322483, 34.866004066050571 ], [ 126.103165582328685, 34.866235858855575 ], [ 126.103900888989173, 34.864353426912118 ], [ 126.100601973322483, 34.866004066050571 ] ] ], [ [ [ 126.098725059492168, 34.870019328712488 ], [ 126.099982244177866, 34.869365029997937 ], [ 126.09773295829838, 34.869030290302149 ], [ 126.098725059492168, 34.870019328712488 ] ] ], [ [ [ 126.107059004151324, 34.881225899405791 ], [ 126.107330686585755, 34.881373989659359 ], [ 126.107132369619848, 34.88101445783888 ], [ 126.107059004151324, 34.881225899405791 ] ] ], [ [ [ 126.137681929448746, 34.88240218442315 ], [ 126.137963363784564, 34.882396431822087 ], [ 126.13766415537583, 34.882280861307549 ], [ 126.137681929448746, 34.88240218442315 ] ] ], [ [ [ 126.104999413397977, 34.884693926022301 ], [ 126.106166499527149, 34.887816938206207 ], [ 126.108238256648576, 34.889359678980036 ], [ 126.108515880912407, 34.887189557474336 ], [ 126.111602379023964, 34.88566083531552 ], [ 126.104999413397977, 34.884693926022301 ] ] ], [ [ [ 126.112474443729639, 34.886970541362409 ], [ 126.1129367512535, 34.887248807816313 ], [ 126.113106165379975, 34.887432345302045 ], [ 126.11283444319271, 34.886994526360681 ], [ 126.112474443729639, 34.886970541362409 ] ] ], [ [ [ 126.164580449892668, 34.887341320264909 ], [ 126.164413208457304, 34.88735180550929 ], [ 126.164532950710083, 34.887450544741448 ], [ 126.164580449892668, 34.887341320264909 ] ] ], [ [ [ 126.116422694697405, 34.886577981041377 ], [ 126.121996603934377, 34.889754378897216 ], [ 126.123016332381937, 34.888677995140981 ], [ 126.12045336653, 34.885961865959779 ], [ 126.116422694697405, 34.886577981041377 ] ] ], [ [ [ 126.124417503432753, 34.887768573157189 ], [ 126.124032780284267, 34.888127935698549 ], [ 126.124469428506004, 34.887936573263119 ], [ 126.124417503432753, 34.887768573157189 ] ] ], [ [ [ 126.161532765696521, 34.889946490115356 ], [ 126.161766575561288, 34.889622245328823 ], [ 126.161443213936934, 34.889733988531361 ], [ 126.161532765696521, 34.889946490115356 ] ] ], [ [ [ 126.162653120204766, 34.890407952270529 ], [ 126.164137211666301, 34.890239470152558 ], [ 126.1639119528663, 34.889809087053827 ], [ 126.162653120204766, 34.890407952270529 ] ] ], [ [ [ 126.151498890014807, 34.895229025909636 ], [ 126.151174041155997, 34.894975184859426 ], [ 126.151300355276604, 34.895382734467745 ], [ 126.151498890014807, 34.895229025909636 ] ] ], [ [ [ 126.143581769856652, 34.897428106174068 ], [ 126.144774239311559, 34.897985623222354 ], [ 126.145136074068475, 34.89708042385675 ], [ 126.143581769856652, 34.897428106174068 ] ] ], [ [ [ 126.18288592847108, 34.874902210446919 ], [ 126.183508174830152, 34.874954764967697 ], [ 126.183149794146644, 34.874318928723696 ], [ 126.18288592847108, 34.874902210446919 ] ] ], [ [ [ 126.181544205498213, 34.875262072143713 ], [ 126.181083639387538, 34.87543239721294 ], [ 126.181568011161062, 34.875459757653772 ], [ 126.181544205498213, 34.875262072143713 ] ] ], [ [ [ 126.180302098795934, 34.878081422741801 ], [ 126.180959663417923, 34.878426757599705 ], [ 126.181034782770695, 34.878072361453022 ], [ 126.180302098795934, 34.878081422741801 ] ] ], [ [ [ 126.165386584948294, 34.884289619477421 ], [ 126.168764749264199, 34.883209256304632 ], [ 126.168864153919174, 34.877124224717249 ], [ 126.167119260040593, 34.874794264627553 ], [ 126.165386584948294, 34.884289619477421 ] ] ], [ [ [ 126.175047950324526, 34.889217765300707 ], [ 126.175196864961521, 34.888966405160261 ], [ 126.175017651219676, 34.889025244770281 ], [ 126.175047950324526, 34.889217765300707 ] ] ], [ [ [ 126.166502805354099, 34.890275155360577 ], [ 126.169832585696668, 34.890718346500549 ], [ 126.16706344062753, 34.888788531718532 ], [ 126.166502805354099, 34.890275155360577 ] ] ], [ [ [ 126.173450033309081, 34.888001222234401 ], [ 126.177246857957471, 34.888234109699063 ], [ 126.180625066096567, 34.8912051135353 ], [ 126.179723038869241, 34.895512783228298 ], [ 126.177474594518614, 34.89717872811039 ], [ 126.178329756396636, 34.899636466296926 ], [ 126.175763734922327, 34.900495663338475 ], [ 126.178285537666312, 34.9031024020601 ], [ 126.180842461199774, 34.90154106652583 ], [ 126.179886533719866, 34.899038074782183 ], [ 126.189200179231975, 34.895526171199258 ], [ 126.189175528141703, 34.893157983752687 ], [ 126.186638136821969, 34.892027793722015 ], [ 126.188408079621396, 34.889119967835178 ], [ 126.183816337989242, 34.887260975140059 ], [ 126.180648111988788, 34.883917302403013 ], [ 126.175788653377381, 34.880684443211408 ], [ 126.176848642630503, 34.882669137208481 ], [ 126.175453891978421, 34.885838622378614 ], [ 126.173124654442333, 34.885968056862566 ], [ 126.173450033309081, 34.888001222234401 ] ] ], [ [ [ 126.167866839504555, 34.898817578471963 ], [ 126.170888798526335, 34.899118578019021 ], [ 126.172996355391845, 34.896229876325364 ], [ 126.167866839504555, 34.898817578471963 ] ] ], [ [ [ 126.197430194855585, 34.899508380415618 ], [ 126.201184571422971, 34.901017157961192 ], [ 126.201747231895084, 34.898917549945601 ], [ 126.198139129398044, 34.898308270663023 ], [ 126.197430194855585, 34.899508380415618 ] ] ], [ [ [ 126.168598152262078, 34.899879606941958 ], [ 126.16882594832812, 34.899727530717151 ], [ 126.168461945955244, 34.899776315220151 ], [ 126.168598152262078, 34.899879606941958 ] ] ], [ [ [ 126.202228610135464, 34.901369744453717 ], [ 126.202045423991052, 34.901038262729323 ], [ 126.201803389209843, 34.90128362596095 ], [ 126.202228610135464, 34.901369744453717 ] ] ], [ [ [ 126.20766763056649, 34.90166773494893 ], [ 126.208159956721232, 34.901641537517762 ], [ 126.207966749392071, 34.901482637144817 ], [ 126.20766763056649, 34.90166773494893 ] ] ], [ [ [ 126.204573625966034, 34.903327900405777 ], [ 126.2049395498058, 34.903549915679825 ], [ 126.204456942828571, 34.903165638345293 ], [ 126.204573625966034, 34.903327900405777 ] ] ], [ [ [ 126.183752942996691, 34.912950894838964 ], [ 126.182654963271844, 34.913316512016792 ], [ 126.183327493781078, 34.913703325408889 ], [ 126.183752942996691, 34.912950894838964 ] ] ] ] } }
]
}
